timestamp,phone_accel_x,phone_accel_y,phone_accel_z,phone_gyro_x,phone_gyro_y,phone_gyro_z,watch_accel_x,watch_accel_y,watch_accel_z,watch_gyro_x,watch_gyro_y,watch_gyro_z
1763596378.255399,2.8591470300868154,0.9059627517849207,-1.640065838868916,0.6394131183624268,-0.9927225112915039,0.3481808602809906,,,,,,
1763596378.26279,,,,,,,-0.1391737461090088,0.3639024794101715,0.07939338684082031,-0.7181374430656433,-0.029854796826839447,-0.5150045156478882
1763596378.265451,2.6480247377946973,0.8894348108321428,-1.4902549243688583,0.6399637460708618,-0.8886876702308655,0.4211937189102173,,,,,,
1763596378.27282,,,,,,,-0.1066015362739563,0.38611266016960144,0.06263291835784912,-0.7254103422164917,-0.03403542935848236,-0.549292266368866
1763596378.275503,2.388020925694704,0.880901960286498,-1.274019234585762,0.5871748328208923,-0.7434439063072205,0.4864766001701355,,,,,,
1763596378.28285,,,,,,,-0.07788652181625366,0.39912521839141846,0.0484694242477417,-0.6626905202865601,-0.06989596039056778,-0.5976312756538391
1763596378.285556,2.016819715127349,0.7980331229418516,-1.0683476089149713,0.5261943340301514,-0.5902987122535706,0.5491148233413696,,,,,,
1763596378.292881,,,,,,,-0.06530314683914185,0.3932301998138428,0.04635942354798317,-0.6158697605133057,-0.07987801730632782,-0.6421746611595154
1763596378.295609,1.6753186462968588,0.7363724933207034,-0.8977563567146658,0.48285698890686035,-0.46849876642227173,0.6123433709144592,,,,,,
1763596378.302911,,,,,,,-0.06296110153198242,0.35776254534721375,0.044802431017160416,-0.5432310104370117,-0.06622318923473358,-0.6833828091621399
1763596378.305662,1.395289406517148,0.7213602176278829,-0.7786480389922856,0.4751087725162506,-0.39139169454574585,0.6658902168273926,,,,,,
1763596378.312942,,,,,,,-0.05992168188095093,0.3155894875526428,0.047605399042367935,-0.48746562004089355,-0.043452631682157516,-0.7290569543838501
1763596378.315715,1.196378945544362,0.6850508868843317,-0.6989376656785606,0.4947061836719513,-0.3511052429676056,0.7085684537887573,,,,,,
1763596378.322972,,,,,,,-0.05559408664703369,0.2744281589984894,0.048684120178222656,-0.3892330527305603,0.007647303864359856,-0.7885104417800903
1763596378.325767,1.0333218882411719,0.6487374644875527,-0.6464008382335305,0.529971718788147,-0.3147689402103424,0.7324706315994263,,,,,,
1763596378.333003,,,,,,,-0.04162740707397461,0.24317008256912231,0.042028188705444336,-0.313370019197464,0.07881948351860046,-0.8489620685577393
1763596378.33582,0.9233204215601086,0.6147481011241674,-0.5397518968507647,0.5546699166297913,-0.28225094079971313,0.7468351721763611,,,,,,
1763596378.343033,,,,,,,-0.016974270343780518,0.21954450011253357,0.02912914752960205,-0.22830331325531006,0.09466049820184708,-0.8841789364814758
1763596378.345873,0.8060930952787398,0.5855184995085001,-0.3903276435807347,0.5614387392997742,-0.2462509721517563,0.761570155620575,,,,,,
1763596378.353064,,,,,,,0.00215989351272583,0.20520679652690887,0.01934218406677246,-0.1709185540676117,0.08669205754995346,-0.907206118106842
1763596378.355926,0.6240732710912823,0.5309586418032646,-0.26218933944553136,0.5485721826553345,-0.1982743889093399,0.7790530323982239,,,,,,
1763596378.363094,,,,,,,0.004975676536560059,0.18868862092494965,0.015342596918344498,-0.12021143734455109,0.10332908481359482,-0.9067105054855347
1763596378.365979,0.44809477289468047,0.4806313071012497,-0.12336129899173974,0.5195896029472351,-0.13755202293395996,0.8040942549705505,,,,,,
1763596378.373125,,,,,,,-0.00191420316696167,0.15541522204875946,0.015550017356872559,-0.07196015119552612,0.14949925243854523,-0.892175555229187
1763596378.376031,0.3427481462821364,0.3925783451169729,-0.03855710967034101,0.4852806329727173,-0.05774082615971565,0.8303777575492859,,,,,,
1763596378.383155,,,,,,,0.0008644461631774902,0.11506764590740204,0.01625060848891735,-0.029489394277334213,0.18269874155521393,-0.8607944846153259
1763596378.386084,0.260267139211297,0.3110106534987688,-0.0008197919502854347,0.45361945033073425,0.03351367264986038,0.8421281576156616,,,,,,
1763596378.393186,,,,,,,0.010112226009368896,0.0756397619843483,0.016553755849599838,0.015566767193377018,0.20689836144447327,-0.8421303033828735
1763596378.396137,0.20775836881697177,0.24470132128894329,0.004208557605743408,0.43078336119651794,0.1210847944021225,0.8398863077163696,,,,,,
1763596378.403216,,,,,,,0.02177947759628296,0.05924321338534355,0.010774970054626465,0.0662432610988617,0.215323805809021,-0.8140227794647217
1763596378.40619,0.12154139008820056,0.20387246729433536,0.03637158232480287,0.41789475083351135,0.17645393311977386,0.825150191783905,,,,,,
1763596378.413246,,,,,,,0.02736765146255493,0.04848639667034149,-0.0013818778097629547,0.14686031639575958,0.20752818882465363,-0.7921499013900757
1763596378.416243,-0.010157529138028622,0.14015899679660795,0.10980097567290067,0.41378629207611084,0.19353890419006348,0.8034177422523499,,,,,,
1763596378.423277,,,,,,,0.02413344383239746,0.034424327313899994,-0.012327197939157486,0.2239455133676529,0.216613307595253,-0.7788830995559692
1763596378.426295,-0.16047171698510646,0.045942251485586165,0.2072480812072754,0.4083689749240875,0.1921873539686203,0.7742876410484314,,,,,,
1763596378.433307,,,,,,,0.021697163581848145,0.009879812598228455,-0.017710208892822266,0.31954750418663025,0.2262214571237564,-0.7456504702568054
1763596378.436348,-0.28316578423976896,-0.050131519868969916,0.269211785428226,0.39538684487342834,0.20459288358688354,0.7440815567970276,,,,,,
1763596378.443338,,,,,,,0.02194058895111084,-0.009387210011482239,-0.0204160213470459,0.3781980276107788,0.24377967417240143,-0.712588369846344
1763596378.446401,-0.3292822232484817,-0.14746727398335932,0.35133827997297046,0.3676820695400238,0.24418281018733978,0.7161970138549805,,,,,,
1763596378.453368,,,,,,,0.02702432870864868,-0.011075131595134735,-0.02034640684723854,0.40119364857673645,0.2592878043651581,-0.6769945621490479
1763596378.456455,-0.3737891812339425,-0.18885376186072825,0.3964169003665447,0.3236522972583771,0.295896053314209,0.692776083946228,,,,,,
1763596378.463399,,,,,,,0.03846007585525513,-0.025589093565940857,-0.02635527029633522,0.4327632784843445,0.252313494682312,-0.6411364674568176
1763596378.466507,-0.4458712516263127,-0.21801731250286102,0.45109979992955923,0.2709563672542572,0.3477291762828827,0.6747596859931946,,,,,,
1763596378.473429,,,,,,,0.04439765214920044,-0.05466482788324356,-0.029613494873046875,0.4721358120441437,0.225320503115654,-0.6223028898239136
1763596378.476559,-0.5473521427214145,-0.21782851193249225,0.4906701782956719,0.22193902730941772,0.3939155638217926,0.6570781469345093,,,,,,
1763596378.48346,,,,,,,0.04331129789352417,-0.06878821551799774,-0.0260845348238945,0.47141116857528687,0.22372287511825562,-0.5925543308258057
1763596378.486612,-0.6115890525713562,-0.2001923174768686,0.48064065945148465,0.18621337413787842,0.43134334683418274,0.6397233009338379,,,,,,
1763596378.49349,,,,,,,0.04165327548980713,-0.07208268344402313,-0.024090174585580826,0.4669041037559509,0.233500674366951,-0.5593588352203369
1763596378.496665,-0.6351064140200614,-0.20082243207395076,0.45409547461420297,0.16134078800678253,0.4459816813468933,0.6131420135498047,,,,,,
1763596378.503521,,,,,,,0.043635010719299316,-0.08178235590457916,-0.022021543234586716,0.47715115547180176,0.2093716412782669,-0.5331240296363831
1763596378.506718,-0.6461936252236365,-0.18870704686641693,0.4401867762491107,0.1469293236732483,0.4447210431098938,0.5725110173225403,,,,,,
1763596378.513551,,,,,,,0.039666950702667236,-0.09637898206710815,-0.01857496052980423,0.4710679054260254,0.1935921460390091,-0.523216962814331
1763596378.516771,-0.6453165501281619,-0.20527122817635535,0.40787352940440175,0.14256253838539124,0.4355757534503937,0.5313007235527039,,,,,,
1763596378.523582,,,,,,,0.032035231590270996,-0.10768350958824158,-0.01519632339477539,0.45748472213745117,0.18745701014995575,-0.49487051367759705
1763596378.526823,-0.5853466500729322,-0.23085341320037842,0.4071165735572576,0.13781195878982544,0.41861841082572937,0.4949743151664734,,,,,,
1763596378.533612,,,,,,,0.025639772415161133,-0.10428400337696075,-0.021052483469247818,0.4401060938835144,0.19489842653274536,-0.4626583158969879
1763596378.536876,-0.4999816119983792,-0.24901684640049934,0.43779286684989926,0.1282150000333786,0.39069250226020813,0.46484997868537903,,,,,,
1763596378.543642,,,,,,,0.026365935802459717,-0.09506568312644958,-0.032569169998168945,0.4124060273170471,0.19473303854465485,-0.42939597368240356
1763596378.546929,-0.4403536572486162,-0.28728257190883155,0.46094022594243284,0.11539959162473679,0.3365670442581177,0.43761691451072693,,,,,,
1763596378.553673,,,,,,,0.03354924917221069,-0.11525167524814606,-0.033247120678424835,0.4008796513080597,0.16477540135383606,-0.40764811635017395
1763596378.556982,-0.43353930105865,-0.28693595042824743,0.4346528152585029,0.10519089549779892,0.276359885931015,0.4119719862937927,,,,,,
1763596378.563703,,,,,,,0.039214909076690674,-0.141842320561409,-0.028151750564575195,0.3499634861946106,0.14537134766578674,-0.3719175457954407
1763596378.567035,-0.4387231334373355,-0.25774375821352,0.3570481820523739,0.10781080275774002,0.23620396852493286,0.38893768191337585,,,,,,
1763596378.573734,,,,,,,0.03804367780685425,-0.14109066128730774,-0.025524143129587173,0.29681989550590515,0.13837336003780365,-0.3240172266960144
1763596378.577087,-0.4547247124284506,-0.20813421639204024,0.3069229457937181,0.11693186312913895,0.2126254141330719,0.3586362302303314,,,,,,
1763596378.583764,,,,,,,0.0337713360786438,-0.11759859323501587,-0.02443801611661911,0.2638166546821594,0.12282902002334595,-0.2818644344806671
1763596378.58714,-0.47663785355091093,-0.21745091079175471,0.32846155451536174,0.11664647608995438,0.19358523190021515,0.3207167387008667,,,,,,
1763596378.593795,,,,,,,0.0281791090965271,-0.10080231726169586,-0.025332331657409668,0.2513219118118286,0.0993519201874733,-0.24865373969078064
1763596378.597193,-0.5564987412512302,-0.2790110026478767,0.3494987895861268,0.10549955070018768,0.16595040261745453,0.2790246903896332,,,,,,
1763596378.603825,,,,,,,0.01988440752029419,-0.10763315856456757,-0.023549318313598633,0.24979272484779358,0.08146107196807861,-0.23167875409126282
1763596378.607246,-0.6206631703868508,-0.35304537615180015,0.35003728037700055,0.09096343070268631,0.15346570312976837,0.2411283701658249,,,,,,
1763596378.613856,,,,,,,0.011849582195281982,-0.12610924243927002,-0.02213144302368164,0.26560690999031067,0.08441345393657684,-0.20863036811351776
1763596378.617299,-0.649272009755671,-0.40520869410932064,0.35323315380886194,0.07109305262565613,0.1644243448972702,0.20698505640029907,,,,,,
1763596378.623886,,,,,,,0.014715135097503662,-0.11022135615348816,-0.019627340137958527,0.24467287957668304,0.11176890879869461,-0.16850265860557556
1763596378.627351,-0.6031529403984547,-0.37236908530294893,0.38699776850566264,0.04823891073465347,0.18432308733463287,0.17520637810230255,,,,,,
1763596378.633917,,,,,,,0.027029812335968018,-0.07252489030361176,-0.019138097763061523,0.24759016931056976,0.10777896642684937,-0.13408643007278442
1763596378.637404,-0.6285390183284878,-0.32681086469888687,0.422832321344316,0.020693305879831314,0.19555683434009552,0.1440386027097702,,,,,,
1763596378.643947,,,,,,,0.03454303741455078,-0.06282947957515717,-0.019473187625408173,0.2881362736225128,0.0685410127043724,-0.11559956520795822
1763596378.647457,-0.6859609874665736,-0.2505389414012432,0.43121348845958707,-0.0011191153898835182,0.21039322018623352,0.12794844806194305,,,,,,
1763596378.653978,,,,,,,0.029519855976104736,-0.077317014336586,-0.015033014118671417,0.31017374992370605,0.05439110845327377,-0.11008235812187195
1763596378.65751,-0.7267442487537861,-0.22900457046329975,0.38925869917497036,-0.017320455983281136,0.23309268057346344,0.12995992600917816,,,,,,
1763596378.664008,,,,,,,0.019940972328186035,-0.06997136771678925,-0.010549075901508331,0.28714993596076965,0.06051451340317726,-0.08547235280275345
1763596378.667563,-0.7124146946281195,-0.21467092468440532,0.30514176146537064,-0.03809124603867531,0.2625780999660492,0.1358034461736679,,,,,,
1763596378.674039,,,,,,,0.010064184665679932,-0.06172958016395569,-0.006407260894775391,0.3175038695335388,0.05840529128909111,-0.06847499310970306
1763596378.677616,-0.6947735317364334,-0.2229711355179548,0.25545477049350734,-0.06216276437044144,0.3047058582305908,0.12741687893867493,,,,,,
1763596378.684069,,,,,,,8.702278137207031e-06,-0.05281345546245575,0.0021009519696235657,0.33495181798934937,0.07208941131830215,-0.048624590039253235
1763596378.687668,-0.6354761241152882,-0.25335224525630473,0.2630044552206993,-0.08377441763877869,0.3662162721157074,0.10497450083494186,,,,,,
1763596378.694099,,,,,,,-0.0022791624069213867,-0.0351191908121109,0.00992787629365921,0.32974377274513245,0.09057387709617615,-0.010976681485772133
1763596378.697721,-0.5047729379281402,-0.23480770378410815,0.25148235973119737,-0.11202576011419296,0.40823936462402344,0.08250301331281662,,,,,,
1763596378.70413,,,,,,,-0.0001207590103149414,-0.03794503211975098,0.0030012130737304688,0.3720930814743042,0.0874398723244667,-0.0019482988864183426
1763596378.707774,-0.40418753436803817,-0.2150280675590038,0.23507585320100186,-0.13667553663253784,0.42531049251556396,0.0707307830452919,,,,,,
1763596378.71416,,,,,,,0.0030155181884765625,-0.04494118690490723,-0.0014153793454170227,0.39704230427742004,0.10314266383647919,-0.003209971357136965
1763596378.717827,-0.30009383042603727,-0.18595161067843435,0.18014599313959478,-0.1429632604122162,0.4210408926010132,0.07284080237150192,,,,,,
1763596378.724191,,,,,,,0.013132452964782715,-0.03025306761264801,0.0013281181454658508,0.3867979049682617,0.11983189731836319,0.004181898199021816
1763596378.72788,-0.19592735350877044,-0.07986848648488522,0.08338467791229486,-0.1304403692483902,0.3786883056163788,0.0817376971244812,,,,,,
1763596378.734221,,,,,,,0.024471521377563477,-0.01915280520915985,0.0019648000597953796,0.3903805911540985,0.09564507007598877,-0.007469498552381992
1763596378.737932,-0.19589491254389285,0.025506197178363797,0.029854163254797457,-0.10503115504980087,0.3008049428462982,0.07820607721805573,,,,,,
1763596378.744252,,,,,,,0.02432119846343994,-0.023314937949180603,0.01086389273405075,0.3410053253173828,0.0569370873272419,-0.01825290359556675
1763596378.747985,-0.2527957804173231,0.07313888596892357,-0.012278466814756393,-0.06286861002445221,0.21823985874652863,0.06342669576406479,,,,,,
1763596378.754282,,,,,,,0.01001882553100586,-0.04281558096408844,0.018969647586345673,0.2707124650478363,0.03942999988794327,-0.022244714200496674
1763596378.758038,-0.26449820090979337,0.05537526574134826,-0.09887041633576155,-0.028774557635188103,0.16448208689689636,0.03985904902219772,,,,,,
1763596378.764313,,,,,,,-0.007666051387786865,-0.05724024772644043,0.028751730918884277,0.19225919246673584,0.049945756793022156,-0.008548610843718052
1763596378.768091,-0.1930935913875699,0.039519524961709976,-0.16299904350563882,-0.012995277531445026,0.145730122923851,0.008641522377729416,,,,,,
1763596378.774343,,,,,,,-0.016989469528198242,-0.04399383068084717,0.03202950209379196,0.1508365422487259,0.07045768946409225,0.02211742103099823
1763596378.778144,-0.07703998506069183,0.0024175825357437134,-0.20543314073979854,-0.016522102057933807,0.16552485525608063,-0.01793469488620758,,,,,,
1763596378.784374,,,,,,,-0.014621853828430176,-0.012039974331855774,0.02517104148864746,0.11729056388139725,0.08465340733528137,0.0513480119407177
1763596378.788196,0.026350831308960914,-0.005942834052443504,-0.1734951569482684,-0.03897237032651901,0.18459653854370117,-0.038347285240888596,,,,,,
1763596378.794404,,,,,,,-0.0019984841346740723,-0.001860201358795166,0.010976307094097137,0.1506858617067337,0.05883459001779556,0.06495516747236252
1763596378.798249,0.10546849942654371,0.04141571397185325,-0.1580827760219574,-0.06172162666916847,0.18752549588680267,-0.03650384768843651,,,,,,
1763596378.804434,,,,,,,0.005858361721038818,-0.018035605549812317,-0.0020220354199409485,0.1874161809682846,0.043923553079366684,0.0585302896797657
1763596378.808302,0.10243249273151159,0.05235796374678611,-0.18959566626921295,-0.06127770617604256,0.18536712229251862,-0.024349048733711243,,,,,,
1763596378.814465,,,,,,,0.006379127502441406,-0.008353456854820251,0.00217282772064209,0.1725318282842636,0.05027039721608162,0.0773467868566513
1763596378.818355,0.09093056324720382,0.06670096187591552,-0.20503712715953587,-0.040450189262628555,0.1618814915418625,-0.009163171984255314,,,,,,
1763596378.824495,,,,,,,0.004389345645904541,0.014505729079246521,0.009629853069782257,0.16231994330883026,0.04672599583864212,0.08017878979444504
1763596378.828408,0.06870879456698895,0.048904023900628084,-0.1367021343410015,-0.014339003711938858,0.10785619914531708,-0.0007082008523866534,,,,,,
1763596378.834526,,,,,,,-0.007313847541809082,0.024721965193748474,0.017990343272686005,0.15190662443637848,0.042975202202796936,0.0718953013420105
1763596378.83846,-0.06149579444825649,0.0017488894939422606,-0.039055414581298825,0.006021395325660706,0.05630140006542206,-0.0031338080298155546,,,,,,
1763596378.844556,,,,,,,-0.01610743999481201,0.01579532027244568,0.02492130547761917,0.14061962068080902,0.056450530886650085,0.05461111664772034
1763596378.848513,-0.14775982718914746,-0.06683247930109501,0.015338731168210506,0.01965605467557907,0.04461999610066414,-0.009404318407177925,,,,,,
1763596378.854587,,,,,,,-0.017563462257385254,0.020165443420410156,0.026283860206604004,0.11339525133371353,0.06721369177103043,0.04165137559175491
1763596378.858566,-0.17151888843923807,-0.04593932887613773,-0.03571399519890547,0.02007310651242733,0.06195397675037384,-0.013550594449043274,,,,,,
1763596378.864617,,,,,,,-0.011617183685302734,0.03356426954269409,0.01934754103422165,0.09770097583532333,0.06829467415809631,0.022889140993356705
1763596378.868619,-0.17301818708628416,-0.009901216289401054,-0.08815992949008941,0.01401538960635662,0.09991005063056946,-0.015132353641092777,,,,,,
1763596378.874648,,,,,,,-0.006922006607055664,0.038968756794929504,0.012592539191246033,0.12520307302474976,0.07120976597070694,-0.002051097108051181
1763596378.878672,-0.1875491090029478,0.008198504024744034,-0.09559066401273011,0.010744495317339897,0.13264243304729462,-0.008286431431770325,,,,,,
1763596378.884678,,,,,,,-0.0005223751068115234,0.02835889160633087,0.009898655116558075,0.13261465728282928,0.07476188987493515,-0.004239416681230068
1763596378.888725,-0.181690738363564,0.07863339173197746,-0.04273790248632431,0.0011745847295969725,0.14773234724998474,0.011791400611400604,,,,,,
1763596378.894709,,,,,,,0.0034522414207458496,0.01882849633693695,0.007100827991962433,0.15207980573177338,0.06988058239221573,-0.006608764640986919
1763596378.898777,-0.13856763595193625,0.09216974965333938,0.046152679365873334,-0.006901451386511326,0.16534996032714844,0.03360801562666893,,,,,,
1763596378.904739,,,,,,,0.005366265773773193,0.02328614890575409,0.0011769533157348633,0.15819282829761505,0.08307415246963501,0.002297645201906562
1763596378.90883,-0.08442103522270918,0.1017500634253025,0.0496561574421823,-0.01505078561604023,0.19045722484588623,0.05246348679065704,,,,,,
1763596378.91477,,,,,,,0.007923483848571777,0.03936082124710083,-0.0035172700881958008,0.18945443630218506,0.08443742245435715,0.00340785039588809
1763596378.918883,-0.05931991171389818,0.03739361884891987,0.04355243373960256,-0.022066617384552956,0.2135244607925415,0.06176271289587021,,,,,,
1763596378.9248,,,,,,,0.007764995098114014,0.045740947127342224,-0.0038542672991752625,0.2251538336277008,0.0745411142706871,-0.007141462992876768
1763596378.928936,-0.10432400556653737,-0.017201310169696806,0.04768617254346609,-0.022593263536691666,0.2317730039358139,0.06965697556734085,,,,,,
1763596378.934831,,,,,,,0.0008498430252075195,0.04611140489578247,0.0013529062271118164,0.22924122214317322,0.07402525842189789,-0.016812799498438835
1763596378.938989,-0.13277765437364578,-0.0448731609493494,0.07330401340276002,-0.024513401091098785,0.22965525090694427,0.07880360633134842,,,,,,
1763596378.944861,,,,,,,-0.0031909942626953125,0.03621913492679596,0.008215181529521942,0.21091654896736145,0.07760694622993469,-0.026142917573451996
1763596378.949041,-0.14712737450450658,-0.0012204817056655883,0.1273310794055462,-0.023021917790174484,0.20721136033535004,0.0861002579331398,,,,,,
1763596378.954891,,,,,,,-0.00577932596206665,0.010738462209701538,0.005825527012348175,0.22238785028457642,0.07750015705823898,-0.05465298891067505
1763596378.959094,-0.15610153907686472,0.02083937441110611,0.11502338649630546,-0.013931484892964363,0.200450137257576,0.08286131918430328,,,,,,
1763596378.964922,,,,,,,-0.0030372142791748047,0.0004242062568664551,0.0005617216229438782,0.19222168624401093,0.10206595063209534,-0.0652552992105484
1763596378.969147,-0.09933160410672426,0.06908405762016773,0.015316811597347258,0.0036645212676376104,0.20554502308368683,0.07451413571834564,,,,,,
1763596378.974952,,,,,,,0.006839394569396973,0.014179781079292297,-0.004260413348674774,0.174529030919075,0.1019306629896164,-0.06859243661165237
1763596378.9792,-0.008903729684650898,0.08794891708791255,-0.003786971192806959,0.014412506483495235,0.18467222154140472,0.06928608566522598,,,,,,
1763596378.984983,,,,,,,0.012986540794372559,0.011204719543457031,-0.013769514858722687,0.18815723061561584,0.07277251034975052,-0.08912727236747742
1763596378.989253,0.012494447652995585,0.060005848151445385,0.06023264264464378,0.027094071730971336,0.1490989476442337,0.07730826735496521,,,,,,
1763596378.995013,,,,,,,0.01025080680847168,0.0033097118139266968,-0.013019807636737823,0.18008479475975037,0.06363227963447571,-0.09624896943569183
1763596378.999306,0.01218494331240654,-0.005547697255015373,0.0974585037112236,0.040925197303295135,0.11617215722799301,0.09776640683412552,,,,,,
1763596379.005044,,,,,,,0.005718648433685303,0.011449232697486877,-0.007419951260089874,0.14758358895778656,0.06368793547153473,-0.0841214656829834
1763596379.009358,-0.013088321892917155,-0.013857260438799857,0.09016746992021799,0.042126528918743134,0.08628968149423599,0.11383580416440964,,,,,,
1763596379.015074,,,,,,,0.0034548044204711914,0.006878778338432312,-0.0046558380126953125,0.12867319583892822,0.051384929567575455,-0.07328140735626221
1763596379.019411,-0.09236322639882565,-0.017797522497177122,0.10574468601942062,0.036775436252355576,0.08420682698488235,0.11114521324634552,,,,,,
1763596379.025105,,,,,,,-0.0007331967353820801,-0.01573975384235382,-0.0056214407086372375,0.12653280794620514,0.05669607222080231,-0.06418271362781525
1763596379.029464,-0.15537468610703944,-0.004250058659911155,0.05986673194169998,0.03374006599187851,0.11888940632343292,0.09839294850826263,,,,,,
1763596379.035135,,,,,,,0.002986013889312744,-0.020533502101898193,-0.006900675594806671,0.11063089221715927,0.07492780685424805,-0.04239239543676376
1763596379.039517,-0.15153700764030217,0.01358136610686779,0.04926964234262705,0.018662845715880394,0.1535419225692749,0.08617516607046127,,,,,,
1763596379.045166,,,,,,,0.011422693729400635,-0.012475505471229553,-0.01283467561006546,0.13394899666309357,0.06457343697547913,-0.045294973999261856
1763596379.04957,-0.1375897308304906,-0.023704700714349745,0.11752134079188108,0.0028476445004343987,0.16115090250968933,0.07488565146923065,,,,,,
1763596379.055196,,,,,,,0.01838982105255127,-0.0071686506271362305,-0.02119743824005127,0.16464412212371826,0.03458651155233383,-0.06265559047460556
1763596379.059622,-0.1794581570059061,-0.12210837632119655,0.1742728633224964,-0.00744733726605773,0.15102209150791168,0.06927889585494995,,,,,,
1763596379.065227,,,,,,,0.013348042964935303,-0.004967108368873596,-0.016049392521381378,0.15203513205051422,0.017199795693159103,-0.06250139325857162
1763596379.069675,-0.22017273697108028,-0.16812369304299354,0.20110197966769336,-0.00998719409108162,0.12223386019468307,0.07056546956300735,,,,,,
1763596379.075257,,,,,,,0.00034058094024658203,-0.01247049868106842,-0.004771120846271515,0.12611538171768188,0.022132769227027893,-0.05126677826046944
1763596379.079728,-0.23346564152538776,-0.16503332581222058,0.1877152593500912,-0.006991936359554529,0.09786859899759293,0.06823386996984482,,,,,,
1763596379.085288,,,,,,,-0.006036698818206787,-0.03264451026916504,-0.0004425123333930969,0.11286456137895584,0.05130450427532196,-0.04576575383543968
1763596379.089781,-0.26916560819894075,-0.11158055256605148,0.15208908856511116,-0.0014529475010931492,0.09856045991182327,0.05498594418168068,,,,,,
1763596379.095318,,,,,,,0.00016832351684570312,-0.03749600052833557,-0.001444101333618164,0.09523764252662659,0.06718919426202774,-0.028840498998761177
1763596379.099834,-0.2350929504662752,-0.0440934087485075,0.09401800786852836,-0.0022724024020135403,0.11013908684253693,0.04198732227087021,,,,,,
1763596379.105348,,,,,,,0.011596977710723877,-0.03376209735870361,-0.010633587837219238,0.10464552044868469,0.05041474103927612,-0.03422008454799652
1763596379.109887,-0.17290391305685043,0.0024187515795230864,0.10242693977355956,-0.009578641504049301,0.11600320041179657,0.03117893822491169,,,,,,
1763596379.115379,,,,,,,0.01962876319885254,-0.025079891085624695,-0.012471206486225128,0.104916512966156,0.02236180193722248,-0.04378210008144379
1763596379.119939,-0.1636065078794956,-0.049615971562266346,0.11516717888116836,-0.011360030621290207,0.10299525409936905,0.03359788656234741,,,,,,
1763596379.125409,,,,,,,0.014248073101043701,-0.017082512378692627,-0.005665548145771027,0.08642005920410156,0.00644249003380537,-0.04583672806620598
1763596379.129992,-0.17381021424680948,-0.131531453704834,0.13596475997716187,0.0007222627755254507,0.07189308106899261,0.04255903139710426,,,,,,
1763596379.13544,,,,,,,0.0008914470672607422,-0.017144188284873962,-0.0014317035675048828,0.07469542324542999,0.00963215809315443,-0.054081544280052185
1763596379.140045,-0.21857465412467716,-0.1441740776568651,0.16582944462597368,0.022493604570627213,0.030837787315249443,0.050615094602108,,,,,,
1763596379.14547,,,,,,,-0.006604015827178955,-0.017197251319885254,0.0021468326449394226,0.035668931901454926,0.026763208210468292,-0.0537949874997139
1763596379.150098,-0.29506255826056,-0.17263211037814616,0.15145532070621848,0.039308346807956696,-0.003588342107832432,0.048859983682632446,,,,,,
1763596379.155501,,,,,,,-0.004609107971191406,-0.024049997329711914,0.004355542361736298,0.012688722461462021,0.030797364190220833,-0.047251198440790176
1763596379.160151,-0.3417673185512423,-0.14102818084657193,0.16308160722255705,0.03778102993965149,-0.011380751617252827,0.03348635882139206,,,,,,
1763596379.165531,,,,,,,0.0012966394424438477,-0.04314197599887848,-0.00040971487760543823,0.016673345118761063,0.03303015977144241,-0.051946353167295456
1763596379.170203,-0.34616847611963747,-0.09694237088263034,0.13252075700312851,0.022912822663784027,0.022709030658006668,0.012024078518152237,,,,,,
1763596379.175562,,,,,,,0.009697198867797852,-0.03440438210964203,-0.004137635231018066,0.006176718045026064,0.03236063942313194,-0.036334503442049026
1763596379.180256,-0.2587725167393684,-0.03426058152019977,0.11881927164793014,0.0016096641775220633,0.06654573231935501,-0.007449754513800144,,,,,,
1763596379.185592,,,,,,,0.014177680015563965,-0.015182644128799438,-0.007131695747375488,0.025500614196062088,0.019243240356445312,-0.018743790686130524
1763596379.190309,-0.19654080923199652,-0.04941431151032447,0.14856296026557683,-0.01774352788925171,0.08955437690019608,-0.019158076494932175,,,,,,
1763596379.195623,,,,,,,0.010818421840667725,-0.008833885192871094,-0.013390295207500458,0.0559140220284462,0.001984891016036272,-0.00785059668123722
1763596379.200362,-0.2036331055805087,-0.10656360118687153,0.15022592504173515,-0.023675985634326935,0.08725953102111816,-0.012495911680161953,,,,,,
1763596379.205653,,,,,,,0.0023419857025146484,-0.00997200608253479,-0.011559955775737762,0.07359368354082108,0.011378925293684006,0.004051070660352707
1763596379.210415,-0.22452333339601754,-0.17390870618522167,0.12236381238698958,-0.014926944859325886,0.07157385349273682,0.0014849021099507809,,,,,,
1763596379.215684,,,,,,,-0.0041329264640808105,-0.008233845233917236,-0.0059424713253974915,0.08220338076353073,0.024179941043257713,0.012290224432945251
1763596379.220467,-0.23032500541210174,-0.17185235817730427,0.12234963773116468,0.002699452918022871,0.059147272258996964,0.012937827035784721,,,,,,
1763596379.225714,,,,,,,-0.005596041679382324,-0.0030520260334014893,-0.005491264164447784,0.09680202603340149,0.03450128808617592,-0.0016546188853681087
1763596379.23052,-0.256240660174191,-0.16550912663042544,0.1299403851211071,0.013885488733649254,0.056921523064374924,0.014999154955148697,,,,,,
1763596379.235744,,,,,,,-0.005823910236358643,0.005528867244720459,-0.0028656795620918274,0.1067616194486618,0.036643270403146744,-0.023236742243170738
1763596379.240573,-0.2657534616678953,-0.1712052924454212,0.17668460063934324,0.019747905433177948,0.06191281974315643,0.01501779817044735,,,,,,
1763596379.245775,,,,,,,-0.003368377685546875,0.014684617519378662,0.0016225576400756836,0.11488346755504608,0.03047112748026848,-0.05339251458644867
1763596379.250626,-0.31871815913617607,-0.19812252546548842,0.1869207479715347,0.01906631886959076,0.06315729767084122,0.01962561160326004,,,,,,
1763596379.255805,,,,,,,-0.00212860107421875,0.024563521146774292,0.006003387272357941,0.06346572190523148,0.012923026457428932,-0.07137970626354218
1763596379.260679,-0.3660419281080365,-0.1903594902485609,0.2139033013127744,0.0036583340261131525,0.04789765179157257,0.02918902225792408,,,,,,
1763596379.265836,,,,,,,-0.010311305522918701,-0.008949115872383118,0.007821321487426758,0.05026283115148544,-0.01699971966445446,-0.09155421704053879
1763596379.270732,-0.39648207455724477,-0.19650339983105658,0.13851239863336084,-0.008431047201156616,0.06727628409862518,0.03495711833238602,,,,,,
1763596379.275866,,,,,,,-0.02184087038040161,-0.05482092499732971,0.012577421963214874,6.77020289003849e-05,0.027558693662285805,-0.07403627783060074
1763596379.280784,-0.3099953389763832,-0.12495792053341864,0.0031467735931277273,-0.012946436181664467,0.12547141313552856,0.029453162103891373,,,,,,
1763596379.285897,,,,,,,-0.012740612030029297,-0.052950531244277954,0.008533239364624023,-0.032508883625268936,0.07868260145187378,-0.022453241050243378
1763596379.290837,-0.13092121285200117,-0.018526421293616292,-0.044161797809600827,-0.02693171799182892,0.16393627226352692,0.011541403830051422,,,,,,
1763596379.295927,,,,,,,0.009970366954803467,-0.039277270436286926,-0.01121675968170166,0.009051241911947727,0.04793240875005722,0.0020819292403757572
1763596379.30089,-0.06755699418336153,-0.01038636945784092,0.0264810335598886,-0.04174741730093956,0.16617386043071747,-0.014333869330585003,,,,,,
1763596379.305958,,,,,,,0.02257537841796875,-0.03292965888977051,-0.023212671279907227,0.06215307489037514,0.0012780880788341165,0.02381332404911518
1763596379.310943,-0.09364040672779082,-0.11924188097417354,0.08266308563947677,-0.044556617736816406,0.14110209047794342,-0.030858013778924942,,,,,,
1763596379.315988,,,,,,,0.011782050132751465,-0.026120975613594055,-0.0189206600189209,0.09994493424892426,-0.008522078394889832,0.056432586163282394
1763596379.320996,-0.0962818611472845,-0.23111352544128894,0.09237696266323328,-0.028773393481969833,0.09727444499731064,-0.036342523992061615,,,,,,
1763596379.326019,,,,,,,-0.008325040340423584,-0.015134051442146301,-0.009925492107868195,0.13229675590991974,0.01765945740044117,0.07217373698949814
1763596379.331049,-0.14018676158636809,-0.3046387803792953,0.10525368763208388,-2.1336134523153305e-05,0.05205478146672249,-0.03883146122097969,,,,,,
1763596379.33605,,,,,,,-0.01763176918029785,-0.00625203549861908,0.0018602609634399414,0.160403773188591,0.045074570924043655,0.07050086557865143
1763596379.341101,-0.28294220461696384,-0.3544856380879879,0.13333397308215497,0.033579498529434204,0.02149447798728943,-0.03580291569232941,,,,,,
1763596379.346081,,,,,,,-0.012429773807525635,-0.0028778910636901855,0.00942373275756836,0.1606764793395996,0.05262276902794838,0.04266976937651634
1763596379.351154,-0.44090281556397676,-0.3371574866682291,0.17066402517557144,0.05427107587456703,0.004339426755905151,-0.028000425547361374,,,,,,
1763596379.356111,,,,,,,-0.003433823585510254,0.00012411177158355713,0.01330602914094925,0.14301545917987823,0.041769322007894516,0.011280354112386703
1763596379.361207,-0.5916460424780845,-0.30221593714654443,0.21803353298529982,0.06654292345046997,0.01203756034374237,-0.011735435575246811,,,,,,
1763596379.366141,,,,,,,-0.0002490878105163574,0.005389317870140076,0.015476100146770477,0.13535061478614807,0.04078235477209091,-0.04000786691904068
1763596379.37126,-0.7132602055415511,-0.28143793753385543,0.22621844687610862,0.07320369780063629,0.048656873404979706,0.011258857324719429,,,,,,
1763596379.376172,,,,,,,-0.002375781536102295,0.02029240131378174,0.020986318588256836,0.1011771708726883,0.056979700922966,-0.07502830028533936
1763596379.381313,-0.7801946839123964,-0.2402297288328409,0.24169307938367127,0.06501607596874237,0.08021293580532074,0.041325148195028305,,,,,,
1763596379.386202,,,,,,,-0.0003871917724609375,0.007789090275764465,0.019437432289123535,0.10910966247320175,0.07049843668937683,-0.12315322458744049
1763596379.391365,-0.8298863510593771,-0.21011516107618808,0.27026655517816545,0.05558563023805618,0.11901295185089111,0.07803690433502197,,,,,,
1763596379.396233,,,,,,,0.01008760929107666,-0.023056253790855408,0.017018087208271027,0.10638561844825745,0.08788781613111496,-0.16858701407909393
1763596379.401418,-0.8215919854447246,-0.14906009613275528,0.23933950199484824,0.0506899431347847,0.16459588706493378,0.11691533029079437,,,,,,
1763596379.406263,,,,,,,0.026416003704071045,-0.0313386470079422,0.019229650497436523,0.10177009552717209,0.09394197911024094,-0.1942729353904724
1763596379.411471,-0.834006353598833,-0.0905786810696125,0.19940145936012266,0.05546048656105995,0.1962076723575592,0.15116146206855774,,,,,,
1763596379.416294,,,,,,,0.04172086715698242,-0.01793895661830902,0.020883329212665558,0.10755368322134018,0.10059268772602081,-0.21880650520324707
1763596379.421524,-0.9122788030639291,-0.057610477447509766,0.22558950132280586,0.07243067771196365,0.20606110990047455,0.1770777404308319,,,,,,
1763596379.426324,,,,,,,0.05600160360336304,-0.013209417462348938,0.02047763764858246,0.1365821361541748,0.08885960280895233,-0.2598689794540405
1763596379.431577,-1.0638850765481591,-0.03410509869754314,0.2662301392689347,0.09916567802429199,0.1851741373538971,0.20287415385246277,,,,,,
1763596379.436355,,,,,,,0.05910003185272217,-0.01904664933681488,0.028721317648887634,0.08498027920722961,0.06921133399009705,-0.3120039701461792
1763596379.44163,-1.2095499772846698,-0.01820902590751648,0.3239759335339069,0.1130966767668724,0.12069955468177795,0.22618933022022247,,,,,,
1763596379.446385,,,,,,,0.05753898620605469,-0.07407042384147644,0.03695511072874069,0.029930876567959785,0.042122989892959595,-0.35542336106300354
1763596379.451682,-1.3428737212337554,0.00543020835518837,0.3819695650801062,0.12497264891862869,0.06995271891355515,0.23632840812206268,,,,,,
1763596379.456416,,,,,,,0.048639535903930664,-0.1662861406803131,0.05054021626710892,-0.05763281509280205,0.07078898698091507,-0.4109290838241577
1763596379.461735,-1.4229245785482227,0.04599602749943733,0.2533776719585061,0.1507488489151001,0.07094874233007431,0.22331513464450836,,,,,,
1763596379.466446,,,,,,,0.0598984956741333,-0.17870187759399414,0.0639510229229927,-0.2272665947675705,0.11102056503295898,-0.3765098452568054
1763596379.471788,-1.4013269331157208,0.1412684193432331,0.19285218384712932,0.16473348438739777,0.07272329926490784,0.18565823137760162,,,,,,
1763596379.476477,,,,,,,0.0823739767074585,-0.1661098599433899,0.05486619472503662,-0.324131041765213,0.093060202896595,-0.3658217787742615
1763596379.481841,-1.47153166532889,0.1841454380393028,0.2458066521823406,0.17847032845020294,0.047501035034656525,0.13194814324378967,,,,,,
1763596379.486507,,,,,,,0.09814012050628662,-0.16519713401794434,0.043086059391498566,-0.3654518723487854,0.06048521772027016,-0.3735225796699524
1763596379.491894,-1.564317501053959,0.12209785492718218,0.2854147322103381,0.20523805916309357,0.011497163213789463,0.0872889831662178,,,,,,
1763596379.496538,,,,,,,0.10115063190460205,-0.157954603433609,0.0361403226852417,-0.37842583656311035,0.05076015368103981,-0.37441486120224
1763596379.501947,-1.5551928220950066,0.06304828458726405,0.3011456775665283,0.24368983507156372,-0.04289417341351509,0.06615626811981201,,,,,,
1763596379.506568,,,,,,,0.09853261709213257,-0.12860730290412903,0.03262602537870407,-0.34533312916755676,0.05568274110555649,-0.39413344860076904
1763596379.511999,-1.5753550278969108,0.03323649916946888,0.3645215866729617,0.2906457483768463,-0.11853190511465073,0.06748788803815842,,,,,,
1763596379.516598,,,,,,,0.09755241870880127,-0.07661806046962738,0.036731719970703125,-0.27090102434158325,0.07524312287569046,-0.431179404258728
1763596379.522052,-1.6559268403455614,-0.038591888722777364,0.48512189651876686,0.3470304608345032,-0.19473613798618317,0.07988676428794861,,,,,,
1763596379.526628,,,,,,,0.10397946834564209,-0.02160048484802246,0.04185926914215088,-0.22336943447589874,0.08724839240312576,-0.47133001685142517
1763596379.532105,-1.8683225135743617,-0.07310790630877018,0.5292971383318305,0.38702669739723206,-0.277753084897995,0.10289230197668076,,,,,,
1763596379.536659,,,,,,,0.11437427997589111,-0.02523680031299591,0.04214717447757721,-0.24358801543712616,0.03319713845849037,-0.5079087615013123
1763596379.542158,-2.116178937893361,-0.040588615497946734,0.5816778984323143,0.37532636523246765,-0.34647276997566223,0.12867861986160278,,,,,,
1763596379.54669,,,,,,,0.10591059923171997,-0.12016686797142029,0.033129215240478516,-0.23295986652374268,-0.043195903301239014,-0.59909588098526
1763596379.552211,-2.2712786064513026,0.009346505016088484,0.48402825606316324,0.3378370404243469,-0.30682963132858276,0.13828107714653015,,,,,,
1763596379.55672,,,,,,,0.08080661296844482,-0.16939714550971985,0.04878877103328705,-0.4502352476119995,0.01585836336016655,-0.6327990889549255
1763596379.562263,-2.112452026324719,0.10353986945152283,0.3091872374638915,0.26950618624687195,-0.18835224211215973,0.13145379722118378,,,,,,
1763596379.566751,,,,,,,0.08004969358444214,-0.17047640681266785,0.05262412130832672,-0.6871143579483032,0.08933870494365692,-0.5453557968139648
1763596379.572316,-1.7467155109040438,0.3068137863308191,0.28003274691104885,0.16504764556884766,-0.0780758187174797,0.09248524159193039,,,,,,
1763596379.576781,,,,,,,0.10098385810852051,-0.24661213159561157,0.02849983423948288,-0.7695664763450623,0.04858941212296486,-0.5354542136192322
1763596379.582369,-1.5711569916851817,0.4346761961340904,0.21550269933342933,0.0795399472117424,0.021143173798918724,0.023763170465826988,,,,,,
1763596379.586812,,,,,,,0.12844234704971313,-0.28938910365104675,0.03615783900022507,-0.9254343509674072,0.003306085243821144,-0.45478227734565735
1763596379.592422,-1.3729394814126192,0.46320437148213384,0.07198080197498202,0.03473486378788948,0.08262921869754791,-0.05430065467953682,,,,,,
1763596379.596842,,,,,,,0.15124452114105225,-0.2758110463619232,0.015611052513122559,-1.0065001249313354,-0.06574302166700363,-0.32792919874191284
1763596379.602475,-1.1344915214300155,0.48922787053287026,0.0063397244155406944,0.014362480491399765,0.05127795413136482,-0.13500429689884186,,,,,,
1763596379.606873,,,,,,,0.144231915473938,-0.23152050375938416,-0.01985885202884674,-0.9474277496337891,-0.1330357789993286,-0.2222461849451065
1763596379.612528,-0.9666681265078484,0.4365618637502193,0.09770502581819891,0.017522526904940605,-0.05948645621538162,-0.21102674305438995,,,,,,
1763596379.616903,,,,,,,0.12363016605377197,-0.1703854501247406,-0.039045341312885284,-0.8178210854530334,-0.15782581269741058,-0.10127901285886765
1763596379.62258,-0.8649865982741117,0.2630599848002195,0.1893057434119284,0.032630372792482376,-0.19722115993499756,-0.2859358787536621,,,,,,
1763596379.626934,,,,,,,0.10834354162216187,-0.13593977689743042,-0.0621798038482666,-0.6183851957321167,-0.1852598339319229,0.026046715676784515
1763596379.632633,-0.8299101703263819,0.07769406505525112,0.20105098013281822,0.03873888775706291,-0.3309987187385559,-0.36367717385292053,,,,,,
1763596379.636964,,,,,,,0.0933305025100708,-0.14498910307884216,-0.0668720006942749,-0.41573163866996765,-0.22667811810970306,0.1166834756731987
1763596379.642686,-0.8213967551335692,-0.0682096128731966,0.22189371554479,0.0238528810441494,-0.4134128987789154,-0.4446239471435547,,,,,,
1763596379.646994,,,,,,,0.08060991764068604,-0.1443510353565216,-0.0559234619140625,-0.29517754912376404,-0.24931657314300537,0.2273777574300766
1763596379.652739,-0.7573403164170682,-0.1855973904132843,0.2526750766471028,-0.025611422955989838,-0.4300305247306824,-0.5344454050064087,,,,,,
1763596379.657025,,,,,,,0.06440436840057373,-0.14066192507743835,-0.045128464698791504,-0.245178684592247,-0.27438730001449585,0.32995548844337463
1763596379.662792,-0.707270025216043,-0.26993863839805127,0.2937394929632544,-0.10863946378231049,-0.4031914472579956,-0.6316566467285156,,,,,,
1763596379.667055,,,,,,,0.04273879528045654,-0.15845736861228943,-0.04436361789703369,-0.2947840690612793,-0.31417760252952576,0.44945549964904785
1763596379.672845,-0.5827981346338987,-0.35728023724257946,0.32780338286757466,-0.22534379363059998,-0.3533674478530884,-0.7399387955665588,,,,,,
1763596379.677086,,,,,,,0.01500469446182251,-0.22395724058151245,-0.05028615891933441,-0.3455967605113983,-0.36764854192733765,0.5485580563545227
1763596379.682897,-0.3789131001189351,-0.39786183847784995,0.23767273782640694,-0.3248724937438965,-0.27010318636894226,-0.854162335395813,,,,,,
1763596379.687116,,,,,,,-0.019456088542938232,-0.26757651567459106,-0.017982110381126404,-0.5023288726806641,-0.3436891436576843,0.6738014221191406
1763596379.69295,-0.0007362053200602531,-0.38387481417953967,0.06619593496322632,-0.3829452693462372,-0.16537155210971832,-0.9973102807998657,,,,,,
1763596379.697147,,,,,,,-0.033683598041534424,-0.2430911660194397,0.006512165069580078,-0.6733142137527466,-0.30289405584335327,0.8529667258262634
1763596379.703003,0.5000868259385228,-0.3067325377881527,-0.04374591048508882,-0.41189542412757874,-0.1314021348953247,-1.1390782594680786,,,,,,
1763596379.707177,,,,,,,-0.029595494270324707,-0.20137275755405426,-0.004619240760803223,-0.7495141625404358,-0.3171781897544861,1.000556468963623
1763596379.713056,0.9207008867114782,-0.20616379310190677,0.008845862017571926,-0.4176158607006073,-0.20193740725517273,-1.275999665260315,,,,,,
1763596379.717208,,,,,,,-0.02282494306564331,-0.1617100089788437,-0.019588112831115723,-0.7716630101203918,-0.32665103673934937,1.1063854694366455
1763596379.723109,1.2073127197518945,-0.1418611245393753,0.0269461668536067,-0.3852778971195221,-0.33093053102493286,-1.3814119100570679,,,,,,
1763596379.727238,,,,,,,-0.006489217281341553,-0.11602839827537537,-0.02417493611574173,-0.7714387774467468,-0.32365286350250244,1.2183178663253784
1763596379.733162,1.4127052362203598,-0.0869575679630041,-0.1126189557030797,-0.3142381012439728,-0.5010931491851807,-1.4412577152252197,,,,,,
1763596379.737269,,,,,,,0.010653972625732422,-0.06179824471473694,-0.019473671913146973,-0.7709082961082458,-0.34007978439331055,1.3010592460632324
1763596379.743214,1.532501536206901,0.012062778237462043,-0.16179215193390845,-0.23993830382823944,-0.6959553360939026,-1.4577538967132568,,,,,,
1763596379.747299,,,,,,,0.023891031742095947,-0.007630467414855957,-0.018576867878437042,-0.7627731561660767,-0.3429221510887146,1.3641247749328613
1763596379.753267,1.4797805843666194,0.152641461750865,-0.12857041194215416,-0.18182344734668732,-0.8613633513450623,-1.45962655544281,,,,,,
1763596379.75733,,,,,,,0.029692232608795166,0.028547480702400208,-0.014276273548603058,-0.7607592344284058,-0.3470495343208313,1.3925106525421143
1763596379.76332,1.2700924165308474,0.3002928601294756,-0.07898147451728582,-0.14886416494846344,-0.9463868737220764,-1.4545636177062988,,,,,,
1763596379.76736,,,,,,,0.035005271434783936,0.06079648435115814,-0.0024864673614501953,-0.7784349322319031,-0.3141395151615143,1.3928121328353882
1763596379.773373,1.0901365391358733,0.45810967869162555,-0.007723872250318527,-0.1401856690645218,-0.9459001421928406,-1.45243501663208,,,,,,
1763596379.77739,,,,,,,0.05368155241012573,0.0969797819852829,-0.0017751529812812805,-0.8050733208656311,-0.2923972010612488,1.4084078073501587
1763596379.783426,0.8725181628227233,0.6350473773092031,0.09951923563331365,-0.16817815601825714,-0.9185464978218079,-1.4476356506347656,,,,,,
1763596379.787421,,,,,,,0.07564526796340942,0.1370004415512085,-0.0015393570065498352,-0.8072339296340942,-0.34091439843177795,1.4021857976913452
1763596379.793478,0.5767465795099735,0.745582804736495,0.20867519140094518,-0.21786345541477203,-0.878510594367981,-1.4277585744857788,,,,,,
1763596379.797451,,,,,,,0.07645583152770996,0.17213422060012817,0.0038236379623413086,-0.7976232171058655,-0.4012296795845032,1.3650814294815063
1763596379.803531,0.4193772124543786,0.7593751832455397,0.2700064429372549,-0.26089826226234436,-0.8099048733711243,-1.3922597169876099,,,,,,
1763596379.807482,,,,,,,0.04666030406951904,0.19505701959133148,0.013145796954631805,-0.7836986184120178,-0.4277941882610321,1.3188871145248413
1763596379.813584,0.3814432031184435,0.6880459770470857,0.1332160457909107,-0.29240962862968445,-0.706505537033081,-1.3490980863571167,,,,,,
1763596379.817512,,,,,,,0.005286872386932373,0.20366795361042023,0.020351648330688477,-0.781355082988739,-0.4251376688480377,1.265891194343567
1763596379.823637,0.4916422381982207,0.5200900417864323,-0.05026800573021173,-0.31302782893180847,-0.5894684195518494,-1.302546739578247,,,,,,
1763596379.827543,,,,,,,-0.030766546726226807,0.21414579451084137,0.028521768748760223,-0.8025346398353577,-0.3704661726951599,1.2031830549240112
1763596379.83369,0.7011907053023576,0.3552180440157652,-0.115400987637043,-0.3342300057411194,-0.49105674028396606,-1.2646965980529785,,,,,,
1763596379.837573,,,,,,,-0.03966391086578369,0.23146411776542664,0.02904845029115677,-0.8295980095863342,-0.3006402254104614,1.1516876220703125
1763596379.843743,0.95776454295367,0.2525269003480673,-0.11971037526875733,-0.35020124912261963,-0.42640212178230286,-1.2362394332885742,,,,,,
1763596379.847604,,,,,,,-0.022913575172424316,0.25146952271461487,0.028182029724121094,-0.8350628018379211,-0.3153808116912842,1.099851131439209
1763596379.853795,1.137086506359279,0.2484171269416809,-0.1123266947582364,-0.3621326684951782,-0.3958243131637573,-1.209370732307434,,,,,,
1763596379.857634,,,,,,,-0.014155328273773193,0.2659052014350891,0.025507576763629913,-0.8799285292625427,-0.3664226830005646,1.0368187427520752
1763596379.863848,1.3222300155252218,0.3474789741963148,-0.14895517445355652,-0.36255931854248047,-0.3798149824142456,-1.1764404773712158,,,,,,
1763596379.867665,,,,,,,-0.035890281200408936,0.24558641016483307,0.020796295255422592,-0.8552314639091492,-0.40460658073425293,0.9914678335189819
1763596379.873901,1.536651349362731,0.4297083445936441,-0.2835284800723195,-0.3370746076107025,-0.34530505537986755,-1.1382430791854858,,,,,,
1763596379.877695,,,,,,,-0.07345610857009888,0.21855472028255463,0.04063428193330765,-0.8663333654403687,-0.3679220676422119,0.9492948055267334
1763596379.883954,1.793688128350675,0.5337269374728203,-0.49285102946609255,-0.29232844710350037,-0.2892404794692993,-1.1005069017410278,,,,,,
1763596379.887726,,,,,,,-0.09638631343841553,0.22630827128887177,0.049996621906757355,-0.9091495275497437,-0.31872281432151794,0.938029944896698
1763596379.894007,2.07215172624886,0.628734540900588,-0.5291352257683873,-0.25701630115509033,-0.2650240957736969,-1.0663026571273804,,,,,,
1763596379.897756,,,,,,,-0.10594993829727173,0.23626528680324554,0.031616922467947006,-0.9389910697937012,-0.291106641292572,0.9181148409843445
1763596379.90406,2.2698294305562974,0.6220756675332785,-0.4067655681625008,-0.23894675076007843,-0.27492570877075195,-1.0470911264419556,,,,,,
1763596379.907787,,,,,,,-0.11024594306945801,0.2413170039653778,0.012522812932729721,-0.9445602893829346,-0.2683693766593933,0.9077633619308472
1763596379.914112,2.42948749307096,0.48758068784773345,-0.3454267178416252,-0.22285650670528412,-0.28916484117507935,-1.0399318933486938,,,,,,
1763596379.917817,,,,,,,-0.12019693851470947,0.25194016098976135,0.01078939437866211,-0.9335051774978638,-0.26633206009864807,0.9016342163085938
1763596379.924165,2.6558815887749194,0.3352010919034481,-0.42268911348134275,-0.20702160894870758,-0.29812079668045044,-1.034990906715393,,,,,,
1763596379.927847,,,,,,,-0.13757163286209106,0.28148993849754333,0.014665007591247559,-0.9531028270721436,-0.25114110112190247,0.9141849279403687
1763596379.934218,2.9136159946382043,0.21391104622781276,-0.4993164260879159,-0.18771126866340637,-0.2949862480163574,-1.028926968574524,,,,,,
1763596379.937878,,,,,,,-0.16003423929214478,0.2931049168109894,0.015348434448242188,-0.9391085505485535,-0.21966654062271118,0.8922315239906311
1763596379.944271,3.0802117474615573,0.10317337422668933,-0.6377230262592435,-0.16860947012901306,-0.28101077675819397,-1.0171326398849487,,,,,,
1763596379.947908,,,,,,,-0.1755334734916687,0.2952931523323059,0.016198396682739258,-0.9184725284576416,-0.13579241931438446,0.8577209115028381
1763596379.954324,3.2064994552940127,0.03601940788626671,-0.6933923065111041,-0.18792825937271118,-0.3062460720539093,-0.991270124912262,,,,,,
1763596379.957939,,,,,,,-0.16468298435211182,0.31931379437446594,-0.0026168860495090485,-0.8688380122184753,-0.08129801601171494,0.8270524740219116
1763596379.964377,3.2731589161157606,0.06447510251998902,-0.6878147986397147,-0.2145121991634369,-0.3409273624420166,-0.9559046626091003,,,,,,
1763596379.967969,,,,,,,-0.1305532455444336,0.37556174397468567,-0.01383674144744873,-0.8353708386421204,-0.08686854690313339,0.7786308526992798
1763596379.974429,3.249099410614371,0.19206746321022508,-0.8133797451555729,-0.20556193590164185,-0.34831416606903076,-0.9095555543899536,,,,,,
1763596379.978,,,,,,,-0.10230332612991333,0.4388061761856079,-0.009400967508554459,-0.7940354347229004,-0.15538981556892395,0.7483692169189453
1763596379.984482,3.170463680794835,0.38781040006279943,-0.9513657818272709,-0.17693375051021576,-0.3720301687717438,-0.8525345921516418,,,,,,
1763596379.98803,,,,,,,-0.10785502195358276,0.4712589979171753,0.0015853643417358398,-0.7246707677841187,-0.24428986012935638,0.7068332433700562
1763596379.994535,3.0882144366532565,0.550299886611104,-0.9807537888750434,-0.15736114978790283,-0.3897159695625305,-0.7811785340309143,,,,,,
1763596379.998061,,,,,,,-0.147152841091156,0.4824223518371582,0.011647582054138184,-0.6449546813964844,-0.2724543809890747,0.6654544472694397
1763596380.004588,3.0584260321110484,0.6153565884113311,-1.0489289149567484,-0.15317173302173615,-0.338308185338974,-0.6926816701889038,,,,,,
1763596380.008091,,,,,,,-0.19024032354354858,0.49322545528411865,0.02301752381026745,-0.5916584730148315,-0.26058706641197205,0.610515832901001
1763596380.014641,3.094477588701248,0.5522334850221872,-1.197879997757077,-0.19316241145133972,-0.22464190423488617,-0.5978533029556274,,,,,,
1763596380.018122,,,,,,,-0.2162468433380127,0.5047931671142578,0.02942502498626709,-0.5260540246963501,-0.23938219249248505,0.5446553826332092
1763596380.024694,3.204934105673432,0.3885048120677471,-1.2542974660277366,-0.29526960849761963,-0.08354070037603378,-0.5069385766983032,,,,,,
1763596380.028152,,,,,,,-0.2242269515991211,0.5294263958930969,0.04399526119232178,-0.465654581785202,-0.223528653383255,0.48592790961265564
1763596380.034746,3.364243208619952,0.2887666729867458,-1.278308748473227,-0.4059150815010071,0.09194199740886688,-0.4315928816795349,,,,,,
1763596380.038183,,,,,,,-0.21954524517059326,0.5696201324462891,0.07695150375366211,-0.4453434348106384,-0.20721785724163055,0.4210042953491211
1763596380.044799,3.5700422600626944,0.32257892621755596,-1.4320178394556045,-0.4749290347099304,0.2956101596355438,-0.3608739674091339,,,,,,
1763596380.048213,,,,,,,-0.20891934633255005,0.6030607223510742,0.10578906536102295,-0.4487413465976715,-0.17688871920108795,0.3438242971897125
1763596380.054852,3.8132051197379826,0.5411486119061708,-1.5903025677904485,-0.5005604028701782,0.4501720666885376,-0.2948497235774994,,,,,,
1763596380.058244,,,,,,,-0.1981990933418274,0.6138033270835876,0.1381063461303711,-0.46091264486312866,-0.16792266070842743,0.2416411191225052
1763596380.064905,3.926221842586994,0.9243862972259521,-1.749360618585348,-0.5004817843437195,0.5179466009140015,-0.2291758954524994,,,,,,
1763596380.068274,,,,,,,-0.18925273418426514,0.6057311296463013,0.18435966968536377,-0.47927141189575195,-0.1533074975013733,0.1389182060956955
1763596380.074958,3.934168417677283,1.426134626635909,-1.9024054004400968,-0.49073541164398193,0.5437707901000977,-0.15802447497844696,,,,,,
1763596380.078304,,,,,,,-0.1830701231956482,0.6170118451118469,0.2266218662261963,-0.5347433090209961,-0.13278330862522125,0.029536791145801544
1763596380.08501,3.927470965865254,2.031295984247327,-2.133836029006541,-0.45502427220344543,0.6088451147079468,-0.0578795000910759,,,,,,
1763596380.088335,,,,,,,-0.17958706617355347,0.6529622673988342,0.24937307834625244,-0.5198884606361389,-0.09439864009618759,-0.07027316093444824
1763596380.095063,4.064552454912662,2.6113223160803316,-2.3604341228500005,-0.43356603384017944,0.6358702778816223,0.08699042350053787,,,,,,
1763596380.098365,,,,,,,-0.1769859790802002,0.7125281095504761,0.23245024681091309,-0.44096967577934265,-0.016263088211417198,-0.2285284399986267
1763596380.105116,4.429682236611843,2.9868191780149935,-2.413694296133518,-0.42762666940689087,0.558341920375824,0.2626940608024597,,,,,,
1763596380.108396,,,,,,,-0.1595727801322937,0.7970246076583862,0.2096787691116333,-0.3178163170814514,0.11543555557727814,-0.3764079213142395
1763596380.115169,4.832787236440182,3.1128420974314213,-2.731075361447036,-0.3390384316444397,0.43975239992141724,0.46674612164497375,,,,,,
1763596380.118426,,,,,,,-0.11279541254043579,0.8638708591461182,0.24240350723266602,-0.18302859365940094,0.10768815129995346,-0.5417540669441223
1763596380.125222,5.053809575977922,3.112165221083164,-3.2908827888548373,-0.10220858454704285,0.29773586988449097,0.7133673429489136,,,,,,
1763596380.128457,,,,,,,-0.09648442268371582,0.8694625496864319,0.3251296281814575,-0.10248715430498123,-0.00854098703712225,-0.7756237983703613
1763596380.135275,4.9591854189097875,2.938475710606575,-3.554498069450259,0.22929809987545013,0.12633365392684937,1.0028750896453857,,,,,,
1763596380.138487,,,,,,,-0.15342533588409424,0.8002851009368896,0.42783045768737793,-0.13995800912380219,-0.08616440743207932,-1.0066601037979126
1763596380.145328,4.441242326024175,2.598076465538144,-3.341698491595685,0.5402413606643677,0.004386182874441147,1.2926914691925049,,,,,,
1763596380.148518,,,,,,,-0.24138516187667847,0.7256248593330383,0.5228303670883179,-0.25739410519599915,-0.011537842452526093,-1.199097752571106
1763596380.15538,3.6131291221171615,2.3300457065880296,-2.9011475582093,0.7228140234947205,0.050300728529691696,1.5322169065475464,,,,,,
1763596380.158548,,,,,,,-0.30942630767822266,0.7278434038162231,0.5651847124099731,-0.36625322699546814,0.18722131848335266,-1.3688188791275024
1763596380.165433,2.8169594549596306,2.1298305927574632,-2.442321547941863,0.7206025719642639,0.33113184571266174,1.6961606740951538,,,,,,
1763596380.168579,,,,,,,-0.3420743942260742,0.7784126996994019,0.5444674491882324,-0.3325469195842743,0.4708418548107147,-1.5447193384170532
1763596380.175486,2.2905396256297825,1.8173387607902287,-2.2717399403527376,0.5643731355667114,0.8407186269760132,1.793799877166748,,,,,,
1763596380.178609,,,,,,,-0.3297026753425598,0.8104694485664368,0.4951028823852539,-0.15248173475265503,0.7933967113494873,-1.7105351686477661
1763596380.185539,2.2370582108110186,1.4375474165320397,-2.4114511933818457,0.3269304633140564,1.4566971063613892,1.8797715902328491,,,,,,
1763596380.18864,,,,,,,-0.2700386643409729,0.8171927332878113,0.45581793785095215,0.13795356452465057,1.0901871919631958,-1.8458229303359985
1763596380.195592,2.611967043724656,1.200394610926509,-2.5998639334768057,0.11432597041130066,1.9465911388397217,1.9926892518997192,,,,,,
1763596380.19867,,,,,,,-0.1767064332962036,0.8427824378013611,0.4444636106491089,0.5197122097015381,1.3004860877990723,-1.944326639175415
1763596380.205645,3.0773733091652393,1.229842823728919,-2.6888044919505716,0.03310488536953926,2.1787612438201904,2.1637768745422363,,,,,,
1763596380.2087,,,,,,,-0.08821612596511841,0.8858712911605835,0.48035430908203125,0.9253121614456177,1.463464617729187,-2.057682991027832
1763596380.215697,3.4153856590971348,1.685838871267438,-2.6558909411251546,0.11203735321760178,2.1427605152130127,2.3979110717773438,,,,,,
1763596380.218731,,,,,,,-0.026950716972351074,0.892292320728302,0.5371040105819702,1.27251398563385,1.6275662183761597,-2.1935548782348633
1763596380.22575,3.4652497602015733,2.487560327333212,-2.5208757369577883,0.2791272699832916,1.912949562072754,2.6674692630767822,,,,,,
1763596380.228761,,,,,,,0.019898653030395508,0.8125196695327759,0.5939284563064575,1.5743800401687622,1.7608635425567627,-2.3436944484710693
1763596380.235803,3.157648330624401,3.4141631315648553,-2.4620552991986275,0.4909946322441101,1.7245935201644897,2.9310085773468018,,,,,,
1763596380.238792,,,,,,,0.06515932083129883,0.7459129095077515,0.6618303060531616,1.7068731784820557,1.8960349559783936,-2.502660036087036
1763596380.245856,2.706369666996598,4.173631838312745,-2.7326284361079334,0.694924533367157,1.6946569681167603,3.1610960960388184,,,,,,
1763596380.248822,,,,,,,0.11230969429016113,0.7366094589233398,0.7116628885269165,1.739714503288269,2.0381505489349365,-2.658529758453369
1763596380.255909,2.257901384614408,4.566871277686953,-2.966076834237575,0.8329367637634277,1.7717686891555786,3.335575819015503,,,,,,
1763596380.258853,,,,,,,0.1575707197189331,0.711797833442688,0.7526247501373291,1.7664941549301147,2.2465343475341797,-2.838163375854492
1763596380.265962,1.8660104372397064,4.674631979703903,-2.8867174663186073,0.9257484674453735,1.921349048614502,3.4680163860321045,,,,,,
1763596380.268883,,,,,,,0.2317425012588501,0.6912251710891724,0.7998378276824951,1.706559419631958,2.5372869968414307,-2.977231502532959
1763596380.276014,1.5847627615809439,4.871016721591353,-2.6650796252310274,0.9603219032287598,2.010255813598633,3.5755488872528076,,,,,,
1763596380.278914,,,,,,,0.3628639578819275,0.6676109433174133,0.8111859560012817,1.707584023475647,2.650397539138794,-3.1364333629608154
1763596380.286067,1.0917311148509383,5.316216649827361,-2.3711881565764545,0.9834405183792114,2.0296289920806885,3.6997246742248535,,,,,,
1763596380.288944,,,,,,,0.47703349590301514,0.6641384363174438,0.8370157480239868,1.6675639152526855,2.6491739749908447,-3.327439785003662
1763596380.29612,0.6024760640501976,5.866686047786474,-2.448839405403286,1.0793218612670898,2.063211679458618,3.875369071960449,,,,,,
1763596380.298975,,,,,,,0.5314167737960815,0.6738969683647156,0.8441557884216309,1.6541240215301514,2.6893954277038574,-3.5027554035186768
1763596380.306173,0.35874183422774075,6.16302520185411,-2.8924551331877706,1.23594069480896,2.070103406906128,4.1036834716796875,,,,,,
1763596380.309005,,,,,,,0.5254630446434021,0.6371932029724121,0.8497750759124756,1.6885064840316772,2.7586824893951416,-3.7329261302948
1763596380.316226,0.284497325104475,6.149610424485802,-3.1977193519890306,1.4318796396255493,2.067473888397217,4.3550519943237305,,,,,,
1763596380.319036,,,,,,,0.508888304233551,0.6260362863540649,0.9070125818252563,1.6082277297973633,2.9886341094970703,-3.9114158153533936
1763596380.326279,0.24236148016452788,5.9738756719172,-3.1141666240334507,1.612187385559082,2.0318408012390137,4.594529628753662,,,,,,
1763596380.329066,,,,,,,0.5402209162712097,0.6358175277709961,0.9424293041229248,1.634619951248169,3.2221131324768066,-4.068972587585449
1763596380.336331,-0.009880027370899915,5.753311597540974,-2.6386300097227093,1.7396148443222046,2.0086851119995117,4.788043975830078,,,,,,
1763596380.339096,,,,,,,0.6105536818504333,0.6405096054077148,1.000160813331604,1.6910029649734497,3.4475152492523193,-4.256006240844727
1763596380.346384,-0.3992056543022394,5.654330998829007,-2.2308874132215974,1.8153811693191528,2.037907123565674,4.9564690589904785,,,,,,
1763596380.349127,,,,,,,0.7177265882492065,0.6654136180877686,1.0238351821899414,1.7708429098129272,3.734586477279663,-4.386471271514893
1763596380.356437,-0.6282718187596649,5.915214224112034,-1.9182173020780084,1.8229862451553345,2.047297239303589,5.116759777069092,,,,,,
1763596380.359157,,,,,,,0.859380841255188,0.6715890765190125,0.9766712188720703,1.932553768157959,3.851529359817505,-4.532041549682617
1763596380.36649,-0.8802236956987529,6.412600266659259,-1.9654443326771258,1.8153271675109863,2.112704038619995,5.297913551330566,,,,,,
1763596380.369188,,,,,,,0.9714950323104858,0.646624743938446,0.975267767906189,2.060818910598755,3.876615047454834,-4.663608551025391
1763596380.376543,-0.979903894047439,6.949419324928522,-2.488382165110111,1.8384793996810913,2.2550363540649414,5.494439601898193,,,,,,
1763596380.379218,,,,,,,1.015817403793335,0.5903013944625854,0.9681107401847839,2.148834705352783,3.9171440601348877,-4.771458148956299
1763596380.386596,-1.058054324568063,7.230591889524459,-2.915546670439839,1.8519177436828613,2.367347478866577,5.670156955718994,,,,,,
1763596380.389249,,,,,,,0.997757613658905,0.5013064742088318,0.9747355580329895,2.147796869277954,3.9876530170440674,-4.885062217712402
1763596380.396648,-1.3024375198185443,7.101175236016512,-3.017584903156757,1.838189721107483,2.4427194595336914,5.776679039001465,,,,,,
1763596380.399279,,,,,,,0.9692698121070862,0.3958277702331543,0.9971550703048706,2.0885586738586426,4.093975067138672,-4.954593181610107
1763596380.406701,-1.5497883327029645,6.669370795926452,-2.9401030195474624,1.797255277633667,2.503685235977173,5.797151565551758,,,,,,
1763596380.40931,,,,,,,0.97658371925354,0.34156548976898193,1.020156979560852,1.97334623336792,4.169554710388184,-5.012994766235352
1763596380.416754,-1.6620462000086902,6.2535799175262445,-2.980809123945236,1.7391456365585327,2.5586748123168945,5.745953559875488,,,,,,
1763596380.41934,,,,,,,1.0251730680465698,0.3402685523033142,1.0429527759552002,1.8039422035217285,4.180884838104248,-5.034225940704346
1763596380.426807,-1.5613170040637254,6.13260609819293,-3.2906676847994327,1.7117252349853516,2.6122560501098633,5.673548698425293,,,,,,
1763596380.429371,,,,,,,1.0885215997695923,0.30925166606903076,1.0393860340118408,1.6236246824264526,4.214628219604492,-5.030405044555664
1763596380.43686,-1.2867965908333658,6.284794555479288,-3.5913334698945283,1.711775541305542,2.5871996879577637,5.622642993927002,,,,,,
1763596380.439401,,,,,,,1.1585773229599,0.24618101119995117,0.9845642447471619,1.5093375444412231,4.140179634094238,-5.027874946594238
1763596380.446913,-1.0084238860890269,6.7615504824519155,-3.5017595819532867,1.7320398092269897,2.4568212032318115,5.587812423706055,,,,,,
1763596380.449432,,,,,,,1.1960113048553467,0.21288132667541504,0.9420612454414368,1.394000768661499,4.042910575866699,-5.0247650146484375
1763596380.456965,-0.8290525305837392,7.250719900795817,-3.141763071489334,1.8033617734909058,2.2791194915771484,5.593446731567383,,,,,,
1763596380.459462,,,,,,,1.1715424060821533,0.21999192237854004,0.9013514518737793,1.297156810760498,3.9846739768981934,-5.023722171783447
1763596380.467018,-0.7334867087513208,7.6065774117589,-2.9317414339154957,1.9452672004699707,2.1167922019958496,5.644962787628174,,,,,,
1763596380.469493,,,,,,,1.1094192266464233,0.224776029586792,0.9205172061920166,1.080167531967163,4.021510124206543,-5.033010482788086
1763596380.477071,-0.774978995090723,7.761209755066036,-2.795194782397151,2.094510078430176,1.9508875608444214,5.72057580947876,,,,,,
1763596380.479523,,,,,,,1.0593171119689941,0.1821807622909546,0.9138054847717285,0.8779290914535522,4.110204696655273,-5.01395320892334
1763596380.487124,-0.9904700039863585,7.618546666494011,-2.4949685577630993,2.2165205478668213,1.7893187999725342,5.806030750274658,,,,,,
1763596380.489553,,,,,,,1.036582350730896,0.14859068393707275,0.8898297548294067,0.6013877987861633,4.213325500488281,-5.062960624694824
1763596380.497177,-1.2797481336265801,7.269601711398363,-2.483600191530585,2.3051300048828125,1.6806201934814453,5.858487606048584,,,,,,
1763596380.499584,,,,,,,1.0628867149353027,0.20074838399887085,0.9196097254753113,0.31640225648880005,4.333468914031982,-5.014512538909912
1763596380.50723,-1.6063532466202974,6.9925038488954305,-2.7230367241591216,2.3668415546417236,1.6501113176345825,5.862325191497803,,,,,,
1763596380.509614,,,,,,,1.1184042692184448,0.2584221363067627,0.8776309490203857,0.11500600725412369,4.41648006439209,-5.021729946136475
1763596380.517282,-2.018240687841177,6.749855368483066,-3.121214204457402,2.3766088485717773,1.6581453084945679,5.7994818687438965,,,,,,
1763596380.519645,,,,,,,1.1926733255386353,0.24856585264205933,0.8369675278663635,0.0026530702598392963,4.418215751647949,-4.9482550621032715
1763596380.527335,-2.470996730545163,6.70148852019906,-3.2046365840315816,2.3248655796051025,1.6972026824951172,5.677357196807861,,,,,,
1763596380.529675,,,,,,,1.2637633085250854,0.2826765775680542,0.7924985885620117,-0.0881977379322052,4.331418514251709,-4.865677833557129
1763596380.537388,-2.7584505673676727,6.935815162467956,-2.9583628988593813,2.2205605506896973,1.7687010765075684,5.5220208168029785,,,,,,
1763596380.539706,,,,,,,1.2826242446899414,0.2582753896713257,0.7720491886138916,-0.06204080581665039,4.188813209533691,-4.8060221672058105
1763596380.547441,-2.6907120791375636,7.48822341953516,-2.7348762150347232,2.122154712677002,1.8856699466705322,5.3931803703308105,,,,,,
1763596380.549736,,,,,,,1.2506203651428223,0.1957576870918274,0.8144179582595825,-0.10784797370433807,4.109755516052246,-4.728924751281738
1763596380.557494,-2.2448066329807044,8.167802012488245,-2.7075252667725085,2.0566022396087646,1.9805667400360107,5.354717254638672,,,,,,
1763596380.559767,,,,,,,1.2054625749588013,0.11804628372192383,0.8090523481369019,-0.22472049295902252,4.075307846069336,-4.684380054473877
1763596380.567547,-1.7608897283375262,8.433170858752726,-2.647239432635903,2.059185266494751,1.987345814704895,5.418672561645508,,,,,,
1763596380.569797,,,,,,,1.1803560256958008,0.053978919982910156,0.7875062227249146,-0.415793240070343,4.07698392868042,-4.6210832595825195
1763596380.5776,-1.4540671741783617,8.346652266728878,-2.5939631850004194,2.120257616043091,1.8560407161712646,5.533763408660889,,,,,,
1763596380.579828,,,,,,,1.1619795560836792,0.04037368297576904,0.7635303735733032,-0.6491978168487549,4.161594390869141,-4.531326770782471
1763596380.587652,-1.2997680083483456,8.097957491889595,-2.4120371765762565,2.2249605655670166,1.6340994834899902,5.638272762298584,,,,,,
1763596380.589858,,,,,,,1.1451928615570068,0.06500494480133057,0.7310230731964111,-0.8645399212837219,4.317601203918457,-4.441318988800049
1763596380.597705,-1.3978893598824738,7.666556371903419,-2.309807805201411,2.3468525409698486,1.4277890920639038,5.681153774261475,,,,,,
1763596380.599889,,,,,,,1.1316702365875244,0.08157634735107422,0.7209419012069702,-1.0397552251815796,4.493464946746826,-4.317741870880127
1763596380.607758,-1.8061235392928123,7.126140750446916,-2.322742105576396,2.4477927684783936,1.310376524925232,5.634149551391602,,,,,,
1763596380.609919,,,,,,,1.1189244985580444,0.06046438217163086,0.7223807573318481,-1.1090104579925537,4.663083076477051,-4.195825099945068
1763596380.617811,-2.4181021757036447,6.590276216423511,-2.325324523285031,2.5134494304656982,1.3324710130691528,5.510531425476074,,,,,,
1763596380.619949,,,,,,,1.1003096103668213,0.06650173664093018,0.7834329605102539,-1.223586916923523,4.832348823547363,-4.088408946990967
1763596380.627864,-3.0535283231973644,6.180376149627566,-2.356431024688482,2.5158019065856934,1.4376437664031982,5.342328071594238,,,,,,
1763596380.62998,,,,,,,1.0868440866470337,0.06968867778778076,0.7355717420578003,-1.1494191884994507,5.008202075958252,-3.8779942989349365
1763596380.637917,-3.5690339598029848,5.867130868944526,-2.182353391677141,2.4622890949249268,1.5545268058776855,5.1623616218566895,,,,,,
1763596380.64001,,,,,,,1.0607547760009766,0.048436522483825684,0.6362566947937012,-0.9803177118301392,5.11684513092041,-3.74834942817688
1763596380.647969,-3.832693664062023,5.552903006964922,-2.1419114911735058,2.4024577140808105,1.659449577331543,4.9599738121032715,,,,,,
1763596380.650041,,,,,,,1.035285472869873,0.06856304407119751,0.6221524477005005,-0.906672477722168,5.293554306030273,-3.556760549545288
1763596380.658022,-3.8508950911849733,5.1456555005043745,-2.111086144798994,2.3776097297668457,1.7176367044448853,4.760247230529785,,,,,,
1763596380.660071,,,,,,,1.0178031921386719,0.0495755672454834,0.5331599712371826,-0.8100714087486267,5.473233699798584,-3.425004005432129
1763596380.668075,-3.625072073367238,4.691375024712086,-2.0463713883042334,2.387932300567627,1.7135114669799805,4.57449197769165,,,,,,
1763596380.670102,,,,,,,1.030510663986206,0.004478156566619873,0.5123878717422485,-0.8834705352783203,5.602083683013916,-3.306821823120117
1763596380.678128,-3.2272371228963133,4.308664578136802,-1.9799638564169406,2.4139270782470703,1.6125433444976807,4.412269115447998,,,,,,
1763596380.680132,,,,,,,1.0790090560913086,-0.05510348081588745,0.4371219873428345,-0.9005866646766663,5.585719108581543,-3.1177303791046143
1763596380.688181,-2.8011931460291146,4.070350327536463,-1.7920926758527755,2.427055835723877,1.4716283082962036,4.274270057678223,,,,,,
1763596380.690163,,,,,,,1.0860133171081543,-0.12182033061981201,0.3341566324234009,-0.8568088412284851,5.378101348876953,-3.025015115737915
1763596380.698234,-2.3936714988023042,3.8112253440976143,-1.830364684971422,2.437554359436035,1.3518683910369873,4.129461765289307,,,,,,
1763596380.700193,,,,,,,1.0422577857971191,-0.1012214720249176,0.32454735040664673,-0.9813296794891357,5.270488262176514,-2.882199287414551
1763596380.708286,-1.9325269824594258,3.61867097415328,-1.9001203582428394,2.456566095352173,1.2460423707962036,3.9993057250976562,,,,,,
1763596380.710224,,,,,,,0.9821307063102722,-0.07995378971099854,0.2495078444480896,-0.9617194533348083,5.260406494140625,-2.720440626144409
1763596380.718339,-1.5920681161582468,3.5760692652672526,-1.7193606171190738,2.458434581756592,1.1492377519607544,3.893420696258545,,,,,,
1763596380.720254,,,,,,,0.9486014246940613,-0.05863043665885925,0.20992618799209595,-1.0257200002670288,5.209824085235596,-2.603200674057007
1763596380.728392,-1.5312947907656431,3.555292434698343,-1.3704571630775928,2.4359514713287354,0.9983711242675781,3.795175552368164,,,,,,
1763596380.730285,,,,,,,0.9570167064666748,-0.024045616388320923,0.17282402515411377,-1.0215271711349487,5.0855607986450195,-2.454530954360962
1763596380.739074,-1.7203683328568935,3.5467712745904922,-0.9451710188403725,2.389465093612671,0.8594688773155212,3.7036383152008057,,,,,,
1763596380.740315,,,,,,,0.9461730718612671,-0.06010246276855469,0.09779684245586395,-0.9165193438529968,4.807569980621338,-2.391695499420166
1763596380.749127,-2.05378195682168,3.4188907446086403,-0.8787047425031661,2.3750274181365967,0.8243022561073303,3.6060333251953125,,,,,,
1763596380.750345,,,,,,,0.9022418260574341,-0.04868772625923157,0.12102293968200684,-1.0288832187652588,4.578033447265625,-2.3705151081085205
1763596380.759179,-2.4137568399757146,3.3490465162709353,-1.1579862326554953,2.3982887268066406,0.7613219618797302,3.4829392433166504,,,,,,
1763596380.760376,,,,,,,0.8527597784996033,-0.01877450942993164,0.11790511012077332,-1.0803396701812744,4.432762622833252,-2.2402851581573486
1763596380.769232,-2.6393238372057675,3.306741159982979,-1.122039743874967,2.3969945907592773,0.6722140908241272,3.33889102935791,,,,,,
1763596380.770406,,,,,,,0.8090286254882812,-0.018964678049087524,0.0488375723361969,-1.1260347366333008,4.307740688323975,-2.1469268798828125
1763596380.779285,-2.824340212860703,3.1359622762560844,-0.9252464211866259,2.3229072093963623,0.557238757610321,3.1712427139282227,,,,,,
1763596380.780437,,,,,,,0.7959091067314148,0.0046406090259552,-0.013982146978378296,-1.143518328666687,4.229118347167969,-2.0051755905151367
1763596380.789338,-2.860495814347267,2.973884293118119,-0.5142515448912978,2.1859028339385986,0.48172032833099365,2.98766827583313,,,,,,
1763596380.790467,,,,,,,0.7997915744781494,0.007234156131744385,-0.10132715106010437,-0.9845312833786011,3.9774463176727295,-1.975002408027649
1763596380.799391,-2.7972587291896343,2.896507038927078,-0.2688850376918912,2.0403048992156982,0.41157346963882446,2.7930216789245605,,,,,,
1763596380.800498,,,,,,,0.7943999171257019,0.03309383988380432,-0.10638022422790527,-0.9571904540061951,3.640286922454834,-1.9664262533187866
1763596380.809444,-2.5897797618359326,2.9251918661415575,-0.39305239236950873,1.9212062358856201,0.33562272787094116,2.5987472534179688,,,,,,
1763596380.810528,,,,,,,0.7465817928314209,0.01812627911567688,-0.10942202806472778,-0.9182403683662415,3.2801637649536133,-1.9530318975448608
1763596380.819497,-2.2322224612176416,2.9042408480495214,-1.0344494309663772,1.867978811264038,0.22477513551712036,2.4219422340393066,,,,,,
1763596380.820559,,,,,,,0.6597995758056641,-0.002169698476791382,-0.07692646980285645,-1.0106868743896484,3.004453659057617,-1.9038879871368408
1763596380.829549,-1.802299012568593,2.778120897999406,-1.5927920465186238,1.8608285188674927,0.10154508799314499,2.278434991836548,,,,,,
1763596380.830589,,,,,,,0.5704041123390198,-0.032118797302246094,-0.09071922302246094,-1.020802617073059,2.863658905029297,-1.8386634588241577
1763596380.839602,-1.4084452406883239,2.498222591122985,-1.582603245459497,1.871124029159546,-0.015595057979226112,2.1794955730438232,,,,,,
1763596380.84062,,,,,,,0.5336578488349915,-0.03274175524711609,-0.09789180755615234,-1.089081883430481,2.7395243644714355,-1.8230687379837036
1763596380.849655,-1.1906295882374047,2.268755663844943,-0.9837260826840997,1.8272290229797363,-0.11312880367040634,2.1097986698150635,,,,,,
1763596380.85065,,,,,,,0.5749003291130066,-0.008493959903717041,-0.14022386074066162,-1.0742260217666626,2.528996467590332,-1.7778061628341675
1763596380.859708,-1.3565975645512343,2.281047574663162,-0.21568857729434965,1.7241381406784058,-0.19314022362232208,2.0274343490600586,,,,,,
1763596380.860681,,,,,,,0.6245891451835632,0.05275920033454895,-0.1447901725769043,-1.1560311317443848,2.1766371726989746,-1.7774899005889893
1763596380.869761,-1.672826244959235,2.4550275925189253,0.3738216221988201,1.530436635017395,-0.277297705411911,1.9213618040084839,,,,,,
1763596380.870711,,,,,,,0.6078932285308838,0.11494703590869904,-0.17607784271240234,-1.1576290130615234,1.8508379459381104,-1.7047113180160522
1763596380.879814,-1.840016456544399,2.7412019109249113,0.8090127821177243,1.2938734292984009,-0.31608688831329346,1.7975817918777466,,,,,,
1763596380.880741,,,,,,,0.5187639594078064,0.13627958297729492,-0.2438177466392517,-1.060982584953308,1.6893600225448608,-1.6003092527389526
1763596380.889866,-1.8876514834225178,2.6758085245162246,0.924158918210864,1.105275273323059,-0.35905033349990845,1.6341105699539185,,,,,,
1763596380.890772,,,,,,,0.4620237350463867,0.19813472032546997,-0.21472787857055664,-0.8872847557067871,1.5666890144348145,-1.4996769428253174
1763596380.899919,-1.761561343988776,2.409603227427602,0.9415043130263686,0.9236034154891968,-0.37470975518226624,1.4946043491363525,,,,,,
1763596380.900802,,,,,,,0.4319345951080322,0.19417516887187958,-0.22062921524047852,-0.6239807605743408,1.3983445167541504,-1.454515814781189
1763596380.909972,-1.457731541904807,2.261847199630737,0.9256365895479917,0.797325074672699,-0.3724748194217682,1.375870943069458,,,,,,
1763596380.910833,,,,,,,0.41435855627059937,0.1734946221113205,-0.15402156114578247,-0.4703134596347809,1.1892613172531128,-1.4263098239898682
1763596380.920025,-1.2488316018372774,2.082573751541972,0.7386682030424475,0.7280738353729248,-0.4367116093635559,1.2817662954330444,,,,,,
1763596380.920863,,,,,,,0.3943377137184143,0.17180129885673523,-0.0656043291091919,-0.3807484209537506,0.9702221155166626,-1.3695279359817505
1763596380.930078,-1.026267878076434,2.127305458194017,0.6167401517242193,0.6407579183578491,-0.4476470947265625,1.227462649345398,,,,,,
1763596380.930894,,,,,,,0.32933270931243896,0.12760281562805176,-0.07882583141326904,-0.38252875208854675,0.8392608761787415,-1.343561053276062
1763596380.940131,-0.771752434259653,2.1700813546031714,0.4038543568909168,0.5759043097496033,-0.4141613245010376,1.19102942943573,,,,,,
1763596380.940924,,,,,,,0.2653880715370178,0.07020023465156555,-0.07064759731292725,-0.513815701007843,0.7949754595756531,-1.3128262758255005
1763596380.950183,-0.43241760355234143,2.1458137593090534,0.35696839481443166,0.5229015946388245,-0.42787307500839233,1.1606072187423706,,,,,,
1763596380.950955,,,,,,,0.2269512414932251,0.009120509028434753,-0.06408756971359253,-0.5945790410041809,0.773609459400177,-1.237333059310913
1763596380.960236,-0.1847691228955984,2.050581699475646,0.4972685536473989,0.47904759645462036,-0.47240617871284485,1.1196088790893555,,,,,,
1763596380.960985,,,,,,,0.21943926811218262,0.006573587656021118,-0.04304790496826172,-0.6346637010574341,0.713474452495575,-1.17707097530365
1763596380.970289,-0.15115560710728168,1.8888246188551185,0.47667526295185086,0.42715558409690857,-0.47237730026245117,1.0758717060089111,,,,,,
1763596380.971016,,,,,,,0.2072223424911499,0.019865691661834717,-0.02349621057510376,-0.5644057393074036,0.6286477446556091,-1.0964906215667725
1763596380.980342,-0.2811018374472856,1.7950392506986856,0.30342852780669927,0.3815667927265167,-0.40791627764701843,1.0225237607955933,,,,,,
1763596380.981046,,,,,,,0.18044686317443848,0.022189363837242126,-0.035779595375061035,-0.4569514989852905,0.5836483240127563,-0.9813539981842041
1763596380.990395,-0.5170376684784889,1.6490063934326171,0.17558423818200825,0.36725106835365295,-0.35913872718811035,0.9393656849861145,,,,,,
1763596380.991077,,,,,,,0.1635589599609375,0.05967874825000763,-0.0025565624237060547,-0.31532806158065796,0.5530866384506226,-0.8686506152153015
1763596381.000448,-0.7043173128902912,1.5346026001393793,0.13932605310380458,0.35062363743782043,-0.3356424570083618,0.8476203083992004,,,,,,
1763596381.001107,,,,,,,0.13982611894607544,0.06442320346832275,-0.0006198287010192871,-0.17164961993694305,0.534820020198822,-0.7837303280830383
1763596381.010501,-0.8090414236903191,1.4407745618849992,0.20694412982463836,0.33459118008613586,-0.28538355231285095,0.7433478236198425,,,,,,
1763596381.011138,,,,,,,0.11354297399520874,0.026543594896793365,0.002043604850769043,-0.10637208819389343,0.5514400005340576,-0.7131560444831848
1763596381.020553,-0.6444219393759966,1.3235504504740236,0.2287105559527874,0.31785985827445984,-0.25475719571113586,0.64385986328125,,,,,,
1763596381.021168,,,,,,,0.10355496406555176,-0.012847326695919037,0.03224855661392212,-0.11125684529542923,0.5224847793579102,-0.6621822714805603
1763596381.030606,-0.3129284698188305,1.3605793276637792,0.23853286178708075,0.30397677421569824,-0.22673535346984863,0.5734848976135254,,,,,,
1763596381.031198,,,,,,,0.09435015916824341,-0.049410149455070496,0.030942201614379883,-0.17965427041053772,0.4960761070251465,-0.6192401051521301
1763596381.040659,-0.018154665371775625,1.312846685630083,-0.0684621263295412,0.3403768539428711,-0.21663983166217804,0.5195220708847046,,,,,,
1763596381.041229,,,,,,,0.09471315145492554,-0.04056458920240402,0.07084858417510986,-0.3223426043987274,0.46197912096977234,-0.5760247111320496
1763596381.050712,0.22184242374897,1.3239058397829533,-0.4682221996441483,0.39220207929611206,-0.23561276495456696,0.4871285557746887,,,,,,
1763596381.051259,,,,,,,0.09789574146270752,-0.017639465630054474,0.07043653726577759,-0.39250704646110535,0.43645989894866943,-0.5199909806251526
1763596381.060765,0.24548925679624078,1.499685016015172,-0.503917197881639,0.41634443402290344,-0.2747047543525696,0.480944961309433,,,,,,
1763596381.06129,,,,,,,0.09613615274429321,0.009103581309318542,0.010576426982879639,-0.37501204013824463,0.46610888838768005,-0.43334171175956726
1763596381.070818,-0.0016308160722255706,1.5837135447889565,-0.016463643544912338,0.390093594789505,-0.30139005184173584,0.4604089856147766,,,,,,
1763596381.07132,,,,,,,0.12260812520980835,0.0575849711894989,-0.03156423568725586,-0.2548488676548004,0.45902779698371887,-0.3502010107040405
1763596381.08087,-0.4048100501805544,1.5111293700933455,0.6269084945172071,0.3004196286201477,-0.2733200788497925,0.38837766647338867,,,,,,
1763596381.081351,,,,,,,0.1580888032913208,0.08026935160160065,-0.0663977861404419,-0.09279235452413559,0.4034534990787506,-0.2429107129573822
1763596381.090923,-0.8800152405798435,1.389121531537175,1.0682114153146742,0.16987867653369904,-0.19970117509365082,0.26029902696609497,,,,,,
1763596381.091381,,,,,,,0.17490780353546143,0.05550131946802139,-0.0891147255897522,0.03400900214910507,0.31982144713401794,-0.13943012058734894
1763596381.100976,-1.1589192757219076,1.2686223439782858,1.1248457412064075,0.06109973043203354,-0.12563467025756836,0.11510509252548218,,,,,,
1763596381.101412,,,,,,,0.16751521825790405,0.006797283887863159,-0.0870213508605957,0.03303263708949089,0.2220006138086319,-0.041026659309864044
1763596381.111029,-0.9634481415480375,1.148636366638541,0.771299429795146,0.019985435530543327,-0.0882774218916893,0.008624814450740814,,,,,,
1763596381.111442,,,,,,,0.15297335386276245,-0.04576082527637482,-0.07260417938232422,-0.04072999954223633,0.16178014874458313,0.016447287052869797
1763596381.121082,-0.5245780008554458,1.1281173102229833,0.21223843684047458,0.0983942300081253,-0.09401919692754745,-0.0563424676656723,,,,,,
1763596381.121473,,,,,,,0.15163248777389526,-0.08437090367078781,-0.026997506618499756,-0.1772775501012802,0.07227316498756409,0.017694778740406036
1763596381.131135,-0.21729776605665682,1.2513140663027762,-0.25728198592066764,0.19479790329933167,-0.11916318535804749,-0.06693623214960098,,,,,,
1763596381.131503,,,,,,,0.16718971729278564,-0.0677051842212677,0.006158292293548584,-0.3482288122177124,-0.06425884366035461,0.0013653391506522894
1763596381.141187,-0.16458850465416908,1.6401771902889013,-0.2536024206250906,0.23220573365688324,-0.14942282438278198,-0.06761986017227173,,,,,,
1763596381.141534,,,,,,,0.16220861673355103,-0.01842936873435974,-0.017902851104736328,-0.49458742141723633,-0.1762831211090088,0.00944310612976551
1763596381.15124,-0.2915519197911024,1.7788778049707412,0.12014379824995994,0.19401586055755615,-0.18771052360534668,-0.10282813757658005,,,,,,
1763596381.151564,,,,,,,0.15137767791748047,0.044530585408210754,-0.028997182846069336,-0.5233913660049438,-0.261706680059433,0.03966332599520683
1763596381.161293,-0.32556466403007506,1.546750134050846,0.5893415649279952,0.08101235330104828,-0.18246649205684662,-0.15704983472824097,,,,,,
1763596381.161594,,,,,,,0.13726568222045898,0.0879099890589714,-0.05001676082611084,-0.3894345462322235,-0.31348544359207153,0.08719675987958908
1763596381.171346,-0.33859599503874777,1.149433069974184,0.941117359535396,-0.06524229049682617,-0.12780976295471191,-0.21070878207683563,,,,,,
1763596381.171625,,,,,,,0.13331985473632812,0.12299482524394989,-0.08486747741699219,-0.18403635919094086,-0.3568193316459656,0.14189061522483826
1763596381.181399,-0.5039607447624206,0.9035364014208316,1.127189089462161,-0.20782607793807983,-0.06647557020187378,-0.25945690274238586,,,,,,
1763596381.181655,,,,,,,0.14010292291641235,0.13660642504692078,-0.11809873580932617,0.06771273165941238,-0.411065012216568,0.2035258263349533
1763596381.191452,-0.6762000564306974,0.7784954787790774,1.189099894452095,-0.32269182801246643,-0.02950926683843136,-0.3247974216938019,,,,,,
1763596381.191686,,,,,,,0.13660311698913574,0.11559314280748367,-0.13428980112075806,0.33308500051498413,-0.44544854760169983,0.2924919128417969
1763596381.201504,-0.8575795368880033,0.6508698003411293,1.1661644245445728,-0.40931999683380127,0.0019301968859508634,-0.41847559809684753,,,,,,
1763596381.201716,,,,,,,0.13695454597473145,0.10565803945064545,-0.11571323871612549,0.5150585174560547,-0.480368435382843,0.3826761245727539
1763596381.211557,-0.9234534002900123,0.6161492000937462,1.0088619852453469,-0.4804072380065918,0.040907952934503555,-0.5117088556289673,,,,,,
1763596381.211747,,,,,,,0.14047688245773315,0.09453228861093521,-0.10192209482192993,0.6435874700546265,-0.5330559015274048,0.4496479630470276
1763596381.22161,-0.8898796319901943,0.6904068609595299,0.8396072423458099,-0.5313849449157715,0.0727371945977211,-0.6006807088851929,,,,,,
1763596381.221777,,,,,,,0.1436951756477356,0.056971609592437744,-0.08378487825393677,0.645858883857727,-0.6111589670181274,0.4911743700504303
1763596381.231663,-0.7452870366603136,0.8222586326599121,0.596947363756597,-0.5689640045166016,0.09175589680671692,-0.6753405332565308,,,,,,
1763596381.231808,,,,,,,0.14473122358322144,0.013845600187778473,-0.06261926889419556,0.5305445194244385,-0.6958307027816772,0.5160938501358032
1763596381.241716,-0.45141456496715543,0.9951303970128297,0.37925241507589813,-0.5939549803733826,0.10484354943037033,-0.7274225950241089,,,,,,
1763596381.241838,,,,,,,0.14422327280044556,-0.022682853043079376,-0.07169234752655029,0.36605262756347656,-0.7594935297966003,0.5452911257743835
1763596381.251769,-0.11710837607681751,1.0909849726587533,0.28333704915344715,-0.6377589702606201,0.08083328604698181,-0.7611584067344666,,,,,,
1763596381.251869,,,,,,,0.16577571630477905,-0.02541068196296692,-0.09227639436721802,0.2568310499191284,-0.8372096419334412,0.5792277455329895
1763596381.261821,0.09883563728332519,1.1211761127829551,0.42497079467773435,-0.6974954605102539,0.03715307265520096,-0.78805011510849,,,,,,
1763596381.261899,,,,,,,0.20164233446121216,-0.006379477679729462,-0.13925671577453613,0.24660317599773407,-0.936369776725769,0.6321409940719604
1763596381.271874,-0.007913841864466666,1.1664683759272099,0.7474640884384512,-0.7523081302642822,0.010542766191065311,-0.8258867263793945,,,,,,
1763596381.27193,,,,,,,0.2413225769996643,0.016692303121089935,-0.19496643543243408,0.31353986263275146,-1.0792440176010132,0.6986846327781677
1763596381.281927,-0.44524727450907226,1.2848732215553522,1.046284830188751,-0.8480954170227051,-0.012729275971651077,-0.8952174782752991,,,,,,
1763596381.28196,,,,,,,0.2519832253456116,-0.004534989595413208,-0.23637020587921143,0.4469147026538849,-1.2914538383483887,0.7759621739387512
1763596381.29198,-0.9015987113565206,1.290847035267949,1.2703984137400983,-0.9775031805038452,0.0022781691513955593,-1.0123029947280884,,,,,,
1763596381.29199,,,,,,,0.22099322080612183,-0.031101197004318237,-0.25105947256088257,0.5738499760627747,-1.4208741188049316,0.9121761918067932
1763596381.302021,,,,,,,0.19709908962249756,-0.0342818945646286,-0.25957930088043213,0.7848309874534607,-1.494064211845398,1.0635285377502441
1763596381.302033,-1.1792395946949719,1.0815239013522864,1.2301996743425727,-1.0888209342956543,0.07855084538459778,-1.165453314781189,,,,,,
1763596381.312051,,,,,,,0.21684545278549194,-0.022478297352790833,-0.2825968265533447,1.031001329421997,-1.582324504852295,1.2234023809432983
1763596381.312085,-1.3284300392091273,0.8249901034504175,1.0669368653342126,-1.1750679016113281,0.16662690043449402,-1.3238016366958618,,,,,,
1763596381.322082,,,,,,,0.26565325260162354,-0.01640334725379944,-0.31786417961120605,1.2525534629821777,-1.6744229793548584,1.3951542377471924
1763596381.322138,-1.423941500505805,0.6582990735590457,1.1562500565126537,-1.2382400035858154,0.23301783204078674,-1.4617079496383667,,,,,,
1763596381.332112,,,,,,,0.32490718364715576,-0.029491201043128967,-0.3252345323562622,1.4085485935211182,-1.7793691158294678,1.5657789707183838
1763596381.332191,-1.484406782862544,0.6576736351370811,1.396594936157763,-1.2785831689834595,0.2931477725505829,-1.5772985219955444,,,,,,
1763596381.342143,,,,,,,0.3884811997413635,-0.03536169230937958,-0.27959775924682617,1.4377228021621704,-1.9137650728225708,1.729706883430481
1763596381.342244,-1.587504169243574,0.7400462133973836,1.565417132858932,-1.3003665208816528,0.3320770263671875,-1.7016615867614746,,,,,,
1763596381.352173,,,,,,,0.4342442750930786,-0.04650759696960449,-0.24106305837631226,1.3871804475784302,-2.11275315284729,1.8411321640014648
1763596381.352297,-1.7516285635173319,0.8519383161306381,1.6788494507715106,-1.339865803718567,0.3338245749473572,-1.8351246118545532,,,,,,
1763596381.362204,,,,,,,0.4235312342643738,-0.10078279674053192,-0.22318118810653687,1.272011637687683,-2.3088715076446533,1.9301295280456543
1763596381.36235,-1.8639198947012423,1.07222941878438,1.6276313047096131,-1.394615888595581,0.35228800773620605,-1.9650990962982178,,,,,,
1763596381.372234,,,,,,,0.38787806034088135,-0.10630396008491516,-0.19489330053329468,1.1641325950622559,-2.371589422225952,2.0829083919525146
1763596381.372403,-1.8265882351726292,1.3634627741456031,1.2514330165073275,-1.434393048286438,0.3895384967327118,-2.1006951332092285,,,,,,
1763596381.382265,,,,,,,0.38911789655685425,-0.03865671157836914,-0.169822096824646,1.155107855796814,-2.4006619453430176,2.208369016647339
1763596381.382456,-1.6017232487320898,1.5730775844842195,0.7969102563917636,-1.4344907999038696,0.4302273392677307,-2.236276626586914,,,,,,
1763596381.392295,,,,,,,0.44763869047164917,0.025299295783042908,-0.16356024146080017,1.2330026626586914,-2.476379156112671,2.33013653755188
1763596381.392508,-1.3883236591577528,1.6948159584492444,0.45907764694094655,-1.3987106084823608,0.427425742149353,-2.3591418266296387,,,,,,
1763596381.402325,,,,,,,0.5238252282142639,0.04977329075336456,-0.1445220410823822,1.2628364562988281,-2.5514767169952393,2.435123920440674
1763596381.402561,-1.2835200533807276,1.8275544498562812,0.42637481625676155,-1.322989821434021,0.3802289366722107,-2.4770779609680176,,,,,,
1763596381.412356,,,,,,,0.6097085475921631,0.0899755209684372,-0.03154781460762024,1.0900678634643555,-2.6308393478393555,2.5290253162384033
1763596381.412614,-1.370478790387511,2.025249689820409,0.5018132113397121,-1.2130380868911743,0.23786522448062897,-2.6052772998809814,,,,,,
1763596381.422387,,,,,,,0.6755939722061157,0.11433717608451843,0.012445271015167236,0.9397302269935608,-2.7795591354370117,2.567765235900879
1763596381.422667,-1.6386609405070542,2.2131512655228374,0.739678256867826,-1.149405598640442,-0.009066803380846977,-2.748171091079712,,,,,,
1763596381.432417,,,,,,,0.6726990342140198,0.08447787165641785,-0.018304765224456787,0.8876193761825562,-2.8857123851776123,2.5765209197998047
1763596381.43272,-2.048663883155584,2.5026404075652358,0.990894366878271,-1.193271517753601,-0.1785581409931183,-2.8715150356292725,,,,,,
1763596381.442447,,,,,,,0.6322646141052246,0.07499086856842041,-0.02226126194000244,0.8335425853729248,-2.938511610031128,2.6129696369171143
1763596381.442772,-2.3953823943734167,2.8888188225120306,0.9050143650189042,-1.3456649780273438,-0.1819392889738083,-2.9542815685272217,,,,,,
1763596381.452478,,,,,,,0.5846017003059387,0.07737666368484497,-0.010337501764297485,0.8386417627334595,-2.9968647956848145,2.6564395427703857
1763596381.452825,-2.5255191788494584,3.284446618327498,0.5905787055075168,-1.5502269268035889,-0.08928730338811874,-3.022562026977539,,,,,,
1763596381.462508,,,,,,,0.5487442016601562,0.06524404883384705,0.01615813374519348,0.9217668771743774,-3.044445514678955,2.754749298095703
1763596381.462878,-2.399462941685319,3.4820565180957317,0.09303981048613787,-1.7132568359375,0.012079003266990185,-3.1090967655181885,,,,,,
1763596381.472539,,,,,,,0.5421139001846313,0.03952035307884216,0.06800970435142517,1.0469971895217896,-3.105006456375122,2.848738670349121
1763596381.472931,-2.125273075583577,3.4178611092999573,-0.6691130207791924,-1.7534531354904175,0.09542716294527054,-3.245807647705078,,,,,,
1763596381.482569,,,,,,,0.5735509395599365,0.012193948030471802,0.11875560879707336,1.1668537855148315,-3.17860746383667,2.9672534465789795
1763596381.482984,-1.805947013682127,3.1507334366694093,-1.4263523610398172,-1.665919303894043,0.11773912608623505,-3.4238414764404297,,,,,,
1763596381.4926,,,,,,,0.6345294117927551,-0.010705798864364624,0.15383222699165344,1.2252415418624878,-3.286129951477051,3.0666279792785645
1763596381.493037,-1.5470862341374159,2.8648367661610243,-1.6966519417047499,-1.507016897201538,0.057340722531080246,-3.5988802909851074,,,,,,
1763596381.50263,,,,,,,0.6974875926971436,-0.011076152324676514,0.2305532693862915,1.0409303903579712,-3.4751408100128174,3.0801753997802734
1763596381.503089,-1.4152268636524676,2.7091213037922977,-1.5437458376683293,-1.348257303237915,-0.0894087702035904,-3.7536137104034424,,,,,,
1763596381.512661,,,,,,,0.7080622315406799,-0.05160841345787048,0.2695721387863159,0.7254624366760254,-3.6526737213134766,3.0760092735290527
1763596381.513142,-1.5458984856575726,2.6263342995122074,-1.2645944036364554,-1.242872953414917,-0.34416720271110535,-3.8932576179504395,,,,,,
1763596381.522691,,,,,,,0.6703481078147888,-0.09131798148155212,0.2432127445936203,0.38904666900634766,-3.685183525085449,3.098412275314331
1763596381.523195,-1.7206775449365377,2.66157804685086,-1.0613464979812501,-1.2076622247695923,-0.5759831666946411,-4.001060485839844,,,,,,
1763596381.532722,,,,,,,0.642147958278656,-0.060852766036987305,0.19201397895812988,0.2185705304145813,-3.664613962173462,3.1173202991485596
1763596381.533247,-1.6832681439965962,2.8259678140625355,-1.223296763086319,-1.2409719228744507,-0.668748140335083,-4.044586658477783,,,,,,
1763596381.542752,,,,,,,0.647662341594696,0.007165014743804932,0.14395743608474731,0.22470025718212128,-3.6427059173583984,3.1672120094299316
1763596381.5433,-1.4351029459893703,3.085685794958472,-1.3826809770956634,-1.326851487159729,-0.6400107741355896,-4.022512912750244,,,,,,
1763596381.552783,,,,,,,0.679264485836029,0.04650908708572388,0.11083757877349854,0.3696185350418091,-3.666299819946289,3.215703010559082
1763596381.553353,-1.2234206817269324,3.2584403626725074,-1.2237196646735071,-1.4342457056045532,-0.5771571397781372,-3.9750168323516846,,,,,,
1763596381.562813,,,,,,,0.6912354826927185,0.030053317546844482,0.08060330152511597,0.5824273228645325,-3.7389442920684814,3.294923782348633
1763596381.563405,-1.2616273705244063,3.1389047594487667,-0.9793106043294072,-1.5441814661026,-0.5660363435745239,-3.9475769996643066,,,,,,
1763596381.572844,,,,,,,0.6764073371887207,-0.0013193488121032715,0.07827866077423096,0.7732508182525635,-3.739774227142334,3.446035385131836
1763596381.573458,-1.5138953276753424,2.808160354693234,-0.7673943851806223,-1.6212718486785889,-0.6001391410827637,-3.961834669113159,,,,,,
1763596381.582874,,,,,,,0.6624740958213806,-0.033098578453063965,0.13865184783935547,0.7979856729507446,-3.7115888595581055,3.526653528213501
1763596381.583511,-1.7955653203994035,2.3833847903266547,-0.7595126920200884,-1.637037992477417,-0.6115550398826599,-4.067404747009277,,,,,,
1763596381.592904,,,,,,,0.6885281205177307,-0.052194952964782715,0.29158496856689453,0.5960214138031006,-3.781217575073242,3.591554641723633
1763596381.593564,-2.25287128149271,1.7642188727602361,-1.1542181122936308,-1.565637469291687,-0.6540272831916809,-4.2862091064453125,,,,,,
1763596381.602935,,,,,,,0.7183273434638977,-0.05763202905654907,0.33348309993743896,0.368604838848114,-3.908407211303711,3.623849868774414
1763596381.603617,-2.5930548379838467,1.3695448705382645,-1.498881298416853,-1.4447238445281982,-0.7578831315040588,-4.576837062835693,,,,,,
1763596381.612965,,,,,,,0.7144032120704651,-0.06853270530700684,0.2669607400894165,0.1992024928331375,-3.997483968734741,3.636894941329956
1763596381.61367,-2.6452339380323884,1.396979259300232,-1.5570739596664904,-1.3788361549377441,-0.8954412937164307,-4.838996887207031,,,,,,
1763596381.622996,,,,,,,0.6922639608383179,-0.06759804487228394,0.1998234987258911,0.0935627818107605,-4.053776264190674,3.677563190460205
1763596381.623722,-2.1666601479828356,1.7928215746492147,-1.494700943992287,-1.413378119468689,-0.9881659150123596,-4.963432312011719,,,,,,
1763596381.633026,,,,,,,0.6709701418876648,-0.04936283826828003,0.17159593105316162,0.07422583550214767,-4.041069507598877,3.75736665725708
1763596381.633775,-1.269995970419049,2.393675882716477,-1.400461986849457,-1.4850715398788452,-0.9657318592071533,-4.96511697769165,,,,,,
1763596381.643057,,,,,,,0.6641103625297546,-0.033174753189086914,0.16110728681087494,0.23364725708961487,-4.0106024742126465,3.8554720878601074
1763596381.643828,-0.5882616607367992,2.748222603341937,-1.2932266238808632,-1.5488824844360352,-0.8869161605834961,-4.919957637786865,,,,,,
1763596381.653087,,,,,,,0.6674153208732605,-0.0322532057762146,0.15422940254211426,0.47836461663246155,-4.001245021820068,4.007622718811035
1763596381.653881,-0.49845630212724207,2.586272045975923,-0.9918985754847526,-1.596946120262146,-0.8488137722015381,-4.90526008605957,,,,,,
1763596381.663118,,,,,,,0.6767303943634033,-0.044659435749053955,0.16500578820705414,0.6857008934020996,-3.9808473587036133,4.1699018478393555
1763596381.663934,-0.831413999018073,2.1172379454270005,-0.6139093122124671,-1.6333755254745483,-0.8728086948394775,-4.920251846313477,,,,,,
1763596381.673148,,,,,,,0.684209942817688,-0.06099569797515869,0.2709258794784546,0.6464294195175171,-3.9703590869903564,4.2757391929626465
1763596381.673986,-1.0974801798969507,1.7150208343490958,-0.5141863707005977,-1.6791598796844482,-0.9563411474227905,-4.954089164733887,,,,,,
1763596381.683179,,,,,,,0.6931438446044922,-0.024412870407104492,0.41240477561950684,0.35586246848106384,-3.9454710483551025,4.378281116485596
1763596381.684039,-1.2173960146099327,1.5268796046718953,-0.8934510607361793,-1.6878300905227661,-1.0211269855499268,-5.047451019287109,,,,,,
1763596381.693209,,,,,,,0.6884468793869019,0.05472707748413086,0.4256259799003601,0.11126334965229034,-3.896216630935669,4.409786701202393
1763596381.694092,-1.4889818356931208,1.4798963197007775,-1.5153342744372784,-1.6405214071273804,-1.0411328077316284,-5.213699817657471,,,,,,
1763596381.70324,,,,,,,0.686614990234375,0.1107637882232666,0.36970728635787964,-0.01775052584707737,-3.8732666969299316,4.346294403076172
1763596381.704145,-1.5498527762413024,1.7566756177738307,-2.0191163016319273,-1.591476559638977,-1.0631039142608643,-5.378994941711426,,,,,,
1763596381.71327,,,,,,,0.7006886005401611,0.11614292860031128,0.32608845829963684,-0.03906779736280441,-3.849508285522461,4.314995765686035
1763596381.714198,-1.0295201578706503,2.4997128296807407,-2.1457028462804852,-1.5685302019119263,-1.098183035850525,-5.440502166748047,,,,,,
1763596381.723301,,,,,,,0.7235701084136963,0.12995362281799316,0.2992502450942993,0.015108272433280945,-3.8290112018585205,4.3064680099487305
1763596381.724252,-0.1736462558567524,3.4162229867041107,-1.8411844774104653,-1.5731056928634644,-1.1834437847137451,-5.393254280090332,,,,,,
1763596381.733331,,,,,,,0.7448834776878357,0.1703333854675293,0.2682410478591919,0.2890958786010742,-3.847916603088379,4.368511199951172
1763596381.734303,0.33241116892397404,3.8201334576964374,-1.3588380369544029,-1.5929573774337769,-1.3337147235870361,-5.308563709259033,,,,,,
1763596381.743361,,,,,,,0.7520105838775635,0.20793944597244263,0.2638756036758423,0.6100260615348816,-3.8139445781707764,4.457827568054199
1763596381.744356,0.3525888645559549,3.628939854711294,-0.9516343696355819,-1.6186268329620361,-1.4890083074569702,-5.228153228759766,,,,,,
1763596381.753392,,,,,,,0.7457665205001831,0.2246495485305786,0.4079910218715668,0.5673307776451111,-3.7098636627197266,4.46274995803833
1763596381.754409,0.38029403308331966,3.408376364856958,-0.869483471301943,-1.6697968244552612,-1.6047170162200928,-5.147404193878174,,,,,,
1763596381.763422,,,,,,,0.756434440612793,0.21281027793884277,0.5818055868148804,0.17351432144641876,-3.601889133453369,4.547966957092285
1763596381.764462,0.5115349794089794,3.5543905174225565,-1.1080291195053606,-1.6538203954696655,-1.5699111223220825,-5.069378852844238,,,,,,
1763596381.773453,,,,,,,0.7656359076499939,0.1405339241027832,0.6367560625076294,-0.17440901696681976,-3.618084669113159,4.493941783905029
1763596381.774515,0.45764965996444223,4.05041988466382,-1.5721638306401668,-1.5381803512573242,-1.5238780975341797,-5.002572059631348,,,,,,
1763596381.783483,,,,,,,0.7597999572753906,0.118877112865448,0.6396809816360474,-0.5378385186195374,-3.6405680179595947,4.367074966430664
1763596381.784568,0.205779177698493,4.47603306889832,-1.675496925473213,-1.3858593702316284,-1.6045562028884888,-4.921867370605469,,,,,,
1763596381.793514,,,,,,,0.7622277736663818,0.1896340250968933,0.608063817024231,-0.8590130805969238,-3.6099648475646973,4.26951789855957
1763596381.79462,0.10108429299294948,4.79920119318068,-1.458614900610596,-1.216117262840271,-1.7779459953308105,-4.796350479125977,,,,,,
1763596381.803544,,,,,,,0.7502440810203552,0.2603406310081482,0.5420869588851929,-1.11175537109375,-3.569756031036377,4.105434894561768
1763596381.804673,0.1258054772734642,4.805043489468098,-1.2884639395236968,-1.067494511604309,-2.014129400253296,-4.6260175704956055,,,,,,
1763596381.813575,,,,,,,0.7368132472038269,0.3077701926231384,0.4901983439922333,-1.2870256900787354,-3.474213123321533,3.9885475635528564
1763596381.814726,0.14691139366626738,4.309141547998785,-1.1472854634862393,-0.9658659100532532,-2.2447571754455566,-4.435521602630615,,,,,,
1763596381.823605,,,,,,,0.7162866592407227,0.3367084264755249,0.454278826713562,-1.297400951385498,-3.3762102127075195,3.9196765422821045
1763596381.824779,0.09907792160660028,3.6055776838243005,-1.0027063121598214,-0.9250551462173462,-2.3942832946777344,-4.245847702026367,,,,,,
1763596381.833636,,,,,,,0.6874845027923584,0.3575884699821472,0.41542840003967285,-1.1783616542816162,-3.286067008972168,3.8092026710510254
1763596381.834832,0.0939183468863368,3.049643006196618,-0.7155097380340099,-0.9611877799034119,-2.4519572257995605,-4.065738677978516,,,,,,
1763596381.843666,,,,,,,0.6514597535133362,0.35845649242401123,0.4307441711425781,-1.069319248199463,-3.1641416549682617,3.6917243003845215
1763596381.844884,-0.004274316318333149,2.7204490457534787,-0.3563361613254994,-1.0598232746124268,-2.4265401363372803,-3.9222638607025146,,,,,,
1763596381.853697,,,,,,,0.6285433173179626,0.344190776348114,0.4622056782245636,-1.0028754472732544,-3.035661220550537,3.638654947280884
1763596381.854937,-0.3684913670867681,2.585828393861651,-0.1640331357937306,-1.1669052839279175,-2.325927972793579,-3.8313727378845215,,,,,,
1763596381.863727,,,,,,,0.6129196882247925,0.3251105546951294,0.44725799560546875,-0.9010385274887085,-2.9285783767700195,3.57241153717041
1763596381.86499,-0.8306444759503007,2.5363790110379454,-0.10874905546717345,-1.283951997756958,-2.2235898971557617,-3.798048496246338,,,,,,
1763596381.873758,,,,,,,0.6068194508552551,0.3096466064453125,0.4186062812805176,-0.805440366268158,-2.8357794284820557,3.5242509841918945
1763596381.875043,-1.3624319697931409,2.5613328350305555,-0.17971593115925788,-1.3738032579421997,-2.129092216491699,-3.8179149627685547,,,,,,
1763596381.883788,,,,,,,0.6036502122879028,0.29427939653396606,0.4106336832046509,-0.730131208896637,-2.77760648727417,3.4803221225738525
