timestamp,phone_accel_x,phone_accel_y,phone_accel_z,phone_gyro_x,phone_gyro_y,phone_gyro_z,watch_accel_x,watch_accel_y,watch_accel_z,watch_gyro_x,watch_gyro_y,watch_gyro_z
1763596406.377181,3.7702614655464886,1.5066799894690512,-1.921940706515312,1.0305145978927612,-1.4635798931121826,-0.23379938304424286,,,,,,
1763596406.378165,,,,,,,-0.19883018732070923,0.8413879871368408,0.18148314952850342,-1.139181137084961,-0.07833471894264221,0.21308770775794983
1763596406.387234,3.45077378334254,1.3029559907346964,-1.7175442153468727,0.9737022519111633,-1.2360966205596924,-0.0943613275885582,,,,,,
1763596406.388196,,,,,,,-0.1936768889427185,0.8146793246269226,0.16958022117614746,-1.0198429822921753,-0.042299218475818634,0.1576225757598877
1763596406.397287,3.2024270912885666,1.2059224344372748,-1.6501207844153045,0.9150828123092651,-0.9932255148887634,0.04575861617922783,,,,,,
1763596406.398226,,,,,,,-0.17329704761505127,0.7696329355239868,0.15336668491363525,-0.905308723449707,-0.01891639642417431,0.1000782698392868
1763596406.40734,3.0010806353405117,1.1726157926410437,-1.6679563008353113,0.8706889748573303,-0.797725260257721,0.19102393090724945,,,,,,
1763596406.408257,,,,,,,-0.15203773975372314,0.7115486264228821,0.13360130786895752,-0.7986301779747009,-0.006079426966607571,0.023884963244199753
1763596406.417393,2.814500955891609,1.1446394059568643,-1.6449322758615017,0.8479741811752319,-0.6517655849456787,0.3252323865890503,,,,,,
1763596406.418287,,,,,,,-0.128742516040802,0.6347935199737549,0.11857616901397705,-0.6893860101699829,0.018386235460639,-0.0589711032807827
1763596406.427446,2.647939397598803,1.158232462501526,-1.6364929488182067,0.8379676342010498,-0.5394313335418701,0.4326605796813965,,,,,,
1763596406.428318,,,,,,,-0.09941059350967407,0.559106707572937,0.10031198710203171,-0.5613990426063538,0.05916349217295647,-0.14104308187961578
1763596406.437499,2.4738982972055674,1.1906336798906325,-1.5510700430765747,0.8242053985595703,-0.4518275558948517,0.4996461272239685,,,,,,
1763596406.438348,,,,,,,-0.06233912706375122,0.5057297348976135,0.06756079196929932,-0.4077110290527344,0.08235083520412445,-0.20978258550167084
1763596406.447552,2.2826807288229465,1.192190261682868,-1.3879118634864687,0.7859275341033936,-0.3986716568470001,0.5340294241905212,,,,,,
1763596406.448379,,,,,,,-0.024373531341552734,0.4809892177581787,0.027774222195148468,-0.2452496737241745,0.07530837506055832,-0.2819076478481293
1763596406.457605,2.0843504058256745,1.1540794344753027,-1.1401119916602969,0.7200831174850464,-0.36969125270843506,0.548290491104126,,,,,,
1763596406.458409,,,,,,,0.003731369972229004,0.4646787643432617,0.0007088184356689453,-0.12635257840156555,0.050370000302791595,-0.38322460651397705
1763596406.467658,1.9710683100387454,1.1133417658954858,-0.947023953230679,0.6549592614173889,-0.3563075363636017,0.5590177178382874,,,,,,
1763596406.46844,,,,,,,0.02161121368408203,0.41814106702804565,-0.009787917137145996,-0.09092800319194794,0.03137447312474251,-0.4829314947128296
1763596406.477711,1.998536747200787,1.1854466326415538,-0.8293710950136184,0.623504102230072,-0.3588268756866455,0.5715745687484741,,,,,,
1763596406.47847,,,,,,,0.03306382894515991,0.32488033175468445,-0.009157299995422363,-0.10987523943185806,-0.0005288667744025588,-0.5724808573722839
1763596406.487765,2.034007289032638,1.3120435525536536,-0.8239891097143291,0.6528753042221069,-0.38345393538475037,0.6010829210281372,,,,,,
1763596406.488501,,,,,,,0.038435280323028564,0.21194550395011902,0.0009887143969535828,-0.17180810868740082,-0.03656942397356033,-0.6571049690246582
1763596406.497817,2.0210159977734086,1.3891320529311895,-0.771355251635611,0.7170079946517944,-0.4698748290538788,0.6533018946647644,,,,,,
1763596406.498531,,,,,,,0.03294748067855835,0.14480388164520264,0.018481023609638214,-0.34104451537132263,-0.02667631395161152,-0.7347429394721985
1763596406.50787,1.9081945052355527,1.2742501207321881,-0.5594540839254856,0.7884039878845215,-0.6228421926498413,0.6922808289527893,,,,,,
1763596406.508561,,,,,,,0.017962515354156494,0.1356782615184784,0.0056868791580200195,-0.6059105396270752,0.015376596711575985,-0.8506831526756287
1763596406.517924,1.6296856068909167,0.8872463608771562,-0.3359431424424052,0.8598161339759827,-0.8058633804321289,0.6800942420959473,,,,,,
1763596406.518592,,,,,,,0.0074460506439208984,0.14141160249710083,-0.01841914653778076,-0.8967453241348267,0.07054797559976578,-0.9362459182739258
1763596406.527977,1.289183778230846,0.5187263522177934,-0.2663841607868671,0.9324212670326233,-0.9873893857002258,0.6483068466186523,,,,,,
1763596406.528622,,,,,,,0.011606752872467041,0.12769635021686554,-0.012553099542856216,-1.12693190574646,0.08577459305524826,-0.9900848865509033
1763596406.53803,1.1282824376568197,0.43026597847640513,-0.24235242007523775,1.00790536403656,-1.115065097808838,0.6303249001502991,,,,,,
1763596406.538653,,,,,,,0.009385883808135986,0.09653040766716003,-0.00606083869934082,-1.2761800289154053,0.09212969988584518,-1.0428345203399658
1763596406.548083,1.0262897976472973,0.43855449887216086,-0.21635288642197847,1.0812569856643677,-1.1593290567398071,0.635069727897644,,,,,,
1763596406.548683,,,,,,,-0.003643035888671875,0.08850851655006409,-0.004381656646728516,-1.4641954898834229,0.13827428221702576,-1.1144036054611206
1763596406.558136,0.8475608316987753,0.39082887110114095,-0.1278644556298852,1.1157166957855225,-1.1536389589309692,0.6525933742523193,,,,,,
1763596406.558714,,,,,,,-0.015582680702209473,0.07892382889986038,0.0017648935317993164,-1.64906644821167,0.20902276039123535,-1.175894856452942
1763596406.568188,0.5094453136533499,0.2803711850851774,0.08706921164393425,1.104949712753296,-1.1196876764297485,0.6763479113578796,,,,,,
1763596406.568744,,,,,,,-0.011954009532928467,0.04729723557829857,-0.0012767314910888672,-1.720205307006836,0.2748073637485504,-1.187788486480713
1763596406.578242,0.12457856582701206,0.14919161355793475,0.32822175441011786,1.0664467811584473,-1.020363450050354,0.7053934335708618,,,,,,
1763596406.578775,,,,,,,-0.004091858863830566,0.051565542817115784,0.001849643886089325,-1.737558126449585,0.3193037211894989,-1.1879514455795288
1763596406.588295,-0.15246405935734508,0.06933949368596076,0.499702210535109,0.986578106880188,-0.8856072425842285,0.7413458824157715,,,,,,
1763596406.588805,,,,,,,0.015929460525512695,0.08305631577968597,-0.009105205535888672,-1.638598084449768,0.3087767958641052,-1.1776028871536255
1763596406.598347,-0.45596009944230315,-0.03936345761716366,0.5615653769910335,0.8910220265388489,-0.6983715891838074,0.7711098790168762,,,,,,
1763596406.598836,,,,,,,0.030646860599517822,0.10210686922073364,-0.022064916789531708,-1.4387727975845337,0.28691115975379944,-1.1601197719573975
1763596406.608401,-0.7462906607449055,-0.2214776820898056,0.544104246841371,0.7783532738685608,-0.4586053490638733,0.8009902238845825,,,,,,
1763596406.608866,,,,,,,0.024038195610046387,0.11187154054641724,-0.01979076862335205,-1.2320390939712524,0.29018551111221313,-1.1374934911727905
1763596406.618454,-0.861621505755186,-0.2720394100695848,0.6425871251642704,0.6397945880889893,-0.21929503977298737,0.8203849792480469,,,,,,
1763596406.618896,,,,,,,0.016718626022338867,0.0848534032702446,-0.021511919796466827,-0.9496667385101318,0.2889231741428375,-1.0838141441345215
1763596406.628506,-0.9927104763895273,-0.32336919981241224,0.8019327607288956,0.5011689066886902,0.012831834144890308,0.8139855265617371,,,,,,
1763596406.628927,,,,,,,0.024219274520874023,0.04054166376590729,-0.03216041624546051,-0.6344757676124573,0.2774942219257355,-0.9976833462715149
1763596406.63856,-1.1319143644183873,-0.37981297156810756,0.8387985563114285,0.38770627975463867,0.22751057147979736,0.767660915851593,,,,,,
1763596406.638957,,,,,,,0.033700644969940186,0.030080318450927734,-0.03147517889738083,-0.3551105558872223,0.2664991021156311,-0.9434512853622437
1763596406.648612,-1.253841831214726,-0.4287491441726684,0.7291637309856712,0.3135673403739929,0.39154237508773804,0.683517336845398,,,,,,
1763596406.648988,,,,,,,0.03742694854736328,0.04425990581512451,-0.03127468377351761,-0.12536366283893585,0.28869175910949707,-0.9060991406440735
1763596406.658665,-1.3497630423560738,-0.5282751018077135,0.6878007701143622,0.2703503668308258,0.49417102336883545,0.606713056564331,,,,,,
1763596406.659018,,,,,,,0.03198111057281494,0.056972384452819824,-0.03310871869325638,0.06986048817634583,0.3293137550354004,-0.8837467432022095
1763596406.668719,-1.2235327637992799,-0.4694114094287157,0.8387073708966374,0.22714519500732422,0.5151038765907288,0.5618056654930115,,,,,,
1763596406.669049,,,,,,,0.032038331031799316,0.023278191685676575,-0.05252885818481445,0.26391172409057617,0.3830083906650543,-0.8991832137107849
1763596406.678771,-1.0912101597167552,-0.3523568093657493,0.9789008544847368,0.18376870453357697,0.5050405859947205,0.5425562858581543,,,,,,
1763596406.679079,,,,,,,0.05623060464859009,-0.05759096145629883,-0.07963919639587402,0.4747685492038727,0.32064223289489746,-0.787096381187439
1763596406.688825,-0.9037177493371069,-0.26646131767630576,0.9160087833724916,0.16165417432785034,0.5313432216644287,0.541343629360199,,,,,,
1763596406.68911,,,,,,,0.06925159692764282,-0.12112210690975189,-0.06301592290401459,0.4974152445793152,0.2605772912502289,-0.7254921197891235
1763596406.698878,-0.6417353306405246,-0.1902718119651079,0.7703811459064484,0.14325334131717682,0.5594709515571594,0.5396826267242432,,,,,,
1763596406.69914,,,,,,,0.05109131336212158,-0.12079319357872009,-0.02622590959072113,0.38948848843574524,0.2574526071548462,-0.7433721423149109
1763596406.70893,-0.5205271180294454,-0.21683365567624568,0.7697277965642512,0.14269477128982544,0.5494493842124939,0.5238156318664551,,,,,,
1763596406.709171,,,,,,,0.030113935470581055,-0.10434697568416595,-0.012701377272605896,0.35191234946250916,0.26769647002220154,-0.7152619361877441
1763596406.718984,-0.5057359377413988,-0.2880050409644842,0.8183692240059375,0.1662837117910385,0.500505268573761,0.49424684047698975,,,,,,
1763596406.719201,,,,,,,0.017326414585113525,-0.07262550294399261,-0.019139528274536133,0.3433680534362793,0.28390419483184814,-0.6371951699256897
1763596406.729037,-0.5392302110642194,-0.311135156661272,0.7817826837562024,0.20926080644130707,0.4329160451889038,0.4637562334537506,,,,,,
1763596406.729231,,,,,,,0.015686631202697754,-0.03874720633029938,-0.025131940841674805,0.330126017332077,0.30782070755958557,-0.5593275427818298
1763596406.739089,-0.5566872495606542,-0.2958563389867544,0.6151743637122213,0.2489520162343979,0.3654206395149231,0.43960055708885193,,,,,,
1763596406.739263,,,,,,,0.023327767848968506,-0.03362104296684265,-0.03884125500917435,0.32376158237457275,0.32183638215065,-0.4956747889518738
1763596406.749143,-0.5932920561194419,-0.28884909057319164,0.461654219430685,0.2555201053619385,0.325848788022995,0.4238390028476715,,,,,,
1763596406.749292,,,,,,,0.026361048221588135,-0.061722055077552795,-0.05392671376466751,0.3325151205062866,0.3068894147872925,-0.44104933738708496
1763596406.759196,-0.49488954955637454,-0.25351708042919635,0.4641923596061766,0.22252622246742249,0.3504268229007721,0.40529167652130127,,,,,,
1763596406.759323,,,,,,,0.020250260829925537,-0.09750568866729736,-0.06719852983951569,0.38942819833755493,0.30467286705970764,-0.3858572840690613
1763596406.769249,-0.3266499750487506,-0.20521394503116608,0.5430782647944986,0.15372797846794128,0.42898234724998474,0.37005990743637085,,,,,,
1763596406.769353,,,,,,,0.019290804862976074,-0.10351502895355225,-0.06848837435245514,0.4281471073627472,0.3200984299182892,-0.31911900639533997
1763596406.779303,-0.21993498269245026,-0.18813070828318595,0.5844060082219541,0.07478921860456467,0.5117493867874146,0.315426230430603,,,,,,
1763596406.779384,,,,,,,0.025992393493652344,-0.07721693813800812,-0.05918179452419281,0.41755226254463196,0.3225117623806,-0.261993944644928
1763596406.789356,-0.19688333905935287,-0.17828034539818763,0.597835983159393,0.0042181131429970264,0.5492626428604126,0.2551056146621704,,,,,,
1763596406.789414,,,,,,,0.03313601016998291,-0.061819419264793396,-0.05469859391450882,0.40760135650634766,0.3134751319885254,-0.20581693947315216
1763596406.799408,-0.23098346932083366,-0.15078151309788226,0.5887197797678411,-0.03481167554855347,0.521764874458313,0.20565299689769745,,,,,,
1763596406.799445,,,,,,,0.034085631370544434,-0.07367563247680664,-0.058750033378601074,0.4535709321498871,0.2909647524356842,-0.139240100979805
1763596406.809462,-0.2052769272647798,-0.09675415483415126,0.536733718073368,-0.04037235677242279,0.45920878648757935,0.1839546263217926,,,,,,
1763596406.809475,,,,,,,0.03186953067779541,-0.0767441987991333,-0.05758896470069885,0.4909316301345825,0.2772452235221863,-0.07791096717119217
1763596406.819506,,,,,,,0.030165910720825195,-0.06327702105045319,-0.050792232155799866,0.49606001377105713,0.2585016191005707,-0.023074690252542496
1763596406.819515,-0.10372355545535683,0.008021393892168998,0.43858796275034545,-0.02549024671316147,0.38640904426574707,0.17804093658924103,,,,,,
1763596406.829536,,,,,,,0.026260733604431152,-0.061649858951568604,-0.04363645613193512,0.5412083268165588,0.20948615670204163,0.019484221935272217
1763596406.829567,-0.07527458282336592,0.05803191772997379,0.28903087688088414,-0.0077461376786231995,0.3455654978752136,0.16950710117816925,,,,,,
1763596406.839567,,,,,,,0.01456916332244873,-0.06920275092124939,-0.03348493576049805,0.583155632019043,0.17786458134651184,0.04786752909421921
1763596406.839621,-0.09098419313058256,0.03904547770917415,0.19938509274721145,-0.000165614765137434,0.3448071777820587,0.14586156606674194,,,,,,
1763596406.849597,,,,,,,0.006360530853271484,-0.0578446239233017,-0.02507755160331726,0.5748870372772217,0.1585974097251892,0.09317401796579361
1763596406.849674,-0.09761121005490421,0.011942951250076293,0.21463658402338623,-0.015023390762507915,0.36315688490867615,0.10600335896015167,,,,,,
1763596406.859627,,,,,,,0.0013488531112670898,-0.053224846720695496,-0.029093608260154724,0.5611028671264648,0.1414964497089386,0.12565134465694427
1763596406.859726,-0.15641323537454008,-0.06250584827363491,0.2750131651833653,-0.04111816734075546,0.3707861006259918,0.04793902859091759,,,,,,
1763596406.869658,,,,,,,0.0028220415115356445,-0.0576939582824707,-0.039138779044151306,0.5023851990699768,0.14137500524520874,0.14977212250232697
1763596406.86978,-0.25475173679068686,-0.17845277935564516,0.3407845911242068,-0.07334640622138977,0.3642243444919586,-0.006917830556631088,,,,,,
1763596406.879688,,,,,,,0.009578347206115723,-0.0721811056137085,-0.048829659819602966,0.4548279941082001,0.12740379571914673,0.17370401322841644
1763596406.879833,-0.24661504595577716,-0.2161748995065689,0.3527249120257795,-0.10901160538196564,0.34002408385276794,-0.043377891182899475,,,,,,
1763596406.889719,,,,,,,0.023017168045043945,-0.07598771154880524,-0.05148269236087799,0.399960994720459,0.0983620285987854,0.17954567074775696
1763596406.889885,-0.1301733170941472,-0.12930033365190027,0.34483167455792424,-0.12476766109466553,0.3135674297809601,-0.06687203049659729,,,,,,
1763596406.899749,,,,,,,0.026512742042541504,-0.05498552322387695,-0.04134167730808258,0.31638461351394653,0.06909894943237305,0.17599712312221527
1763596406.899939,-0.06437266505882143,-0.057844286203384394,0.26584406256079673,-0.12665462493896484,0.28375667333602905,-0.07435489445924759,,,,,,
1763596406.90978,,,,,,,0.01886928081512451,-0.03509753942489624,-0.03456009924411774,0.25682488083839417,0.03689387068152428,0.17311692237854004
1763596406.909992,-0.05902268233299255,-0.04633563471734523,0.2160930664420128,-0.11748803406953812,0.24730755388736725,-0.07817253470420837,,,,,,
1763596406.91981,,,,,,,0.007912635803222656,-0.028192415833473206,-0.029019251465797424,0.22317670285701752,0.020333271473646164,0.178722083568573
1763596406.920045,-0.07692118098661303,-0.08225099770724772,0.20455694242715836,-0.10251413285732269,0.20522160828113556,-0.07752959430217743,,,,,,
1763596406.929841,,,,,,,-0.00014150142669677734,-0.024012401700019836,-0.023574605584144592,0.17351806163787842,0.0025803737808018923,0.18249976634979248
1763596406.930098,-0.06664192516505718,-0.09590192191898822,0.21840908829942343,-0.0970461294054985,0.15436775982379913,-0.07805077731609344,,,,,,
1763596406.939871,,,,,,,-0.004637420177459717,-0.04537893831729889,-0.02660679817199707,0.19032274186611176,-0.02162349969148636,0.1919519305229187
1763596406.94015,-0.08456935765221714,-0.11057166778445243,0.1869441288471222,-0.096101775765419,0.130411297082901,-0.08276616781949997,,,,,,
1763596406.949902,,,,,,,-0.003963470458984375,-0.05221371352672577,-0.021114379167556763,0.17387160658836365,-0.0076909055933356285,0.19301293790340424
1763596406.950203,-0.06499532700181007,-0.09811141466200352,0.17039266088828445,-0.10373497754335403,0.13075649738311768,-0.1043395921587944,,,,,,
1763596406.959932,,,,,,,0.006953239440917969,-0.02130258083343506,-0.017531245946884155,0.14376524090766907,-0.001528883702121675,0.1975036859512329
1763596406.960257,-0.049077042379975316,-0.05467500851750374,0.1508054784953594,-0.11697036027908325,0.13248062133789062,-0.1362045705318451,,,,,,
1763596406.969962,,,,,,,0.018695175647735596,0.0033819377422332764,-0.023647189140319824,0.17335136234760284,-0.03601442277431488,0.21990753710269928
1763596406.970309,-0.11384060645252465,-0.06662146689891815,0.20005144770145414,-0.12591998279094696,0.12115878611803055,-0.16690576076507568,,,,,,
1763596406.979993,,,,,,,0.016808390617370605,0.010038837790489197,-0.023322954773902893,0.19628465175628662,-0.05202268436551094,0.2345876842737198
1763596406.980363,-0.21031141430065034,-0.11385551176071167,0.21714038353785872,-0.13162046670913696,0.0988638699054718,-0.1828639656305313,,,,,,
1763596406.990023,,,,,,,0.004606664180755615,0.005843356251716614,-0.018442168831825256,0.2064046561717987,-0.04937443509697914,0.23338818550109863
1763596406.990416,-0.2598499367125332,-0.08295242397487163,0.2242868942916393,-0.13855628669261932,0.08277188241481781,-0.18195830285549164,,,,,,
1763596407.000054,,,,,,,-0.00047022104263305664,-0.0021235644817352295,-0.010346770286560059,0.1779298633337021,-0.03943285718560219,0.22315537929534912
1763596407.000468,-0.2354144375056028,-0.028508301603794098,0.16715557866320013,-0.14719665050506592,0.08842124044895172,-0.17324016988277435,,,,,,
1763596407.010084,,,,,,,0.0035408735275268555,-0.0037867724895477295,-0.0018019527196884155,0.12058507651090622,-0.026488028466701508,0.21484658122062683
1763596407.010522,-0.18439546727761624,0.04265899203121662,0.11316928306221961,-0.15999628603458405,0.10530110448598862,-0.15957261621952057,,,,,,
1763596407.020115,,,,,,,0.011442422866821289,-0.0022865235805511475,0.003051251173019409,0.07122521102428436,-0.024139387533068657,0.20518749952316284
1763596407.020576,-0.13355360718220471,0.06950140624940394,0.14222133615389465,-0.17574648559093475,0.11621713638305664,-0.1546042263507843,,,,,,
1763596407.030145,,,,,,,0.019060790538787842,0.004968225955963135,0.009884610772132874,0.019036579877138138,-0.04547183960676193,0.18670010566711426
1763596407.030628,-0.14887757917270064,0.07193535539805888,0.1397683900438249,-0.17707796394824982,0.11121533811092377,-0.1549326777458191,,,,,,
1763596407.040176,,,,,,,0.01920497417449951,0.015064641833305359,0.0169680118560791,-0.04492097347974777,-0.06602345407009125,0.16840046644210815
1763596407.040682,-0.17043050868064163,0.0907441007643938,0.06910115488544107,-0.15742862224578857,0.07588744163513184,-0.1553361415863037,,,,,,
1763596407.050206,,,,,,,0.011174678802490234,0.01017528772354126,0.016085386276245117,-0.0530843585729599,-0.09518080949783325,0.16857650876045227
1763596407.050735,-0.17213409772813318,0.11898995203971863,-0.01912774818763137,-0.12840934097766876,0.023203838616609573,-0.14931415021419525,,,,,,
1763596407.060237,,,,,,,-0.0001227259635925293,0.0033914297819137573,0.013167023658752441,-0.02433166652917862,-0.09099618345499039,0.16584888100624084
1763596407.060787,-0.19018179559409618,0.11266191806197166,-0.11488207832947372,-0.09128913283348083,-0.0128036979585886,-0.148772731423378,,,,,,
1763596407.070267,,,,,,,-0.004992842674255371,0.020817473530769348,0.015020385384559631,-0.02867714688181877,-0.07544518262147903,0.1653173267841339
1763596407.070841,-0.1417389594644308,0.121544312697649,-0.16016016681790352,-0.06744589656591415,-0.03103218786418438,-0.15034683048725128,,,,,,
1763596407.080297,,,,,,,0.0022641420364379883,0.02528819441795349,0.014625445008277893,0.012601729482412338,-0.09136449545621872,0.18388953804969788
1763596407.080894,-0.09496668689548969,0.09896773923039436,-0.09712444945126772,-0.06686639785766602,-0.046471063047647476,-0.15965351462364197,,,,,,
1763596407.090329,,,,,,,0.00378572940826416,0.017426565289497375,0.01648293435573578,0.04106160253286362,-0.10344619303941727,0.19124279916286469
1763596407.090947,-0.12045549454763531,0.0315320333391428,0.0011725509107112884,-0.07724111527204514,-0.03539273887872696,-0.1679750233888626,,,,,,
1763596407.100358,,,,,,,-0.0012397170066833496,0.0216962993144989,0.022026538848876953,0.03657100722193718,-0.08804459869861603,0.19862927496433258
1763596407.101,-0.12063552728965878,-0.0024970775127410886,0.028359686913341283,-0.09186986088752747,-0.005717399530112743,-0.1666562259197235,,,,,,
1763596407.110389,,,,,,,-0.005548417568206787,0.02528955042362213,0.021245256066322327,0.045023348182439804,-0.08657506853342056,0.1977059543132782
1763596407.111053,-0.10981062028408049,-0.018214286604523656,0.006498568239063024,-0.11090980470180511,0.014501530677080154,-0.16086629033088684,,,,,,
1763596407.120419,,,,,,,-0.010542750358581543,0.014590084552764893,0.015199914574623108,0.09291106462478638,-0.08503495901823044,0.20682582259178162
1763596407.121105,-0.11957593523412942,-0.03781564365327358,0.012559037321805954,-0.12242025136947632,0.03775332495570183,-0.1536073088645935,,,,,,
1763596407.13045,,,,,,,-0.014329254627227783,0.01665268838405609,0.016584038734436035,0.06468954682350159,-0.06836464256048203,0.2015644758939743
1763596407.131159,-0.12022343935742974,-0.03982522991001606,-0.04132876634076237,-0.1269529014825821,0.05261797085404396,-0.15358896553516388,,,,,,
1763596407.14048,,,,,,,-0.013377904891967773,0.009038746356964111,0.02237558364868164,0.03949037566781044,-0.07161848992109299,0.21185779571533203
1763596407.141212,-0.1253802375987172,-0.023788287344574926,-0.05700739698782563,-0.13867320120334625,0.049099400639534,-0.15962688624858856,,,,,,
1763596407.150511,,,,,,,-0.014441132545471191,-0.027332961559295654,0.02051067352294922,0.06319969147443771,-0.07426061481237411,0.21985846757888794
1763596407.151264,-0.16779446108862756,-0.01507189692556858,-0.0695361853018403,-0.13950006663799286,0.06519442796707153,-0.17544928193092346,,,,,,
1763596407.160541,,,,,,,-0.01442420482635498,-0.02740684151649475,0.0254366397857666,0.020923197269439697,-0.04588303342461586,0.24259565770626068
1763596407.161318,-0.13293240654394028,0.020836451801657677,-0.14841478396654129,-0.13592050969600677,0.09059219062328339,-0.20491290092468262,,,,,,
1763596407.170572,,,,,,,-0.005282223224639893,0.001438528299331665,0.02262820303440094,-0.0006393515504896641,-0.04300522059202194,0.26919612288475037
1763596407.171371,-0.05257248328030109,0.029491467422246932,-0.12887670141234994,-0.13681916892528534,0.08730144053697586,-0.23418447375297546,,,,,,
1763596407.180602,,,,,,,0.0035652518272399902,0.02585628628730774,0.007865667343139648,0.03687627613544464,-0.06100073084235191,0.28613442182540894
1763596407.181423,-0.07334215345606207,-0.021399346381425856,-0.05184475352764129,-0.1293998658657074,0.059347037225961685,-0.2518276274204254,,,,,,
1763596407.190633,,,,,,,-0.000943601131439209,0.039682865142822266,0.005139462649822235,0.057907793670892715,-0.07631124556064606,0.3015139102935791
1763596407.191477,-0.09520897121876477,-0.08732464770972728,-0.05925517591461539,-0.12193422019481659,0.024057479575276375,-0.24599020183086395,,,,,,
1763596407.200663,,,,,,,-0.012033581733703613,0.02510868012905121,0.005904436111450195,0.09183656424283981,-0.08153477311134338,0.3165786862373352
1763596407.20153,-0.053748249061405656,-0.07701660418510436,-0.06481295617222786,-0.11903403699398041,0.005214284174144268,-0.2265765517950058,,,,,,
1763596407.210693,,,,,,,-0.02458900213241577,-0.007820293307304382,0.003978252410888672,0.13239942491054535,-0.05076860263943672,0.30682992935180664
1763596407.211582,-0.01530453663766384,-0.04357669139802456,-0.10280804804563522,-0.11460084468126297,0.033323049545288086,-0.21648651361465454,,,,,,
1763596407.220724,,,,,,,-0.022872090339660645,0.005062907934188843,0.014678955078125,0.10367349535226822,-0.00517475139349699,0.3118361234664917
1763596407.221636,0.0374856810465455,-0.028425884017348288,-0.12574322569221258,-0.11767280101776123,0.07858720421791077,-0.22303523123264313,,,,,,
1763596407.230754,,,,,,,-0.005744814872741699,0.028300881385803223,0.012388944625854492,0.10596141219139099,-0.011515737511217594,0.32558122277259827
1763596407.231688,0.041105040587484834,-0.03414835331737995,-0.023687165057659148,-0.1300646960735321,0.09164515137672424,-0.24043340981006622,,,,,,
1763596407.240785,,,,,,,0.0015015006065368652,0.04331812262535095,0.008366242051124573,0.12612946331501007,-0.03282688558101654,0.3006313145160675
1763596407.241741,-0.0485658779874444,-0.08498831371665,0.09685732294768094,-0.1292303204536438,0.07628244161605835,-0.24716614186763763,,,,,,
1763596407.250815,,,,,,,-0.001321554183959961,0.04701991379261017,0.012572646141052246,0.13836242258548737,-0.040725819766521454,0.2812453806400299
1763596407.251795,-0.11020371125489473,-0.09611468788683414,0.08746464070230722,-0.11681951582431793,0.05511382967233658,-0.23434512317180634,,,,,,
1763596407.260846,,,,,,,-0.011909723281860352,0.0494401752948761,0.012633800506591797,0.14693783223628998,-0.03366604819893837,0.26479265093803406
1763596407.261847,-0.12405688004046678,-0.06047814183831215,-0.013778349983692168,-0.09095463901758194,0.044325634837150574,-0.20827467739582062,,,,,,
1763596407.270876,,,,,,,-0.01741248369216919,0.05831936001777649,0.00969482958316803,0.12230599671602249,-0.018292417749762535,0.24475103616714478
1763596407.271901,-0.1314230248942971,-0.040245501148700714,-0.07872370036393403,-0.07287896424531937,0.03674068674445152,-0.17684592306613922,,,,,,
1763596407.280908,,,,,,,-0.017261266708374023,0.052991971373558044,0.007734768092632294,0.13780184090137482,-0.006800078321248293,0.22036373615264893
1763596407.281954,-0.12594313217848538,-0.024796587604284284,-0.0424212377525866,-0.06915533542633057,0.05130072310566902,-0.15258213877677917,,,,,,
1763596407.290937,,,,,,,-0.013483107089996338,0.04870440065860748,0.00865936279296875,0.12581601738929749,0.015429327264428139,0.20097512006759644
1763596407.292006,-0.0762000271052122,-0.009698971715569495,-0.012274959683418274,-0.07135643810033798,0.09441037476062775,-0.1368018537759781,,,,,,
1763596407.300968,,,,,,,-0.005690634250640869,0.06206515431404114,0.012835979461669922,0.10179179161787033,0.02152290567755699,0.1873902678489685
1763596407.302061,-0.025837621089816094,0.01949438954293728,0.031019407641887663,-0.08585771918296814,0.13047073781490326,-0.12314287573099136,,,,,,
1763596407.310998,,,,,,,0.0006459355354309082,0.07361587882041931,0.007228374481201172,0.11654836684465408,0.014624519273638725,0.14552989602088928
1763596407.312114,-0.006595452742278575,-0.005374094253778458,0.07748276039212941,-0.09704885631799698,0.13919205963611603,-0.10893917083740234,,,,,,
1763596407.321028,,,,,,,-0.003656327724456787,0.08327682316303253,-0.00045740604400634766,0.15533611178398132,0.01218985766172409,0.10491609573364258
1763596407.322166,0.010351882666349411,-0.07269523385465144,0.07609422864317894,-0.08969809859991074,0.13639797270298004,-0.08882448077201843,,,,,,
1763596407.331059,,,,,,,-0.011778950691223145,0.09187069535255432,8.465349674224854e-05,0.18257279694080353,0.030555283650755882,0.08141929656267166
1763596407.33222,0.0133107324719429,-0.07916939830482006,-0.01419569861292839,-0.07499399036169052,0.12140411883592606,-0.06679188460111618,,,,,,
1763596407.341089,,,,,,,-0.014607071876525879,0.10103568434715271,0.00034393370151519775,0.17377124726772308,0.0662568211555481,0.04599778726696968
1763596407.342273,0.06358516794294118,-0.058280924054980275,-0.05936550442129373,-0.05374196171760559,0.09572005271911621,-0.048554010689258575,,,,,,
1763596407.35112,,,,,,,-0.012287318706512451,0.10278308391571045,-0.003605484962463379,0.16136863827705383,0.08676742017269135,0.012624118477106094
1763596407.352325,0.05766863737553358,-0.07392915956377982,-0.0009784896433353424,-0.031341053545475006,0.08775374293327332,-0.03925052285194397,,,,,,
1763596407.36115,,,,,,,-0.0087890625,0.10517224669456482,-0.006989605724811554,0.14691069722175598,0.11050684005022049,-0.013737514615058899
1763596407.362379,0.058229193867743015,-0.05400163930058479,0.0034510172367095944,-0.01948050782084465,0.10714912414550781,-0.024191858246922493,,,,,,
1763596407.371181,,,,,,,-0.013031303882598877,0.11448714137077332,-0.0016556009650230408,0.14174948632717133,0.15177251398563385,-0.05800910294055939
1763596407.372432,0.152999481408298,0.04873042089939117,0.04969166714698076,-0.014427690766751766,0.1362425535917282,0.01108597218990326,,,,,,
1763596407.381211,,,,,,,-0.021168172359466553,0.1253124326467514,0.005751490592956543,0.16949616372585297,0.20562350749969482,-0.12074359506368637
1763596407.382484,0.2973828179016709,0.1275134502351284,0.08512655314356088,-0.019400879740715027,0.1493184119462967,0.06416117399930954,,,,,,
1763596407.391242,,,,,,,-0.02248603105545044,0.13773052394390106,0.010073661804199219,0.21114081144332886,0.24028001725673676,-0.169650137424469
1763596407.392538,0.3875961727902293,0.1401093124359846,0.09722703304290771,-0.014080415479838848,0.15200580656528473,0.12143111974000931,,,,,,
1763596407.401272,,,,,,,-0.02084815502166748,0.14709609746932983,0.00995732843875885,0.23390047252178192,0.2741072177886963,-0.2097385823726654
1763596407.402591,0.41456425921469925,0.11978490180969238,-0.00160056706443429,0.006250688806176186,0.1549304872751236,0.17621473968029022,,,,,,
1763596407.411303,,,,,,,-0.020108044147491455,0.14281564950942993,0.00729215145111084,0.27376481890678406,0.28468289971351624,-0.2602829933166504
1763596407.412643,0.3925055721417069,0.11008709913790225,-0.12189517196193336,0.02432040125131607,0.16563305258750916,0.2248615026473999,,,,,,
1763596407.421333,,,,,,,-0.018552660942077637,0.12059038877487183,0.009919419884681702,0.31358349323272705,0.2983768880367279,-0.31561553478240967
1763596407.422697,0.3902975407034158,0.1932487819492817,-0.18587182344049213,0.038007184863090515,0.1994812935590744,0.24994954466819763,,,,,,
1763596407.431364,,,,,,,-0.018621981143951416,0.11855047941207886,0.02114284038543701,0.29111096262931824,0.2945925295352936,-0.3656720519065857
1763596407.43275,0.45497167292684315,0.2985749502956867,-0.21586159577369687,0.04333249852061272,0.2446708083152771,0.26620596647262573,,,,,,
1763596407.441394,,,,,,,-0.017479360103607178,0.11642593145370483,0.02543771266937256,0.29758238792419434,0.2671965956687927,-0.3827487826347351
1763596407.442802,0.5090875862568617,0.3471218313217163,-0.16742898877710102,0.03418960049748421,0.27373337745666504,0.27831271290779114,,,,,,
1763596407.451424,,,,,,,-0.022028326988220215,0.11794827878475189,0.029404878616333008,0.29518449306488037,0.25850215554237366,-0.4124930799007416
1763596407.452856,0.5662602568089962,0.2923258267730474,-0.1402396608173847,0.023572470992803574,0.30220192670822144,0.28262659907341003,,,,,,
1763596407.461455,,,,,,,-0.02873474359512329,0.1265740990638733,0.031484976410865784,0.2901587188243866,0.2466854453086853,-0.42167893052101135
1763596407.462909,0.585149373935163,0.19002572824954986,-0.18573066140413283,0.012149641290307045,0.3309693932533264,0.2895561456680298,,,,,,
1763596407.471485,,,,,,,-0.0252455472946167,0.1332288384437561,0.03251327574253082,0.29084476828575134,0.2535420358181,-0.4249841868877411
1763596407.472961,0.6345058177784085,0.17719371920526025,-0.21597499302029607,0.0036047303583472967,0.3520228862762451,0.30293896794319153,,,,,,
1763596407.481516,,,,,,,-0.01707059144973755,0.14207498729228973,0.026209712028503418,0.27934736013412476,0.26790177822113037,-0.4349493384361267
1763596407.483015,0.6968956384569406,0.2742968336075544,-0.19494506447315216,0.0061677563935518265,0.3726767599582672,0.3170316219329834,,,,,,
1763596407.491546,,,,,,,0.003992676734924316,0.13797691464424133,0.01499176025390625,0.3085521161556244,0.25022560358047485,-0.43082383275032043
1763596407.493068,0.6975026644393801,0.4056149368226528,-0.23701909622326492,0.01367456279695034,0.36908242106437683,0.3412707448005676,,,,,,
1763596407.501577,,,,,,,0.015368163585662842,0.12930633127689362,0.011046051979064941,0.3073045611381531,0.20899879932403564,-0.4582568407058716
1763596407.50312,0.6793456609800458,0.5355009614080191,-0.2505051852621138,0.025969311594963074,0.34056663513183594,0.3724299669265747,,,,,,
1763596407.511607,,,,,,,0.012102723121643066,0.10912463068962097,0.0056455135345458984,0.28858813643455505,0.1596972942352295,-0.4726834297180176
1763596407.513174,0.6667363547757268,0.584948006144166,-0.22335297444239258,0.03372354432940483,0.3055621385574341,0.39818236231803894,,,,,,
1763596407.521638,,,,,,,-0.007776081562042236,0.05956798791885376,-0.0008342266082763672,0.27639031410217285,0.12972474098205566,-0.46373096108436584
1763596407.523227,0.6704965840920806,0.546062687432766,-0.26144378177523614,0.038443729281425476,0.3090370297431946,0.40056297183036804,,,,,,
1763596407.531668,,,,,,,-0.030214965343475342,0.023995384573936462,0.010304689407348633,0.22658894956111908,0.1659778207540512,-0.43991243839263916
1763596407.533279,0.7681386276766657,0.46451019338369365,-0.3422166697539389,0.04682326316833496,0.33994925022125244,0.3765890300273895,,,,,,
1763596407.541699,,,,,,,-0.03621411323547363,0.025289669632911682,0.021604672074317932,0.1405651867389679,0.21939310431480408,-0.41535311937332153
1763596407.543333,0.8698166487790644,0.4106523464679718,-0.30790158156752584,0.03894589841365814,0.33509641885757446,0.3369702398777008,,,,,,
1763596407.551729,,,,,,,-0.023082852363586426,0.023708418011665344,0.013271704316139221,0.12340804189443588,0.22029538452625275,-0.3659970164299011
1763596407.553386,0.8944761660002172,0.3338058381527662,-0.11867445634976029,0.03148765489459038,0.2916177213191986,0.2947083115577698,,,,,,
1763596407.561759,,,,,,,-0.007702887058258057,0.025938287377357483,0.0007408857345581055,0.12989772856235504,0.2016093134880066,-0.31355997920036316
1763596407.56344,0.7954423757962882,0.22805004621744154,-0.022601123386621475,0.037011586129665375,0.24318920075893402,0.25898706912994385,,,,,,
1763596407.57179,,,,,,,-0.0009139776229858398,0.03595679998397827,-0.010927185416221619,0.15344911813735962,0.18698802590370178,-0.2668617069721222
1763596407.573493,0.7120743567578494,0.20660393808484076,-0.0535001195192337,0.047465719282627106,0.17553569376468658,0.24405059218406677,,,,,,
1763596407.58182,,,,,,,0.0017876029014587402,0.03195032477378845,-0.020655155181884766,0.20121197402477264,0.18495018780231476,-0.22924204170703888
1763596407.583546,0.611522417075932,0.23299217879474163,-0.12683759680017828,0.06313282996416092,0.11609499901533127,0.2484661042690277,,,,,,
1763596407.591851,,,,,,,0.011268138885498047,0.022191017866134644,-0.023502230644226074,0.23854975402355194,0.15920087695121765,-0.18742161989212036
1763596407.593599,0.4400114196822047,0.2495066757440567,-0.19606734650135038,0.0813576877117157,0.07336372882127762,0.2587599456310272,,,,,,
1763596407.601881,,,,,,,0.023049890995025635,-0.006915926933288574,-0.018460750579833984,0.27493172883987427,0.10667534917593002,-0.16773660480976105
1763596407.603652,0.19746932225376365,0.23058511765301226,-0.19191037295237182,0.0980735570192337,0.06015951186418533,0.26377201080322266,,,,,,
1763596407.611912,,,,,,,0.020590007305145264,-0.028303608298301697,-0.009158611297607422,0.2570118308067322,0.07626444846391678,-0.1474776715040207
1763596407.613705,-0.0747445675998926,0.12184767955839633,-0.1495078399002552,0.10569652915000916,0.06965826451778412,0.24795128405094147,,,,,,
1763596407.621942,,,,,,,0.007388174533843994,-0.03258135914802551,-0.0006959736347198486,0.20734389126300812,0.04744558408856392,-0.1456441432237625
1763596407.623758,-0.3126837012775242,-0.039806525209546084,-0.008102496304363011,0.08886615186929703,0.082257941365242,0.21740294992923737,,,,,,
1763596407.631973,,,,,,,-0.007935047149658203,-0.045315906405448914,-0.0026133060455322266,0.17986299097537994,0.013836223632097244,-0.1346687227487564
1763596407.633811,-0.5374535567805171,-0.28440087899267674,0.15588029754161833,0.05093943700194359,0.10785901546478271,0.1788245290517807,,,,,,
1763596407.642003,,,,,,,-0.026987195014953613,-0.05947504937648773,-0.007776856422424316,0.16362901031970978,0.005187341943383217,-0.12093554437160492
1763596407.643863,-0.6175448922358453,-0.5042465759664774,0.18876652196869254,0.0033341986127197742,0.16120415925979614,0.13722634315490723,,,,,,
1763596407.652034,,,,,,,-0.04218697547912598,-0.063622385263443,-0.008198365569114685,0.09332209080457687,0.013745943084359169,-0.11533971130847931
1763596407.653917,-0.579333235002309,-0.6621037265390157,0.13868103319853545,-0.05297701060771942,0.21596114337444305,0.0924101397395134,,,,,,
1763596407.662064,,,,,,,-0.042314887046813965,-0.08102086186408997,-0.010645255446434021,0.09087223559617996,0.010935242287814617,-0.07772714644670486
1763596407.66397,-0.49159606096893543,-0.6991530619949102,0.10801599195227027,-0.11032944917678833,0.25081866979599,0.05459592491388321,,,,,,
1763596407.672095,,,,,,,-0.034717857837677,-0.0955410897731781,-0.01337037980556488,0.059303656220436096,0.02910785563290119,-0.03641992434859276
1763596407.674023,-0.3727485861398279,-0.63231181486547,0.10384162887707352,-0.1418338418006897,0.2712046504020691,0.02505720779299736,,,,,,
1763596407.682125,,,,,,,-0.01872837543487549,-0.0946708619594574,-0.013477936387062073,0.0511912927031517,0.041285689920186996,0.009116536006331444
1763596407.684076,-0.25133637538924813,-0.44330841540098187,0.06342427829280495,-0.15452657639980316,0.2459806203842163,0.01663561724126339,,,,,,
1763596407.692155,,,,,,,0.00578540563583374,-0.10190349817276001,-0.010103464126586914,0.06585998833179474,0.03759481757879257,0.03489087522029877
1763596407.694129,-0.22079145339131354,-0.23337328706681726,0.034948563784360884,-0.12850163877010345,0.18835300207138062,0.017583969980478287,,,,,,
1763596407.702186,,,,,,,0.028329849243164062,-0.10009357333183289,-0.007499799132347107,0.07434254884719849,0.013830897398293018,0.04097912833094597
1763596407.704182,-0.3569410684160888,-0.10135317306220532,-0.09398629755601286,-0.06848383694887161,0.10375955700874329,0.02653268724679947,,,,,,
1763596407.712216,,,,,,,0.03777545690536499,-0.10377918183803558,-0.0049251168966293335,0.09836027026176453,-0.04353652149438858,0.04533473029732704
1763596407.714235,-0.5692696677580475,-0.06299333952963351,-0.14171850119829177,0.0053941113874316216,0.00028802722226828337,0.03332614526152611,,,,,,
1763596407.722247,,,,,,,0.027543962001800537,-0.101594939827919,-0.0005961805582046509,0.08317739516496658,-0.07346618920564651,0.040749892592430115
1763596407.724288,-0.8257996662676333,-0.1514636501431465,-0.05458733023405075,0.06959855556488037,-0.08762387186288834,0.031937140971422195,,,,,,
1763596407.732277,,,,,,,0.005731523036956787,-0.0835215151309967,0.013615384697914124,0.04886176064610481,-0.06114667281508446,0.03288984298706055
1763596407.734341,-0.9976302510045468,-0.31621874353587626,0.0799507579408586,0.10646682232618332,-0.1432407945394516,0.0181755218654871,,,,,,
1763596407.742308,,,,,,,-0.005652070045471191,-0.06623664498329163,0.02181921899318695,-0.008984566666185856,-0.04780903086066246,0.012396484613418579
1763596407.744394,-1.1452147216267883,-0.5210083256751299,0.2393722352206707,0.11418414115905762,-0.15605248510837555,-0.009391066618263721,,,,,,
1763596407.752338,,,,,,,-0.009238898754119873,-0.06296457350254059,0.015643462538719177,-0.04522139951586723,-0.046869199723005295,0.006060558371245861
1763596407.754447,-1.252199470835179,-0.6838368349194526,0.33422947039231654,0.08540043234825134,-0.13342146575450897,-0.03752656280994415,,,,,,
1763596407.762369,,,,,,,-0.012223303318023682,-0.08038105070590973,0.01382899284362793,-0.04912830516695976,-0.01537013053894043,-0.01391321700066328
1763596407.7645,-1.2553748860009013,-0.705701460725069,0.38542759657949205,0.04364807903766632,-0.06019481644034386,-0.05902218818664551,,,,,,
1763596407.772399,,,,,,,-0.009893476963043213,-0.06921073794364929,0.019405007362365723,-0.07846568524837494,0.03937673941254616,-0.031544141471385956
1763596407.774553,-1.1626141847170888,-0.5760644424647092,0.3623125323213637,0.0033073173835873604,0.03752375394105911,-0.06075723469257355,,,,,,
1763596407.78243,,,,,,,0.00789564847946167,-0.04697214066982269,0.020478829741477966,-0.037206847220659256,0.04407428577542305,-0.030350912362337112
1763596407.784606,-1.080110819683969,-0.39058161834180355,0.3155484430588782,-0.03221149742603302,0.10112664848566055,-0.04433579742908478,,,,,,
1763596407.79246,,,,,,,0.021644115447998047,-0.030950188636779785,0.01280820369720459,0.026948701590299606,0.025331225246191025,-0.048590902239084244
1763596407.794659,-1.070898608572036,-0.22906828334927556,0.2883062158681452,-0.052517302334308624,0.13617758452892303,-0.011277977377176285,,,,,,
1763596407.802491,,,,,,,0.019523799419403076,-0.012362062931060791,0.015283569693565369,0.06330467760562897,0.023693116381764412,-0.07530400902032852
1763596407.804712,-1.0132486758969723,-0.14150456618666649,0.19737331453338264,-0.052074819803237915,0.16208416223526,0.026278965175151825,,,,,,
1763596407.812521,,,,,,,0.011744439601898193,-0.006786450743675232,0.01992557942867279,0.0857498049736023,0.04027768597006798,-0.08481095731258392
1763596407.814765,-0.8474591248899698,-0.07692424972653389,0.03978372885584831,-0.04014625772833824,0.16893860697746277,0.06365004181861877,,,,,,
1763596407.822551,,,,,,,0.006622314453125,-0.0004666745662689209,0.027084439992904663,0.08658206462860107,0.058902233839035034,-0.10141110420227051
1763596407.824819,-0.6895052359446883,-0.0024117373168468475,-0.049285716694593425,-0.017971180379390717,0.17834623157978058,0.09040921926498413,,,,,,
1763596407.832582,,,,,,,0.010784924030303955,0.016219422221183777,0.03500451147556305,0.08636847138404846,0.0639910027384758,-0.11573544889688492
1763596407.834872,-0.5713263080269098,0.10453706379532814,-0.05659793940410018,0.015145868062973022,0.1854034960269928,0.10582348704338074,,,,,,
1763596407.842612,,,,,,,0.012655854225158691,0.04289749264717102,0.03597746789455414,0.09441238641738892,0.0753408670425415,-0.13381165266036987
1763596407.844925,-0.4537007762081921,0.1799023936420679,0.03321969416514039,0.04360546916723251,0.17669309675693512,0.11187365651130676,,,,,,
1763596407.852643,,,,,,,0.008716464042663574,0.07247401773929596,0.02719557285308838,0.12761294841766357,0.08990302681922913,-0.15925469994544983
1763596407.854978,-0.30039325176402926,0.2464291679948568,0.13239990710243582,0.05426514893770218,0.15857310593128204,0.11852242797613144,,,,,,
1763596407.862674,,,,,,,0.0018710494041442871,0.10010597109794617,0.0122603178024292,0.18514509499073029,0.107863649725914,-0.18784332275390625
1763596407.86503,-0.0670350161358714,0.2663034967660904,0.1355437580861151,0.055503252893686295,0.14508631825447083,0.13396236300468445,,,,,,
1763596407.872704,,,,,,,-0.0066953301429748535,0.12208318710327148,-0.0005258470773696899,0.24197615683078766,0.124665267765522,-0.2147364616394043
1763596407.875084,0.17423209292069075,0.18057868546843528,0.05935805176720023,0.05845493823289871,0.14603537321090698,0.1664418876171112,,,,,,
1763596407.882734,,,,,,,-0.011931061744689941,0.13690179586410522,-0.006187185645103455,0.31023797392845154,0.15064947307109833,-0.23688676953315735
1763596407.885137,0.34848099084571,0.08226561075448989,-0.05722250104323029,0.07518598437309265,0.15409542620182037,0.22304630279541016,,,,,,
1763596407.892765,,,,,,,-0.013090193271636963,0.15157826244831085,0.001009240746498108,0.34997501969337463,0.20349431037902832,-0.26718583703041077
1763596407.89519,0.4995416131459176,0.05474807375371456,-0.037372137669473886,0.08606381714344025,0.11824992299079895,0.30002856254577637,,,,,,
1763596407.902795,,,,,,,0.0043457746505737305,0.13588574528694153,-0.004816159605979919,0.43233969807624817,0.26436272263526917,-0.301967978477478
1763596407.905243,0.5712199250429868,0.2086322290420532,0.2386136719383299,0.0995180532336235,0.04892070218920708,0.37682268023490906,,,,,,
1763596407.912826,,,,,,,0.05166739225387573,0.09246018528938293,-0.036243319511413574,0.5128965377807617,0.28667786717414856,-0.34204724431037903
1763596407.915296,0.505711387822032,0.5563444274723529,0.407626861166954,0.1310134083032608,-0.03999798372387886,0.4320409297943115,,,,,,
1763596407.922856,,,,,,,0.11063492298126221,0.054361552000045776,-0.06449531018733978,0.570521891117096,0.22958555817604065,-0.37847205996513367
1763596407.925349,0.22965879658833144,0.8825140716582536,0.42365459751263257,0.1883118450641632,-0.17678247392177582,0.47390422224998474,,,,,,
1763596407.932886,,,,,,,0.13889330625534058,0.03261396288871765,-0.061917781829833984,0.6438416242599487,0.17517904937267303,-0.4108065664768219
1763596407.935402,-0.13533683733716606,0.9565040214985608,0.41279754180312156,0.28758570551872253,-0.3100188076496124,0.5197729468345642,,,,,,
1763596407.942917,,,,,,,0.14253515005111694,0.028843551874160767,-0.04737173020839691,0.6686994433403015,0.22506031394004822,-0.4362093210220337
1763596407.945455,-0.4608005252107978,0.8459259239733219,0.50314124507308,0.4223315417766571,-0.3871990740299225,0.5681852698326111,,,,,,
1763596407.952947,,,,,,,0.17610865831375122,-2.7686357498168945e-05,-0.03964759409427643,0.7104570269584656,0.24761809408664703,-0.46426546573638916
1763596407.955508,-0.9871228855155407,0.7669383119761943,0.8305531444050371,0.5436065196990967,-0.45451095700263977,0.6091726422309875,,,,,,
1763596407.962978,,,,,,,0.23558443784713745,-0.05620977282524109,-0.014358997344970703,0.6922471523284912,0.1848772168159485,-0.5230327248573303
1763596407.965561,-1.889365447733551,0.7403261993825435,1.3414743758298455,0.6185206770896912,-0.5066447257995605,0.6478316187858582,,,,,,
1763596407.973008,,,,,,,0.2775411605834961,-0.12081462144851685,0.013548478484153748,0.6053221225738525,0.09227510541677475,-0.6107751131057739
1763596407.975614,-2.905668250504136,0.783207309731841,1.9040112282015382,0.6204525828361511,-0.47935909032821655,0.6905121803283691,,,,,,
1763596407.983039,,,,,,,0.2765223979949951,-0.20059862732887268,0.012483477592468262,0.4864286184310913,0.04138076677918434,-0.6974301934242249
1763596407.985667,-3.846384920284152,0.791911425191164,2.3001580794550476,0.5449908971786499,-0.3129855692386627,0.7268369197845459,,,,,,
1763596407.993069,,,,,,,0.24656498432159424,-0.2655751705169678,-0.008718505501747131,0.33324703574180603,0.06522218137979507,-0.7607801556587219
1763596407.99572,-4.510963512504101,0.7276017423659563,2.4544401480197906,0.40421679615974426,-0.01487463153898716,0.728663980960846,,,,,,
1763596408.0031,,,,,,,0.2206847071647644,-0.29845690727233887,-0.04360532760620117,0.2547788918018341,0.13286328315734863,-0.7899293899536133
1763596408.005773,-4.8562289023041725,0.4182306727677583,2.461377253806591,0.22964075207710266,0.30268600583076477,0.6732441782951355,,,,,,
1763596408.01313,,,,,,,0.2126273512840271,-0.31100594997406006,-0.08033597469329834,0.24596408009529114,0.18562103807926178,-0.7956394553184509
1763596408.015826,-4.896326227153837,-0.07110182718336581,2.4317089685127136,0.04829438775777817,0.5429273843765259,0.5842093229293823,,,,,,
1763596408.023161,,,,,,,0.21858841180801392,-0.32846567034721375,-0.11041867733001709,0.3437705636024475,0.1799812614917755,-0.7660908699035645
1763596408.025879,-4.6126048548579215,-0.5502402653783559,2.3800514081202446,-0.10430607199668884,0.6638519763946533,0.494118869304657,,,,,,
1763596408.033191,,,,,,,0.2215641736984253,-0.3300282657146454,-0.11820198595523834,0.45784732699394226,0.15552598237991333,-0.7216171622276306
1763596408.035932,-4.149102377212047,-0.9323363794475793,2.23755549280867,-0.2057296335697174,0.6932812333106995,0.4271200895309448,,,,,,
1763596408.043222,,,,,,,0.21450990438461304,-0.29742124676704407,-0.10813522338867188,0.6032947301864624,0.12958864867687225,-0.6594856977462769
1763596408.045986,-3.6057314130812883,-1.1763123090714216,1.9408324539899824,-0.25095972418785095,0.6614537835121155,0.38908639550209045,,,,,,
1763596408.053252,,,,,,,0.2039666771888733,-0.26057422161102295,-0.09671998023986816,0.8158248662948608,0.08204270899295807,-0.5832151770591736
1763596408.056039,-3.1819752548903226,-1.248437049561739,1.629815370750427,-0.25989869236946106,0.5915400385856628,0.37398192286491394,,,,,,
1763596408.063282,,,,,,,0.19695591926574707,-0.23451820015907288,-0.07713805139064789,1.0482571125030518,0.010569856502115726,-0.49838176369667053
1763596408.066092,-2.9777608422905204,-1.2008341713875532,1.3566343894302844,-0.2551875710487366,0.5109373331069946,0.37052860856056213,,,,,,
1763596408.073313,,,,,,,0.19226473569869995,-0.2135503590106964,-0.05524647235870361,1.227332592010498,-0.054100748151540756,-0.43006742000579834
1763596408.076145,-2.8806647421509024,-1.0637579430371522,1.14142526621595,-0.26318082213401794,0.4519723653793335,0.36548087000846863,,,,,,
1763596408.083343,,,,,,,0.20037710666656494,-0.2144274115562439,-0.037969812750816345,1.3737549781799316,-0.10243845731019974,-0.37434422969818115
1763596408.086198,-2.9236303159132597,-0.8170780151516198,1.0238964727699755,-0.31521740555763245,0.40939798951148987,0.34657108783721924,,,,,,
1763596408.093374,,,,,,,0.2160976529121399,-0.2424415647983551,-0.020789504051208496,1.358475923538208,-0.19902491569519043,-0.330983966588974
1763596408.096251,-3.011738807477057,-0.517969980892539,0.9345800667211412,-0.4282930791378021,0.37390685081481934,0.29895487427711487,,,,,,
1763596408.103404,,,,,,,0.220264732837677,-0.3557213246822357,-0.005815520882606506,1.3327364921569824,-0.32481905817985535,-0.3280583620071411
1763596408.106304,-3.072403704059124,-0.10069967758953571,0.7404745218120515,-0.5657839775085449,0.3940976858139038,0.21897733211517334,,,,,,
1763596408.113436,,,,,,,0.19338881969451904,-0.4641280770301819,0.049523115158081055,1.013942003250122,-0.34235838055610657,-0.2861945331096649
1763596408.116357,-2.8523917106077072,0.36405133881270885,0.4100456127464771,-0.6696909070014954,0.4899291396141052,0.10521695762872696,,,,,,
1763596408.123465,,,,,,,0.1780228614807129,-0.5259263515472412,0.08211098611354828,0.6014635562896729,-0.36661896109580994,-0.17010101675987244
1763596408.12641,-2.469215107825398,0.8401444179624319,0.04850844871178269,-0.7431676387786865,0.5442897081375122,-0.03999149054288864,,,,,,
1763596408.133496,,,,,,,0.17391210794448853,-0.5800250768661499,0.08119498938322067,0.2371702641248703,-0.3637928366661072,-0.060346294194459915
1763596408.136463,-2.1504010870993135,1.191667699113488,-0.06247837574481964,-0.7672402858734131,0.4850245714187622,-0.20218011736869812,,,,,,
1763596408.143526,,,,,,,0.183651864528656,-0.5519142746925354,0.08627940714359283,-0.12240166962146759,-0.3380163609981537,0.0919603481888771
1763596408.146516,-1.8374051050022244,1.3515841203033923,-0.1678359621427953,-0.7328066825866699,0.30004969239234924,-0.3584170639514923,,,,,,
1763596408.153557,,,,,,,0.21497803926467896,-0.4900422692298889,0.07567216455936432,-0.3741798400878906,-0.3740537166595459,0.25863349437713623
1763596408.156569,-1.5496690902374683,1.3805869274258613,-0.35540815976038576,-0.6693094372749329,-0.027816055342555046,-0.5038669109344482,,,,,,
1763596408.163587,,,,,,,0.24850833415985107,-0.4605543315410614,0.05805005133152008,-0.5640915632247925,-0.5166143178939819,0.4211384952068329
1763596408.166622,-1.355460377214849,1.3166571838289498,-0.5709340938389301,-0.5952605605125427,-0.4336325526237488,-0.645249605178833,,,,,,
1763596408.173618,,,,,,,0.2516912817955017,-0.5254625082015991,0.043482422828674316,-0.5979177355766296,-0.7087619304656982,0.5482929944992065
1763596408.176675,-1.297998806718737,1.2141980953514575,-0.931484731054306,-0.5030113458633423,-0.769188404083252,-0.790725588798523,,,,,,
1763596408.183648,,,,,,,0.2104778289794922,-0.5659942030906677,0.09349417686462402,-0.8239953517913818,-0.763324499130249,0.6996645331382751
1763596408.186728,-1.21213750955984,1.1520154876828193,-1.3647745873965322,-0.4023774564266205,-0.9654452204704285,-0.940095067024231,,,,,,
1763596408.193678,,,,,,,0.1822320818901062,-0.5339652299880981,0.1538318395614624,-1.0673028230667114,-0.7401297092437744,0.900890052318573
1763596408.196781,-1.1980877952888607,1.0890402683317661,-1.4172700599178671,-0.3412834703922272,-1.1137691736221313,-1.0950974225997925,,,,,,
1763596408.203709,,,,,,,0.20111846923828125,-0.4862458407878876,0.18352925777435303,-1.2825580835342407,-0.7201104760169983,1.0783865451812744
1763596408.206834,-1.513408859332651,0.9428466675460339,-0.9889023162782191,-0.3397900462150574,-1.2763060331344604,-1.2560529708862305,,,,,,
1763596408.21374,,,,,,,0.26198822259902954,-0.4396921396255493,0.1907411813735962,-1.4635260105133057,-0.7997400164604187,1.2293670177459717
1763596408.216887,-2.150497240950167,0.8107447204768657,-0.5445289019942283,-0.3867170810699463,-1.420096516609192,-1.427778959274292,,,,,,
1763596408.22377,,,,,,,0.3202250599861145,-0.433599591255188,0.18983697891235352,-1.5870826244354248,-0.9245957136154175,1.33878755569458
1763596408.22694,-2.8430922596037385,0.7795306670457124,-0.38851387215703725,-0.45373740792274475,-1.500346302986145,-1.5955172777175903,,,,,,
1763596408.2338,,,,,,,0.34155094623565674,-0.3987989127635956,0.20862162113189697,-1.7452785968780518,-1.007905125617981,1.447983741760254
1763596408.236993,-3.2941368222147225,0.8945569761514663,-0.4266989336445927,-0.5411852598190308,-1.5204180479049683,-1.7472559213638306,,,,,,
1763596408.243831,,,,,,,0.3368688225746155,-0.34831294417381287,0.21181988716125488,-1.8233808279037476,-1.073423147201538,1.5353010892868042
1763596408.247046,-3.5479771432489153,1.108650977730751,-0.5324249149635434,-0.6301711201667786,-1.4965927600860596,-1.8828157186508179,,,,,,
1763596408.253861,,,,,,,0.31945478916168213,-0.2991314232349396,0.22653818130493164,-1.8608342409133911,-1.0915896892547607,1.5948677062988281
1763596408.257099,-3.6699654003217814,1.2808815215706824,-0.6146057700440287,-0.7067021131515503,-1.4311469793319702,-2.0004372596740723,,,,,,
1763596408.263892,,,,,,,0.3046689033508301,-0.2535543739795685,0.2534823417663574,-1.8749175071716309,-1.1064714193344116,1.6633081436157227
1763596408.267153,-3.663462302038073,1.3309808927357196,-0.6901543475031853,-0.7678655982017517,-1.341083288192749,-2.098531723022461,,,,,,
1763596408.273922,,,,,,,0.2928428649902344,-0.2246357500553131,0.2667888402938843,-1.8580958843231201,-1.1167224645614624,1.7353646755218506
1763596408.277206,-3.463625081609189,1.320879185438156,-0.6834981044843792,-0.8222776055335999,-1.253610610961914,-2.183452606201172,,,,,,
1763596408.283953,,,,,,,0.2840036153793335,-0.18386565148830414,0.27382445335388184,-1.806868076324463,-1.1135586500167847,1.803046464920044
1763596408.287259,-3.1096891863584517,1.2901163829058409,-0.6929951238870621,-0.8853923678398132,-1.1909637451171875,-2.2551767826080322,,,,,,
1763596408.293983,,,,,,,0.2818232774734497,-0.1278112232685089,0.26900553703308105,-1.7577314376831055,-1.0982073545455933,1.895565152168274
1763596408.297312,-2.6542043032124636,1.314711894980073,-0.7469535085678101,-0.9642632603645325,-1.1795086860656738,-2.322071075439453,,,,,,
1763596408.304013,,,,,,,0.2871374487876892,-0.10317400097846985,0.252644419670105,-1.6300338506698608,-1.1294704675674438,1.9803125858306885
1763596408.307365,-2.181700480726361,1.4398083472013472,-0.9405483274757862,-1.030861735343933,-1.1862387657165527,-2.3899881839752197,,,,,,
1763596408.314044,,,,,,,0.28196853399276733,-0.100291907787323,0.27272069454193115,-1.5568349361419678,-1.1306843757629395,2.045949935913086
1763596408.317418,-1.7106947878435252,1.6696587208390234,-1.3060261919602751,-1.0547648668289185,-1.1608067750930786,-2.447756290435791,,,,,,
1763596408.324074,,,,,,,0.27782994508743286,-0.06447896361351013,0.3017725944519043,-1.543379306793213,-1.1153464317321777,2.1648170948028564
1763596408.327471,-1.176397357006371,1.9359177939414978,-1.6657541146159172,-1.0506489276885986,-1.1582130193710327,-2.4897918701171875,,,,,,
1763596408.334105,,,,,,,0.2803416848182678,-0.022465422749519348,0.30510425567626953,-1.506838321685791,-1.1277482509613037,2.2609150409698486
1763596408.337524,-0.8000549841582775,2.214420847067237,-1.8142767428711055,-1.0321072340011597,-1.2146347761154175,-2.5135717391967773,,,,,,
1763596408.344135,,,,,,,0.28477901220321655,0.019366897642612457,0.3137526512145996,-1.4712342023849487,-1.1501845121383667,2.319248914718628
1763596408.347577,-0.5924406999871135,2.360597496718168,-1.9179691725358365,-0.9947600960731506,-1.2930643558502197,-2.5276031494140625,,,,,,
1763596408.354166,,,,,,,0.28717100620269775,0.05432134121656418,0.3346276879310608,-1.4920227527618408,-1.157328724861145,2.3808553218841553
1763596408.35763,-0.46617052781134843,2.4818033712416887,-2.0906170650050044,-0.9520719647407532,-1.3779667615890503,-2.537461280822754,,,,,,
1763596408.364197,,,,,,,0.28986603021621704,0.06705927103757858,0.34914469718933105,-1.536582589149475,-1.1773240566253662,2.3966152667999268
1763596408.367683,-0.3750906192213297,2.635400526282191,-2.1872312268465754,-0.916820228099823,-1.4660781621932983,-2.5581185817718506,,,,,,
1763596408.374228,,,,,,,0.2887292504310608,0.0840405821800232,0.3732892870903015,-1.6389206647872925,-1.2159862518310547,2.405426025390625
1763596408.377736,-0.2821916785106063,2.783933383670449,-2.2406378228634596,-0.8828372359275818,-1.5301003456115723,-2.5949761867523193,,,,,,
1763596408.384258,,,,,,,0.2676706314086914,0.11163371056318283,0.38954979181289673,-1.7467515468597412,-1.254102110862732,2.3912699222564697
1763596408.387789,-0.16652590245753526,2.897579636594653,-2.3821388819187876,-0.8379651308059692,-1.548300862312317,-2.636176109313965,,,,,,
1763596408.394289,,,,,,,0.2261640429496765,0.15344947576522827,0.41705816984176636,-1.882665991783142,-1.2349977493286133,2.3691177368164062
1763596408.397842,0.08150134838372468,2.8900509946554895,-2.4838088658452033,-0.7677319049835205,-1.5231844186782837,-2.669468641281128,,,,,,
1763596408.404319,,,,,,,0.19639116525650024,0.1913686990737915,0.4335024952888489,-2.030893087387085,-1.2176514863967896,2.371333122253418
1763596408.407895,0.347342488335073,2.8089351384580135,-2.450910804849863,-0.6920337080955505,-1.4911580085754395,-2.6878581047058105,,,,,,
1763596408.41435,,,,,,,0.17381954193115234,0.20775291323661804,0.4220990538597107,-2.1312642097473145,-1.208653450012207,2.319896697998047
1763596408.417948,0.5886734564080834,2.6815117045938965,-2.2898811617210506,-0.6308595538139343,-1.4776023626327515,-2.6794183254241943,,,,,,
1763596408.42438,,,,,,,0.14583057165145874,0.24550533294677734,0.4194484353065491,-2.217045307159424,-1.1589194536209106,2.2931931018829346
1763596408.428001,0.8699737390369177,2.511277303007245,-2.0681763928771018,-0.58725506067276,-1.4724677801132202,-2.650818347930908,,,,,,
1763596408.43441,,,,,,,0.11568409204483032,0.3173193037509918,0.39218294620513916,-2.215909719467163,-1.1152342557907104,2.2784042358398438
1763596408.438054,1.172016657704115,2.3452315852820873,-1.9351807118386029,-0.5665115714073181,-1.4708197116851807,-2.6059083938598633,,,,,,
1763596408.444441,,,,,,,0.07868242263793945,0.3945593237876892,0.3525717854499817,-2.099301338195801,-1.0467790365219116,2.2486326694488525
1763596408.448107,1.578779595518112,2.1594746203929183,-1.9563523869439958,-0.5591412782669067,-1.4441843032836914,-2.554572105407715,,,,,,
1763596408.454471,,,,,,,0.04535800218582153,0.46740615367889404,0.32447248697280884,-1.9158374071121216,-0.9293209314346313,2.2200872898101807
1763596408.45816,2.0853630899995563,1.9615923334240912,-2.0380378597229716,-0.5381687879562378,-1.3740087747573853,-2.504380464553833,,,,,,
1763596408.464502,,,,,,,0.03688269853591919,0.5240140557289124,0.29152971506118774,-1.6914899349212646,-0.8270872235298157,2.222076416015625
1763596408.468212,2.5582331154495477,1.8465631017088888,-2.1238661313951015,-0.5116487741470337,-1.3183889389038086,-2.4432730674743652,,,,,,
1763596408.474532,,,,,,,0.04196643829345703,0.5525089502334595,0.26306384801864624,-1.4561066627502441,-0.7734482288360596,2.1918370723724365
1763596408.478267,2.890420412489772,1.775674040493369,-2.017093271371722,-0.4891413152217865,-1.3084255456924438,-2.362907886505127,,,,,,
1763596408.484563,,,,,,,0.0422205924987793,0.5706093907356262,0.24823451042175293,-1.2295860052108765,-0.7555041313171387,2.164381980895996
1763596408.48832,3.0457424916267395,1.731243947136402,-1.8597212739676237,-0.4670772850513458,-1.3013430833816528,-2.266991138458252,,,,,,
1763596408.494593,,,,,,,0.016587495803833008,0.5922945141792297,0.23432880640029907,-1.0658680200576782,-0.7318965196609497,2.109001398086548
1763596408.498373,3.1164836688041686,1.7622072406768798,-1.8339865287303923,-0.4545542299747467,-1.2532635927200317,-2.161421775817871,,,,,,
1763596408.504624,,,,,,,-0.029913723468780518,0.6247420907020569,0.21781033277511597,-0.952130138874054,-0.679417073726654,2.0505006313323975
1763596408.508426,3.2705349973529576,1.8160107270568608,-1.870140376651287,-0.4588555097579956,-1.1638871431350708,-2.063033103942871,,,,,,
1763596408.514654,,,,,,,-0.07603317499160767,0.6497838497161865,0.19096609950065613,-0.876205325126648,-0.6140617728233337,1.9691569805145264
1763596408.518479,3.4320430716484784,1.804363543882966,-1.933106828173995,-0.4697326123714447,-1.05208420753479,-1.9740082025527954,,,,,,
1763596408.524685,,,,,,,-0.11180931329727173,0.6640012264251709,0.1780730038881302,-0.8701639771461487,-0.5334271192550659,1.875670313835144
1763596408.528532,3.6860599182933567,1.719315608933568,-1.9955133077263831,-0.4588804543018341,-0.9158928394317627,-1.8918172121047974,,,,,,
1763596408.534715,,,,,,,-0.1305910348892212,0.6715406179428101,0.1914614588022232,-0.9439489841461182,-0.47527140378952026,1.7887681722640991
1763596408.538585,3.942404331102967,1.5832038417011498,-2.049719529688358,-0.42940858006477356,-0.8094308376312256,-1.8066213130950928,,,,,,
1763596408.544745,,,,,,,-0.1486905813217163,0.6537049412727356,0.18234556913375854,-0.9661288857460022,-0.4639628231525421,1.6733349561691284
1763596408.548637,4.1897932840406895,1.478850902301073,-1.9705396099895238,-0.38976365327835083,-0.7445245981216431,-1.7093400955200195,,,,,,
1763596408.554776,,,,,,,-0.17296892404556274,0.6441532373428345,0.19533808529376984,-1.0368211269378662,-0.39984002709388733,1.5377241373062134
1763596408.55869,4.482461056119203,1.4303724103361368,-1.880222794726491,-0.3329256772994995,-0.7096115946769714,-1.6034435033798218,,,,,,
1763596408.564806,,,,,,,-0.18250632286071777,0.6671146750450134,0.18849089741706848,-1.0813466310501099,-0.32982179522514343,1.4673707485198975
1763596408.568743,4.749774022188783,1.455937059703469,-1.853892421683669,-0.27131378650665283,-0.702876627445221,-1.4846699237823486,,,,,,
1763596408.574837,,,,,,,-0.18091392517089844,0.6805605888366699,0.1604209542274475,-1.0131025314331055,-0.2859329283237457,1.3667559623718262
1763596408.578796,4.883603815963864,1.5272826325148343,-1.8870938495397567,-0.1999133974313736,-0.6979020833969116,-1.3633540868759155,,,,,,
1763596408.584867,,,,,,,-0.17368167638778687,0.7219595909118652,0.13219380378723145,-0.9361697435379028,-0.2341964840888977,1.2765191793441772
1763596408.588849,4.925982822009921,1.513786022081971,-1.9311901808977125,-0.12920168042182922,-0.7029378414154053,-1.2427574396133423,,,,,,
1763596408.594898,,,,,,,-0.16604048013687134,0.7596887350082397,0.09225386381149292,-0.774690568447113,-0.2067217230796814,1.1945178508758545
1763596408.598902,4.903517307701707,1.438128431290388,-1.9427011704713104,-0.06350196152925491,-0.703149676322937,-1.118506908416748,,,,,,
1763596408.604928,,,,,,,-0.16829943656921387,0.7841716408729553,0.0631803423166275,-0.5949953198432922,-0.19722168147563934,1.1096018552780151
1763596408.608955,4.8138428819954395,1.3138020866587756,-1.9283032272845506,0.006856034975498915,-0.6530989408493042,-1.0015500783920288,,,,,,
1763596408.614959,,,,,,,-0.18552523851394653,0.8004311323165894,0.07726845145225525,-0.43298429250717163,-0.1565711945295334,0.975932240486145
1763596408.619008,4.680127069988846,1.1703414179682732,-1.8775673117816447,0.07853874564170837,-0.5389132499694824,-0.8800417184829712,,,,,,
1763596408.624989,,,,,,,-0.21740037202835083,0.7987573742866516,0.10435014963150024,-0.3249163031578064,-0.09034556895494461,0.8412902355194092
1763596408.629061,4.578036814823746,1.0523504138380289,-1.5796593009620905,0.12291808426380157,-0.3823736310005188,-0.7523484230041504,,,,,,
1763596408.63502,,,,,,,-0.2465449571609497,0.7704989910125732,0.09894323348999023,-0.2000129669904709,0.0012245585676282644,0.7262307405471802
1763596408.639114,4.37155679537952,0.9639841481208801,-1.1585405055373907,0.11484044790267944,-0.22239992022514343,-0.6303098797798157,,,,,,
1763596408.64505,,,,,,,-0.26864612102508545,0.7425987720489502,0.0792551040649414,-0.062452834099531174,0.11557216942310333,0.5810678601264954
1763596408.649167,4.142876634564995,0.9084805798247456,-0.8091507292836904,0.0714436024427414,-0.043974943459033966,-0.5167629718780518,,,,,,
1763596408.65508,,,,,,,-0.2742425799369812,0.7764493227005005,0.050821393728256226,0.021542465314269066,0.28805604577064514,0.47087448835372925
1763596408.65922,4.08766386590898,0.8759636271014809,-0.6934189022570848,0.013849548995494843,0.13780099153518677,-0.40171197056770325,,,,,,
1763596408.665111,,,,,,,-0.2653977870941162,0.8117009997367859,-0.0005244016647338867,0.20007359981536865,0.4418046176433563,0.3715510964393616
1763596408.669273,4.230847763484716,0.8224830890655517,-0.7541033803224563,-0.0349729023873806,0.2974388897418976,-0.2810121178627014,,,,,,
1763596408.675141,,,,,,,-0.24279528856277466,0.8329997658729553,-0.04107624292373657,0.4324064254760742,0.5246230363845825,0.2636624574661255
1763596408.679327,4.469109407114982,0.7181129062697291,-0.8796423156142235,-0.05195428431034088,0.4358370006084442,-0.16300241649150848,,,,,,
1763596408.685172,,,,,,,-0.21820175647735596,0.8384643793106079,-0.053306370973587036,0.6549944877624512,0.5516485571861267,0.1289352923631668
1763596408.68938,4.770953588339686,0.6597673925459384,-1.04714466188848,-0.045371003448963165,0.5444218516349792,-0.037275053560733795,,,,,,
1763596408.695202,,,,,,,-0.21160972118377686,0.811578094959259,-0.0416020005941391,0.8072090744972229,0.5574917793273926,0.026705583557486534
1763596408.699433,5.143989613118768,0.7260790628433227,-1.0676111113339661,-0.03497189283370972,0.6372466087341309,0.09745719283819199,,,,,,
1763596408.705233,,,,,,,-0.22108834981918335,0.7523805499076843,-0.04762965440750122,0.9676075577735901,0.5366402864456177,-0.06380833685398102
1763596408.709486,5.39891246869266,0.8730494932204484,-1.0002303505003451,-0.02602686919271946,0.7231154441833496,0.2256537824869156,,,,,,
1763596408.715263,,,,,,,-0.24303674697875977,0.7268307209014893,-0.03605048358440399,1.013458013534546,0.5292468667030334,-0.1465989649295807
1763596408.719539,5.552555800962447,1.0194649200633168,-0.9463561369717121,-0.024282921105623245,0.7903763651847839,0.34656065702438354,,,,,,
1763596408.725294,,,,,,,-0.2621563673019409,0.7356597781181335,-0.029226988554000854,1.0277118682861328,0.5428971648216248,-0.20551355183124542
1763596408.729592,5.709239231580495,1.0409332400277256,-0.9235334797888993,-0.03211101517081261,0.8351196050643921,0.44814959168434143,,,,,,
1763596408.735324,,,,,,,-0.27358055114746094,0.7315700054168701,-0.03931617736816406,1.0198835134506226,0.5171955227851868,-0.26278162002563477
1763596408.739645,5.802289271199703,0.9451450076162815,-1.0957143392682074,-0.03631950914859772,0.8808987140655518,0.5186875462532043,,,,,,
1763596408.745355,,,,,,,-0.28077995777130127,0.7168279886245728,-0.03485274314880371,1.009767770767212,0.488119900226593,-0.30522674322128296
1763596408.749698,5.924715042906999,0.78413231562227,-1.4402607671439647,-0.026139840483665466,0.9450837969779968,0.5570077896118164,,,,,,
1763596408.755385,,,,,,,-0.2868337035179138,0.7236109972000122,-0.033573731780052185,1.0233958959579468,0.5168666243553162,-0.32890331745147705
1763596408.759751,6.149924312740564,0.7237760465979576,-1.7210867102593181,-0.023030972108244896,1.004738688468933,0.5806602239608765,,,,,,
1763596408.765416,,,,,,,-0.2716270089149475,0.7604033946990967,-0.03562287986278534,1.1081775426864624,0.5763341784477234,-0.3498801589012146
1763596408.769804,6.461579109361767,0.8528136376604437,-1.7746733390182257,-0.031329113990068436,1.0301012992858887,0.6173673868179321,,,,,,
1763596408.775446,,,,,,,-0.21147388219833374,0.8147507905960083,-0.0371742844581604,1.2381600141525269,0.5923779010772705,-0.37078917026519775
1763596408.779857,6.707016928231716,1.1882041146561502,-1.673244178110361,-0.03707797825336456,1.0212997198104858,0.6918279528617859,,,,,,
1763596408.785476,,,,,,,-0.12800973653793335,0.8505324125289917,-0.03536498546600342,1.4029525518417358,0.47880178689956665,-0.43363097310066223
1763596408.78991,6.665866002675891,1.6906757899045943,-1.586526848644018,-0.037030041217803955,0.9719646573066711,0.8253942131996155,,,,,,
1763596408.795507,,,,,,,-0.07660990953445435,0.8493580222129822,-0.021412193775177002,1.5212302207946777,0.32999658584594727,-0.5548927187919617
1763596408.799963,6.359089041224122,2.174807798603177,-1.5657085170209406,-0.025135301053524017,0.9116515517234802,0.9933536648750305,,,,,,
1763596408.805537,,,,,,,-0.07636606693267822,0.8283747434616089,0.004073381423950195,1.5703494548797607,0.2520067095756531,-0.6572326421737671
1763596408.810016,5.949117662757635,2.554506203880906,-1.703774340930581,-0.00901918113231659,0.8916578888893127,1.1665894985198975,,,,,,
1763596408.815568,,,,,,,-0.10197782516479492,0.8116125464439392,0.029222562909126282,1.513421654701233,0.2644071877002716,-0.7494810819625854
1763596408.820069,5.521401953285932,2.845654219046235,-2.008428903400898,0.021092548966407776,0.9412153959274292,1.309778094291687,,,,,,
1763596408.825598,,,,,,,-0.11438429355621338,0.8126484155654907,0.05491304397583008,1.4329553842544556,0.2854624092578888,-0.8509174585342407
1763596408.830122,5.140496510306001,2.956303043720126,-2.309587440448999,0.03565710783004761,1.0055084228515625,1.4159358739852905,,,,,,
1763596408.835629,,,,,,,-0.107654869556427,0.8200508952140808,0.08998404443264008,1.4087491035461426,0.3285036087036133,-0.9762447476387024
1763596408.840175,4.914209966629743,2.9013088862508534,-2.339129761275649,0.03133373335003853,1.0846549272537231,1.493234395980835,,,,,,
1763596408.845659,,,,,,,-0.08298158645629883,0.8822113871574402,0.14045584201812744,1.3495692014694214,0.49729716777801514,-1.097076416015625
1763596408.850228,5.020604056468605,3.0210756678819655,-2.1779028420090674,0.07297838479280472,1.2595577239990234,1.5668394565582275,,,,,,
1763596408.85569,,,,,,,-0.0034230947494506836,0.9458661675453186,0.11942387372255325,1.4527658224105835,0.513817548751831,-1.1927601099014282
1763596408.860282,5.045492414009571,3.359054992327094,-1.9828730218619106,0.11101141571998596,1.3204907178878784,1.694309115409851,,,,,,
1763596408.86572,,,,,,,0.07031339406967163,0.9876471757888794,0.08558154106140137,1.6448389291763306,0.37790924310684204,-1.3755122423171997
1763596408.870335,4.7976118781626225,3.55242652387321,-1.3582956006407736,0.12322040647268295,1.2297977209091187,1.888200044631958,,,,,,
1763596408.875751,,,,,,,0.08690565824508667,1.0108922719955444,0.07332534343004227,1.848325252532959,0.265308141708374,-1.5531615018844604
1763596408.880388,4.495673004391789,3.4884535256564617,-1.1590379336655139,0.13381430506706238,1.1789849996566772,2.120945692062378,,,,,,
1763596408.885781,,,,,,,0.052037179470062256,0.9978630542755127,0.08450853824615479,2.0082218647003174,0.2388530969619751,-1.687063455581665
1763596408.890441,4.397020322459936,3.336075683277845,-1.5895029418453572,0.11375829577445984,1.2565895318984985,2.341949939727783,,,,,,
1763596408.895811,,,,,,,0.007438004016876221,0.9637397527694702,0.10723835229873657,2.114737033843994,0.280884712934494,-1.7872403860092163
1763596408.900494,4.423950414961576,3.0243279476761815,-2.123264366109669,0.007953151129186153,1.4138095378875732,2.510300636291504,,,,,,
1763596408.905842,,,,,,,-0.008386969566345215,0.9419133067131042,0.1425955891609192,2.167057991027832,0.3891054391860962,-1.8717362880706787
1763596408.910547,4.599276002207398,2.73723242277205,-2.4709920543700457,-0.17000912129878998,1.627692461013794,2.606663465499878,,,,,,
1763596408.915872,,,,,,,0.03717726469039917,0.9380006790161133,0.1974906325340271,2.1986594200134277,0.46264809370040894,-1.938663125038147
1763596408.9206,4.924323364365101,2.8198364717006683,-2.7956489559054374,-0.34065958857536316,1.867393136024475,2.6520538330078125,,,,,,
1763596408.925903,,,,,,,0.1308162808418274,0.9255120754241943,0.2513916492462158,2.2382969856262207,0.42526769638061523,-2.026826858520508
1763596408.930653,5.24282992657721,3.395855321457982,-3.012712036423385,-0.43564069271087646,2.019824981689453,2.693999767303467,,,,,,
1763596408.935933,,,,,,,0.22323918342590332,0.9077393412590027,0.28756850957870483,2.200510025024414,0.39084023237228394,-2.129368543624878
1763596408.940706,5.396061170914769,4.411251676908135,-2.9326950813785193,-0.4361772835254669,1.9722506999969482,2.76408314704895,,,,,,
1763596408.945964,,,,,,,0.3123345375061035,0.8712465763092041,0.286698579788208,2.170618772506714,0.27426302433013916,-2.1922426223754883
1763596408.950759,5.180107220682501,5.498758159801364,-2.8368314456433055,-0.352643758058548,1.7083309888839722,2.88916015625,,,,,,
1763596408.955994,,,,,,,0.36421942710876465,0.8510739803314209,0.2853507995605469,2.021068572998047,0.21894089877605438,-2.320709466934204
1763596408.960812,4.686012036374211,6.288619666725396,-2.8866467391699553,-0.21836857497692108,1.343272089958191,3.0655744075775146,,,,,,
1763596408.966025,,,,,,,0.39557236433029175,0.8372007608413696,0.3024001121520996,1.834165334701538,0.3279097378253937,-2.4378843307495117
1763596408.970865,4.259451342156529,6.864120630088448,-3.0876065338879823,-0.08745230734348297,0.9880103468894958,3.27099609375,,,,,,
1763596408.976055,,,,,,,0.470578670501709,0.8151727914810181,0.3327888250350952,1.6141600608825684,0.4119015634059906,-2.5053927898406982
1763596408.980919,3.9270805052429436,7.471148366093635,-3.3487253214925525,-0.0056437235325574875,0.6840181946754456,3.4709630012512207,,,,,,
1763596408.986086,,,,,,,0.5762166380882263,0.8003631830215454,0.35526227951049805,1.4504245519638062,0.3214872479438782,-2.6617143154144287
1763596408.990971,3.5030735871613023,7.950889446356892,-3.72253349968791,0.0457100085914135,0.4416833519935608,3.644352674484253,,,,,,
1763596408.996116,,,,,,,0.6467774510383606,0.7861080169677734,0.4488394260406494,1.2702326774597168,0.18941257894039154,-2.869654417037964
1763596409.001024,2.985733136343956,8.275290327304601,-4.263194035816192,0.1877094805240631,0.29714667797088623,3.7845025062561035,,,,,,
1763596409.006146,,,,,,,0.6665682792663574,0.7333570718765259,0.6023452281951904,1.0090157985687256,0.005777498707175255,-3.1070079803466797
1763596409.011077,2.2922180802360175,8.623736685228348,-4.805914719344675,0.4892198443412781,0.15373595058918,3.8999314308166504,,,,,,
1763596409.016177,,,,,,,0.6419464945793152,0.6386475563049316,0.7466474771499634,0.767993688583374,-0.13104932010173798,-3.3583474159240723
1763596409.02113,1.228727555963397,8.941148437941074,-4.733558800446987,0.8935436606407166,-0.099929079413414,3.9735171794891357,,,,,,
1763596409.026207,,,,,,,0.5925363302230835,0.573508083820343,0.8502393960952759,0.5030577182769775,-0.11610472947359085,-3.5926756858825684
1763596409.031183,-0.17759908513575792,9.116794343182445,-4.0395539149954915,1.2926833629608154,-0.4070621430873871,3.977569103240967,,,,,,
1763596409.036238,,,,,,,0.5663898587226868,0.5916495323181152,0.9015330076217651,0.25773635506629944,0.0796128436923027,-3.7727854251861572
1763596409.041237,-1.718627334408462,9.10412132409215,-3.345454921519756,1.5766860246658325,-0.607354998588562,3.916079044342041,,,,,,
1763596409.046268,,,,,,,0.6110794544219971,0.6309046745300293,0.9115349054336548,0.16272783279418945,0.3454221487045288,-3.891172170639038
1763596409.05129,-3.0389909715399144,9.077718470335006,-3.0688939423725006,1.6732555627822876,-0.5053027868270874,3.823312520980835,,,,,,
1763596409.056299,,,,,,,0.7307127714157104,0.6744245290756226,0.9127795696258545,0.23352371156215668,0.5571194887161255,-3.9587395191192627
1763596409.061343,-3.847567408066988,9.18717077870071,-3.2210584342613813,1.6074341535568237,0.008852949365973473,3.7960762977600098,,,,,,
1763596409.066329,,,,,,,0.8615679144859314,0.7131837606430054,0.9351619482040405,0.4671735167503357,0.7335467338562012,-4.073034763336182
1763596409.071396,-4.207557781051099,9.357475907436013,-3.454454225420952,1.4255743026733398,0.7788163423538208,3.9170420169830322,,,,,,
1763596409.07636,,,,,,,0.9467951059341431,0.7236278653144836,1.010371446609497,0.8126624822616577,0.8764998912811279,-4.207167625427246
1763596409.081449,-4.453976135390997,9.66802245055437,-3.480978367470205,1.2487949132919312,1.5648435354232788,4.195677757263184,,,,,,
1763596409.08639,,,,,,,0.9780438542366028,0.7178070545196533,1.110554575920105,1.1510130167007446,1.0393857955932617,-4.355937957763672
1763596409.091502,-4.840575113837421,9.770198045915365,-3.250321353624761,1.1661244630813599,2.0808169841766357,4.547162055969238,,,,,,
1763596409.096421,,,,,,,0.965789258480072,0.6766316890716553,1.19245183467865,1.4720284938812256,1.2610654830932617,-4.5175089836120605
1763596409.101555,-5.313901358622312,9.546188799521326,-2.8263234956324097,1.2067627906799316,2.248685836791992,4.836119174957275,,,,,,
1763596409.106451,,,,,,,0.9540630578994751,0.5940487384796143,1.236071228981018,1.7036105394363403,1.5382275581359863,-4.631556034088135
1763596409.111608,-5.694617416509986,9.12338482748866,-2.873077063500881,1.3623580932617188,2.233792543411255,4.986164569854736,,,,,,
1763596409.116481,,,,,,,0.9812335968017578,0.49636468291282654,1.2607884407043457,1.8327357769012451,1.8186008930206299,-4.703351020812988
1763596409.121661,-5.883131571152806,8.804425845333933,-3.454969773727655,1.5533320903778076,2.256112575531006,5.01419734954834,,,,,,
1763596409.126512,,,,,,,1.0385007858276367,0.4147069752216339,1.2717890739440918,1.9049867391586304,2.0084073543548584,-4.734640598297119
1763596409.131714,-5.728116950529813,8.804644456520677,-3.879923032748699,1.6627600193023682,2.4139647483825684,4.981531143188477,,,,,,
1763596409.136542,,,,,,,1.0582859516143799,0.33133700489997864,1.256662130355835,2.005161762237549,2.1812477111816406,-4.752140522003174
1763596409.141767,-5.07891479113996,8.789130076524614,-3.7791362613976,1.6452406644821167,2.69311785697937,4.969478607177734,,,,,,
1763596409.146573,,,,,,,1.0209863185882568,0.27267998456954956,1.259341835975647,2.12160325050354,2.393683671951294,-4.758171558380127
1763596409.151821,-4.06765392805934,8.565854989624023,-3.6000960375428197,1.5611382722854614,2.9905691146850586,5.029367923736572,,,,,,
1763596409.156603,,,,,,,0.9909816384315491,0.22414225339889526,1.2587920427322388,2.275036096572876,2.6092333793640137,-4.709325790405273
1763596409.161873,-3.1850930946499107,8.20112034472227,-3.6124858557775616,1.4880685806274414,3.146893262863159,5.1487860679626465,,,,,,
1763596409.166634,,,,,,,0.9919208884239197,0.2067311406135559,1.2714948654174805,2.3394486904144287,2.8175227642059326,-4.658374309539795
1763596409.171926,-2.845173157531023,8.119355669227241,-3.8427380882143973,1.5359055995941162,3.1700456142425537,5.273159980773926,,,,,,
1763596409.176664,,,,,,,1.031038761138916,0.20465296506881714,1.2746230363845825,2.447758674621582,2.9584860801696777,-4.577954292297363
1763596409.181979,-2.9646687210053204,8.437681614175439,-4.307413116770983,1.715959072113037,3.058992862701416,5.36610221862793,,,,,,
1763596409.186695,,,,,,,1.0694968700408936,0.202112078666687,1.259135127067566,2.5624959468841553,3.074632167816162,-4.546947002410889
1763596409.192032,-3.341204278337955,8.901217409569025,-4.474995542544126,1.9633773565292358,2.842942953109741,5.4003987312316895,,,,,,
1763596409.196725,,,,,,,1.103088617324829,0.20944279432296753,1.2723338603973389,2.6450812816619873,3.1843810081481934,-4.528648853302002
1763596409.202085,-3.8645857628852127,9.350178151643275,-4.406267458754778,2.20807147026062,2.682105779647827,5.37427282333374,,,,,,
1763596409.206756,,,,,,,1.1437444686889648,0.2266342043876648,1.3233577013015747,2.595897674560547,3.268038511276245,-4.553834438323975
1763596409.212139,-4.439670838923752,9.547139816635847,-4.336547149057686,2.3868796825408936,2.6777617931365967,5.320760250091553,,,,,,
1763596409.216786,,,,,,,1.1615324020385742,0.22620362043380737,1.3578357696533203,2.4756577014923096,3.3982737064361572,-4.630894660949707
1763596409.222192,-4.845327276800573,9.39024888074696,-3.951656728094816,2.433840751647949,2.800152540206909,5.28995418548584,,,,,,
1763596409.226816,,,,,,,1.1593241691589355,0.21593433618545532,1.3741040229797363,2.302560567855835,3.6007020473480225,-4.727024555206299
1763596409.232245,-4.802503449596465,9.216251911756396,-3.559067277061939,2.3803961277008057,3.0322659015655518,5.313365459442139,,,,,,
1763596409.236847,,,,,,,1.1921939849853516,0.258672833442688,1.3970222473144531,2.1374146938323975,3.824460506439209,-4.821908950805664
1763596409.242298,-4.506508286660909,9.160711226320267,-3.620525077587366,2.3230719566345215,3.307886838912964,5.408298492431641,,,,,,
1763596409.246877,,,,,,,1.2803292274475098,0.3193264603614807,1.411409616470337,2.00555157661438,4.003589153289795,-4.936300754547119
1763596409.252351,-4.323220926755666,9.354636884617804,-3.780202429324388,2.3053433895111084,3.48024582862854,5.575551509857178,,,,,,
1763596409.256908,,,,,,,1.383657455444336,0.3432784080505371,1.3987104892730713,1.9098188877105713,4.11589241027832,-5.03594446182251
1763596409.262404,-4.325813865858316,9.7998034951061,-3.7261131117403505,2.3318159580230713,3.4800188541412354,5.769346237182617,,,,,,
1763596409.266938,,,,,,,1.4490180015563965,0.33165043592453003,1.356158971786499,1.9066636562347412,4.210590839385986,-5.120373725891113
1763596409.272457,-4.386483146354556,10.187412235116957,-3.6609143711209295,2.396146059036255,3.397059917449951,5.947634220123291,,,,,,
1763596409.276969,,,,,,,1.458290457725525,0.32723891735076904,1.3064143657684326,1.935045838356018,4.370263576507568,-5.221530437469482
1763596409.28251,-4.177968990734219,10.306000036096572,-3.5893013795450326,2.4660239219665527,3.3130762577056885,6.0809831619262695,,,,,,
1763596409.286999,,,,,,,1.4692723751068115,0.3272271156311035,1.2964049577713013,1.857599139213562,4.554323673248291,-5.330117702484131
1763596409.292563,-3.9206408275842666,10.087616812890767,-3.5327567777633666,2.540698528289795,3.280961275100708,6.1392502784729,,,,,,
1763596409.29703,,,,,,,1.520327091217041,0.2750994563102722,1.3118764162063599,1.5585980415344238,4.672703742980957,-5.48586893081665
1763596409.302616,-3.9895881070822474,9.594779519689082,-3.475970476180315,2.609598159790039,3.2689108848571777,6.15757942199707,,,,,,
1763596409.30706,,,,,,,1.5699275732040405,0.1174544095993042,1.3082327842712402,1.0536696910858154,4.726782321929932,-5.645753860473633
1763596409.312669,-4.206857816088199,9.212450181385874,-3.182417737960815,2.6499879360198975,3.262221336364746,6.146432399749756,,,,,,
1763596409.31709,,,,,,,1.57183039188385,-0.03563034534454346,1.2967950105667114,0.2873610854148865,4.851770401000977,-5.809127330780029
1763596409.322723,-4.358527802458405,9.117125767093896,-2.837003879600763,2.6565945148468018,3.2338924407958984,6.118129253387451,,,,,,
1763596409.327121,,,,,,,1.5478206872940063,-0.11651349067687988,1.224395513534546,-0.444082647562027,5.051939487457275,-5.882018089294434
1763596409.332775,-4.443710761964321,8.895315492048859,-2.7365093691945073,2.62715744972229,3.1321585178375244,6.069239139556885,,,,,,
1763596409.337151,,,,,,,1.5505291223526,-0.1512134075164795,1.1262555122375488,-0.9286839365959167,5.224682331085205,-5.827307224273682
1763596409.342828,-4.343149616062641,8.726096989506482,-3.0065479608356953,2.6100850105285645,3.041637897491455,6.013891696929932,,,,,,
1763596409.347182,,,,,,,1.5670939683914185,-0.058280348777770996,1.101206660270691,-1.1036014556884766,5.310963153839111,-5.631565093994141
1763596409.352881,-3.937441740259528,8.791815954607724,-3.514224803511798,2.626638412475586,2.9492039680480957,5.983449459075928,,,,,,
1763596409.357212,,,,,,,1.5677584409713745,0.06327629089355469,1.0328686237335205,-0.8433564901351929,5.365901947021484,-5.361368179321289
1763596409.362934,-3.5648669032514095,8.647052094364165,-3.5653862509503957,2.6237881183624268,2.772362232208252,5.984389305114746,,,,,,
1763596409.367242,,,,,,,1.527233600616455,0.1205756664276123,0.959593653678894,-0.4411967992782593,5.489112854003906,-5.126356601715088
1763596409.372988,-3.3661317988455295,8.387370061564445,-3.1433821971237657,2.57000470161438,2.590421199798584,6.001614570617676,,,,,,
1763596409.377272,,,,,,,1.507964849472046,0.12334895133972168,0.9315100908279419,-0.038741230964660645,5.605645656585693,-4.8822479248046875
1763596409.383041,-3.310093100759387,8.205064113911986,-2.7887036668121814,2.4749977588653564,2.4791927337646484,6.017212867736816,,,,,,
1763596409.387303,,,,,,,1.5247493982315063,0.06735479831695557,0.8894029855728149,0.3050689995288849,5.670523643493652,-4.643148899078369
1763596409.393094,-3.4802082598805426,8.058805631196499,-2.631210381115973,2.344313859939575,2.4301178455352783,6.014382839202881,,,,,,
1763596409.397333,,,,,,,1.5425069332122803,0.008817851543426514,0.861825704574585,0.4507657587528229,5.649338245391846,-4.471572399139404
1763596409.403147,-3.849109376811981,7.899305974113941,-2.6871482491761443,2.2170963287353516,2.424290657043457,5.979029178619385,,,,,,
1763596409.407364,,,,,,,1.541265845298767,-0.06295454502105713,0.8842098712921143,0.43669965863227844,5.541756629943848,-4.357020854949951
1763596409.4132,-4.243554100322723,7.77979813567996,-3.0361487338513133,2.1491260528564453,2.4594552516937256,5.9069132804870605,,,,,,
1763596409.417394,,,,,,,1.5059013366699219,-0.11480283737182617,0.9484314918518066,0.31158754229545593,5.4311842918396,-4.228279113769531
1763596409.423253,-4.402047210711241,7.80549780960381,-3.4495611926823853,2.1623125076293945,2.455244302749634,5.834601879119873,,,,,,
1763596409.427425,,,,,,,1.437041997909546,-0.13388127088546753,0.9573581218719482,0.1530141532421112,5.422850608825684,-4.152653694152832
1763596409.433306,-4.23442269936204,7.920701813364029,-3.486690315376222,2.2092113494873047,2.328662872314453,5.777323246002197,,,,,,
1763596409.437455,,,,,,,1.3792955875396729,-0.13096320629119873,0.902398943901062,0.012291922233998775,5.536131858825684,-4.051791667938232
1763596409.443359,-3.8605706820249557,7.850493135628104,-3.2003412249252197,2.2578518390655518,2.162308692932129,5.733972072601318,,,,,,
1763596409.447485,,,,,,,1.378705382347107,-0.1036226749420166,0.8196783661842346,-0.022681904956698418,5.605743885040283,-3.9358227252960205
1763596409.453412,-3.563567511090636,7.615529949021339,-3.0208976809665558,2.270550489425659,2.0334644317626953,5.681565284729004,,,,,,
1763596409.457516,,,,,,,1.3960498571395874,-0.07285267114639282,0.7221382856369019,0.05388370901346207,5.596015453338623,-3.805910110473633
1763596409.463465,-3.4257612149000165,7.243560092169046,-2.820392059756815,2.2216172218322754,1.9514063596725464,5.613072872161865,,,,,,
1763596409.467546,,,,,,,1.3893711566925049,-0.04089546203613281,0.6571967601776123,0.14188998937606812,5.5660319328308105,-3.6404473781585693
1763596409.473518,-3.412054761108756,6.7825172826349736,-2.5880571758270263,2.130066394805908,1.9113714694976807,5.504013538360596,,,,,,
1763596409.477577,,,,,,,1.353450059890747,-0.028602182865142822,0.5964362621307373,0.18146376311779022,5.5420918464660645,-3.499851703643799
1763596409.483571,-3.529503328925371,6.247830560219287,-2.3732190778821707,2.0162911415100098,1.890822172164917,5.3660993576049805,,,,,,
1763596409.487607,,,,,,,1.3092601299285889,-0.08276325464248657,0.5551204681396484,0.26047176122665405,5.522284507751465,-3.342099189758301
1763596409.493625,-3.5914340076595543,5.628872147923707,-2.245673478943109,1.8863446712493896,1.866631269454956,5.189272880554199,,,,,,
1763596409.497638,,,,,,,1.2767093181610107,-0.10500752925872803,0.5943260192871094,0.23332667350769043,5.515782356262207,-3.221771478652954
1763596409.503677,-3.6841000163972377,5.0515328632175915,-2.0921236701756714,1.8052599430084229,1.8105919361114502,4.981285572052002,,,,,,
1763596409.507668,,,,,,,1.2665071487426758,-0.08844554424285889,0.5842218995094299,0.29819154739379883,5.431747913360596,-3.0789248943328857
1763596409.51373,-3.8363410806536673,4.698526065510511,-2.083328953823447,1.7816506624221802,1.686130166053772,4.7553863525390625,,,,,,
1763596409.517699,,,,,,,1.2482564449310303,-0.10091894865036011,0.4961461126804352,0.43858593702316284,5.304370403289795,-2.9805777072906494
1763596409.523783,-3.9525861178994175,4.489598652914166,-2.1924071681797503,1.778095006942749,1.5284360647201538,4.5257134437561035,,,,,,
1763596409.527729,,,,,,,1.2112033367156982,-0.10342711210250854,0.43727636337280273,0.5378240942955017,5.221222877502441,-2.871945858001709
1763596409.533836,-3.872184547451138,4.355177907508612,-2.304956858038902,1.7841516733169556,1.4103926420211792,4.301891326904297,,,,,,
1763596409.537759,,,,,,,1.174203634262085,-0.0960196852684021,0.39989280700683594,0.6366515755653381,5.1148223876953125,-2.7902636528015137
1763596409.54389,-3.7123733402013777,4.25412547095865,-2.303620056477189,1.789427638053894,1.3447576761245728,4.076438903808594,,,,,,
1763596409.54779,,,,,,,1.15192711353302,-0.08400946855545044,0.43073388934135437,0.6444329023361206,4.9416985511779785,-2.724327564239502
1763596409.553944,-3.5657062766849994,4.1468993142098185,-2.194103450703621,1.817696213722229,1.2056958675384521,3.8556969165802,,,,,,
1763596409.55782,,,,,,,1.1325900554656982,-0.0750889778137207,0.42008131742477417,0.4717561900615692,4.785171031951904,-2.700551986694336
1763596409.563997,-3.3398721529513598,4.082985937225819,-1.9825474431693553,1.8507921695709229,1.0446364879608154,3.665971517562866,,,,,,
1763596409.567851,,,,,,,1.1142048835754395,-0.15003138780593872,0.3367796540260315,0.26508718729019165,4.641386032104492,-2.656784772872925
1763596409.57405,-3.0247271761268375,4.0409745954483745,-1.9679677136749028,1.8421716690063477,0.9513904452323914,3.533210515975952,,,,,,
1763596409.577881,,,,,,,1.1043665409088135,-0.2013203501701355,0.2680398225784302,0.0005394173786044121,4.464994430541992,-2.5659713745117188
1763596409.584103,-2.617730429556966,4.0692701310843225,-1.9102917697757482,1.7976186275482178,0.8984510898590088,3.4727938175201416,,,,,,
1763596409.587913,,,,,,,1.0748392343521118,-0.17260736227035522,0.22048568725585938,-0.11677512526512146,4.258473873138428,-2.4676036834716797
1763596409.594156,-2.347846151694655,4.151128622342646,-1.6697756252169609,1.73698091506958,0.8162070512771606,3.438941240310669,,,,,,
1763596409.597942,,,,,,,1.0148290395736694,-0.1294402778148651,0.16349560022354126,-0.10013861954212189,4.071094512939453,-2.338409900665283
1763596409.604209,-2.316507595100999,4.202871669061482,-1.230264264011383,1.6806564331054688,0.6952533721923828,3.39106822013855,,,,,,
1763596409.607973,,,,,,,0.9487712383270264,-0.1072874367237091,0.07204848527908325,-0.01914689689874649,3.9600818157196045,-2.147735118865967
1763596409.614262,-2.527693015757203,4.072155623392761,-0.9472095389306545,1.627581238746643,0.5378110408782959,3.2977418899536133,,,,,,
1763596409.618003,,,,,,,0.8937289118766785,-0.12866941094398499,-0.021949708461761475,0.09737492352724075,3.8832008838653564,-1.972862720489502
1763596409.624315,-2.87587633883059,3.763151341280341,-0.6465168658286333,1.5769847631454468,0.4160134196281433,3.1270668506622314,,,,,,
1763596409.628034,,,,,,,0.854617714881897,-0.1590259075164795,-0.0461692214012146,0.17546838521957397,3.747497797012329,-1.8330379724502563
1763596409.634368,-3.25753172339499,3.192077546709776,-0.41382162415385243,1.5566027164459229,0.3399394154548645,2.876521110534668,,,,,,
1763596409.638064,,,,,,,0.8238359093666077,-0.19918495416641235,-0.056111037731170654,0.2476256638765335,3.548089027404785,-1.6781070232391357
1763596409.644421,-3.56889425907135,2.5276345635682342,-0.38303953239917754,1.5644607543945312,0.264284610748291,2.579021453857422,,,,,,
1763596409.648094,,,,,,,0.7806583642959595,-0.22104480862617493,-0.07905906438827515,0.3055027723312378,3.364529848098755,-1.5138323307037354
1763596409.654474,-3.7706057489395137,1.9855904641270636,-0.5123188232630491,1.5910433530807495,0.26271095871925354,2.2434699535369873,,,,,,
1763596409.658125,,,,,,,0.7370342016220093,-0.21583318710327148,-0.09502977132797241,0.2976166009902954,3.1717495918273926,-1.4195194244384766
1763596409.664527,-3.9161359173804517,1.4318001050516962,-0.8465273969978093,1.6803014278411865,0.2885274291038513,1.922263264656067,,,,,,
1763596409.668155,,,,,,,0.7062703967094421,-0.20630717277526855,-0.11749517917633057,0.1924067884683609,2.913964033126831,-1.328451156616211
1763596409.67458,-3.763874394857883,1.4504273563712835,-0.9696224462687969,1.7412934303283691,0.17047055065631866,1.640089988708496,,,,,,
1763596409.678186,,,,,,,0.668118953704834,-0.2317713499069214,-0.17241013050079346,0.06494709849357605,2.626328945159912,-1.2624518871307373
1763596409.684633,-3.3491713116943833,1.6529054466977715,-0.7197434300810098,1.73738694190979,0.10867040604352951,1.4044158458709717,,,,,,
1763596409.688216,,,,,,,0.6065564155578613,-0.22672373056411743,-0.185005784034729,-0.12602859735488892,2.3834521770477295,-1.1854461431503296
1763596409.694686,-2.6525276021718978,1.8464704549893736,-0.5192570980936289,1.6707994937896729,0.05307639017701149,1.2496824264526367,,,,,,
1763596409.698247,,,,,,,0.5488089323043823,-0.20300716161727905,-0.21550512313842773,-0.2387375682592392,2.1597094535827637,-1.0917742252349854
1763596409.70474,-1.8638281247645616,2.230176050081849,0.027245734322071075,1.5264592170715332,-8.680333849042654e-05,1.1860138177871704,,,,,,
1763596409.708277,,,,,,,0.49056848883628845,-0.1783403754234314,-0.24989467859268188,-0.258800745010376,1.9681035280227661,-1.0120978355407715
1763596409.714793,-1.2783008574277162,2.211623033042252,0.5989847148030996,1.3656511306762695,-0.005992096848785877,1.183422327041626,,,,,,
1763596409.718308,,,,,,,0.4413560628890991,-0.16879510879516602,-0.26895594596862793,-0.22153377532958984,1.7909221649169922,-0.935430109500885
1763596409.724846,-1.0127966943457722,1.8472464077979325,1.017530444869399,1.2303147315979004,-0.01772822067141533,1.194597601890564,,,,,,
1763596409.728338,,,,,,,0.4144306778907776,-0.17550420761108398,-0.29858148097991943,-0.18952544033527374,1.6284940242767334,-0.852428674697876
1763596409.734899,-1.0359285636082292,1.3468766732648014,1.2481880432367325,1.1260628700256348,-0.05745752528309822,1.1548243761062622,,,,,,
1763596409.738369,,,,,,,0.4089103043079376,-0.16826465725898743,-0.32798200845718384,-0.20473475754261017,1.438209891319275,-0.7709543108940125
1763596409.744952,-1.3576006041139363,0.7346189276516437,1.1682008988082409,1.0401389598846436,-0.08776947855949402,1.0375500917434692,,,,,,
1763596409.748399,,,,,,,0.406358003616333,-0.1570693850517273,-0.3525444269180298,-0.22523528337478638,1.2247263193130493,-0.6847711205482483
1763596409.755005,-1.818414573328197,0.2691039411395788,0.8845341793090105,0.9793177843093872,-0.063440702855587,0.8435036540031433,,,,,,
1763596409.758429,,,,,,,0.39716997742652893,-0.15949156880378723,-0.34017229080200195,-0.32201963663101196,1.029650092124939,-0.6063809990882874
1763596409.765058,-2.2280995360687372,0.02179828257113695,0.6158206987917423,0.9465914964675903,-0.03012876771390438,0.6230669617652893,,,,,,
1763596409.76846,,,,,,,0.38683995604515076,-0.17854347825050354,-0.30453193187713623,-0.4148176908493042,0.7873761057853699,-0.5300722122192383
1763596409.775111,-2.368171731364727,0.17826953174322843,0.6294914967477321,0.916961669921875,-0.03582899272441864,0.42278820276260376,,,,,,
1763596409.77849,,,,,,,0.3637653589248657,-0.18035611510276794,-0.2703362703323364,-0.5053507685661316,0.501866340637207,-0.4661179482936859
1763596409.785164,-2.1985312040179967,0.4920797528326511,0.771495244628191,0.8425946235656738,-0.08575915545225143,0.2837830185890198,,,,,,
1763596409.788521,,,,,,,0.30315542221069336,-0.14987725019454956,-0.2613655924797058,-0.52048659324646,0.30129143595695496,-0.39035990834236145
1763596409.795217,-1.6866791214838623,0.7368415721371769,0.9350140742242335,0.7150934338569641,-0.10611343383789062,0.20727679133415222,,,,,,
1763596409.798551,,,,,,,0.23551806807518005,-0.09093880653381348,-0.27800703048706055,-0.3869040012359619,0.2746600806713104,-0.20526832342147827
1763596409.80527,-1.2031766428604722,0.7288809685215354,1.073131920582056,0.5489120483398438,-0.09686124324798584,0.1663518249988556,,,,,,
1763596409.808582,,,,,,,0.20151600241661072,-0.006424754858016968,-0.29670965671539307,-0.2645529508590698,0.2907847464084625,-0.14442294836044312
1763596409.815323,-0.8537368899852037,0.5173275913357734,1.421121766909957,0.37920770049095154,-0.08500564843416214,0.11796831339597702,,,,,,
1763596409.818612,,,,,,,0.2078915238380432,0.04424792528152466,-0.28255677223205566,-0.06418418139219284,0.2326018512248993,-0.08714368939399719
1763596409.825376,-0.811232796254754,0.23106354881972074,1.6315736125946043,0.26407158374786377,-0.04854568466544151,0.01756364107131958,,,,,,
1763596409.828643,,,,,,,0.24022576212882996,0.046449214220047,-0.2126086950302124,-0.0482853502035141,0.07291259616613388,-0.04094616696238518
1763596409.835429,-0.9192728997349738,0.1118932717770338,1.4279507361471653,0.1962435394525528,-0.0393734909594059,-0.09535039216279984,,,,,,
1763596409.838673,,,,,,,0.23763522505760193,0.027442097663879395,-0.14951097965240479,-0.15132038295269012,-0.12347929179668427,-0.04244659096002579
1763596409.845482,-0.8686679171353578,0.46797465462386606,1.0515572176337242,0.13332879543304443,-0.0545266792178154,-0.14959347248077393,,,,,,
1763596409.848703,,,,,,,0.18725046515464783,-0.0020444393157958984,-0.11461180448532104,-0.3092729449272156,-0.2570229768753052,-0.05717993155121803
1763596409.855536,-0.512945722989738,0.832765998148918,0.6914741979300976,0.0679190456867218,-0.06652224808931351,-0.13139227032661438,,,,,,
1763596409.858734,,,,,,,0.13319522142410278,0.01747506856918335,-0.10364872217178345,-0.3745805621147156,-0.32059794664382935,-0.03580273687839508
1763596409.865589,0.0060793199136853215,1.091151561397314,0.5263935258448124,0.011835268698632717,-0.08397314697504044,-0.06986472010612488,,,,,,
1763596409.868764,,,,,,,0.10704067349433899,0.08172991871833801,-0.08507591485977173,-0.36854439973831177,-0.35023733973503113,-0.03809804469347
1763596409.875642,0.4060536205008626,1.1425205141067505,0.5394751257359981,-0.026656197383999825,-0.13438892364501953,-0.036390386521816254,,,,,,
1763596409.878795,,,,,,,0.10224044322967529,0.12243989109992981,-0.06432849168777466,-0.28870949149131775,-0.4132591784000397,-0.04885721579194069
1763596409.885695,0.48321343254894017,0.9320376887619495,0.5451759677261114,-0.055986225605010986,-0.19592620432376862,-0.05557142570614815,,,,,,
1763596409.888825,,,,,,,0.10823512077331543,0.12336951494216919,-0.03841423988342285,-0.23082469403743744,-0.4458831548690796,-0.021314607933163643
1763596409.895748,0.3492471529126167,0.6893424465984106,0.5004325706362724,-0.09898119419813156,-0.2621338665485382,-0.09177645295858383,,,,,,
1763596409.898856,,,,,,,0.11965975165367126,0.14207154512405396,-0.03619229793548584,-0.18159934878349304,-0.4836824834346771,0.024104539304971695
1763596409.905801,0.1299094054609537,0.6621332448944449,0.4347545220673084,-0.18454217910766602,-0.3112100660800934,-0.11251821368932724,,,,,,
1763596409.908886,,,,,,,0.1299343705177307,0.17332524061203003,-0.06890076398849487,-0.035809360444545746,-0.5330811738967896,0.04591323062777519
1763596409.915854,-0.05748363619744777,0.7446829332873225,0.4540566039085388,-0.28518611192703247,-0.3254415690898895,-0.11270260065793991,,,,,,
1763596409.918917,,,,,,,0.13120755553245544,0.18701764941215515,-0.08128196001052856,0.0750897228717804,-0.5534626245498657,0.027630630880594254
1763596409.925907,-0.18082564596682785,0.958031084935367,0.5030547358334064,-0.36968472599983215,-0.30876991152763367,-0.11582435667514801,,,,,,
1763596409.928947,,,,,,,0.13611376285552979,0.13575613498687744,-0.0676531195640564,0.06710640341043472,-0.582584798336029,-0.026085859164595604
1763596409.93596,-0.2821750196367502,1.2139353527620433,0.5041629893362521,-0.415688693523407,-0.3164273798465729,-0.1714269518852234,,,,,,
1763596409.938978,,,,,,,0.14619147777557373,0.019076764583587646,-0.029165029525756836,-0.11023322492837906,-0.6778889894485474,-0.07764758914709091
1763596409.946013,-0.30960897000730037,1.24250415238142,0.4059843546569347,-0.4057753384113312,-0.3607109487056732,-0.2490282654762268,,,,,,
1763596409.949008,,,,,,,0.14631903171539307,-0.08499538898468018,0.006890296936035156,-0.38161465525627136,-0.7708373069763184,-0.08275946229696274
1763596409.956066,-0.24040157826840877,1.1059773746073245,0.14936229394972322,-0.3395991921424866,-0.41305890679359436,-0.30562394857406616,,,,,,
1763596409.959038,,,,,,,0.14059248566627502,-0.11153826117515564,0.026885151863098145,-0.5807903409004211,-0.8549761176109314,-0.05812788009643555
1763596409.966119,-0.10548808090984821,1.0201309827566147,-0.06846329537332058,-0.26150330901145935,-0.4377115070819855,-0.31939488649368286,,,,,,
1763596409.969069,,,,,,,0.13776421546936035,-0.0624900758266449,0.010787785053253174,-0.607585072517395,-0.9351513981819153,0.0027963886968791485
1763596409.976172,-0.05440729749202728,0.9523904486998915,-0.041831309035420414,-0.23328672349452972,-0.43217548727989197,-0.31628718972206116,,,,,,
1763596409.979099,,,,,,,0.13505375385284424,0.01129823923110962,-0.024093985557556152,-0.4690181314945221,-0.9573275446891785,0.07433103024959564
1763596409.986225,-0.14137363328337668,0.8759516444027423,0.3256973504990339,-0.28979289531707764,-0.40125539898872375,-0.3335476517677307,,,,,,
1763596409.98913,,,,,,,0.1365121603012085,0.06523707509040833,-0.05616354942321777,-0.2293529361486435,-0.9098854660987854,0.16014806926250458
1763596409.996278,-0.5259960509598255,0.8283440900534391,0.8643862942934035,-0.4156319200992584,-0.35035017132759094,-0.3914426565170288,,,,,,
1763596409.99916,,,,,,,0.16367581486701965,0.07898685336112976,-0.07992368936538696,0.012885265052318573,-0.8441583514213562,0.2536766827106476
1763596410.006332,-1.077626309391856,0.8815200921848416,1.2663193277329206,-0.5715025067329407,-0.2875991761684418,-0.4838085472583771,,,,,,
1763596410.009191,,,,,,,0.21692109107971191,0.05197820067405701,-0.09220141172409058,0.22046582400798798,-0.7985184788703918,0.35296183824539185
1763596410.016385,-1.6883832950532436,1.053081066200137,1.2984160092175006,-0.7157965898513794,-0.227357417345047,-0.5937590003013611,,,,,,
1763596410.019221,,,,,,,0.29488110542297363,0.02053743600845337,-0.08172869682312012,0.3235921859741211,-0.8159235119819641,0.446794331073761
1763596410.026438,-2.2110791354238986,1.4123220821216702,1.0624877769708634,-0.8113321661949158,-0.1857212781906128,-0.7222355008125305,,,,,,
1763596410.029252,,,,,,,0.37368059158325195,-0.007829546928405762,-0.0675588846206665,0.3654623329639435,-0.9324511885643005,0.5105879306793213
1763596410.036491,-2.578497320321202,1.8676231331333517,0.6365554437845945,-0.8547358512878418,-0.18071001768112183,-0.8619252443313599,,,,,,
1763596410.039282,,,,,,,0.4213731288909912,-0.04783979058265686,-0.06268614530563354,0.36288732290267944,-1.0900200605392456,0.5785991549491882
1763596410.046544,-2.729733006927371,2.305820489130914,0.192563722294569,-0.8736436367034912,-0.21710774302482605,-1.0058510303497314,,,,,,
1763596410.049312,,,,,,,0.4438420534133911,-0.08553782105445862,-0.07061553001403809,0.3169500231742859,-1.2670576572418213,0.6495448350906372
1763596410.056597,-2.6571500012755394,2.5934151957288383,-0.1398088681846857,-0.8906425833702087,-0.26704442501068115,-1.142905354499817,,,,,,
1763596410.059343,,,,,,,0.43523675203323364,-0.12266355752944946,-0.08567482233047485,0.300132691860199,-1.4924359321594238,0.7189502716064453
1763596410.06665,-2.385077857980132,2.6752275097578764,-0.3136158675611019,-0.9224485158920288,-0.32468509674072266,-1.2931150197982788,,,,,,
1763596410.069373,,,,,,,0.40057188272476196,-0.13281658291816711,-0.07802534103393555,0.25479522347450256,-1.6375422477722168,0.8060643672943115
1763596410.076703,-1.983071759304404,2.4426024107098576,-0.36585751145184037,-0.9655986428260803,-0.398893266916275,-1.4559061527252197,,,,,,
1763596410.079404,,,,,,,0.3843122124671936,-0.11458605527877808,-0.06195724010467529,0.24681317806243896,-1.7243682146072388,0.9087068438529968
1763596410.086756,-1.6793945174336433,2.126619814017415,-0.4178261836200952,-1.0144544839859009,-0.47769683599472046,-1.5964137315750122,,,,,,
1763596410.089434,,,,,,,0.42691105604171753,-0.09648418426513672,-0.07372486591339111,0.2981775403022766,-1.844935417175293,1.0170470476150513
1763596410.096809,-1.5950468397080897,1.9755489625841378,-0.49616614536345,-1.0820149183273315,-0.5464186668395996,-1.6884959936141968,,,,,,
1763596410.099465,,,,,,,0.5078398585319519,-0.09094429016113281,-0.08486270904541016,0.3669416904449463,-2.0216619968414307,1.1028625965118408
1763596410.106862,-1.728444671806693,2.0337153203487395,-0.4615145186990499,-1.172102928161621,-0.5993974804878235,-1.7415015697479248,,,,,,
1763596410.109495,,,,,,,0.5803923010826111,-0.10217341780662537,-0.07835793495178223,0.4234296381473541,-2.2357516288757324,1.2037110328674316
1763596410.116915,-2.0793571275830267,2.291926696074009,-0.35113691218197346,-1.2783616781234741,-0.6620576977729797,-1.808274507522583,,,,,,
1763596410.119526,,,,,,,0.6263301372528076,-0.11261960864067078,-0.05814790725708008,0.43705248832702637,-2.456080913543701,1.2930477857589722
1763596410.126968,-2.5967683055490256,2.6151664242878554,-0.30000761344730853,-1.385501503944397,-0.7347649335861206,-1.9213753938674927,,,,,,
1763596410.129556,,,,,,,0.6479282379150391,-0.12918245792388916,-0.03956496715545654,0.4365217983722687,-2.6218953132629395,1.4061139822006226
1763596410.137021,-3.1440263402462003,2.9115160997495053,-0.44602351957857606,-1.4823013544082642,-0.7929491400718689,-2.0937299728393555,,,,,,
1763596410.139587,,,,,,,0.6694974303245544,-0.15113508701324463,-0.024763762950897217,0.41695740818977356,-2.7761974334716797,1.5138808488845825
1763596410.147074,-3.600800386419892,3.184548320248723,-0.7459966462343931,-1.5497552156448364,-0.836728036403656,-2.316291570663452,,,,,,
1763596410.149617,,,,,,,0.7034106254577637,-0.1755555272102356,0.003485441207885742,0.37792691588401794,-3.0129778385162354,1.608164668083191
1763596410.157128,-3.830481833231449,3.4172496994033454,-1.1149924557119608,-1.5847147703170776,-0.9010418057441711,-2.576653003692627,,,,,,
1763596410.159647,,,,,,,0.724148690700531,-0.1955268681049347,0.04654127359390259,0.25598129630088806,-3.236661672592163,1.6855579614639282
1763596410.167181,-3.8105940604567525,3.517143321307003,-1.5131868871450422,-1.5800142288208008,-0.9740702509880066,-2.8520452976226807,,,,,,
1763596410.169678,,,,,,,0.731805682182312,-0.21931269764900208,0.09807747602462769,0.09055868536233902,-3.4395382404327393,1.7693167924880981
1763596410.177234,-3.6338071684867144,3.5588054112553595,-1.8469903872102498,-1.5380315780639648,-1.0587949752807617,-3.110017776489258,,,,,,
1763596410.179708,,,,,,,0.7469261288642883,-0.23903197050094604,0.15198856592178345,-0.12277782708406448,-3.6047792434692383,1.871179461479187
1763596410.187287,-3.344755248817801,3.615894495177269,-2.0430442897081376,-1.4958776235580444,-1.1533920764923096,-3.3204996585845947,,,,,,
1763596410.189739,,,,,,,0.7735456228256226,-0.24756628274917603,0.18100428581237793,-0.26975035667419434,-3.7923099994659424,1.9626320600509644
1763596410.19734,-3.062504241335392,3.6570442516893147,-1.9886352386504411,-1.4888263940811157,-1.2406854629516602,-3.4714725017547607,,,,,,
1763596410.199769,,,,,,,0.7983680963516235,-0.2377084493637085,0.19646728038787842,-0.3062015771865845,-3.9944560527801514,2.0719027519226074
1763596410.207393,-2.765065601593256,3.7030508005827665,-1.7657172946244477,-1.5339068174362183,-1.3188530206680298,-3.5841434001922607,,,,,,
1763596410.2098,,,,,,,0.804303765296936,-0.19807487726211548,0.20617914199829102,-0.28187844157218933,-4.115662574768066,2.214094638824463
1763596410.217446,-2.6228414889603853,3.6586686380207536,-1.6377052472174167,-1.6127132177352905,-1.4022449254989624,-3.6895523071289062,,,,,,
1763596410.21983,,,,,,,0.8100263476371765,-0.16216522455215454,0.24187743663787842,-0.27299174666404724,-4.265713691711426,2.3362269401550293
1763596410.227499,-2.590273098310828,3.621740590856969,-1.7859359067887066,-1.6787636280059814,-1.4566930532455444,-3.8133389949798584,,,,,,
1763596410.229861,,,,,,,0.7993320822715759,-0.16667282581329346,0.2996801435947418,-0.2996614873409271,-4.457639217376709,2.4507904052734375
1763596410.237552,-2.511004331284761,3.7622818649694323,-2.3725164825707674,-1.7034002542495728,-1.4146848917007446,-3.9274609088897705,,,,,,
1763596410.239891,,,,,,,0.7574683427810669,-0.1947597861289978,0.39011067152023315,-0.41441524028778076,-4.533420085906982,2.560641050338745
1763596410.247605,-2.241757766804099,4.03017526127547,-3.1401252411544323,-1.6944541931152344,-1.2719672918319702,-4.002878665924072,,,,,,
1763596410.249921,,,,,,,0.7374427914619446,-0.1762050986289978,0.490980327129364,-0.5902836918830872,-4.6504435539245605,2.6143243312835693
1763596410.257658,-1.8549755407452582,4.297780196028947,-3.5832629761636254,-1.6209802627563477,-1.245689868927002,-4.091375827789307,,,,,,
1763596410.259952,,,,,,,0.7370571494102478,-0.1526731252670288,0.5299195051193237,-0.7892308831214905,-4.7857465744018555,2.620112419128418
1763596410.267711,-1.4683961437821387,4.310764180764556,-3.5000744053453205,-1.5156874656677246,-1.375319480895996,-4.207228660583496,,,,,,
1763596410.269983,,,,,,,0.7255509495735168,-0.15067559480667114,0.5440260171890259,-0.9643118381500244,-4.8477935791015625,2.622929811477661
1763596410.277764,-1.059482165414095,4.1130350385308265,-3.222864606900513,-1.38982355594635,-1.5443516969680786,-4.32563591003418,,,,,,
1763596410.280013,,,,,,,0.7074910402297974,-0.14690899848937988,0.5327621102333069,-1.0562686920166016,-4.915733814239502,2.6322524547576904
1763596410.287817,-0.7509276728957891,3.870672389322519,-3.079939944782853,-1.288672685623169,-1.6945412158966064,-4.452747344970703,,,,,,
1763596410.290043,,,,,,,0.6771324872970581,-0.11885172128677368,0.5048903226852417,-1.0375077724456787,-4.94025182723999,2.6765899658203125
1763596410.297871,-0.503581390056014,3.4936405729055404,-3.040175797410309,-1.2175092697143555,-1.8739982843399048,-4.577195644378662,,,,,,
1763596410.300074,,,,,,,0.6560205221176147,-0.07015371322631836,0.5281307101249695,-0.998856246471405,-4.843169689178467,2.741474151611328
1763596410.307924,-0.34123043519556523,3.1717139731168746,-3.179805509635806,-1.1460877656936646,-2.042084217071533,-4.704541206359863,,,,,,
1763596410.310104,,,,,,,0.6863096952438354,-0.005899965763092041,0.6350504755973816,-1.0560858249664307,-4.818496227264404,2.78401780128479
1763596410.317977,-0.22161387569010257,3.109481681087613,-3.4490117421060797,-1.067795991897583,-2.148250102996826,-4.823838710784912,,,,,,
1763596410.320135,,,,,,,0.7253981232643127,0.017570912837982178,0.6875724792480469,-1.0886467695236206,-4.957703590393066,2.7725415229797363
1763596410.32803,-0.050966801649332046,3.2910908786475654,-3.721425538446009,-1.0257196426391602,-2.1929852962493896,-4.905344009399414,,,,,,
1763596410.330165,,,,,,,0.702000617980957,-0.0058896541595458984,0.7147250771522522,-1.1952506303787231,-5.01576042175293,2.7905213832855225
1763596410.338083,0.2501338677316904,3.7060181259557603,-3.835468389472365,-1.0210171937942505,-2.1796302795410156,-4.931639194488525,,,,,,
1763596410.340195,,,,,,,0.646247923374176,-0.014704704284667969,0.7987900376319885,-1.4592859745025635,-5.058938026428223,2.751540422439575
1763596410.348136,0.7368944713681936,4.184833323545754,-3.914054434931278,-1.0162194967269897,-2.1791224479675293,-4.8795599937438965,,,,,,
1763596410.350226,,,,,,,0.5630267858505249,0.011797547340393066,0.8074301481246948,-1.647779941558838,-4.926022052764893,2.6715805530548096
1763596410.358189,1.1119792453706263,4.463317671971023,-3.8064889632254837,-0.9842647910118103,-2.228336811065674,-4.756385326385498,,,,,,
1763596410.360256,,,,,,,0.5401372909545898,0.04855048656463623,0.778377890586853,-1.7145835161209106,-4.766586780548096,2.596698522567749
1763596410.368242,1.2683230687707663,4.508118059945106,-3.6427623360976575,-0.925108790397644,-2.3127307891845703,-4.605841159820557,,,,,,
1763596410.370287,,,,,,,0.5646330118179321,0.06836307048797607,0.789348840713501,-1.7613557577133179,-4.721636772155762,2.5100951194763184
1763596410.378295,1.278228376713395,4.38544971165359,-3.502880694937706,-0.8776664733886719,-2.446775197982788,-4.4637980461120605,,,,,,
1763596410.380317,,,,,,,0.5822603106498718,0.06828904151916504,0.7537869215011597,-1.7322133779525757,-4.699349880218506,2.4802236557006836
1763596410.388348,1.0787532675951719,3.96000428520143,-3.407382677644491,-0.8673347234725952,-2.553868055343628,-4.381165027618408,,,,,,
1763596410.390348,,,,,,,0.5725293755531311,0.06498980522155762,0.6976299285888672,-1.6333316564559937,-4.7563090324401855,2.504335641860962
1763596410.398401,0.9159317726135253,3.5062399422377344,-3.5624122035756707,-0.882926881313324,-2.538259267807007,-4.380116939544678,,,,,,
1763596410.400378,,,,,,,0.5203057527542114,0.07396876811981201,0.6763414144515991,-1.455614686012268,-4.763078212738037,2.549191474914551
1763596410.408454,1.0432815567195415,3.1503108273431657,-3.6605566437244415,-0.9327751398086548,-2.469186544418335,-4.445436000823975,,,,,,
1763596410.410409,,,,,,,0.4606028199195862,0.08417707681655884,0.6505836248397827,-1.3320956230163574,-4.66085958480835,2.5921311378479004
1763596410.418507,1.3276584703147412,2.910349101796746,-3.3628713357448574,-0.9961971044540405,-2.417259693145752,-4.562987804412842,,,,,,
1763596410.420439,,,,,,,0.44974005222320557,0.07607990503311157,0.7038719654083252,-1.4562172889709473,-4.642482280731201,2.6002767086029053
1763596410.42856,1.706998563674092,2.9317510785266756,-3.0329017147541046,-1.0241246223449707,-2.4158360958099365,-4.675365924835205,,,,,,
1763596410.430469,,,,,,,0.4590793251991272,0.02974569797515869,0.6975107192993164,-1.564774990081787,-4.702707767486572,2.615443229675293
1763596410.438614,2.0937872194737195,2.817736869072914,-3.0319246864154934,-0.9956923127174377,-2.4871246814727783,-4.742031574249268,,,,,,
1763596410.4405,,,,,,,0.4543030261993408,0.0023418664932250977,0.6494605541229248,-1.6089043617248535,-4.6947197914123535,2.641111135482788
1763596410.448667,2.358389757540822,2.489997783613205,-3.088093440622091,-0.9414034485816956,-2.613494873046875,-4.7526702880859375,,,,,,
1763596410.45053,,,,,,,0.45736435055732727,0.07315123081207275,0.6163291335105896,-1.505858302116394,-4.6571574211120605,2.700629949569702
1763596410.45872,2.5270821903824805,2.225658864918351,-2.77188346491456,-0.9239214062690735,-2.783708095550537,-4.711639404296875,,,,,,
1763596410.460561,,,,,,,0.4749748706817627,0.1663876175880432,0.5406896471977234,-1.2465801239013672,-4.626032829284668,2.757523536682129
1763596410.468773,2.4648370388716456,2.053498463705182,-2.1569266894757746,-0.9740720987319946,-2.869762420654297,-4.675920009613037,,,,,,
1763596410.470591,,,,,,,0.4893459677696228,0.19155478477478027,0.5427577495574951,-1.1739381551742554,-4.615246772766113,2.8110368251800537
1763596410.478826,2.404759294527769,2.4386112952470778,-1.8925006770193575,-1.0440194606781006,-2.7782187461853027,-4.664064407348633,,,,,,
1763596410.480622,,,,,,,0.4877089262008667,0.13275372982025146,0.6410825848579407,-1.3917125463485718,-4.62103796005249,2.8259363174438477
1763596410.488879,2.391819733455777,2.9783430260926482,-2.0906874998927116,-1.0717999935150146,-2.679931163787842,-4.632058620452881,,,,,,
1763596410.490652,,,,,,,0.4554533064365387,0.04743635654449463,0.6609618067741394,-1.6689661741256714,-4.582431316375732,2.853949785232544
1763596410.498932,2.1892349678844214,2.836248677319288,-2.1123288383364676,-1.0704843997955322,-2.667710304260254,-4.575462341308594,,,,,,
1763596410.500683,,,,,,,0.4259243309497833,0.07133138179779053,0.6938628554344177,-2.070495128631592,-4.524020671844482,2.7811412811279297
1763596410.508985,2.2006296376019714,2.7135511029332875,-2.263604272431135,-0.992651104927063,-2.6243698596954346,-4.499990463256836,,,,,,
1763596410.510713,,,,,,,0.400370329618454,0.17238932847976685,0.7845072746276855,-2.258941888809204,-4.532585620880127,2.656968593597412
1763596410.519038,2.5438147139966487,2.9344775808811185,-2.4852783538758754,-0.8996875882148743,-2.6539664268493652,-4.399075508117676,,,,,,
1763596410.520743,,,,,,,0.3597234785556793,0.24108046293258667,0.7370928525924683,-2.0681111812591553,-4.489539623260498,2.624508857727051
1763596410.529091,2.781031232488155,2.806660179263353,-2.0180828669309614,-0.8854367733001709,-2.7817161083221436,-4.279196739196777,,,,,,
1763596410.530774,,,,,,,0.3219359517097473,0.3308257460594177,0.6467288732528687,-1.5808284282684326,-4.338931083679199,2.6777777671813965
1763596410.539144,2.8453736485391854,2.479808982554078,-1.4746838457494973,-0.9824051260948181,-2.8413515090942383,-4.166799068450928,,,,,,
1763596410.540804,,,,,,,0.32435843348503113,0.4303280711174011,0.5555319786071777,-0.8615338802337646,-4.230125904083252,2.790804386138916
1763596410.549197,2.797156437858939,2.044809545814991,-1.298612993094325,-1.188099980354309,-2.761249303817749,-4.089498519897461,,,,,,
1763596410.550835,,,,,,,0.348819375038147,0.46906930208206177,0.45994460582733154,-0.07327313721179962,-4.145957946777344,2.9877443313598633
1763596410.55925,2.4812404766619203,1.5002403118103742,-1.1313216592222453,-1.471518874168396,-2.5501575469970703,-4.070990562438965,,,,,,
1763596410.560865,,,,,,,0.359937846660614,0.40204960107803345,0.3837241530418396,0.5871996283531189,-4.064871788024902,3.231945276260376
1763596410.569303,2.0538836636304856,1.0755670387744902,-1.0690239007413387,-1.7547359466552734,-2.2394871711730957,-4.135181427001953,,,,,,
1763596410.570896,,,,,,,0.36201852560043335,0.2689467668533325,0.3612865209579468,0.9356514811515808,-3.994239091873169,3.481715202331543
1763596410.579356,1.8242273512601852,1.1779179907023907,-1.277308923780918,-1.9302194118499756,-1.851989507675171,-4.275061130523682,,,,,,
1763596410.580926,,,,,,,0.36044543981552124,0.12437796592712402,0.46521109342575073,0.6752278804779053,-3.9228427410125732,3.6367101669311523
1763596410.589408,1.9076199202179909,2.0710452263116834,-1.6143348930239676,-1.9243087768554688,-1.6028498411178589,-4.4380974769592285,,,,,,
1763596410.590957,,,,,,,0.3570268154144287,-0.025303363800048828,0.6040593385696411,-0.021946273744106293,-3.902873992919922,3.7305476665496826
1763596410.599463,1.9769909780859947,2.5942443400293587,-1.7408055562078952,-1.73293137550354,-1.6660624742507935,-4.551332473754883,,,,,,
1763596410.600987,,,,,,,0.34117391705513,-0.1219666600227356,0.6423826217651367,-0.86358243227005,-3.8789191246032715,3.700707197189331
1763596410.609516,2.005648332771659,2.315333875146508,-1.894475191962719,-1.4215772151947021,-1.9576520919799805,-4.5715484619140625,,,,,,
1763596410.611018,,,,,,,0.3245774507522583,-0.09298211336135864,0.6673511862754822,-1.6557385921478271,-3.8781397342681885,3.566878318786621
1763596410.619569,2.4902833225563166,2.3073282633453607,-2.225346145707369,-1.0761154890060425,-2.3261971473693848,-4.495151519775391,,,,,,
1763596410.621048,,,,,,,0.3300902247428894,0.03996521234512329,0.6565002202987671,-2.1286280155181885,-3.9109790325164795,3.4528286457061768
1763596410.629622,3.210710350987315,2.4306243881464002,-2.3365736470520493,-0.806952178478241,-2.6934051513671875,-4.3512067794799805,,,,,,
1763596410.631078,,,,,,,0.33844590187072754,0.18943870067596436,0.5722218751907349,-2.1640145778656006,-3.917416572570801,3.385448932647705
1763596410.639675,3.612188041874766,2.2125562222391366,-2.0911364127039906,-0.7050468325614929,-2.997859239578247,-4.194665431976318,,,,,,
1763596410.641109,,,,,,,0.3532949686050415,0.3030756711959839,0.4751209616661072,-1.8804075717926025,-3.910470485687256,3.3809564113616943
1763596410.649728,3.6951387122839687,1.7714046926110982,-1.4760171401798725,-0.8034376502037048,-3.1714868545532227,-4.064321994781494,,,,,,
1763596410.651139,,,,,,,0.3831113576889038,0.3664460778236389,0.39604806900024414,-1.3777879476547241,-3.8820998668670654,3.4653823375701904
1763596410.659781,3.4769109719008204,1.275541329586506,-0.8661270004808902,-1.051058053970337,-3.1587066650390625,-3.983558416366577,,,,,,
1763596410.66117,,,,,,,0.41762250661849976,0.3940049409866333,0.3457561135292053,-0.8284401297569275,-3.854518175125122,3.5934622287750244
1763596410.669834,2.949046204459667,0.8594722187668085,-0.697014296400547,-1.3708378076553345,-2.958885431289673,-3.9590020179748535,,,,,,
1763596410.6712,,,,,,,0.4439017176628113,0.39251601696014404,0.3361527919769287,-0.32644063234329224,-3.851569175720215,3.761423349380493
1763596410.679887,2.3160873238623143,0.7149234625786542,-0.7946609430950135,-1.6636520624160767,-2.6590635776519775,-3.9904940128326416,,,,,,
1763596410.681231,,,,,,,0.45015424489974976,0.3544469475746155,0.3674481213092804,0.07377039641141891,-3.86037015914917,3.9447169303894043
1763596410.68994,1.6677278989069162,0.871080823495984,-0.9009831367414444,-1.886393666267395,-2.382026433944702,-4.067899703979492,,,,,,
1763596410.691261,,,,,,,0.4456254839897156,0.31267309188842773,0.4221547544002533,0.3316909372806549,-3.875457525253296,4.1374287605285645
1763596410.699993,1.0988302062664181,1.2275462372243404,-0.9913304202079772,-2.01128888130188,-2.1982600688934326,-4.168179512023926,,,,,,
1763596410.701292,,,,,,,0.43520617485046387,0.29341304302215576,0.4697551727294922,0.40669941902160645,-3.872014284133911,4.269165515899658
1763596410.710046,0.7399878342736512,1.6718413255751132,-1.2478762008085846,-2.0278005599975586,-2.108431816101074,-4.2783708572387695,,,,,,
1763596410.711322,,,,,,,0.42146408557891846,0.2849336862564087,0.5069762468338013,0.3487687408924103,-3.816462993621826,4.2885050773620605
1763596410.720099,0.6815975315600633,2.1648668348252773,-1.5699522920705378,-1.9653518199920654,-2.1163125038146973,-4.369544506072998,,,,,,
1763596410.721352,,,,,,,0.42002958059310913,0.2700623571872711,0.524093747138977,0.15937858819961548,-3.679553508758545,4.23064661026001
1763596410.730152,0.9702183663353323,2.8230075029522177,-1.7956129589334129,-1.8279119729995728,-2.1769237518310547,-4.421019554138184,,,,,,
1763596410.731383,,,,,,,0.4501180052757263,0.26747119426727295,0.5289998054504395,-0.2149006426334381,-3.577693462371826,4.1519389152526855
1763596410.740205,1.3567378498047589,3.5502842511475086,-2.022022544467449,-1.598881721496582,-2.2750539779663086,-4.384881496429443,,,,,,
1763596410.741413,,,,,,,0.49643534421920776,0.26726096868515015,0.5688283443450928,-0.7377156615257263,-3.5641489028930664,3.987762928009033
1763596410.750259,1.7577257113486526,3.837354057088494,-1.9282199329152703,-1.314075231552124,-2.5036535263061523,-4.239264011383057,,,,,,
1763596410.751444,,,,,,,0.4955180287361145,0.2882865071296692,0.6249470710754395,-1.3620237112045288,-3.5268704891204834,3.7095651626586914
1763596410.760312,2.1181951000213624,3.5799750405341384,-1.4109262438490986,-1.0180342197418213,-2.8668670654296875,-4.000010967254639,,,,,,
1763596410.761474,,,,,,,0.44759875535964966,0.3332723081111908,0.6635922193527222,-1.9549853801727295,-3.408613920211792,3.4135050773620605
1763596410.770365,2.3568261614859103,3.295321648085117,-1.015307215861976,-0.7094851732254028,-3.2195324897766113,-3.702399253845215,,,,,,
1763596410.771505,,,,,,,0.3912082314491272,0.4053748846054077,0.7050255537033081,-2.4271481037139893,-3.274906873703003,3.1033246517181396
1763596410.780418,2.4566271366700527,3.2572949920296668,-0.9296148455291986,-0.4072244167327881,-3.486239194869995,-3.3752102851867676,,,,,,
1763596410.781535,,,,,,,0.3349008560180664,0.4957745373249054,0.7035965919494629,-2.761235237121582,-3.1132688522338867,2.7637624740600586
1763596410.790471,2.279457090601325,3.217274531808495,-0.9263982215702533,-0.1211453378200531,-3.6548848152160645,-3.060267210006714,,,,,,
1763596410.791566,,,,,,,0.2793372869491577,0.5869373083114624,0.6919751167297363,-2.9230194091796875,-2.895068407058716,2.4383697509765625
1763596410.800524,1.907632487438619,3.056215370324254,-0.8831672748699784,0.14197209477424622,-3.7459259033203125,-2.773826837539673,,,,,,
1763596410.801596,,,,,,,0.21813106536865234,0.6472599506378174,0.6929584741592407,-2.9267630577087402,-2.658836603164673,2.1258208751678467
1763596410.810577,1.5124407449528574,2.807956648814678,-0.587014291024208,0.3572196960449219,-3.7970006465911865,-2.4954922199249268,,,,,,
1763596410.811626,,,,,,,0.14053571224212646,0.6773312091827393,0.6920949816703796,-2.841341495513916,-2.3948564529418945,1.8102043867111206
1763596410.82063,1.2217322902485728,2.417370354297757,-0.10121113424301147,0.5239501595497131,-3.796781301498413,-2.208554983139038,,,,,,
1763596410.821657,,,,,,,0.045577406883239746,0.6849209666252136,0.6928048729896545,-2.7450990676879883,-2.0834052562713623,1.4850521087646484
1763596410.830683,1.0557429788857697,2.079254251730442,0.06980243502259253,0.6641075611114502,-3.666510581970215,-1.9238651990890503,,,,,,
1763596410.831687,,,,,,,-0.04247581958770752,0.6712774634361267,0.678028404712677,-2.649747133255005,-1.7157150506973267,1.182324767112732
1763596410.840736,0.8693304726973176,1.7795558503627775,-0.23773352810293435,0.7727289199829102,-3.4171347618103027,-1.6323871612548828,,,,,,
1763596410.841718,,,,,,,-0.09348595142364502,0.6510813236236572,0.6525854468345642,-2.549974203109741,-1.3522266149520874,0.9320627450942993
1763596410.850789,0.6714224667653441,1.5497820490926504,-0.5835635660484433,0.8336479663848877,-3.085758924484253,-1.3338422775268555,,,,,,
1763596410.851748,,,,,,,-0.11691999435424805,0.6340206265449524,0.6210424900054932,-2.420583486557007,-1.018635630607605,0.7142124176025391
1763596410.860842,0.5476598934963345,1.4294400979220867,-0.7179296586573124,0.8113328814506531,-2.7166056632995605,-1.038138747215271,,,,,,
1763596410.861779,,,,,,,-0.1291934847831726,0.6337538957595825,0.574284017086029,-2.276315212249756,-0.7341029644012451,0.5209476351737976
1763596410.870895,0.6671490272298455,1.2903069370418787,-0.7321648124977946,0.7234645485877991,-2.303915023803711,-0.7774448990821838,,,,,,
1763596410.871809,,,,,,,-0.14274108409881592,0.6344471573829651,0.5128428936004639,-2.0589449405670166,-0.4759449362754822,0.35689103603363037
1763596410.880948,0.8098375425040721,1.0998246971964836,-1.0143395398736,0.6082820296287537,-1.881967306137085,-0.5716099739074707,,,,,,
1763596410.88184,,,,,,,-0.14421361684799194,0.6197774410247803,0.4465789198875427,-1.7458001375198364,-0.26359033584594727,0.2378927320241928
1763596410.891001,0.7664017208814621,0.8713035263359546,-1.5170228120461104,0.5066371560096741,-1.45316481590271,-0.4109547436237335,,,,,,
1763596410.89187,,,,,,,-0.14076530933380127,0.6021648645401001,0.39152073860168457,-1.3617883920669556,-0.08190841227769852,0.13969844579696655
1763596410.901054,0.7330553315967321,0.8687427359372377,-1.834507629995048,0.39827385544776917,-1.097758412361145,-0.27874261140823364,,,,,,
1763596410.9019,,,,,,,-0.11924368143081665,0.5886178016662598,0.3423636555671692,-0.9200981259346008,0.046210676431655884,0.09736297279596329
1763596410.911107,0.7288532037317752,0.8937626109033823,-1.8621777272090314,0.28717824816703796,-0.7916637659072876,-0.17201989889144897,,,,,,
1763596410.911931,,,,,,,-0.10076159238815308,0.5829538702964783,0.30376559495925903,-0.45722874999046326,0.09922569245100021,0.05558962747454643
1763596410.92116,0.7783657149195671,0.8041776170462369,-1.831057197280228,0.1691213697195053,-0.510921061038971,-0.09315278381109238,,,,,,
1763596410.921961,,,,,,,-0.097362220287323,0.581587016582489,0.27473270893096924,-0.044713094830513,0.1329738050699234,0.0004917557816952467
1763596410.931214,0.93484368609339,0.6757388686597346,-1.8835443403646348,0.047356266528367996,-0.2513349652290344,-0.02941872552037239,,,,,,
1763596410.931992,,,,,,,-0.1058577299118042,0.562190592288971,0.26547175645828247,0.2500109076499939,0.1735028475522995,-0.032466791570186615
1763596410.941267,1.1912275541305541,0.6326099210292101,-1.963653649868071,-0.05454666167497635,-0.01661113277077675,0.033684611320495605,,,,,,
1763596410.942022,,,,,,,-0.12382292747497559,0.499178946018219,0.2552098035812378,0.5029523372650146,0.20032967627048492,-0.07912643998861313
1763596410.95132,1.530931218150258,0.6457517266750336,-2.109124197076261,-0.12263341248035431,0.19190438091754913,0.10979597270488739,,,,,,
1763596410.952053,,,,,,,-0.14037686586380005,0.4225258529186249,0.24879902601242065,0.6443775296211243,0.24076604843139648,-0.13645358383655548
1763596410.961373,2.025562701292336,0.7579653164476156,-2.1330115608811377,-0.16712631285190582,0.3003392517566681,0.17976200580596924,,,,,,
1763596410.962083,,,,,,,-0.14320886135101318,0.37021639943122864,0.25414592027664185,0.6185475587844849,0.26612386107444763,-0.1737000197172165
1763596410.971426,2.350770806969702,0.8335024957299232,-2.124303353768587,-0.15113893151283264,0.33893975615501404,0.2316966950893402,,,,,,
1763596410.972114,,,,,,,-0.1405329704284668,0.3062792718410492,0.2580794095993042,0.5875455737113953,0.2876685559749603,-0.22505773603916168
1763596410.981479,2.5970965145900844,0.9441039741307496,-2.197590416036546,-0.08110657334327698,0.3005920946598053,0.2656205892562866,,,,,,
1763596410.982144,,,,,,,-0.13103842735290527,0.26229315996170044,0.25898534059524536,0.4182695150375366,0.34120821952819824,-0.26785314083099365
1763596410.991532,2.7944717288196084,1.1957774725198744,-2.1128400027289986,0.025078129023313522,0.16763222217559814,0.28216710686683655,,,,,,
1763596410.992174,,,,,,,-0.11043345928192139,0.2404860109090805,0.2560879588127136,0.2454044222831726,0.3819250166416168,-0.29010823369026184
1763596411.001585,2.8653835863888264,1.4055091872364283,-1.9401131998047232,0.16923503577709198,-0.054230138659477234,0.28670939803123474,,,,,,
1763596411.002205,,,,,,,-0.0862240195274353,0.22889408469200134,0.23451870679855347,0.051452260464429855,0.39879322052001953,-0.3460564613342285
1763596411.011638,2.778614234474301,1.5622960782289503,-1.877833269241452,0.3354378640651703,-0.3506317138671875,0.28246939182281494,,,,,,
1763596411.012235,,,,,,,-0.060764968395233154,0.2212495654821396,0.19933855533599854,-0.1163141056895256,0.3698561191558838,-0.3872242867946625
1763596411.021691,2.5942113145425916,1.6223527797847985,-1.8970736840233207,0.5250061750411987,-0.6348325610160828,0.27493423223495483,,,,,,
1763596411.022266,,,,,,,-0.04300332069396973,0.19112728536128998,0.15875202417373657,-0.1889297217130661,0.3441571593284607,-0.4378269910812378
1763596411.031744,2.393591419303417,1.5747224290817976,-1.921952104692161,0.7004219889640808,-0.8777211308479309,0.26829254627227783,,,,,,
1763596411.032296,,,,,,,-0.035153865814208984,0.19060832262039185,0.14620620012283325,-0.2982807159423828,0.3395328223705292,-0.4724451005458832
1763596411.041797,2.1541569325014946,1.4548124395877122,-1.7294938885986804,0.8208879828453064,-1.0639216899871826,0.26855751872062683,,,,,,
1763596411.042327,,,,,,,-0.02477240562438965,0.20812243223190308,0.1448938250541687,-0.3764122724533081,0.30479615926742554,-0.46957340836524963
