timestamp,phone_accel_x,phone_accel_y,phone_accel_z,phone_gyro_x,phone_gyro_y,phone_gyro_z,watch_accel_x,watch_accel_y,watch_accel_z,watch_gyro_x,watch_gyro_y,watch_gyro_z
1763596398.334788,2.1490841592818497,1.4413894789129496,-2.3407871730938554,0.5375521183013916,-0.8263726830482483,0.0051889317110180855,,,,,,
1763596398.343762,,,,,,,-0.10684293508529663,0.3432951867580414,0.22409969568252563,-0.9255101680755615,0.05017132684588432,-0.34100106358528137
1763596398.344841,2.074485429893434,1.4490736036747693,-2.369181785190105,0.6016826033592224,-0.8598440885543823,0.06020462512969971,,,,,,
1763596398.353792,,,,,,,-0.1003461480140686,0.3220441937446594,0.21266162395477295,-0.9009720683097839,0.08900341391563416,-0.36166998744010925
1763596398.354894,1.9695953148767351,1.4100129283964633,-2.281939555066824,0.6610884070396423,-0.8662050366401672,0.09819754958152771,,,,,,
1763596398.363823,,,,,,,-0.08454430103302002,0.31225883960723877,0.2032364010810852,-0.8615716695785522,0.10452990978956223,-0.37947535514831543
1763596398.364947,1.8771166454046964,1.3572142351448535,-2.070737183275819,0.6977453827857971,-0.8531324863433838,0.12653186917304993,,,,,,
1763596398.373853,,,,,,,-0.07190138101577759,0.29980018734931946,0.18716055154800415,-0.8293097615242004,0.1116434782743454,-0.40434446930885315
1763596398.375,1.7377686727300286,1.2660118692189455,-1.7812962642893193,0.7173197865486145,-0.8246803283691406,0.14571769535541534,,,,,,
1763596398.383884,,,,,,,-0.06813168525695801,0.2711251974105835,0.171677827835083,-0.7874235510826111,0.12656170129776,-0.42960137128829956
1763596398.385053,1.5380369585022329,1.1606389391213654,-1.4630606279730796,0.7227097749710083,-0.7981845736503601,0.16464026272296906,,,,,,
1763596398.393914,,,,,,,-0.06941878795623779,0.2478705793619156,0.14999264478683472,-0.764796793460846,0.16720420122146606,-0.43984681367874146
1763596398.395106,1.3619912402883172,1.035923010650277,-1.156247718425095,0.7232895493507385,-0.7702510356903076,0.18457239866256714,,,,,,
1763596398.403945,,,,,,,-0.06472307443618774,0.2332800030708313,0.12405288219451904,-0.7159400582313538,0.2071891725063324,-0.43714582920074463
1763596398.405159,1.1770225031673907,0.9326660497933625,-0.9407657696187496,0.7228596806526184,-0.7326554656028748,0.20380041003227234,,,,,,
1763596398.413975,,,,,,,-0.05280715227127075,0.21768419444561005,0.09904413670301437,-0.6565459966659546,0.22736768424510956,-0.42825326323509216
1763596398.415212,1.0074901123702527,0.8058259687751531,-0.8117188262060284,0.7210807204246521,-0.6821200251579285,0.2192973792552948,,,,,,
1763596398.424005,,,,,,,-0.04673326015472412,0.2051798701286316,0.07769834995269775,-0.5718643665313721,0.25171270966529846,-0.41198667883872986
1763596398.425265,0.8751926427289843,0.6452741722911596,-0.6473480559557676,0.7130616307258606,-0.6146384477615356,0.23667530715465546,,,,,,
1763596398.434036,,,,,,,-0.045403480529785156,0.20366230607032776,0.047648362815380096,-0.4682635962963104,0.29159486293792725,-0.38986891508102417
1763596398.435318,0.8166030911162495,0.4693821833342314,-0.4002911114513874,0.6826348304748535,-0.5402008891105652,0.25829362869262695,,,,,,
1763596398.444066,,,,,,,-0.042205214500427246,0.19604186713695526,0.018134411424398422,-0.32171007990837097,0.31640273332595825,-0.3631334602832794
1763596398.445371,0.7209276714295149,0.27970833726227284,-0.19411942730396986,0.6331961750984192,-0.4539368152618408,0.2717932164669037,,,,,,
1763596398.454097,,,,,,,-0.04102373123168945,0.17669114470481873,-0.0004996061325073242,-0.20531874895095825,0.33203816413879395,-0.3302091956138611
1763596398.455424,0.6290837927296757,0.0891974558442831,-0.01661941862851381,0.5697478652000427,-0.35663965344429016,0.2801012396812439,,,,,,
1763596398.464126,,,,,,,-0.0371098518371582,0.14484955370426178,-0.012457847595214844,-0.0680578202009201,0.3421589732170105,-0.2929302752017975
1763596398.465477,0.5378653524518012,-0.03718611357808113,0.09379209015816449,0.5068530440330505,-0.23820915818214417,0.28051429986953735,,,,,,
1763596398.474158,,,,,,,-0.03178858757019043,0.11632664501667023,-0.013339642435312271,0.028561681509017944,0.37066784501075745,-0.24167680740356445
1763596398.47553,0.4251628101184964,-0.11489712976813315,0.13754559942781924,0.448158860206604,-0.10741177946329117,0.2796202003955841,,,,,,
1763596398.484188,,,,,,,-0.01798570156097412,0.09915690124034882,-0.025679651647806168,0.15803605318069458,0.37531614303588867,-0.19064265489578247
1763596398.485583,0.30328327411711214,-0.1390378838121891,0.2551557875469327,0.380722314119339,0.020769095048308372,0.27701589465141296,,,,,,
1763596398.494219,,,,,,,-0.004298985004425049,0.08587458729743958,-0.04387104511260986,0.286237895488739,0.38597169518470764,-0.15553586184978485
1763596398.495636,0.18642887280136347,-0.1361924312531948,0.4162988279223442,0.30995094776153564,0.1322910487651825,0.2689216434955597,,,,,,
1763596398.504249,,,,,,,0.007272899150848389,0.08332972228527069,-0.06114387512207031,0.40682902932167053,0.371072381734848,-0.11205203086137772
1763596398.505689,0.06142535956054926,-0.14332652091681958,0.5591422414973378,0.2357957661151886,0.22666308283805847,0.2539331018924713,,,,,,
1763596398.51428,,,,,,,0.011048614978790283,0.0746334046125412,-0.07314103841781616,0.5120824575424194,0.35546067357063293,-0.08476874977350235
1763596398.515741,0.0016097732841968534,-0.17407061874866483,0.6766811179459095,0.16919590532779694,0.2988830506801605,0.23744520545005798,,,,,,
1763596398.52431,,,,,,,0.007747828960418701,0.061351701617240906,-0.0766303539276123,0.5973886251449585,0.3391019403934479,-0.05502017214894295
1763596398.525794,-0.026172259871661663,-0.2567091544687748,0.7079232284277677,0.11958947777748108,0.3574656844139099,0.22133733332157135,,,,,,
1763596398.534341,,,,,,,0.00021141767501831055,0.052058130502700806,-0.0751032829284668,0.672694742679596,0.3415086269378662,-0.03380217030644417
1763596398.535847,-0.020669863063097,-0.3224181826978922,0.7297808399707079,0.08716520667076111,0.40541374683380127,0.21365699172019958,,,,,,
1763596398.544371,,,,,,,-0.0043541789054870605,0.05256611108779907,-0.07215160131454468,0.7316938638687134,0.3422237038612366,-0.016019443050026894
1763596398.545899,0.045860126160085196,-0.39232290905117984,0.7169812718912959,0.06297704577445984,0.4461308419704437,0.20821775496006012,,,,,,
1763596398.554402,,,,,,,-0.004643499851226807,0.04640260338783264,-0.07472747564315796,0.7863460779190063,0.33587977290153503,-0.009588642045855522
1763596398.555953,0.11239157668799162,-0.394420758113265,0.7353188926145434,0.044418543577194214,0.47357895970344543,0.20961618423461914,,,,,,
1763596398.564432,,,,,,,-0.003739595413208008,0.045646265149116516,-0.07164955139160156,0.8173841238021851,0.34026867151260376,-0.005675925873219967
1763596398.566005,0.14634469969421623,-0.3983475761681795,0.7873267277494073,0.027739431709051132,0.49257102608680725,0.21170729398727417,,,,,,
1763596398.574462,,,,,,,0.0018578767776489258,0.05276496708393097,-0.07065731287002563,0.8429605960845947,0.33713918924331665,-0.015202386304736137
1763596398.576058,0.16132599572688341,-0.3211135298401117,0.794104551321268,0.010121023282408714,0.5064506530761719,0.22286513447761536,,,,,,
1763596398.584493,,,,,,,0.01136404275894165,0.04715105891227722,-0.07541948556900024,0.8593454360961914,0.3172086179256439,-0.03728345036506653
1763596398.586112,0.14796411758959294,-0.27694530228972436,0.8107397520408034,-0.003150098491460085,0.5015491247177124,0.23555806279182434,,,,,,
1763596398.594523,,,,,,,0.01570969820022583,0.022173330187797546,-0.0757443904876709,0.8509759902954102,0.29404470324516296,-0.06455635279417038
1763596398.596164,0.09060732264220714,-0.20131810663640498,0.7828349692881107,-0.013539889827370644,0.500163733959198,0.24679207801818848,,,,,,
1763596398.604554,,,,,,,0.017086505889892578,0.012618288397789001,-0.06696003675460815,0.7948487997055054,0.2785049080848694,-0.08121282607316971
1763596398.606217,0.0653816959708929,-0.1863859104424715,0.7115680146709084,-0.014699355699121952,0.4984147548675537,0.25505298376083374,,,,,,
1763596398.614584,,,,,,,0.020140111446380615,0.01843881607055664,-0.06357938051223755,0.7403239607810974,0.24317540228366852,-0.09770198911428452
1763596398.616271,0.06851561008244753,-0.1498217281550169,0.6615864246666431,-0.013114775530993938,0.4898202121257782,0.25917848944664,,,,,,
1763596398.624615,,,,,,,0.01653003692626953,0.021277666091918945,-0.05586397647857666,0.679607629776001,0.2196141481399536,-0.11958011984825134
1763596398.626323,0.04588263025283813,-0.1444271756350994,0.6453048596903681,-0.011263668537139893,0.4786496162414551,0.2663496136665344,,,,,,
1763596398.634645,,,,,,,0.008754432201385498,0.017183318734169006,-0.049013614654541016,0.6248334646224976,0.21201029419898987,-0.1374039202928543
1763596398.636376,0.049962885303795335,-0.15589432606697082,0.6065715166702866,-0.014026165008544922,0.47730207443237305,0.2758198082447052,,,,,,
1763596398.644676,,,,,,,0.008043646812438965,0.020107358694076538,-0.04905211925506592,0.5789471864700317,0.2020021378993988,-0.15389448404312134
1763596398.64643,0.05613602098077535,-0.17827566922307014,0.5829071479663253,-0.0322435162961483,0.48664501309394836,0.2875222861766815,,,,,,
1763596398.654706,,,,,,,0.012587249279022217,0.020784497261047363,-0.054100871086120605,0.5574226379394531,0.17968910932540894,-0.18022868037223816
1763596398.656482,0.06798603325039147,-0.1447720435500145,0.5584697490632534,-0.05397597700357437,0.5083713531494141,0.2952161431312561,,,,,,
1763596398.664737,,,,,,,0.015599548816680908,0.03153270483016968,-0.053571462631225586,0.5341727137565613,0.1599324494600296,-0.20073609054088593
1763596398.666535,0.1078609475210309,-0.12100538351535796,0.5346235940515994,-0.07882130891084671,0.5313899517059326,0.3019583523273468,,,,,,
1763596398.674767,,,,,,,0.01639777421951294,0.043368831276893616,-0.050118207931518555,0.5037881731987,0.13518795371055603,-0.21494752168655396
1763596398.676589,0.1500067293331027,-0.07530687765777111,0.5047606629684567,-0.1020781621336937,0.524717390537262,0.31113454699516296,,,,,,
1763596398.684798,,,,,,,0.013160645961761475,0.023491546511650085,-0.04169917106628418,0.4888494908809662,0.10126886516809464,-0.22896799445152283
1763596398.686641,0.17185440400391816,-0.049698389148712156,0.45638270876854653,-0.11284678429365158,0.49907293915748596,0.31880202889442444,,,,,,
1763596398.694828,,,,,,,0.00437396764755249,-0.00951378047466278,-0.029214024543762207,0.43171045184135437,0.0987018495798111,-0.2270796149969101
1763596398.696695,0.17130232307910917,-0.05903261920511722,0.3470376601696014,-0.10807360708713531,0.4825269877910614,0.31508904695510864,,,,,,
1763596398.704859,,,,,,,0.005286514759063721,-0.014964938163757324,-0.021738409996032715,0.3876977264881134,0.0933358445763588,-0.20054814219474792
1763596398.706748,0.23186843546181915,-0.0016524433821439742,0.24510756400227546,-0.10337694734334946,0.4578039050102234,0.30270496010780334,,,,,,
1763596398.714888,,,,,,,0.008440554141998291,-0.011160343885421753,-0.02565789222717285,0.3684316873550415,0.08038462698459625,-0.18420664966106415
1763596398.7168,0.29287001665234563,0.05709785175025463,0.1878232497692108,-0.10169649124145508,0.43123915791511536,0.27047407627105713,,,,,,
1763596398.724919,,,,,,,0.010365545749664307,0.00032983720302581787,-0.02682507038116455,0.357149213552475,0.0672597661614418,-0.16499833762645721
1763596398.726852,0.30609014823138714,0.08290273961424827,0.15343933413028715,-0.09621431678533554,0.39799830317497253,0.23975205421447754,,,,,,
1763596398.73495,,,,,,,0.012432098388671875,0.0036897659301757812,-0.029721856117248535,0.36996689438819885,0.049707673490047455,-0.15443263947963715
1763596398.736906,0.3273445331841707,0.06960019044876098,0.1439545896872878,-0.08797875791788101,0.3512558341026306,0.2148166000843048,,,,,,
1763596398.74498,,,,,,,0.006229281425476074,0.014116764068603516,-0.027483463287353516,0.37478241324424744,0.035718884319067,-0.14452888071537018
1763596398.746958,0.3505377772450447,0.030166005682945248,0.14573270527571439,-0.07057403773069382,0.29247137904167175,0.21010617911815643,,,,,,
1763596398.755011,,,,,,,-0.002546370029449463,0.022655025124549866,-0.01853036880493164,0.3619574308395386,0.025507792830467224,-0.13780160248279572
1763596398.757011,0.3309314517602324,-0.014342413607239722,0.12535422637462615,-0.05367627739906311,0.2265980988740921,0.21775397658348083,,,,,,
1763596398.765041,,,,,,,-0.014671087265014648,0.007596015930175781,-0.007071972358971834,0.35319721698760986,0.01670178584754467,-0.1380050778388977
1763596398.767065,0.26834552398771044,-0.07941080584526061,0.06702712509036064,-0.0362301729619503,0.17412297427654266,0.22957786917686462,,,,,,
1763596398.775072,,,,,,,-0.021030664443969727,-0.011201530694961548,0.005522370804101229,0.31162944436073303,0.03113691695034504,-0.1283675581216812
1763596398.777117,0.19649433974176644,-0.10288052875995636,0.01611585302054882,-0.028230037540197372,0.16535450518131256,0.23043593764305115,,,,,,
1763596398.785102,,,,,,,-0.016732096672058105,-0.004017651081085205,0.00908052921295166,0.27837908267974854,0.03857991844415665,-0.10974486917257309
1763596398.78717,0.1321224053353071,-0.10020108041763305,-0.029530338127911088,-0.03643972426652908,0.187732994556427,0.2189280390739441,,,,,,
1763596398.795133,,,,,,,-0.007997334003448486,0.01532602310180664,0.006105660926550627,0.2686116099357605,0.03120243176817894,-0.10738877207040787
1763596398.797224,0.05967676232755184,-0.060790861049294466,-0.032797523230314256,-0.06054053455591202,0.2135574072599411,0.19459287822246552,,,,,,
1763596398.805163,,,,,,,-0.0029662251472473145,0.019969522953033447,0.008841276168823242,0.2711442708969116,0.009228688664734364,-0.11105434596538544
1763596398.807276,-0.03245528566390276,-0.06492986055016517,-0.010906009417772292,-0.0853172168135643,0.2344820648431778,0.1743769645690918,,,,,,
1763596398.815194,,,,,,,-0.0076215267181396484,0.0090656578540802,0.014009356498718262,0.2702094614505768,-0.004077795427292585,-0.11134915798902512
1763596398.817329,-0.07208850013315678,-0.07048515658974647,-0.022286942870914934,-0.09725302457809448,0.24730876088142395,0.17091888189315796,,,,,,
1763596398.825224,,,,,,,-0.01586204767227173,0.009734168648719788,0.021369218826293945,0.2564859390258789,0.01471027359366417,-0.10967803001403809
1763596398.827383,-0.08044044115394354,-0.06862871506810188,-0.06021539924889802,-0.09082096070051193,0.2522942125797272,0.18270497024059296,,,,,,
1763596398.835255,,,,,,,-0.012445211410522461,0.025035247206687927,0.026444554328918457,0.26145684719085693,0.02848733775317669,-0.11214417964220047
1763596398.837435,-0.07431611305475234,-0.03458031499385834,-0.048854339540004725,-0.07240695506334305,0.23812448978424072,0.19578179717063904,,,,,,
1763596398.845285,,,,,,,-0.0038924813270568848,0.0359826385974884,0.02672743797302246,0.2678559124469757,0.019003022462129593,-0.13147686421871185
1763596398.847488,-0.10533376713097095,-0.02915828994512558,-0.027632687813043594,-0.047523170709609985,0.2085394263267517,0.20963530242443085,,,,,,
1763596398.855316,,,,,,,-0.005437016487121582,0.03202427923679352,0.029009222984313965,0.24721036851406097,0.012601315975189209,-0.15163080394268036
1763596398.857542,-0.16456395473480223,-0.02044716022312641,-0.021972470094263553,-0.027321510016918182,0.1757022589445114,0.2221847027540207,,,,,,
1763596398.865346,,,,,,,-0.013348102569580078,0.01611626148223877,0.03455543518066406,0.21972228586673737,0.020478680729866028,-0.17145563662052155
1763596398.867594,-0.20688129372149705,-0.01519172391295433,-0.03904489318728447,-0.013601434417068958,0.15575066208839417,0.23060429096221924,,,,,,
1763596398.875376,,,,,,,-0.021107017993927002,0.0031006187200546265,0.03872787952423096,0.19477929174900055,0.037910133600234985,-0.18581686913967133
1763596398.877647,-0.19659049359261987,-0.036089550513029096,-0.06218523801714181,-0.005837765987962484,0.16128844022750854,0.2286280244588852,,,,,,
1763596398.885407,,,,,,,-0.021762728691101074,0.004555404186248779,0.03991532325744629,0.1662999838590622,0.048320963978767395,-0.1892092078924179
1763596398.887701,-0.15394026938974856,-0.04070435083210468,-0.10313917969614267,-0.006715011317282915,0.17604394257068634,0.21762676537036896,,,,,,
1763596398.895437,,,,,,,-0.018415510654449463,-0.0019769519567489624,0.03759169578552246,0.16108442842960358,0.05029676482081413,-0.18740737438201904
1763596398.897754,-0.11534867292791605,-0.041594577670097346,-0.1273217270553112,-0.0074041360057890415,0.19592712819576263,0.20236212015151978,,,,,,
1763596398.905468,,,,,,,-0.015993714332580566,-0.00422532856464386,0.039444923400878906,0.14513608813285828,0.06080693006515503,-0.17389528453350067
1763596398.907806,-0.05658785640150308,-0.048210780939459796,-0.18038082480877637,-0.0022892686538398266,0.2137167751789093,0.18627263605594635,,,,,,
1763596398.915498,,,,,,,-0.013418376445770264,0.0014041662216186523,0.03403806686401367,0.1632363200187683,0.07395628839731216,-0.1562776118516922
1763596398.91786,-0.03255728473365307,-0.03957797715067863,-0.16535802772194147,0.00034299958497285843,0.2049725502729416,0.18262116611003876,,,,,,
1763596398.925529,,,,,,,-0.008916079998016357,0.011334463953971863,0.025960326194763184,0.18281987309455872,0.0776468962430954,-0.14407074451446533
1763596398.927912,-0.03653992462903261,-0.0354009837269783,-0.11997019524872302,0.0056930240243673325,0.17844320833683014,0.18854084610939026,,,,,,
1763596398.935559,,,,,,,-0.002212226390838623,0.011550143361091614,0.024447083473205566,0.20738255977630615,0.07083159685134888,-0.14115633070468903
1763596398.937965,-0.0714013946518302,-0.023348726883530617,-0.09676292266249656,0.017155934125185013,0.1577604115009308,0.19412976503372192,,,,,,
1763596398.94559,,,,,,,-0.0031658411026000977,0.006437197327613831,0.030923843383789062,0.20046766102313995,0.06818601489067078,-0.1428453028202057
1763596398.948018,-0.12137567813247442,-0.006871639335155486,-0.14596008429080248,0.037016723304986954,0.14691601693630219,0.1992132067680359,,,,,,
1763596398.95562,,,,,,,-0.008130133152008057,0.005017459392547607,0.03294384479522705,0.18622198700904846,0.06891492009162903,-0.1430986225605011
1763596398.958071,-0.16320084968805312,-0.019677344894409178,-0.14198855031132698,0.049098726361989975,0.13165849447250366,0.1992381066083908,,,,,,
1763596398.96565,,,,,,,-0.01625114679336548,-0.00958302617073059,0.03619706630706787,0.17196688055992126,0.07376240938901901,-0.15507325530052185
1763596398.968123,-0.2348945052847266,-0.054341831040382385,-0.09594488427788019,0.057575032114982605,0.12305355817079544,0.18952395021915436,,,,,,
1763596398.975681,,,,,,,-0.021218419075012207,-0.01889108121395111,0.041071414947509766,0.14235389232635498,0.09574280679225922,-0.14914800226688385
1763596398.978177,-0.28323855721503494,-0.10345511377751826,-0.09785101016014813,0.06292370706796646,0.13016201555728912,0.17133082449436188,,,,,,
1763596398.985712,,,,,,,-0.014446556568145752,-0.01322135329246521,0.040334343910217285,0.1286388784646988,0.10313041508197784,-0.14680975675582886
1763596398.98823,-0.2561649645894766,-0.09862813201248645,-0.10295154816955328,0.06340014189481735,0.1440163105726242,0.14953097701072693,,,,,,
1763596398.995742,,,,,,,-0.006713449954986572,0.004565149545669556,0.032781124114990234,0.1377684623003006,0.09920438379049301,-0.14494501054286957
1763596398.998282,-0.2443774961620569,-0.07285480833053588,-0.07034837846755981,0.06013324856758118,0.15400822460651398,0.13213574886322021,,,,,,
1763596399.005773,,,,,,,-0.006331324577331543,0.017888560891151428,0.026352763175964355,0.15630033612251282,0.10159004479646683,-0.14076250791549683
1763596399.008336,-0.22736323299705982,-0.07173954056501389,-0.05587210934758186,0.06268826872110367,0.15753862261772156,0.12873847782611847,,,,,,
1763596399.015803,,,,,,,-0.009003996849060059,0.02440604567527771,0.026807785034179688,0.1736782193183899,0.11356255412101746,-0.14215035736560822
1763596399.018389,-0.20778350325822828,-0.05578676915168762,-0.04775806873589754,0.06748541444540024,0.15702861547470093,0.14615288376808167,,,,,,
1763596399.025834,,,,,,,-0.008747637271881104,0.01618368923664093,0.024897456169128418,0.17156526446342468,0.12593506276607513,-0.1426829844713211
1763596399.028441,-0.1821025340348482,-0.026396424016356466,-0.03464548918455839,0.07434872537851334,0.1491554230451584,0.17028172314167023,,,,,,
1763596399.035864,,,,,,,-0.0010393857955932617,-0.004235759377479553,0.022551298141479492,0.17611908912658691,0.1228463277220726,-0.14845624566078186
1763596399.038494,-0.19995617063343524,-0.017656652721762655,-0.01322451549321413,0.07777834683656693,0.1507013887166977,0.1936432421207428,,,,,,
1763596399.045894,,,,,,,0.0032783150672912598,-0.011194214224815369,0.024280548095703125,0.1555565595626831,0.12712550163269043,-0.15106721222400665
1763596399.048548,-0.24744915869235992,0.0060392801642417905,-0.03539484624713659,0.08177217841148376,0.1671515703201294,0.19651447236537933,,,,,,
1763596399.055925,,,,,,,0.005641341209411621,-0.00027279555797576904,0.019755244255065918,0.14293697476387024,0.122236467897892,-0.14896118640899658
1763596399.0586,-0.25095979716181754,0.010054361024498939,-0.03235182528942823,0.0825548768043518,0.1843808889389038,0.18392358720302582,,,,,,
1763596399.065954,,,,,,,0.0021162033081054688,0.007544875144958496,0.017804862931370735,0.14885611832141876,0.11931098252534866,-0.15283235907554626
1763596399.068654,-0.3082099168643355,-0.032146950367093086,0.0246434428691864,0.08562333136796951,0.19100262224674225,0.1630932241678238,,,,,,
1763596399.075986,,,,,,,-0.005337834358215332,0.013759568333625793,0.01810801401734352,0.16586509346961975,0.1234133169054985,-0.15354235470294952
1763596399.078707,-0.32379443948715925,-0.11056465352177619,0.04974076698571443,0.08688940107822418,0.19103245437145233,0.15059901773929596,,,,,,
1763596399.086016,,,,,,,-0.01353377103805542,0.026163920760154724,0.018279073759913445,0.18546701967716217,0.1310635209083557,-0.15414422750473022
1763596399.088759,-0.29858547168970107,-0.15301614028215407,0.05712649332284927,0.0946456789970398,0.1913793534040451,0.1483176052570343,,,,,,
1763596399.096047,,,,,,,-0.01743173599243164,0.030554741621017456,0.01688671112060547,0.2038426399230957,0.13719357550144196,-0.15593799948692322
1763596399.098813,-0.2651674784734845,-0.18101590784192084,0.07379647309482097,0.08741360157728195,0.1920829564332962,0.15535394847393036,,,,,,
1763596399.106077,,,,,,,-0.021523356437683105,0.00995992124080658,0.013898493722081184,0.22581398487091064,0.1547326296567917,-0.15938067436218262
1763596399.108865,-0.2484226798996329,-0.18317746978998184,0.032618951793015,0.07638750970363617,0.2156652957201004,0.162150576710701,,,,,,
1763596399.116108,,,,,,,-0.01744401454925537,-0.0039832741022109985,0.013125540688633919,0.2234901487827301,0.17506106197834015,-0.14411436021327972
1763596399.118918,-0.17612345962524412,-0.13453823430538175,-0.005180325247347355,0.0555056631565094,0.26482248306274414,0.1636965423822403,,,,,,
1763596399.126138,,,,,,,-0.003601253032684326,0.010280758142471313,0.011380672454833984,0.2290968894958496,0.1816324144601822,-0.13968978822231293
1763596399.128972,-0.09371902492195368,-0.04802841010987759,-0.020244915649294853,0.03033268451690674,0.3074943423271179,0.15790311992168427,,,,,,
1763596399.136169,,,,,,,0.005831778049468994,0.021776944398880005,0.0066487789154052734,0.25333619117736816,0.16585691273212433,-0.13867731392383575
1763596399.139024,-0.046853228850662704,0.013042436924576758,0.01799596767872572,0.013162752613425255,0.32491356134414673,0.1551632583141327,,,,,,
1763596399.146199,,,,,,,0.006263375282287598,0.018185049295425415,0.008268235251307487,0.26221969723701477,0.15180261433124542,-0.1387641280889511
1763596399.149077,-0.05869856494516134,0.020116320833563805,-0.00535918894559145,0.019071431830525398,0.3137628734111786,0.16131146252155304,,,,,,
1763596399.15623,,,,,,,-0.0033611059188842773,0.020959511399269104,0.01551508717238903,0.24826844036579132,0.14499983191490173,-0.13848350942134857
1763596399.159131,-0.07084756016135216,0.026110592812299726,-0.07150836215764284,0.0373268686234951,0.26807448267936707,0.17609412968158722,,,,,,
1763596399.16626,,,,,,,-0.010354876518249512,0.013236939907073975,0.020582672208547592,0.22650057077407837,0.1458701640367508,-0.14235948026180267
1763596399.169183,-0.08210574401766062,0.011384148323535919,-0.1246221127077937,0.0636506900191307,0.20337539911270142,0.1826649159193039,,,,,,
1763596399.176291,,,,,,,-0.013009727001190186,-0.014544710516929626,0.02433633618056774,0.16974131762981415,0.14815674722194672,-0.1388903707265854
1763596399.179236,-0.10537965209931134,0.015422025537490844,-0.1619970268562436,0.09183812141418457,0.15559163689613342,0.17193718254566193,,,,,,
1763596399.186321,,,,,,,-0.010776042938232422,-0.04860089719295502,0.028257373720407486,0.10609682649374008,0.1500190943479538,-0.12992297112941742
1763596399.189288,-0.08490911100059748,0.0508119033485651,-0.2197556806027889,0.11119015514850616,0.14728635549545288,0.14111687242984772,,,,,,
1763596399.196351,,,,,,,-0.0010747313499450684,-0.04491466283798218,0.024760961532592773,0.05394047498703003,0.15184922516345978,-0.10187575966119766
1763596399.199342,-0.004295359106361866,0.1095791496157646,-0.21158757171630857,0.11645229905843735,0.14667515456676483,0.09500743448734283,,,,,,
1763596399.206382,,,,,,,0.008359193801879883,-0.019985169172286987,0.015048142522573471,0.04119911417365074,0.1473711133003235,-0.08350660651922226
1763596399.209394,0.04808335516750812,0.1415776314228773,-0.11866729595661163,0.1116533949971199,0.1264323592185974,0.0599372461438179,,,,,,
1763596399.216412,,,,,,,0.01394045352935791,-0.011472821235656738,0.0016051530838012695,0.052093300968408585,0.12883605062961578,-0.06920070946216583
1763596399.219448,0.01575374170988798,0.07659574842453003,-0.015053776746988295,0.11147309839725494,0.08186409622430801,0.04698549583554268,,,,,,
1763596399.226443,,,,,,,0.016627967357635498,-0.020328804850578308,-0.0009256601333618164,0.04723675921559334,0.1142006441950798,-0.0672997459769249
1763596399.229501,-0.03653992462903261,0.01699906559586525,-0.023335282880067823,0.12517236173152924,0.02764153853058815,0.05962768942117691,,,,,,
1763596399.236473,,,,,,,0.011882901191711426,-0.0191822350025177,0.0026282072067260742,0.03891865909099579,0.09759663790464401,-0.06769109517335892
1763596399.239553,-0.12354834599643945,-0.0191840084195137,-0.05885024837553501,0.14984415471553802,-0.019151000306010246,0.07959820330142975,,,,,,
1763596399.246504,,,,,,,0.0035306811332702637,-0.0202120840549469,0.0036174021661281586,0.003963605500757694,0.07704582065343857,-0.06084837019443512
1763596399.249607,-0.22729075228273868,-0.06853986774086952,-0.047020986633002755,0.1664857566356659,-0.05831025540828705,0.08604581654071808,,,,,,
1763596399.256534,,,,,,,-0.010297536849975586,-0.051987916231155396,0.009482145309448242,-0.016396498307585716,0.08492477983236313,-0.06163406744599342
1763596399.25966,-0.3540112985745072,-0.15605857671797274,-0.01145341416746378,0.17243394255638123,-0.04913646727800369,0.06723777204751968,,,,,,
1763596399.266565,,,,,,,-0.014235258102416992,-0.060393065214157104,0.016681790351867676,-0.07004082202911377,0.12129663676023483,-0.026256367564201355
1763596399.269712,-0.4081365642547607,-0.22176818946897983,0.023901392330229282,0.15582117438316345,-0.010562025010585785,0.029452534392476082,,,,,,
1763596399.276595,,,,,,,0.0006759762763977051,-0.0375639945268631,0.004729505628347397,-0.06025461107492447,0.11851443350315094,-0.004459526855498552
1763596399.279766,-0.4165682925134897,-0.22455168270766734,0.1606637324258685,0.11769195646047592,0.019003596156835556,-0.01597629301249981,,,,,,
1763596399.286626,,,,,,,0.015022516250610352,-0.01969216763973236,-0.010882023721933365,-0.023204181343317032,0.08765985071659088,-0.003800927195698023
1763596399.289819,-0.45027679310888047,-0.23068097924292086,0.248737737198174,0.07909609377384186,0.04891861975193024,-0.04900242015719414,,,,,,
1763596399.296656,,,,,,,0.009569168090820312,-0.020552605390548706,-0.014944437891244888,0.009942034259438515,0.07030775398015976,0.001238972065038979
1763596399.299871,-0.44672085419297214,-0.28727205051481725,0.22921236799508332,0.06057154759764671,0.07684862613677979,-0.05592501163482666,,,,,,
1763596399.306687,,,,,,,-0.003981947898864746,-0.014164909720420837,-0.014442920684814453,0.04064588248729706,0.0830717533826828,0.00829981081187725
1763596399.309925,-0.3850783447504043,-0.27937457526326176,0.2002671362787485,0.0621207095682621,0.09203130006790161,-0.04160226508975029,,,,,,
1763596399.316716,,,,,,,-0.011021435260772705,0.005150154232978821,-0.01397848129272461,0.07028435170650482,0.10377463698387146,0.00959344208240509
1763596399.319978,-0.33745646961480374,-0.2957189763426781,0.2203530619740486,0.0704462081193924,0.08549942076206207,-0.012817241251468658,,,,,,
1763596399.326748,,,,,,,-0.00867849588394165,0.017595142126083374,-0.009144309908151627,0.09612526744604111,0.11522143334150314,0.004702013451606035
1763596399.33003,-0.3481447446286678,-0.3160883951544761,0.28166823915839195,0.08613035827875137,0.07095137238502502,0.016929734498262405,,,,,,
1763596399.336778,,,,,,,-0.003410160541534424,0.01926465332508087,-0.006450057029724121,0.11824987083673477,0.11885958164930344,-0.005170191638171673
1763596399.340084,-0.41176819875538345,-0.2859218049496412,0.3132406045079231,0.09067367017269135,0.07011232525110245,0.03988649696111679,,,,,,
1763596399.346809,,,,,,,-0.0030295252799987793,0.026978060603141785,-0.004411701112985611,0.13936473429203033,0.12281543761491776,-0.02456332929432392
1763596399.350137,-0.4516562647685408,-0.25911212395727634,0.3150970460295677,0.08717773854732513,0.09342110902070999,0.05431763082742691,,,,,,
1763596399.356839,,,,,,,-0.0025616884231567383,0.042259469628334045,-0.005371451377868652,0.17077219486236572,0.12538592517375946,-0.056072719395160675
1763596399.360189,-0.4823775662466883,-0.19181611879765986,0.295428176702559,0.07764026522636414,0.13822996616363525,0.06223006173968315,,,,,,
1763596399.366871,,,,,,,-0.0026941299438476562,0.05640704929828644,0.0007969141006469727,0.19552575051784515,0.13117536902427673,-0.08735793828964233
1763596399.370243,-0.4749316341549158,-0.16593582760989664,0.25777152300328016,0.0648546889424324,0.19386419653892517,0.06646182388067245,,,,,,
1763596399.3769,,,,,,,-0.004053354263305664,0.05906960368156433,0.004301674664020538,0.21277868747711182,0.1333269327878952,-0.1089736819267273
1763596399.380296,-0.45806379372328515,-0.11511457191109657,0.22942454944103954,0.04232550412416458,0.23512651026248932,0.07676096260547638,,,,,,
1763596399.38693,,,,,,,-0.007734954357147217,0.039401501417160034,0.001502394676208496,0.19611182808876038,0.12836812436580658,-0.12533853948116302
1763596399.390348,-0.3730599901765585,-0.047485973796248436,0.2451449734032154,0.012940987013280392,0.26281699538230896,0.09278014302253723,,,,,,
1763596399.396961,,,,,,,-0.01123887300491333,0.004967808723449707,-0.00306856632232666,0.18405061960220337,0.13808280229568481,-0.12081290036439896
1763596399.400402,-0.25843641665279865,-0.019805939710140226,0.17414543755054473,-0.020200397819280624,0.3011431396007538,0.10677438974380493,,,,,,
1763596399.406991,,,,,,,-0.011289596557617188,-0.012714967131614685,-0.004863381385803223,0.14759141206741333,0.1715041548013687,-0.10333137959241867
1763596399.410455,-0.013652093255519866,0.04271861326396465,0.0861623259320855,-0.05489419773221016,0.3506734073162079,0.10524626821279526,,,,,,
1763596399.417022,,,,,,,0.006986856460571289,0.0030942708253860474,-0.013854503631591797,0.13996967673301697,0.16616077721118927,-0.0658792108297348
1763596399.420507,0.24865444282889365,0.1462795255035162,0.00767623371630907,-0.07649684697389603,0.36641913652420044,0.08945799618959427,,,,,,
1763596399.427052,,,,,,,0.024944722652435303,0.016002118587493896,-0.01878654956817627,0.15519709885120392,0.11946597695350647,-0.0408761240541935
1763596399.430561,0.3891773045018315,0.19211597852706908,-0.03982230730056763,-0.07276709377765656,0.32523468136787415,0.0651790201663971,,,,,,
1763596399.437083,,,,,,,0.022269010543823242,0.010099276900291443,-0.018507957458496094,0.18260875344276428,0.09139173477888107,-0.028353141620755196
1763596399.440614,0.41852848667055365,0.19641338346004486,-0.07307751117050647,-0.03221779689192772,0.23410528898239136,0.05160648748278618,,,,,,
1763596399.447114,,,,,,,0.009136736392974854,0.00026088953018188477,-0.019210688769817352,0.19572429358959198,0.08660922944545746,-0.010892925783991814
1763596399.450666,0.4350102503940463,0.2101093158572912,-0.10260521894991398,0.03125101700425148,0.09557992219924927,0.05446435883641243,,,,,,
1763596399.457144,,,,,,,0.004782915115356445,-0.012154176831245422,-0.02344512939453125,0.2000838965177536,0.07856222242116928,-0.014271344989538193
1763596399.460718,0.3925362595409155,0.20340718787014483,-0.07885697135478258,0.10474201291799545,-0.041524674743413925,0.05495491251349449,,,,,,
1763596399.467175,,,,,,,0.01204371452331543,-0.013871550559997559,-0.013937592506408691,0.14424459636211395,0.0702771320939064,-0.00874368753284216
1763596399.470772,0.2493076460406184,0.15787877788245677,-0.06800210760235786,0.1694643199443817,-0.14914573729038239,0.0482628233730793,,,,,,
1763596399.477206,,,,,,,0.018860280513763428,-0.010944411158561707,-0.010746363550424576,0.08772387355566025,0.0455656573176384,-0.01504945382475853
1763596399.480824,0.05067834009677171,0.08199848425090313,0.04091097932010889,0.21057739853858948,-0.22236189246177673,0.029152248054742813,,,,,,
1763596399.487236,,,,,,,0.013068139553070068,-0.015897944569587708,-0.005185846239328384,0.01951339840888977,0.029186418280005455,-0.029951436445116997
1763596399.490877,-0.18335004987791179,-0.03299216901957989,0.17797288688421248,0.22809019684791565,-0.2516695559024811,0.012365194037556648,,,,,,
1763596399.497267,,,,,,,0.0037077665328979492,-0.020364895462989807,0.0018398724496364594,-0.053786326199769974,0.030615203082561493,-0.05252132564783096
1763596399.500931,-0.35551439661383627,-0.11458090342581272,0.26604280000329017,0.22211512923240662,-0.23625676333904266,0.006738467141985893,,,,,,
1763596399.507297,,,,,,,0.001914381980895996,-0.014543071389198303,0.003343094140291214,-0.10118500143289566,0.04431024193763733,-0.07436750084161758
1763596399.510983,-0.4922131699539721,-0.17481529963612555,0.33488077390789983,0.20265215635299683,-0.1946730613708496,0.019362159073352814,,,,,,
1763596399.517328,,,,,,,0.007962346076965332,0.0005985498428344727,-0.0033458471298217773,-0.11632480472326279,0.04507909715175629,-0.10471582412719727
1763596399.521036,-0.5939465745054185,-0.20628537365496158,0.39502573826909065,0.16963748633861542,-0.14789943397045135,0.046208687126636505,,,,,,
1763596399.527358,,,,,,,0.017074286937713623,-0.007622092962265015,-0.00638531893491745,-0.11158251762390137,0.04756622388958931,-0.12305834144353867
1763596399.53109,-0.7346098675623536,-0.23181261362135408,0.45007586370930075,0.13828712701797485,-0.0959160178899765,0.07904089987277985,,,,,,
1763596399.537389,,,,,,,0.030237019062042236,-0.051243409514427185,-0.012064091861248016,-0.10119222849607468,0.06709305197000504,-0.13414853811264038
1763596399.541143,-0.8820509841911495,-0.19850012660622596,0.43130335870012637,0.10970955342054367,-0.0363224633038044,0.10569648444652557,,,,,,
1763596399.547419,,,,,,,0.055656373500823975,-0.08660575747489929,-0.012496821582317352,-0.10834574699401855,0.07665007561445236,-0.11802417039871216
1763596399.551196,-1.0187523878797888,-0.08023322814404964,0.4713128591358661,0.08474047482013702,0.02306794375181198,0.11349286139011383,,,,,,
1763596399.557448,,,,,,,0.08436673879623413,-0.10379602015018463,-0.0071114227175712585,-0.10336213558912277,0.06702594459056854,-0.09335450828075409
1763596399.561249,-1.205426175352931,0.028165771776437757,0.5469226652629673,0.07540716230869293,0.07812506705522537,0.1032269075512886,,,,,,
1763596399.56748,,,,,,,0.10588991641998291,-0.10544826090335846,-0.005353093147277832,-0.0839623361825943,0.048739612102508545,-0.0731845274567604
1763596399.571302,-1.4615408710598945,0.07458850025534629,0.6374073844388127,0.08502720296382904,0.12197738140821457,0.08476224541664124,,,,,,
1763596399.577509,,,,,,,0.11107343435287476,-0.11197873950004578,0.0011824443936347961,-0.037287428975105286,0.06174888834357262,-0.05723978579044342
1763596399.581355,-1.7564027921818195,0.056223407003283495,0.7734051699027419,0.11084654927253723,0.1551571786403656,0.06994734704494476,,,,,,
1763596399.58754,,,,,,,0.11138594150543213,-0.11665093898773193,0.0036439821124076843,0.03411111980676651,0.10520049184560776,-0.04905509203672409
1763596399.591408,-2.035156897459179,-0.011266659423708915,0.979544120824337,0.14508092403411865,0.1700865775346756,0.07684268802404404,,,,,,
1763596399.59757,,,,,,,0.11890709400177002,-0.1255168914794922,-0.00437115877866745,0.13832758367061615,0.1426519900560379,-0.052424587309360504
1763596399.601461,-2.324751107311249,-0.06582125643193722,1.242804596632719,0.1697939932346344,0.18089021742343903,0.10530069470405579,,,,,,
1763596399.607601,,,,,,,0.13511443138122559,-0.136896014213562,-0.011057145893573761,0.24612222611904144,0.17811891436576843,-0.06641604006290436
1763596399.611514,-2.661995980001986,-0.14462883568704127,1.4657153802655636,0.18510651588439941,0.21315772831439972,0.14055277407169342,,,,,,
1763596399.617631,,,,,,,0.1505489945411682,-0.15084144473075867,-0.01616835594177246,0.36061152815818787,0.1983000785112381,-0.08033398538827896
1763596399.621567,-2.9825796407490968,-0.2513829910099506,1.6517489701390264,0.17236679792404175,0.2669205069541931,0.17850512266159058,,,,,,
1763596399.627662,,,,,,,0.15596747398376465,-0.16631928086280823,-0.017849452793598175,0.44773122668266296,0.22531437873840332,-0.08997303247451782
1763596399.63162,-3.233245423400402,-0.3567430616259575,1.7850597084760664,0.13374003767967224,0.35052672028541565,0.20264746248722076,,,,,,
1763596399.637692,,,,,,,0.15420609712600708,-0.19895321130752563,-0.02249038964509964,0.5258203148841858,0.2279125601053238,-0.09452164173126221
1763596399.641673,-3.4710870880529283,-0.511013585883379,1.8146482065320013,0.07193365693092346,0.4559817612171173,0.20324082672595978,,,,,,
1763596399.647723,,,,,,,0.14718055725097656,-0.2532274127006531,-0.014942176640033722,0.5402008295059204,0.23882725834846497,-0.09101346135139465
1763596399.651726,-3.6623429426193237,-0.6401005690455437,1.768551641267538,-0.007689416874200106,0.5804548859596252,0.1755979210138321,,,,,,
1763596399.657753,,,,,,,0.13796406984329224,-0.3134903907775879,0.0028003528714179993,0.5294584631919861,0.27514585852622986,-0.07007329165935516
1763596399.661779,-3.719914549361169,-0.7475058817535638,1.6859620592556892,-0.08713044971227646,0.7245835661888123,0.1181948184967041,,,,,,
1763596399.667784,,,,,,,0.14318960905075073,-0.34957802295684814,0.007157914340496063,0.5027083158493042,0.3164437711238861,-0.032659340649843216
1763596399.671832,-3.6668279790788887,-0.7599602896571159,1.5691976743109524,-0.15479910373687744,0.8715305328369141,0.04666335508227348,,,,,,
1763596399.677814,,,,,,,0.16446489095687866,-0.3573008179664612,0.023290395736694336,0.46956589818000793,0.35535040497779846,0.0205533467233181
1763596399.681885,-3.5827909747377036,-0.6755570823520421,1.4665291808664798,-0.1913701742887497,0.9986069798469543,-0.03935355320572853,,,,,,
1763596399.687845,,,,,,,0.19469553232192993,-0.3430166244506836,0.03811919689178467,0.45132535696029663,0.3404470980167389,0.07164955884218216
1763596399.691938,-3.6240438993632793,-0.5473398677617312,1.4049056683853267,-0.2026747614145279,1.0523357391357422,-0.12112591415643692,,,,,,
1763596399.697875,,,,,,,0.2098393440246582,-0.3504527509212494,0.02014099806547165,0.42288461327552795,0.3071240186691284,0.11750645935535431
1763596399.701991,-3.7330209914326664,-0.3426122449427843,1.4488161217823623,-0.23190774023532867,1.0072007179260254,-0.19414126873016357,,,,,,
1763596399.707906,,,,,,,0.20568114519119263,-0.41651254892349243,-0.003923654556274414,0.43681320548057556,0.28006765246391296,0.17317797243595123
1763596399.712044,-3.825649298508465,-0.19701076483130453,1.4479798170886933,-0.2637140452861786,0.9370291233062744,-0.27405819296836853,,,,,,
1763596399.717937,,,,,,,0.19664549827575684,-0.45863965153694153,0.016931645572185516,0.3096883296966553,0.3012309968471527,0.27036309242248535
1763596399.722097,-3.69301952817291,-0.0446902055978775,1.1877744910672305,-0.28407418727874756,0.9261746406555176,-0.3732689321041107,,,,,,
1763596399.727967,,,,,,,0.20430314540863037,-0.4653880000114441,0.03716350346803665,0.2510921061038971,0.31144580245018005,0.38408806920051575
1763596399.73215,-3.416128878679871,0.12858195624947547,0.8823281936973333,-0.3025055527687073,0.9587986469268799,-0.4948350191116333,,,,,,
1763596399.737998,,,,,,,0.21709853410720825,-0.4749023914337158,0.048417091369628906,0.18891942501068115,0.33466431498527527,0.49348846077919006
1763596399.742202,-3.17885536930412,0.26792671405375,0.7056206505738198,-0.3010185956954956,1.009291172027588,-0.6366815567016602,,,,,,
1763596399.748028,,,,,,,0.23949110507965088,-0.4447563886642456,0.07845164090394974,0.12356811761856079,0.3611459732055664,0.6193228363990784
1763596399.752255,-3.120083739122748,0.32951603200435636,0.5596387928426265,-0.28837230801582336,1.0234551429748535,-0.7714846134185791,,,,,,
1763596399.758059,,,,,,,0.26683521270751953,-0.41128021478652954,0.07490777969360352,0.11166442930698395,0.3293161392211914,0.7216615080833435
1763596399.762308,-3.206676565426588,0.42114685247540473,0.56783364360556,-0.2726374566555023,0.9591889381408691,-0.8926790952682495,,,,,,
1763596399.768089,,,,,,,0.2780299186706543,-0.39101260900497437,0.08613180369138718,0.01046404242515564,0.2688632011413574,0.819642961025238
1763596399.772361,-3.4617619180858132,0.44942777506411075,0.5600654938220977,-0.28059816360473633,0.8092771768569946,-0.9954555630683899,,,,,,
1763596399.77812,,,,,,,0.2724083662033081,-0.4625563621520996,0.0774611234664917,-0.05511612445116043,0.18814250826835632,0.8905121684074402
1763596399.782414,-3.692189507089555,0.5629764128327369,0.4828679801121354,-0.2941172420978546,0.6878461241722107,-1.0999733209609985,,,,,,
1763596399.78815,,,,,,,0.24260622262954712,-0.553911566734314,0.12602615356445312,-0.289340615272522,0.22934427857398987,0.9877180457115173
1763596399.792467,-3.753765088775754,0.7185615268200636,0.08127309258580208,-0.27759313583374023,0.6921186447143555,-1.2271963357925415,,,,,,
1763596399.798181,,,,,,,0.25002163648605347,-0.537243127822876,0.20199167728424072,-0.5489734411239624,0.3016110062599182,1.1587635278701782
1763596399.80252,-3.677091014418006,1.0318068075031042,-0.28306524647474285,-0.275112509727478,0.7460083961486816,-1.3727062940597534,,,,,,
1763596399.808211,,,,,,,0.2931404113769531,-0.5149374008178711,0.19262909889221191,-0.7086305022239685,0.31557103991508484,1.2734869718551636
1763596399.812573,-3.6130277075693007,1.3796154520452022,-0.2811800172500312,-0.3072888255119324,0.7402202486991882,-1.5392345190048218,,,,,,
1763596399.818242,,,,,,,0.34833264350891113,-0.499123752117157,0.19411885738372803,-0.8900436758995056,0.28231748938560486,1.414742350578308
1763596399.822626,-3.735191613470018,1.573818758240342,-0.2747920697785914,-0.36141231656074524,0.6620792150497437,-1.703092098236084,,,,,,
1763596399.828271,,,,,,,0.3939221501350403,-0.5162031650543213,0.17128120362758636,-0.9805341958999634,0.16167841851711273,1.5287948846817017
1763596399.832679,-3.675340955880284,1.7817939846783875,-0.4961652685806155,-0.418695330619812,0.5236249566078186,-1.851715087890625,,,,,,
1763596399.838303,,,,,,,0.4053710103034973,-0.5007777214050293,0.14305460453033447,-1.0795375108718872,0.0390465073287487,1.6524800062179565
1763596399.842732,-3.3339743270844218,1.914620738890767,-0.8914435203060507,-0.43652281165122986,0.34288978576660156,-1.990221619606018,,,,,,
1763596399.848332,,,,,,,0.401844322681427,-0.44407516717910767,0.14243020117282867,-1.1311461925506592,-0.09343723207712173,1.8102335929870605
1763596399.852785,-2.8296774822354314,1.9405472073078154,-1.3973942698419093,-0.378752738237381,0.14828169345855713,-2.128244400024414,,,,,,
1763596399.858363,,,,,,,0.37893176078796387,-0.4104906916618347,0.16114842891693115,-1.1753480434417725,-0.19070786237716675,1.945833444595337
1763596399.862838,-2.332452475468814,1.8931103333503008,-1.8262670403942465,-0.24940137565135956,-0.05134114250540733,-2.2819836139678955,,,,,,
1763596399.868393,,,,,,,0.35283738374710083,-0.3885869085788727,0.20195484161376953,-1.2408593893051147,-0.23648600280284882,2.109376907348633
1763596399.872891,-1.9360951963350175,1.7369313451230526,-1.8565654402852056,-0.12073901295661926,-0.29190605878829956,-2.423123598098755,,,,,,
1763596399.878424,,,,,,,0.34280550479888916,-0.3540779650211334,0.21064493060112,-1.263437271118164,-0.2462928295135498,2.238179922103882
1763596399.882944,-1.7249758266523478,1.6159961042344568,-1.4168380982413886,-0.046130552887916565,-0.5787096619606018,-2.5546185970306396,,,,,,
1763596399.888454,,,,,,,0.3599640130996704,-0.2741110622882843,0.2067704200744629,-1.3117693662643433,-0.2880842089653015,2.351219654083252
1763596399.892997,-1.6427163533776998,1.5736580147206782,-1.0583331415094435,-0.020143140107393265,-0.8417622447013855,-2.6874663829803467,,,,,,
1763596399.898485,,,,,,,0.3879432678222656,-0.20074547827243805,0.2176007181406021,-1.3537681102752686,-0.41485413908958435,2.423902988433838
1763596399.90305,-1.69704357137084,1.6621727489978073,-1.064127653132379,-0.03359716758131981,-1.0255526304244995,-2.800990104675293,,,,,,
1763596399.908515,,,,,,,0.37918412685394287,-0.15419480204582214,0.22199523448944092,-1.4130786657333374,-0.4948294162750244,2.451399326324463
1763596399.913103,-1.6259277156621217,1.8221686651647089,-1.1869286878928542,-0.060077108442783356,-1.127610206604004,-2.889620780944824,,,,,,
1763596399.918545,,,,,,,0.3487660884857178,-0.10903168469667435,0.23103927075862885,-1.4919112920761108,-0.5159248113632202,2.481053590774536
1763596399.923156,-1.4468617728441953,1.9453759426385162,-1.3601064494550228,-0.08213819563388824,-1.180507779121399,-2.938873291015625,,,,,,
1763596399.928576,,,,,,,0.3293376564979553,-0.0716329962015152,0.24199247360229492,-1.605721116065979,-0.556360125541687,2.482539176940918
1763596399.933209,-1.1723550958782434,2.061973446583748,-1.470516204676032,-0.0992528647184372,-1.2321898937225342,-2.9540629386901855,,,,,,
1763596399.938607,,,,,,,0.3191433548927307,-0.033430635929107666,0.2534036636352539,-1.7214869260787964,-0.60491943359375,2.479227304458618
1763596399.943262,-0.8220961355745792,2.080195916494727,-1.4937453968331218,-0.10731851309537888,-1.2898420095443726,-2.951181173324585,,,,,,
1763596399.948637,,,,,,,0.3141787648200989,0.030420199036598206,0.2879382371902466,-1.8620381355285645,-0.5979192852973938,2.4922890663146973
1763596399.953315,-0.4992348852843046,2.1041683282345534,-1.524558175987005,-0.10560369491577148,-1.3475170135498047,-2.9430665969848633,,,,,,
1763596399.958668,,,,,,,0.33000117540359497,0.08613546192646027,0.3148447275161743,-1.9634108543395996,-0.6365258097648621,2.4919605255126953
1763596399.963368,-0.3351081529229879,2.2297978644192216,-1.5685320500090718,-0.0897136777639389,-1.3737883567810059,-2.9405276775360107,,,,,,
1763596399.968699,,,,,,,0.3500996232032776,0.1151307225227356,0.33451056480407715,-2.097933053970337,-0.7161327600479126,2.442140579223633
1763596399.973421,-0.3643056058347225,2.4764900672644377,-1.5853247793778775,-0.08055628091096878,-1.368627905845642,-2.9401957988739014,,,,,,
1763596399.978729,,,,,,,0.3487916588783264,0.15157265961170197,0.33959078788757324,-2.206003427505493,-0.7722274661064148,2.400524616241455
1763596399.983474,-0.33995150130093094,2.8483272376477715,-1.4532450441405176,-0.09907536953687668,-1.357961893081665,-2.921657085418701,,,,,,
1763596399.98876,,,,,,,0.32225531339645386,0.21687914431095123,0.33271634578704834,-2.2458295822143555,-0.7724825739860535,2.3595774173736572
1763596399.993527,-0.1405973882138729,3.1734137627720833,-1.24038730635792,-0.13037645816802979,-1.3534713983535767,-2.8863070011138916,,,,,,
1763596399.99879,,,,,,,0.30250459909439087,0.2978556156158447,0.3109391927719116,-2.2023892402648926,-0.7544183731079102,2.3301610946655273
1763596400.00358,0.1837409488916397,3.3309336442142725,-1.129889580592513,-0.14742308855056763,-1.3593201637268066,-2.843522071838379,,,,,,
1763596400.008821,,,,,,,0.29542845487594604,0.34407415986061096,0.2981727123260498,-2.159730911254883,-0.7586594223976135,2.299056053161621
1763596400.013633,0.5418851094871759,3.3460341827124354,-1.2108528765767812,-0.12401203066110611,-1.3508219718933105,-2.7968976497650146,,,,,,
1763596400.018851,,,,,,,0.28611981868743896,0.3430194854736328,0.29015976190567017,-2.07719087600708,-0.7945836186408997,2.266481637954712
1763596400.023686,0.9500660974055528,3.3406723634183404,-1.2904375776842236,-0.07080767303705215,-1.33218514919281,-2.7376017570495605,,,,,,
1763596400.028882,,,,,,,0.24977260828018188,0.363442063331604,0.2626902461051941,-2.005648374557495,-0.7721419930458069,2.2239599227905273
1763596400.033739,1.4758394455254078,3.3098750740945335,-1.1162664211705327,-0.025935154408216476,-1.3460493087768555,-2.6647183895111084,,,,,,
1763596400.038912,,,,,,,0.21263301372528076,0.4374816119670868,0.224639892578125,-1.9170912504196167,-0.6982616186141968,2.2180378437042236
1763596400.043792,1.9610808767706154,3.127209645479917,-0.8066197495013475,-0.0035883034579455853,-1.4111289978027344,-2.592482089996338,,,,,,
1763596400.048943,,,,,,,0.1906246542930603,0.5001852512359619,0.17694729566574097,-1.7572981119155884,-0.6753344535827637,2.1945455074310303
1763596400.053845,2.3064392055511473,2.809484004512429,-0.5670324102252722,0.00232705264352262,-1.4926577806472778,-2.525473117828369,,,,,,
1763596400.058973,,,,,,,0.16885727643966675,0.5394699573516846,0.13059526681900024,-1.5937010049819946,-0.6696632504463196,2.156770944595337
1763596400.063898,2.6268583233863114,2.483200963079929,-0.5071341141015291,-0.005996124818921089,-1.5610078573226929,-2.459047317504883,,,,,,
1763596400.069004,,,,,,,0.13996130228042603,0.5801745653152466,0.1024690791964531,-1.4481009244918823,-0.6546909809112549,2.1024723052978516
1763596400.073951,2.9830624558299776,2.2154212562814353,-0.5705249285161494,-0.031155521050095558,-1.6099141836166382,-2.374370813369751,,,,,,
1763596400.079034,,,,,,,0.10866779088973999,0.61275315284729,0.08316504210233688,-1.3759310245513916,-0.6287032961845398,2.052088737487793
1763596400.084003,3.324740634793043,2.0199948380321264,-0.6828846487611532,-0.05229624733328819,-1.604353666305542,-2.2840325832366943,,,,,,
1763596400.089065,,,,,,,0.08531033992767334,0.5932939648628235,0.08655016869306564,-1.2980144023895264,-0.658196747303009,1.9876881837844849
1763596400.094056,3.4150615417093038,1.8909306512236594,-0.9305421895071864,-0.06851489096879959,-1.5284003019332886,-2.1904332637786865,,,,,,
1763596400.099094,,,,,,,0.053280532360076904,0.5528159737586975,0.11845807731151581,-1.3388737440109253,-0.6590114235877991,1.8858654499053955
1763596400.104109,3.458752214875817,1.8815648569852113,-0.9336170669078826,-0.10433787107467651,-1.4263378381729126,-2.089097499847412,,,,,,
1763596400.109124,,,,,,,0.030294597148895264,0.5645203590393066,0.13317924737930298,-1.430890679359436,-0.6462114453315735,1.8248658180236816
1763596400.114162,3.522861991214752,1.9912603264570234,-0.7533838338762522,-0.1742665320634842,-1.3203082084655762,-1.9953004121780396,,,,,,
1763596400.119155,,,,,,,0.014306366443634033,0.5998256802558899,0.11963199079036713,-1.4843227863311768,-0.6733461618423462,1.7276771068572998
1763596400.124215,3.5237457883119583,2.1150269913792608,-0.6794052822127938,-0.25117090344429016,-1.2087905406951904,-1.9216597080230713,,,,,,
1763596400.129185,,,,,,,-0.008156120777130127,0.6418416500091553,0.10755641758441925,-1.5120338201522827,-0.7036587595939636,1.623417854309082
1763596400.134268,3.6565059070289134,2.148501683218777,-0.7637322094112634,-0.31059733033180237,-1.1081327199935913,-1.8708230257034302,,,,,,
1763596400.139216,,,,,,,-0.033581435680389404,0.6858568787574768,0.09167973697185516,-1.5219887495040894,-0.7285971641540527,1.5106631517410278
1763596400.144321,3.961312445190549,2.185861399798095,-0.9276941065996884,-0.3321596384048462,-1.0435678958892822,-1.8225548267364502,,,,,,
1763596400.149246,,,,,,,-0.06259310245513916,0.7235612273216248,0.07869672775268555,-1.4904098510742188,-0.7563656568527222,1.390176773071289
1763596400.154374,4.4132273608952755,2.2025994763702155,-1.1047247441977261,-0.29588496685028076,-1.0017786026000977,-1.754920244216919,,,,,,
1763596400.159277,,,,,,,-0.09223568439483643,0.7558603286743164,0.08562815189361572,-1.4543073177337646,-0.7729566097259521,1.2851864099502563
1763596400.164427,4.883802553406357,2.1657541390538215,-1.2500450692802667,-0.21475832164287567,-0.984263002872467,-1.6661103963851929,,,,,,
1763596400.169307,,,,,,,-0.12688320875167847,0.7837498784065247,0.09193769097328186,-1.3595936298370361,-0.7777572274208069,1.1873016357421875
1763596400.17448,5.294908488860726,2.106369345410168,-1.265178925526142,-0.1389133632183075,-1.0042567253112793,-1.5497348308563232,,,,,,
1763596400.179338,,,,,,,-0.16984975337982178,0.8150532245635986,0.09648346900939941,-1.2606656551361084,-0.7248503565788269,1.0895391702651978
1763596400.184533,5.689955854439735,2.0513579445451495,-1.1415431935071945,-0.10250938683748245,-1.0277223587036133,-1.4281890392303467,,,,,,
1763596400.189368,,,,,,,-0.19597923755645752,0.8710182309150696,0.08784246444702148,-1.1610934734344482,-0.6433152556419373,1.0093034505844116
1763596400.194586,6.059846566930413,2.087384951215982,-1.069200426352024,-0.11277987062931061,-1.0106022357940674,-1.30644690990448,,,,,,
1763596400.199399,,,,,,,-0.20487570762634277,0.9242566227912903,0.06807531416416168,-1.0634708404541016,-0.5803027749061584,0.9068490266799927
1763596400.204639,6.405676020354032,2.192304876849055,-1.1863871283620595,-0.1470717489719391,-0.9264122843742371,-1.1786550283432007,,,,,,
1763596400.20943,,,,,,,-0.2100217342376709,0.9499897956848145,0.06906618177890778,-0.9744026064872742,-0.5488089919090271,0.797953188419342
1763596400.214692,6.67614248201847,2.249307159270346,-1.4707979442268608,-0.1464909166097641,-0.755021870136261,-1.0380380153656006,,,,,,
1763596400.219461,,,,,,,-0.22254079580307007,0.9503540396690369,0.1138666570186615,-0.9087687730789185,-0.5185586810112,0.715575098991394
1763596400.224745,6.81454499053657,2.299993974934518,-1.7568442523390053,-0.12849654257297516,-0.5807788372039795,-0.862126350402832,,,,,,
1763596400.229491,,,,,,,-0.2541942596435547,0.927924633026123,0.11076292395591736,-0.8009333610534668,-0.49793198704719543,0.5795245170593262
1763596400.234798,6.8391872643619775,2.390021451862156,-1.664336649033427,-0.11542147397994995,-0.43943527340888977,-0.6605660319328308,,,,,,
1763596400.239522,,,,,,,-0.28806304931640625,0.9441031813621521,0.11638322472572327,-0.7271170616149902,-0.3739655613899231,0.4747312366962433
1763596400.244851,6.832354787993431,2.4691119397118686,-1.4209376425147056,-0.1097654178738594,-0.32369330525398254,-0.4705488085746765,,,,,,
1763596400.249552,,,,,,,-0.29744911193847656,1.0137726068496704,0.10743629932403564,-0.5784764885902405,-0.23994144797325134,0.3887116611003876
1763596400.254904,6.824227595639228,2.5251459616228935,-1.3182581892848013,-0.11573728919029236,-0.25286731123924255,-0.29951581358909607,,,,,,
1763596400.259583,,,,,,,-0.280143141746521,1.0876257419586182,0.06969454884529114,-0.3741667568683624,-0.15068720281124115,0.2671316862106323
1763596400.264957,6.824461404395103,2.505237730582058,-1.2970540732145308,-0.14261187613010406,-0.2613782286643982,-0.1581803262233734,,,,,,
1763596400.269613,,,,,,,-0.26087403297424316,1.1176249980926514,0.035445451736450195,-0.18318107724189758,-0.08423814177513123,0.11155648529529572
1763596400.27501,6.954286638703942,2.484037121643126,-1.3163503098368643,-0.14300096035003662,-0.28402069211006165,-0.03526744619011879,,,,,,
1763596400.279643,,,,,,,-0.241735577583313,1.1034979820251465,0.035844504833221436,-0.013872778974473476,-0.07276231795549393,-0.015774831175804138
1763596400.285063,7.12943394677341,2.5215000063359736,-1.8303472954452036,-0.026273146271705627,-0.22945399582386017,0.09583120793104172,,,,,,
1763596400.289674,,,,,,,-0.23647087812423706,1.0765665769577026,0.127294659614563,0.07062132656574249,-0.09159592539072037,-0.17267364263534546
1763596400.295116,7.142194059625267,2.5222628074020146,-2.3753636886954306,0.13735225796699524,-0.17544403672218323,0.29334455728530884,,,,,,
1763596400.299704,,,,,,,-0.27068859338760376,1.039397954940796,0.16306516528129578,0.14610016345977783,-0.039778802543878555,-0.33978506922721863
1763596400.305169,7.030542195388675,2.560397307746112,-2.1497657118052245,0.24374961853027344,-0.16457585990428925,0.5336813926696777,,,,,,
1763596400.309735,,,,,,,-0.3069027066230774,1.030080795288086,0.15656355023384094,0.18985722959041595,0.08174017071723938,-0.5199777483940125
1763596400.315222,6.7145075762480495,2.6197426461622118,-1.6858020463883876,0.25939327478408813,-0.12238287180662155,0.7605800628662109,,,,,,
1763596400.319765,,,,,,,-0.29701685905456543,1.0728367567062378,0.16533711552619934,0.24138712882995605,0.2177768349647522,-0.7049357891082764
1763596400.325275,6.452941629397869,2.7392420090287923,-1.506288944324851,0.22068317234516144,0.012741394340991974,0.9467006921768188,,,,,,
1763596400.329796,,,,,,,-0.23916417360305786,1.1181128025054932,0.1543961763381958,0.2855902910232544,0.30792057514190674,-0.9171164631843567
1763596400.335328,6.236173440173268,2.890280127236247,-1.6235019498199224,0.14482346177101135,0.16172321140766144,1.1010671854019165,,,,,,
1763596400.339825,,,,,,,-0.16765695810317993,1.1306912899017334,0.14328926801681519,0.30256205797195435,0.31398725509643555,-1.1664094924926758
1763596400.345381,6.132405607184768,3.080605422954261,-1.6957359959036111,0.12009600549936295,0.30260682106018066,1.263304352760315,,,,,,
1763596400.349857,,,,,,,-0.1214299201965332,1.1134555339813232,0.1576240062713623,0.3144208490848541,0.288699746131897,-1.4039580821990967
1763596400.355434,6.047431906515359,3.250317554232478,-2.0030916340261697,0.20303598046302795,0.394739031791687,1.4665701389312744,,,,,,
1763596400.359886,,,,,,,-0.1128993034362793,1.0991976261138916,0.20225152373313904,0.31111595034599304,0.2973816394805908,-1.626173973083496
1763596400.365487,5.9534068843841546,3.380085797657072,-2.1533277882009743,0.36768990755081177,0.40379616618156433,1.711435079574585,,,,,,
1763596400.369917,,,,,,,-0.12901318073272705,1.0933070182800293,0.24313566088676453,0.3609524965286255,0.3561975657939911,-1.8219770193099976
1763596400.37554,5.760379636231065,3.4926992004022,-2.124982568204403,0.5324599742889404,0.36062633991241455,1.958652138710022,,,,,,
1763596400.379947,,,,,,,-0.14300811290740967,1.0933692455291748,0.2698134779930115,0.39318087697029114,0.43212267756462097,-2.008312463760376
1763596400.385593,5.42867690783739,3.555736671334505,-1.96077400277853,0.6141274571418762,0.3575919270515442,2.1653850078582764,,,,,,
1763596400.389978,,,,,,,-0.1345110535621643,1.0739564895629883,0.2772124409675598,0.4631064534187317,0.5264489054679871,-2.1627328395843506
1763596400.395646,5.178218045935035,3.5166040998637675,-1.8920605320364237,0.5695045590400696,0.49138492345809937,2.2989978790283203,,,,,,
1763596400.400008,,,,,,,-0.11137551069259644,1.0710442066192627,0.2822744846343994,0.5561431646347046,0.609302818775177,-2.2798402309417725
1763596400.405699,5.245639138779044,3.47501916680485,-2.0519126558184624,0.404691219329834,0.7491723895072937,2.37839937210083,,,,,,
1763596400.41004,,,,,,,-0.07265353202819824,1.079134225845337,0.28568732738494873,0.7226487994194031,0.6891355514526367,-2.3819875717163086
1763596400.415752,5.663097073608636,3.4452047510385513,-2.3372896863669155,0.1796644926071167,1.0455273389816284,2.4502880573272705,,,,,,
1763596400.420069,,,,,,,-0.023328125476837158,1.0814415216445923,0.29362285137176514,0.9034909605979919,0.8098058104515076,-2.464500904083252
1763596400.425805,6.2870736063271755,3.58000046723634,-2.5290140352278945,-0.0176421906799078,1.2682054042816162,2.5466392040252686,,,,,,
1763596400.4301,,,,,,,0.04863029718399048,1.0599641799926758,0.3030399680137634,1.0529502630233765,0.8735957145690918,-2.5620028972625732
1763596400.435858,6.705249918559193,4.0095565438777205,-2.746850145944953,-0.11982275545597076,1.3218212127685547,2.691585063934326,,,,,,
1763596400.44013,,,,,,,0.12869054079055786,1.0184416770935059,0.3261474370956421,1.1277629137039185,0.9143838882446289,-2.6477415561676025
1763596400.445911,6.799377232021093,4.738509993113577,-2.874956885898113,-0.0732339471578598,1.1799607276916504,2.8629822731018066,,,,,,
1763596400.450161,,,,,,,0.20559853315353394,0.9893903136253357,0.34663480520248413,1.1734400987625122,0.8588132858276367,-2.6939265727996826
1763596400.455964,6.498583436632156,5.619772311145067,-3.186206024327874,0.11915403604507446,0.8627460598945618,3.060161828994751,,,,,,
1763596400.460191,,,,,,,0.22969573736190796,0.9749317765235901,0.3921193480491638,1.2231261730194092,0.7544533014297485,-2.8002560138702393
1763596400.466017,5.988567045092583,6.384202439692616,-3.4422441476672887,0.4357559382915497,0.5015753507614136,3.300130844116211,,,,,,
1763596400.470221,,,,,,,0.1913818120956421,0.9596179127693176,0.45308583974838257,1.3107984066009521,0.8313922882080078,-2.8556649684906006
1763596400.47607,5.532460522916913,6.806843914639949,-3.719010878519714,0.7892379760742188,0.2110571563243866,3.543649196624756,,,,,,
1763596400.480252,,,,,,,0.157154381275177,0.9432674050331116,0.5017665028572083,1.4837831258773804,0.9470467567443848,-2.9191226959228516
1763596400.486123,4.906411860099435,6.709177321135997,-4.044605937688052,1.0281543731689453,-0.002021840773522854,3.728604793548584,,,,,,
1763596400.490282,,,,,,,0.1676696538925171,0.9385015964508057,0.5812495350837708,1.628089189529419,1.0782577991485596,-3.081015110015869
1763596400.496176,4.186811637881398,6.276334185647964,-4.233417906233668,1.1235748529434204,-0.03892670199275017,3.798766851425171,,,,,,
1763596400.500313,,,,,,,0.24202287197113037,0.9376206994056702,0.6768189072608948,1.7427486181259155,1.2158044576644897,-3.2116949558258057
1763596400.506228,3.394382326295972,6.024632630208134,-4.508585092934966,1.1546348333358765,0.10028780996799469,3.7612311840057373,,,,,,
1763596400.510343,,,,,,,0.36763161420822144,0.8895735144615173,0.7921087741851807,1.8123000860214233,1.2022836208343506,-3.3482604026794434
1763596400.516281,2.3321909019231795,6.345596522444486,-4.802867022211849,1.2295069694519043,0.32408735156059265,3.6990065574645996,,,,,,
1763596400.520374,,,,,,,0.47051018476486206,0.8067191243171692,0.8925756812095642,1.7309499979019165,1.1111332178115845,-3.5045480728149414
1763596400.526334,1.12538174777925,7.159602875065803,-4.84399836628437,1.3463225364685059,0.4640772044658661,3.6589720249176025,,,,,,
1763596400.530404,,,,,,,0.5127584338188171,0.7075701355934143,0.9609172344207764,1.5588756799697876,1.0691276788711548,-3.655907392501831
1763596400.536387,-0.12272270882725715,8.150644541460276,-4.595065106514096,1.5010261535644531,0.5394508242607117,3.671994924545288,,,,,,
1763596400.540435,,,,,,,0.5093162059783936,0.6538914442062378,1.0043141841888428,1.3911381959915161,1.1577752828598022,-3.773799419403076
1763596400.54644,-1.1829922252267597,8.814622829699516,-4.517235724641383,1.6601697206497192,0.6524612307548523,3.7361841201782227,,,,,,
1763596400.550465,,,,,,,0.525061309337616,0.6699962615966797,1.016540288925171,1.2972441911697388,1.3736865520477295,-3.8800835609436035
1763596400.556493,-1.7534361974611878,8.95833396601975,-4.5233021850734945,1.7514270544052124,0.8862431049346924,3.864382743835449,,,,,,
1763596400.560496,,,,,,,0.6011536121368408,0.7292304039001465,1.0574495792388916,1.289990782737732,1.6975032091140747,-3.9955315589904785
1763596400.566546,-1.8032035601928829,8.808848337951302,-4.34699284748733,1.7520904541015625,1.2491626739501953,4.0622358322143555,,,,,,
1763596400.570526,,,,,,,0.748933732509613,0.7845655679702759,1.0721169710159302,1.3875240087509155,1.9186537265777588,-4.1041340827941895
1763596400.576599,-1.9950076962918042,8.800092784565686,-3.9988253065049646,1.6522709131240845,1.5601946115493774,4.297549724578857,,,,,,
1763596400.580557,,,,,,,0.9120736122131348,0.8108034133911133,1.0877940654754639,1.5841076374053955,1.9901601076126099,-4.252781391143799
1763596400.586652,-2.8852640526399016,8.825486753541231,-3.765945063652098,1.5357084274291992,1.7947841882705688,4.528719902038574,,,,,,
1763596400.590587,,,,,,,1.0081112384796143,0.8021185994148254,1.1565513610839844,1.7551510334014893,2.0581305027008057,-4.421779632568359
1763596400.596705,-3.882414557303488,9.303256825992465,-4.043798712958395,1.5590596199035645,2.118180990219116,4.719622611999512,,,,,,
1763596400.600618,,,,,,,1.0442509651184082,0.7649669647216797,1.2527458667755127,1.8759509325027466,2.198470115661621,-4.59316349029541
1763596400.606758,-4.6041339636325835,9.972332729631662,-4.73374964684397,1.7146929502487183,2.374265670776367,4.865143775939941,,,,,,
1763596400.610648,,,,,,,1.053108811378479,0.6854925155639648,1.3462084531784058,1.8796896934509277,2.3861842155456543,-4.781906604766846
1763596400.616811,-5.12141830034852,10.17851347386837,-4.545822352178394,1.9196921586990356,2.476290702819824,4.9674973487854,,,,,,
1763596400.620679,,,,,,,1.0590437650680542,0.5807543396949768,1.4190503358840942,1.8300353288650513,2.623352289199829,-4.938000202178955
1763596400.626864,-5.342317890289426,9.932273106443882,-3.9545691084101793,2.1282601356506348,2.5400686264038086,5.0392608642578125,,,,,,
1763596400.630709,,,,,,,1.0929374694824219,0.5449985265731812,1.4792495965957642,1.809333086013794,2.9413607120513916,-5.033153057098389
1763596400.636917,-5.542206840905547,9.480238948273659,-3.7393750366345047,2.2428297996520996,2.670994281768799,5.106431484222412,,,,,,
1763596400.640739,,,,,,,1.1730856895446777,0.5612245798110962,1.5097962617874146,1.8761582374572754,3.2412755489349365,-5.088466167449951
1763596400.64697,-5.645194337171316,9.49804465407729,-3.5806890340223907,2.237323045730591,3.0119621753692627,5.190690994262695,,,,,,
1763596400.65077,,,,,,,1.269425630569458,0.5374507904052734,1.4848557710647583,2.0239908695220947,3.48276424407959,-5.122304439544678
1763596400.657023,-5.571303171530365,10.010776734316348,-3.6248715823590754,2.123055934906006,3.472259521484375,5.302251815795898,,,,,,
1763596400.6608,,,,,,,1.3562169075012207,0.504523515701294,1.430574655532837,2.189980983734131,3.685955047607422,-5.140349388122559
1763596400.667076,-5.346837413540483,10.382455499267577,-3.635985681569576,1.9707293510437012,3.8421688079833984,5.433526992797852,,,,,,
1763596400.670831,,,,,,,1.4255107641220093,0.49141985177993774,1.386393427848816,2.3408217430114746,3.857570171356201,-5.129815101623535
1763596400.677129,-5.122468686184287,10.437145705354213,-3.6609085259020326,1.8959232568740845,4.075003623962402,5.580014705657959,,,,,,
1763596400.680861,,,,,,,1.478259563446045,0.4974655508995056,1.4228904247283936,2.473626136779785,3.992844581604004,-5.122738361358643
1763596400.687182,-4.906712888872623,10.600568673360348,-3.95915643620044,1.9794819355010986,4.1899003982543945,5.7529377937316895,,,,,,
1763596400.690892,,,,,,,1.5042493343353271,0.5579066276550293,1.5218523740768433,2.583763599395752,4.211058616638184,-5.11248779296875
1763596400.697235,-4.68980996735245,10.927062727195024,-3.995950627851486,2.160663366317749,4.112914562225342,5.961376190185547,,,,,,
1763596400.700922,,,,,,,1.5271832942962646,0.5659738779067993,1.570367693901062,2.6711034774780273,4.387446880340576,-5.158475399017334
1763596400.707288,-4.732285711771249,10.924576171076296,-3.619822482275963,2.3509373664855957,3.9138998985290527,6.170749187469482,,,,,,
1763596400.710953,,,,,,,1.5292980670928955,0.46653151512145996,1.572744369506836,2.6434006690979004,4.541886806488037,-5.304283618927002
1763596400.717341,-4.819526480589807,10.526741220605373,-3.5336627866923807,2.513000965118408,3.806830644607544,6.334432125091553,,,,,,
1763596400.720983,,,,,,,1.5259168148040771,0.38767802715301514,1.5660228729248047,2.4819202423095703,4.706210136413574,-5.444851875305176
1763596400.727394,-4.847434185951948,9.964304905998706,-3.9240497592449186,2.6099581718444824,3.847618818283081,6.41885232925415,,,,,,
1763596400.731014,,,,,,,1.5409584045410156,0.3779779076576233,1.557754397392273,2.285667896270752,4.888694763183594,-5.539133071899414
1763596400.737447,-4.861037471629679,9.469373270866274,-3.9630607501626014,2.5741374492645264,3.9071779251098633,6.423324108123779,,,,,,
1763596400.741044,,,,,,,1.5801353454589844,0.4051182270050049,1.507967472076416,2.0941219329833984,5.056440353393555,-5.610247611999512
1763596400.747501,-4.655025946480036,9.354112568482757,-3.6852374959945675,2.4731156826019287,3.953063726425171,6.38881254196167,,,,,,
1763596400.751075,,,,,,,1.6510486602783203,0.43100255727767944,1.4510725736618042,2.0084357261657715,5.155411720275879,-5.603821754455566
1763596400.757553,-4.139688652178645,9.46119230249822,-3.9910803914666175,2.373894214630127,3.9106674194335938,6.3767781257629395,,,,,,
1763596400.761105,,,,,,,1.7085111141204834,0.4381045699119568,1.3678728342056274,1.9383865594863892,5.135209083557129,-5.630332946777344
1763596400.767606,-3.3409187393948434,9.557768762677908,-4.539675227725506,2.309657573699951,3.7514312267303467,6.418458938598633,,,,,,
1763596400.771136,,,,,,,1.7176443338394165,0.41933560371398926,1.2891258001327515,1.861514925956726,5.0853705406188965,-5.635364055633545
1763596400.777659,-2.455335051032901,9.640592591837049,-4.985148712205887,2.3108675479888916,3.493011713027954,6.498935222625732,,,,,,
1763596400.781166,,,,,,,1.698055624961853,0.3912515640258789,1.2339200973510742,1.841431975364685,5.024075508117676,-5.65358304977417
1763596400.787712,-1.7227011597186326,9.677729605576395,-5.256522351843119,2.372105360031128,3.1849935054779053,6.581501483917236,,,,,,
1763596400.791197,,,,,,,1.6680644750595093,0.3562691807746887,1.2447572946548462,1.754300832748413,4.95814847946167,-5.70796537399292
1763596400.797765,-1.3749106353551148,9.784035432609915,-5.218674559485912,2.4976987838745117,2.865145444869995,6.651263236999512,,,,,,
1763596400.801227,,,,,,,1.6517727375030518,0.32973140478134155,1.3093726634979248,1.5134716033935547,4.929295539855957,-5.760630130767822
1763596400.807818,-1.4273036704152822,10.028525156974792,-4.845320554798842,2.643400192260742,2.513796329498291,6.682615280151367,,,,,,
1763596400.811258,,,,,,,1.6613236665725708,0.2818247675895691,1.3186222314834595,1.2257332801818848,4.882291793823242,-5.772302627563477
1763596400.817871,-1.9353952313721179,10.142885695648193,-4.388747584155202,2.7878949642181396,2.160553216934204,6.676749229431152,,,,,,
1763596400.821288,,,,,,,1.6645958423614502,0.19657748937606812,1.2369751930236816,0.9055781364440918,4.749382972717285,-5.809329032897949
1763596400.827924,-2.6740713254600763,9.842945302218197,-4.372835144752264,2.9128947257995605,1.9019347429275513,6.625690460205078,,,,,,
1763596400.831318,,,,,,,1.634722352027893,0.13157320022583008,1.1258854866027832,0.5979265570640564,4.655614376068115,-5.796710968017578
1763596400.837977,-3.178451172417402,9.316796106523276,-4.349635470950603,2.9837887287139893,1.7655916213989258,6.523829936981201,,,,,,
1763596400.841349,,,,,,,1.5810520648956299,0.1141173243522644,1.0285378694534302,0.3763251304626465,4.61749792098999,-5.7362380027771
1763596400.84803,-3.4697312895298,8.558778767627476,-4.085990379738807,2.9984424114227295,1.7967379093170166,6.374664306640625,,,,,,
1763596400.851379,,,,,,,1.531420111656189,0.1376393437385559,0.971286416053772,0.34587427973747253,4.686676502227783,-5.549886703491211
1763596400.858083,-3.788407363089919,7.853797437870502,-3.5029748029619454,2.9111199378967285,1.9084097146987915,6.199483871459961,,,,,,
1763596400.86141,,,,,,,1.50489342212677,0.13872218132019043,0.8847415447235107,0.5076431035995483,4.783254146575928,-5.348174095153809
1763596400.868136,-4.1056747388958925,7.342343707004189,-2.580886261284351,2.710359811782837,2.108607530593872,5.996594429016113,,,,,,
1763596400.87144,,,,,,,1.4860599040985107,0.12578034400939941,0.865775465965271,0.5718916058540344,4.896895408630371,-5.1889519691467285
1763596400.878189,-4.286707013350725,7.327307465913892,-2.169098773306608,2.4799232482910156,2.416264772415161,5.786783218383789,,,,,,
1763596400.881471,,,,,,,1.4982361793518066,0.11588603258132935,0.8866815567016602,0.6760944724082947,4.958987712860107,-4.965315341949463
1763596400.888242,-4.295403530025482,7.662969745588303,-2.2962895674586297,2.2566182613372803,2.661816120147705,5.615194797515869,,,,,,
1763596400.891501,,,,,,,1.5029975175857544,0.09888499975204468,0.8674994707107544,0.863388180732727,4.963912487030029,-4.757192611694336
1763596400.898295,-4.174515050888061,7.872139734768867,-2.59720728148818,2.1429648399353027,2.8331139087677,5.509623050689697,,,,,,
1763596400.901532,,,,,,,1.477131962776184,0.07957589626312256,0.8748248815536499,1.0146909952163696,4.967496871948242,-4.563761234283447
1763596400.908348,-3.956314198511839,7.942730105298757,-3.049832975810766,2.1281135082244873,2.8337085247039795,5.468562126159668,,,,,,
1763596400.911562,,,,,,,1.4177805185317993,0.014617085456848145,0.8695285320281982,1.0467913150787354,4.991668701171875,-4.425339221954346
1763596400.918401,-3.631826808324456,8.07627815952301,-3.1239842536926266,2.155574083328247,2.7295587062835693,5.497024059295654,,,,,,
1763596400.921593,,,,,,,1.359483242034912,-0.058712899684906006,0.872765302658081,0.9751660227775574,5.021696090698242,-4.297906398773193
1763596400.928454,-3.185288324961066,8.299608191481232,-3.2550667945861815,2.2000865936279297,2.63751220703125,5.5001420974731445,,,,,,
1763596400.931623,,,,,,,1.321422815322876,-0.06556105613708496,0.9012309312820435,0.9293031692504883,5.059769153594971,-4.153127670288086
1763596400.938507,-2.7985248036026955,8.24769095723927,-3.458722404259443,2.2709035873413086,2.5980005264282227,5.459939479827881,,,,,,
1763596400.941654,,,,,,,1.2967522144317627,-0.026223838329315186,0.928226113319397,0.9276019930839539,5.10654354095459,-4.0241570472717285
1763596400.94856,-2.571308285599947,8.010920428949595,-3.5579239522457122,2.3554463386535645,2.579927444458008,5.378323078155518,,,,,,
1763596400.951684,,,,,,,1.277134895324707,0.006317615509033203,0.928124189376831,0.9680280089378357,5.180359840393066,-3.896730899810791
1763596400.958613,-2.6044430779606103,7.735055323112011,-3.326232334655523,2.406630754470825,2.519606351852417,5.262310981750488,,,,,,
1763596400.961715,,,,,,,1.2711710929870605,0.02313065528869629,0.8924950957298279,0.9452662467956543,5.211055278778076,-3.7982687950134277
1763596400.968666,-2.762029010376334,7.51504186835587,-3.080059479509294,2.4271042346954346,2.4407408237457275,5.130244731903076,,,,,,
1763596400.971745,,,,,,,1.265371322631836,0.015514075756072998,0.8537650108337402,0.8420788645744324,5.175170421600342,-3.7514455318450928
1763596400.978718,-2.8895792854905125,7.4492802331566805,-3.13652926248908,2.413881778717041,2.3812553882598877,5.003995418548584,,,,,,
1763596400.981776,,,,,,,1.2382019758224487,0.013486146926879883,0.8329238295555115,0.8411888480186462,5.134867191314697,-3.6892943382263184
1763596400.988771,-2.8807185181647537,7.301969611039757,-3.2793715070202945,2.403925657272339,2.3343029022216797,4.892151832580566,,,,,,
1763596400.991806,,,,,,,1.196737289428711,0.07916915416717529,0.7905711531639099,0.9723918437957764,5.098238945007324,-3.606627941131592
1763596400.998824,-2.792966584953666,6.987910091364383,-3.4643545649275183,2.3937313556671143,2.272491931915283,4.785761833190918,,,,,,
1763596401.001836,,,,,,,1.1531274318695068,0.16795367002487183,0.7136988639831543,1.2507227659225464,5.097234725952148,-3.555159568786621
1763596401.008877,-2.716938407284021,6.544972262841463,-3.4265389212742448,2.365516185760498,2.224159002304077,4.686446666717529,,,,,,
1763596401.011867,,,,,,,1.1164902448654175,0.22322100400924683,0.6788713932037354,1.4276154041290283,5.1546831130981445,-3.540311098098755
1763596401.01893,-2.668476281931996,6.059566580945253,-3.2208813241288063,2.31972336769104,2.2095754146575928,4.586445331573486,,,,,,
1763596401.021897,,,,,,,1.1202268600463867,0.23484426736831665,0.6481770277023315,1.5267313718795776,5.144387245178223,-3.5335915088653564
1763596401.028983,-2.6539748783707617,5.683944631326198,-2.903815023852885,2.2543935775756836,2.178178310394287,4.490706443786621,,,,,,
1763596401.031928,,,,,,,1.1361591815948486,0.19061455130577087,0.6028885841369629,1.6405527591705322,4.945523738861084,-3.559150218963623
1763596401.039036,-2.6106378409475086,5.347725886812806,-2.6389728318110106,2.168611764907837,2.0946218967437744,4.395916938781738,,,,,,
1763596401.041958,,,,,,,1.1124229431152344,0.15538445115089417,0.5701833963394165,1.6354055404663086,4.711732864379883,-3.603142738342285
1763596401.049089,-2.4484628271758555,5.006175133621692,-2.5030530800193547,2.0768795013427734,1.9948323965072632,4.330039978027344,,,,,,
1763596401.051989,,,,,,,1.045466661453247,0.14320909976959229,0.5302534699440002,1.5698620080947876,4.573390960693359,-3.6504831314086914
1763596401.059142,-2.0622347278684376,4.782393558503687,-2.532372113484144,1.9895431995391846,1.9196181297302246,4.277241230010986,,,,,,
1763596401.062019,,,,,,,0.9872478246688843,0.14082059264183044,0.49388498067855835,1.4478973150253296,4.510807991027832,-3.6683192253112793
1763596401.069195,-1.5947095705777405,4.591640977284312,-2.5967159908398982,1.9191151857376099,1.8479247093200684,4.2280378341674805,,,,,,
1763596401.07205,,,,,,,0.9686120748519897,0.14660105109214783,0.44623374938964844,1.4867267608642578,4.4020185470581055,-3.630692720413208
1763596401.079248,-1.1535001732826233,4.4658629725396635,-2.501202483716607,1.8675312995910645,1.7096538543701172,4.188436985015869,,,,,,
1763596401.08208,,,,,,,0.9745994210243225,0.19366678595542908,0.3684062361717224,1.5360291004180908,4.244215488433838,-3.6039483547210693
1763596401.089301,-0.7758247982650994,4.408950414228439,-2.2657447915911675,1.8312444686889648,1.5085231065750122,4.143919467926025,,,,,,
1763596401.092111,,,,,,,0.9792763590812683,0.2626887261867523,0.3397430181503296,1.4743074178695679,4.051143169403076,-3.5870273113250732
1763596401.099354,-0.5187725294470786,4.449378870728611,-2.0184820953816174,1.7982572317123413,1.2735577821731567,4.0954976081848145,,,,,,
1763596401.102141,,,,,,,0.9529167413711548,0.24870237708091736,0.30502980947494507,1.4717390537261963,3.813769578933716,-3.539489507675171
1763596401.109407,-0.35209143642783164,4.4569770707726475,-1.8396277494877575,1.7414417266845703,1.05936861038208,4.050518989562988,,,,,,
1763596401.112172,,,,,,,0.8846397399902344,0.1671600639820099,0.26760363578796387,1.4944489002227783,3.6077888011932373,-3.515610456466675
1763596401.11946,-0.23865561138391495,4.385322870403528,-1.7253326772660016,1.6671220064163208,0.9101428985595703,4.020937442779541,,,,,,
1763596401.122202,,,,,,,0.8132488131523132,0.10424332320690155,0.24575740098953247,1.4479553699493408,3.4940290451049805,-3.4487788677215576
1763596401.129513,-0.22409867824316024,4.284517394351959,-1.6434534354805945,1.584743618965149,0.8413355946540833,3.998424768447876,,,,,,
1763596401.132233,,,,,,,0.7714001536369324,0.06743587553501129,0.19837743043899536,1.43313467502594,3.4516375064849854,-3.359377145767212
1763596401.139566,-0.34800387485325335,4.1684775242894885,-1.4048153597533701,1.5007678270339966,0.8026201725006104,3.968714714050293,,,,,,
1763596401.142263,,,,,,,0.7809858918190002,0.07286027073860168,0.13280177116394043,1.405164122581482,3.3878252506256104,-3.257341146469116
1763596401.149619,-0.6024176118612289,4.0558845798105,-1.0620996544361114,1.4101933240890503,0.7223526835441589,3.923938035964966,,,,,,
1763596401.152294,,,,,,,0.8237524032592773,0.07584884017705917,0.08135712146759033,1.3053747415542603,3.2128138542175293,-3.1684980392456055
1763596401.159672,-1.0045727636188269,3.999126335278153,-0.6658879212528467,1.3119258880615234,0.5716856718063354,3.86548113822937,,,,,,
1763596401.162324,,,,,,,0.8417758941650391,-0.0028673484921455383,0.04546934366226196,1.1163079738616943,2.8951902389526367,-3.1030664443969727
1763596401.169725,-1.4382131869643926,4.07386388861537,-0.3132973031312227,1.2145863771438599,0.404281884431839,3.7704241275787354,,,,,,
1763596401.172354,,,,,,,0.799972653388977,-0.12640076875686646,0.018848180770874023,0.84414142370224,2.5640227794647217,-3.0180389881134033
1763596401.179778,-1.8356652755975722,4.059375929057598,-0.160858670476079,1.1311231851577759,0.3141684830188751,3.636807441711426,,,,,,
1763596401.182385,,,,,,,0.7205713391304016,-0.22083930671215057,0.02087610960006714,0.5398957133293152,2.337697982788086,-2.9221556186676025
1763596401.189831,-2.110369813223183,4.0155315266340965,-0.2803460506439209,1.1008843183517456,0.30207931995391846,3.457176685333252,,,,,,
1763596401.192415,,,,,,,0.6596693992614746,-0.23371651768684387,0.058241844177246094,0.2648443877696991,2.22355055809021,-2.758714199066162
1763596401.199884,-2.212682478967309,3.895283098965883,-0.3792261115908622,1.084862232208252,0.30459174513816833,3.237274169921875,,,,,,
1763596401.202446,,,,,,,0.6390919089317322,-0.22111599147319794,0.027438759803771973,0.20106194913387299,2.1370701789855957,-2.524486780166626
1763596401.209937,-2.273406704521179,3.620183132281899,-0.2556897482931614,1.0492850542068481,0.31994566321372986,2.9966700077056885,,,,,,
1763596401.212476,,,,,,,0.6401089429855347,-0.20859254896640778,-0.07752090692520142,0.18704387545585632,2.0038418769836426,-2.4017207622528076
1763596401.21999,-2.3954896541401745,3.252404297378659,-0.01498480316400528,0.9893189072608948,0.2959117293357849,2.7581920623779297,,,,,,
1763596401.222507,,,,,,,0.6505407691001892,-0.22084712982177734,-0.14640480279922485,0.2320244014263153,1.7311373949050903,-2.2833187580108643
1763596401.230043,-2.5363272808507085,2.92690276171267,0.4080114765703678,0.9146276116371155,0.2142339050769806,2.52494740486145,,,,,,
1763596401.232537,,,,,,,0.6271688938140869,-0.23293623328208923,-0.16159206628799438,0.19500122964382172,1.451958179473877,-2.1473493576049805
1763596401.240096,-2.522711720213294,2.664634219551086,0.8150339421033859,0.8143378496170044,0.11473198980093002,2.290947198867798,,,,,,
1763596401.242568,,,,,,,0.5635653734207153,-0.22618669271469116,-0.15355581045150757,0.13509266078472137,1.27197265625,-1.9526413679122925
1763596401.250149,-2.3325649959325787,2.543455817556381,1.1050357098430394,0.7117169499397278,0.07588072866201401,2.0894875526428223,,,,,,
1763596401.252598,,,,,,,0.49673762917518616,-0.23106738924980164,-0.12142157554626465,-0.020928364247083664,1.1865121126174927,-1.7649259567260742
1763596401.260202,-2.108646934953332,2.619800221568346,1.0570897173196077,0.6457661986351013,0.08297447860240936,1.8951860666275024,,,,,,
1763596401.262629,,,,,,,0.46651965379714966,-0.2411600649356842,-0.08361530303955078,-0.254971444606781,1.0857112407684326,-1.5750449895858765
1763596401.270255,-1.960994075269997,2.586684718430042,0.9378478363454341,0.5726869106292725,0.10968709737062454,1.6912869215011597,,,,,,
1763596401.272659,,,,,,,0.45378559827804565,-0.27604052424430847,-0.11118096113204956,-0.34410718083381653,0.9465705752372742,-1.3715494871139526
1763596401.280308,-1.8902625427037476,2.4008459204763173,0.8230740406960249,0.506582498550415,0.1405848264694214,1.5112920999526978,,,,,,
1763596401.28269,,,,,,,0.4257475733757019,-0.22466769814491272,-0.15309172868728638,-0.35377171635627747,0.7888432741165161,-1.2007548809051514
1763596401.290361,-1.7433081866785882,2.383814706176519,0.7882306908518075,0.4584048092365265,0.10323745757341385,1.3586208820343018,,,,,,
1763596401.29272,,,,,,,0.3949708044528961,-0.12925291061401367,-0.17057329416275024,-0.224662184715271,0.6340744495391846,-1.0234376192092896
1763596401.300414,-1.4477353408083318,2.2574761449396608,0.9016489802390336,0.3960101902484894,-0.014596433378756046,1.1996394395828247,,,,,,
1763596401.302751,,,,,,,0.35583457350730896,-0.06069441884756088,-0.17067080736160278,-0.1050770953297615,0.5209811925888062,-0.8774747252464294
1763596401.310467,-1.1267384230852127,1.863482087805867,0.9981687417954206,0.300027996301651,-0.11414405703544617,1.028279423713684,,,,,,
1763596401.312781,,,,,,,0.32357656955718994,-0.03360342979431152,-0.16165506839752197,-0.014025479555130005,0.3987032175064087,-0.7224553227424622
1763596401.32052,-0.88779873406291,1.494593245834112,0.9669131873100996,0.17612890899181366,-0.10898611694574356,0.855563223361969,,,,,,
1763596401.322812,,,,,,,0.3035512864589691,-0.05780934542417526,-0.1539652943611145,0.02679755724966526,0.2848946154117584,-0.5690628290176392
1763596401.330573,-0.7844267685241997,1.1601222217708826,0.8524035955548286,0.06970871984958649,-0.040957000106573105,0.6951671242713928,,,,,,
1763596401.332842,,,,,,,0.2877568006515503,-0.08752630650997162,-0.12464332580566406,-0.0542011521756649,0.186038076877594,-0.4822240173816681
1763596401.340626,-0.774894093286246,1.0206284108847379,0.8090788330912589,0.007287360727787018,-0.0011021511163562536,0.5532385110855103,,,,,,
1763596401.342873,,,,,,,0.2776945233345032,-0.11211064457893372,-0.08684921264648438,-0.1745375394821167,0.043320611119270325,-0.40909716486930847
1763596401.350679,-0.7550035440325736,0.9693325234115123,0.7955997583150863,-0.027402441948652267,-0.015152989886701107,0.42134514451026917,,,,,,
1763596401.352903,,,,,,,0.25283026695251465,-0.130633145570755,-0.0762028694152832,-0.28649628162384033,-0.0859212651848793,-0.3372429311275482
1763596401.360732,-0.7434411165326833,0.8684615809082984,0.6655746175199747,-0.04173799604177475,-0.04993940517306328,0.28873851895332336,,,,,,
1763596401.362933,,,,,,,0.21357092261314392,-0.0797024741768837,-0.0723271369934082,-0.3969462513923645,-0.17964163422584534,-0.269398033618927
1763596401.370785,-0.7044792254537343,0.797146403235197,0.45824937942326066,-0.0563957653939724,-0.0854976698756218,0.15923726558685303,,,,,,
1763596401.372964,,,,,,,0.17721205949783325,-0.02921280264854431,-0.07852083444595337,-0.38140562176704407,-0.24158063530921936,-0.19623488187789917
1763596401.380837,-0.5948046526394785,0.7301444125860929,0.3355979822665453,-0.08374475687742233,-0.07405849546194077,0.03746034950017929,,,,,,
1763596401.382994,,,,,,,0.14101159572601318,-0.006025776267051697,-0.08130043745040894,-0.3087182343006134,-0.25006812810897827,-0.12333671748638153
1763596401.39089,-0.5011874806568026,0.664291007450223,0.28882161804437634,-0.11484861373901367,-0.01511608436703682,-0.062470775097608566,,,,,,
1763596401.393025,,,,,,,0.12222376465797424,0.0013899803161621094,-0.088051438331604,-0.2238619327545166,-0.24747154116630554,-0.03809052333235741
1763596401.400943,-0.40879678172916173,0.7001303825944661,0.404917017686367,-0.15426993370056152,0.03952367976307869,-0.13905702531337738,,,,,,
1763596401.403055,,,,,,,0.12236270308494568,-0.0030798614025115967,-0.06850725412368774,-0.1567816138267517,-0.2689187824726105,0.04993939772248268
1763596401.410996,-0.30525632775574923,0.7637865699470042,0.6551660362303257,-0.19152915477752686,0.06442636251449585,-0.19465769827365875,,,,,,
1763596401.413086,,,,,,,0.11776566505432129,-0.02595514804124832,-0.042880117893218994,-0.1346701681613922,-0.31068938970565796,0.13011866807937622
1763596401.421049,-0.2218659507550299,0.804237238278985,0.8105641032129526,-0.21920178830623627,0.0741439163684845,-0.25178825855255127,,,,,,
1763596401.423116,,,,,,,0.1009264588356018,-0.05272207409143448,-0.024184346199035645,-0.2290356606245041,-0.32575276494026184,0.1883968710899353
1763596401.431102,-0.10683408869132399,0.8075947320133448,0.7679968811184168,-0.22753028571605682,0.08166628330945969,-0.3134356439113617,,,,,,
1763596401.433147,,,,,,,0.0904117226600647,-0.0658828392624855,-0.0012676715850830078,-0.32056236267089844,-0.33365675806999207,0.2608013153076172
1763596401.441155,0.0069407590486109255,0.7718418661087751,0.5746159972220659,-0.2105458825826645,0.10147029906511307,-0.37516871094703674,,,,,,
1763596401.443177,,,,,,,0.08971315622329712,-0.05309586971998215,-0.017346203327178955,-0.36947697401046753,-0.32554876804351807,0.3281766176223755
1763596401.451208,0.07893690472319721,0.7430278595566749,0.36083588389754295,-0.18674419820308685,0.135672464966774,-0.4190468490123749,,,,,,
1763596401.453208,,,,,,,0.10229527950286865,-0.022641289979219437,-0.045539021492004395,-0.3693363666534424,-0.30268579721450806,0.3983655571937561
1763596401.461261,0.05025616916194558,0.791618579724431,0.3474187684416771,-0.17506437003612518,0.15265491604804993,-0.43895211815834045,,,,,,
1763596401.463238,,,,,,,0.12506058812141418,-0.011010322719812393,-0.0753859281539917,-0.3190145790576935,-0.31072667241096497,0.47246575355529785
1763596401.471314,-0.014878127919137478,0.8800438821524381,0.550928247642517,-0.1946713626384735,0.13688793778419495,-0.45812076330184937,,,,,,
1763596401.473269,,,,,,,0.1448509395122528,-0.006882574409246445,-0.08884328603744507,-0.21413132548332214,-0.36869144439697266,0.5350268483161926
1763596401.481367,-0.11021496330127119,0.9261205736726522,0.7729594719618559,-0.23445312678813934,0.12867580354213715,-0.5017755627632141,,,,,,
1763596401.483299,,,,,,,0.14378061890602112,-0.00929541140794754,-0.07916116714477539,-0.11686094850301743,-0.40930652618408203,0.6133213639259338
1763596401.49142,-0.2178404946312308,0.8925304387599229,0.8536369367420673,-0.28502365946769714,0.15210077166557312,-0.5709547996520996,,,,,,
1763596401.49333,,,,,,,0.1300036907196045,-3.948807716369629e-06,-0.06386655569076538,-0.05131016671657562,-0.4308842420578003,0.7102113962173462
1763596401.501473,-0.3023912937134504,0.8272516186416149,0.8498615098565816,-0.33644771575927734,0.192552849650383,-0.6624993681907654,,,,,,
1763596401.50336,,,,,,,0.12166503071784973,-0.0001679845154285431,-0.04733681678771973,0.02607160434126854,-0.44906485080718994,0.8121156096458435
1763596401.511526,-0.3390881624698639,0.8015899386405945,0.7632154920607804,-0.38452431559562683,0.23208890855312347,-0.7515964508056641,,,,,,
1763596401.51339,,,,,,,0.1165667474269867,-0.016139041632413864,-0.038707852363586426,0.10081135481595993,-0.46581345796585083,0.9055638313293457
1763596401.521579,-0.3261401258304715,0.7757692686855793,0.545547723647952,-0.41559433937072754,0.25712713599205017,-0.8296043872833252,,,,,,
1763596401.523421,,,,,,,0.132694810628891,-0.01813666522502899,-0.0360105037689209,0.1736188381910324,-0.48080867528915405,1.0142145156860352
1763596401.531632,-0.3238797796830535,0.7956172939717769,0.30656828713715073,-0.43551063537597656,0.2524411678314209,-0.8891127109527588,,,,,,
1763596401.533451,,,,,,,0.1658959984779358,-0.002961341291666031,-0.04884868860244751,0.31711846590042114,-0.5259985327720642,1.122941255569458
1763596401.541685,-0.343474414730072,0.8543892164140939,0.13643734592497347,-0.4620479345321655,0.21880383789539337,-0.9468689560890198,,,,,,
1763596401.543482,,,,,,,0.20333564281463623,0.026282083243131638,-0.06839674711227417,0.5142102241516113,-0.5901375412940979,1.2393100261688232
1763596401.551738,-0.36696255008429285,0.9715893624275922,0.03147007401883602,-0.5034793019294739,0.16382986307144165,-1.011688470840454,,,,,,
1763596401.553512,,,,,,,0.24404612183570862,0.05962268263101578,-0.07529383897781372,0.7360270619392395,-0.6894127130508423,1.3585797548294067
1763596401.56179,-0.4399602740168571,1.1792232280820607,-0.0004997662156820296,-0.5700514316558838,0.11191419512033463,-1.0904042720794678,,,,,,
1763596401.563543,,,,,,,0.2671886086463928,0.050556182861328125,-0.06248432397842407,0.9235983490943909,-0.8173581957817078,1.4471184015274048
1763596401.571843,-0.5109586408257484,1.4271183769762514,-0.04863806644082069,-0.6503089070320129,0.0854601114988327,-1.1824690103530884,,,,,,
1763596401.573573,,,,,,,0.263821005821228,-0.0029437392950057983,-0.03839433193206787,0.9794189929962158,-0.9540121555328369,1.515967845916748
1763596401.581897,-0.5775000282257795,1.6671470302790403,-0.16372165869176386,-0.7215689420700073,0.09393828362226486,-1.2897976636886597,,,,,,
1763596401.583604,,,,,,,0.2400335967540741,-0.07856333255767822,-0.0032138824462890625,0.881713330745697,-1.0502057075500488,1.5631146430969238
1763596401.591949,-0.5940326453536748,1.8816168794333934,-0.3327829248458147,-0.7600924372673035,0.1297527402639389,-1.3985522985458374,,,,,,
1763596401.593634,,,,,,,0.22474077343940735,-0.1435917466878891,0.01895463466644287,0.7084254026412964,-1.0628738403320312,1.629516363143921
1763596401.602002,-0.5857566921785473,1.9388503402620554,-0.5013835877507925,-0.75982666015625,0.15012457966804504,-1.5006238222122192,,,,,,
1763596401.603665,,,,,,,0.24209818243980408,-0.1745246946811676,0.015935778617858887,0.4600265324115753,-1.1018657684326172,1.6719563007354736
1763596401.612056,-0.6064034666270017,1.900951694500446,-0.5470113664597273,-0.7458338737487793,0.13827598094940186,-1.5839561223983765,,,,,,
1763596401.613695,,,,,,,0.28129056096076965,-0.19755305349826813,-0.0013556480407714844,0.23956899344921112,-1.197605013847351,1.7380359172821045
1763596401.622108,-0.7166758592039346,1.7860376135975122,-0.4442360516399145,-0.7408806681632996,0.0929202139377594,-1.6478395462036133,,,,,,
1763596401.623726,,,,,,,0.3201729953289032,-0.17217834293842316,-0.018301010131835938,0.06478634476661682,-1.2827599048614502,1.811888337135315
1763596401.632161,-0.8453668287858367,1.6206167497724293,-0.2351496490895748,-0.7631111145019531,0.021173054352402687,-1.711981177330017,,,,,,
1763596401.633756,,,,,,,0.35018759965896606,-0.11794780194759369,-0.033931076526641846,0.040381669998168945,-1.3300288915634155,1.9320381879806519
1763596401.642215,-1.0733189675867556,1.439066588923335,0.02532499539256096,-0.8167924880981445,-0.044366274029016495,-1.7835067510604858,,,,,,
1763596401.643787,,,,,,,0.3883509039878845,-0.07876451313495636,-0.055235445499420166,0.10358241200447083,-1.382009506225586,2.071800708770752
1763596401.652267,-1.3369497380122541,1.3368015617132185,0.2393330722540617,-0.8982465863227844,-0.061884015798568726,-1.8715276718139648,,,,,,
1763596401.653817,,,,,,,0.42518889904022217,-0.08021001517772675,-0.07189607620239258,0.20355269312858582,-1.4563391208648682,2.2018799781799316
1763596401.662321,-1.6833686817616222,1.375786833667755,0.364593775126338,-0.9993773698806763,-0.027464888989925385,-1.9799137115478516,,,,,,
1763596401.663848,,,,,,,0.4508243203163147,-0.10085224360227585,-0.07318663597106934,0.28643858432769775,-1.512320876121521,2.336913824081421
1763596401.672374,-1.950663819913566,1.5216086785316467,0.4442699539095163,-1.1008967161178589,0.016079925000667572,-2.1158812046051025,,,,,,
1763596401.673878,,,,,,,0.4825230836868286,-0.1127965897321701,-0.06069594621658325,0.3676317036151886,-1.5499098300933838,2.499171495437622
1763596401.682426,-2.237387881156802,1.7008645909637212,0.46864568575322624,-1.187812328338623,0.04514944180846214,-2.2877516746520996,,,,,,
1763596401.683908,,,,,,,0.5219222903251648,-0.12785665690898895,-0.04549002647399902,0.37451261281967163,-1.6624369621276855,2.626713514328003
1763596401.692479,-2.5167332303255794,1.9212591539919375,0.4088572797447443,-1.2546722888946533,0.050814252346754074,-2.496763229370117,,,,,,
1763596401.693939,,,,,,,0.529389500617981,-0.18500801920890808,-0.0224151611328125,0.2909793555736542,-1.8787732124328613,2.7036166191101074
1763596401.702533,-2.6753911758869884,2.124306860899925,0.16922376323938368,-1.2933826446533203,0.04868878796696663,-2.7238869667053223,,,,,,
1763596401.703969,,,,,,,0.4811767339706421,-0.24232831597328186,0.0027388334274291992,0.1263902634382248,-2.034910202026367,2.827505350112915
1763596401.712584,-2.5921350927904245,2.261370814290643,-0.19314941322803497,-1.2892496585845947,0.06267917156219482,-2.965998649597168,,,,,,
1763596401.714,,,,,,,0.42887794971466064,-0.23280924558639526,0.04220837354660034,-0.05077678710222244,-2.041224718093872,3.0118587017059326
1763596401.722637,-2.251019516146183,2.2808137659072876,-0.6308914266735315,-1.2297016382217407,0.09169791638851166,-3.214282751083374,,,,,,
1763596401.72403,,,,,,,0.42292511463165283,-0.20825546979904175,0.07068771123886108,-0.14654387533664703,-2.1000068187713623,3.1764042377471924
1763596401.732691,-1.796942453971505,2.1971908953249453,-0.9901970322638749,-1.1229051351547241,0.08872289955615997,-3.453113079071045,,,,,,
1763596401.734061,,,,,,,0.4500776529312134,-0.20115026831626892,0.07908481359481812,-0.22448448836803436,-2.200889825820923,3.310389757156372
1763596401.742743,-1.2808715846985579,2.0277473518550395,-1.0601415061056614,-1.00361967086792,0.02903081849217415,-3.6601099967956543,,,,,,
1763596401.744091,,,,,,,0.48094308376312256,-0.17572538554668427,0.07423603534698486,-0.23780660331249237,-2.182838201522827,3.443594217300415
1763596401.752796,-0.8379220657378434,1.8670856652557848,-0.8109820363640785,-0.9045442342758179,-0.10849534720182419,-3.8038926124572754,,,,,,
1763596401.754122,,,,,,,0.5555024743080139,-0.1220184862613678,0.058450281620025635,-0.17018015682697296,-2.1592979431152344,3.6149134635925293
1763596401.76285,-0.6115753163069486,1.7888848197221754,-0.36900749991536136,-0.8724188208580017,-0.31932955980300903,-3.8804543018341064,,,,,,
1763596401.764152,,,,,,,0.654068112373352,-0.07060287892818451,0.04360389709472656,-0.10044042766094208,-2.2019710540771484,3.740180253982544
1763596401.772902,-0.7068348486691713,1.7947370528817175,0.09783844293951988,-0.9238426089286804,-0.5628412961959839,-3.9094247817993164,,,,,,
1763596401.774183,,,,,,,0.729722797870636,-0.0817701518535614,0.03998148441314697,-0.08722822368144989,-2.2788398265838623,3.8357865810394287
1763596401.782955,-1.1629624136328696,1.9000930318444966,0.37782384357750415,-1.0554946660995483,-0.731788158416748,-3.9181504249572754,,,,,,
1763596401.784213,,,,,,,0.7571250796318054,-0.15683427453041077,0.06049138307571411,-0.1789419800043106,-2.3783810138702393,3.9228882789611816
1763596401.793009,-1.8269266733467577,2.1699095051676034,0.32303309972584243,-1.2139556407928467,-0.7385315895080566,-3.9530422687530518,,,,,,
1763596401.794244,,,,,,,0.7390991449356079,-0.21917051076889038,0.10940074920654297,-0.3861055374145508,-2.4578354358673096,4.066216468811035
1763596401.803061,-2.4581723202854393,2.4884803647875784,-0.06628069063723087,-1.3214880228042603,-0.6152777671813965,-4.058588027954102,,,,,,
1763596401.804274,,,,,,,0.6953805088996887,-0.2280629575252533,0.17061400413513184,-0.6841304302215576,-2.596754789352417,4.148406505584717
1763596401.813114,-2.8969764100044966,2.7180682880967852,-0.6444055727630853,-1.312025785446167,-0.519144594669342,-4.26777982711792,,,,,,
1763596401.814305,,,,,,,0.6259417533874512,-0.22689592838287354,0.23614931106567383,-0.9230282306671143,-2.6608030796051025,4.282742500305176
1763596401.823168,-2.8821535194039343,2.729115459550917,-1.1533838534265757,-1.1784160137176514,-0.5548741817474365,-4.5765485763549805,,,,,,
1763596401.824335,,,,,,,0.5921587944030762,-0.19641932845115662,0.28475916385650635,-1.1376932859420776,-2.5798940658569336,4.461785793304443
1763596401.833221,-2.5383073487520216,2.688424552722275,-1.574011065942049,-1.0011745691299438,-0.671097993850708,-4.929015159606934,,,,,,
1763596401.834365,,,,,,,0.6342728734016418,-0.1665949523448944,0.2942221164703369,-1.2256975173950195,-2.5520191192626953,4.574703216552734
