timestamp,phone_accel_x,phone_accel_y,phone_accel_z,phone_gyro_x,phone_gyro_y,phone_gyro_z,watch_accel_x,watch_accel_y,watch_accel_z,watch_gyro_x,watch_gyro_y,watch_gyro_z
1763596432.484701,5.59925091664195,1.4173194520175456,-1.925915455365181,-0.2762577533721924,-2.673844814300537,-1.1003398895263672,,,,,,
1763596432.487375,,,,,,,-0.36801785230636597,0.3321206271648407,0.8093459606170654,-1.1756068468093872,-2.2335333824157715,-0.246436208486557
1763596432.494754,5.28964077759087,0.7125035419553518,-1.8724878165602683,-0.32773879170417786,-2.462911605834961,-0.8820639252662659,,,,,,
1763596432.497406,,,,,,,-0.3842654228210449,0.31255042552948,0.7472819089889526,-1.0067700147628784,-1.9964569807052612,-0.27363306283950806
1763596432.504807,4.666311895126104,0.19322773916125296,-1.9830805271327494,-0.41801169514656067,-2.1531825065612793,-0.760948121547699,,,,,,
1763596432.507436,,,,,,,-0.41006529331207275,0.2959311604499817,0.6807024478912354,-0.8677597045898438,-1.7888457775115967,-0.3016817271709442
1763596432.514859,4.1105099039673805,-0.20461422557234762,-2.266101349943876,-0.4938661456108093,-1.8368184566497803,-0.7043118476867676,,,,,,
1763596432.517467,,,,,,,-0.4295349717140198,0.26504191756248474,0.6351660490036011,-0.7554205656051636,-1.6208865642547607,-0.3215809762477875
1763596432.524912,3.8645097750395534,-0.5119079043745994,-2.486274379175901,-0.5212157368659973,-1.5851202011108398,-0.6771590709686279,,,,,,
1763596432.527497,,,,,,,-0.44132012128829956,0.24250638484954834,0.6155866384506226,-0.7090274691581726,-1.4795509576797485,-0.34285375475883484
1763596432.534965,3.9343239004999395,-0.6758627873003482,-2.48730313770175,-0.4957292675971985,-1.428135633468628,-0.6271129250526428,,,,,,
1763596432.537528,,,,,,,-0.44324833154678345,0.21699553728103638,0.611078143119812,-0.7064314484596252,-1.357792615890503,-0.3691839575767517
1763596432.545017,4.197303221279382,-0.7034101349174976,-2.3267549944795665,-0.42945775389671326,-1.364646077156067,-0.5236888527870178,,,,,,
1763596432.547558,,,,,,,-0.4496854543685913,0.17902126908302307,0.5935145616531372,-0.7178572416305542,-1.2357865571975708,-0.38541778922080994
1763596432.555071,4.491563815507292,-0.743233026739955,-2.179982570892572,-0.32934653759002686,-1.3563578128814697,-0.36694663763046265,,,,,,
1763596432.557589,,,,,,,-0.46207737922668457,0.14642679691314697,0.5577747821807861,-0.7310180068016052,-1.0892165899276733,-0.4169497787952423
1763596432.565124,4.6468666054219,-0.7778536737442017,-2.197631624829769,-0.2101850062608719,-1.3500474691390991,-0.20385733246803284,,,,,,
1763596432.567619,,,,,,,-0.46449393033981323,0.12920615077018738,0.525711178779602,-0.6980746984481812,-0.9254518747329712,-0.43185654282569885
1763596432.575175,4.570303297962248,-0.7343886260271072,-2.2146879735708236,-0.10116690397262573,-1.339820146560669,-0.07139009982347488,,,,,,
1763596432.577649,,,,,,,-0.4508732557296753,0.13460874557495117,0.5031400918960571,-0.6210891008377075,-0.7776184678077698,-0.42665132880210876
1763596432.585228,4.227586715862155,-0.7294009007424116,-1.9250423257924616,-0.02879013866186142,-1.3344491720199585,0.014922422356903553,,,,,,
1763596432.58768,,,,,,,-0.4331027865409851,0.1476282775402069,0.4803577661514282,-0.5104771256446838,-0.6300338506698608,-0.4052664041519165
1763596432.595281,3.719932961800694,-0.828107358688116,-1.5768600256323813,-0.007646769285202026,-1.2893357276916504,0.07150740176439285,,,,,,
1763596432.59771,,,,,,,-0.4126824140548706,0.156552255153656,0.451128751039505,-0.35189512372016907,-0.48751717805862427,-0.374520868062973
1763596432.605334,3.2021643486991525,-0.9846534266620873,-1.5216132085762917,-0.031068412587046623,-1.1510599851608276,0.11057621240615845,,,,,,
1763596432.607741,,,,,,,-0.3900873064994812,0.1558249294757843,0.41737961769104004,-0.1622370332479477,-0.3563586175441742,-0.35405582189559937
1763596432.615387,2.784075130228698,-1.0837760641932488,-1.6629332119762896,-0.08299019932746887,-0.9134753942489624,0.14277756214141846,,,,,,
1763596432.617771,,,,,,,-0.3653852343559265,0.1451444923877716,0.3915308713912964,-0.019328778609633446,-0.23973798751831055,-0.35778316855430603
1763596432.62544,2.4656638450846073,-0.9891472309499978,-1.8103377959869802,-0.1480991542339325,-0.6300376653671265,0.16059716045856476,,,,,,
1763596432.627802,,,,,,,-0.3279110789299011,0.11487415432929993,0.38154417276382446,0.015813229605555534,-0.1349351406097412,-0.36539021134376526
1763596432.635492,2.2785523968465626,-0.7044160970896483,-1.8157611362099646,-0.19936606287956238,-0.39275670051574707,0.18138845264911652,,,,,,
1763596432.637832,,,,,,,-0.2811102867126465,0.08308306336402893,0.3775763511657715,-0.009422003291547298,-0.07700366526842117,-0.372760146856308
1763596432.645545,2.1674290865287182,-0.3194967422932386,-1.733878971815109,-0.2116190791130066,-0.2711575925350189,0.2089918851852417,,,,,,
1763596432.647862,,,,,,,-0.2472577691078186,0.06204289197921753,0.3604237735271454,-0.05831178277730942,-0.042844630777835846,-0.3728102147579193
1763596432.655598,2.1982442037701606,-0.03724164315760135,-1.6591327967800198,-0.171761155128479,-0.2767006754875183,0.25330236554145813,,,,,,
1763596432.657893,,,,,,,-0.22232544422149658,0.06646457314491272,0.3313593566417694,-0.06642381846904755,0.00806435476988554,-0.3638487160205841
1763596432.665651,2.317910593766719,0.15251169789135455,-1.6906312201105058,-0.08951272070407867,-0.37182340025901794,0.30441123247146606,,,,,,
1763596432.667923,,,,,,,-0.19992882013320923,0.0811614990234375,0.29676273465156555,-0.007183664012700319,0.05615838244557381,-0.34947988390922546
1763596432.675704,2.3621575856417416,0.2541162153661251,-1.701413457018137,0.007248707115650177,-0.4995376765727997,0.348419189453125,,,,,,
1763596432.677954,,,,,,,-0.17356032133102417,0.08310505747795105,0.267758846282959,0.09392677247524261,0.09948427975177765,-0.32619407773017883
1763596432.685757,2.22537215693146,0.2936439236342907,-1.5882732539199291,0.08008699864149094,-0.5929070711135864,0.3672047257423401,,,,,,
1763596432.687984,,,,,,,-0.1481061577796936,0.06371182203292847,0.24710458517074585,0.20384129881858826,0.1396428942680359,-0.28736546635627747
1763596432.695809,1.9259378133274614,0.31925007405579087,-1.3748293868124484,0.11015702039003372,-0.6115697026252747,0.36461958289146423,,,,,,
1763596432.698014,,,,,,,-0.12147849798202515,0.04568547010421753,0.23532336950302124,0.25727277994155884,0.18143507838249207,-0.2581575810909271
1763596432.705862,1.5120944157332181,0.35906010639667507,-1.158327155047655,0.10022078454494476,-0.5322922468185425,0.3442915081977844,,,,,,
1763596432.708045,,,,,,,-0.09330171346664429,0.021157503128051758,0.2225683629512787,0.24509094655513763,0.21050560474395752,-0.24011333286762238
1763596432.715915,1.092766595378518,0.4445493553727865,-1.0679869589090347,0.07118939608335495,-0.38981711864471436,0.3206053674221039,,,,,,
1763596432.718075,,,,,,,-0.0635836124420166,-0.015766918659210205,0.21126246452331543,0.20934578776359558,0.2201973795890808,-0.20483775436878204
1763596432.725968,0.7569549703612923,0.5250538016736507,-0.9631226359207182,0.04294782876968384,-0.26258501410484314,0.29850050806999207,,,,,,
1763596432.728106,,,,,,,-0.039301514625549316,-0.023174405097961426,0.19748005270957947,0.1527930200099945,0.22651787102222443,-0.17050482332706451
1763596432.736021,0.45211602776739745,0.6135480776846408,-0.866137668005377,0.04097123071551323,-0.17943845689296722,0.2827463150024414,,,,,,
1763596432.738136,,,,,,,-0.02078789472579956,-0.008755326271057129,0.17924070358276367,0.12336599826812744,0.240409716963768,-0.14695189893245697
1763596432.746074,0.22856844406835733,0.6767699652731418,-0.804345374828577,0.06547775864601135,-0.14594238996505737,0.2738339900970459,,,,,,
1763596432.748167,,,,,,,-0.005351424217224121,-0.009038150310516357,0.16102957725524902,0.12585312128067017,0.2501411736011505,-0.12321673333644867
1763596432.756126,0.08922032526321709,0.7505150004416704,-0.6844669495165348,0.10452023148536682,-0.1373470425605774,0.2787821590900421,,,,,,
1763596432.758197,,,,,,,0.00489354133605957,-0.014644503593444824,0.14555442333221436,0.16381779313087463,0.25258782505989075,-0.10599953681230545
1763596432.766179,-0.018760339647345244,0.7728980971634387,-0.5715058293122798,0.1412137895822525,-0.13661421835422516,0.28483474254608154,,,,,,
1763596432.768227,,,,,,,0.012692570686340332,-0.008963942527770996,0.13304859399795532,0.22816109657287598,0.27178043127059937,-0.08789616823196411
1763596432.776232,-0.1304183048311621,0.7387783854186535,-0.42272739966511724,0.16321921348571777,-0.11827755719423294,0.2908191382884979,,,,,,
1763596432.778258,,,,,,,0.017260968685150146,-0.0015687346458435059,0.11517077684402466,0.29636597633361816,0.29137223958969116,-0.0723167359828949
1763596432.786285,-0.28708913169596345,0.6739379567176104,-0.2620622059345245,0.17245161533355713,-0.0770309716463089,0.29242897033691406,,,,,,
1763596432.788288,,,,,,,0.0208398699760437,0.00239485502243042,0.09948146343231201,0.30221909284591675,0.32416585087776184,-0.06794888526201248
1763596432.796338,-0.4605716848909855,0.5690267989128828,-0.1901847182035446,0.1819274127483368,-0.005729895085096359,0.29189395904541016,,,,,,
1763596432.798319,,,,,,,0.027454257011413574,-0.016139745712280273,0.0937185287475586,0.26741933822631836,0.34842005372047424,-0.060855887830257416
1763596432.806391,-0.6034384793415666,0.4403051419317722,-0.1851343029461801,0.19888383150100708,0.07588176429271698,0.29305410385131836,,,,,,
1763596432.808349,,,,,,,0.030567944049835205,-0.04060029983520508,0.09360924363136292,0.22811320424079895,0.36033424735069275,-0.037400901317596436
1763596432.816443,-0.7066138263296335,0.37114743455350396,-0.049667994010448455,0.20561230182647705,0.1387912780046463,0.29576268792152405,,,,,,
1763596432.818379,,,,,,,0.03178220987319946,-0.0380517840385437,0.08831906318664551,0.21829159557819366,0.37848716974258423,-0.006180461496114731
1763596432.826496,-0.7659585071586072,0.3161164522051811,0.16273096715398133,0.2082110047340393,0.19553391635417938,0.3024775981903076,,,,,,
1763596432.82841,,,,,,,0.03083622455596924,-0.017625510692596436,0.0653127133846283,0.269432008266449,0.4102783799171448,0.01663750223815441
1763596432.836549,-0.8310342059202491,0.258681915846467,0.2821872945964336,0.2016802728176117,0.26815110445022583,0.30628156661987305,,,,,,
1763596432.83844,,,,,,,0.029379606246948242,-0.015533685684204102,0.04083016514778137,0.37221768498420715,0.4428730607032776,0.04408231005072594
1763596432.846602,-0.8797374465517699,0.21166239051818847,0.30677579240798947,0.18086235225200653,0.36867424845695496,0.30372732877731323,,,,,,
1763596432.848471,,,,,,,0.026625335216522217,-0.020660400390625,0.027419716119766235,0.45286113023757935,0.4897841215133667,0.06336066126823425
1763596432.856655,-0.9213673877961933,0.11785539505183697,0.3324398104965687,0.1502203345298767,0.4816971719264984,0.2963002920150757,,,,,,
1763596432.858501,,,,,,,0.026222825050354004,-0.03024888038635254,0.02134677767753601,0.5177139043807983,0.528692901134491,0.08914512395858765
1763596432.866708,-0.9684802904963493,0.008150573229789734,0.3984977252285927,0.1122356727719307,0.5959092378616333,0.2748541235923767,,,,,,
1763596432.868532,,,,,,,0.0282171368598938,-0.038485050201416016,0.019962072372436523,0.5407915711402893,0.560590922832489,0.10851296782493591
1763596432.87676,-1.0136879440970719,-0.07901800713539123,0.4179541208487004,0.08019497990608215,0.7001431584358215,0.25317516922950745,,,,,,
1763596432.878562,,,,,,,0.034396350383758545,-0.04424017667770386,0.016544073820114136,0.5489594340324402,0.5842105150222778,0.137331023812294
1763596432.886813,-0.9864739200875162,-0.07657178302705288,0.3867874136906117,0.060638587921857834,0.7725387811660767,0.23672190308570862,,,,,,
1763596432.888593,,,,,,,0.039959728717803955,-0.04064112901687622,0.002201676368713379,0.5831887722015381,0.589219868183136,0.16688358783721924
1763596432.896866,-0.9078725309289991,-0.017538579300045966,0.36347090857625003,0.05280181020498276,0.8067354559898376,0.226141095161438,,,,,,
1763596432.898623,,,,,,,0.043348491191864014,-0.026306986808776855,-0.01161530613899231,0.6384749412536621,0.6005716323852539,0.17603401839733124
1763596432.906919,-0.8225447561249136,0.04646656762063503,0.36015908061452206,0.05992869287729263,0.8212835192680359,0.22571152448654175,,,,,,
1763596432.908653,,,,,,,0.04253125190734863,-0.02480536699295044,-0.02049577236175537,0.7102159261703491,0.6081427335739136,0.1885029375553131
1763596432.916972,-0.7268125647496432,0.06809504658281802,0.36904257122874257,0.06640654802322388,0.8166542053222656,0.22485600411891937,,,,,,
1763596432.918684,,,,,,,0.04309314489364624,-0.031280338764190674,-0.02186000347137451,0.7831394076347351,0.6147246956825256,0.20932452380657196
1763596432.927025,-0.7293568424049764,0.05547931063771248,0.43770745358876884,0.06343818455934525,0.8082005381584167,0.21958693861961365,,,,,,
1763596432.928714,,,,,,,0.047627031803131104,-0.027096927165985107,-0.027893930673599243,0.8303737640380859,0.6167939901351929,0.2172386348247528
1763596432.937077,-0.7633085771717131,0.014078794234991072,0.48799504080228506,0.052949123084545135,0.8184036016464233,0.20584706962108612,,,,,,
1763596432.938745,,,,,,,0.052798449993133545,-0.03204852342605591,-0.03525403141975403,0.8658540844917297,0.6064558625221252,0.2317422777414322
1763596432.94713,-0.8240585216887295,-0.011316343784332274,0.4536368441265076,0.03248246759176254,0.8398153781890869,0.18853919208049774,,,,,,
1763596432.948775,,,,,,,0.05688285827636719,-0.03948962688446045,-0.04107868671417236,0.875105082988739,0.6001161932945251,0.24655531346797943
1763596432.957183,-0.8289797576084732,-0.002101940715312958,0.44687743299417193,0.00983227789402008,0.8695186972618103,0.16760121285915375,,,,,,
1763596432.958806,,,,,,,0.056291043758392334,-0.0410921573638916,-0.04626670479774475,0.8661370277404785,0.5934551358222961,0.24283409118652344
1763596432.967236,-0.8182635716743767,-0.033688919112086296,0.43043490530252454,-0.014758818782866001,0.896129310131073,0.14998146891593933,,,,,,
1763596432.968836,,,,,,,0.05679363012313843,-0.05193197727203369,-0.05191779136657715,0.8641300797462463,0.5757712125778198,0.2532494366168976
1763596432.977289,-0.766240904296562,-0.028280922588706014,0.4457436066586524,-0.035928819328546524,0.9047448635101318,0.13191191852092743,,,,,,
1763596432.978866,,,,,,,0.05695080757141113,-0.05432868003845215,-0.05467703938484192,0.8625015616416931,0.557984471321106,0.26100242137908936
1763596432.987342,-0.7349386611253023,-0.03995557829141617,0.42437224426269526,-0.04773686081171036,0.8957295417785645,0.11561381071805954,,,,,,
1763596432.988897,,,,,,,0.05636948347091675,-0.04675579071044922,-0.05616980791091919,0.8573592901229858,0.535635232925415,0.27137491106987
1763596432.997395,-0.7049578758161514,-0.042917350706458086,0.3954513432700187,-0.04671527445316315,0.8817801475524902,0.0965770035982132,,,,,,
1763596432.998927,,,,,,,0.04832053184509277,-0.051286399364471436,-0.05695521831512451,0.8280377984046936,0.5229143500328064,0.26105451583862305
1763596433.007447,-0.660844008801505,-0.0713730453401804,0.33962475356459615,-0.03875274956226349,0.8590099215507507,0.07632395625114441,,,,,,
1763596433.008958,,,,,,,0.045326411724090576,-0.07572537660598755,-0.05739709734916687,0.792069673538208,0.49703216552734375,0.27290186285972595
1763596433.0175,-0.6070896587928757,-0.10317629683613777,0.328164617395401,-0.035258948802948,0.8321831226348877,0.060717567801475525,,,,,,
1763596433.018988,,,,,,,0.03907400369644165,-0.0834692120552063,-0.05828002095222473,0.7407864332199097,0.4694972336292267,0.28546151518821716
1763596433.027553,-0.5434875397151335,-0.15042612378895281,0.3193581375401467,-0.03526739031076431,0.7994238138198853,0.04282030090689659,,,,,,
1763596433.029018,,,,,,,0.03598213195800781,-0.07016855478286743,-0.06123626232147217,0.7280938029289246,0.44039925932884216,0.3051947355270386
1763596433.037606,-0.47457522193267937,-0.20770225471556186,0.28708083879165347,-0.0377955287694931,0.7601253986358643,0.027031218633055687,,,,,,
1763596433.039049,,,,,,,0.028331756591796875,-0.05663865804672241,-0.06419077515602112,0.7586424350738525,0.412465900182724,0.3273991048336029
1763596433.047659,-0.4403664436649531,-0.2311158635288477,0.3016493162397295,-0.049448929727077484,0.7264347672462463,0.014759611338376999,,,,,,
1763596433.049079,,,,,,,0.019179463386535645,-0.04962581396102905,-0.06812110543251038,0.8005483150482178,0.39990857243537903,0.3493102788925171
1763596433.057712,-0.41214064879696816,-0.29183775099515913,0.3040472442269325,-0.06426995247602463,0.7119458317756653,-0.0018499917350709438,,,,,,
1763596433.05911,,,,,,,0.0148201584815979,-0.051808714866638184,-0.07035475969314575,0.8431773781776428,0.38303983211517334,0.3645864725112915
1763596433.067764,-0.42293899658918377,-0.3202379160493612,0.2562988201022148,-0.0845460295677185,0.720321774482727,-0.024297602474689484,,,,,,
1763596433.06914,,,,,,,0.01633000373840332,-0.06137287616729736,-0.06332960724830627,0.8667434453964233,0.3524813950061798,0.38594183325767517
1763596433.077817,-0.46780905226599423,-0.33214404242038725,0.22690431024841962,-0.11105833202600479,0.7313214540481567,-0.049817606806755066,,,,,,
1763596433.079171,,,,,,,0.015364587306976318,-0.06208759546279907,-0.05493009090423584,0.8784133791923523,0.3296722173690796,0.4145727753639221
1763596433.08787,-0.48818128408938644,-0.34666181259453294,0.21891747621297836,-0.13929395377635956,0.7283317446708679,-0.07688133418560028,,,,,,
1763596433.089201,,,,,,,0.009997665882110596,-0.051358938217163086,-0.05023673176765442,0.8999577760696411,0.32012876868247986,0.4368772804737091
1763596433.097923,-0.5127217415081337,-0.3392518285989761,0.2451753685414791,-0.1591440886259079,0.71136474609375,-0.0965125635266304,,,,,,
1763596433.099231,,,,,,,0.006520688533782959,-0.04300874471664429,-0.05229395627975464,0.9237250685691833,0.31918177008628845,0.43643173575401306
1763596433.107976,-0.4666730705060064,-0.3395873441636562,0.20418153324350713,-0.1715872883796692,0.6909796595573425,-0.11262569576501846,,,,,,
1763596433.109262,,,,,,,0.01019197702407837,-0.050849199295043945,-0.050721198320388794,0.9251548647880554,0.3138919174671173,0.42877858877182007
1763596433.118029,-0.4307273854430765,-0.3142167560636997,0.10297522130608558,-0.175296813249588,0.6667414307594299,-0.1259649395942688,,,,,,
1763596433.119292,,,,,,,0.019576847553253174,-0.0604710578918457,-0.0432073175907135,0.9224295616149902,0.2877737581729889,0.4360678791999817
1763596433.128081,-0.4017048872394487,-0.2443383331954479,0.05144494055509567,-0.17500941455364227,0.6265125274658203,-0.1363213062286377,,,,,,
1763596433.129323,,,,,,,0.025932610034942627,-0.047681450843811035,-0.0357612669467926,0.9355051517486572,0.267699658870697,0.45412570238113403
1763596433.138134,-0.44581276290472593,-0.17662848653793334,0.08364500934891403,-0.17790666222572327,0.5726730227470398,-0.14799341559410095,,,,,,
1763596433.139353,,,,,,,0.025386333465576172,-0.02724742889404297,-0.0353206992149353,0.9868842363357544,0.25089484453201294,0.4662669897079468
1763596433.148187,-0.4678298758583143,-0.11254092203080654,0.10371982912831008,-0.1876075118780136,0.5343310832977295,-0.15486513078212738,,,,,,
1763596433.149384,,,,,,,0.024500250816345215,-0.02405381202697754,-0.03184285759925842,1.0704824924468994,0.23848503828048706,0.48382067680358887
1763596433.15824,-0.47295558484159406,-0.0328302564561367,0.08077274184823036,-0.20726589858531952,0.5171065926551819,-0.16940173506736755,,,,,,
1763596433.159414,,,,,,,0.025708436965942383,-0.02387005090713501,-0.028029918670654297,1.1888020038604736,0.2242741584777832,0.5202144384384155
1763596433.168293,-0.4520540319144726,0.02398644026517868,0.09446355967894196,-0.22738920152187347,0.5148772597312927,-0.18114472925662994,,,,,,
1763596433.169444,,,,,,,0.026949763298034668,-0.015021264553070068,-0.02421620488166809,1.2989410161972046,0.21569503843784332,0.5490769743919373
1763596433.178346,-0.46504956095740196,0.01796235767006874,0.09048515756726265,-0.24616608023643494,0.5246590971946716,-0.19435560703277588,,,,,,
1763596433.179475,,,,,,,0.024555325508117676,-0.014914274215698242,-0.017812401056289673,1.4232983589172363,0.21092025935649872,0.5876883268356323
1763596433.188398,-0.46663244623467326,0.038406595283746715,0.07483041925244033,-0.2583029866218567,0.5351909399032593,-0.2093072235584259,,,,,,
1763596433.189505,,,,,,,0.020624101161956787,-0.02202552556991577,-0.005476623773574829,1.44691002368927,0.22063493728637695,0.6112381219863892
1763596433.198451,-0.512247730788216,0.005911854392290115,0.006135287884622812,-0.2536033093929291,0.5621610283851624,-0.22225818037986755,,,,,,
1763596433.199536,,,,,,,0.0133056640625,-0.04371035099029541,0.017544656991958618,1.3310035467147827,0.2212325483560562,0.5811641216278076
1763596433.208504,-0.5635594003524631,-0.03776420572698116,-0.0690669603548944,-0.24022150039672852,0.5879621505737305,-0.2302127331495285,,,,,,
1763596433.209566,,,,,,,0.012352406978607178,-0.09907561540603638,0.03533110022544861,1.1710162162780762,0.20911170542240143,0.6067456603050232
1763596433.218557,-0.4859115125264972,-0.007545008552074432,-0.05815992802381515,-0.227480947971344,0.5821223855018616,-0.23330147564411163,,,,,,
1763596433.219597,,,,,,,0.013050675392150879,-0.10480397939682007,0.035199254751205444,0.9941665530204773,0.2177475392818451,0.6131244897842407
1763596433.22861,-0.4189182166405022,0.040138533642888066,-0.04466339065618813,-0.211014062166214,0.5419368743896484,-0.23214170336723328,,,,,,
1763596433.229627,,,,,,,0.01798492670059204,-0.06663447618484497,0.022877424955368042,0.9163410067558289,0.21054528653621674,0.6071451306343079
1763596433.238663,-0.3089328243114054,0.09754501295089721,-0.06631386225447058,-0.18636064231395721,0.48337826132774353,-0.22363823652267456,,,,,,
1763596433.239657,,,,,,,0.021554231643676758,-0.042082250118255615,0.004726439714431763,0.9742317795753479,0.18970738351345062,0.6222032308578491
1763596433.248715,-0.15725297413431108,0.1609136155337095,-0.06630465603470802,-0.16980549693107605,0.41280925273895264,-0.21226312220096588,,,,,,
1763596433.249687,,,,,,,0.017761528491973877,-0.01162862777709961,-0.005686759948730469,1.155458927154541,0.177052304148674,0.6632841229438782
1763596433.258768,-0.07014894690532236,0.18421850327551365,-0.008256956213712691,-0.16356375813484192,0.33742624521255493,-0.2046719491481781,,,,,,
1763596433.259718,,,,,,,0.012271285057067871,0.03127312660217285,-0.012990087270736694,1.4741348028182983,0.18261805176734924,0.7317377924919128
1763596433.268821,-0.08011372995022684,0.13967033649682997,0.06802081230282783,-0.16993483901023865,0.2891780138015747,-0.20463652908802032,,,,,,
1763596433.269749,,,,,,,0.00624692440032959,0.07501846551895142,-0.017413973808288574,1.800614833831787,0.20975913107395172,0.7942882776260376
1763596433.278874,-0.20875117924660444,0.056841246640682214,0.07236044894233346,-0.17376992106437683,0.3208523094654083,-0.22527854144573212,,,,,,
1763596433.279779,,,,,,,-0.0017475485801696777,0.07865762710571289,-0.00291559100151062,1.826340675354004,0.25220590829849243,0.7144291996955872
1763596433.288927,-0.40868177704736586,-0.06104337450563907,-0.06999898050799966,-0.18547743558883667,0.4183032214641571,-0.24398671090602875,,,,,,
1763596433.28981,,,,,,,-0.0038372278213500977,-0.024199068546295166,0.03639867901802063,1.6617437601089478,0.261202871799469,0.6795660257339478
1763596433.29898,-0.518689490806125,-0.10386953979730605,-0.06170227680578828,-0.20696642994880676,0.5266034007072449,-0.26235678791999817,,,,,,
1763596433.29984,,,,,,,0.0004405379295349121,-0.12316066026687622,0.06486153602600098,1.3058881759643555,0.2538922429084778,0.6919757723808289
1763596433.309032,-0.5984076090348884,-0.14500760587155817,0.019399258605390785,-0.23004405200481415,0.5855721831321716,-0.27502304315567017,,,,,,
1763596433.30987,,,,,,,0.0024042725563049316,-0.11894536018371582,0.06688132882118225,0.9607992768287659,0.2316388636827469,0.6891096234321594
1763596433.319085,-0.5516703712467104,-0.09304360987842082,0.05756605378389358,-0.2308369129896164,0.5846845507621765,-0.2732042372226715,,,,,,
1763596433.319901,,,,,,,0.007825911045074463,-0.05740204453468323,0.04906153678894043,0.7378327250480652,0.194065123796463,0.6808618307113647
1763596433.329138,-0.3305169892078265,0.0031318682849407193,0.044518502292782064,-0.20455950498580933,0.5268998146057129,-0.2493164837360382,,,,,,
1763596433.329931,,,,,,,0.0060620903968811035,0.00037807226181030273,0.02668367326259613,0.6564432978630066,0.1585840880870819,0.6876946687698364
1763596433.339191,-0.03222385152820498,0.1256751288920641,-0.051291795819997786,-0.16012965142726898,0.424734890460968,-0.2036900818347931,,,,,,
1763596433.339962,,,,,,,0.0016887187957763672,0.03819277882575989,0.003131777048110962,0.7302103638648987,0.13048134744167328,0.7182081937789917
1763596433.349244,0.22373740718271581,0.18447101673185826,-0.093205522441864,-0.10394015163183212,0.3066021502017975,-0.15398617088794708,,,,,,
1763596433.349992,,,,,,,-0.002355337142944336,0.0699615478515625,-0.01057995855808258,0.9586989283561707,0.1044931560754776,0.7810809016227722
1763596433.359297,0.3624545711405575,0.2076034705162048,-0.04482698372006416,-0.058838166296482086,0.19318176805973053,-0.1087692528963089,,,,,,
1763596433.360022,,,,,,,-0.007051646709442139,0.10566866397857666,-0.015225499868392944,1.3155430555343628,0.08329998701810837,0.8764588236808777
1763596433.369349,0.3588414952099323,0.17557167096138,0.08082754077538848,-0.03466438874602318,0.1079273372888565,-0.07412765175104141,,,,,,
1763596433.370053,,,,,,,-0.008217334747314453,0.13754910230636597,-0.014070644974708557,1.7416174411773682,0.08110367506742477,0.9797897338867188
1763596433.379402,0.2451375938143581,0.10298574270009994,0.2660882465802133,-0.038744743913412094,0.07597202807664871,-0.05666908621788025,,,,,,
1763596433.380083,,,,,,,-0.010432422161102295,0.15293708443641663,-0.008581876754760742,2.192903518676758,0.0975995659828186,1.0814341306686401
1763596433.389455,0.09570369593314826,0.05226444024443626,0.40670667758211493,-0.0685468539595604,0.1091662049293518,-0.05029507726430893,,,,,,
1763596433.390114,,,,,,,-0.013067662715911865,0.15289682149887085,-0.0047550201416015625,2.6227784156799316,0.1360902339220047,1.1754239797592163
1763596433.399508,-0.10401194394268094,-0.0069219082176685326,0.45010304397717116,-0.1135377362370491,0.19771172106266022,-0.05632835254073143,,,,,,
1763596433.400144,,,,,,,-0.015158116817474365,0.1393279731273651,0.001280084252357483,2.989213705062866,0.17806990444660187,1.2404857873916626
1763596433.409561,-0.2647157891832292,-0.09870704246759414,0.4621930024825036,-0.1664813905954361,0.3213662803173065,-0.07115709781646729,,,,,,
1763596433.410175,,,,,,,-0.015363514423370361,0.11956784129142761,0.002653837203979492,3.2669270038604736,0.23534038662910461,1.2863887548446655
1763596433.419614,-0.3995674733519554,-0.14707389075160027,0.450690780737251,-0.2249276489019394,0.44378992915153503,-0.08776164054870605,,,,,,
1763596433.420205,,,,,,,-0.01622903347015381,0.09259077906608582,0.008053779602050781,3.4414632320404053,0.3022347390651703,1.3130080699920654
1763596433.429666,-0.48560836486145853,-0.17169862892031668,0.49108840370774265,-0.28323811292648315,0.5460349917411804,-0.10300398617982864,,,,,,
1763596433.430235,,,,,,,-0.020642757415771484,0.065652996301651,0.015939928591251373,3.5249621868133545,0.3707490861415863,1.3078292608261108
1763596433.439719,-0.48333494003675875,-0.17252806548178196,0.49885100053325293,-0.3263392448425293,0.6277796030044556,-0.11501830816268921,,,,,,
1763596433.440267,,,,,,,-0.02595585584640503,0.046213507652282715,0.022372238337993622,3.5376405715942383,0.43568599224090576,1.2884597778320312
1763596433.449772,-0.4078505138549953,-0.1534159532546997,0.4516553879857063,-0.34881672263145447,0.6837819218635559,-0.11714440584182739,,,,,,
1763596433.450296,,,,,,,-0.036238670349121094,0.03512582182884216,0.03516162931919098,3.5079708099365234,0.5320367813110352,1.2507356405258179
1763596433.459825,-0.30882929087169464,-0.11982114216685294,0.38542204362154003,-0.34750962257385254,0.7152365446090698,-0.11315685510635376,,,,,,
1763596433.460327,,,,,,,-0.033866047859191895,0.026531994342803955,0.04257011413574219,3.485950231552124,0.6190358400344849,1.2711405754089355
1763596433.469878,-0.1761827155318111,-0.0876899738907814,0.28045243362784383,-0.3264330327510834,0.7146968245506287,-0.09610454738140106,,,,,,
1763596433.470357,,,,,,,-0.026401221752166748,0.017911791801452637,0.04776465892791748,3.435016632080078,0.65870600938797,1.2565853595733643
1763596433.479931,-0.05986980068162083,-0.028838556471467016,0.1803331862747669,-0.2903168201446533,0.6954538822174072,-0.0713464692234993,,,,,,
1763596433.480388,,,,,,,-0.02420252561569214,0.010750353336334229,0.05692923069000244,3.354417324066162,0.6808720231056213,1.199149489402771
1763596433.489983,0.029766192710399625,0.014275778111815452,0.08470087507739663,-0.2454202026128769,0.6660398840904236,-0.04165633022785187,,,,,,
1763596433.490418,,,,,,,-0.019525110721588135,-0.006287127733230591,0.05649828165769577,3.2489211559295654,0.681413471698761,1.1293059587478638
1763596433.500036,0.06353950217030942,0.06713000094294548,-0.006401683735847472,-0.20030413568019867,0.6315295696258545,-0.015596503391861916,,,,,,
1763596433.500448,,,,,,,-0.014515578746795654,-0.019781649112701416,0.05642389506101608,3.110149621963501,0.6745960712432861,1.0441808700561523
1763596433.510089,0.022223887572064994,0.07947159612178802,-0.07151742224693299,-0.15876710414886475,0.5925624966621399,0.004662582650780678,,,,,,
1763596433.510479,,,,,,,-0.012855112552642822,-0.027153193950653076,0.05206727609038353,2.9424190521240234,0.6587995290756226,0.9516326189041138
1763596433.520142,-0.024285423211753365,0.08031623025238513,-0.11726692763939499,-0.1218293309211731,0.5496949553489685,0.012583089992403984,,,,,,
1763596433.520509,,,,,,,-0.008898138999938965,-0.03183704614639282,0.04212963581085205,2.7484130859375,0.6336760520935059,0.8551409244537354
1763596433.530195,-0.09888217983879148,0.06949965268373488,-0.15163783766627312,-0.09007544815540314,0.5043761134147644,0.012578481808304787,,,,,,
1763596433.53054,,,,,,,0.0003445148468017578,-0.036729276180267334,0.03514481335878372,2.5379631519317627,0.5957281589508057,0.7734556198120117
1763596433.540248,-0.15711641520783304,0.06047872636020183,-0.1633025564968586,-0.06605134159326553,0.45245301723480225,0.011086313053965569,,,,,,
1763596433.54057,,,,,,,0.009573161602020264,-0.04443863034248352,0.030268073081970215,2.3045341968536377,0.5455363392829895,0.6909157037734985
1763596433.5503,-0.20120244436748325,0.04728314470052719,-0.15525471298918128,-0.0523037314414978,0.40010589361190796,0.006848466116935015,,,,,,
1763596433.550601,,,,,,,0.012904167175292969,-0.054487138986587524,0.028611302375793457,2.0628530979156494,0.488345742225647,0.6030734777450562
1763596433.560353,-0.19688392358124254,0.02689092953503132,-0.14552373870015142,-0.04207799211144447,0.35582366585731506,0.0018406580202281475,,,,,,
1763596433.560631,,,,,,,0.01581484079360962,-0.060754358768463135,0.024377230554819107,1.800635814666748,0.41822925209999084,0.5212915539741516
1763596433.570406,-0.18263466815017163,0.002515197691321373,-0.13833295041322707,-0.035005826503038406,0.31501147150993347,-0.001042793272063136,,,,,,
1763596433.570661,,,,,,,0.0153273344039917,-0.06687960028648376,0.01693737879395485,1.5231575965881348,0.34271425008773804,0.43685707449913025
1763596433.580459,-0.1514339125920087,-0.022395371681451795,-0.14789485174566505,-0.029823847115039825,0.2760432958602905,-0.0019581217784434557,,,,,,
1763596433.580692,,,,,,,0.0136985182762146,-0.07496649026870728,0.0164949893951416,1.234445571899414,0.271546334028244,0.3547607362270355
1763596433.590512,-0.12849603153169153,-0.03408464043140411,-0.1533903804220259,-0.018389729782938957,0.23287367820739746,-0.00477997399866581,,,,,,
1763596433.590722,,,,,,,0.011284291744232178,-0.08414235711097717,0.015360359102487564,0.9364277124404907,0.19727475941181183,0.2788422703742981
1763596433.600565,-0.08126673591025173,-0.06092413204014301,-0.1598563615657389,-0.004595354665070772,0.18412558734416962,-0.006169877480715513,,,,,,
1763596433.600753,,,,,,,0.006912589073181152,-0.08940204977989197,0.01177322119474411,0.649021327495575,0.13170720636844635,0.2104523777961731
1763596433.610617,-0.04189041881151497,-0.06994038218855858,-0.14082637466415762,0.017715299502015114,0.1302720159292221,-0.012288477271795273,,,,,,
1763596433.610783,,,,,,,0.001721203327178955,-0.0891592800617218,0.005882740020751953,0.39574161171913147,0.07105610519647598,0.1521938592195511
1763596433.62067,0.006063683953136206,-0.08078034063279628,-0.09042436729073523,0.041857656091451645,0.0659143328666687,-0.01986037753522396,,,,,,
1763596433.620814,,,,,,,-0.004476606845855713,-0.08161216974258423,-0.002300858497619629,0.18418411910533905,0.01755053550004959,0.10482855141162872
1763596433.630723,0.05056866917721927,-0.10454641614556312,-0.045145109758526085,0.05499764904379845,-0.0037843307945877314,-0.030643107369542122,,,,,,
1763596433.630844,,,,,,,-0.007423520088195801,-0.06934943795204163,-0.009469032287597656,-0.0037812632508575916,-0.027261145412921906,0.06580685079097748
1763596433.640776,0.09919913683347403,-0.12883973040282726,0.02940364300832152,0.06497278809547424,-0.06942565739154816,-0.04385717958211899,,,,,,
1763596433.640874,,,,,,,-0.00707930326461792,-0.060928523540496826,-0.019286397844552994,-0.17253543436527252,-0.056982554495334625,0.028034700080752373
1763596433.650829,0.11651267520599067,-0.1402571964740753,0.08328150979876518,0.06893640756607056,-0.12517999112606049,-0.05452834069728851,,,,,,
1763596433.650905,,,,,,,-0.0015990734100341797,-0.04971429705619812,-0.025626182556152344,-0.2985852360725403,-0.08589090406894684,0.008019979111850262
1763596433.660882,0.12841156811863183,-0.11858897002339362,0.11971928922757506,0.07277002930641174,-0.16979460418224335,-0.05982830002903938,,,,,,
1763596433.660935,,,,,,,0.004132688045501709,-0.0338074266910553,-0.032694339752197266,-0.3670637905597687,-0.1254175454378128,0.006730277091264725
1763596433.670934,0.1439863730650395,-0.10863690032958984,0.13467369725331663,0.07521538436412811,-0.20065610110759735,-0.05395697057247162,,,,,,
1763596433.670966,,,,,,,0.005570590496063232,-0.014699459075927734,-0.042110443115234375,-0.39501234889030457,-0.1627979278564453,0.0006542750634253025
1763596433.680987,0.16954020877741277,-0.12137363230586051,0.1761455253265798,0.0750041976571083,-0.22165699303150177,-0.04292801767587662,,,,,,
1763596433.680996,,,,,,,0.0020964741706848145,0.00075492262840271,-0.04608214274048805,-0.38783952593803406,-0.20105530321598053,-0.0007188506424427032
1763596433.691026,,,,,,,-0.007098138332366943,0.007703304290771484,-0.05219400301575661,-0.36882296204566956,-0.22594255208969116,-0.003928758669644594
1763596433.69104,0.18664280781298875,-0.22237375414669514,0.23369638154134154,0.06304846704006195,-0.23408915102481842,-0.03774125128984451,,,,,,
1763596433.701057,,,,,,,-0.014451742172241211,0.009496629238128662,-0.04840981960296631,-0.3384483754634857,-0.21439588069915771,0.002974288072437048
1763596433.701093,0.16519260802716015,-0.3226046451807022,0.29045959450975056,0.04412643983960152,-0.2478742152452469,-0.024284828454256058,,,,,,
1763596433.711087,,,,,,,-0.009618520736694336,0.015004396438598633,-0.045874714851379395,-0.2982165217399597,-0.19508476555347443,0.010272947140038013
1763596433.711146,0.11024798878803849,-0.25778233665823935,0.3679482001207769,0.02772245556116104,-0.2626364231109619,-0.0062340740114450455,,,,,,
1763596433.721118,,,,,,,0.005237877368927002,0.0196705162525177,-0.04270195960998535,-0.2520873546600342,-0.211948961019516,0.005347630474716425
1763596433.721199,0.008700973654165863,-0.2032248170405626,0.4045041991017759,0.018525226041674614,-0.27589166164398193,0.009769225493073463,,,,,,
1763596433.731148,,,,,,,0.01693105697631836,0.018735408782958984,-0.0397651232779026,-0.2166428118944168,-0.2522237002849579,-0.00854208692908287
1763596433.731251,-0.10237206778116524,-0.16089549535512923,0.3590859714902937,0.01638936996459961,-0.29060670733451843,0.03135174885392189,,,,,,
1763596433.741179,,,,,,,0.016117870807647705,0.009703218936920166,-0.033875226974487305,-0.19315879046916962,-0.2732197940349579,-0.02003975212574005
1763596433.741304,-0.22893464703224597,-0.16051672517061233,0.31181641692370177,0.019840765744447708,-0.3031109869480133,0.0541556291282177,,,,,,
1763596433.751209,,,,,,,0.012274861335754395,0.002585500478744507,-0.024295806884765625,-0.20758646726608276,-0.25247082114219666,-0.04149976745247841
1763596433.751357,-0.33442068211548026,-0.17371639848351478,0.2697134513400495,0.02310633286833763,-0.3150310218334198,0.07953528314828873,,,,,,
1763596433.761239,,,,,,,0.02201157808303833,-0.004305660724639893,-0.01894044689834118,-0.240462526679039,-0.22369803488254547,-0.07637199759483337
1763596433.76141,-0.41086094771735365,-0.12679682639837264,0.28317732854709027,0.033054981380701065,-0.3386227786540985,0.10971508175134659,,,,,,
1763596433.771271,,,,,,,0.04654538631439209,-0.01275259256362915,-0.004375100135803223,-0.27479174733161926,-0.22490790486335754,-0.11968564987182617
1763596433.771463,-0.567996871343255,-0.028041268613934515,0.32108824926838275,0.06039606034755707,-0.3753190040588379,0.14234092831611633,,,,,,
1763596433.7813,,,,,,,0.07587319612503052,-0.025465458631515503,0.012305617332458496,-0.29825359582901,-0.2676202058792114,-0.17197655141353607
1763596433.781516,-0.8120292803946882,0.0875374136775732,0.30911987131610513,0.1047845184803009,-0.421894907951355,0.17816580832004547,,,,,,
1763596433.791331,,,,,,,0.08864200115203857,-0.041960299015045166,0.029819846153259277,-0.3227647840976715,-0.32332104444503784,-0.2210247814655304
1763596433.791568,-1.095061939774081,0.16352292124927043,0.32614816300645466,0.15444688498973846,-0.4731197655200958,0.21073786914348602,,,,,,
1763596433.801361,,,,,,,0.08345746994018555,-0.05417323112487793,0.045157790184020996,-0.38102084398269653,-0.35966625809669495,-0.27778515219688416
1763596433.801621,-1.3423477976635099,0.17350480155944822,0.33671631877198815,0.19822365045547485,-0.5075930953025818,0.23186099529266357,,,,,,
1763596433.811392,,,,,,,0.06266885995864868,-0.06945264339447021,0.052666664123535156,-0.4276522696018219,-0.3671012818813324,-0.3353762924671173
1763596433.811674,-1.5922873118668794,0.12281506328582763,0.352701531150192,0.2244693785905838,-0.5125465393066406,0.22900129854679108,,,,,,
1763596433.821422,,,,,,,0.041171491146087646,-0.08369806408882141,0.04528975486755371,-0.45391353964805603,-0.3576851189136505,-0.38355448842048645
1763596433.821727,-1.7398282356083392,0.03127192109823227,0.37060558276176453,0.22680328786373138,-0.4814673364162445,0.20498542487621307,,,,,,
1763596433.831452,,,,,,,0.02246260643005371,-0.08105498552322388,0.02995586395263672,-0.46110275387763977,-0.3463563024997711,-0.4273400604724884
1763596433.83178,-1.761505814409256,-0.11289514229595661,0.40884748900309204,0.19785445928573608,-0.43731263279914856,0.1772584468126297,,,,,,
1763596433.841483,,,,,,,0.01297980546951294,-0.07923302054405212,0.016528010368347168,-0.5116392970085144,-0.2928358316421509,-0.46698909997940063
1763596433.841833,-1.6630394488297402,-0.2599181796431541,0.4209082214139402,0.13776011765003204,-0.41540390253067017,0.1593371480703354,,,,,,
1763596433.851513,,,,,,,0.021840274333953857,-0.11553758382797241,0.008325577713549137,-0.5708253979682922,-0.24490691721439362,-0.5142537951469421
1763596433.851885,-1.5040598700985313,-0.3210527395635843,0.39970074434280395,0.07756175100803375,-0.40899527072906494,0.16604670882225037,,,,,,
1763596433.861544,,,,,,,0.04323047399520874,-0.18311235308647156,0.03155803680419922,-0.6492053270339966,-0.2723691761493683,-0.5305882692337036
1763596433.861938,-1.3510209334626793,-0.3719108201414347,0.15862521233558655,0.07508646696805954,-0.38419800996780396,0.21017053723335266,,,,,,
1763596433.871575,,,,,,,0.04368031024932861,-0.22622284293174744,0.04934883117675781,-0.7780953645706177,-0.32023629546165466,-0.5521427989006042
1763596433.871991,-1.1951990881100296,-0.3361234674453735,-0.08926599103584885,0.11180826276540756,-0.3821287453174591,0.2793083190917969,,,,,,
1763596433.881604,,,,,,,0.020474553108215332,-0.25665462017059326,0.05084240436553955,-0.8844313025474548,-0.31523141264915466,-0.5609721541404724
1763596433.882044,-1.1277771184831857,-0.3167705321997404,-0.09556699087619781,0.15136820077896118,-0.4374178349971771,0.33527812361717224,,,,,,
1763596433.891635,,,,,,,-0.0020415186882019043,-0.26890113949775696,0.05337977409362793,-0.9823431968688965,-0.27860257029533386,-0.5404764413833618
1763596433.892097,-1.3261623865380883,-0.4510393019139766,0.0721602501951158,0.18183274567127228,-0.5285441279411316,0.34243476390838623,,,,,,
1763596433.901665,,,,,,,-0.0060956478118896484,-0.2699754536151886,0.05108034610748291,-1.1118288040161133,-0.24214069545269012,-0.5217742323875427
1763596433.902149,-1.5689558283790945,-0.6186141289025545,0.1982243784047663,0.1974271535873413,-0.6396797299385071,0.2950749695301056,,,,,,
1763596433.911696,,,,,,,0.014154374599456787,-0.30482783913612366,0.03852975368499756,-1.2347880601882935,-0.18640951812267303,-0.4902421534061432
1763596433.912202,-1.7294123477950691,-0.6697931119978427,0.3265476837180555,0.1933380365371704,-0.7534063458442688,0.18898697197437286,,,,,,
1763596433.921726,,,,,,,0.056861281394958496,-0.3773300051689148,0.017038585618138313,-1.3312733173370361,-0.16515003144741058,-0.4212047755718231
1763596433.922255,-1.9219452365599572,-0.5654051012843847,0.39629298172593114,0.17051687836647034,-0.8596901893615723,0.03775776922702789,,,,,,
1763596433.931757,,,,,,,0.09666591882705688,-0.4484668970108032,0.0032844562083482742,-1.4070643186569214,-0.1539037823677063,-0.3128029406070709
1763596433.932308,-2.064862153762579,-0.28849019413292404,0.4600676808916032,0.14316968619823456,-0.9461225867271423,-0.12815092504024506,,,,,,
1763596433.941787,,,,,,,0.13830476999282837,-0.48257192969322205,-0.002029893919825554,-1.472591519355774,-0.10750138759613037,-0.1811705231666565
1763596433.942361,-2.1283241337172685,0.0961211176276207,0.506007740420103,0.12178477644920349,-1.0156391859054565,-0.2774837017059326,,,,,,
1763596433.951817,,,,,,,0.18082529306411743,-0.4741683006286621,-0.010073188692331314,-1.542419672012329,-0.10493090748786926,-0.08414170891046524
1763596433.952414,-2.231233011788875,0.39166590644717214,0.6478944377921522,0.10277428478002548,-1.0809273719787598,-0.3928583562374115,,,,,,
1763596433.961848,,,,,,,0.217678964138031,-0.46810609102249146,-0.02288997173309326,-1.5973986387252808,-0.16613301634788513,0.0030969930812716484
1763596433.962466,-2.43486290249899,0.5131248789489269,0.8453389178656041,0.08008574694395065,-1.1745952367782593,-0.4866863191127777,,,,,,
1763596433.971878,,,,,,,0.2398766279220581,-0.478208065032959,-0.011428236961364746,-1.684051275253296,-0.2637080252170563,0.11946168541908264
1763596433.972519,-2.7075492321699857,0.42203532574772834,0.9915887788832187,0.05960690230131149,-1.2951180934906006,-0.5633282661437988,,,,,,
1763596433.981909,,,,,,,0.23002904653549194,-0.49050283432006836,0.011149998754262924,-1.8443351984024048,-0.35669469833374023,0.23020504415035248
1763596433.982572,-2.9350521658986803,0.2394458849787712,1.0216741205453872,0.04323884844779968,-1.4143630266189575,-0.6374120712280273,,,,,,
1763596433.991939,,,,,,,0.20164930820465088,-0.5321513414382935,0.018496748059988022,-1.9096391201019287,-0.385547399520874,0.372745156288147
1763596433.992625,-3.111107820984721,0.04111702328622341,1.0190845424436032,0.033159542828798294,-1.5071141719818115,-0.7185496091842651,,,,,,
1763596434.00197,,,,,,,0.1896255612373352,-0.5574312806129456,0.023067951202392578,-1.9215426445007324,-0.38366320729255676,0.5710341930389404
1763596434.002678,-3.2049557329833505,-0.11175298652350901,0.9857095115862786,0.024365784600377083,-1.5631023645401,-0.8209209442138672,,,,,,
1763596434.012,,,,,,,0.20082443952560425,-0.5267502665519714,0.02720952033996582,-1.9343911409378052,-0.3989039361476898,0.7446879744529724
1763596434.012731,-3.3189597133040425,-0.22519231869876383,1.026939493727684,0.00024359021335840225,-1.5948957204818726,-0.9463576078414917,,,,,,
1763596434.02203,,,,,,,0.23353898525238037,-0.4873793125152588,0.02473258599638939,-1.9086503982543945,-0.43260571360588074,0.8631842136383057
1763596434.022783,-3.4503730935871597,-0.252822083902359,1.202368395217508,-0.05107898637652397,-1.6162012815475464,-1.0934470891952515,,,,,,
1763596434.032061,,,,,,,0.2751690745353699,-0.4616336226463318,0.012818451970815659,-1.8636411428451538,-0.5118962526321411,0.9852118492126465
1763596434.032836,-3.6221608620956536,-0.20345102701187132,1.4187980001375078,-0.1348406821489334,-1.6341270208358765,-1.2585841417312622,,,,,,
1763596434.042091,,,,,,,0.30431318283081055,-0.47278761863708496,0.001568913459777832,-1.7602907419204712,-0.6247772574424744,1.1340190172195435
1763596434.042889,-3.8516017781496044,-0.09219605313837528,1.5142681065104902,-0.24332667887210846,-1.629020094871521,-1.423356294631958,,,,,,
1763596434.052122,,,,,,,0.31137990951538086,-0.46427321434020996,0.003846175968647003,-1.7157070636749268,-0.6963137984275818,1.2902653217315674
1763596434.052942,-3.9570591716602443,0.02374795533418655,1.4938894814789294,-0.36788588762283325,-1.5803319215774536,-1.5728551149368286,,,,,,
1763596434.062152,,,,,,,0.3105391263961792,-0.4406331181526184,-0.0005961582064628601,-1.6594128608703613,-0.7199245691299438,1.4250273704528809
1763596434.062995,-3.8942753832280634,0.2211497653096914,1.4234684761665761,-0.5010386109352112,-1.4961166381835938,-1.6828922033309937,,,,,,
1763596434.072183,,,,,,,0.32516175508499146,-0.4398617148399353,0.004291892051696777,-1.5174756050109863,-0.7277712821960449,1.581843614578247
1763596434.073048,-3.7740444912165403,0.4488865077942609,1.3377705528758466,-0.626396119594574,-1.395914912223816,-1.7492456436157227,,,,,,
1763596434.082213,,,,,,,0.3617393970489502,-0.4020135700702667,0.025245197117328644,-1.4296197891235352,-0.741795539855957,1.7283552885055542
1763596434.0831,-3.6068569099798795,0.6847709008991718,1.2899496480368078,-0.722403347492218,-1.2908633947372437,-1.7904577255249023,,,,,,
1763596434.092243,,,,,,,0.4035804271697998,-0.36916136741638184,0.04618155583739281,-1.3138996362686157,-0.8325986266136169,1.8134691715240479
1763596434.093153,-3.5497692873626945,0.9327817851275205,1.2234532688222826,-0.7865851521492004,-1.2080793380737305,-1.8229492902755737,,,,,,
1763596434.102274,,,,,,,0.4203733205795288,-0.34991002082824707,0.07082521915435791,-1.2242478132247925,-0.9408239126205444,1.8769179582595825
1763596434.103206,-3.584589840853214,1.168485560968518,1.2095686819851397,-0.8269592523574829,-1.175910472869873,-1.8558260202407837,,,,,,
1763596434.112304,,,,,,,0.4096537232398987,-0.31701937317848206,0.08644700050354004,-1.1949938535690308,-0.982023298740387,1.9470815658569336
1763596434.113259,-3.639785073852539,1.279185239046812,1.2415564962677657,-0.848704993724823,-1.1887338161468506,-1.9050748348236084,,,,,,
1763596434.122335,,,,,,,0.3863147497177124,-0.28106263279914856,0.09241819381713867,-1.1885982751846313,-0.9958810806274414,1.9904574155807495
1763596434.123312,-3.692025548699498,1.280444299197197,1.1718619055338204,-0.8657411932945251,-1.235561728477478,-1.9694925546646118,,,,,,
1763596434.132365,,,,,,,0.37178903818130493,-0.24197262525558472,0.09763813018798828,-1.2173726558685303,-0.9914724826812744,2.0243608951568604
1763596434.133365,-3.59888315462172,1.2498901709794998,1.0320201579928399,-0.8771467208862305,-1.2992509603500366,-2.0377979278564453,,,,,,
1763596434.142395,,,,,,,0.3695431351661682,-0.21317394077777863,0.10227680206298828,-1.249233365058899,-0.9769955277442932,2.0370373725891113
1763596434.143417,-3.3692274267733096,1.2228607097566127,0.8218938910007476,-0.8722062706947327,-1.3664354085922241,-2.0999486446380615,,,,,,
1763596434.152426,,,,,,,0.37914514541625977,-0.1962006837129593,0.1124582290649414,-1.32992684841156,-0.9778671860694885,2.033740282058716
1763596434.15347,-3.0410306606739756,1.3170564122796058,0.6139098967343568,-0.8663137555122375,-1.4366432428359985,-2.136662006378174,,,,,,
1763596434.162456,,,,,,,0.3936755061149597,-0.2170506864786148,0.1178274154663086,-1.3508268594741821,-0.9940064549446106,2.025290012359619
1763596434.163523,-2.7455636132657526,1.5685329267919064,0.48365211622714993,-0.8688033223152161,-1.5155856609344482,-2.1506075859069824,,,,,,
1763596434.172487,,,,,,,0.4048405885696411,-0.23953893780708313,0.12937813997268677,-1.3659522533416748,-0.9722268581390381,2.049205780029297
1763596434.173576,-2.5647549184337257,1.8359096057474613,0.33245237771719693,-0.878961443901062,-1.577197551727295,-2.151197910308838,,,,,,
1763596434.182517,,,,,,,0.4279657006263733,-0.19597670435905457,0.15005159378051758,-1.4883836507797241,-0.9582639336585999,2.030034065246582
1763596434.183629,-2.3905074818134304,2.170489935404062,0.2355985619008541,-0.9045600295066833,-1.6318907737731934,-2.149362802505493,,,,,,
1763596434.192548,,,,,,,0.4586532711982727,-0.1705811321735382,0.1706334352493286,-1.5496177673339844,-1.02581787109375,2.008842706680298
1763596434.193681,-2.3637162132605907,2.482196169951558,0.10676643028259276,-0.9472187757492065,-1.680410623550415,-2.1574931144714355,,,,,,
1763596434.202579,,,,,,,0.47165316343307495,-0.16837355494499207,0.19430673122406006,-1.668210744857788,-1.117807149887085,2.0162036418914795
1763596434.203734,-2.46024152777493,2.662086873155832,-0.10187252076119184,-0.9900356531143188,-1.7087574005126953,-2.173729181289673,,,,,,
1763596434.212608,,,,,,,0.45391786098480225,-0.16183562576770782,0.2175590991973877,-1.82735276222229,-1.1852338314056396,2.0262951850891113
1763596434.213787,-2.4772280261501667,2.7242951997876164,-0.3899345526099205,-1.0333034992218018,-1.7244179248809814,-2.199065923690796,,,,,,
1763596434.222639,,,,,,,0.4244377613067627,-0.16152334213256836,0.237723708152771,-1.971358299255371,-1.2252638339996338,2.054007053375244
1763596434.22384,-2.3410241967201233,2.739465880912542,-0.6759151020094752,-1.0726672410964966,-1.70840322971344,-2.230071783065796,,,,,,
1763596434.232669,,,,,,,0.40394484996795654,-0.1194273978471756,0.2761583924293518,-2.1484758853912354,-1.2464261054992676,2.0989036560058594
1763596434.233893,-2.0614611131474376,2.6614742942154406,-0.9945336001634597,-1.1070334911346436,-1.6667131185531616,-2.274479389190674,,,,,,
1763596434.2427,,,,,,,0.3995686173439026,-0.06508330255746841,0.3091275691986084,-2.273679733276367,-1.289643406867981,2.1276962757110596
1763596434.243946,-1.7341501899719238,2.5858529437810183,-1.1989268764615058,-1.1392290592193604,-1.6140539646148682,-2.329612970352173,,,,,,
1763596434.25273,,,,,,,0.4068955183029175,-0.015058737248182297,0.32434791326522827,-2.3705356121063232,-1.3460904359817505,2.1607916355133057
1763596434.253998,-1.483278363354504,2.57381997615993,-1.3083113802880049,-1.166639804840088,-1.5717706680297852,-2.3945679664611816,,,,,,
1763596434.262761,,,,,,,0.4119073152542114,0.017077147960662842,0.35594987869262695,-2.4238977432250977,-1.4415223598480225,2.1809375286102295
1763596434.264051,-1.3243240651950239,2.647797651040554,-1.4703849795117974,-1.185851812362671,-1.5616028308868408,-2.4437553882598877,,,,,,
1763596434.272791,,,,,,,0.4000677466392517,0.03782059997320175,0.39061713218688965,-2.5068013668060303,-1.5165705680847168,2.192737579345703
1763596434.274104,-1.201198328524828,2.8244121090531347,-1.6651795295983551,-1.1802088022232056,-1.5684267282485962,-2.464501142501831,,,,,,
1763596434.282821,,,,,,,0.3845268487930298,0.03681652992963791,0.4344196915626526,-2.5557656288146973,-1.5489367246627808,2.190657138824463
1763596434.284157,-1.116258237864077,3.0516391484498975,-1.9925188020855187,-1.1489219665527344,-1.5583003759384155,-2.4579355716705322,,,,,,
1763596434.292852,,,,,,,0.3867959976196289,0.031915172934532166,0.48083359003067017,-2.597778081893921,-1.553713321685791,2.1618223190307617
1763596434.29421,-1.1404828707993029,3.3319121338576076,-2.329584518817067,-1.0989594459533691,-1.5322086811065674,-2.4313876628875732,,,,,,
1763596434.302883,,,,,,,0.412930965423584,0.0668787956237793,0.5358617305755615,-2.686100721359253,-1.593819260597229,2.1171231269836426
1763596434.304263,-1.2342071564182637,3.624230361846089,-2.5748358752042053,-1.044586181640625,-1.5020877122879028,-2.405526638031006,,,,,,
1763596434.312913,,,,,,,0.44134896993637085,0.10112011432647705,0.5831613540649414,-2.7716636657714844,-1.6586602926254272,2.0758070945739746
1763596434.314315,-1.476661575563252,3.8545074364632366,-2.7800299464911222,-0.987518846988678,-1.4753597974777222,-2.39510440826416,,,,,,
1763596434.322943,,,,,,,0.4448779225349426,0.10699877142906189,0.6235909461975098,-2.807863235473633,-1.7390425205230713,2.0301170349121094
1763596434.324368,-1.7706158803209662,4.023703727173805,-3.0344875226408243,-0.9166545271873474,-1.4339710474014282,-2.3942575454711914,,,,,,
1763596434.332974,,,,,,,0.4121655821800232,0.11420838534832001,0.6536979079246521,-2.8430943489074707,-1.7604467868804932,1.9865748882293701
1763596434.334421,-1.8650719873458146,4.131282642883062,-3.250602800914645,-0.8437281250953674,-1.3749319314956665,-2.3917288780212402,,,,,,
1763596434.343004,,,,,,,0.36807018518447876,0.14005877077579498,0.6603431701660156,-2.832425117492676,-1.7356359958648682,1.9479812383651733
1763596434.344474,-1.6947335408627986,4.122815843310952,-3.3367186573565006,-0.770270049571991,-1.3107552528381348,-2.3907711505889893,,,,,,
1763596434.353034,,,,,,,0.3334650993347168,0.1699504405260086,0.64896559715271,-2.7851779460906982,-1.6785780191421509,1.9208340644836426
1763596434.354527,-1.351344466328621,3.9339842932820317,-3.401016065222025,-0.7001206874847412,-1.2500454187393188,-2.387279748916626,,,,,,
1763596434.363065,,,,,,,0.30511993169784546,0.17676976323127747,0.6281161308288574,-2.616621255874634,-1.6248059272766113,1.9251598119735718
1763596434.364579,-0.9727227503716945,3.6715544230788946,-3.4102135171562433,-0.6495171189308167,-1.1952461004257202,-2.3872900009155273,,,,,,
1763596434.373095,,,,,,,0.2698891758918762,0.16904793679714203,0.5941269397735596,-2.393734931945801,-1.497071623802185,1.9330259561538696
1763596434.374632,-0.5177104531735182,3.406833227068186,-3.264277106001973,-0.6231650710105896,-1.138869047164917,-2.402618169784546,,,,,,
1763596434.383126,,,,,,,0.25203919410705566,0.19270583987236023,0.5546703338623047,-2.1998846530914307,-1.3115977048873901,1.9596424102783203
1763596434.384685,-0.06616378625929355,3.257516525825858,-3.120647218224406,-0.6211690306663513,-1.086334228515625,-2.419914484024048,,,,,,
1763596434.393156,,,,,,,0.2535640001296997,0.21792586147785187,0.5251215696334839,-1.9596604108810425,-1.1637043952941895,2.0041115283966064
1763596434.394738,0.28535891036987304,3.1891613670021295,-3.0441414861708878,-0.6112470030784607,-1.0237787961959839,-2.4329845905303955,,,,,,
1763596434.403186,,,,,,,0.25366437435150146,0.24698027968406677,0.50455641746521,-1.7262006998062134,-1.0268656015396118,2.0475735664367676
1763596434.404791,0.49776831986308095,3.155526808425784,-2.986981090578437,-0.5926874279975891,-0.9707328677177429,-2.4271388053894043,,,,,,
1763596434.413217,,,,,,,0.236253023147583,0.28872430324554443,0.48134052753448486,-1.5361149311065674,-0.8829094767570496,2.111983299255371
1763596434.414844,0.692708123639226,3.1091900046646592,-2.8202631726801393,-0.588809609413147,-0.9490638971328735,-2.396822452545166,,,,,,
1763596434.423247,,,,,,,0.2077980637550354,0.32078516483306885,0.44068413972854614,-1.3052011728286743,-0.7609039545059204,2.1991097927093506
1763596434.424896,0.9259820419847965,3.017277444642782,-2.625048059093952,-0.5800099968910217,-0.9131211042404175,-2.3744277954101562,,,,,,
1763596434.433278,,,,,,,0.17212247848510742,0.3395327031612396,0.4212454557418823,-1.0627776384353638,-0.6487736701965332,2.2710933685302734
1763596434.434949,1.2271154445916415,2.9055250426411625,-2.5994138516217467,-0.540993332862854,-0.8052955865859985,-2.368687391281128,,,,,,
1763596434.443308,,,,,,,0.13827979564666748,0.37386462092399597,0.42213213443756104,-0.8892244696617126,-0.5271503329277039,2.3186707496643066
1763596434.445002,1.5634142686039207,2.7978455891668794,-2.6313345920175313,-0.4920242130756378,-0.6733801960945129,-2.3638956546783447,,,,,,
1763596434.453339,,,,,,,0.11210697889328003,0.41475710272789,0.39036694169044495,-0.6944741606712341,-0.45027124881744385,2.365006685256958
1763596434.455055,1.8753209941595792,2.5867615830585358,-2.3981524436086414,-0.471110999584198,-0.5665764808654785,-2.341900587081909,,,,,,
1763596434.463369,,,,,,,0.0857132077217102,0.46196821331977844,0.32564157247543335,-0.4905956983566284,-0.3654399812221527,2.3919677734375
1763596434.465108,2.1975316715866327,2.3058108445197343,-2.002667271134257,-0.4914860427379608,-0.4768660366535187,-2.313523292541504,,,,,,
1763596434.473399,,,,,,,0.06284648180007935,0.5353929996490479,0.27252501249313354,-0.3214242458343506,-0.2336212396621704,2.3871805667877197
1763596434.475161,2.590831316715479,2.03079534124881,-1.74184074447453,-0.5401819944381714,-0.38707607984542847,-2.2750487327575684,,,,,,
1763596434.48343,,,,,,,0.05168640613555908,0.6195453405380249,0.22064369916915894,-0.21450723707675934,-0.14631137251853943,2.3722848892211914
1763596434.485213,3.0154338626027104,1.8399392996549606,-1.6462708309888838,-0.5800780057907104,-0.2768305540084839,-2.2225501537323,,,,,,
1763596434.49346,,,,,,,0.038374364376068115,0.6531445980072021,0.19382286071777344,-0.05934641882777214,-0.18895390629768372,2.2995283603668213
1763596434.495266,3.3646412680268285,1.6579355498194694,-1.681170294934511,-0.5793640613555908,-0.12636728584766388,-2.135946035385132,,,,,,
1763596434.503491,,,,,,,-0.006735503673553467,0.6353988647460938,0.20939916372299194,0.21064500510692596,-0.20047527551651,2.240764856338501
1763596434.505319,3.6556624419420953,1.4764625458598135,-1.5789146200746298,-0.5649925470352173,0.03534252569079399,-2.0050933361053467,,,,,,
1763596434.513521,,,,,,,-0.05613583326339722,0.6176220774650574,0.1827559471130371,0.4590801000595093,-0.2237590253353119,2.192075729370117
1763596434.515372,3.8941093790113923,1.3314306823298334,-1.264522507444024,-0.5917243361473083,0.180993914604187,-1.8568251132965088,,,,,,
1763596434.523552,,,,,,,-0.10552799701690674,0.633082389831543,0.15791505575180054,0.6779094934463501,-0.16012997925281525,2.051621913909912
1763596434.525425,4.082352315497398,1.2016840662151573,-0.9266443052858113,-0.689409077167511,0.329459011554718,-1.7472541332244873,,,,,,
1763596434.533582,,,,,,,-0.12956243753433228,0.6944708824157715,0.15146267414093018,0.8624204993247986,0.059988271445035934,1.7816667556762695
1763596434.535477,4.256576078981161,1.1751146237194536,-0.7671914099544286,-0.8353402018547058,0.5082116723060608,-1.7263314723968506,,,,,,
1763596434.543612,,,,,,,-0.12933087348937988,0.7637940645217896,0.10379844903945923,0.9117672443389893,0.20097309350967407,1.4400944709777832
1763596434.54553,4.485443871322274,1.3364599086686968,-0.8749474357962608,-0.9823014140129089,0.6901489496231079,-1.7805209159851074,,,,,,
1763596434.553643,,,,,,,-0.07386404275894165,0.7435418963432312,0.03573894500732422,0.9317151308059692,0.08435086905956268,1.3758654594421387
1763596434.555583,4.79517266831696,1.7323413869842885,-1.137894023349881,-1.062471628189087,0.8141276240348816,-1.8744750022888184,,,,,,
1763596434.563673,,,,,,,-0.00803828239440918,0.7012366056442261,0.03479146957397461,0.9045732617378235,-0.09137142449617386,1.2808318138122559
1763596434.565636,5.227179937502742,2.2074866638898847,-1.435219265845418,-1.02437162399292,0.8111695051193237,-1.9110369682312012,,,,,,
1763596434.573704,,,,,,,0.009025633335113525,0.7603800296783447,0.05965214967727661,0.7589473724365234,-0.24388186633586884,1.0076502561569214
1763596434.575689,5.737113326933979,2.689367094269395,-1.5762930393993853,-0.8918418884277344,0.6368911862373352,-1.8210484981536865,,,,,,
1763596434.583734,,,,,,,0.015945494174957275,0.8478550314903259,0.060494959354400635,0.7182734608650208,-0.4199751317501068,0.7923497557640076
1763596434.585742,6.218441968649626,3.0964015425011513,-1.5128759214997292,-0.7092167139053345,0.34217721223831177,-1.597434401512146,,,,,,
1763596434.593764,,,,,,,0.010334312915802002,0.9193406105041504,0.05848604440689087,0.632536768913269,-0.5679917931556702,0.693099319934845
1763596434.595794,6.5654416348963975,3.3564439330458637,-1.3694862722188232,-0.509909987449646,0.060163892805576324,-1.2979114055633545,,,,,,
1763596434.603795,,,,,,,-0.019132792949676514,0.9473652839660645,0.04543319344520569,0.48148033022880554,-0.6467946767807007,0.6167181730270386
1763596434.605847,6.755949593704939,3.4671436111241576,-1.4133955565720795,-0.32458749413490295,-0.11154760420322418,-0.9836860299110413,,,,,,
1763596434.613825,,,,,,,-0.057603538036346436,0.9002767205238342,0.012081354856491089,0.4326384961605072,-0.7202188372612,0.4963245987892151
1763596434.6159,6.797066616991162,3.4221780957162378,-1.4525222828239202,-0.17716500163078308,-0.16178229451179504,-0.6919487714767456,,,,,,
1763596434.623856,,,,,,,-0.09660917520523071,0.862266480922699,0.0056903064250946045,0.37373045086860657,-0.731941819190979,0.3184671401977539
1763596434.625953,6.828299375122785,3.12029445926398,-1.2123872465372085,-0.08024756610393524,-0.15727096796035767,-0.43295276165008545,,,,,,
1763596434.633886,,,,,,,-0.11876684427261353,0.8799087405204773,-0.002071082592010498,0.3255666494369507,-0.6587845087051392,0.15033377707004547
1763596434.636006,6.782352447462081,2.705474179461598,-0.6828846487611532,-0.04788563400506973,-0.1552341729402542,-0.1927393674850464,,,,,,
1763596434.643917,,,,,,,-0.1260494589805603,0.9133139252662659,-0.03721672296524048,0.44681307673454285,-0.6119123697280884,0.03319697082042694
1763596434.646059,6.658636635944247,2.3618761383518576,-0.11120704307854175,-0.0562572218477726,-0.13250282406806946,0.05948379635810852,,,,,,
1763596434.653947,,,,,,,-0.13184261322021484,0.9423156380653381,-0.046516358852386475,0.6467573642730713,-0.5574919581413269,-0.07437556236982346
1763596434.656111,6.587973200178146,2.3438981447212397,0.25649697302281854,-0.07229317724704742,-0.07306506484746933,0.34221217036247253,,,,,,
1763596434.663977,,,,,,,-0.14017117023468018,0.9522110819816589,-0.08297926187515259,0.8989607095718384,-0.42639920115470886,-0.17914991080760956
1763596434.666164,6.141069390633702,2.3328180939108134,0.4211474369972944,-0.101236492395401,0.012255538254976273,0.5521374344825745,,,,,,
1763596434.674008,,,,,,,-0.13499993085861206,0.9285759925842285,-0.11576715111732483,1.1222957372665405,-0.2729337513446808,-0.29890507459640503
1763596434.676217,5.0205023496598,1.7587196908220648,0.4700198967158794,-0.16765359044075012,0.1325979232788086,0.6570987701416016,,,,,,
1763596434.684038,,,,,,,-0.11101990938186646,0.8880816102027893,-0.11599582433700562,1.2746975421905518,-0.17047849297523499,-0.4161754548549652
1763596434.68627,4.14240258731246,1.3359740248478948,0.544796028497815,-0.2720247209072113,0.3128613233566284,0.6845821142196655,,,,,,
1763596434.694069,,,,,,,-0.08915001153945923,0.8467553853988647,-0.1083577573299408,1.364583969116211,-0.13236519694328308,-0.5438699722290039
1763596434.696322,3.7152415891140698,1.2544950344264507,0.5304740731567144,-0.39091357588768005,0.5201346278190613,0.691564679145813,,,,,,
1763596434.704099,,,,,,,-0.07789367437362671,0.8104507923126221,-0.09993100166320801,1.3750927448272705,-0.11169320344924927,-0.6672688722610474
1763596434.706375,3.7817443980693817,1.4346480418287217,0.5786152959913015,-0.4926156997680664,0.6844416856765747,0.7389943599700928,,,,,,
1763596434.71413,,,,,,,-0.07639181613922119,0.7623483538627625,-0.09719270467758179,1.4422179460525513,-0.08393427729606628,-0.8148490190505981
1763596434.716428,4.085835481438041,1.7348463555425404,0.552511717441678,-0.538148045539856,0.7916914224624634,0.8476877808570862,,,,,,
1763596434.72416,,,,,,,-0.07356929779052734,0.7350126504898071,-0.06966385245323181,1.4716439247131348,-0.03671856224536896,-0.973634660243988
1763596434.726481,4.308077718159556,1.8719475722037255,0.3356073346167803,-0.5139669179916382,0.8323373794555664,0.9964411854743958,,,,,,
1763596434.73419,,,,,,,-0.050620436668395996,0.7200227975845337,-0.05568006634712219,1.4553501605987549,-0.018479904159903526,-1.0476826429367065
1763596434.736534,4.3288335059404375,1.820941461457312,0.08591302734613418,-0.45848268270492554,0.7978888154029846,1.1625558137893677,,,,,,
1763596434.744221,,,,,,,-0.032778024673461914,0.6602349877357483,-0.08490163087844849,1.5422604084014893,-0.05471993237733841,-1.1141301393508911
1763596434.746587,4.138617223554849,1.7453744715586303,0.0012292495340108871,-0.4037419259548187,0.7542809247970581,1.3179116249084473,,,,,,
1763596434.754251,,,,,,,-0.026454031467437744,0.6086044311523438,-0.0989721417427063,1.5727652311325073,-0.031246833503246307,-1.1693902015686035
1763596434.75664,4.052060637608171,1.6638281149893999,-0.022751345512270926,-0.38183966279029846,0.7398073077201843,1.4530004262924194,,,,,,
1763596434.764282,,,,,,,-0.009339511394500732,0.5855467915534973,-0.08824825286865234,1.5472873449325562,-0.021313773468136787,-1.1961054801940918
1763596434.766692,4.029598630431294,1.5984104709222913,-0.04291384357511997,-0.39864981174468994,0.7561506032943726,1.566228985786438,,,,,,
1763596434.774312,,,,,,,0.005502939224243164,0.534015417098999,-0.07648137211799622,1.5951592922210693,-0.07724015414714813,-1.249678134918213
1763596434.776745,3.9076451524108644,1.4410542556092143,-0.055017538344860076,-0.4510858356952667,0.7834036946296692,1.6394256353378296,,,,,,
1763596434.784342,,,,,,,-0.002744138240814209,0.4627753496170044,-0.06255504488945007,1.613084077835083,-0.12211548537015915,-1.3393282890319824
1763596434.786798,3.689799104821682,1.201526245304942,-0.06260346342921257,-0.5119093656539917,0.8045403361320496,1.674826979637146,,,,,,
1763596434.794373,,,,,,,-0.0031404495239257812,0.4102664589881897,-0.021894007921218872,1.5010933876037598,-0.1467132419347763,-1.3713479042053223
1763596434.796851,3.464605032557249,1.0532049848407505,-0.15195231044292448,-0.559328019618988,0.7987412810325623,1.6815253496170044,,,,,,
1763596434.804403,,,,,,,0.0023293495178222656,0.36178135871887207,0.01642972230911255,1.3649845123291016,-0.19876791536808014,-1.3932225704193115
1763596434.806904,3.104759328740835,1.0532312883257866,-0.4129904340267181,-0.5714930295944214,0.7647446990013123,1.6681599617004395,,,,,,
1763596434.814434,,,,,,,-0.001156926155090332,0.3222898244857788,0.0505160391330719,1.2937133312225342,-0.20969407260417938,-1.4350160360336304
1763596434.816956,2.7378023316144944,1.1557391843810676,-0.7038625548601151,-0.5473535060882568,0.7180939316749573,1.6550506353378296,,,,,,
1763596434.824464,,,,,,,0.023723304271697998,0.316882848739624,0.08946019411087036,1.0676465034484863,-0.1934967190027237,-1.3754782676696777
1763596434.827009,2.5020535475879906,1.31908119610548,-0.9811538941085338,-0.49951621890068054,0.6753211617469788,1.6630473136901855,,,,,,
1763596434.834495,,,,,,,0.0368422269821167,0.32110631465911865,0.12200754880905151,0.921440601348877,-0.19514815509319305,-1.3554390668869019
1763596434.837062,2.3315654635012146,1.4520494046151637,-1.2415168949097395,-0.4599793553352356,0.6118552088737488,1.6997605562210083,,,,,,
1763596434.844525,,,,,,,0.05808013677597046,0.30350303649902344,0.151608407497406,0.8027999997138977,-0.20085477828979492,-1.3616615533828735
1763596434.847115,2.098172887212038,1.5038433047384023,-1.424924081802368,-0.44442063570022583,0.5283800363540649,1.7506479024887085,,,,,,
1763596434.854555,,,,,,,0.07955890893936157,0.2580416798591614,0.1957893967628479,0.7591936588287354,-0.25910982489585876,-1.4080168008804321
1763596434.857168,1.7819091354906558,1.582618150767684,-1.6568834104180334,-0.4301776587963104,0.5063856840133667,1.781313419342041,,,,,,
1763596434.864586,,,,,,,0.08689987659454346,0.22232168912887573,0.25070297718048096,0.6872984170913696,-0.2993323504924774,-1.4733060598373413
1763596434.86722,1.4594582195669412,1.7259382419437168,-1.9999954215765,-0.40590721368789673,0.5562107563018799,1.7809187173843384,,,,,,
1763596434.874616,,,,,,,0.09108275175094604,0.23202788829803467,0.3013765811920166,0.5741223096847534,-0.3133608102798462,-1.500217080116272
1763596434.877273,1.155283549568057,1.9005691249236463,-2.2303321174263955,-0.42191076278686523,0.5820331573486328,1.7585042715072632,,,,,,
1763596434.884647,,,,,,,0.07943981885910034,0.260651171207428,0.32794201374053955,0.4892370402812958,-0.329701691865921,-1.5267022848129272
1763596434.887326,0.9282114084720611,2.048600170269608,-2.300593402132392,-0.4628020226955414,0.5835500955581665,1.7085130214691162,,,,,,
1763596434.894677,,,,,,,0.05009496212005615,0.28357672691345215,0.3665842115879059,0.40232929587364197,-0.3281022012233734,-1.538313627243042
1763596434.897378,0.8522375913381576,2.0309555002465842,-2.6579455355674027,-0.4910818040370941,0.5973999500274658,1.6379499435424805,,,,,,
1763596434.904707,,,,,,,0.013759732246398926,0.298526406288147,0.41440027952194214,0.2859250009059906,-0.3433762192726135,-1.5523353815078735
1763596434.907432,1.1048849031955004,1.9285928578808902,-3.3712972187846897,-0.4999767541885376,0.5967666506767273,1.5735198259353638,,,,,,
1763596434.914738,,,,,,,-0.0365484356880188,0.3160220980644226,0.47109413146972656,0.14099018275737762,-0.33451348543167114,-1.5867401361465454
1763596434.917485,1.655075484213233,1.8111974815562366,-4.124781590425968,-0.48232001066207886,0.5705524682998657,1.5176085233688354,,,,,,
1763596434.924768,,,,,,,-0.08063989877700806,0.3581404685974121,0.5448392033576965,-0.057787369936704636,-0.26872676610946655,-1.6214922666549683
1763596434.927537,2.315976849225163,1.6910376089543102,-4.891955464723706,-0.4297638535499573,0.5192179083824158,1.4773842096328735,,,,,,
1763596434.934799,,,,,,,-0.09533160924911499,0.41544777154922485,0.6365504264831543,-0.27363842725753784,-0.16063012182712555,-1.6460932493209839
1763596434.93759,2.9627246012002226,1.8546750964939593,-5.610705792114138,-0.3126848638057709,0.4593774378299713,1.4792263507843018,,,,,,
1763596434.944829,,,,,,,-0.06545811891555786,0.48638954758644104,0.7194190621376038,-0.5060024857521057,0.033504731953144073,-1.675477385520935
1763596434.947643,3.4250253018409014,2.5721856529563665,-6.067729429134726,-0.12612086534500122,0.3400006890296936,1.556841254234314,,,,,,
1763596434.95486,,,,,,,0.01621454954147339,0.5402223467826843,0.7595109939575195,-0.7634020447731018,0.13252772390842438,-1.756094217300415
1763596434.957696,3.3376398638546463,3.725918465951085,-6.259007203271985,0.1070406436920166,0.11536524444818497,1.70002019405365,,,,,,
1763596434.96489,,,,,,,0.08051633834838867,0.5249613523483276,0.8285088539123535,-1.0468450784683228,0.06449141353368759,-1.9818463325500488
1763596434.967749,2.7119249630361795,4.828408290703594,-6.3725955885291095,0.3952910602092743,-0.08299152553081512,1.8980305194854736,,,,,,
1763596434.97492,,,,,,,0.07720988988876343,0.46285128593444824,0.8943933844566345,-1.3791242837905884,0.025046801194548607,-2.215947389602661
1763596434.977801,2.192851989337802,5.597603149434923,-6.601168781837821,0.6845085620880127,-0.21316209435462952,2.1073293685913086,,,,,,
1763596434.984951,,,,,,,0.012688040733337402,0.4391223192214966,0.9540971517562866,-1.770492434501648,0.163899227976799,-2.4461255073547363
1763596434.987854,1.9933084911584853,5.726585503178835,-6.703120505315065,0.9291886687278748,-0.2634183466434479,2.256380796432495,,,,,,
1763596434.994981,,,,,,,-0.03854632377624512,0.4970152676105499,1.0281736850738525,-2.1535165309906006,0.4618496894836426,-2.5856122970581055
1763596434.997907,1.9912334384500978,5.344257333919406,-6.843575854709744,1.1641955375671387,-0.17925919592380524,2.308877944946289,,,,,,
1763596435.005012,,,,,,,-0.027666091918945312,0.5761909484863281,1.1127800941467285,-2.4536778926849365,0.7609751224517822,-2.7064993381500244
1763596435.00796,2.07761642139554,5.001639828279614,-6.8887465373009436,1.395371675491333,-0.046315789222717285,2.3031277656555176,,,,,,
1763596435.015042,,,,,,,0.017246484756469727,0.6360158324241638,1.182644248008728,-2.656276226043701,0.9891883134841919,-2.8282389640808105
1763596435.018013,2.1942864060550926,5.063050282531976,-6.510246986418962,1.6388195753097534,0.07286231219768524,2.3351852893829346,,,,,,
1763596435.025072,,,,,,,0.05540108680725098,0.663742184638977,1.2137185335159302,-2.7037904262542725,1.2705039978027344,-2.9211854934692383
1763596435.028066,2.2220810064315795,5.3807805996745826,-5.980735620814562,1.8782762289047241,0.12740032374858856,2.461094856262207,,,,,,
1763596435.035103,,,,,,,0.09171682596206665,0.6864005327224731,1.1905630826950073,-2.5450918674468994,1.6614365577697754,-2.9715640544891357
1763596435.038118,2.091028276154399,5.804759460705518,-5.520636229610443,2.052753210067749,0.10776376724243164,2.6738743782043457,,,,,,
1763596435.045133,,,,,,,0.16297388076782227,0.7448735237121582,1.1218945980072021,-2.187774181365967,2.098919153213501,-3.0039846897125244
1763596435.048171,1.8436936837524174,6.294892171123624,-5.566225429874658,2.1922624111175537,0.18682897090911865,2.927478790283203,,,,,,
1763596435.055164,,,,,,,0.2812806963920593,0.8313153982162476,1.0880506038665771,-1.6964389085769653,2.5402262210845947,-3.0220823287963867
1763596435.058224,1.3502981721460818,6.853403421241045,-6.110105512571335,2.3294782638549805,0.4280828535556793,3.1837990283966064,,,,,,
1763596435.065194,,,,,,,0.42860519886016846,0.8971723318099976,1.0890344381332397,-1.114133358001709,2.902287006378174,-3.0408077239990234
1763596435.068277,0.6728612673968076,7.5563804254382845,-6.153956344735622,2.4278998374938965,0.7086290121078491,3.438270330429077,,,,,,
1763596435.075225,,,,,,,0.5519251227378845,0.903959333896637,1.130549669265747,-0.49766236543655396,3.1819517612457275,-3.088560104370117
1763596435.07833,-0.24245032749176024,8.126495604109763,-5.365894580709934,2.5014266967773438,0.9770772457122803,3.685518980026245,,,,,,
1763596435.085255,,,,,,,0.6327868700027466,0.8599316477775574,1.1858288049697876,0.062113672494888306,3.4866440296173096,-3.1756372451782227
1763596435.088382,-1.3166919628813862,8.286946278306841,-4.443015765437483,2.546353578567505,1.2439351081848145,3.910884380340576,,,,,,
1763596435.095285,,,,,,,0.6962078809738159,0.7986676096916199,1.21845543384552,0.6094526648521423,3.8273072242736816,-3.2919399738311768
1763596435.098434,-2.2336422648876906,8.197975032433867,-3.868160406501591,2.5697267055511475,1.5586315393447876,4.095347881317139,,,,,,
1763596435.105316,,,,,,,0.792572021484375,0.7722694277763367,1.2422521114349365,1.052886724472046,4.186996936798096,-3.43985652923584
1763596435.108488,-2.841791406138241,8.233114734876155,-3.75957231374979,2.5914218425750732,1.9560251235961914,4.250685691833496,,,,,,
1763596435.115346,,,,,,,0.9453205466270447,0.7863359451293945,1.2680317163467407,1.3496822118759155,4.511715888977051,-3.590691566467285
1763596435.118541,-3.2918986878991126,8.731106342101096,-3.6947026589542626,2.59578013420105,2.334595203399658,4.391688823699951,,,,,,
1763596435.125377,,,,,,,1.152911901473999,0.7601841688156128,1.2676689624786377,1.6161212921142578,4.772670269012451,-3.6891069412231445
1763596435.128594,-3.7391511647507545,9.677398766186833,-3.2913878157675263,2.5770609378814697,2.6601104736328125,4.528543472290039,,,,,,
1763596435.135407,,,,,,,1.3736685514450073,0.6871890425682068,1.3231712579727173,1.8201340436935425,4.92587947845459,-3.809951066970825
1763596435.138646,-4.1830823882251975,10.974138951146601,-3.127514473645389,2.627615213394165,3.0622944831848145,4.701021194458008,,,,,,
1763596435.145437,,,,,,,1.5535175800323486,0.6255044341087341,1.4088726043701172,1.8863117694854736,4.989408493041992,-3.9757578372955322
1763596435.148699,-4.488198138466477,12.210711375391483,-3.129234137044847,2.743159294128418,3.431959629058838,4.917910099029541,,,,,,
1763596435.155468,,,,,,,1.6546719074249268,0.572618305683136,1.481560230255127,1.8829375505447388,5.081851005554199,-4.144500732421875
1763596435.158752,-4.8166985636875035,12.665223906373978,-2.7089745887979864,2.890401601791382,3.654860734939575,5.185160160064697,,,,,,
1763596435.165498,,,,,,,1.7085762023925781,0.5545345544815063,1.5237598419189453,1.8177127838134766,5.279000759124756,-4.337262153625488
1763596435.168805,-5.2663282910645,12.530961566400528,-2.034552209564298,3.0533382892608643,3.755889892578125,5.479419231414795,,,,,,
1763596435.175529,,,,,,,1.7896883487701416,0.5430768728256226,1.5065608024597168,1.7754892110824585,5.559315204620361,-4.522757053375244
1763596435.178858,-5.771231285113096,12.450814262974262,-1.474956817471981,3.1772828102111816,3.7636618614196777,5.754903316497803,,,,,,
1763596435.185559,,,,,,,1.9093005657196045,0.521481454372406,1.460816740989685,1.7589939832687378,5.826319694519043,-4.713874816894531
1763596435.188911,-6.114585288333893,12.664699005717038,-1.1752199107248336,3.2994003295898438,3.79484224319458,5.964287757873535,,,,,,
1763596435.19559,,,,,,,2.031759738922119,0.5205022096633911,1.4473811388015747,1.752308964729309,6.119735240936279,-4.900640487670898
1763596435.198963,-6.3362278055965895,12.923388520348071,-1.6468471695721147,3.481001138687134,3.8664393424987793,6.12572717666626,,,,,,
1763596435.20562,,,,,,,2.145770311355591,0.5206170082092285,1.510941505432129,1.8362936973571777,6.34123420715332,-5.014540672302246
1763596435.209016,-6.574304740309715,13.137016073459385,-2.2349977711498736,3.7502641677856445,3.943206548690796,6.27918815612793,,,,,,
1763596435.21565,,,,,,,2.2227954864501953,0.4894205331802368,1.613980770111084,2.0220799446105957,6.525470733642578,-5.132780075073242
1763596435.219069,-7.101624148827791,13.156785772812366,-2.265159685179591,3.995439052581787,3.9731643199920654,6.458996772766113,,,,,,
1763596435.225681,,,,,,,2.2769336700439453,0.472631573677063,1.7193282842636108,2.0468645095825195,6.743195056915283,-5.374074935913086
1763596435.229122,-7.580985874384641,13.492502413022518,-1.4734493355184792,4.144074440002441,4.106176853179932,6.670454978942871,,,,,,
1763596435.235711,,,,,,,2.3605144023895264,0.46715211868286133,1.8066356182098389,2.0121653079986572,6.942767143249512,-5.566405773162842
1763596435.239175,-7.887382896608114,13.847615827620029,-1.3248287998467683,4.269411563873291,4.475577354431152,6.903714179992676,,,,,,
1763596435.245742,,,,,,,2.4643492698669434,0.47053200006484985,1.8904086351394653,1.9590115547180176,7.159574031829834,-5.7336297035217285
1763596435.249227,-8.243351466730237,13.224133215898275,-2.0292595099836586,4.343592166900635,4.907585620880127,7.180014133453369,,,,,,
1763596435.255772,,,,,,,2.5531671047210693,0.4606086015701294,1.930798053741455,1.995235562324524,7.4442667961120605,-5.8566412925720215
1763596435.25928,-8.238345036745072,12.339621832942962,-2.0016835207939145,4.314475059509277,5.303345203399658,7.487826824188232,,,,,,
1763596435.265803,,,,,,,2.6582300662994385,0.40648961067199707,1.920197606086731,2.2696444988250732,7.7130327224731445,-5.887547969818115
1763596435.269333,-7.932887925720214,11.940059035766124,-1.363061792129278,4.138874530792236,5.597397327423096,7.770439147949219,,,,,,
1763596435.275833,,,,,,,2.7633774280548096,0.3973802328109741,1.8326447010040283,2.660356283187866,7.951813220977783,-5.977221488952637
1763596435.279386,-7.386361712428927,11.408981151497363,-0.8258940665528177,3.848684549331665,5.875478744506836,7.958593845367432,,,,,,
1763596435.285863,,,,,,,2.8395626544952393,0.45970088243484497,1.6998487710952759,3.019996404647827,8.296103477478027,-5.9224934577941895
1763596435.289439,-6.651384472858905,10.62885485664606,-1.1542395934730767,3.495297908782959,6.145437717437744,8.007287979125977,,,,,,
1763596435.295894,,,,,,,2.8605659008026123,0.47097939252853394,1.5317511558532715,3.464540481567383,8.644050598144531,-5.824644565582275
1763596435.299491,-6.0352931404322385,9.67941770479381,-1.9233365447878836,3.1119883060455322,6.324347496032715,7.942438125610352,,,,,,
1763596435.305924,,,,,,,2.812417507171631,0.3566659092903137,1.4266667366027832,3.8646256923675537,8.84605884552002,-5.752377986907959
1763596435.309544,-5.346669655758142,8.766285207509995,-2.3003426422417164,2.7544362545013428,6.31476354598999,7.825649261474609,,,,,,
1763596435.315955,,,,,,,2.7238123416900635,0.21028739213943481,1.3814008235931396,4.144774913787842,8.901954650878906,-5.690815448760986
1763596435.319597,-4.538016354602575,7.6388856901675455,-2.299728455866128,2.4507973194122314,6.134308815002441,7.704898357391357,,,,,,
1763596435.325985,,,,,,,2.6126232147216797,0.08178108930587769,1.3923126459121704,4.205783367156982,8.774628639221191,-5.704945087432861
1763596435.32965,-3.6417946601092814,6.707201637148857,-2.4380747041523456,2.251811981201172,5.969246864318848,7.607416152954102,,,,,,
1763596435.336015,,,,,,,2.5478925704956055,-0.00012981891632080078,1.437419056892395,4.137352466583252,8.560714721679688,-5.5850934982299805
1763596435.339703,-2.65698107444942,6.352962667298317,-3.124504478174448,2.134073257446289,5.826643466949463,7.58312463760376,,,,,,
1763596435.346046,,,,,,,2.4890480041503906,-0.12703198194503784,1.4189852476119995,4.070140361785889,8.222779273986816,-5.513420581817627
1763596435.349756,-1.8297458224207162,6.501271652802824,-3.819429693341255,2.037513017654419,5.668164253234863,7.598198890686035,,,,,,
1763596435.356076,,,,,,,2.3748042583465576,-0.25286149978637695,1.4268841743469238,3.686770439147949,7.828151702880859,-5.518156051635742
1763596435.359808,-1.0994494341433048,7.128107082083821,-4.404615599894523,1.981297254562378,5.502501964569092,7.613905906677246,,,,,,
1763596435.366107,,,,,,,2.2524828910827637,-0.3269062638282776,1.4245120286941528,3.0353713035583496,7.522237777709961,-5.533923149108887
1763596435.369861,-0.29953999593555924,7.775581394767761,-5.053574013656378,1.978685975074768,5.257617950439453,7.625804901123047,,,,,,
1763596435.376137,,,,,,,2.1548473834991455,-0.39619189500808716,1.3443007469177246,2.3780741691589355,7.234969615936279,-5.490607738494873
1763596435.379914,0.40367900032401083,7.904252782866358,-5.542254187178611,2.053523540496826,4.898292064666748,7.645745754241943,,,,,,
1763596435.386168,,,,,,,2.0791423320770264,-0.44770145416259766,1.2058093547821045,1.8193295001983643,6.998284339904785,-5.346189498901367
1763596435.389967,0.7381172911614179,7.78104725895822,-5.785119525212049,2.1849708557128906,4.409525394439697,7.656286239624023,,,,,,
1763596435.396199,,,,,,,1.9711027145385742,-0.41014623641967773,1.0726491212844849,1.3588929176330566,6.782038688659668,-5.27996301651001
1763596435.40002,0.6665197894155979,7.727990207031369,-5.902236669117212,2.3483433723449707,3.8748955726623535,7.580915927886963,,,,,,
1763596435.406229,,,,,,,1.8608955144882202,-0.293476402759552,1.0070292949676514,1.045849323272705,6.573470592498779,-5.103523254394531
1763596435.410072,0.34966274797618385,7.8474916157245636,-6.219349731144309,2.513615846633911,3.4078915119171143,7.378474235534668,,,,,,
1763596435.41626,,,,,,,1.7467020750045776,-0.17196369171142578,0.9378905892372131,0.8754284381866455,6.3990397453308105,-4.892577648162842
1763596435.420125,-0.062449734172225,7.949840814086794,-6.467091735303401,2.6314351558685303,3.0182759761810303,7.044663429260254,,,,,,
1763596435.42629,,,,,,,1.6203808784484863,-0.11874014139175415,0.8386813402175903,0.8701136708259583,6.2721848487854,-4.699479579925537
1763596435.430178,-0.4398293411135673,7.679579519605636,-6.339234586197137,2.670572280883789,2.7408957481384277,6.654472351074219,,,,,,
1763596435.436321,,,,,,,1.5027110576629639,-0.13635879755020142,0.796761155128479,0.8561509847640991,6.212558746337891,-4.584565162658691
1763596435.440231,-0.7349561967819929,7.190710545513033,-5.971663841086626,2.629579782485962,2.588742971420288,6.296141624450684,,,,,,
1763596435.446351,,,,,,,1.4416694641113281,-0.1382015347480774,0.8014959692955017,0.7937024235725403,6.190301418304443,-4.428292274475098
1763596435.450284,-1.0578899277865885,6.661414868485927,-5.561252317637205,2.539517879486084,2.5034379959106445,6.024835586547852,,,,,,
1763596435.456381,,,,,,,1.4536924362182617,-0.11254799365997314,0.768945574760437,0.8322234749794006,6.073423385620117,-4.2088799476623535
1763596435.460336,-1.5152566791564226,6.2876096129000185,-5.217193965539336,2.432825803756714,2.4058022499084473,5.848538875579834,,,,,,
1763596435.466412,,,,,,,1.4423387050628662,-0.11000436544418335,0.6952993869781494,0.8445314168930054,5.808284759521484,-4.129317283630371
1763596435.470389,-2.0308745439648628,6.051010934045911,-5.077658069077134,2.343323230743408,2.3429436683654785,5.700998783111572,,,,,,
1763596435.476441,,,,,,,1.3504281044006348,-0.12640488147735596,0.6752683520317078,0.6532467007637024,5.5619893074035645,-4.061862945556641
1763596435.480442,-2.475484105092287,5.8203416452407835,-5.257813560697436,2.3055334091186523,2.306313991546631,5.517484188079834,,,,,,
1763596435.486473,,,,,,,1.2192578315734863,-0.1444898247718811,0.6932752132415771,0.4052704870700836,5.452767848968506,-3.945327043533325
1763596435.490495,-2.545734868404269,5.62741318128705,-5.3478848767668,2.3114266395568848,2.2077503204345703,5.294357776641846,,,,,,
1763596435.496502,,,,,,,1.1364903450012207,-0.09401267766952515,0.6764025688171387,0.12065286934375763,5.458314895629883,-3.7671244144439697
1763596435.500548,-2.2387521552473304,5.440412938338518,-5.206795321121811,2.3119773864746094,2.038112163543701,5.046916961669922,,,,,,
1763596435.506532,,,,,,,1.1083438396453857,-0.06834477186203003,0.5909146070480347,0.12431913614273071,5.390822887420654,-3.6104819774627686
1763596435.510601,-1.7061714652001856,5.384509264808893,-4.984540809440612,2.283395528793335,1.8969573974609375,4.80966854095459,,,,,,
1763596435.516563,,,,,,,1.098231554031372,-0.08086052536964417,0.5469977855682373,0.18990081548690796,5.215010166168213,-3.526623010635376
1763596435.520653,-1.1504016227453946,5.366261660456657,-4.797751578894257,2.2406513690948486,1.804634928703308,4.590701580047607,,,,,,
1763596435.526593,,,,,,,1.0814528465270996,-0.06885629892349243,0.5543909072875977,0.2031649798154831,5.04535436630249,-3.390979528427124
1763596435.530706,-0.742686498773098,5.312926376110315,-4.445156869119406,2.1875011920928955,1.698469877243042,4.390612602233887,,,,,,
1763596435.536624,,,,,,,1.0481003522872925,-0.0849311351776123,0.5148719549179077,0.3644105792045593,4.855401515960693,-3.231475830078125
1763596435.540759,-0.5173386972516775,5.2160529788106675,-3.934329161196947,2.126581907272339,1.5305136442184448,4.217989921569824,,,,,,
1763596435.546654,,,,,,,0.9999579191207886,-0.05578428506851196,0.42514920234680176,0.4144335091114044,4.723336219787598,-3.127959728240967
1763596435.550812,-0.42573593383133407,5.114802097079157,-3.532373331403732,2.0667002201080322,1.3294576406478882,4.055725574493408,,,,,,
1763596435.556686,,,,,,,0.963461697101593,0.002876371145248413,0.3845459818840027,0.34939831495285034,4.626063823699951,-3.0372958183288574
1763596435.560865,-0.5533487527877092,5.079302913674712,-3.4720284605562686,2.0215256214141846,1.1325629949569702,3.90256667137146,,,,,,
1763596435.566715,,,,,,,0.939470648765564,-0.007659882307052612,0.3383082151412964,0.3235825300216675,4.450799465179443,-2.9107022285461426
1763596435.570917,-0.7866413758337497,5.123913624295592,-3.4977678819686173,1.9840607643127441,0.9702044129371643,3.760796546936035,,,,,,
1763596435.576746,,,,,,,0.9073935747146606,-0.03231072425842285,0.3236451745033264,0.1484740823507309,4.297984600067139,-2.835129499435425
1763596435.58097,-1.057380224698782,5.164434435254335,-3.4900223824083803,1.9473209381103516,0.8476835489273071,3.6189773082733154,,,,,,
1763596435.586776,,,,,,,0.8797762393951416,-0.06793823838233948,0.322917103767395,-0.08117274940013885,4.110050201416016,-2.7563302516937256
1763596435.591023,-1.3779834669291973,5.254980383098125,-3.4430595557034014,1.9203410148620605,0.7774999141693115,3.4817535877227783,,,,,,
1763596435.596806,,,,,,,0.8388418555259705,-0.14592474699020386,0.2865194082260132,-0.17238734662532806,3.820570230484009,-2.7006030082702637
1763596435.601076,-1.6912515439659357,5.426590164691209,-3.3334716382592915,1.8975486755371094,0.7435062527656555,3.352267026901245,,,,,,
1763596435.606838,,,,,,,0.8092159032821655,-0.16718153655529022,0.24122953414916992,-0.31566452980041504,3.486635208129883,-2.57198429107666
1763596435.611129,-1.9570529364287852,5.715177389457821,-3.0439369035094974,1.8735134601593018,0.7050030827522278,3.2161412239074707,,,,,,
1763596435.616868,,,,,,,0.7962397933006287,-0.0951380580663681,0.20619714260101318,-0.4982393980026245,3.2278244495391846,-2.398794412612915
1763596435.621181,-2.099601458710432,5.9003586002856485,-2.587186822733283,1.817684292793274,0.6338908076286316,3.0375776290893555,,,,,,
1763596435.626898,,,,,,,0.7784239053726196,-0.04654721915721893,0.150252103805542,-0.5459007024765015,3.009089469909668,-2.203472375869751
1763596435.631234,-2.2668618129223583,5.757980173873901,-2.0650626447707414,1.7206714153289795,0.5430695414543152,2.8079416751861572,,,,,,
1763596435.636929,,,,,,,0.7689457535743713,-0.020224004983901978,0.062015652656555176,-0.5801766514778137,2.8058838844299316,-2.01845383644104
1763596435.641287,-2.4492042931929228,5.270763643163442,-1.5287708252459764,1.570250153541565,0.4320521354675293,2.5280821323394775,,,,,,
1763596435.646959,,,,,,,0.7619078159332275,-0.03873938322067261,-0.035094261169433594,-0.5295594930648804,2.520085573196411,-1.8364713191986084
1763596435.65134,-2.6010893836185334,4.621847314977646,-1.0242378335535525,1.3928338289260864,0.3820185363292694,2.2282001972198486,,,,,,
1763596435.65699,,,,,,,0.7282895445823669,-0.09999872744083405,-0.06873327493667603,-0.550371527671814,2.2064731121063232,-1.7513713836669922
1763596435.661393,-2.6973551704138514,4.109465363350511,-0.7962135062992572,1.2470937967300415,0.39889830350875854,1.943177580833435,,,,,,
1763596435.66702,,,,,,,0.6759160757064819,-0.16275504231452942,-0.02463662624359131,-0.6840749979019165,1.9081393480300903,-1.6234749555587769
1763596435.671445,-2.6588766789376734,3.799606217974424,-0.6545487811148166,1.1725964546203613,0.438842236995697,1.6767728328704834,,,,,,
1763596435.677051,,,,,,,0.629188060760498,-0.2091996669769287,0.04691523313522339,-0.9041138887405396,1.6880511045455933,-1.452116847038269
1763596435.681498,-2.5436583543911575,3.5902690555334087,-0.6269488265275955,1.1810150146484375,0.3832572102546692,1.4178931713104248,,,,,,
1763596435.68708,,,,,,,0.6181765794754028,-0.250427782535553,0.04358315467834473,-1.3547072410583496,1.5304958820343018,-1.248003363609314
1763596435.691551,-2.441748131968081,3.4651205808639522,-0.5173743530869483,1.1692544221878052,0.20778819918632507,1.1734422445297241,,,,,,
1763596435.69711,,,,,,,0.6451464891433716,-0.36838969588279724,-0.08346474170684814,-1.7385061979293823,1.2443535327911377,-0.9459601640701294
1763596435.701604,-2.3240832910522817,3.3640766198813914,-0.39860301223397254,1.0977783203125,0.05835222452878952,0.9711593985557556,,,,,,
1763596435.707141,,,,,,,0.6526421308517456,-0.4830177128314972,-0.24069154262542725,-1.8130332231521606,0.8418114185333252,-0.8028420805931091
1763596435.711657,-2.2458020737588402,3.4549931546032426,-0.5721551600664854,1.0215991735458374,0.016158966347575188,0.8129209876060486,,,,,,
1763596435.717171,,,,,,,0.6368697285652161,-0.43446582555770874,-0.3401849865913391,-1.6066536903381348,0.5654056668281555,-0.6945017576217651
1763596435.72171,-2.3950199908018113,3.679385847356915,-0.5624567728728056,0.9331876039505005,-0.06845744699239731,0.6319910287857056,,,,,,
1763596435.727202,,,,,,,0.6375643014907837,-0.27276962995529175,-0.36110377311706543,-1.1739751100540161,0.2661454379558563,-0.4846612215042114
1763596435.731762,-2.8508579251691697,3.645236909517646,-0.06668810239434242,0.8023371696472168,-0.18667809665203094,0.37985759973526,,,,,,
1763596435.737232,,,,,,,0.5986111164093018,-0.12417036294937134,-0.33810532093048096,-0.812517523765564,-0.011143694631755352,-0.37203988432884216
1763596435.741815,-3.5660020447611807,3.3663924956083298,0.3006079174280166,0.6235077381134033,-0.23765014111995697,0.05878879502415657,,,,,,
1763596435.747262,,,,,,,0.5419531464576721,-0.09404927492141724,-0.2779133915901184,-0.5806865096092224,-0.22963102161884308,-0.21484053134918213
1763596435.751868,-4.203005232313275,2.9524808550834654,0.4414461286604404,0.4601510167121887,-0.18806049227714539,-0.33516114950180054,,,,,,
1763596435.757293,,,,,,,0.4917858839035034,-0.1337924301624298,-0.18947577476501465,-0.6333217620849609,-0.4085102379322052,-0.09026717394590378
1763596435.761921,-4.260917907577753,2.3243840275645256,0.39292029042243953,0.380233496427536,-0.11066531389951706,-0.7337904572486877,,,,,,
1763596435.767323,,,,,,,0.4445831775665283,-0.10522463917732239,-0.04645097255706787,-0.9892101883888245,-0.5366522073745728,0.0012286524288356304
1763596435.771974,-3.4690140811711547,1.7048288184195757,0.34298458538651466,0.35237017273902893,-0.1623823046684265,-1.0037411451339722,,,,,,
1763596435.777354,,,,,,,0.3847463130950928,-0.05046564340591431,0.058882176876068115,-1.1757640838623047,-0.6707279682159424,0.14932464063167572
1763596435.782026,-2.03892662525624,1.4519751703351735,0.5747229647278785,0.2974991202354431,-0.22980111837387085,-1.0446584224700928,,,,,,
1763596435.787385,,,,,,,0.2543998062610626,0.031896889209747314,0.10853296518325806,-1.1180295944213867,-0.8122316002845764,0.1543896496295929
1763596435.792079,-0.6108315122023225,1.4390575288340448,0.4618927043616771,0.19133351743221283,-0.21295981109142303,-0.8795196413993835,,,,,,
1763596435.797415,,,,,,,0.10220620036125183,0.16693302989006042,0.12601697444915771,-0.9061182141304016,-0.819433331489563,0.20146474242210388
1763596435.802132,0.5345411764651536,1.4419415598377585,0.41583939371705053,0.06565926223993301,-0.1660110056400299,-0.6550285816192627,,,,,,
1763596435.807446,,,,,,,-0.020779192447662354,0.27341222763061523,0.10601156949996948,-0.6973270177841187,-0.7360311150550842,0.2045406997203827
1763596435.812185,1.4333096328318118,1.3154030921146274,0.34150691404938693,-0.03871934488415718,-0.1056981310248375,-0.47941386699676514,,,,,,
1763596435.817476,,,,,,,-0.12197563052177429,0.2914085388183594,0.08953392505645752,-0.5130266547203064,-0.5779847502708435,0.16295702755451202
1763596435.822238,2.003346777831018,1.04334000890851,-0.07526186947226524,-0.0969950258731842,-0.03850194811820984,-0.3830587863922119,,,,,,
1763596435.827507,,,,,,,-0.1625320017337799,0.23564434051513672,0.05418992042541504,-0.40634244680404663,-0.4259265065193176,0.2003975361585617
1763596435.83229,2.1849676658287644,0.5060094939857721,-0.5963099426358938,-0.10237647593021393,-0.00896056741476059,-0.3295862376689911,,,,,,
1763596435.837537,,,,,,,-0.18022143840789795,0.1689894199371338,0.04323422908782959,-0.5107410550117493,-0.3641715347766876,-0.0008431538008153439
1763596435.842343,2.0432357206270098,-0.24463176318407057,-0.725539549139142,-0.06883826106786728,-0.06092238053679466,-0.2650756537914276,,,,,,
1763596435.847568,,,,,,,-0.18633237481117249,0.10027560591697693,0.03976798057556152,-0.5986809134483337,-0.25852444767951965,-0.10064411908388138
1763596435.852396,1.7730545056447387,-0.7704021886944771,-0.5237666844725608,-0.019452866166830063,-0.09630753844976425,-0.15770365297794342,,,,,,
1763596435.857598,,,,,,,-0.14390328526496887,0.030167579650878906,0.023027658462524414,-0.5639852285385132,-0.2197728008031845,-0.1022806316614151
1763596435.862449,1.362576931221783,-0.8768789883807301,-0.30209844824671744,0.028288841247558594,-0.04401223361492157,-0.0432475320994854,,,,,,
1763596435.867627,,,,,,,-0.10137024521827698,0.015690118074417114,0.010613739490509033,-0.567750096321106,-0.20328889787197113,-0.10887694358825684
1763596435.872502,0.8880743361338973,-0.737992203477025,0.007080898171663284,0.06053865700960159,0.027187112718820572,0.010859910398721695,,,,,,
1763596435.877659,,,,,,,-0.05576232075691223,0.0334337055683136,-0.026876747608184814,-0.5280463695526123,-0.14888158440589905,-0.05412847921252251
1763596435.882554,0.26540888601392504,-0.6003668168112635,0.5969470714956522,0.026336682960391045,0.04367905482649803,-0.04147171229124069,,,,,,
1763596435.887688,,,,,,,-0.010435760021209717,0.03252705931663513,-0.11556684970855713,-0.3334348201751709,-0.14894257485866547,0.02745107002556324
1763596435.892607,-0.2803717696070671,-0.6867246653154492,1.220569968470931,-0.0700303316116333,0.016004018485546112,-0.15480704605579376,,,,,,
1763596435.897719,,,,,,,0.018734067678451538,0.051134854555130005,-0.18357723951339722,-0.1234847754240036,-0.14927387237548828,0.11042558401823044
1763596435.90266,-0.5492614834740758,-0.7448100667983293,1.5702718794137238,-0.17099563777446747,-0.017532920464873314,-0.2770167291164398,,,,,,
1763596435.907749,,,,,,,0.04546049237251282,0.04850098490715027,-0.22283267974853516,0.0625409260392189,-0.16480515897274017,0.16685350239276886
1763596435.912713,-0.5848457148134708,-0.620265695501864,1.6791192076236008,-0.2528879642486572,0.039459094405174255,-0.3688182532787323,,,,,,
1763596435.917779,,,,,,,0.061413854360580444,0.00449138879776001,-0.21479642391204834,0.13387075066566467,-0.2272898405790329,0.17311780154705048
1763596435.922766,-0.5280594132304192,-0.3903621303722262,1.5295149216115473,-0.29111284017562866,0.12324932962656021,-0.41962844133377075,,,,,,
1763596435.92781,,,,,,,0.07694455981254578,-0.0411720871925354,-0.1774512529373169,0.09881702810525894,-0.2636624872684479,0.24120064079761505
1763596435.932818,-0.3271858354911208,-0.08178951767534016,1.5659446638643741,-0.3175205886363983,0.13230837881565094,-0.40804538130760193,,,,,,
1763596435.93784,,,,,,,0.09196329116821289,-0.04699748754501343,-0.1578194499015808,0.05926375463604927,-0.28692707419395447,0.2883710563182831
1763596435.942871,-0.1171826103568077,0.33121932879090304,1.6316905169725417,-0.370069295167923,0.16203804314136505,-0.34796395897865295,,,,,,
1763596435.947871,,,,,,,0.11580199003219604,-0.006309837102890015,-0.15185368061065674,0.07375381141901016,-0.29355356097221375,0.3302449584007263
1763596435.952924,-0.23956512744426725,0.622441870497167,1.2892016061484812,-0.44034120440483093,0.18300394713878632,-0.3043396770954132,,,,,,
1763596435.957901,,,,,,,0.15504196286201477,0.0348258912563324,-0.1551390290260315,0.2388913780450821,-0.3165707290172577,0.409845769405365
1763596435.962977,-0.6022068917199969,0.7712573442190885,1.1609797153830528,-0.5249946117401123,0.14530104398727417,-0.3375266492366791,,,,,,
1763596435.967932,,,,,,,0.18861767649650574,0.07586562633514404,-0.15923082828521729,0.40886661410331726,-0.40981465578079224,0.4465736150741577
1763596435.97303,-0.9705977210417389,0.751340053088963,1.1073416486978531,-0.6142983436584473,0.1091410368680954,-0.44182807207107544,,,,,,
1763596435.977962,,,,,,,0.1979655921459198,0.09019619226455688,-0.14903438091278076,0.5267301797866821,-0.5120754837989807,0.4831364154815674
1763596435.983082,-1.1746548972532151,0.6277171805515885,0.7782938187271357,-0.6874521970748901,0.11946158856153488,-0.5732851624488831,,,,,,
1763596435.987993,,,,,,,0.18266281485557556,0.035600483417510986,-0.13237351179122925,0.6011783480644226,-0.6169393062591553,0.48470184206962585
1763596435.993135,-1.2115581022366881,0.6189663033410906,0.3759691556215286,-0.7413907051086426,0.16152970492839813,-0.68364018201828,,,,,,
1763596435.998024,,,,,,,0.1558561623096466,-0.0385928750038147,-0.12954670190811157,0.531078577041626,-0.6597586870193481,0.5038236379623413
1763596436.003188,-1.0978969440042972,0.6591846242219209,0.06071779581308365,-0.7769292593002319,0.1809246987104416,-0.7509382963180542,,,,,,
1763596436.008054,,,,,,,0.1608392894268036,-0.10122233629226685,-0.126936674118042,0.3568452000617981,-0.6712744832038879,0.5185381174087524
1763596436.013241,-0.8980006868645548,0.7863073215737938,-0.15146072753369808,-0.8074889183044434,0.16266123950481415,-0.7753878831863403,,,,,,
1763596436.018085,,,,,,,0.2105807363986969,-0.17127618193626404,-0.12753647565841675,0.23026545345783234,-0.7347463965415955,0.5556817650794983
1763596436.023294,-0.7992775700449943,0.9861810746207833,-0.27842648075819015,-0.8557307720184326,0.12193804234266281,-0.788719654083252,,,,,,
1763596436.028114,,,,,,,0.28628745675086975,-0.17563897371292114,-0.15575313568115234,0.11049480736255646,-0.836251974105835,0.631089448928833
1763596436.033346,-0.9141033881425857,1.1132698697030543,-0.29750585975944993,-0.939642608165741,0.06112058088183403,-0.819550096988678,,,,,,
1763596436.038145,,,,,,,0.3748905658721924,-0.14770635962486267,-0.18574249744415283,0.15929056704044342,-0.9887781143188477,0.7022629380226135
1763596436.043399,-1.2711831343770026,1.3959873256534336,-0.20121815339326857,-1.0446535348892212,-0.005967374891042709,-0.8842875957489014,,,,,,
1763596436.048176,,,,,,,0.45484495162963867,-0.13054510951042175,-0.18794316053390503,0.28208571672439575,-1.2524254322052002,0.7667151689529419
1763596436.053452,-1.7904627365633845,1.7671294995099305,-0.11240472843050955,-1.1493456363677979,-0.07414785027503967,-1.0071032047271729,,,,,,
1763596436.058206,,,,,,,0.5055643320083618,-0.14045611023902893,-0.15612924098968506,0.3607618808746338,-1.5520875453948975,0.8823930621147156
1763596436.063505,-2.3756506889432667,2.026411719337106,-0.1608054789841175,-1.2224022150039673,-0.14371813833713531,-1.1851475238800049,,,,,,
1763596436.068237,,,,,,,0.5251041650772095,-0.19556665420532227,-0.12228274345397949,0.36036354303359985,-1.8089507818222046,0.9885270595550537
1763596436.073558,-2.8664009467378255,2.2223270901471377,-0.37467970033288,-1.2556757926940918,-0.2045103907585144,-1.3952172994613647,,,,,,
1763596436.078266,,,,,,,0.5406659841537476,-0.2574053108692169,-0.12079960107803345,0.34178319573402405,-2.015470027923584,1.1143836975097656
1763596436.08361,-3.1680320697337385,2.3579671482145783,-0.738227181276679,-1.2646197080612183,-0.2752402126789093,-1.609581470489502,,,,,,
1763596436.088296,,,,,,,0.5904284715652466,-0.2526305317878723,-0.13729965686798096,0.3032560348510742,-2.214336633682251,1.2547802925109863
1763596436.093663,-3.3416362400144335,2.5129952128410338,-0.9976689755797385,-1.2749054431915283,-0.37023916840553284,-1.8174712657928467,,,,,,
1763596436.098327,,,,,,,0.660693883895874,-0.21631565690040588,-0.1484910249710083,0.32975688576698303,-2.4532830715179443,1.3659864664077759
1763596436.103716,-3.4620579784229397,2.7350644310832024,-1.0957838973730802,-1.3091470003128052,-0.4691039025783539,-2.0167791843414307,,,,,,
1763596436.108357,,,,,,,0.719544529914856,-0.18821445107460022,-0.15046417713165283,0.3272942304611206,-2.736314058303833,1.466275691986084
1763596436.113769,-3.5345845777124163,2.9340163931101557,-1.026868766579032,-1.3752895593643188,-0.5546038746833801,-2.2135961055755615,,,,,,
1763596436.118388,,,,,,,0.7356208562850952,-0.19975438714027405,-0.1196255087852478,0.312400758266449,-3.0971741676330566,1.528380274772644
1763596436.123822,-3.559370643922686,3.0654853029727933,-1.003434699499607,-1.4565576314926147,-0.604293942451477,-2.414994239807129,,,,,,
1763596436.128418,,,,,,,0.6823496222496033,-0.23285627365112305,-0.070453941822052,0.28161853551864624,-3.345113754272461,1.601940393447876
1763596436.133874,-3.454478190818429,3.087588413709402,-1.1358172170758247,-1.5205200910568237,-0.6145106554031372,-2.6212270259857178,,,,,,
1763596436.138449,,,,,,,0.6357815265655518,-0.2228337526321411,-0.027383506298065186,0.21861933171749115,-3.395333766937256,1.7255222797393799
1763596436.143927,-3.239960995391011,2.9438860452175137,-1.3513754459887741,-1.5544284582138062,-0.6563082337379456,-2.8259856700897217,,,,,,
1763596436.148479,,,,,,,0.6628387570381165,-0.20767763257026672,-0.0004304647445678711,0.2073671966791153,-3.511256456375122,1.8258074522018433
1763596436.15398,-3.0370623415648934,2.7295956442832945,-1.5252531725138425,-1.5520894527435303,-0.778063952922821,-3.0201356410980225,,,,,,
1763596436.158509,,,,,,,0.7268418669700623,-0.21275779604911804,0.013901233673095703,0.1924809217453003,-3.669421672821045,1.9399570226669312
1763596436.164033,-2.8723230302631855,2.550373049598932,-1.7006705296963451,-1.5226984024047852,-0.9506900310516357,-3.1951918601989746,,,,,,
1763596436.16854,,,,,,,0.7908672094345093,-0.213668555021286,0.036245763301849365,0.18696852028369904,-3.7661266326904297,2.070192813873291
1763596436.174086,-2.754806073385477,2.4184847452804443,-1.8047990126907825,-1.4935868978500366,-1.148443579673767,-3.347944498062134,,,,,,
1763596436.178571,,,,,,,0.8571428656578064,-0.20521679520606995,0.05250793695449829,0.237687885761261,-3.862320899963379,2.2068543434143066
1763596436.184138,-2.8078660479217765,2.3993124272987245,-1.837099692314863,-1.4870259761810303,-1.3463060855865479,-3.49392032623291,,,,,,
1763596436.188601,,,,,,,0.9300967454910278,-0.1927390992641449,0.06429976224899292,0.29306846857070923,-3.9993908405303955,2.3353097438812256
1763596436.194191,-3.0939637939602136,2.5041797459617254,-1.8114304135292767,-1.5222656726837158,-1.534430742263794,-3.6513071060180664,,,,,,
1763596436.198632,,,,,,,0.9838424324989319,-0.204632967710495,0.08861368894577026,0.3765133023262024,-4.1588969230651855,2.4762017726898193
1763596436.204244,-3.5439696611732243,2.774006448417902,-1.802064034768939,-1.6031403541564941,-1.6801996231079102,-3.835097551345825,,,,,,
1763596436.208662,,,,,,,1.0157577991485596,-0.22249406576156616,0.11355209350585938,0.4696129262447357,-4.271876811981201,2.6455185413360596
1763596436.214297,-3.99713603824377,3.158073862560093,-1.9310832133919,-1.721876859664917,-1.768012523651123,-4.050115585327148,,,,,,
1763596436.218693,,,,,,,1.0409667491912842,-0.23718637228012085,0.13991999626159668,0.6462379693984985,-4.363124847412109,2.834709882736206
1763596436.22435,-4.417444101807475,3.565889816558361,-2.1223089650809763,-1.867269515991211,-1.79995858669281,-4.3057379722595215,,,,,,
1763596436.228723,,,,,,,1.079991340637207,-0.23627454042434692,0.17132210731506348,0.8910903334617615,-4.4321722984313965,3.077810525894165
1763596436.234402,-4.731089779984951,3.933232598131895,-2.2829139530569313,-2.0293869972229004,-1.7959214448928833,-4.589696884155273,,,,,,
1763596436.238754,,,,,,,1.1448180675506592,-0.214602530002594,0.21381166577339172,1.230932593345642,-4.487652778625488,3.371765613555908
1763596436.244455,-4.926359838628769,4.242501376399398,-2.351953587013483,-2.2049341201782227,-1.803990125656128,-4.894571304321289,,,,,,
1763596436.248784,,,,,,,1.224544644355774,-0.1929149627685547,0.2529175281524658,1.6625051498413086,-4.568470001220703,3.702522039413452
1763596436.254508,-5.119268428838253,4.489940890480578,-2.4002894556373358,-2.3848235607147217,-1.8691850900650024,-5.198909282684326,,,,,,
1763596436.258813,,,,,,,1.3014097213745117,-0.19227492809295654,0.29396072030067444,2.152737855911255,-4.669198036193848,4.07475471496582
1763596436.264561,-5.345633882969618,4.65248093817234,-2.4866896819785236,-2.5546560287475586,-1.9994415044784546,-5.501774311065674,,,,,,
1763596436.268845,,,,,,,1.364565134048462,-0.21369528770446777,0.3477467894554138,2.606297254562378,-4.731850624084473,4.473348140716553
1763596436.274614,-5.574121151560544,4.752600770047307,-2.760837170243263,-2.685673952102661,-2.160710334777832,-5.801855564117432,,,,,,
1763596436.278874,,,,,,,1.424487590789795,-0.255668044090271,0.3967236578464508,3.0035157203674316,-4.743730068206787,4.926081657409668
1763596436.284666,-5.811590183508396,4.8646544930830595,-3.174154059745371,-2.786663055419922,-2.3101437091827393,-6.108728408813477,,,,,,
1763596436.288905,,,,,,,1.4921486377716064,-0.30977964401245117,0.4580172896385193,3.2297635078430176,-4.693569183349609,5.404249668121338
1763596436.294719,-5.994629121610522,5.073035085451602,-3.6358038952618834,-2.8608076572418213,-2.4238948822021484,-6.442296981811523,,,,,,
1763596436.298935,,,,,,,1.576953411102295,-0.37793105840682983,0.5597110986709595,3.168506622314453,-4.668051719665527,5.925896167755127
1763596436.304772,-6.1641498219698665,5.345785274139046,-4.035708053222298,-2.9176619052886963,-2.5041089057922363,-6.805582046508789,,,,,,
1763596436.308965,,,,,,,1.666339635848999,-0.47781360149383545,0.6788032054901123,2.8328464031219482,-4.677992820739746,6.4808430671691895
1763596436.314825,-6.2740592264533035,5.7266468779772515,-4.219378567226231,-2.9606072902679443,-2.584404230117798,-7.203864097595215,,,,,,
1763596436.318996,,,,,,,1.746720552444458,-0.5823361277580261,0.7963696122169495,2.2670693397521973,-4.694692134857178,7.031581878662109
1763596436.324878,-6.290297244548797,6.231359902411699,-4.280521602714061,-2.9915266036987305,-2.721837043762207,-7.651395797729492,,,,,,
1763596436.329026,,,,,,,1.8237359523773193,-0.6599922776222229,0.8886680603027344,1.5153050422668457,-4.675938129425049,7.537108898162842
1763596436.334931,-6.184312320032715,6.809512841588258,-4.252860857850313,-3.0254554748535156,-2.8987271785736084,-8.167369842529297,,,,,,
1763596436.339057,,,,,,,1.925609827041626,-0.6962007284164429,0.984831690788269,0.7695810794830322,-4.693059921264648,8.046111106872559
1763596436.344983,-5.797059553852677,7.696945080426335,-4.278306557013094,-3.0758893489837646,-2.9905917644500732,-8.7381010055542,,,,,,
1763596436.349087,,,,,,,2.033724069595337,-0.6533476710319519,1.114708662033081,-0.023857396095991135,-4.698779106140137,8.443296432495117
1763596436.355036,-4.995338682308793,8.919332911974191,-4.569203812287747,-3.0480432510375977,-2.897620677947998,-9.329888343811035,,,,,,
1763596436.359118,,,,,,,2.153465747833252,-0.508108377456665,1.2727789878845215,-0.8271690607070923,-4.68280029296875,8.754995346069336
1763596436.365089,-3.9679742411673065,10.281217477017641,-4.767506662756205,-2.8399484157562256,-2.8231711387634277,-9.847551345825195,,,,,,
1763596436.369148,,,,,,,2.293142080307007,-0.2938070297241211,1.4317572116851807,-1.5569959878921509,-4.745079040527344,8.988279342651367
1763596436.375142,-2.9232933390438554,11.43293485853672,-4.071026619362831,-2.4923508167266846,-3.1094675064086914,-10.202858924865723,,,,,,
1763596436.379179,,,,,,,2.431445360183716,-0.030762135982513428,1.5662014484405518,-2.223278045654297,-4.89266300201416,9.092069625854492
1763596436.385195,-1.8343208752512932,12.448097405230998,-2.939484595388174,-2.097391128540039,-3.672511100769043,-10.339943885803223,,,,,,
1763596436.38921,,,,,,,2.531130075454712,0.3124997019767761,1.6540545225143433,-2.863490343093872,-5.0540032386779785,9.154943466186523
1763596436.395247,-0.7425351076036691,13.1782073310256,-2.281141244295984,-1.6830602884292603,-4.26743221282959,-10.223464012145996,,,,,,
1763596436.39924,,,,,,,2.5615103244781494,0.6907864212989807,1.6304996013641357,-3.3310506343841553,-5.04978609085083,9.209823608398438
1763596436.4053,0.21870178763568401,13.016091353964805,-2.205757648140192,-1.3027228116989136,-4.7001872062683105,-9.911786079406738,,,,,,
1763596436.409271,,,,,,,2.483736038208008,0.9309036731719971,1.574772596359253,-3.555438280105591,-4.868341445922852,9.078516006469727
1763596436.415353,1.0915379303663968,12.689516636109351,-2.2668412085257468,-1.0819240808486938,-4.876068115234375,-9.515409469604492,,,,,,
1763596436.419301,,,,,,,2.3430826663970947,1.0779221057891846,1.6501035690307617,-4.1979079246521,-4.629368782043457,8.713665008544922
1763596436.425406,2.219741165307164,13.577367977142334,-1.7321932106852531,-1.0327091217041016,-4.726393222808838,-9.0348539352417,,,,,,
1763596436.429331,,,,,,,2.238103151321411,1.294442892074585,1.8354566097259521,-5.334505558013916,-4.422060012817383,8.337566375732422
1763596436.435459,3.370367828980088,14.746224709510802,-1.1695195801913738,-1.0237680673599243,-4.3270039558410645,-8.464945793151855,,,,,,
1763596436.439362,,,,,,,2.1347312927246094,1.4812300205230713,1.9229233264923096,-6.365368366241455,-4.332669734954834,7.827352523803711
1763596436.445511,3.196733848083019,13.288572078061103,-1.240329730951786,-1.07379150390625,-3.9344451427459717,-7.827757358551025,,,,,,
1763596436.449392,,,,,,,1.9182640314102173,1.4580013751983643,1.9379962682724,-6.9890360832214355,-4.3747782707214355,7.216407775878906
1763596436.455564,2.177086264929175,10.474401961559057,-1.1914894199371338,-1.2148642539978027,-3.4579923152923584,-7.173868656158447,,,,,,
1763596436.459423,,,,,,,1.675083875656128,1.3903629779815674,1.9192607402801514,-7.171397686004639,-4.379215717315674,6.701822757720947
1763596436.465617,1.3160516191512346,8.736915905162691,-2.0874422343611716,-1.449928641319275,-2.784938097000122,-6.56947135925293,,,,,,
1763596436.469453,,,,,,,1.4997881650924683,1.4421916007995605,1.734310507774353,-6.560495853424072,-4.417619705200195,6.288325786590576
1763596436.47567,0.8897522062182426,8.850692506468295,-3.3713130008757113,-1.6960699558258057,-1.9916149377822876,-6.187399387359619,,,,,,
1763596436.479483,,,,,,,1.4014002084732056,1.6268869638442993,1.4509105682373047,-5.135570526123047,-4.3582658767700195,6.08883810043335
1763596436.485723,0.6162140820235014,9.688734399193525,-4.205646686732769,-1.9306966066360474,-1.3495830297470093,-6.078152179718018,,,,,,
1763596436.489514,,,,,,,1.3587512969970703,1.8650743961334229,1.1415550708770752,-3.2638423442840576,-4.101961612701416,6.119199275970459
1763596436.495775,0.6501891246005892,10.209018502247332,-4.07126978046894,-2.124401330947876,-1.027206301689148,-6.126355171203613,,,,,,
1763596436.499544,,,,,,,1.2665785551071167,1.9256870746612549,0.9237102270126343,-1.4611550569534302,-3.7422573566436768,6.178671836853027
1763596436.505828,1.0157298251882194,9.665257077494264,-3.309239114278555,-2.2265422344207764,-1.01591157913208,-6.187114715576172,,,,,,
1763596436.509575,,,,,,,1.096322774887085,1.7136709690093994,0.870087742805481,-0.26504939794540405,-3.285130739212036,6.210445880889893
1763596436.515881,1.7215677717745304,8.310688972944021,-2.9311200871467586,-2.2185447216033936,-1.098016381263733,-6.148081302642822,,,,,,
1763596436.519605,,,,,,,0.9301722049713135,1.434480905532837,0.9214425086975098,0.4353025555610657,-2.8319180011749268,6.179030418395996
1763596436.525934,2.884082733900845,7.612754639089107,-3.1422914792776107,-2.0606536865234375,-1.1204068660736084,-5.952521800994873,,,,,,
1763596436.529636,,,,,,,0.799713134765625,1.2859896421432495,0.9691629409790039,0.6706136465072632,-2.4301180839538574,5.9804158210754395
1763596436.535987,3.970426310494542,7.5392247079759835,-3.419764020311832,-1.774239182472229,-1.2090036869049072,-5.587723731994629,,,,,,
1763596436.539666,,,,,,,0.6921477317810059,1.2119547128677368,0.9577267169952393,0.6204322576522827,-2.068652391433716,5.701018333435059
1763596436.546039,4.51002272452265,7.46990801064372,-3.1556559877634047,-1.4094001054763794,-1.4834479093551636,-5.091359615325928,,,,,,
1763596436.549696,,,,,,,0.5949501395225525,1.1144399642944336,0.9010539054870605,0.2854655683040619,-1.732567310333252,5.35062313079834
1763596436.556092,4.481630450513959,7.244078563085198,-2.6359131519794463,-1.0421667098999023,-1.8639321327209473,-4.562954902648926,,,,,,
1763596436.559727,,,,,,,0.5154522657394409,1.0162115097045898,0.8116722106933594,-0.22083355486392975,-1.4262773990631104,4.976250648498535
1763596436.566145,4.278095836871862,6.898496362420916,-2.2954795662499965,-0.7496976852416992,-2.186312198638916,-4.073581695556641,,,,,,
1763596436.569757,,,,,,,0.47059130668640137,0.963509202003479,0.7228691577911377,-0.7648371458053589,-1.1885814666748047,4.620009422302246
1763596436.576198,4.081352783066034,6.407378732618689,-2.2714709141530096,-0.6076934337615967,-2.3324406147003174,-3.6873624324798584,,,,,,
1763596436.579788,,,,,,,0.4466891288757324,0.9786694049835205,0.6329360008239746,-1.2473056316375732,-1.0596519708633423,4.292214870452881
1763596436.586251,3.897387962290644,5.641068781673908,-2.2987938053645194,-0.6470450758934021,-2.287945508956909,-3.4478883743286133,,,,,,
1763596436.589818,,,,,,,0.4216732978820801,1.0287864208221436,0.5309337377548218,-1.5451874732971191,-1.0111256837844849,4.019053936004639
1763596436.596303,3.8006981048643587,4.855826166722178,-2.3036289704360065,-0.7831326127052307,-2.0842106342315674,-3.360370397567749,,,,,,
1763596436.599848,,,,,,,0.37987035512924194,1.0608875751495361,0.47120821475982666,-1.660558819770813,-1.0215773582458496,3.7696194648742676
1763596436.606356,3.7502263932555913,4.128924097058177,-2.4878689548909665,-0.8914157152175903,-1.8563755750656128,-3.3481783866882324,,,,,,
1763596436.609879,,,,,,,0.31435906887054443,1.0484678745269775,0.4765256643295288,-1.7017492055892944,-1.0914058685302734,3.51224946975708
1763596436.616409,3.926637729911506,3.7118607145041227,-2.6208231348752973,-0.9034380316734314,-1.760136365890503,-3.3197364807128906,,,,,,
1763596436.619909,,,,,,,0.22534269094467163,0.9905680418014526,0.5026013851165771,-1.723142385482788,-1.1778377294540405,3.2400715351104736
1763596436.626462,4.250209758819639,3.679341423693299,-2.6102219536229967,-0.7826454639434814,-1.8429789543151855,-3.2309675216674805,,,,,,
1763596436.62994,,,,,,,0.1402018666267395,0.9269908666610718,0.5294240713119507,-1.760367751121521,-1.2263895273208618,2.9775211811065674
1763596436.636515,4.5482536709785455,3.8224861583024263,-2.6469649996086955,-0.544468343257904,-2.069758653640747,-3.0716469287872314,,,,,,
1763596436.63997,,,,,,,0.07599592208862305,0.9065436124801636,0.5342001914978027,-1.828344464302063,-1.246176838874817,2.714556932449341
1763596436.646567,4.665787286730111,3.864951089066267,-2.753666547961533,-0.26473990082740784,-2.3592848777770996,-2.8642489910125732,,,,,,
1763596436.65,,,,,,,0.03480571508407593,0.9126836061477661,0.49806928634643555,-1.881157398223877,-1.244764804840088,2.4485630989074707
1763596436.65662,4.511713454088569,3.675104224514961,-2.824689464689791,-0.038957759737968445,-2.629814863204956,-2.613246440887451,,,,,,
1763596436.660031,,,,,,,0.010269343852996826,0.9227568507194519,0.4401569366455078,-1.957718849182129,-1.2485119104385376,2.178293466567993
1763596436.666673,4.358606420652568,3.377365140521526,-2.7481358018413182,0.06876577436923981,-2.8013930320739746,-2.339240312576294,,,,,,
1763596436.670061,,,,,,,-0.010897576808929443,0.921269416809082,0.37700462341308594,-2.1174511909484863,-1.2139261960983276,1.8828284740447998
1763596436.676726,4.339446669891476,3.1206758597970006,-2.6442022568970915,0.093547023832798,-2.7946348190307617,-2.083672046661377,,,,,,
1763596436.680092,,,,,,,-0.029041826725006104,0.8797661066055298,0.34584081172943115,-2.302415370941162,-1.1961325407028198,1.5948320627212524
1763596436.686779,4.45337290880084,2.8611995787024496,-2.778979560655355,0.10122526437044144,-2.6594057083129883,-1.8398445844650269,,,,,,
1763596436.690122,,,,,,,-0.04580199718475342,0.8100246787071228,0.36692678928375244,-2.4626591205596924,-1.2668213844299316,1.2942746877670288
1763596436.696831,4.553356254814565,2.5582798772007225,-2.9242300353720783,0.14790433645248413,-2.5009267330169678,-1.5839039087295532,,,,,,
1763596436.700152,,,,,,,-0.08525890111923218,0.7808189392089844,0.4097940921783447,-2.605441093444824,-1.3055161237716675,1.0029854774475098
1763596436.706884,4.426800251434743,2.259061368304491,-2.842291464614868,0.2425381988286972,-2.414257049560547,-1.3124078512191772,,,,,,
1763596436.710183,,,,,,,-0.13081037998199463,0.8169481754302979,0.44378477334976196,-2.742478847503662,-1.3061126470565796,0.7418636083602905
1763596436.716937,3.9966882944762703,1.9085399576723574,-2.614646492066979,0.3485479950904846,-2.4090240001678467,-1.0276155471801758,,,,,,
1763596436.720213,,,,,,,-0.17569494247436523,0.8567203879356384,0.46353524923324585,-2.811866521835327,-1.2462003231048584,0.5005103349685669
1763596436.72699,3.395825510841608,1.6885452076166867,-2.4720655288204547,0.44114768505096436,-2.3850009441375732,-0.7490013837814331,,,,,,
1763596436.730244,,,,,,,-0.210099458694458,0.8602815270423889,0.4632255434989929,-2.8193135261535645,-1.1057329177856445,0.25492721796035767
1763596436.737043,2.772997271375358,1.6778607319951055,-2.4429385107964277,0.4919232428073883,-2.2640440464019775,-0.512381911277771,,,,,,
1763596436.740274,,,,,,,-0.21374422311782837,0.8431376218795776,0.4467756748199463,-2.764810085296631,-0.9732340574264526,0.022073479369282722
1763596436.747095,2.3319471562951803,1.8744827897697687,-2.469694708035886,0.49701178073883057,-2.045548677444458,-0.3238343298435211,,,,,,
1763596436.750305,,,,,,,-0.1856117844581604,0.8226305246353149,0.42873281240463257,-2.6492371559143066,-0.9156083464622498,-0.16691209375858307
1763596436.757148,2.055548089711368,2.0284207210719583,-2.5876664229437707,0.4846789538860321,-1.778618574142456,-0.174588143825531,,,,,,
1763596436.760335,,,,,,,-0.15984249114990234,0.8053423166275024,0.4187764525413513,-2.475189685821533,-0.911342978477478,-0.31814420223236084
1763596436.767201,1.969485717022419,1.9795640434443948,-2.7160823749765752,0.48137325048446655,-1.5284969806671143,-0.04140881448984146,,,,,,
1763596436.770365,,,,,,,-0.15620499849319458,0.7942906618118286,0.41590285301208496,-2.2630350589752197,-0.8806918859481812,-0.4128725230693817
1763596436.777254,2.0700965472847224,1.898015056526661,-2.743069166101515,0.49876075983047485,-1.3193554878234863,0.10024978220462799,,,,,,
1763596436.780396,,,,,,,-0.16512709856033325,0.7839287519454956,0.42756593227386475,-2.038731098175049,-0.7937932014465332,-0.4645301103591919
1763596436.787306,2.2858023679748176,1.8891589653760195,-2.7755788123011587,0.543995201587677,-1.148439884185791,0.2577357888221741,,,,,,
1763596436.790426,,,,,,,-0.17515558004379272,0.754939079284668,0.44569599628448486,-1.7950993776321411,-0.6810488104820251,-0.49105608463287354
1763596436.797359,2.4843568551167845,1.8708119923025368,-2.8283322051063178,0.6163054704666138,-1.0009194612503052,0.4281001687049866,,,,,,
1763596436.800457,,,,,,,-0.1770641803741455,0.7069866061210632,0.45104068517684937,-1.5254902839660645,-0.5827592611312866,-0.5241820812225342
1763596436.807412,2.6014739990219473,1.834690293085575,-2.8526915703371167,0.6926212906837463,-0.8763101696968079,0.5986780524253845,,,,,,
1763596436.810487,,,,,,,-0.171076238155365,0.6529080867767334,0.43711304664611816,-1.230991005897522,-0.5004151463508606,-0.5576953887939453
1763596436.817465,2.629702022379637,1.8524106586933136,-2.8053488044038413,0.754924476146698,-0.7707769870758057,0.7573718428611755,,,,,,
1763596436.820517,,,,,,,-0.16541361808776855,0.6005038022994995,0.41114097833633423,-0.9676956534385681,-0.41564804315567017,-0.5866827964782715
1763596436.827518,2.6246000230655073,1.837320057067275,-2.7337358128279448,0.820958137512207,-0.6721135377883911,0.8770372867584229,,,,,,
1763596436.830548,,,,,,,-0.15997469425201416,0.5502047538757324,0.37936466932296753,-0.7846969366073608,-0.3055202066898346,-0.6252354979515076
1763596436.83757,2.591619544483721,1.7082406726896762,-2.674164556701481,0.9016596674919128,-0.6138230562210083,0.9567438960075378,,,,,,
1763596436.840578,,,,,,,-0.1496220827102661,0.49773573875427246,0.3593609929084778,-0.6544952392578125,-0.1658475250005722,-0.6713612079620361
1763596436.847623,2.5898212628901005,1.4880138674438,-2.556421389852464,1.0202044248580933,-0.6211363673210144,1.0239324569702148,,,,,,
1763596436.850609,,,,,,,-0.13421112298965454,0.4497021734714508,0.33670878410339355,-0.532482922077179,-0.03476140648126602,-0.7212944030761719
1763596436.857676,2.4544889555975793,1.180073122909665,-2.3485081227347253,1.1666284799575806,-0.7018783688545227,1.100907564163208,,,,,,
1763596436.860639,,,,,,,-0.11773532629013062,0.4142259657382965,0.31244391202926636,-0.3932720422744751,0.0883629247546196,-0.7883802056312561
1763596436.867729,2.1783424024701117,0.9016244303196668,-2.0397075465008614,1.321168303489685,-0.8161327838897705,1.1937733888626099,,,,,,
1763596436.870669,,,,,,,-0.1029251217842102,0.38440364599227905,0.28799188137054443,-0.26207253336906433,0.2339898943901062,-0.8458598852157593
1763596436.877782,1.7247493244200944,0.7170961304426193,-1.7115809230282901,1.440611481666565,-0.8939226865768433,1.2768808603286743,,,,,,
1763596436.8807,,,,,,,-0.08801716566085815,0.3513925075531006,0.25983738899230957,-0.12288614362478256,0.4090573191642761,-0.8976764678955078
1763596436.887834,1.169500583229959,0.598448708230257,-1.445493114839494,1.4956557750701904,-0.8759682178497314,1.3421213626861572,,,,,,
1763596436.89073,,,,,,,-0.06722444295883179,0.3178061246871948,0.2366458773612976,0.011902089230716228,0.5892502665519714,-0.9834942817687988
1763596436.897887,0.6145251060232519,0.537612254473567,-1.1514476246669887,1.4631596803665161,-0.7440168261528015,1.3744471073150635,,,,,,
1763596436.900761,,,,,,,-0.04037433862686157,0.2887672483921051,0.21229243278503418,0.10144475847482681,0.7516383528709412,-1.0878654718399048
1763596436.90794,0.16601970650106668,0.4962982473105192,-0.9008227585479617,1.3634346723556519,-0.5130168795585632,1.3757745027542114,,,,,,
1763596436.910791,,,,,,,-0.007041811943054199,0.25518798828125,0.17981749773025513,0.22292351722717285,0.8750708103179932,-1.178647756576538
1763596436.917993,-0.22098609918057918,0.5038303963810206,-0.7401528886422515,1.2314897775650024,-0.22353358566761017,1.363508701324463,,,,,,
1763596436.920821,,,,,,,0.026156723499298096,0.2191041260957718,0.1638292670249939,0.35706424713134766,0.9747971296310425,-1.2563835382461548
1763596436.928046,-0.42085970609709616,0.5404705665141344,-0.6661956720277666,1.1021437644958496,0.07211616635322571,1.3664368391036987,,,,,,
1763596436.930852,,,,,,,0.046749234199523926,0.1900128871202469,0.17098701000213623,0.4503404200077057,1.0661870241165161,-1.3670635223388672
1763596436.938098,-0.5778856665425002,0.6034598143905401,-0.6569571574307977,0.9966135621070862,0.32435259222984314,1.3778538703918457,,,,,,
1763596436.940882,,,,,,,0.0657813549041748,0.16310130059719086,0.17276233434677124,0.5800440907478333,1.1845307350158691,-1.437333106994629
1763596436.948151,-0.7886174982123076,0.7363233934819697,-0.5960805177941918,0.9186617732048035,0.5221766829490662,1.395984172821045,,,,,,
1763596436.950913,,,,,,,0.10475265979766846,0.14376844465732574,0.16354936361312866,0.7514827251434326,1.2296198606491089,-1.4529776573181152
1763596436.958204,-0.9051528967067599,0.866787510216236,-0.5321183332324028,0.8674896955490112,0.6914411187171936,1.4154547452926636,,,,,,
1763596436.960943,,,,,,,0.12887924909591675,0.1458435356616974,0.1539575457572937,0.9205567836761475,1.2126768827438354,-1.489666223526001
1763596436.968257,-0.9128044343732297,0.9334294353812932,-0.49480245579481125,0.8322631120681763,0.8284232020378113,1.4300605058670044,,,,,,
1763596436.970974,,,,,,,0.133367121219635,0.15117990970611572,0.13034206628799438,1.0933244228363037,1.2098618745803833,-1.5162923336029053
1763596436.97831,-0.8208218778550624,0.8704641529023647,-0.40700580665916203,0.7854582667350769,0.9228277206420898,1.442065954208374,,,,,,
1763596436.981004,,,,,,,0.1226266622543335,0.14900708198547363,0.10245198011398315,1.2518141269683838,1.2141059637069702,-1.5542151927947998
1763596436.988362,-0.6962253379799426,0.7166226677119731,-0.2882746516861021,0.7402748465538025,0.987819492816925,1.4475524425506592,,,,,,
1763596436.991034,,,,,,,0.11713755130767822,0.1322508454322815,0.07251709699630737,1.4128828048706055,1.2348148822784424,-1.528792381286621
1763596436.998415,-0.5512434510715305,0.5421387919872999,-0.23808394897580146,0.7027397155761719,1.0313161611557007,1.4478094577789307,,,,,,
1763596437.001065,,,,,,,0.13172101974487305,0.09771141409873962,0.05120396614074707,1.5730154514312744,1.2055835723876953,-1.4694979190826416
1763596437.008468,-0.3543162728704512,0.4669090712189674,-0.18213585178256034,0.6756457686424255,1.0641010999679565,1.4514119625091553,,,,,,
1763596437.011095,,,,,,,0.1399814486503601,0.057204604148864746,0.04008913040161133,1.7090448141098022,1.1421774625778198,-1.452878713607788
1763596437.018521,-0.16083938125371933,0.4363923524022102,-0.07918357296064496,0.6614553332328796,1.0976619720458984,1.4509986639022827,,,,,,
1763596437.021126,,,,,,,0.139259934425354,0.01801791787147522,0.033481597900390625,1.8277767896652222,1.0693788528442383,-1.4370135068893433
1763596437.028574,-0.03144830057844519,0.4102233074009418,0.09603738486692309,0.6398577690124512,1.116471529006958,1.4492937326431274,,,,,,
1763596437.031156,,,,,,,0.1321919560432434,-0.012354791164398193,0.020955203101038933,1.9148253202438354,0.9986708164215088,-1.403069019317627
1763596437.038626,0.012560790887475012,0.3242658563911915,0.28773659928664563,0.6051221489906311,1.1200140714645386,1.4387153387069702,,,,,,
1763596437.041186,,,,,,,0.11536413431167603,-0.03537443280220032,0.005936501547694206,1.9775606393814087,0.9382332563400269,-1.3626512289047241
1763596437.048679,-0.04399791248477995,0.15783727682828902,0.4331925334475934,0.5525568127632141,1.1103930473327637,1.4136569499969482,,,,,,
1763596437.051217,,,,,,,0.10285139083862305,-0.05983880162239075,-0.010406255722045898,2.0170111656188965,0.9057033061981201,-1.3110623359680176
1763596437.058732,-0.14095138928331433,-0.013010872742533684,0.530189410996437,0.49193817377090454,1.0957310199737549,1.3663935661315918,,,,,,
1763596437.061247,,,,,,,0.10305529832839966,-0.08714598417282104,-0.03441643714904785,2.027103900909424,0.8783451914787292,-1.2499408721923828
1763596437.068785,-0.26185115699972955,-0.06531155334413051,0.5367138443291187,0.43044692277908325,1.0787324905395508,1.2926666736602783,,,,,,
1763596437.071278,,,,,,,0.11607080698013306,-0.11665326356887817,-0.04599356651306152,2.008599281311035,0.8337731957435608,-1.1799445152282715
1763596437.078838,-0.36306572530884296,-0.030257191097736356,0.5760486603736877,0.3777485489845276,1.0688992738723755,1.1954400539398193,,,,,,
1763596437.081308,,,,,,,0.13011789321899414,-0.145782470703125,-0.04819536209106445,1.9586509466171265,0.7661446332931519,-1.108503818511963
1763596437.08889,-0.4120482943383977,0.10460545285642146,0.6208474409125745,0.3511849641799927,1.0747824907302856,1.0865556001663208,,,,,,
1763596437.091338,,,,,,,0.13772529363632202,-0.1691727340221405,-0.04097747430205345,1.8821972608566284,0.679916501045227,-1.0434792041778564
1763596437.098943,-0.450086019777134,0.23366496348977087,0.7336720021903514,0.3300096392631531,1.065867304801941,0.9839593768119812,,,,,,
1763596437.101369,,,,,,,0.12643980979919434,-0.18752476572990417,-0.030763745307922363,1.7705940008163452,0.5970399975776672,-0.9791513681411743
1763596437.108996,-0.47493623726479706,0.2268751572191715,0.9179716078780591,0.29915496706962585,1.0328764915466309,0.894833505153656,,,,,,
1763596437.111399,,,,,,,0.10471075773239136,-0.20579808950424194,-0.030303122475743294,1.656599521636963,0.5491803288459778,-0.8989303112030029
1763596437.119049,-0.5096764920607209,0.15901742652356624,1.0010508731029928,0.26626598834991455,0.9980698823928833,0.8168318867683411,,,,,,
1763596437.12143,,,,,,,0.08458584547042847,-0.22324836254119873,-0.04297947883605957,1.545336127281189,0.5163496732711792,-0.8057191371917725
1763596437.129102,-0.5120855990290641,0.06548807895481586,0.97360771651268,0.2346375435590744,0.978615939617157,0.7457586526870728,,,,,,
1763596437.13146,,,,,,,0.06705033779144287,-0.23230156302452087,-0.053653597831726074,1.4356317520141602,0.47249141335487366,-0.7120213508605957
