timestamp,phone_accel_x,phone_accel_y,phone_accel_z,phone_gyro_x,phone_gyro_y,phone_gyro_z,watch_accel_x,watch_accel_y,watch_accel_z,watch_gyro_x,watch_gyro_y,watch_gyro_z
1764809249.940749,-0.9284668445378541,0.5688572875648736,0.2774228566735983,0.940578281879425,-0.2858484089374542,0.19522063434123993,,,,,,
1764809249.9489,,,,,,,0.05521082878112793,0.0788896381855011,-0.021055102348327637,-0.2713579833507538,0.916907548904419,0.04035060480237007
1764809249.950801,-0.6770508280411363,0.6614227585375309,0.21676994279026984,0.9534499645233154,-0.23765887320041656,0.2128324657678604,,,,,,
1764809249.95893,,,,,,,0.040596187114715576,0.059136390686035156,-0.015263557434082031,-0.301787793636322,0.943272590637207,0.00951126404106617
1764809249.960853,-0.6880000920787454,0.46324587253630156,0.4043380487546325,0.9759393334388733,-0.20724079012870789,0.2450047880411148,,,,,,
1764809249.968961,,,,,,,0.029472172260284424,0.04783296585083008,-0.01741790771484375,-0.2968393862247467,0.9665275812149048,-0.02755194902420044
1764809249.970905,-0.6512386336535215,0.245309808576107,0.6384755981922149,1.000874638557434,-0.15030546486377716,0.27819573879241943,,,,,,
1764809249.978992,,,,,,,0.01405411958694458,0.04820850491523743,-0.04651761054992676,-0.1742936372756958,0.9951967597007751,-0.07997694611549377
1764809249.980958,-0.7272016371324658,0.09489420618116855,0.7675669652685523,1.0339887142181396,-0.044446948915719986,0.3045905828475952,,,,,,
1764809249.989022,,,,,,,-0.003251373767852783,0.0522674024105072,-0.10010302066802979,0.047471784055233,1.0145491361618042,-0.0760572999715805
1764809249.99101,-1.0004662050828337,-0.051553077104687685,1.0126257216930388,1.0562752485275269,0.1067570298910141,0.3214120864868164,,,,,,
1764809249.999051,,,,,,,-0.018008947372436523,0.06209394335746765,-0.1706143021583557,0.299946129322052,1.0628783702850342,-0.04557662084698677
1764809250.001062,-1.3871601683363317,-0.23668986426889896,1.1776385892391203,1.0238474607467651,0.2379360944032669,0.3334573209285736,,,,,,
1764809250.009083,,,,,,,-0.016656219959259033,0.06692630052566528,-0.20573794841766357,0.5780869126319885,1.128879189491272,-0.02986370399594307
1764809250.011115,-1.7298375874698162,-0.46746845866739745,1.2511752423539757,0.9569460153579712,0.3661828637123108,0.3551199436187744,,,,,,
1764809250.019112,,,,,,,0.014522373676300049,0.06693622469902039,-0.22244203090667725,0.8351243138313293,1.1606775522232056,-0.0072399526834487915
1764809250.021167,-1.6367638747140765,-0.6070768358439207,1.2761144532993436,0.8890977501869202,0.5032320618629456,0.3627411127090454,,,,,,
1764809250.029142,,,,,,,0.05181795358657837,0.04868191480636597,-0.22417104244232178,1.0791831016540527,1.1173676252365112,0.02916599251329899
1764809250.031219,-1.3282730950817465,-0.5841910502970218,1.1952230535075068,0.8403679728507996,0.6294603943824768,0.3483668267726898,,,,,,
1764809250.039172,,,,,,,0.0691414475440979,0.011871308088302612,-0.2164120078086853,1.2618441581726074,1.0378658771514893,0.07189907133579254
1764809250.041272,-1.0183908610910177,-0.46526071949005127,1.1377400018319488,0.8134695291519165,0.7130173444747925,0.3126772940158844,,,,,,
1764809250.049202,,,,,,,0.06495898962020874,-0.028648287057876587,-0.19681692123413086,1.338030457496643,0.9783133864402771,0.1150587946176529
1764809250.051324,-0.7394833188176154,-0.25063831012248994,1.1227809176310897,0.7935613393783569,0.7346661686897278,0.26266124844551086,,,,,,
1764809250.059233,,,,,,,0.055161476135253906,-0.06305104494094849,-0.17068856954574585,1.3382070064544678,0.9383209347724915,0.14784842729568481
1764809250.061376,-0.4458592689275741,-0.04249357233643532,1.088005080065131,0.7752320766448975,0.6937315464019775,0.21779799461364746,,,,,,
1764809250.069263,,,,,,,0.05404466390609741,-0.0828864574432373,-0.15546268224716187,1.2666248083114624,0.8969705700874329,0.17102113366127014
1764809250.071429,-0.09819266320466995,0.06868599821329116,1.1396560645863414,0.7462280988693237,0.6047551035881042,0.17425647377967834,,,,,,
1764809250.079293,,,,,,,0.06841343641281128,-0.08915209770202637,-0.15253490209579468,1.1366039514541626,0.8351080417633057,0.19859975576400757
1764809250.081481,0.2194666345283389,0.1023380924463272,1.1084154154092072,0.7105965614318848,0.4825535714626312,0.13406750559806824,,,,,,
1764809250.089324,,,,,,,0.08422654867172241,-0.10022106766700745,-0.1583336591720581,0.9849966168403625,0.7380616068840027,0.2156543731689453
1764809250.091533,0.4693824755951762,0.05921148290336132,1.0525506125852464,0.6707143187522888,0.33582451939582825,0.09145145863294601,,,,,,
1764809250.099354,,,,,,,0.09896481037139893,-0.11259603500366211,-0.1684635877609253,0.7801513075828552,0.6515275239944458,0.23656392097473145
1764809250.101585,0.6039283086851239,0.044975452280044556,1.031948554061353,0.6233119368553162,0.17851637303829193,0.049522388726472855,,,,,,
1764809250.109385,,,,,,,0.10808545351028442,-0.12751099467277527,-0.1628657579421997,0.5348853468894958,0.5769246816635132,0.2567959427833557
1764809250.111638,0.578099455423653,0.047698155242204665,1.014921431414783,0.5704217553138733,0.009376132860779762,0.004007983021438122,,,,,,
1764809250.119414,,,,,,,0.10385411977767944,-0.13997367024421692,-0.1493416428565979,0.25652700662612915,0.4878848195075989,0.26212993264198303
1764809250.12169,0.4401519971966743,0.09225742793679237,1.0321496295914054,0.5270700454711914,-0.1430099457502365,-0.03967424854636192,,,,,,
1764809250.129444,,,,,,,0.09034031629562378,-0.13814255595207214,-0.1365445852279663,-0.034814175218343735,0.4158979654312134,0.2488185316324234
1764809250.131742,0.30623686322569843,0.13166004852056504,1.059875548645854,0.49420443177223206,-0.2705956995487213,-0.07586629688739777,,,,,,
1764809250.139474,,,,,,,0.0719602108001709,-0.12256938219070435,-0.12588226795196533,-0.2903120219707489,0.3781721591949463,0.23331692814826965
1764809250.141795,0.16112433567494153,0.16405658973455428,1.0210711862161754,0.4704431891441345,-0.3723750412464142,-0.10474321991205215,,,,,,
1764809250.149504,,,,,,,0.05632007122039795,-0.09686523675918579,-0.12202072143554688,-0.4579441547393799,0.3598027229309082,0.22730296850204468
1764809250.151847,0.0037897476717829704,0.11076748261749744,1.0019833316475153,0.4558108448982239,-0.438213050365448,-0.12659314274787903,,,,,,
1764809250.159535,,,,,,,0.04535490274429321,-0.060399144887924194,-0.12225735187530518,-0.5266825556755066,0.3425198793411255,0.22591674327850342
1764809250.161899,-0.16464724910408257,0.05967150163054466,0.9552041909463703,0.42940452694892883,-0.46960774064064026,-0.14088580012321472,,,,,,
1764809250.169565,,,,,,,0.04257345199584961,-0.017537742853164673,-0.12594687938690186,-0.529938280582428,0.3251773715019226,0.21462172269821167
1764809250.171952,-0.31599516391307114,0.03531856614053249,0.9107622610211372,0.40077659487724304,-0.4702051281929016,-0.1393420696258545,,,,,,
1764809250.179595,,,,,,,0.054264605045318604,0.01605910062789917,-0.1359424591064453,-0.4911034107208252,0.3090444803237915,0.20502430200576782
1764809250.182004,-0.3799824829161167,0.10599544591009616,0.8980791589282453,0.37408000230789185,-0.45185622572898865,-0.12903857231140137,,,,,,
1764809250.189626,,,,,,,0.06506955623626709,0.03220999240875244,-0.14447057247161865,-0.4047541320323944,0.2846275568008423,0.20780277252197266
1764809250.192056,-0.5389844196096062,0.18159107738137245,0.8406802784048021,0.34479856491088867,-0.4192206561565399,-0.11103343963623047,,,,,,
1764809250.199656,,,,,,,0.06459516286849976,0.03734952211380005,-0.14757227897644043,-0.3210110664367676,0.24802932143211365,0.212539941072464
1764809250.202109,-0.7541808294728398,0.16736206102073192,0.8043931594930589,0.32220906019210815,-0.36638593673706055,-0.09448935091495514,,,,,,
1764809250.209687,,,,,,,0.051246702671051025,0.0358487069606781,-0.14280402660369873,-0.24357566237449646,0.22385235130786896,0.1973913460969925
1764809250.212161,-0.949194867528975,0.08933423396646976,0.7842170712962746,0.3026067018508911,-0.28603410720825195,-0.07797698676586151,,,,,,
1764809250.219717,,,,,,,0.02882903814315796,0.030058175325393677,-0.13282155990600586,-0.19139288365840912,0.22359615564346313,0.1735960692167282
1764809250.222213,-1.057538922391832,-0.006710311293601989,0.7289584176719188,0.27885130047798157,-0.1908830851316452,-0.05899743735790253,,,,,,
1764809250.229746,,,,,,,0.014106392860412598,0.02579808235168457,-0.12724268436431885,-0.16515302658081055,0.23712261021137238,0.1354215145111084
1764809250.232265,-1.1466270726427434,-0.0840302823394537,0.6834250392481684,0.2577400803565979,-0.10292742401361465,-0.03978036344051361,,,,,,
1764809250.239776,,,,,,,0.01047515869140625,0.017907410860061646,-0.11415791511535645,-0.13546942174434662,0.24845276772975922,0.10290633141994476
1764809250.242318,-1.1542939540088175,-0.12584639380574225,0.6436313735201954,0.24536891281604767,-0.03430042415857315,-0.01925697736442089,,,,,,
1764809250.249807,,,,,,,0.013386845588684082,0.01327863335609436,-0.10512137413024902,-0.1019388809800148,0.2479880452156067,0.07534846663475037
1764809250.25237,-1.0851093586236238,-0.09093407037854194,0.6662874419644474,0.2346065491437912,0.016513753682374954,0.0032991969492286444,,,,,,
1764809250.259837,,,,,,,0.016073286533355713,0.013215184211730957,-0.09702897071838379,-0.0792645737528801,0.241896852850914,0.04479927942156792
1764809250.262422,-0.9610165304869412,-0.03493862691223621,0.6490791175320744,0.22525671124458313,0.042343754321336746,0.026829557493329048,,,,,,
1764809250.269867,,,,,,,0.018769681453704834,0.013186424970626831,-0.08835911005735397,-0.053312599658966064,0.2369910478591919,0.02212698943912983
1764809250.272475,-0.7642033340543508,0.027045243313908576,0.595914221316576,0.21586613357067108,0.055747054517269135,0.042962487787008286,,,,,,
1764809250.279897,,,,,,,0.02323836088180542,0.014336049556732178,-0.08045648783445358,-0.008041517809033394,0.23435717821121216,0.009555072523653507
1764809250.282527,-0.6218447813868522,0.051094811943173404,0.5384942980051041,0.20439723134040833,0.07533460110425949,0.053552016615867615,,,,,,
1764809250.289927,,,,,,,0.029682695865631104,0.01748707890510559,-0.07707667350769043,0.033279821276664734,0.22732989490032196,-0.002790809376165271
1764809250.292579,-0.4713420852303505,0.09859364522099494,0.46720045538097615,0.1906617283821106,0.09417206048965454,0.059066589921712875,,,,,,
1764809250.299958,,,,,,,0.03897082805633545,0.015450537204742432,-0.07382607460021973,0.07367278635501862,0.2139134258031845,-0.012317469343543053
1764809250.302632,-0.36522009033113717,0.15749883865416048,0.3636734454110265,0.1787310242652893,0.10059294104576111,0.06405574828386307,,,,,,
1764809250.309988,,,,,,,0.044087111949920654,0.006769388914108276,-0.06787335872650146,0.09934645891189575,0.19411681592464447,-0.013749450445175171
1764809250.312684,-0.3018044337362051,0.2021189016252756,0.29784400567263364,0.16574785113334656,0.08935440331697464,0.06736472994089127,,,,,,
1764809250.320019,,,,,,,0.0409662127494812,-0.004690498113632202,-0.06356155127286911,0.08847754448652267,0.17296306788921356,-0.01966632902622223
1764809250.322736,-0.23012276083827019,0.22379648042619227,0.2988306786224246,0.15026769042015076,0.06773646175861359,0.06850615888834,,,,,,
1764809250.330049,,,,,,,0.038417041301727295,-0.01736694574356079,-0.060602784156799316,0.05269504711031914,0.15803205966949463,-0.03417416289448738
1764809250.332789,-0.1300093587040901,0.20079086789190767,0.3002572042942047,0.1304914653301239,0.017636233940720558,0.06727838516235352,,,,,,
1764809250.340078,,,,,,,0.035459697246551514,-0.02973756194114685,-0.05650950223207474,-0.0015612476272508502,0.14878129959106445,-0.04431960731744766
1764809250.342841,-0.036085166598856445,0.12912848421633244,0.30460590102300045,0.10912039875984192,-0.041831087321043015,0.06237363815307617,,,,,,
1764809250.350109,,,,,,,0.03509247303009033,-0.03315919637680054,-0.058572180569171906,-0.06317054480314255,0.1311889886856079,-0.0572601743042469
1764809250.352893,0.05544423932433128,0.08249883498847484,0.3117193862900138,0.08679401874542236,-0.11361429840326309,0.05472429096698761,,,,,,
1764809250.360139,,,,,,,0.03502541780471802,-0.029580265283584595,-0.06200491636991501,-0.12616600096225739,0.10642079263925552,-0.06750375777482986
1764809250.362945,0.12319792512357235,0.044109190839529036,0.30296821681857106,0.06005454808473587,-0.19857552647590637,0.050668030977249146,,,,,,
1764809250.370169,,,,,,,0.03267824649810791,-0.029589563608169556,-0.06184554100036621,-0.17544406652450562,0.0775180384516716,-0.06958501785993576
1764809250.372998,0.1306573012188077,0.03110182522833347,0.2514440735474229,0.036304209381341934,-0.2824230194091797,0.05038493499159813,,,,,,
1764809250.380199,,,,,,,0.028546154499053955,-0.028982460498809814,-0.056124575436115265,-0.21232132613658905,0.04562322422862053,-0.07275605201721191
1764809250.38305,0.1072878238081932,-0.005143208107352256,0.1963407566152513,0.0180509053170681,-0.3477615416049957,0.05057934671640396,,,,,,
1764809250.39023,,,,,,,0.018966197967529297,-0.028423219919204712,-0.05235780030488968,-0.24518339335918427,0.016516469419002533,-0.0780770480632782
1764809250.393102,0.018091537007689475,-0.04212473902404308,0.1980547209262848,0.002396056894212961,-0.38748833537101746,0.04711000621318817,,,,,,
1764809250.40026,,,,,,,0.011799275875091553,-0.029162883758544922,-0.050630927085876465,-0.2688924968242645,-0.0025235339999198914,-0.08494367450475693
1764809250.403155,-0.09788345112502575,-0.08928045795261859,0.14244666934236883,-0.012997014448046684,-0.40717628598213196,0.04296959191560745,,,,,,
1764809250.41029,,,,,,,0.0025879740715026855,-0.031075090169906616,-0.04664837568998337,-0.2840019464492798,-0.02002396434545517,-0.08247971534729004
1764809250.413207,-0.25622020190805195,-0.13948796566724778,0.06257409120425582,-0.027940012514591217,-0.40847378969192505,0.029484141618013382,,,,,,
1764809250.420321,,,,,,,-0.0004863142967224121,-0.03474155068397522,-0.04322099685668945,-0.29742032289505005,-0.033711545169353485,-0.08262678980827332
1764809250.423259,-0.3831973533093929,-0.1907563806116581,0.04588832934126258,-0.04457171633839607,-0.38987958431243896,0.013622620142996311,,,,,,
1764809250.430351,,,,,,,0.002296268939971924,-0.037600696086883545,-0.037565819919109344,-0.31265386939048767,-0.03897501900792122,-0.07939025014638901
1764809250.433312,-0.41416532302498815,-0.15658815355002878,0.021567688685655593,-0.057626865804195404,-0.3560066521167755,-0.0029256076086312532,,,,,,
1764809250.440382,,,,,,,0.00950556993484497,-0.040640294551849365,-0.03061056137084961,-0.32486486434936523,-0.05667624995112419,-0.06487681716680527
1764809250.443364,-0.36243367448300123,-0.08831073613762855,-0.02748670347109437,-0.05681833252310753,-0.3204995393753052,-0.01938713900744915,,,,,,
1764809250.450412,,,,,,,0.009870648384094238,-0.04233241081237793,-0.02549184113740921,-0.3168000280857086,-0.07832375913858414,-0.04539899155497551
1764809250.453416,-0.27888182331025596,0.006678747111558914,-0.03738587393388152,-0.04584931582212448,-0.28916171193122864,-0.03549523651599884,,,,,,
1764809250.460442,,,,,,,-9.113550186157227e-05,-0.03746548295021057,-0.015278823673725128,-0.30343097448349,-0.08432359248399734,-0.024513017386198044
1764809250.463469,-0.2207432303354144,0.05880231758058071,-0.016112930411100387,-0.035451531410217285,-0.2593132555484772,-0.04661659523844719,,,,,,
1764809250.470472,,,,,,,-0.006921648979187012,-0.02817845344543457,-0.009925976395606995,-0.2850612699985504,-0.06877073645591736,0.0028006306383758783
1764809250.473521,-0.18567016338855027,0.08565992936789989,0.03712736912816763,-0.021247079595923424,-0.22777894139289856,-0.055596575140953064,,,,,,
1764809250.480502,,,,,,,-0.005891740322113037,-0.02164703607559204,-0.010948188602924347,-0.25074294209480286,-0.05788319557905197,0.035964444279670715
1764809250.483573,-0.15556903963536023,0.05645253958404064,0.1122037990309298,-0.008386941626667976,-0.193024143576622,-0.0660121962428093,,,,,,
1764809250.490533,,,,,,,-0.008629262447357178,-0.01571279764175415,-0.013591647148132324,-0.19981954991817474,-0.055732958018779755,0.06011079251766205
1764809250.493626,-0.16464695684313774,-0.0022837270230054853,0.14768515451774,0.0003956907894462347,-0.16051970422267914,-0.07272706180810928,,,,,,
1764809250.500563,,,,,,,-0.01220393180847168,-0.008846938610076904,-0.01871168613433838,-0.1425238698720932,-0.039973970502614975,0.07693271338939667
1764809250.503678,-0.21822160290330647,-0.09191489810943602,0.1644610788822174,0.00025960314087569714,-0.13372884690761566,-0.08251790702342987,,,,,,
1764809250.510593,,,,,,,-0.014005839824676514,-0.0016677677631378174,-0.019907355308532715,-0.08199235051870346,-0.006204554811120033,0.09567683935165405
1764809250.51373,-0.2700496975570917,-0.13055354858338833,0.16395955910086632,-0.004527537152171135,-0.09974843263626099,-0.08612712472677231,,,,,,
1764809250.520623,,,,,,,-0.0070615410804748535,0.004643946886062622,-0.017729759216308594,-0.021058404818177223,0.020186573266983032,0.11372441798448563
1764809250.523782,-0.29209377158284183,-0.08050736891031265,0.15122297325506806,-0.0073867067694664,-0.05794825032353401,-0.09033598005771637,,,,,,
1764809250.530653,,,,,,,0.004970371723175049,0.005647808313369751,-0.014514930546283722,0.03432522714138031,0.024157878011465073,0.12696565687656403
1764809250.533835,-0.2960805031314492,0.024440029251575467,0.1199146656692028,0.0016503171063959599,-0.00660672364756465,-0.09426195174455643,,,,,,
1764809250.540684,,,,,,,0.012059926986694336,0.00511738657951355,-0.012137174606323242,0.080570749938488,0.02041001245379448,0.13718527555465698
1764809250.543887,-0.27440643146187066,0.12047346859574318,0.08050254660472274,0.013505645096302032,0.040101394057273865,-0.09273702651262283,,,,,,
1764809250.550714,,,,,,,0.011237859725952148,0.004767328500747681,-0.011893518269062042,0.11946302652359009,0.023756805807352066,0.1507681906223297
1764809250.553939,-0.24940584571808574,0.18281039004325866,0.039636575470119714,0.024089183658361435,0.07105381786823273,-0.09271015226840973,,,,,,
1764809250.560744,,,,,,,0.006633579730987549,0.006606727838516235,-0.011217229068279266,0.14840686321258545,0.034834492951631546,0.15487352013587952
1764809250.563992,-0.22164865474253892,0.1663420703232288,0.05668357186093926,0.02730308659374714,0.08591478317975998,-0.09146831929683685,,,,,,
1764809250.570774,,,,,,,0.007024407386779785,0.006666004657745361,-0.009699217975139618,0.17105890810489655,0.04702537879347801,0.15422211587429047
1764809250.574043,-0.19514467869848012,0.12710896108746528,0.053078240845352405,0.025439247488975525,0.09088416397571564,-0.09331618994474411,,,,,,
1764809250.580805,,,,,,,0.012707531452178955,0.00508996844291687,-0.007605910301208496,0.1844131499528885,0.045419223606586456,0.15933683514595032
1764809250.584096,-0.1651376629695296,0.11074410174190998,0.02069222102537751,0.02323787845671177,0.10309981554746628,-0.09660652279853821,,,,,,
1764809250.590835,,,,,,,0.017255842685699463,0.0032882392406463623,-0.008937470614910126,0.18746300041675568,0.03618204966187477,0.162514790892601
1764809250.594149,-0.08194032432287932,0.12212065128087997,0.026176205394417045,0.025120658800005913,0.1137518510222435,-0.1002534031867981,,,,,,
1764809250.600865,,,,,,,0.014463543891906738,0.0024943649768829346,-0.012350447475910187,0.1816139817237854,0.030990485101938248,0.16250181198120117
1764809250.604201,-0.0072808046579360955,0.11500351275205611,0.014183862044662236,0.027464507147669792,0.10830249637365341,-0.10881254076957703,,,,,,
1764809250.610895,,,,,,,0.006425440311431885,-0.0014893412590026855,-0.016234882175922394,0.17661522328853607,0.023919258266687393,0.16392366588115692
1764809250.614253,0.025584230850636956,0.04597966088652611,0.037409400939941405,0.02945469319820404,0.08932965993881226,-0.11391850560903549,,,,,,
1764809250.620925,,,,,,,-0.003760814666748047,-0.0012163817882537842,-0.016113638877868652,0.17040571570396423,0.016170524060726166,0.17123956978321075
1764809250.624306,0.0071545479297637935,-0.049967269217967986,0.05242240728512406,0.02277388796210289,0.07050377130508423,-0.11972472816705704,,,,,,
1764809250.630956,,,,,,,-0.01195228099822998,-0.003496825695037842,-0.012011401355266571,0.16279520094394684,0.021832406520843506,0.1744910329580307
1764809250.634358,0.01989770964682102,-0.13253975396454334,-0.00078209028840065,0.009706482291221619,0.06932784616947174,-0.12118598818778992,,,,,,
1764809250.640986,,,,,,,-0.01440894603729248,-0.002841562032699585,-0.008370168507099152,0.15193136036396027,0.03329598158597946,0.18126004934310913
1764809250.64441,0.0742050538957119,-0.16730419335365296,-0.03902385039925575,0.004281890112906694,0.07969126850366592,-0.12779250741004944,,,,,,
1764809250.651016,,,,,,,-0.013660430908203125,0.0006356537342071533,-0.007477998733520508,0.15155132114887238,0.0311896875500679,0.19447384774684906
1764809250.654463,0.10991817231178283,-0.20272797343432902,-0.10341463563665747,0.008157588541507721,0.09003259241580963,-0.1351260542869568,,,,,,
1764809250.661046,,,,,,,-0.016191065311431885,0.003787219524383545,-0.016759157180786133,0.16792890429496765,0.019375108182430267,0.21545223891735077
1764809250.664515,0.11079495514631271,-0.23402269088625907,-0.17038257788568734,0.012448413297533989,0.0946134701371193,-0.14784452319145203,,,,,,
1764809250.671076,,,,,,,-0.02039194107055664,0.004610389471054077,-0.013801813125610352,0.19497011601924896,0.00720472726970911,0.24110673367977142
1764809250.674567,0.0754614836975932,-0.2463783145904541,-0.2061937498487532,0.009799839928746223,0.09693386405706406,-0.16526590287685394,,,,,,
1764809250.681107,,,,,,,-0.030916571617126465,0.0031657516956329346,-0.0014265850186347961,0.19439208507537842,0.0063035134226083755,0.2490641325712204
1764809250.68462,0.07129179679751396,-0.2829021648675203,-0.15800941852480171,-0.00044827070087194443,0.09870646148920059,-0.17976148426532745,,,,,,
1764809250.691137,,,,,,,-0.03376781940460205,4.9442052841186523e-05,0.00034283846616744995,0.17674997448921204,0.01901744306087494,0.2521166503429413
1764809250.694672,0.16026771884560584,-0.3444312770634889,-0.10631751747131347,-0.012362128123641014,0.08875851333141327,-0.19045111536979675,,,,,,
1764809250.701167,,,,,,,-0.02674424648284912,-0.0055533647537231445,-0.002407543361186981,0.14577540755271912,0.015252267010509968,0.26979243755340576
1764809250.704724,0.2368570375293493,-0.3890279591590166,-0.08124985784068703,-0.015844477340579033,0.05418269336223602,-0.1993018537759781,,,,,,
1764809250.711197,,,,,,,-0.026456594467163086,-0.008666366338729858,-0.007273197174072266,0.12905049324035645,0.002569495467469096,0.28515809774398804
1764809250.714776,0.2719523163080215,-0.40940205414593217,-0.0871438843153417,-0.02059193328022957,0.01552945002913475,-0.20723912119865417,,,,,,
1764809250.721227,,,,,,,-0.03369814157485962,-0.013724058866500854,-0.0068503618240356445,0.11651897430419922,-0.005558205768465996,0.29249608516693115
1764809250.724829,0.3039168958455324,-0.3728232588112354,-0.049517041232436894,-0.03459829464554787,-0.020116429775953293,-0.2081267535686493,,,,,,
1764809250.731258,,,,,,,-0.039539635181427,-0.015182793140411377,0.0010215044021606445,0.10024333000183105,-0.0006617177277803421,0.2998781204223633
1764809250.734881,0.32625469212085006,-0.31436990079879756,-0.03559840599521994,-0.04539427161216736,-0.05514387786388397,-0.21166309714317322,,,,,,
1764809250.741288,,,,,,,-0.03509807586669922,-0.01690426468849182,0.011368989944458008,0.08002807199954987,0.007931238040328026,0.3068241775035858
1764809250.744933,0.32498452605456113,-0.28152853842675685,-0.055299131765216586,-0.04617111757397652,-0.10060776770114899,-0.2162778228521347,,,,,,
1764809250.751318,,,,,,,-0.02620941400527954,-0.01844385266304016,0.018184535205364227,0.054579973220825195,0.008675591088831425,0.30090102553367615
1764809250.754986,0.34775632983297106,-0.20165128411352634,-0.06667290482521057,-0.04475606977939606,-0.16266296803951263,-0.2218136340379715,,,,,,
1764809250.761348,,,,,,,-0.016196072101593018,-0.015588939189910889,0.02209186553955078,0.019347166642546654,0.0026621734723448753,0.29041337966918945
1764809250.765038,0.33091888453960416,-0.12064590255320072,-0.09491802544817328,-0.04014294221997261,-0.22490476071834564,-0.22879989445209503,,,,,,
1764809250.771378,,,,,,,-0.008197426795959473,-0.012189000844955444,0.02582418918609619,-0.0366939976811409,-0.015650521963834763,0.2921697199344635
1764809250.77509,0.2991284925252199,-0.04493628931343555,-0.100979809705168,-0.030940867960453033,-0.2705724239349365,-0.24029871821403503,,,,,,
1764809250.781409,,,,,,,-0.004703879356384277,-0.016703754663467407,0.023761391639709473,-0.10938765108585358,-0.032918188720941544,0.280571311712265
1764809250.785143,0.22579262267947195,0.00843698895573616,-0.12940963924527168,-0.022933807224035263,-0.2958173453807831,-0.2512967586517334,,,,,,
1764809250.791439,,,,,,,-0.005793571472167969,-0.023500114679336548,0.021234862506389618,-0.20046988129615784,-0.03988688439130783,0.2643028795719147
1764809250.795195,0.13904986651092766,0.039378655186295505,-0.17379589346051216,-0.018207972869277,-0.31236544251441956,-0.2540878355503082,,,,,,
1764809250.801469,,,,,,,-0.005412876605987549,-0.02347007393836975,0.020296454429626465,-0.28607580065727234,-0.040331631898880005,0.25671887397766113
1764809250.805246,0.07243979778885841,0.04662848018407821,-0.1659327588699758,-0.016440432518720627,-0.322004497051239,-0.25643062591552734,,,,,,
1764809250.811499,,,,,,,0.001157522201538086,-0.0198783278465271,0.020846836268901825,-0.34125834703445435,-0.0421106219291687,0.24343127012252808
1764809250.8153,0.010885258890688419,0.05586801769435405,-0.12287453838810324,-0.016685890033841133,-0.3311613202095032,-0.25180187821388245,,,,,,
1764809250.82153,,,,,,,0.00996476411819458,-0.006405830383300781,0.016334645450115204,-0.3708873689174652,-0.04711763188242912,0.22905579209327698
1764809250.825352,-0.029250352142751214,0.1292424659848213,-0.07775690115839243,-0.01930271089076996,-0.3345760405063629,-0.24488405883312225,,,,,,
1764809250.83156,,,,,,,0.019377470016479492,0.008466601371765137,0.00814664363861084,-0.38125506043434143,-0.055135875940322876,0.21305765211582184
1764809250.835404,-0.022696400454640386,0.20270634612441063,-0.06287482771649956,-0.016252461820840836,-0.3371489942073822,-0.23976624011993408,,,,,,
1764809250.84159,,,,,,,0.02562713623046875,0.014098435640335083,0.0018761157989501953,-0.3927392065525055,-0.07238757610321045,0.1954023689031601
1764809250.845457,-0.047432782304286956,0.24345161348879335,-0.06799991564527154,-0.014730200171470642,-0.34258344769477844,-0.23309369385242462,,,,,,
1764809250.85162,,,,,,,0.02597266435623169,0.011509567499160767,0.0019212886691093445,-0.41948428750038147,-0.09166219830513,0.17925721406936646
1764809250.855509,-0.11676584624946117,0.2230371864914894,-0.05410100802183151,-0.01020389050245285,-0.3458687365055084,-0.22623445093631744,,,,,,
1764809250.86165,,,,,,,0.01827627420425415,0.004964232444763184,-0.00024665147066116333,-0.5499033331871033,-0.10597030073404312,0.14443546533584595
1764809250.865561,-0.21211977889686823,0.19787819531559944,-0.03715937170162797,-0.007209965027868748,-0.34054186940193176,-0.22610342502593994,,,,,,
1764809250.871681,,,,,,,0.0166814923286438,-0.020367026329040527,-0.0034209489822387695,-0.8929445743560791,-0.1331838071346283,0.08476360887289047
1764809250.875614,-0.3490945926994085,0.1458352888673544,-0.0638917496740818,-0.0028128912672400475,-0.32164210081100464,-0.22841398417949677,,,,,,
1764809250.881711,,,,,,,0.02028745412826538,-0.07901692390441895,-0.0007289722561836243,-1.2770271301269531,-0.14382979273796082,0.0035984471905976534
1764809250.885666,-0.49675300534069533,0.13644669827520847,-0.05898161967024207,-0.002139111515134573,-0.31281131505966187,-0.2240581065416336,,,,,,
1764809250.891741,,,,,,,0.02332848310470581,-0.11060941219329834,0.012112140655517578,-1.6292341947555542,-0.1158658042550087,-0.0587054081261158
1764809250.895718,-0.4920525725647807,0.20421967329680918,0.09068623309731483,-0.004179451148957014,-0.3187757432460785,-0.2062642127275467,,,,,,
1764809250.901771,,,,,,,0.0286865234375,-0.08685246109962463,0.024210818111896515,-1.8604187965393066,-0.09113036841154099,-0.0990990400314331
1764809250.90577,-0.32737726640999315,0.30076749190390106,0.2080341170184314,-0.002186874393373728,-0.3486841022968292,-0.18242838978767395,,,,,,
1764809250.911801,,,,,,,0.032835960388183594,-0.03277945518493652,0.01780557632446289,-1.9005696773529053,-0.10594899207353592,-0.13113819062709808
1764809250.915823,-0.11178221261799334,0.355223889234662,0.30198987330570815,0.008914550766348839,-0.38406360149383545,-0.15942522883415222,,,,,,
1764809250.921832,,,,,,,0.03606981039047241,0.03095299005508423,-0.00484108179807663,-1.7954941987991333,-0.13063623011112213,-0.1474049836397171
1764809250.925875,0.06339724415540694,0.3815425718396902,0.29825463230013843,0.02198321558535099,-0.4172860085964203,-0.1493275910615921,,,,,,
1764809250.931862,,,,,,,0.03476458787918091,0.07936972379684448,-0.029950864613056183,-1.5912816524505615,-0.13107351958751678,-0.1389119029045105
1764809250.935927,0.09904928003400564,0.3503425469338894,0.23619345905408262,0.030000001192092896,-0.43930745124816895,-0.14188285171985626,,,,,,
1764809250.941892,,,,,,,0.02728271484375,0.10119214653968811,-0.044703587889671326,-1.2866109609603882,-0.1160101518034935,-0.12109488248825073
1764809250.94598,0.04854278937280178,0.2821533923268318,0.2613422210969031,0.019326848909258842,-0.4377537667751312,-0.1306230127811432,,,,,,
1764809250.951922,,,,,,,0.019764423370361328,0.11284157633781433,-0.052986860275268555,-0.9506736993789673,-0.10983215272426605,-0.0977671891450882
1764809250.956032,-0.0396121716812253,0.1932739163905382,0.3212989694096148,-2.7583446353673935e-05,-0.4164367914199829,-0.12069552391767502,,,,,,
1764809250.961952,,,,,,,0.016908884048461914,0.11544880270957947,-0.05578184872865677,-0.6258936524391174,-0.10725554078817368,-0.07172227650880814
1764809250.966084,-0.14504384622871874,0.10070961446166038,0.3319266002774238,-0.018642812967300415,-0.3662375211715698,-0.10695227980613708,,,,,,
1764809250.971983,,,,,,,0.014546751976013184,0.09647813439369202,-0.05367124825716019,-0.353588342666626,-0.10621051490306854,-0.04123919829726219
1764809250.976137,-0.22776100014299153,0.024458149430155753,0.3420411670565605,-0.03142869099974632,-0.2973179519176483,-0.08784645050764084,,,,,,
1764809250.982013,,,,,,,0.009559154510498047,0.068245530128479,-0.04938436299562454,-0.1836991161108017,-0.08912687003612518,-0.015300807543098927
1764809250.986189,-0.3265311709746718,0.029418986707925796,0.3343126186311245,-0.03718005493283272,-0.23470516502857208,-0.06825170665979385,,,,,,
1764809250.992043,,,,,,,0.008606672286987305,0.03998613357543945,-0.043241746723651886,-0.18645042181015015,-0.07856077700853348,-0.009132394567131996
1764809250.996241,-0.43462271238118405,0.06104629711508751,0.2975695726454258,-0.03484285622835159,-0.17169471085071564,-0.055107831954956055,,,,,,
1764809251.002073,,,,,,,0.006994664669036865,0.004176795482635498,-0.0366060808300972,-0.22940683364868164,-0.071254663169384,-0.013113819994032383
1764809251.006294,-0.5459516282737255,0.0704360567510128,0.284533711592108,-0.032867323607206345,-0.1059122234582901,-0.050354357808828354,,,,,,
1764809251.012103,,,,,,,0.0068070292472839355,-0.01599380373954773,-0.030216462910175323,-0.31266018748283386,-0.05912689119577408,-0.016772737726569176
1764809251.016346,-0.5694476546734571,0.04715279631912708,0.32706454719901085,-0.0379338338971138,-0.0450267568230629,-0.04687781259417534,,,,,,
1764809251.022134,,,,,,,0.008637070655822754,-0.009602248668670654,-0.03593195974826813,-0.37432825565338135,-0.043399326503276825,-0.041603319346904755
1764809251.026398,-0.4907786071062088,0.02339782672226429,0.31180969492197036,-0.04450305551290512,-0.021595997735857964,-0.03865530341863632,,,,,,
1764809251.032164,,,,,,,0.012583017349243164,0.009199142456054688,-0.048840656876564026,-0.3679017722606659,-0.03422021120786667,-0.055323392152786255
1764809251.036451,-0.3418880223214626,0.040324411603808404,0.29327684388756753,-0.05058198422193527,-0.03526727482676506,-0.023485824465751648,,,,,,
1764809251.042194,,,,,,,0.016097962856292725,0.030114084482192993,-0.06276727467775345,-0.272217720746994,-0.04573705047369003,-0.06100744381546974
1764809251.046503,-0.19416180514097212,0.04013970268666744,0.29605449190735816,-0.06026230752468109,-0.06460785120725632,-0.010578282177448273,,,,,,
1764809251.052224,,,,,,,0.011895298957824707,0.046075910329818726,-0.0677039623260498,-0.12367779016494751,-0.06075594946742058,-0.05892644822597504
1764809251.056555,-0.11626052707582711,-0.0008972411006689071,0.30971009229421614,-0.07482793182134628,-0.09083891659975052,-0.0036479374393820763,,,,,,
1764809251.062254,,,,,,,0.006520569324493408,0.05054202675819397,-0.06100118160247803,0.007760798558592796,-0.06832225620746613,-0.06033599376678467
1764809251.066608,-0.05048164848089218,-0.03399520858228206,0.32136092872992156,-0.08998113125562668,-0.10715605318546295,0.0028013375122100115,,,,,,
1764809251.072285,,,,,,,0.006965994834899902,0.04071909189224243,-0.05450226366519928,0.09394469112157822,-0.07214043289422989,-0.0727045089006424
1764809251.07666,-0.06574877571761607,-0.04697451714277267,0.3359903425849974,-0.1006564125418663,-0.11787207424640656,0.008786791935563087,,,,,,
1764809251.082315,,,,,,,0.011677563190460205,0.0207919180393219,-0.04671132564544678,0.12525755167007446,-0.07812055945396423,-0.07746145129203796
1764809251.086712,-0.12917729179412127,0.0004927519530057906,0.33525369887351986,-0.10620567202568054,-0.12451211363077164,0.012877678498625755,,,,,,
1764809251.092345,,,,,,,0.01273566484451294,0.0015946626663208008,-0.04010234773159027,0.10357756912708282,-0.08990184962749481,-0.07988599687814713
1764809251.096764,-0.2103305573925376,0.0217938986569643,0.328676512440294,-0.10971659421920776,-0.12664072215557098,0.015998532995581627,,,,,,
1764809251.102375,,,,,,,0.010603606700897217,-0.007093459367752075,-0.04261350631713867,0.0719519704580307,-0.08618008345365524,-0.08142290264368057
1764809251.106817,-0.25576456709504125,0.05402443565428257,0.3256182939134538,-0.11501921713352203,-0.11197762191295624,0.01829817332327366,,,,,,
1764809251.112406,,,,,,,0.009505689144134521,-0.006639242172241211,-0.04569375514984131,0.05643825978040695,-0.08565837144851685,-0.07464835792779922
1764809251.116868,-0.25575784509330984,0.02439209845662117,0.3205180481649935,-0.12143722921609879,-0.08455453813076019,0.015611542388796806,,,,,,
1764809251.122436,,,,,,,0.010303020477294922,0.002174466848373413,-0.04718674719333649,0.05431452393531799,-0.09565933793783188,-0.06644601374864578
1764809251.126921,-0.23978081602156162,-0.004793079495429993,0.2800887148819864,-0.12994815409183502,-0.04388967156410217,0.008064676076173782,,,,,,
1764809251.132466,,,,,,,0.010252416133880615,0.007296860218048096,-0.052960872650146484,0.057029083371162415,-0.11219517141580582,-0.05760272592306137
1764809251.136974,-0.20273937161117792,-0.047585342517495154,0.23765388699546455,-0.13992594182491302,0.006411646027117968,-0.004274964332580566,,,,,,
1764809251.142496,,,,,,,0.009490132331848145,0.00835844874382019,-0.05585072934627533,0.06487902998924255,-0.12408699095249176,-0.04643256217241287
1764809251.147026,-0.1832373832836747,-0.06698796212375163,0.2572607970021665,-0.1521192342042923,0.04755828529596329,-0.01284235343337059,,,,,,
1764809251.152526,,,,,,,0.007407546043395996,0.013247936964035034,-0.05967450141906738,0.051707834005355835,-0.13723288476467133,-0.04075869545340538
1764809251.157078,-0.11125292804688215,-0.07937339644432068,0.27542437633275985,-0.16732683777809143,0.06029430031776428,-0.015358293429017067,,,,,,
1764809251.162557,,,,,,,0.004870593547821045,0.014441162347793579,-0.06349873542785645,0.039329688996076584,-0.1564912647008896,-0.03618844598531723
1764809251.167131,-0.047452948309481144,-0.14990473026335238,0.28942732885256406,-0.1793946921825409,0.05084114149212837,-0.014631250873208046,,,,,,
1764809251.172587,,,,,,,0.00028395652770996094,0.013496845960617065,-0.06454695016145706,0.03887748345732689,-0.17576375603675842,-0.030694346874952316
1764809251.177183,0.006908756475150585,-0.2263742219597101,0.3577120527885854,-0.19526860117912292,0.034063003957271576,-0.011328073218464851,,,,,,
1764809251.182617,,,,,,,-0.0072217583656311035,0.01646888256072998,-0.06451595574617386,0.04499399662017822,-0.1923680454492569,-0.0328555665910244
1764809251.187235,0.05843523783385753,-0.27484920679330826,0.38693230205401774,-0.216965913772583,0.005808196030557156,-0.005826781503856182,,,,,,
1764809251.192647,,,,,,,-0.01482236385345459,0.022875458002090454,-0.06972862035036087,0.06526517868041992,-0.2120802253484726,-0.041020285338163376
1764809251.197288,0.08739742068499326,-0.3627800037026405,0.3778115686178207,-0.2401108294725418,-0.03767256438732147,0.0028772877994924784,,,,,,
1764809251.202677,,,,,,,-0.023602187633514404,0.02990385890007019,-0.07344578951597214,0.09037545323371887,-0.2337397187948227,-0.048577338457107544
1764809251.20734,0.04624532608538866,-0.4596504783928394,0.40042438244223594,-0.2659245729446411,-0.09072486311197281,0.014705185778439045,,,,,,
1764809251.212708,,,,,,,-0.030807971954345703,0.031966447830200195,-0.07242834568023682,0.10274957120418549,-0.2508355975151062,-0.06946371495723724
1764809251.217392,-0.03355652490407228,-0.5417179362267256,0.3861817759476602,-0.29107826948165894,-0.13461317121982574,0.03003627061843872,,,,,,
1764809251.222738,,,,,,,-0.03492391109466553,0.024747610092163086,-0.06839466094970703,0.10469688475131989,-0.2605622708797455,-0.09410014748573303
1764809251.227445,-0.12693594260811805,-0.5681868409574031,0.3676794661819935,-0.30843302607536316,-0.1642855852842331,0.0400574766099453,,,,,,
1764809251.232768,,,,,,,-0.035867929458618164,0.012842148542404175,-0.05937755107879639,0.061865001916885376,-0.2719009220600128,-0.11586908996105194
1764809251.237497,-0.19947803172767162,-0.5545113668262959,0.31815088064223523,-0.3183326721191406,-0.16402435302734375,0.0396888442337513,,,,,,
1764809251.242798,,,,,,,-0.03247535228729248,-0.0057957470417022705,-0.04481600970029831,-3.6578159779310226e-05,-0.28843915462493896,-0.12929488718509674
1764809251.247549,-0.28158260670155283,-0.4798118074119091,0.24494302109032867,-0.3197140693664551,-0.12372487038373947,0.02520817145705223,,,,,,
1764809251.252828,,,,,,,-0.028380513191223145,-0.021153926849365234,-0.04242252558469772,-0.0776972845196724,-0.30790847539901733,-0.14504669606685638
1764809251.257601,-0.3236468477100134,-0.3581470832049846,0.24202684138268232,-0.32473522424697876,-0.07258084416389465,0.012233288027346134,,,,,,
1764809251.262859,,,,,,,-0.020472943782806396,-0.014507442712783813,-0.05712699890136719,-0.1549866944551468,-0.3078536093235016,-0.16052404046058655
1764809251.267654,-0.1890498689547181,-0.29360125353634353,0.2080360167145729,-0.34333688020706177,-0.06855334341526031,0.003254706971347332,,,,,,
1764809251.272889,,,,,,,-0.005644559860229492,0.0007322430610656738,-0.07056523114442825,-0.18999022245407104,-0.3093399107456207,-0.16406498849391937
1764809251.277706,0.03994271880984306,-0.2795429175674915,0.23016455415338277,-0.37032702565193176,-0.12378769367933273,0.001783059211447835,,,,,,
1764809251.282919,,,,,,,0.01454770565032959,0.016691118478775024,-0.08294558525085449,-0.18179841339588165,-0.34081634879112244,-0.16792310774326324
1764809251.287758,0.26357261049747466,-0.25431261472105976,0.3695747784093022,-0.4068509638309479,-0.22579741477966309,0.00017344462685287,,,,,,
1764809251.292949,,,,,,,0.026067018508911133,0.023912936449050903,-0.0877150222659111,-0.1361377090215683,-0.38849732279777527,-0.16914336383342743
1764809251.29781,0.41711745082885027,-0.24579729983210563,0.4772682604089379,-0.44359660148620605,-0.34186434745788574,-0.0010307785123586655,,,,,,
1764809251.302979,,,,,,,0.02384650707244873,0.0249464213848114,-0.08485043793916702,-0.08474844694137573,-0.4207274317741394,-0.17731893062591553
1764809251.307863,0.5250929646402597,-0.24624562812149522,0.5788553883574903,-0.4825250804424286,-0.4589957594871521,-0.002713097259402275,,,,,,
1764809251.31301,,,,,,,0.024387598037719727,0.027574092149734497,-0.09441637992858887,-0.06077173724770546,-0.43625712394714355,-0.190879225730896
1764809251.317915,0.5092974296152591,-0.18746259976327417,0.6294812676146626,-0.5252397656440735,-0.5809924602508545,0.0003110335674136877,,,,,,
1764809251.32304,,,,,,,0.03243821859359741,0.020005792379379272,-0.09963226318359375,-0.06054257974028587,-0.460469514131546,-0.20277270674705505
1764809251.327968,0.3436126541569829,-0.11826514489650726,0.5841768756411969,-0.5595545768737793,-0.673527717590332,-0.003490362549200654,,,,,,
1764809251.33307,,,,,,,0.042507290840148926,0.00438767671585083,-0.09099912643432617,-0.09415779262781143,-0.5073603391647339,-0.21065698564052582
1764809251.33802,0.1280824822947383,-0.07173837152123451,0.5284790999472141,-0.5869637727737427,-0.7052842974662781,-0.010988476686179638,,,,,,
1764809251.3431,,,,,,,0.048976898193359375,-0.011045843362808228,-0.07974040508270264,-0.1561552733182907,-0.5367562770843506,-0.21807722747325897
1764809251.348072,-0.05479074385166168,0.04730594105422496,0.5277627683714032,-0.6146963238716125,-0.6958034634590149,-0.027837231755256653,,,,,,
1764809251.35313,,,,,,,0.059033334255218506,-0.020556598901748657,-0.07808411121368408,-0.25848883390426636,-0.5571052432060242,-0.223996102809906
1764809251.358124,-0.19956921714246273,0.20954291414618492,0.4884989717364311,-0.6350764036178589,-0.6593146920204163,-0.045517146587371826,,,,,,
1764809251.363161,,,,,,,0.07232749462127686,-0.02853250503540039,-0.07712876796722412,-0.36743536591529846,-0.5954810976982117,-0.22708968818187714
1764809251.368177,-0.24943156468123195,0.3739741824120283,0.42384822038859127,-0.6497550010681152,-0.6052210927009583,-0.06484504044055939,,,,,,
1764809251.373191,,,,,,,0.08054548501968384,-0.030635565519332886,-0.07489931583404541,-0.45785126090049744,-0.6386358141899109,-0.21853135526180267
1764809251.378229,-0.2649485750257969,0.4802642273545265,0.35262452039122577,-0.6523801684379578,-0.5407686829566956,-0.08251722902059555,,,,,,
1764809251.383221,,,,,,,0.07870244979858398,-0.020291149616241455,-0.07115912437438965,-0.5175103545188904,-0.6692205667495728,-0.20581956207752228
1764809251.388282,-0.2355991464227438,0.5268161351710557,0.3592668810151517,-0.663787305355072,-0.48374828696250916,-0.09583036601543427,,,,,,
1764809251.393251,,,,,,,0.07588958740234375,-0.00495496392250061,-0.06833696365356445,-0.5419510006904602,-0.6935824155807495,-0.19234423339366913
1764809251.398334,-0.19439239902645347,0.5019821381658315,0.3838413503013551,-0.6780035495758057,-0.4467868208885193,-0.10312104225158691,,,,,,
1764809251.403282,,,,,,,0.0742616057395935,0.006738990545272827,-0.06600308418273926,-0.5136436223983765,-0.716797947883606,-0.18095022439956665
1764809251.408386,-0.1343514795616269,0.46091655280590055,0.4476736248731613,-0.6932490468025208,-0.42606690526008606,-0.10881993919610977,,,,,,
1764809251.413312,,,,,,,0.07539522647857666,0.017388612031936646,-0.07038640975952148,-0.45700323581695557,-0.7396156787872314,-0.1672639697790146
1764809251.418439,-0.06834756003916263,0.42114802151918407,0.5127773806855083,-0.7076971530914307,-0.42469000816345215,-0.1140497699379921,,,,,,
1764809251.423342,,,,,,,0.072151780128479,0.023917347192764282,-0.07395505905151367,-0.38577866554260254,-0.7652704119682312,-0.1549297422170639
1764809251.428491,-0.11935469369888305,0.3772954357892275,0.5052528303995728,-0.7248883843421936,-0.42497867345809937,-0.11523674428462982,,,,,,
1764809251.433372,,,,,,,0.06104469299316406,0.022082805633544922,-0.07058870792388916,-0.3097723424434662,-0.7815479636192322,-0.1418251246213913
1764809251.438543,-0.19857699123471975,0.2891758383095264,0.47547494725137945,-0.7410675287246704,-0.41122251749038696,-0.1157137081027031,,,,,,
1764809251.443402,,,,,,,0.047612905502319336,0.018397867679595947,-0.058252036571502686,-0.24639354646205902,-0.7770253419876099,-0.13533353805541992
1764809251.448596,-0.23819734622240066,0.23069325420260428,0.4480781140208244,-0.749532163143158,-0.3720514178276062,-0.113693967461586,,,,,,
1764809251.453433,,,,,,,0.04083436727523804,0.012538015842437744,-0.044004738330841064,-0.19863933324813843,-0.768706202507019,-0.12695816159248352
1764809251.458648,-0.3030819063261151,0.2217120753675699,0.4627461063206196,-0.7491111159324646,-0.3166050910949707,-0.11320078372955322,,,,,,
1764809251.463463,,,,,,,0.03857296705245972,0.009719163179397583,-0.03942745923995972,-0.15492284297943115,-0.7565137147903442,-0.12215981632471085
1764809251.4687,-0.41164048072248693,0.2876601730495691,0.5112789588212967,-0.7380110621452332,-0.2472744733095169,-0.10579613596200943,,,,,,
1764809251.473493,,,,,,,0.04065585136413574,0.011465638875961304,-0.04718494415283203,-0.11462201923131943,-0.7468557357788086,-0.11903513222932816
1764809251.478753,-0.5451920420780778,0.3674561788201332,0.5301259903714061,-0.7288661003112793,-0.18296539783477783,-0.09663378447294235,,,,,,
1764809251.483523,,,,,,,0.0406721830368042,0.02028307318687439,-0.05654704198241234,-0.06603523343801498,-0.7331900000572205,-0.1150309294462204
1764809251.488805,-0.711887748144567,0.3365636124283075,0.46340749283879995,-0.7313178181648254,-0.11791903525590897,-0.08606210350990295,,,,,,
1764809251.493553,,,,,,,0.03758347034454346,0.02621561288833618,-0.059418920427560806,-0.018450932577252388,-0.7267499566078186,-0.12073542177677155
1764809251.498857,-0.7684884640276431,0.2432838557064533,0.45957507506906986,-0.7423489093780518,-0.057425614446401596,-0.0700768455862999,,,,,,
1764809251.503584,,,,,,,0.03774017095565796,0.029074490070343018,-0.06887996196746826,0.029034128412604332,-0.7103709578514099,-0.1418316513299942
1764809251.508909,-0.6915306042924523,0.1558949105888605,0.4890788174510002,-0.7545666694641113,-0.00562206981703639,-0.0586492195725441,,,,,,
1764809251.513614,,,,,,,0.04228132963180542,0.027068346738815308,-0.06744110584259033,0.07613399624824524,-0.7035120129585266,-0.15357086062431335
1764809251.518961,-0.6185910402879119,0.13293664432764052,0.5592354727387427,-0.751934289932251,0.043878018856048584,-0.04958125948905945,,,,,,
1764809251.523644,,,,,,,0.04043501615524292,0.02346596121788025,-0.08030688762664795,0.11296222358942032,-0.7239552140235901,-0.16420505940914154
1764809251.529013,-0.5526549253046512,0.13295827163755894,0.6822267693743109,-0.7442657351493835,0.08966521173715591,-0.05261779576539993,,,,,,
1764809251.533674,,,,,,,0.028264999389648438,0.025694459676742554,-0.08952313661575317,0.15692995488643646,-0.7118604779243469,-0.1708693504333496
1764809251.539065,-0.5884121751233935,0.10576631332933902,0.7338157945752144,-0.7442229390144348,0.14488676190376282,-0.05473187938332558,,,,,,
1764809251.543704,,,,,,,0.020710289478302002,0.032462626695632935,-0.08552365750074387,0.20015309751033783,-0.6773128509521484,-0.16089887917041779
1764809251.549118,-0.5748620809376239,0.11453414167463778,0.8919026622503995,-0.7424383759498596,0.23185628652572632,-0.05518301948904991,,,,,,
1764809251.553735,,,,,,,0.027505695819854736,0.03918716311454773,-0.0976177528500557,0.24174660444259644,-0.6634985208511353,-0.14982226490974426
1764809251.55917,-0.5444865241572261,0.14361469020843504,0.971382733939588,-0.7516971230506897,0.32716211676597595,-0.06027930974960327,,,,,,
1764809251.563765,,,,,,,0.04752320051193237,0.042349040508270264,-0.10448360443115234,0.30982479453086853,-0.659035325050354,-0.1286715716123581
1764809251.569222,-0.5478340810194611,0.20498773505985735,0.9355407284468412,-0.7675935626029968,0.4155428409576416,-0.05871656537055969,,,,,,
1764809251.573795,,,,,,,0.06709367036819458,0.04722428321838379,-0.11348956823348999,0.36892884969711304,-0.6701939702033997,-0.10899481177330017
1764809251.579275,-0.39814620837718245,0.3019914807409048,0.8948203032627702,-0.7838300466537476,0.4878147840499878,-0.05687955394387245,,,,,,
1764809251.583825,,,,,,,0.08177435398101807,0.05225968360900879,-0.12073445320129395,0.4313078820705414,-0.6892758011817932,-0.08578948676586151
1764809251.589327,-0.21315496716350316,0.3836638017773628,0.8189920320793986,-0.80008864402771,0.5353662967681885,-0.06503655016422272,,,,,,
1764809251.593855,,,,,,,0.08971470594406128,0.05312350392341614,-0.1202046275138855,0.4864284098148346,-0.7188882827758789,-0.06331533938646317
1764809251.599379,-0.04995704008489847,0.4300923754751682,0.8344587735414505,-0.815316915512085,0.5603461861610413,-0.08069927990436554,,,,,,
1764809251.603886,,,,,,,0.0867924690246582,0.051684170961380005,-0.11626838892698288,0.5327097177505493,-0.750415563583374,-0.0455116406083107
1764809251.609432,0.07901070061177015,0.4185767097264528,0.8170037808716296,-0.827707827091217,0.557528555393219,-0.09791421890258789,,,,,,
1764809251.613916,,,,,,,0.07438725233078003,0.048491597175598145,-0.11562597751617432,0.559257984161377,-0.7869653105735779,-0.03987452760338783
1764809251.619484,0.21688860073387622,0.3187479697525501,0.8353083761081099,-0.8461747169494629,0.5254858136177063,-0.11469929665327072,,,,,,
1764809251.623946,,,,,,,0.0599178671836853,0.04491564631462097,-0.11041419208049774,0.5650034546852112,-0.8065906763076782,-0.03535601124167442
1764809251.629536,0.2992573796018958,0.170953948032856,0.7920444039210677,-0.8726718425750732,0.4776916205883026,-0.12586966156959534,,,,,,
1764809251.633976,,,,,,,0.05353051424026489,0.03797444701194763,-0.09308648109436035,0.5759860277175903,-0.8133764266967773,-0.0308171845972538
1764809251.639589,0.34847120010405774,0.07700842087864876,0.8542442549854516,-0.9036850333213806,0.4376913607120514,-0.1328413039445877,,,,,,
1764809251.644007,,,,,,,0.055963218212127686,0.04176664352416992,-0.08869278430938721,0.5654539465904236,-0.8305357098579407,-0.034255389124155045
1764809251.649641,0.34989831029772755,0.09017477644383907,0.8704816885590553,-0.9401496052742004,0.4008963108062744,-0.13678064942359924,,,,,,
1764809251.654037,,,,,,,0.06329143047332764,0.04326552152633667,-0.08188532292842865,0.5407363772392273,-0.8630936741828918,-0.03194563090801239
1764809251.659693,0.24271014747172592,0.1276180796533823,0.7085787697270512,-0.9715259075164795,0.377250999212265,-0.13531817495822906,,,,,,
1764809251.664067,,,,,,,0.07001692056655884,0.034455835819244385,-0.06523416936397552,0.5028156042098999,-0.8991270065307617,-0.033735740929841995
1764809251.669746,0.23950346038490533,0.221607445949316,0.5361585485339164,-0.990241527557373,0.36455783247947693,-0.13468007743358612,,,,,,
1764809251.674097,,,,,,,0.06889480352401733,0.02277013659477234,-0.0449015349149704,0.451817125082016,-0.9318514466285706,-0.03665110468864441
1764809251.679798,0.26273411384671924,0.3331996889531612,0.3239244956076145,-1.0028001070022583,0.3600012958049774,-0.1402474343776703,,,,,,
1764809251.684127,,,,,,,0.06605839729309082,0.012181133031845093,-0.014891549944877625,0.39694422483444214,-0.9602287411689758,-0.04066821560263634
1764809251.68985,0.23919249473959206,0.39122225433290003,0.11453209584802389,-1.0020623207092285,0.36146628856658936,-0.15194137394428253,,,,,,
1764809251.694158,,,,,,,0.06164449453353882,0.007700532674789429,0.019038259983062744,0.2777520716190338,-0.9967864751815796,-0.062069643288850784
1764809251.699902,0.27863924672603607,0.46953123641610145,-0.05283931752294302,-0.9830597043037415,0.377705842256546,-0.17178933322429657,,,,,,
1764809251.704188,,,,,,,0.05789428949356079,-0.002204209566116333,0.042262494564056396,0.12330764532089233,-1.0350509881973267,-0.09244965761899948
1764809251.709955,0.22836188864558934,0.5489847123593091,-0.22593495375961065,-0.9591666460037231,0.39795997738838196,-0.18745698034763336,,,,,,
1764809251.714218,,,,,,,0.054107069969177246,-0.012798398733139038,0.0526849627494812,-0.032767973840236664,-1.0605523586273193,-0.11245319247245789
1764809251.720007,0.19141075286716222,0.6068851126641035,-0.25408289761841296,-0.9305659532546997,0.40911218523979187,-0.19270409643650055,,,,,,
1764809251.724248,,,,,,,0.048066556453704834,-0.0042449235916137695,0.05079051852226257,-0.1898607462644577,-1.064353585243225,-0.12901392579078674
1764809251.730059,0.1922350748620927,0.5896884786695241,-0.28375965847969054,-0.9381519556045532,0.3895440697669983,-0.18872080743312836,,,,,,
1764809251.734278,,,,,,,0.043455302715301514,0.004563003778457642,0.05434465408325195,-0.29975128173828125,-1.068171501159668,-0.15564313530921936
1764809251.740112,0.17358575784116984,0.44107378821671006,-0.35905309213399883,-0.9510006308555603,0.35716021060943604,-0.18091152608394623,,,,,,
1764809251.744309,,,,,,,0.0368800163269043,0.011094003915786743,0.058125972747802734,-0.35431969165802,-1.0689083337783813,-0.18143638968467712
1764809251.750164,0.3245629396416247,0.27578736442625523,-0.35375615476965905,-0.9672507047653198,0.3154734671115875,-0.16396290063858032,,,,,,
1764809251.754339,,,,,,,0.03407925367355347,0.024383366107940674,0.05999073386192322,-0.36903923749923706,-1.0570684671401978,-0.20923872292041779
1764809251.760216,0.5169112656198441,0.2221001979023218,-0.3685451431006193,-0.9842065572738647,0.24955852329730988,-0.15143059194087982,,,,,,
1764809251.764369,,,,,,,0.03348064422607422,0.03479570150375366,0.07436826825141907,-0.33749136328697205,-1.0441495180130005,-0.22678795456886292
1764809251.770269,0.6069250062830746,0.25060440785288807,-0.4525742563962936,-0.9872061014175415,0.18259067833423615,-0.1360926479101181,,,,,,
1764809251.774399,,,,,,,0.028430819511413574,0.03988274931907654,0.09108561277389526,-0.2979349195957184,-1.0517362356185913,-0.23325198888778687
1764809251.780321,0.7073224860556423,0.3276122442096472,-0.47637072704732414,-0.9659437537193298,0.12596696615219116,-0.1244756281375885,,,,,,
1764809251.784429,,,,,,,0.012472331523895264,0.040724992752075195,0.09681230783462524,-0.2534082531929016,-1.0506422519683838,-0.24387578666210175
1764809251.790373,0.688267510843277,0.34520576856732366,-0.5404436785072088,-0.953459620475769,0.07137669622898102,-0.11737510561943054,,,,,,
1764809251.79446,,,,,,,-0.0005671977996826172,0.03629609942436218,0.10701265931129456,-0.22029051184654236,-1.0102684497833252,-0.23925787210464478
1764809251.800426,0.5818915411829948,0.32287235620617866,-0.5939882216900587,-0.9458284378051758,0.025984035804867744,-0.11141228675842285,,,,,,
1764809251.80449,,,,,,,-0.0037639737129211426,0.03236064314842224,0.11480683088302612,-0.19474737346172333,-0.9686611294746399,-0.24523606896400452
1764809251.810478,0.5610559661641716,0.2894458874225616,-0.6299351488620042,-0.9417993426322937,-0.004113412462174892,-0.1001814678311348,,,,,,
1764809251.81452,,,,,,,0.0043863654136657715,0.02987954020500183,0.11448940634727478,-0.1660986840724945,-0.94431471824646,-0.24917836487293243
1764809251.82053,0.5744323112182319,0.290375861749053,-0.642516982537508,-0.9367619156837463,-0.031704869121313095,-0.08934541791677475,,,,,,
1764809251.82455,,,,,,,0.013608753681182861,0.03496488928794861,0.10560071468353271,-0.13447542488574982,-0.9340407848358154,-0.2530324161052704
1764809251.830583,0.5771878935366869,0.29499183111190797,-0.6504939527660608,-0.9285809397697449,-0.06950284540653229,-0.07316777855157852,,,,,,
1764809251.834581,,,,,,,0.013433218002319336,0.04177698493003845,0.09259197115898132,-0.10607946664094925,-0.9234406352043152,-0.2685975134372711
1764809251.840635,0.5729482101403176,0.27634324474334715,-0.6364502298444509,-0.925674319267273,-0.12797003984451294,-0.06073273345828056,,,,,,
1764809251.844611,,,,,,,0.005735337734222412,0.04191035032272339,0.09960952401161194,-0.06934652477502823,-0.8970931768417358,-0.27991002798080444
1764809251.850687,0.47819838086590166,0.235566997718811,-0.6504015983074903,-0.9225946664810181,-0.17660309374332428,-0.045275747776031494,,,,,,
1764809251.854641,,,,,,,-0.0009161233901977539,0.03089812397956848,0.11547130346298218,-0.08084391802549362,-0.8863670229911804,-0.29179757833480835
1764809251.860739,0.4001435196742415,0.23520751675665377,-0.6469833142966032,-0.9110362529754639,-0.1941586434841156,-0.03430881351232529,,,,,,
1764809251.864671,,,,,,,-0.0061601996421813965,0.01811802387237549,0.1366943120956421,-0.14634071290493011,-0.8810926079750061,-0.31371647119522095
1764809251.870792,0.36406010664105415,0.2751432213038206,-0.7614701096981763,-0.8862462043762207,-0.18179625272750854,-0.020281409844756126,,,,,,
1764809251.874701,,,,,,,-0.008458137512207031,0.0015865564346313477,0.14465022087097168,-0.22899563610553741,-0.8675187826156616,-0.3338957726955414
1764809251.880844,0.33791809577718374,0.33196167159080503,-0.7992378225564957,-0.8506676554679871,-0.1672113686800003,-0.00045432650949805975,,,,,,
1764809251.884732,,,,,,,-0.012775242328643799,0.0008456110954284668,0.12926608324050903,-0.31544482707977295,-0.8416152596473694,-0.3578157424926758
1764809251.890896,0.35496333860233426,0.3380710943818092,-0.8177987306416035,-0.8319616317749023,-0.1817338615655899,0.02408510446548462,,,,,,
1764809251.894762,,,,,,,-0.016386866569519043,0.015602082014083862,0.11435443162918091,-0.3685069680213928,-0.8148398399353027,-0.38677895069122314
1764809251.900949,0.32465222536027427,0.3066477821141481,-0.7887783878624439,-0.8283209204673767,-0.2201583981513977,0.04810165613889694,,,,,,
1764809251.904792,,,,,,,-0.015929877758026123,0.035436034202575684,0.10699447989463806,-0.39553898572921753,-0.793594479560852,-0.4230739176273346
1764809251.911001,0.3366511445812881,0.18053601537048816,-0.7416659235537052,-0.8314163088798523,-0.2599814534187317,0.07379131019115448,,,,,,
1764809251.914822,,,,,,,-0.012858986854553223,0.047267258167266846,0.11686736345291138,-0.3998202979564667,-0.7753686308860779,-0.4514557421207428
1764809251.921053,0.3636573710590601,0.10258476068377494,-0.7215723990738392,-0.8333796858787537,-0.2829286754131317,0.09836114943027496,,,,,,
1764809251.924852,,,,,,,-0.007547497749328613,0.04684090614318848,0.13095206022262573,-0.386577844619751,-0.7538321614265442,-0.47507646679878235
1764809251.931106,0.40447906466051936,0.14916881720423697,-0.7405389653503894,-0.8241789937019348,-0.29231950640678406,0.1297382414340973,,,,,,
1764809251.934883,,,,,,,-0.003007948398590088,0.045424073934555054,0.13946381211280823,-0.3763928711414337,-0.7331159710884094,-0.5022329688072205
1764809251.941158,0.4437039905898273,0.3121475485742092,-0.7984253371298312,-0.8020026683807373,-0.3035148084163666,0.1687394082546234,,,,,,
1764809251.944913,,,,,,,-0.002103745937347412,0.046502888202667236,0.1512555181980133,-0.3442338705062866,-0.7047234773635864,-0.526947021484375
1764809251.95121,0.4078488333545625,0.5006283854693174,-0.861522721555829,-0.7616869807243347,-0.32698071002960205,0.21205385029315948,,,,,,
1764809251.954943,,,,,,,-0.0066002607345581055,0.048018574714660645,0.1695348620414734,-0.3013092875480652,-0.6771397590637207,-0.5511993765830994
1764809251.961263,0.30721506060808895,0.60291913164258,-0.8885814088732004,-0.7067288160324097,-0.32894808053970337,0.2540624141693115,,,,,,
1764809251.964973,,,,,,,-0.01539599895477295,0.04364532232284546,0.19390654563903809,-0.25367534160614014,-0.644161581993103,-0.574530303478241
1764809251.971315,0.2122261618807912,0.6287631824731826,-0.8849117804497479,-0.6450968384742737,-0.288514107465744,0.2867356538772583,,,,,,
1764809251.975003,,,,,,,-0.02570098638534546,0.02964162826538086,0.21082302927970886,-0.2754192352294922,-0.6055113673210144,-0.602171778678894
1764809251.981367,0.06940086848437786,0.5995891104370356,-0.9376356548994779,-0.5742074847221375,-0.20869490504264832,0.316011518239975,,,,,,
1764809251.985034,,,,,,,-0.030690670013427734,-0.002162933349609375,0.2218315601348877,-0.40860411524772644,-0.575718879699707,-0.6685923337936401
1764809251.99142,-0.15438509054780006,0.5764385364741087,-1.0368944860309361,-0.500869631767273,-0.0912361815571785,0.34145882725715637,,,,,,
1764809251.995064,,,,,,,-0.029808521270751953,-0.046030282974243164,0.2212173044681549,-0.5949864983558655,-0.5382679104804993,-0.7292410135269165
1764809252.001472,-0.330626331333816,0.5821008000195026,-1.175380581179261,-0.42026475071907043,0.03853940591216087,0.362357497215271,,,,,,
1764809252.005094,,,,,,,-0.030427098274230957,-0.053495168685913086,0.21901577711105347,-0.8254087567329407,-0.47571665048599243,-0.7571313977241516
1764809252.011524,-0.40602059501409526,0.5388111088693142,-1.24692430691123,-0.35514459013938904,0.13136309385299683,0.3780704140663147,,,,,,
1764809252.015124,,,,,,,-0.03329688310623169,-0.03639543056488037,0.21473342180252075,-0.9638521075248718,-0.4006322920322418,-0.7765871286392212
1764809252.021576,-0.3798766844540834,0.48503217240869995,-1.0860644673913717,-0.31317704916000366,0.16912603378295898,0.39691969752311707,,,,,,
1764809252.025155,,,,,,,-0.038187265396118164,-0.005366086959838867,0.21028375625610352,-0.9402243494987488,-0.33726316690444946,-0.794177234172821
1764809252.031629,-0.24003011460751295,0.3764192374765873,-0.9461544769197702,-0.30032649636268616,0.1761850118637085,0.4308273196220398,,,,,,
1764809252.035185,,,,,,,-0.0366860032081604,0.045742928981781006,0.1809830665588379,-0.7354363203048706,-0.29857808351516724,-0.8392502069473267
1764809252.041681,0.040405367885529994,0.3360024714142084,-1.0272966366022824,-0.2999054491519928,0.153063103556633,0.4956226348876953,,,,,,
1764809252.045215,,,,,,,-0.029910504817962646,0.13243722915649414,0.1489049196243286,-0.46646493673324585,-0.2710186243057251,-0.9122852683067322
1764809252.051733,0.3562079318359494,0.3789887957036495,-1.002968835553527,-0.2914355397224426,0.10202867537736893,0.5851773023605347,,,,,,
1764809252.055245,,,,,,,-0.018046200275421143,0.2056909203529358,0.1255132555961609,-0.14498251676559448,-0.22770258784294128,-0.9683847427368164
1764809252.061786,0.5701204393684863,0.43982466493844985,-0.8555658589780331,-0.3019585907459259,0.032403748482465744,0.6934757828712463,,,,,,
1764809252.065275,,,,,,,-0.0036751627922058105,0.2418651580810547,0.11034435033798218,0.1440558284521103,-0.1765480637550354,-1.0173006057739258
1764809252.071838,0.5817839891552925,0.5848579897731542,-0.5903127480477094,-0.32826343178749084,-0.06514677405357361,0.8152546286582947,,,,,,
1764809252.075306,,,,,,,0.013787627220153809,0.2527695298194885,0.1214335560798645,0.19908657670021057,-0.13792504370212555,-1.1228139400482178
1764809252.08189,0.4377463973596692,0.7524287251085042,-0.3198848648279905,-0.34215644001960754,-0.1952178031206131,0.9510828256607056,,,,,,
1764809252.085336,,,,,,,0.03185927867889404,0.20948481559753418,0.14227294921875,0.036884356290102005,-0.10132920742034912,-1.2603354454040527
1764809252.091943,0.24990385836809872,0.7645645685821771,-0.1618167018532753,-0.3509075939655304,-0.3241877853870392,1.086485743522644,,,,,,
1764809252.095366,,,,,,,0.046298861503601074,0.1355423927307129,0.15484946966171265,-0.31081369519233704,-0.05921477451920509,-1.4286248683929443
1764809252.101995,0.09760814131498337,0.7277052027404308,-0.2179524305731058,-0.3519333302974701,-0.4371199607849121,1.2275478839874268,,,,,,
1764809252.105396,,,,,,,0.06229281425476074,0.09584128856658936,0.17936667799949646,-0.7930630445480347,0.0010562872048467398,-1.6556382179260254
1764809252.112047,-0.034061551816761494,0.81858841971457,-0.25695056200921534,-0.34173715114593506,-0.5056611895561218,1.3707900047302246,,,,,,
1764809252.115426,,,,,,,0.07779479026794434,0.10134482383728027,0.19018709659576416,-1.2508909702301025,0.08141504228115082,-1.8871723413467407
1764809252.1221,-0.1334548229828477,0.9813783505141734,-0.32068975147008894,-0.3247222900390625,-0.5305231809616089,1.5049949884414673,,,,,,
1764809252.125457,,,,,,,0.09443670511245728,0.16475272178649902,0.16429546475410461,-1.5814130306243896,0.15798836946487427,-2.0967063903808594
1764809252.132152,-0.21960721204280853,1.113548102122545,-0.38409225632250305,-0.32210516929626465,-0.5327224135398865,1.6250559091567993,,,,,,
1764809252.135487,,,,,,,0.10778743028640747,0.24612832069396973,0.10824859142303467,-1.7190619707107544,0.20825260877609253,-2.298779249191284
1764809252.142204,-0.2733341260552406,1.090955746564269,-0.4515601109176874,-0.3527927100658417,-0.5208064913749695,1.729877233505249,,,,,,
1764809252.145517,,,,,,,0.12100768089294434,0.31919264793395996,0.05427253246307373,-1.6986110210418701,0.24361646175384521,-2.4953720569610596
1764809252.152257,-0.18719576552063225,0.9043874652922153,-0.4630670088380575,-0.4167967140674591,-0.4848516583442688,1.8305000066757202,,,,,,
1764809252.155547,,,,,,,0.13429313898086548,0.36125725507736206,0.02295440435409546,-1.5804164409637451,0.2863554060459137,-2.668032169342041
1764809252.162309,0.04386281486302614,0.7153881574809551,-0.4258189359396696,-0.4866161048412323,-0.44027408957481384,1.9352424144744873,,,,,,
1764809252.165577,,,,,,,0.15502840280532837,0.3549107313156128,0.017614305019378662,-1.4323557615280151,0.33514904975891113,-2.775296449661255
1764809252.172361,0.2225672308921814,0.5984089607417583,-0.26523791336119174,-0.5361791253089905,-0.3670555353164673,2.0334627628326416,,,,,,
1764809252.175608,,,,,,,0.16938966512680054,0.2889503836631775,0.03044074773788452,-1.2531793117523193,0.3535009026527405,-2.8515231609344482
1764809252.182413,0.3334697380661964,0.5322235471725464,-0.20461364105045796,-0.5638351440429688,-0.25678688287734985,2.110607624053955,,,,,,
1764809252.185638,,,,,,,0.16345298290252686,0.24010664224624634,0.0698995292186737,-1.2247190475463867,0.3728213310241699,-2.9778459072113037
1764809252.192466,0.36876784594058987,0.5684036985784768,-0.1519821210592985,-0.5710717439651489,-0.17149248719215393,2.1869418621063232,,,,,,
1764809252.195668,,,,,,,0.15219354629516602,0.21112817525863647,0.09038916230201721,-1.341084361076355,0.4388698637485504,-3.079759120941162
1764809252.202518,0.39603696113824843,0.6907774478375911,0.030656419548392294,-0.5684007406234741,-0.10875941812992096,2.241492986679077,,,,,,
1764809252.205698,,,,,,,0.14785689115524292,0.15457671880722046,0.059931546449661255,-1.355665922164917,0.5314908623695374,-3.082376718521118
1764809252.21257,0.3722419517919421,0.6032534781634807,0.14283201539814472,-0.5682297945022583,-0.03938274085521698,2.2624802589416504,,,,,,
1764809252.215729,,,,,,,0.13339078426361084,0.11731040477752686,0.03423964977264404,-1.2856029272079468,0.6143261194229126,-3.0978105068206787
1764809252.222623,0.3189221572756767,0.36289983069002624,0.16729425648152826,-0.5818077921867371,0.0340549498796463,2.27083158493042,,,,,,
1764809252.225759,,,,,,,0.11672493815422058,0.15395134687423706,0.04132327437400818,-1.239423394203186,0.7147490978240967,-3.198169469833374
1764809252.232675,0.3397831589967012,0.24450550645589827,0.25374387492239475,-0.6112136244773865,0.059653785079717636,2.2885091304779053,,,,,,
1764809252.235789,,,,,,,0.11849889159202576,0.19629770517349243,0.04597462713718414,-1.1078156232833862,0.8466850519180298,-3.260328769683838
1764809252.242727,0.37925183055400846,0.23553134188354014,0.3834948749512434,-0.644036054611206,0.047031059861183167,2.3135452270507812,,,,,,
1764809252.245819,,,,,,,0.1365952491760254,0.1914975643157959,0.02507014572620392,-0.8165248036384583,0.920930802822113,-3.234065055847168
1764809252.25278,0.36783261091709135,0.1444014566719532,0.4836912791937589,-0.6735103726387024,0.058035239577293396,2.3340225219726562,,,,,,
1764809252.255849,,,,,,,0.14545667171478271,0.17136722803115845,-0.005318284034729004,-0.45669713616371155,0.9435857534408569,-3.210437536239624
1764809252.262832,0.2803144864618778,0.03138239573538303,0.44666415556967254,-0.699511706829071,0.11425241827964783,2.344086170196533,,,,,,
1764809252.26588,,,,,,,0.1355208456516266,0.16983991861343384,-0.014019593596458435,-0.15701745450496674,0.9745593667030334,-3.2163095474243164
1764809252.272884,0.16108838757872582,-0.08150923942923545,0.32571722424328325,-0.729332447052002,0.1986008584499359,2.3490960597991943,,,,,,
1764809252.27591,,,,,,,0.12505373358726501,0.18656456470489502,-0.01169005036354065,0.07366609573364258,1.0570558309555054,-3.2286341190338135
1764809252.282937,0.07995499572455883,-0.10570844566226005,0.2913894227057695,-0.7609800100326538,0.2778249979019165,2.3717591762542725,,,,,,
1764809252.28594,,,,,,,0.12226194143295288,0.23059427738189697,0.06267960369586945,0.24872232973575592,1.1564053297042847,-3.2889866828918457
1764809252.292989,0.09807634334862232,0.044378070908784865,0.48753392609655855,-0.8180475831031799,0.2767203152179718,2.4142508506774902,,,,,,
1764809252.29597,,,,,,,0.1535954773426056,0.2864549160003662,0.10992419719696045,0.3367427587509155,1.244166612625122,-3.313112497329712
1764809252.303041,0.14011515765488147,0.2077545694246888,0.699576840364933,-0.8588260412216187,0.27680686116218567,2.474057674407959,,,,,,
1764809252.306,,,,,,,0.20118457078933716,0.22436034679412842,0.08485263586044312,0.5051707029342651,1.2646807432174683,-3.286105155944824
1764809252.313093,0.224522456613183,0.3483206857174635,0.5313157846778631,-0.8608178496360779,0.3512970805168152,2.5542969703674316,,,,,,
1764809252.316031,,,,,,,0.22081156075000763,0.12465721368789673,0.07915425300598145,0.5254618525505066,1.2307019233703613,-3.299652099609375
1764809252.323146,0.3694833007335663,0.4954743637070059,0.1588099212527275,-0.8482843637466431,0.4529302418231964,2.634690046310425,,,,,,
1764809252.326061,,,,,,,0.21899142861366272,0.05188685655593872,0.07308709621429443,0.35717901587486267,1.2425189018249512,-3.342390775680542
1764809252.333198,0.4689157348662615,0.5683031608134508,-0.021358429849147795,-0.8380727767944336,0.5348525047302246,2.6888225078582764,,,,,,
1764809252.336091,,,,,,,0.19798557460308075,0.016959547996520996,0.0988234281539917,0.16320368647575378,1.2998847961425781,-3.3896749019622803
1764809252.34325,0.5531973616182804,0.47033875340670345,0.07669570166766643,-0.8413110375404358,0.5351316928863525,2.710298776626587,,,,,,
1764809252.346121,,,,,,,0.18262743949890137,0.07033491134643555,0.126376211643219,-0.015982676297426224,1.3752700090408325,-3.39363956451416
1764809252.353303,0.5933037465572357,0.37381256210952996,0.37190088326931,-0.8625638484954834,0.4427388608455658,2.698033571243286,,,,,,
1764809252.356151,,,,,,,0.19003698229789734,0.13357120752334595,0.11654782295227051,-0.021357202902436256,1.4221084117889404,-3.3763582706451416
1764809252.363355,0.581007159563899,0.3231508808866143,0.5309586418032646,-0.8754558563232422,0.35373035073280334,2.693917751312256,,,,,,
1764809252.366182,,,,,,,0.2066657841205597,0.15031278133392334,0.07665348052978516,0.0816771537065506,1.4462789297103882,-3.33329701423645
1764809252.373407,0.678123717969656,0.31678821398690343,0.500892004841566,-0.8842543959617615,0.3192831575870514,2.7076358795166016,,,,,,
1764809252.376212,,,,,,,0.21880429983139038,0.12002849578857422,0.062299489974975586,0.16796009242534637,1.4661085605621338,-3.3318915367126465
1764809252.38346,0.717624538230896,0.397546488918364,0.22508768928050993,-0.9001877903938293,0.33284786343574524,2.7448229789733887,,,,,,
1764809252.386242,,,,,,,0.23204800486564636,0.09056812524795532,0.054053694009780884,0.1269189417362213,1.4739753007888794,-3.3193788528442383
1764809252.393512,0.7153332124233246,0.4489887991249561,0.12388882999718188,-0.9026980996131897,0.3636859357357025,2.7711005210876465,,,,,,
1764809252.396272,,,,,,,0.23666249215602875,0.020812034606933594,0.023844420909881592,0.21329458057880402,1.473418951034546,-3.272716522216797
1764809252.403564,0.5436328299373387,0.4051230616524815,0.04179857580959797,-0.9061670303344727,0.37318506836891174,2.763702154159546,,,,,,
1764809252.406303,,,,,,,0.22218570113182068,0.00796133279800415,0.03281664848327637,0.2958240211009979,1.453891634941101,-3.2391650676727295
1764809252.413617,0.25431027663350103,0.32650442909821864,0.07248480597436428,-0.9163352251052856,0.3448255956172943,2.721369981765747,,,,,,
1764809252.416333,,,,,,,0.20985615253448486,0.028889596462249756,0.016811341047286987,0.39641985297203064,1.4769407510757446,-3.1944119930267334
1764809252.423669,-0.032740824607014656,0.1778049099061638,0.22896949914991854,-0.9221495389938354,0.32858917117118835,2.670938014984131,,,,,,
1764809252.426363,,,,,,,0.20536571741104126,0.025083601474761963,0.054526567459106445,0.4609012305736542,1.5039209127426147,-3.186727285385132
1764809252.433721,-0.1427145264983177,0.23834566865190862,0.09778700501322746,-0.9258736968040466,0.29968321323394775,2.6464056968688965,,,,,,
1764809252.436392,,,,,,,0.22380349040031433,0.04599076509475708,0.09560900926589966,0.3447019159793854,1.5421432256698608,-3.1554691791534424
1764809252.443773,-0.07443769360780715,0.4379288412544876,0.205339032715559,-0.8988842964172363,0.348156213760376,2.6338093280792236,,,,,,
1764809252.446422,,,,,,,0.24479182064533234,-0.05179327726364136,0.05796588957309723,0.417906254529953,1.5424619913101196,-3.07962703704834
1764809252.453826,-0.025773323681950566,0.5903872015234083,-0.11994681437313556,-0.8589200973510742,0.42480650544166565,2.6339635848999023,,,,,,
1764809252.456453,,,,,,,0.24138306081295013,-0.1075863242149353,0.06283295154571533,0.48929575085639954,1.4836915731430054,-3.053485155105591
1764809252.463878,0.012877017229795455,0.7885892219658941,-0.342760128980875,-0.8533217906951904,0.37962520122528076,2.646456241607666,,,,,,
1764809252.466483,,,,,,,0.23039357364177704,-0.0035987496376037598,0.10356982052326202,0.34649938344955444,1.4827680587768555,-3.0698955059051514
1764809252.47393,0.16062018554508686,0.9060195965386927,0.11041560043990611,-0.8585360050201416,0.31561267375946045,2.6437370777130127,,,,,,
1764809252.476513,,,,,,,0.23778657615184784,0.020336151123046875,0.04874110221862793,0.32258713245391846,1.5373390913009644,-3.011449098587036
1764809252.483983,0.3222352273464203,0.8831084573548287,0.08344634497165679,-0.8321346044540405,0.30419042706489563,2.6313226222991943,,,,,,
1764809252.486543,,,,,,,0.25418493151664734,-0.037284672260284424,0.04078972339630127,0.2952539324760437,1.50410795211792,-2.9631099700927734
1764809252.494035,0.3601706979870796,0.8931305966101586,-0.21567805590033529,-0.8189737796783447,0.299047589302063,2.5992579460144043,,,,,,
1764809252.496573,,,,,,,0.267645001411438,-0.07225513458251953,0.03037300705909729,0.17640213668346405,1.5012226104736328,-2.8913559913635254
1764809252.504087,0.2644073077559471,0.819081610058993,0.018199673557281495,-0.8158336281776428,0.28598594665527344,2.557729959487915,,,,,,
1764809252.506604,,,,,,,0.25794434547424316,-0.14245367050170898,0.006402045488357544,0.22087781131267548,1.4758206605911255,-2.8247551918029785
1764809252.51414,0.14418869070410728,0.7267849460903555,0.044807109975814816,-0.8004274964332581,0.24984127283096313,2.479872703552246,,,,,,
1764809252.516634,,,,,,,0.24449461698532104,-0.11868011951446533,-0.0008695721626281738,0.22894665598869324,1.440545678138733,-2.761446714401245
1764809252.524193,-0.017967033845186234,0.45620720607116816,0.04451777164041996,-0.7877463102340698,0.2533264756202698,2.369992971420288,,,,,,
1764809252.526664,,,,,,,0.23044425249099731,-0.10488086938858032,-0.02097177505493164,0.34392356872558594,1.434246301651001,-2.684804677963257
1764809252.534245,-0.31445290290713307,0.2315818005401641,-0.08537000651061534,-0.7580723166465759,0.23808066546916962,2.2619333267211914,,,,,,
1764809252.536694,,,,,,,0.2237541377544403,-0.1110042929649353,-0.01056644320487976,0.3939768671989441,1.4129815101623535,-2.6365954875946045
1764809252.544298,-0.5393886164963245,0.3787979493066668,-0.14097849648594857,-0.7277714014053345,0.22395934164524078,2.161059617996216,,,,,,
1764809252.546724,,,,,,,0.22818470001220703,-0.09624350070953369,0.01658111810684204,0.2869318425655365,1.4074077606201172,-2.5849432945251465
1764809252.55435,-0.69154434055686,0.46515068324431774,-0.10633563764989376,-0.6898053884506226,0.22916315495967865,2.104315757751465,,,,,,
1764809252.556755,,,,,,,0.2297365665435791,-0.13732129335403442,0.008198261260986328,0.20493686199188232,1.3798855543136597,-2.5309741497039795
1764809252.564402,-0.5931546934753656,0.6755915691435337,-0.2400987959295511,-0.6493377089500427,0.2575165331363678,2.052079439163208,,,,,,
1764809252.566785,,,,,,,0.22264936566352844,-0.1508316993713379,0.020619601011276245,0.03338254243135452,1.3443126678466797,-2.498479127883911
1764809252.574454,-0.5131722252219915,0.7476143105641007,-0.25773908203840257,-0.636679470539093,0.2764340341091156,2.018566370010376,,,,,,
1764809252.576815,,,,,,,0.20787912607192993,-0.12188714742660522,0.027856409549713135,-0.14327825605869293,1.3565818071365356,-2.4678008556365967
1764809252.584507,-0.29724457847476005,0.8063314340792596,-0.1148562132358551,-0.6403243541717529,0.3025866448879242,1.9818791151046753,,,,,,
1764809252.586845,,,,,,,0.1986197829246521,-0.09967726469039917,0.004231959581375122,-0.137334942817688,1.3700867891311646,-2.400838613510132
1764809252.594559,-0.09976502708792685,0.7312542735241353,-0.19483108270466326,-0.6482270359992981,0.298297643661499,1.9272406101226807,,,,,,
1764809252.596876,,,,,,,0.2003171741962433,-0.048369765281677246,-0.027094483375549316,-0.0347137525677681,1.3382054567337036,-2.3300693035125732
1764809252.604611,-0.058761401048302644,0.5736000981777906,-0.215699098688364,-0.6711729764938354,0.28865405917167664,1.8721126317977905,,,,,,
1764809252.606906,,,,,,,0.20065835118293762,-0.04148101806640625,-0.0817878246307373,0.1860690414905548,1.287589192390442,-2.2666540145874023
1764809252.614664,-0.06627718350589275,0.5227396795123815,-0.23706395827829838,-0.6946580410003662,0.25602686405181885,1.7845451831817627,,,,,,
1764809252.616936,,,,,,,0.19486963748931885,-0.08254700899124146,-0.11553791165351868,0.41819867491722107,1.2124207019805908,-2.1981496810913086
1764809252.624716,-0.34809973644316194,0.2651169173300266,-0.31104221768081186,-0.7178664803504944,0.19121845066547394,1.6570357084274292,,,,,,
1764809252.626966,,,,,,,0.1928802728652954,-0.07702434062957764,-0.08261764049530029,0.5260298252105713,1.1420708894729614,-2.163320779800415
1764809252.634768,-0.5311193853229284,0.10497954686582088,-0.30924481287002564,-0.7566761374473572,0.202890545129776,1.5665569305419922,,,,,,
1764809252.636996,,,,,,,0.19192874431610107,-0.07668781280517578,-0.06745004653930664,0.6006640791893005,1.0910273790359497,-2.1018290519714355
1764809252.644821,-0.26906419365108014,0.3204538968876004,-0.3733843998253345,-0.7950571179389954,0.2145272195339203,1.5125608444213867,,,,,,
1764809252.647027,,,,,,,0.1944214105606079,-0.1234978437423706,-0.07470613718032837,0.7013624906539917,1.0092339515686035,-2.0111019611358643
1764809252.654873,-0.12052782913148402,0.5045312381267547,-0.36688626997768875,-0.8124739527702332,0.17483706772327423,1.4497631788253784,,,,,,
1764809252.657057,,,,,,,0.19383567571640015,-0.1684216856956482,-0.061534345149993896,0.7010753750801086,0.9157847762107849,-1.931732177734375
1764809252.664925,-0.13426672388762234,0.4853638885810971,-0.3562175764471292,-0.8238819241523743,0.14277343451976776,1.4015192985534668,,,,,,
1764809252.667087,,,,,,,0.18889641761779785,-0.22039061784744263,-0.0699664056301117,0.6244605183601379,0.8253358006477356,-1.8650636672973633
1764809252.674977,-0.023807576566934583,0.6180524033665656,-0.5163251362949609,-0.807682454586029,0.0807311087846756,1.3161956071853638,,,,,,
1764809252.677117,,,,,,,0.18569284677505493,-0.276262104511261,-0.07977694272994995,0.5368521213531494,0.7487065196037292,-1.7946193218231201
1764809252.68503,-0.2535831314027309,0.682168901707232,-0.6204927822560071,-0.7816449403762817,0.02090274542570114,1.2027586698532104,,,,,,
1764809252.687147,,,,,,,0.1885758638381958,-0.2937008738517761,-0.06780242919921875,0.42877817153930664,0.6748514771461487,-1.7013556957244873
1764809252.695082,-0.5171604180753231,0.8412474107682705,-0.793368053740263,-0.7545667290687561,-0.009904969483613968,1.0991557836532593,,,,,,
1764809252.697178,,,,,,,0.19911479949951172,-0.30048155784606934,-0.07017606496810913,0.33634018898010254,0.5863311886787415,-1.589572787284851
1764809252.705134,-0.5622010445460677,1.0733528698563575,-1.0125275220155716,-0.7197293639183044,-0.04396692290902138,0.9867550730705261,,,,,,
1764809252.707208,,,,,,,0.21223944425582886,-0.3298038840293884,-0.06927609443664551,0.3055509328842163,0.46671372652053833,-1.4548817873001099
1764809252.715187,-0.451816423766315,1.1576382960006595,-1.1910124500751496,-0.6709152460098267,-0.08532315492630005,0.8690832853317261,,,,,,
1764809252.717238,,,,,,,0.22283625602722168,-0.35595953464508057,-0.06692254543304443,0.30839383602142334,0.3407648503780365,-1.3054907321929932
1764809252.725239,-0.33672873986214397,1.253334173953533,-1.2037176178693771,-0.6189231276512146,-0.1405871957540512,0.7524291276931763,,,,,,
1764809252.727268,,,,,,,0.22074353694915771,-0.3700137734413147,-0.06561335921287537,0.31153810024261475,0.23381896317005157,-1.1544899940490723
1764809252.735291,-0.5551727533444762,1.3030281791880727,-1.1934463992238045,-0.5657275319099426,-0.150279238820076,0.6336076259613037,,,,,,
1764809252.737299,,,,,,,0.2208142876625061,-0.36629921197891235,-0.0637635588645935,0.32124289870262146,0.14866864681243896,-0.9883415102958679
1764809252.745344,-0.8844675438135862,1.3672943151324986,-1.1357751314997673,-0.5141136050224304,-0.12360221892595291,0.5254542827606201,,,,,,
1764809252.747329,,,,,,,0.22757208347320557,-0.3793675899505615,-0.08277606964111328,0.31992584466934204,0.06476522237062454,-0.7957996726036072
1764809252.755396,-1.329607266294956,1.371978673556447,-1.0270447076678275,-0.44570067524909973,-0.11261987686157227,0.3904338777065277,,,,,,
1764809252.757359,,,,,,,0.22872710227966309,-0.3995233178138733,-0.08447891473770142,0.2620398998260498,-0.021750759333372116,-0.6064673066139221
1764809252.765448,-1.5405375431463122,1.4140581121340394,-1.0155845714986325,-0.36887380480766296,-0.0920337662100792,0.2593856155872345,,,,,,
1764809252.767389,,,,,,,0.22440212965011597,-0.41006481647491455,-0.09154611825942993,0.19464154541492462,-0.07847582548856735,-0.42447173595428467
1764809252.775501,-1.2897443347230553,1.5597282735675573,-1.0526830067932604,-0.2849661409854889,-0.09281700104475021,0.11726520955562592,,,,,,
1764809252.777419,,,,,,,0.22294151782989502,-0.42610347270965576,-0.0966300368309021,0.1633523404598236,-0.15475249290466309,-0.2295677661895752
1764809252.785553,-1.2100520815879106,1.615287079182267,-0.9628431613922118,-0.20667462050914764,-0.07756060361862183,-0.01617578975856304,,,,,,
1764809252.78745,,,,,,,0.22999298572540283,-0.43634581565856934,-0.10526034235954285,0.12915478646755219,-0.23016095161437988,-0.012173990719020367
1764809252.795605,-1.3626938355997205,1.6105474834397435,-0.8867658838838338,-0.12487535923719406,-0.04757501184940338,-0.16271276772022247,,,,,,
1764809252.79748,,,,,,,0.23469072580337524,-0.4555685520172119,-0.11621344089508057,0.12968581914901733,-0.2949066460132599,0.2128082662820816
1764809252.805657,-1.603496980406344,1.531352658432722,-0.8217804937541484,-0.031125202775001526,-0.021629206836223602,-0.3161604404449463,,,,,,
1764809252.80751,,,,,,,0.24216735363006592,-0.4572373032569885,-0.11443650722503662,0.14656780660152435,-0.3630204498767853,0.4459047019481659
1764809252.81571,-1.790884761367738,1.499552621807158,-0.7333832483768463,0.05897193029522896,0.01785348728299141,-0.4665560722351074,,,,,,
1764809252.81754,,,,,,,0.24652820825576782,-0.4396594166755676,-0.12257206439971924,0.19687038660049438,-0.4295984208583832,0.6750379800796509
1764809252.825762,-1.8854253318056462,1.4483888362810016,-0.6593558891355991,0.14493690431118011,0.06274532526731491,-0.6172502636909485,,,,,,
1764809252.82757,,,,,,,0.2446308135986328,-0.42846423387527466,-0.13997545838356018,0.2960425615310669,-0.48824334144592285,0.9153239727020264
1764809252.835814,-1.8989537986814975,1.3852122491389511,-0.6337947468996048,0.23019666969776154,0.10950031876564026,-0.7629706859588623,,,,,,
1764809252.837601,,,,,,,0.24021106958389282,-0.4282572269439697,-0.15254279971122742,0.4001646935939789,-0.5458834767341614,1.1576833724975586
1764809252.845867,-1.8562787322983145,1.3266095457836984,-0.5879530331790447,0.3113873600959778,0.15779615938663483,-0.9007440805435181,,,,,,
1764809252.847631,,,,,,,0.23748540878295898,-0.4316839575767517,-0.16252779960632324,0.4749922752380371,-0.5977714657783508,1.3949551582336426
1764809252.855919,-1.810363076558709,1.2638736881464718,-0.5832575688391923,0.4162956774234772,0.20049887895584106,-1.047890305519104,,,,,,
1764809252.857661,,,,,,,0.23555833101272583,-0.4495656490325928,-0.15675970911979675,0.5167996287345886,-0.6519606709480286,1.6233443021774292
1764809252.865971,-1.7800088548272848,1.1530407390773296,-0.6083528471291065,0.5518864393234253,0.14359891414642334,-1.2194905281066895,,,,,,
1764809252.867691,,,,,,,0.23857903480529785,-0.4373491406440735,-0.10528019070625305,0.45036518573760986,-0.702136218547821,1.8332525491714478
1764809252.876024,-1.7203280008465052,1.1727221756249666,-0.5380798719853163,0.6993467211723328,0.05052117630839348,-1.3786876201629639,,,,,,
1764809252.877721,,,,,,,0.24367749691009521,-0.36588066816329956,-0.026106715202331543,0.21834847331047058,-0.7349314093589783,1.9957159757614136
1764809252.886076,-1.3547688878193498,1.3201996787413954,-0.5682575681060552,0.799913763999939,0.04428589716553688,-1.457856297492981,,,,,,
1764809252.887752,,,,,,,0.24703264236450195,-0.2911047339439392,0.011497259140014648,-0.05757865682244301,-0.7529354691505432,2.138746738433838
1764809252.896128,-0.8672472366824746,1.4831836708083748,-0.5568558841258288,0.8436559438705444,0.09182785451412201,-1.4848769903182983,,,,,,
1764809252.897782,,,,,,,0.24264538288116455,-0.27850133180618286,-0.00577053427696228,-0.21251603960990906,-0.7820877432823181,2.2874789237976074
1764809252.90618,-0.7026777289897203,1.4535337979540228,-0.44905134296715254,0.8765171766281128,0.12969987094402313,-1.5130923986434937,,,,,,
1764809252.907812,,,,,,,0.2356497049331665,-0.29351913928985596,-0.043435633182525635,-0.28538650274276733,-0.821478545665741,2.443141460418701
1764809252.916233,-0.7332242584228515,1.2367439814195036,-0.37758828125596045,0.9106636643409729,0.16209030151367188,-1.5708922147750854,,,,,,
1764809252.917842,,,,,,,0.22881072759628296,-0.30407702922821045,-0.0997123122215271,-0.2800567150115967,-0.8402552008628845,2.5967302322387695
1764809252.926285,-0.8884493069261312,0.9704089204713702,-0.3185258514344692,0.9487856030464172,0.1983996331691742,-1.6644021272659302,,,,,,
1764809252.927873,,,,,,,0.23037701845169067,-0.31524813175201416,-0.15215536952018738,-0.16677315533161163,-0.8655315041542053,2.7326912879943848
1764809252.936337,-1.14938455465734,0.6539762419238686,-0.37145898472070693,1.0001657009124756,0.25277474522590637,-1.7853258848190308,,,,,,
1764809252.937903,,,,,,,0.23384374380111694,-0.32446223497390747,-0.19220206141471863,0.07141517847776413,-0.9032719731330872,2.8632805347442627
1764809252.94639,-1.4352180968016386,0.3787470959022641,-0.4497638751506805,1.0747874975204468,0.30368050932884216,-1.953885793685913,,,,,,
1764809252.947933,,,,,,,0.23270776867866516,-0.32787954807281494,-0.17172300815582275,0.36317768692970276,-0.9322463870048523,3.000014305114746
1764809252.956442,-1.7754554293066263,0.10936404556035995,-0.40262627640068527,1.1593271493911743,0.2273593693971634,-2.1587305068969727,,,,,,
1764809252.957963,,,,,,,0.23444178700447083,-0.2881825566291809,-0.09747713804244995,0.5191766023635864,-0.9302785396575928,3.1219732761383057
1764809252.966494,-1.881438600257039,-0.041603199367970224,-0.1879372315376997,1.2403576374053955,0.09031172841787338,-2.3619039058685303,,,,,,
1764809252.967993,,,,,,,0.2424893081188202,-0.21473920345306396,0.010565638542175293,0.42091265320777893,-0.9063109159469604,3.2298293113708496
1764809252.976547,-1.5417764372915028,0.031143034021556375,-0.10867430973052977,1.3044368028640747,0.03865785896778107,-2.4760842323303223,,,,,,
1764809252.978024,,,,,,,0.2554691433906555,-0.16590285301208496,0.0754273533821106,0.1741659790277481,-0.8817960023880005,3.3373866081237793
1764809252.986599,-0.8443085519045591,0.3842693664550781,-0.23385317953824997,1.3602172136306763,0.13690894842147827,-2.486675262451172,,,,,,
1764809252.988054,,,,,,,0.2562289535999298,-0.21113592386245728,0.07620233297348022,-0.07955075055360794,-0.883409857749939,3.4816575050354004
1764809252.996651,-0.31738252661824223,0.7001089014150201,-0.5551192695915699,1.426413655281067,0.30036765336990356,-2.4306602478027344,,,,,,
1764809252.998084,,,,,,,0.2364722192287445,-0.30091965198516846,0.07266825437545776,-0.18579037487506866,-0.9099264144897461,3.646326780319214
1764809253.006703,-0.0992184991210699,0.8178706268340349,-0.689971976673603,1.4955265522003174,0.4114607274532318,-2.415339231491089,,,,,,
1764809253.008114,,,,,,,0.2132711410522461,-0.32541733980178833,0.04421734809875488,-0.24293769896030426,-0.922039806842804,3.8171164989471436
1764809253.016756,-0.19534195483624933,0.46626317453086374,-0.6168026955664158,1.5646809339523315,0.4542204439640045,-2.4732325077056885,,,,,,
1764809253.018144,,,,,,,0.20152685046195984,-0.30824506282806396,-0.008159518241882324,-0.1614558845758438,-0.9135909080505371,3.957585096359253
1764809253.026808,-0.31705928601324557,0.005501593090966344,-0.5393734189271927,1.6302436590194702,0.4438875913619995,-2.595756769180298,,,,,,
1764809253.028175,,,,,,,0.20592281222343445,-0.298366904258728,-0.0751272439956665,-0.010010316036641598,-0.9265458583831787,4.086919784545898
1764809253.03686,-0.45489422377645966,-0.4445326599663123,-0.5168985522687435,1.69773530960083,0.407989501953125,-2.7817625999450684,,,,,,
1764809253.038205,,,,,,,0.21804970502853394,-0.31887418031692505,-0.1116051971912384,0.15985994040966034,-0.9517297744750977,4.212027072906494
1764809253.046913,-0.6696364601314068,-0.9347380337618291,-0.5165823259264231,1.7531628608703613,0.30103203654289246,-3.0222625732421875,,,,,,
1764809253.048235,,,,,,,0.23491306602954865,-0.3385467529296875,-0.08354496955871582,0.2247256636619568,-0.9391290545463562,4.3173980712890625
1764809253.056965,-0.814440652385354,-1.2960592169582843,-0.3205436209976673,1.7499783039093018,-0.006682377774268389,-3.2589499950408936,,,,,,
1764809253.058265,,,,,,,0.2572175860404968,-0.22205615043640137,0.05607923865318298,-0.04539582133293152,-0.8536354303359985,4.232207298278809
1764809253.067017,-0.5960720422267913,-1.3488202085480092,0.13773264643251895,1.683703064918518,-0.4143512547016144,-3.4225118160247803,,,,,,
1764809253.068295,,,,,,,0.300381064414978,0.029446423053741455,0.18940407037734985,-0.6615917086601257,-0.7237469553947449,4.113006591796875
1764809253.07707,0.10460019215941428,-1.0998317114591598,0.8300146536141634,1.5704692602157593,-0.6649893522262573,-3.447664260864258,,,,,,
1764809253.078326,,,,,,,0.3553228974342346,0.14135491847991943,0.20199209451675415,-0.9438042044639587,-0.7291315793991089,4.177781581878662
1764809253.087122,0.8732242652654647,-0.463537475894019,0.6327385158449411,1.4833970069885254,-0.6764726042747498,-3.3236565589904785,,,,,,
1764809253.088356,,,,,,,0.3708677589893341,0.11179041862487793,0.175563246011734,-0.826504111289978,-0.8898935914039612,4.324584007263184
1764809253.097174,1.4768997682332992,0.36672128867432474,-0.07874678897857666,1.458243489265442,-0.489582359790802,-3.0840656757354736,,,,,,
1764809253.098386,,,,,,,0.32389023900032043,0.055757999420166016,0.23745492100715637,-0.567689836025238,-0.9714046716690063,4.484842777252197
1764809253.107226,1.8682739982575176,0.9393909741342067,-0.5402104542732239,1.4807652235031128,-0.21892881393432617,-2.8051836490631104,,,,,,
1764809253.108416,,,,,,,0.2532408833503723,-0.014164566993713379,0.2502303421497345,-0.22129546105861664,-0.918742299079895,4.636634826660156
1764809253.117279,1.8594611617267132,1.0961446935094892,-0.7700082209408283,1.5344487428665161,-0.005597096402198076,-2.5723676681518555,,,,,,
1764809253.118447,,,,,,,0.2077077031135559,-0.0348396897315979,0.1860141158103943,0.1310463547706604,-0.8109465837478638,4.7143778800964355
1764809253.127331,1.4306903902441261,0.81891487518996,-0.8096282836675643,1.6126868724822998,0.0855269730091095,-2.5045793056488037,,,,,,
1764809253.128477,,,,,,,0.20021945238113403,-0.015047907829284668,0.09401589632034302,0.5294579863548279,-0.7147390842437744,4.681268215179443
1764809253.137383,0.42504152182638644,0.18286226636096833,-0.8221154247969389,1.6688179969787598,0.1271630972623825,-2.6142995357513428,,,,,,
1764809253.138507,,,,,,,0.2205103635787964,0.010467112064361572,0.013002336025238037,0.9854308366775513,-0.6215699911117554,4.584639549255371
1764809253.147436,-0.508743887385726,-0.42280572559833524,-0.7329092011243105,1.6887935400009155,0.1664663553237915,-2.8469674587249756,,,,,,
1764809253.148537,,,,,,,0.2465357482433319,0.052487313747406006,-0.02655857801437378,1.3568110466003418,-0.5249113440513611,4.477081298828125
1764809253.157488,-1.0776850538417697,-0.7448220494970679,-0.6017956805706024,1.6650447845458984,0.22780375182628632,-3.1192855834960938,,,,,,
1764809253.158567,,,,,,,0.2776641845703125,0.07558906078338623,-0.06732875108718872,1.5166265964508057,-0.38428953289985657,4.415823936462402
1764809253.16754,-1.2547115997865796,-0.7855395520716905,-0.3466156353652477,1.5994776487350464,0.2677905559539795,-3.3453855514526367,,,,,,
1764809253.168598,,,,,,,0.3034777045249939,0.1059066653251648,-0.04090908169746399,1.4023083448410034,-0.2856771945953369,4.2226080894470215
1764809253.177593,-0.9844655028745531,-0.5260930815935134,-0.1534989553630352,1.4942158460617065,0.27390891313552856,-3.4467060565948486,,,,,,
1764809253.178628,,,,,,,0.32846707105636597,0.16208875179290771,-0.0009369254112243652,1.1092239618301392,-0.16229082643985748,4.080805778503418
1764809253.187645,-0.30151743348836896,-0.07015899337530136,0.10024199694991111,1.3577790260314941,0.3120328485965729,-3.400914192199707,,,,,,
1764809253.188658,,,,,,,0.3544952869415283,0.16397106647491455,-0.01201242208480835,0.9906798601150513,-0.046953048557043076,4.1362833976745605
1764809253.197697,0.5304875171601772,0.35195173569619653,0.11458382603526114,1.230697512626648,0.35969650745391846,-3.2453675270080566,,,,,,
1764809253.198688,,,,,,,0.3580529987812042,0.12899750471115112,0.009974896907806396,1.065293550491333,-0.06429529190063477,4.236785888671875
1764809253.207749,1.2653332393050194,0.5713531960338354,0.0875765766441822,1.1380164623260498,0.41517022252082825,-3.0207605361938477,,,,,,
1764809253.208718,,,,,,,0.32294344902038574,0.0918968915939331,0.05968153476715088,1.2913004159927368,-0.08297603577375412,4.278678894042969
1764809253.217802,1.932261901782453,0.7021709485113621,0.037791093733906746,1.0924607515335083,0.4332064986228943,-2.8061389923095703,,,,,,
1764809253.218749,,,,,,,0.27782851457595825,0.11519753932952881,0.08553636074066162,1.4402414560317993,-0.030113350600004196,4.258762359619141
1764809253.227854,2.2771084816485643,0.7402510883197188,-0.04207505466341972,1.0741835832595825,0.4108571708202362,-2.6350269317626953,,,,,,
1764809253.228779,,,,,,,0.25405576825141907,0.1641412377357483,0.11360692977905273,1.5372873544692993,0.03928782790899277,4.122962951660156
1764809253.237906,2.3861679913043976,0.7531412572920322,-0.07973112384080887,1.0903472900390625,0.3203986585140228,-2.5600576400756836,,,,,,
1764809253.238809,,,,,,,0.25797486305236816,0.204836905002594,0.11784058809280396,1.5864008665084839,0.09710824489593506,4.000247955322266
1764809253.247959,2.009036513905227,0.6223194131612777,-0.0887789381712675,1.0979112386703491,0.18496297299861908,-2.577133893966675,,,,,,
1764809253.248839,,,,,,,0.2828420400619507,0.25705665349960327,0.09848147630691528,1.4517549276351929,0.09158512204885483,3.8555943965911865
1764809253.258011,1.4720757090777157,0.5654501094698906,-0.05486439360976219,1.0563496351242065,0.015002965927124023,-2.6441075801849365,,,,,,
1764809253.258869,,,,,,,0.3087204098701477,0.2865820527076721,0.05734562873840332,1.2389411926269531,0.07738248258829117,3.7411012649536133
1764809253.268063,1.0152005406171083,0.5461807608544826,0.03882043678164482,0.9658162593841553,-0.13192497193813324,-2.711423873901367,,,,,,
1764809253.2689,,,,,,,0.3293467164039612,0.2832767963409424,0.01611638069152832,1.0385661125183105,0.051435571163892746,3.6936659812927246
1764809253.278115,0.7011445280730724,0.4590501744121313,0.053013797307014464,0.8342621922492981,-0.20374803245067596,-2.7342169284820557,,,,,,
1764809253.27893,,,,,,,0.33405089378356934,0.2705160975456238,-0.026887118816375732,0.9258352518081665,0.0004719898570328951,3.621994733810425
1764809253.288168,0.6176870771855115,0.4103717759609222,-0.03911971198916435,0.6906328797340393,-0.2244493067264557,-2.69020414352417,,,,,,
1764809253.28896,,,,,,,0.32361358404159546,0.28171634674072266,-0.05672287940979004,0.85182785987854,-0.06469929218292236,3.5021586418151855
1764809253.29822,0.7539838455960154,0.419150710222125,-0.020085341173410414,0.5523775815963745,-0.22916869819164276,-2.5776917934417725,,,,,,
1764809253.29899,,,,,,,0.3052824139595032,0.3013603687286377,-0.08630561828613281,0.8035862445831299,-0.1273733228445053,3.3477351665496826
1764809253.308272,1.0006441919982432,0.4517705387979746,0.015887304961681364,0.42268094420433044,-0.26584216952323914,-2.424384355545044,,,,,,
1764809253.309021,,,,,,,0.2802579998970032,0.3135712146759033,-0.09025651216506958,0.829739511013031,-0.17496562004089355,3.1986191272735596
1764809253.318325,1.2090695002913474,0.44472062028646464,0.09630699558854103,0.3166991174221039,-0.34805741906166077,-2.2607522010803223,,,,,,
1764809253.319051,,,,,,,0.24515420198440552,0.32742995023727417,-0.05764883756637573,0.9097424745559692,-0.1996706873178482,3.0605380535125732
1764809253.328377,1.3459402691975235,0.4401256937116384,0.27941023109853264,0.2237064391374588,-0.4318917989730835,-2.053985595703125,,,,,,
1764809253.329081,,,,,,,0.20315861701965332,0.3363625407218933,0.004245281219482422,1.0137611627578735,-0.20329871773719788,2.932513952255249
1764809253.338429,1.6879824591673909,0.5744739584028721,0.5032061270028353,0.199128657579422,-0.5898745656013489,-1.9379792213439941,,,,,,
1764809253.339111,,,,,,,0.15758579969406128,0.328459769487381,0.07758951187133789,1.089709758758545,-0.18616846203804016,2.7998335361480713
1764809253.348481,1.1106776612527667,0.5144949982583522,0.5915495963662862,0.1916629523038864,-0.6688405871391296,-1.8781960010528564,,,,,,
1764809253.349141,,,,,,,0.12133419513702393,0.30040475726127625,0.14304757118225098,1.1762419939041138,-0.10780175775289536,2.6843314170837402
1764809253.358534,0.7043439086362719,0.6515396624267101,0.6274883402317762,0.23470203578472137,-0.6935520768165588,-1.8391631841659546,,,,,,
1764809253.359172,,,,,,,0.10013705492019653,0.2849298119544983,0.15584146976470947,1.2837036848068237,-0.012742348946630955,2.5593104362487793
1764809253.368586,0.538331070267409,0.9015273996859788,0.478508323597908,0.29811668395996094,-0.6951097846031189,-1.7639546394348145,,,,,,
1764809253.369202,,,,,,,0.08499044179916382,0.301279753446579,0.11437541246414185,1.4382191896438599,0.05874834582209587,2.4286880493164062
1764809253.378638,0.46593496548980473,1.0641975034981965,0.2864981435328722,0.34763604402542114,-0.7263273596763611,-1.6578079462051392,,,,,,
1764809253.379232,,,,,,,0.07269322872161865,0.3384802043437958,0.049640655517578125,1.670067310333252,0.1332063376903534,2.3110523223876953
