timestamp,phone_accel_x,phone_accel_y,phone_accel_z,phone_gyro_x,phone_gyro_y,phone_gyro_z,watch_accel_x,watch_accel_y,watch_accel_z,watch_gyro_x,watch_gyro_y,watch_gyro_z
1764809267.019499,-0.110285252058506,0.1597036552220583,0.6432230849802494,0.3513418436050415,-0.04678245261311531,0.3952663242816925,,,,,,
1764809267.02029,,,,,,,0.06173288822174072,0.03491349518299103,-0.12132719159126282,0.02940574660897255,0.29828691482543945,-0.4714820683002472
1764809267.029551,-0.03691752576977014,0.24537819763720034,0.6077610187157988,0.3378968834877014,-0.06353692710399628,0.4210992455482483,,,,,,
1764809267.03032,,,,,,,0.056942641735076904,0.023248374462127686,-0.10323573648929596,0.021154038608074188,0.2727394700050354,-0.488894522190094
1764809267.039603,-0.03504764024466276,0.24279461088478563,0.5948769872233272,0.3392021358013153,-0.0738193690776825,0.4398898780345917,,,,,,
1764809267.04035,,,,,,,0.04649794101715088,0.010093361139297485,-0.08139687776565552,-0.012664644047617912,0.2358086109161377,-0.5062253475189209
1764809267.049655,-0.05041384394168853,0.172285488897562,0.6326601899117231,0.36257296800613403,-0.038881100714206696,0.44239485263824463,,,,,,
1764809267.050381,,,,,,,0.017806291580200195,-0.0015867054462432861,-0.07265579700469971,-0.029374491423368454,0.19735628366470337,-0.5272132754325867
1764809267.059708,-0.19285043028146026,-0.006735445734858512,0.6853706203579902,0.37899601459503174,0.0201774463057518,0.43174099922180176,,,,,,
1764809267.060411,,,,,,,-0.019332408905029297,0.0022356808185577393,-0.07691043615341187,-0.019262999296188354,0.2092968374490738,-0.5432300567626953
1764809267.069759,-0.43116088148951526,-0.20132512089908122,0.706290951050818,0.3663840889930725,0.0677361711859703,0.4257206618785858,,,,,,
1764809267.070441,,,,,,,-0.0316469669342041,0.009123384952545166,-0.08738289773464203,0.031331006437540054,0.27346837520599365,-0.5391796231269836
1764809267.079812,-0.5456389090627431,-0.3045131081730127,0.6839514012098312,0.3418746590614319,0.11527208983898163,0.42760977149009705,,,,,,
1764809267.080471,,,,,,,-0.013004958629608154,0.015707582235336304,-0.09489858150482178,0.10563080757856369,0.3064551055431366,-0.5330231785774231
1764809267.089864,-0.48961277819722887,-0.28742461072802544,0.5915066340073942,0.32056668400764465,0.1760086715221405,0.4324692487716675,,,,,,
1764809267.090501,,,,,,,0.015797197818756104,0.01824355125427246,-0.09831909835338593,0.1765606850385666,0.2854459583759308,-0.5270116925239563
1764809267.099916,-0.35364831048101186,-0.19365151753127574,0.5038002935037017,0.3033236563205719,0.23724281787872314,0.43653222918510437,,,,,,
1764809267.100532,,,,,,,0.03476780652999878,0.007483959197998047,-0.09831106662750244,0.23795081675052643,0.25060728192329407,-0.5124697685241699
1764809267.109967,-0.19948095433712004,-0.07517419118881224,0.45020694274306294,0.2909090518951416,0.2800688147544861,0.4402116537094116,,,,,,
1764809267.110562,,,,,,,0.03706979751586914,-0.009134292602539062,-0.09245806932449341,0.27616098523139954,0.22834749519824982,-0.49141767621040344
1764809267.120021,-0.06737959178984165,0.04392389740049839,0.4313675099775195,0.2814561426639557,0.2903600335121155,0.4410941004753113,,,,,,
1764809267.120592,,,,,,,0.03235447406768799,-0.02114349603652954,-0.08272014558315277,0.28883230686187744,0.21576538681983948,-0.4756999611854553
1764809267.130073,0.02746288420408964,0.08430909928083419,0.43053427402377126,0.27162614464759827,0.27412036061286926,0.4373885691165924,,,,,,
1764809267.130622,,,,,,,0.028299450874328613,-0.028756529092788696,-0.07151727378368378,0.27700531482696533,0.20380832254886627,-0.4571983218193054
1764809267.140125,0.08171732922196388,0.07145370936095714,0.46374534649103877,0.2566297948360443,0.24192871153354645,0.42393162846565247,,,,,,
1764809267.140652,,,,,,,0.02787959575653076,-0.04015690088272095,-0.06254760921001434,0.2501891255378723,0.19061343371868134,-0.44040629267692566
1764809267.150177,0.12008096214681863,0.029625907456874847,0.4486167509421706,0.23907582461833954,0.19865022599697113,0.4049408733844757,,,,,,
1764809267.150682,,,,,,,0.028285443782806396,-0.047815948724746704,-0.055140331387519836,0.20789797604084015,0.17299076914787292,-0.4265654385089874
1764809267.160228,0.14163199195861814,-0.03399930023550987,0.4032636975213885,0.2246192842721939,0.14678706228733063,0.38078922033309937,,,,,,
1764809267.160713,,,,,,,0.026445209980010986,-0.053951144218444824,-0.04758495092391968,0.15920580923557281,0.1511232852935791,-0.41720256209373474
1764809267.17028,0.1444493874669075,-0.0666278966397047,0.33607378308475017,0.21280576288700104,0.0915222093462944,0.3567262291908264,,,,,,
1764809267.170743,,,,,,,0.020288825035095215,-0.06027284264564514,-0.03966687619686127,0.10242333263158798,0.13406014442443848,-0.40605416893959045
1764809267.180334,0.1320715519309044,-0.06395780064761639,0.2963768557295203,0.21491923928260803,0.05199205502867699,0.3315267264842987,,,,,,
1764809267.180773,,,,,,,0.01129382848739624,-0.06546270847320557,-0.03255969285964966,0.052513301372528076,0.11629579216241837,-0.3907545804977417
1764809267.190386,0.09710574475079774,-0.0962035352140665,0.31765403703600165,0.2197483628988266,0.03193366155028343,0.30487060546875,,,,,,
1764809267.190803,,,,,,,-0.00436246395111084,-0.0654458999633789,-0.03477507829666138,0.007215668447315693,0.10740829259157181,-0.37490686774253845
1764809267.200438,0.006807926449179649,-0.1495125160753727,0.330204891051352,0.21783988177776337,0.01990548148751259,0.2826123535633087,,,,,,
1764809267.200833,,,,,,,-0.017721593379974365,-0.06380650401115417,-0.038934752345085144,-0.01985376514494419,0.11661004275083542,-0.35612037777900696
1764809267.21049,-0.11133446885049342,-0.20676643517017362,0.32121435986608265,0.2050473988056183,0.00806320272386074,0.2654871642589569,,,,,,
1764809267.210863,,,,,,,-0.022315680980682373,-0.061420977115631104,-0.03877662122249603,-0.03428618609905243,0.13867832720279694,-0.3301757872104645
1764809267.220541,-0.17461831575930117,-0.2784276498019695,0.3061266808494925,0.18830980360507965,0.010564358904957771,0.25291314721107483,,,,,,
1764809267.220894,,,,,,,-0.014598488807678223,-0.05769234895706177,-0.03918789327144623,-0.041185371577739716,0.15095549821853638,-0.3025082051753998
1764809267.230593,-0.20404870064407585,-0.29309564210176464,0.252396844227612,0.17261552810668945,0.02584611065685749,0.23694510757923126,,,,,,
1764809267.230924,,,,,,,-0.0046125054359436035,-0.05460268259048462,-0.04011000692844391,-0.03790951892733574,0.14697541296482086,-0.27686968445777893
1764809267.240645,-0.23577304168492555,-0.2470101827532053,0.1909387514412403,0.16514813899993896,0.05304371565580368,0.2218221127986908,,,,,,
1764809267.240954,,,,,,,0.0009733438491821289,-0.05596834421157837,-0.03814665973186493,-0.030423372983932495,0.13684473931789398,-0.24868068099021912
1764809267.250699,-0.24790187089592217,-0.172011348131299,0.14425444941669702,0.15755866467952728,0.08086495846509933,0.2039318084716797,,,,,,
1764809267.250984,,,,,,,-0.0012418627738952637,-0.05432286858558655,-0.0349041223526001,-0.016437388956546783,0.13464416563510895,-0.21859867870807648
1764809267.260751,-0.2506079149842262,-0.110324415025115,0.11875059032589197,0.15938839316368103,0.10638447105884552,0.17933088541030884,,,,,,
1764809267.261014,,,,,,,-0.0054097771644592285,-0.05334270000457764,-0.030797243118286133,0.002626316621899605,0.13456667959690094,-0.19041231274604797
1764809267.270802,-0.25864012253135443,-0.09130115012526512,0.0899643485635519,0.1633833944797516,0.13177505135536194,0.15686152875423431,,,,,,
1764809267.271044,,,,,,,-0.008633732795715332,-0.0512833297252655,-0.02615271508693695,0.03297402709722519,0.139923095703125,-0.16313494741916656
1764809267.280854,-0.26238983045369385,-0.09512100067436695,0.10164572626799344,0.1613701581954956,0.14740541577339172,0.1380789428949356,,,,,,
1764809267.281075,,,,,,,-0.008845031261444092,-0.04709717631340027,-0.026376724243164062,0.07117068022489548,0.14746569097042084,-0.13340821862220764
1764809267.290906,-0.24226620309650895,-0.08089490692317486,0.12560732435286046,0.15721429884433746,0.15434561669826508,0.12410638481378555,,,,,,
1764809267.291105,,,,,,,-0.005050182342529297,-0.04508519172668457,-0.024053409695625305,0.10857762396335602,0.15244074165821075,-0.10344165563583374
1764809267.300959,-0.2175242682889104,-0.0720475836008787,0.16132482668310402,0.15338967740535736,0.15015479922294617,0.11232542246580124,,,,,,
1764809267.301135,,,,,,,0.002277553081512451,-0.043556421995162964,-0.026563510298728943,0.1431875377893448,0.15115231275558472,-0.08510925620794296
1764809267.311012,-0.2170283014655113,-0.06384498792290687,0.17022884862869977,0.15013769268989563,0.136674165725708,0.10447761416435242,,,,,,
1764809267.311165,,,,,,,0.005433976650238037,-0.04229533672332764,-0.02914188802242279,0.16992120444774628,0.1447410136461258,-0.06646312773227692
1764809267.321064,-0.22064298483133316,-0.04695288983285427,0.18875760800987482,0.14769169688224792,0.12145031988620758,0.09651464968919754,,,,,,
1764809267.321195,,,,,,,0.007655501365661621,-0.04661795496940613,-0.030298277735710144,0.1778784692287445,0.14136812090873718,-0.052506834268569946
1764809267.331115,-0.2508177583426237,-0.05060615164339542,0.19645196190476416,0.1410609632730484,0.10284014791250229,0.09075742959976196,,,,,,
1764809267.331226,,,,,,,0.004158735275268555,-0.0524996817111969,-0.028779923915863037,0.16890421509742737,0.14004506170749664,-0.049057040363550186
1764809267.341167,-0.29012656316310165,-0.05051613527238369,0.20867343783527612,0.1327953040599823,0.08552443981170654,0.08297725766897202,,,,,,
1764809267.341256,,,,,,,0.004666268825531006,-0.05739247798919678,-0.02677375078201294,0.14407555758953094,0.14601773023605347,-0.039003074169158936
1764809267.351219,-0.30315117217004295,-0.04249707946777344,0.19611966121047733,0.12318474799394608,0.06588975340127945,0.07319120317697525,,,,,,
1764809267.351286,,,,,,,0.008000433444976807,-0.06158173084259033,-0.026063993573188782,0.10871858894824982,0.14482304453849792,-0.03531712666153908
1764809267.361272,-0.29268384643048045,-0.02250935344994068,0.1756324612379074,0.11779530346393585,0.04581042379140854,0.06058334559202194,,,,,,
1764809267.361316,,,,,,,0.01110011339187622,-0.06485900282859802,-0.02379608154296875,0.06920579075813293,0.14018167555332184,-0.0347735770046711
1764809267.371324,-0.27149405114650726,0.008502455407381057,0.1520125161975622,0.11856042593717575,0.030035989359021187,0.04438653588294983,,,,,,
1764809267.371346,,,,,,,0.013146817684173584,-0.0609796941280365,-0.018937930464744568,0.03420095518231392,0.13605032861232758,-0.03155793994665146
1764809267.381376,,,,,,,0.01475292444229126,-0.05817008018493652,-0.018802404403686523,0.006823128554970026,0.1273697465658188,-0.024975940585136414
1764809267.381377,-0.256324539065361,0.061923079949617384,0.1293929803714156,0.11866632103919983,0.008356023579835892,0.030448053032159805,,,,,,
1764809267.391407,,,,,,,0.014780163764953613,-0.05221787095069885,-0.019060805439949036,-0.01277223601937294,0.12032248824834824,-0.020177654922008514
1764809267.391428,-0.24714608409255742,0.1023334162712097,0.1342483114480972,0.1175009235739708,-0.006414134055376053,0.0162733793258667,,,,,,
1764809267.401437,,,,,,,0.01392054557800293,-0.048393696546554565,-0.020220622420310974,-0.02553703263401985,0.1149173378944397,-0.011917594820261002
1764809267.40148,-0.2566255678385496,0.08577508018016815,0.11569091049432755,0.11626831442117691,-0.02271249331533909,0.0035063433460891247,,,,,,
1764809267.411467,,,,,,,0.013659536838531494,-0.04735967516899109,-0.02189171314239502,-0.036333028227090836,0.10866343975067139,-0.0013414504937827587
1764809267.411533,-0.2594344877794385,0.08221417282819747,0.11699117943793534,0.11374524235725403,-0.03102235309779644,-0.008879486471414566,,,,,,
1764809267.421497,,,,,,,0.013722717761993408,-0.04697689414024353,-0.02027791738510132,-0.05123501271009445,0.10366947948932648,0.008640076965093613
1764809267.421585,-0.2718766207233071,0.05716273368000984,0.13129179973006247,0.10934936255216599,-0.029166245833039284,-0.017628083005547523,,,,,,
1764809267.431527,,,,,,,0.012722194194793701,-0.04695388674736023,-0.01969905197620392,-0.06820595264434814,0.10396881401538849,0.019209031015634537
1764809267.431637,-0.2782970091596246,0.06018588089346885,0.13157733867317437,0.10652561485767365,-0.021028690040111542,-0.02869325317442417,,,,,,
1764809267.441557,,,,,,,0.009270250797271729,-0.04552215337753296,-0.01931464672088623,-0.07851291447877884,0.0993271917104721,0.028950341045856476
1764809267.441689,-0.2623267020896077,0.06368892057836055,0.11724018576294183,0.10726095736026764,-0.014483693055808544,-0.03504159301519394,,,,,,
1764809267.451587,,,,,,,0.0021822452545166016,-0.04161444306373596,-0.024229764938354492,-0.08054390549659729,0.09666217118501663,0.03664827719330788
1764809267.451741,-0.25734949819892644,0.02162672539651394,0.11723112567365168,0.10769133269786835,-0.016396377235651016,-0.040555935353040695,,,,,,
1764809267.461617,,,,,,,-0.00413203239440918,-0.03745698928833008,-0.025285884737968445,-0.08081287890672684,0.10152962803840637,0.04376024752855301
1764809267.461793,-0.25049890165179967,-0.020790274572372435,0.11301643058806657,0.1050887256860733,-0.0256121177226305,-0.04345403611660004,,,,,,
1764809267.471648,,,,,,,-0.0071495771408081055,-0.033524125814437866,-0.022504329681396484,-0.07669821381568909,0.10346734523773193,0.050806306302547455
1764809267.471846,-0.2950137506827712,-0.08144844915270805,0.13276391810923813,0.1013224869966507,-0.03251450136303902,-0.04715822637081146,,,,,,
1764809267.481678,,,,,,,-0.006837785243988037,-0.03187403082847595,-0.020583033561706543,-0.07301213592290878,0.10621492564678192,0.0569736547768116
1764809267.481897,-0.304055719794333,-0.1292255148500204,0.14675912571400404,0.0903882384300232,-0.029701795428991318,-0.05471889302134514,,,,,,
1764809267.491708,,,,,,,-0.006327331066131592,-0.03102242946624756,-0.018681570887565613,-0.06842485070228577,0.1023368313908577,0.062080200761556625
1764809267.49195,-0.3000587591126561,-0.13454291048049927,0.13127806346565485,0.08540759980678558,-0.019151683896780014,-0.06481520086526871,,,,,,
1764809267.501737,,,,,,,-0.0049651265144348145,-0.030474305152893066,-0.02026824653148651,-0.06385193020105362,0.10352380573749542,0.07223030179738998
1764809267.502002,-0.29895488952398297,-0.10461480520665645,0.08897095361202954,0.08061336725950241,-0.0019201766699552536,-0.07667861133813858,,,,,,
1764809267.511769,,,,,,,-0.002387821674346924,-0.028284192085266113,-0.021606802940368652,-0.06138324737548828,0.10702559351921082,0.08159530907869339
1764809267.512054,-0.26337182722836733,-0.05841185695827007,0.06978577614873648,0.08385124057531357,0.016005028039216995,-0.08577463775873184,,,,,,
1764809267.521798,,,,,,,0.0005868077278137207,-0.025263726711273193,-0.026409685611724854,-0.059655919671058655,0.10709457099437714,0.09266021102666855
1764809267.522106,-0.20529753166139125,-0.006320435193181037,0.05254471849054098,0.08264882862567902,0.031262755393981934,-0.09345243871212006,,,,,,
1764809267.531828,,,,,,,0.0044623613357543945,-0.021660923957824707,-0.025559887290000916,-0.05358495935797691,0.10002467781305313,0.10273781418800354
1764809267.532159,-0.15471563767641783,0.008110825741291046,0.047995676884055136,0.07801386713981628,0.033552274107933044,-0.09777580946683884,,,,,,
1764809267.541859,,,,,,,0.009276986122131348,-0.017292886972427368,-0.023344293236732483,-0.04815664142370224,0.09187860041856766,0.11286341398954391
1764809267.54221,-0.09909516500234604,0.00353051221370697,0.07793050415962934,0.07330455631017685,0.02702740952372551,-0.10182932764291763,,,,,,
1764809267.551888,,,,,,,0.009388864040374756,-0.01518934965133667,-0.022489361464977264,-0.03969798609614372,0.08523987233638763,0.12375900894403458
1764809267.552262,-0.04192424801588058,-0.008724573725461959,0.0910863383308053,0.06608019769191742,0.012586417607963085,-0.10409248620271683,,,,,,
1764809267.561918,,,,,,,0.010736048221588135,-0.012569040060043335,-0.023435235023498535,-0.035675548017024994,0.08098893612623215,0.12945951521396637
1764809267.562314,-0.03231529267132282,0.00011222820281982422,0.11535159553736447,0.05526316538453102,-0.005721754394471645,-0.10823825746774673,,,,,,
1764809267.571949,,,,,,,0.011237025260925293,-0.011010438203811646,-0.02319508045911789,-0.040382061153650284,0.07456085830926895,0.13404327630996704
1764809267.572366,-0.03469312771856785,0.025099369943141936,0.11217793393731117,0.048301130533218384,-0.020449567586183548,-0.11118558049201965,,,,,,
1764809267.581979,,,,,,,0.01269453763961792,-0.010830581188201904,-0.021124117076396942,-0.04909006506204605,0.06813332438468933,0.131468266248703
1764809267.582419,-0.03547375670224428,0.05375146393179893,0.09166793761104344,0.042002640664577484,-0.03496333584189415,-0.11711888015270233,,,,,,
1764809267.59201,,,,,,,0.01338893175125122,-0.011870771646499634,-0.02004505693912506,-0.06259649246931076,0.0635146051645279,0.13116386532783508
1764809267.592471,-0.02773117975145578,0.06602525457143783,0.08039718653410673,0.03794185817241669,-0.04850604385137558,-0.11636600643396378,,,,,,
1764809267.60204,,,,,,,0.013142943382263184,-0.010329365730285645,-0.017824843525886536,-0.08130919188261032,0.055240698158741,0.12985332310199738
1764809267.602523,-0.049027065758407117,0.08531798406243324,0.07806494419425726,0.03382048383355141,-0.06214466691017151,-0.11681512743234634,,,,,,
1764809267.612069,,,,,,,0.011311471462249756,-0.00732421875,-0.016482725739479065,-0.0995757207274437,0.04588261619210243,0.1240888461470604
1764809267.612575,-0.05180529830008745,0.09523848957419395,0.09393968193531035,0.03303751349449158,-0.07318080216646194,-0.11640632897615433,,,,,,
1764809267.622099,,,,,,,0.008105278015136719,-0.004338204860687256,-0.017678871750831604,-0.11336690187454224,0.039941102266311646,0.11720909923315048
1764809267.622627,-0.07909224141538143,0.0780652364552021,0.08773468981534242,0.029013022780418396,-0.07980693131685257,-0.11207637935876846,,,,,,
1764809267.63213,,,,,,,0.005371749401092529,-0.0004710853099822998,-0.017557017505168915,-0.12440580129623413,0.0359271876513958,0.11009925603866577
1764809267.632679,-0.10310644647032022,0.05152092840075492,0.08471943364739418,0.026650266721844673,-0.0823609009385109,-0.10808590054512024,,,,,,
1764809267.64216,,,,,,,0.0018312335014343262,0.0013573765754699707,-0.018890202045440674,-0.13098061084747314,0.03099767491221428,0.10385920107364655
1764809267.642732,-0.13459230258017776,0.015663433077931402,0.07031009228378533,0.022755300626158714,-0.0837237760424614,-0.10431142151355743,,,,,,
1764809267.65219,,,,,,,0.0005298256874084473,0.005032360553741455,-0.017133168876171112,-0.13754194974899292,0.03210235387086868,0.09597278386354446
1764809267.652784,-0.15156331112533808,-0.013519991308450698,0.03902648074775934,0.018678532913327217,-0.07656333595514297,-0.10082480311393738,,,,,,
1764809267.66222,,,,,,,0.0025982260704040527,0.005066663026809692,-0.017302215099334717,-0.14381954073905945,0.02720426768064499,0.08889516443014145
1764809267.662836,-0.1533659766331315,0.0033989947885274883,0.04533171837180853,0.01621546596288681,-0.0619698241353035,-0.10048799961805344,,,,,,
1764809267.672251,,,,,,,0.002201557159423828,0.006348997354507446,-0.017694905400276184,-0.148298978805542,0.019898682832717896,0.08305944502353668
1764809267.672888,-0.14986264468729496,0.006595745003223419,0.03359539560973644,0.01790550723671913,-0.0453152097761631,-0.09820327162742615,,,,,,
1764809267.682281,,,,,,,-0.0032501816749572754,0.007374972105026245,-0.01572495698928833,-0.14976158738136292,0.015198205597698689,0.07925325632095337
1764809267.68294,-0.1382575470894575,0.004887772041559219,0.018435820400714873,0.020255275070667267,-0.03546305373311043,-0.09578517079353333,,,,,,
1764809267.692312,,,,,,,-0.008550286293029785,0.008801251649856567,-0.013059601187705994,-0.15073414146900177,0.01817162334918976,0.076618991792202
1764809267.692992,-0.09746610249578952,-0.012574234890937805,0.027655191905796527,0.017907433211803436,-0.029505562037229538,-0.09032675623893738,,,,,,
1764809267.702342,,,,,,,-0.010481297969818115,0.008797258138656616,-0.01728331297636032,-0.15139886736869812,0.019878976047039032,0.07432494312524796
1764809267.703044,-0.05871376251429319,-0.052499418044090265,0.029233985529839992,0.012340148910880089,-0.03227635473012924,-0.08318129926919937,,,,,,
1764809267.712372,,,,,,,-0.009506642818450928,0.010942250490188599,-0.01757345348596573,-0.15458789467811584,0.017434194684028625,0.06855853646993637
1764809267.713097,-0.004331599463522434,-0.09586451251804828,0.025045886190235612,0.00303373159840703,-0.04381103813648224,-0.07836870104074478,,,,,,
1764809267.722401,,,,,,,-0.00861579179763794,0.013121187686920166,-0.013979963958263397,-0.15734213590621948,0.014208841137588024,0.06548284739255905
1764809267.723149,0.07998159147053957,-0.10914543437361716,0.027284020505845545,-0.0008053700439631939,-0.06103629618883133,-0.07309000939130783,,,,,,
1764809267.732431,,,,,,,-0.007808566093444824,0.013662666082382202,-0.014932319521903992,-0.16711464524269104,0.0037447484210133553,0.06168172508478165
1764809267.733201,0.1428480897501111,-0.10488193171024322,0.020242869822680948,-0.0029734494164586067,-0.08003155887126923,-0.07168705761432648,,,,,,
1764809267.742462,,,,,,,-0.0094374418258667,0.012609392404556274,-0.012697748839855194,-0.17679230868816376,-0.004526230506598949,0.05750375986099243
1764809267.743253,0.14969254881739616,-0.10082008909881114,-0.012858604790270328,-0.005623245611786842,-0.09779669344425201,-0.07086696475744247,,,,,,
1764809267.752492,,,,,,,-0.014222025871276855,0.01345112919807434,-0.012968294322490692,-0.18589197099208832,-0.009248548187315464,0.0537174753844738
1764809267.753305,0.13992401899695395,-0.11420973202586174,-0.011387655454874038,-0.014479054138064384,-0.11240333318710327,-0.06716011464595795,,,,,,
1764809267.762522,,,,,,,-0.015514075756072998,0.019777953624725342,-0.011876106262207031,-0.19739122688770294,-0.006024525500833988,0.04424966871738434
1764809267.763357,0.1478694250434637,-0.10200082331597804,-0.005221826301515102,-0.019339855760335922,-0.12684671580791473,-0.06297069787979126,,,,,,
1764809267.772552,,,,,,,-0.011975765228271484,0.023050308227539062,-0.010577619075775146,-0.21064352989196777,-0.00543330330401659,0.0381997674703598
1764809267.773409,0.14793255340754985,-0.09358312358260154,-0.0017789923712611198,-0.023668713867664337,-0.1419965773820877,-0.0535193607211113,,,,,,
1764809267.782583,,,,,,,-0.007065415382385254,0.02565610408782959,-0.011862516403198242,-0.22003915905952454,-0.017219923436641693,0.031193524599075317
1764809267.783462,0.12876871099323034,-0.08558627960979938,-0.012391571800410747,-0.027981702238321304,-0.1485985517501831,-0.04571390151977539,,,,,,
1764809267.792613,,,,,,,-0.00811070203781128,0.02772018313407898,-0.009638063609600067,-0.22505074739456177,-0.029872067272663116,0.021661004051566124
1764809267.793514,0.11021364812701939,-0.09537292960882186,-0.02474368837326765,-0.03162756934762001,-0.15078207850456238,-0.039364393800497055,,,,,,
1764809267.802644,,,,,,,-0.011191964149475098,0.028026968240737915,-0.010980203747749329,-0.2346258908510208,-0.03301006928086281,0.01393091306090355
1764809267.803566,0.08236059556156397,-0.08399521102607249,-0.042377544741332526,-0.03767646104097366,-0.15554584562778473,-0.030410602688789368,,,,,,
1764809267.812674,,,,,,,-0.010842740535736084,0.027668029069900513,-0.00822824239730835,-0.24438540637493134,-0.03234587609767914,0.002537044230848551
1764809267.813618,0.09270546396523714,-0.07238543725311755,-0.05910100826621055,-0.03999155014753342,-0.16733938455581665,-0.023285847157239914,,,,,,
1764809267.822704,,,,,,,-0.008394896984100342,0.028235137462615967,-0.0031026750802993774,-0.25629082322120667,-0.03716806322336197,-0.009970225393772125
1764809267.82367,0.12498656210601329,-0.0712900432318449,-0.06766629977673291,-0.040816809982061386,-0.17521598935127258,-0.015067670494318008,,,,,,
1764809267.832733,,,,,,,-0.0066411495208740234,0.028783977031707764,0.000959642231464386,-0.2635336220264435,-0.04743880778551102,-0.021149709820747375
1764809267.833722,0.12849544700980187,-0.041918987318873405,-0.05847936923652887,-0.03844393417239189,-0.17724639177322388,-0.01260424591600895,,,,,,
1764809267.842763,,,,,,,-0.008003652095794678,0.031939804553985596,0.0016158074140548706,-0.272274911403656,-0.05221545696258545,-0.028361815959215164
1764809267.843775,0.11564736361354588,-0.014134323814511298,-0.07196604279726743,-0.03291958197951317,-0.177702397108078,-0.006485945079475641,,,,,,
1764809267.852793,,,,,,,-0.010905981063842773,0.03485608100891113,0.0032041072845458984,-0.27643781900405884,-0.04937545955181122,-0.039921265095472336
1764809267.853827,0.08095774302631616,-0.0017997428983449935,-0.07060293775051832,-0.024913324043154716,-0.17181360721588135,0.007875417359173298,,,,,,
1764809267.862824,,,,,,,-0.014766335487365723,0.036283791065216064,0.005654856562614441,-0.278776079416275,-0.044056061655282974,-0.053396593779325485
1764809267.863879,0.04803308628499508,0.0018956044882535933,-0.05848170732408762,-0.019136710092425346,-0.16224968433380127,0.020579662173986435,,,,,,
1764809267.872854,,,,,,,-0.016435980796813965,0.03795558214187622,0.005254149436950684,-0.27316996455192566,-0.036481764167547226,-0.06620786339044571
1764809267.873931,0.005288754057884216,-0.01811491788327694,-0.05275163923949003,-0.011914215981960297,-0.1453833431005478,0.032731667160987854,,,,,,
1764809267.882885,,,,,,,-0.01652616262435913,0.03915685415267944,0.004546448588371277,-0.25687193870544434,-0.027217693626880646,-0.07395180314779282
1764809267.883983,-0.02508212654739618,-0.024559856238961217,-0.0464940401494503,-0.006177291739732027,-0.12412536144256592,0.0479193814098835,,,,,,
1764809267.892915,,,,,,,-0.017939865589141846,0.04189464449882507,0.005064129829406738,-0.23376254737377167,-0.019146453589200974,-0.08606086671352386
1764809267.894035,-0.05075754281282425,-0.00756079064309597,-0.04922872581034898,0.0015946116764098406,-0.0992937833070755,0.06196276471018791,,,,,,
1764809267.902945,,,,,,,-0.01804196834564209,0.04320424795150757,0.004577167332172394,-0.19957688450813293,-0.010984662920236588,-0.09851300716400146
1764809267.904087,-0.07785422405302524,-0.021322189491987227,-0.0641705666154623,0.01174243539571762,-0.06978434324264526,0.07563317567110062,,,,,,
1764809267.912975,,,,,,,-0.020117759704589844,0.04424145817756653,0.004557788372039795,-0.15705528855323792,-0.003668692894279957,-0.10950899869203568
1764809267.91414,-0.11338292581290006,-0.04254091860949993,-0.07608809116333723,0.023133309558033943,-0.03839952126145363,0.09037883579730988,,,,,,
1764809267.923006,,,,,,,-0.02088874578475952,0.04396587610244751,0.005511149764060974,-0.10829894244670868,0.01222158968448639,-0.11628061532974243
1764809267.924192,-0.13177695289850233,-0.042940147060155864,-0.06760960115343331,0.0325508788228035,-0.006395280361175537,0.10317215323448181,,,,,,
1764809267.933035,,,,,,,-0.018458247184753418,0.04573565721511841,0.005440473556518555,-0.05462086573243141,0.028254885226488113,-0.12467490881681442
1764809267.934244,-0.16605273198783396,-0.030799627411365507,-0.06064210022836923,0.04053237661719322,0.02885112538933754,0.11401467770338058,,,,,,
1764809267.943065,,,,,,,-0.015110492706298828,0.04500693082809448,0.004851147532463074,0.004905580077320337,0.04057466983795166,-0.1331022083759308
1764809267.944296,-0.1768368685916066,-0.011674071180820464,-0.044997956372797486,0.05037184804677963,0.06328268349170685,0.12169085443019867,,,,,,
1764809267.953095,,,,,,,-0.011671602725982666,0.04119449853897095,0.004017353057861328,0.062067754566669464,0.048305559903383255,-0.13345946371555328
1764809267.954348,-0.1726283109858632,0.006979775884747505,-0.07134820315986871,0.06307273358106613,0.09967291355133057,0.1322883814573288,,,,,,
1764809267.963125,,,,,,,-0.011195600032806396,0.036295682191848755,0.003916457295417786,0.11522763967514038,0.061120957136154175,-0.13728643953800201
1764809267.9644,-0.17721943816840646,0.03644143269062042,-0.06997749932855367,0.0757473036646843,0.1382133960723877,0.14334964752197266,,,,,,
1764809267.973155,,,,,,,-0.008033275604248047,0.03173890709877014,0.0033990144729614258,0.16242213547229767,0.07152379304170609,-0.13801148533821106
1764809267.974452,-0.15738222653716802,0.05220832614302635,-0.059283963617682456,0.08131570369005203,0.16823920607566833,0.15410509705543518,,,,,,
1764809267.983186,,,,,,,-0.005680561065673828,0.028111398220062256,0.002366676926612854,0.20105502009391785,0.07553744316101074,-0.14093217253684998
1764809267.984505,-0.14925123479068278,0.05873860469460487,-0.05735562590360641,0.08646461367607117,0.19370336830615997,0.1636822670698166,,,,,,
1764809267.993217,,,,,,,-0.006060123443603516,0.02151954174041748,-0.00016938894987106323,0.22434554994106293,0.07591720670461655,-0.1448490172624588
1764809267.994557,-0.14060118760615586,0.03786357444822788,-0.07290244686454535,0.09153580665588379,0.20685991644859314,0.17118225991725922,,,,,,
1764809268.003247,,,,,,,-0.009795665740966797,0.013088405132293701,0.0027774572372436523,0.23105964064598083,0.075201615691185,-0.1498405784368515
1764809268.004609,-0.1108238889798522,-0.008293781092762947,-0.06838204683065414,0.09424114227294922,0.2071971595287323,0.1764857918024063,,,,,,
1764809268.013277,,,,,,,-0.011867344379425049,0.0038796961307525635,0.007788524031639099,0.2251116931438446,0.0943785086274147,-0.1542356014251709
1764809268.014661,-0.09139905754178762,-0.06480711095333098,-0.05107581498175859,0.09125866740942001,0.19615915417671204,0.17712707817554474,,,,,,
1764809268.023307,,,,,,,-0.003121674060821533,-0.005056291818618774,0.008029744029045105,0.2051909863948822,0.10722906142473221,-0.15435996651649475
1764809268.024713,-0.04330255063176155,-0.03217559193968773,-0.00047229368686676023,0.08449476212263107,0.1800317019224167,0.17262427508831024,,,,,,
1764809268.033338,,,,,,,0.008538424968719482,-0.01048213243484497,0.004066869616508484,0.17582669854164124,0.09162453562021255,-0.157833531498909
1764809268.034765,0.010887889239192008,0.0358060573965311,-0.009299158743023872,0.08363349735736847,0.16651615500450134,0.16207735240459442,,,,,,
1764809268.043367,,,,,,,0.012464940547943115,-0.01279836893081665,0.003127261996269226,0.14810052514076233,0.07594570517539978,-0.15481935441493988
1764809268.044818,0.08854045324027537,0.08156827614009379,-0.06779635589718819,0.08672995865345001,0.15122908353805542,0.1521746665239334,,,,,,
1764809268.053397,,,,,,,0.008777737617492676,-0.013478845357894897,0.0011256933212280273,0.1292879581451416,0.07410306483507156,-0.14740458130836487
1764809268.05487,0.13551555490493775,0.08835340623557567,-0.08020341752767562,0.08816540241241455,0.13298483192920685,0.14191323518753052,,,,,,
1764809268.063427,,,,,,,0.006157994270324707,-0.012891441583633423,0.0006688088178634644,0.11951389163732529,0.07434141635894775,-0.13926969468593597
1764809268.064922,0.13818740446269512,0.08367723111808299,-0.07191402034908533,0.08606763184070587,0.11279747635126114,0.13620351254940033,,,,,,
1764809268.073457,,,,,,,0.004594624042510986,-0.012456804513931274,0.0018555521965026855,0.11011266708374023,0.06817726790904999,-0.12421004474163055
1764809268.074974,0.1345072546452284,0.047670098191499706,-0.046885962076485155,0.07899880409240723,0.09459823369979858,0.12792082130908966,,,,,,
1764809268.083488,,,,,,,0.006685197353363037,-0.010891705751419067,-0.0014886781573295593,0.10067176073789597,0.062265317887067795,-0.11066894233226776
1764809268.085026,0.10620528926849365,0.011586392897367476,-0.05340338114649057,0.07030102610588074,0.07765213400125504,0.11968973278999329,,,,,,
1764809268.093518,,,,,,,0.005838930606842041,-0.01564842462539673,-0.0020295530557632446,0.08837300539016724,0.054732032120227814,-0.09837305545806885
1764809268.095078,0.10089899955391883,0.0002951835542917251,-0.052741702367365355,0.06286627799272537,0.06613422930240631,0.11060009151697159,,,,,,
1764809268.103549,,,,,,,0.0021539926528930664,-0.019333094358444214,-0.001454472541809082,0.07205629348754883,0.051247820258140564,-0.08940872550010681
1764809268.10513,0.1105775130033493,-0.011221066716313361,-0.07947831812351941,0.06079429015517235,0.05755990371108055,0.09845651686191559,,,,,,
1764809268.113579,,,,,,,-0.003909468650817871,-0.019842922687530518,0.0010967850685119629,0.054524511098861694,0.05109335482120514,-0.07956508547067642
1764809268.115183,0.14706103127002715,-0.0213800571590662,-0.10358458537608385,0.060115985572338104,0.042903464287519455,0.09068487584590912,,,,,,
1764809268.123609,,,,,,,-0.005369365215301514,-0.017347246408462524,0.00231778621673584,0.03994956612586975,0.053901392966508865,-0.07269226759672165
1764809268.125235,0.12571546090245247,-0.016546645653247833,-0.10008096116930246,0.057691287249326706,0.016911081969738007,0.08824306726455688,,,,,,
1764809268.133638,,,,,,,-0.003362298011779785,-0.011622607707977295,0.003310099244117737,0.02793377824127674,0.05139376223087311,-0.06882888078689575
1764809268.135287,0.08110971871763467,-0.006194178465008735,-0.0394204485014081,0.0548345148563385,-0.012950409203767776,0.08578230440616608,,,,,,
1764809268.143668,,,,,,,-0.0015640854835510254,-0.0077089667320251465,0.0029779523611068726,0.018626030534505844,0.04507913812994957,-0.07120814919471741
1764809268.145339,0.009248013077676295,-0.017227613654732705,-0.017329028202593324,0.05594866722822189,-0.03430578485131264,0.08616646379232407,,,,,,
1764809268.153699,,,,,,,-0.0022800564765930176,-0.006181389093399048,0.004176735877990723,0.008984817191958427,0.044944651424884796,-0.07580796629190445
1764809268.155391,-0.0451736052006483,-0.013282675421237945,-0.010191431407630442,0.05486129969358444,-0.0464780256152153,0.08306441456079483,,,,,,
1764809268.163729,,,,,,,-0.004025459289550781,-0.004996985197067261,0.002125367522239685,-0.001290458021685481,0.0484059602022171,-0.08243071287870407
1764809268.165443,-0.10325666859596967,-0.006148001235723495,-0.028792379242181778,0.05655784532427788,-0.04853876307606697,0.08242432773113251,,,,,,
1764809268.173759,,,,,,,-0.0024489760398864746,-0.004283607006072998,0.00045527517795562744,-0.004624146036803722,0.05418422073125839,-0.0887334793806076
1764809268.175496,-0.14827800584435463,0.0027817396730184553,-0.023267770601809023,0.05807211995124817,-0.04523298144340515,0.0867554247379303,,,,,,
1764809268.183789,,,,,,,-0.002148270606994629,0.0004805028438568115,0.0003158003091812134,-0.0035399729385972023,0.059854891151189804,-0.09858690947294235
1764809268.185548,-0.2019952752456069,0.05503156687021255,0.0008376198679208755,0.059390537440776825,-0.03485545888543129,0.09551841765642166,,,,,,
1764809268.19382,,,,,,,-0.0021432042121887207,0.007611364126205444,-0.002047240734100342,0.011083995923399925,0.06192416697740555,-0.11068897694349289
1764809268.1956,-0.22953706990480421,0.08538754216730594,-0.007129998010396957,0.06160096079111099,-0.020011533051729202,0.111725352704525,,,,,,
1764809268.20385,,,,,,,0.002061128616333008,0.019619226455688477,-0.003956548869609833,0.03500690683722496,0.06380941718816757,-0.12377149611711502
1764809268.205652,-0.2610062671408057,0.12692834382355211,-0.005895487779378891,0.06716281175613403,-0.007921398617327213,0.1324765682220459,,,,,,
1764809268.213881,,,,,,,0.005244791507720947,0.02792266011238098,-0.004736661911010742,0.06793379783630371,0.06157129630446434,-0.14061971008777618
1764809268.215704,-0.3188733496978879,0.11381225714087485,0.022306524354219436,0.07546734809875488,0.004417559131979942,0.15510331094264984,,,,,,
1764809268.223911,,,,,,,0.00592350959777832,0.030979543924331665,-0.0017825961112976074,0.10171866416931152,0.06167808920145035,-0.16186028718948364
1764809268.225756,-0.3856438696786761,0.11439268737733363,0.04830284313708544,0.08343061059713364,0.026493016630411148,0.17590884864330292,,,,,,
1764809268.23394,,,,,,,0.005242526531219482,0.028411656618118286,-0.0018805786967277527,0.12343413382768631,0.06431621313095093,-0.18403010070323944
1764809268.235808,-0.4422466313883662,0.13247019585967063,0.04619710302948951,0.09188055992126465,0.06110026314854622,0.19222018122673035,,,,,,
1764809268.24397,,,,,,,0.004192769527435303,0.021740615367889404,-0.0023113414645195007,0.14232154190540314,0.07064734399318695,-0.2083895057439804
1764809268.245861,-0.5020096106946468,0.15828443607389925,0.062327276836335654,0.10103422403335571,0.1010834351181984,0.208912655711174,,,,,,
1764809268.254,,,,,,,0.005361497402191162,0.01933896541595459,-0.005811929702758789,0.16007991135120392,0.08138201385736465,-0.23160508275032043
1764809268.255913,-0.499383353844285,0.17956337094604968,0.05410977585017681,0.11508026719093323,0.14923924207687378,0.22204230725765228,,,,,,
1764809268.264031,,,,,,,0.00570601224899292,0.01763784885406494,-0.008271023631095886,0.18905457854270935,0.09239445626735687,-0.2492397278547287
1764809268.265965,-0.49154813017398113,0.185775085067749,0.08875497277379035,0.12782755494117737,0.20251505076885223,0.23607763648033142,,,,,,
1764809268.274062,,,,,,,0.007154583930969238,0.02088180184364319,-0.011455699801445007,0.23234066367149353,0.1037544310092926,-0.2608216106891632
1764809268.276017,-0.48169981311559673,0.20023966374993324,0.12770429663211105,0.14112871885299683,0.26197493076324463,0.2508677840232849,,,,,,
1764809268.284091,,,,,,,0.009017467498779297,0.026533931493759155,-0.019983530044555664,0.29083511233329773,0.11862445622682571,-0.26449891924858093
1764809268.286069,-0.466333609418571,0.2222778925567865,0.2025380038201809,0.1526062935590744,0.3153274655342102,0.26577484607696533,,,,,,
1764809268.294122,,,,,,,0.014994919300079346,0.030068248510360718,-0.02873903512954712,0.374170184135437,0.13774755597114563,-0.2662152647972107
1764809268.296121,-0.43455315427631136,0.23624036693572997,0.2635904384151101,0.15775737166404724,0.37084880471229553,0.285147488117218,,,,,,
1764809268.304152,,,,,,,0.025743842124938965,0.03321722149848938,-0.0423656702041626,0.4662196934223175,0.14932005107402802,-0.2700859010219574
1764809268.306173,-0.42649668907076116,0.2530786890119314,0.3266553818762302,0.16326111555099487,0.4249480664730072,0.30640697479248047,,,,,,
1764809268.314182,,,,,,,0.03690183162689209,0.03399595618247986,-0.05372898280620575,0.5646754503250122,0.158867746591568,-0.27680665254592896
1764809268.316226,-0.43493367802649735,0.2639250771969557,0.3882055368602276,0.15780723094940186,0.4730239808559418,0.3259921371936798,,,,,,
1764809268.324213,,,,,,,0.05058777332305908,0.030896097421646118,-0.06585096567869186,0.6785492897033691,0.1647418886423111,-0.2808924913406372
1764809268.326278,-0.4898331429496407,0.32630174613296986,0.4500330474808812,0.1536056101322174,0.519050657749176,0.3477427065372467,,,,,,
1764809268.334243,,,,,,,0.05586022138595581,0.03346973657608032,-0.06887667626142502,0.7796508073806763,0.13597096502780914,-0.291521281003952
1764809268.33633,-0.5664481805965305,0.3603530688166618,0.45917029366046186,0.15144364535808563,0.5631781816482544,0.36698058247566223,,,,,,
1764809268.344272,,,,,,,0.04382222890853882,0.030296802520751953,-0.06279510259628296,0.8596604466438293,0.11548832058906555,-0.30809465050697327
1764809268.346382,-0.6689490623891353,0.2912760254591703,0.4280801588699221,0.15095525979995728,0.6170622706413269,0.38433584570884705,,,,,,
1764809268.354302,,,,,,,0.027464330196380615,0.017439335584640503,-0.047212839126586914,0.9156333208084106,0.12357820570468903,-0.31628960371017456
1764809268.356434,-0.7215276831492782,0.2051905641555786,0.4368491562590003,0.15689623355865479,0.6876235008239746,0.39882156252861023,,,,,,
1764809268.364332,,,,,,,0.016833841800689697,0.0015459954738616943,-0.04110883176326752,0.9547184109687805,0.13997715711593628,-0.3191501200199127
1764809268.366486,-0.7270566757038235,0.16415186680257318,0.43834290194809433,0.1642434448003769,0.7684231400489807,0.40498119592666626,,,,,,
1764809268.374362,,,,,,,0.015649616718292236,-0.010368406772613525,-0.055925607681274414,0.9992650747299194,0.13434429466724396,-0.3278256356716156
1764809268.376539,-0.7089341590359807,0.15580606326162813,0.47402884009629487,0.16899718344211578,0.8291269540786743,0.41018953919410706,,,,,,
1764809268.384393,,,,,,,0.015584468841552734,-0.009584665298461914,-0.07657434046268463,1.0603084564208984,0.13194851577281952,-0.3402785658836365
1764809268.386591,-0.6358823668286204,0.10096212791800499,0.5038675135210157,0.1600887030363083,0.8495757579803467,0.41826632618904114,,,,,,
1764809268.394423,,,,,,,0.02079474925994873,-0.0027247071266174316,-0.09704726934432983,1.132230520248413,0.13238820433616638,-0.3471740782260895
1764809268.396643,-0.4592810605585575,0.029409634357690808,0.5632119751542807,0.136422261595726,0.834750771522522,0.4287903308868408,,,,,,
1764809268.404454,,,,,,,0.03308588266372681,0.002599090337753296,-0.10350553691387177,1.2018518447875977,0.11101767420768738,-0.34814587235450745
1764809268.406695,-0.27364976787567136,-0.06982406233251094,0.6097168289586902,0.09760859608650208,0.7954911589622498,0.4334411919116974,,,,,,
1764809268.414484,,,,,,,0.0431557297706604,-0.005608916282653809,-0.10029488801956177,1.2577580213546753,0.06417533755302429,-0.3420778512954712
1764809268.416747,-0.14671002587527035,-0.19489304202497004,0.6500295501247048,0.05397350713610649,0.7510009407997131,0.4331900477409363,,,,,,
1764809268.424514,,,,,,,0.04643690586090088,-0.01709049940109253,-0.09424453973770142,1.2758231163024902,0.018160440027713776,-0.33568522334098816
1764809268.426799,-0.0311222834944725,-0.2067944922208786,0.6651233666211366,0.016775064170360565,0.712658166885376,0.4308047890663147,,,,,,
1764809268.434543,,,,,,,0.04414492845535278,-0.029210180044174194,-0.08882081508636475,1.259948492050171,-0.02218485251069069,-0.32596978545188904
1764809268.436851,0.002811258028447628,-0.12346505162715911,0.6105985802292824,-0.014512551948428154,0.6838576793670654,0.4260089695453644,,,,,,
1764809268.444575,,,,,,,0.04061371088027954,-0.03885158896446228,-0.09419433772563934,1.2203245162963867,-0.0572216659784317,-0.32165440917015076
1764809268.446904,0.052339259046316144,-0.03526245203912258,0.5723033363655209,-0.037043169140815735,0.6554956436157227,0.41768214106559753,,,,,,
1764809268.454605,,,,,,,0.04030412435531616,-0.043493300676345825,-0.09950214624404907,1.15692138671875,-0.08835562318563461,-0.3152780830860138
1764809268.456956,0.11293752013295888,0.03987608331441879,0.544794274932146,-0.06223320588469505,0.6239697337150574,0.4062691628932953,,,,,,
1764809268.464635,,,,,,,0.04325193166732788,-0.04822826385498047,-0.10610324144363403,1.0818554162979126,-0.1259775608778,-0.3063828647136688
1764809268.467008,0.14760375984460114,0.02149462344944477,0.5663844677105546,-0.09323997050523758,0.5831788182258606,0.3889242112636566,,,,,,
1764809268.474665,,,,,,,0.04464364051818848,-0.05069875717163086,-0.11013132333755493,1.0054625272750854,-0.16850398480892181,-0.30204278230667114
1764809268.47706,0.18944588253498076,-0.05143383463919163,0.5914069730252027,-0.13232453167438507,0.530017077922821,0.372491717338562,,,,,,
1764809268.484695,,,,,,,0.04476165771484375,-0.046515196561813354,-0.11777538061141968,0.9312700033187866,-0.20941466093063354,-0.29547327756881714
1764809268.487112,0.23697277286350726,-0.1470633693575859,0.6495522880017757,-0.17813023924827576,0.4602895975112915,0.36128297448158264,,,,,,
1764809268.494725,,,,,,,0.045369625091552734,-0.04482775926589966,-0.11953793466091156,0.85378098487854,-0.2509368062019348,-0.29100847244262695
1764809268.497164,0.24686346775889395,-0.1926554922312498,0.7032967376708984,-0.23018252849578857,0.3813151717185974,0.3504100739955902,,,,,,
1764809268.504756,,,,,,,0.04735612869262695,-0.04721471667289734,-0.11037425696849823,0.7680045366287231,-0.2955002784729004,-0.28586140275001526
1764809268.507216,0.2125990868464112,-0.20987199997007847,0.7070055290609598,-0.27936050295829773,0.31290361285209656,0.34283679723739624,,,,,,
1764809268.514786,,,,,,,0.04765850305557251,-0.051309734582901,-0.10189388692378998,0.6731346845626831,-0.3407191336154938,-0.28433454036712646
1764809268.517269,0.22095804212987422,-0.17367022125422954,0.6825742676377297,-0.31616273522377014,0.26551344990730286,0.331164687871933,,,,,,
1764809268.524816,,,,,,,0.04598897695541382,-0.056788086891174316,-0.09464563429355621,0.5666868090629578,-0.377497136592865,-0.2807544469833374
1764809268.527321,0.20312866318970918,-0.0976934815108776,0.6684472503468394,-0.34131500124931335,0.23570989072322845,0.31595999002456665,,,,,,
1764809268.534846,,,,,,,0.0421527624130249,-0.059293270111083984,-0.0960717499256134,0.4693070948123932,-0.41053470969200134,-0.27893564105033875
1764809268.537373,0.1516620953246951,-0.002633271113038063,0.653742433167994,-0.3572162091732025,0.22242285311222076,0.3028854727745056,,,,,,
1764809268.544876,,,,,,,0.03467702865600586,-0.052546292543411255,-0.10929165780544281,0.40125641226768494,-0.43864065408706665,-0.278578519821167
1764809268.547425,0.08566577458679675,0.062278469258546826,0.6542547666043043,-0.3718332350254059,0.21176035702228546,0.2962571382522583,,,,,,
1764809268.554906,,,,,,,0.0309445858001709,-0.03710731863975525,-0.1231728196144104,0.3586449921131134,-0.45376765727996826,-0.2780330777168274
1764809268.557477,0.010375263541936873,0.07601648723185062,0.7065721060797572,-0.39450952410697937,0.2012384682893753,0.29576125741004944,,,,,,
1764809268.564937,,,,,,,0.032723844051361084,-0.022815555334091187,-0.13118502497673035,0.35703831911087036,-0.4777108132839203,-0.27662721276283264
1764809268.567529,-0.11034838042259215,-0.015906009662151336,0.754596424536407,-0.4300311505794525,0.19058744609355927,0.2963487207889557,,,,,,
1764809268.574967,,,,,,,0.03587228059768677,-0.011877566576004028,-0.13484114408493042,0.38394251465797424,-0.5164086818695068,-0.2790268361568451
1764809268.577582,-0.20795827530324457,-0.16675824990868568,0.768440240971744,-0.4739466607570648,0.19244925677776337,0.304470032453537,,,,,,
1764809268.584997,,,,,,,0.037188053131103516,-0.007175564765930176,-0.12816868722438812,0.4292338490486145,-0.5349088311195374,-0.2700602412223816
1764809268.587634,-0.25704788490384817,-0.277453251811862,0.7638593429222702,-0.514354944229126,0.2162572145462036,0.3119768500328064,,,,,,
1764809268.595027,,,,,,,0.04477667808532715,-0.00917351245880127,-0.1351979374885559,0.48556753993034363,-0.5571582317352295,-0.26022613048553467
1764809268.597686,-0.25402269186377524,-0.23250527206063268,0.8108671778127551,-0.5475791692733765,0.2513781785964966,0.3125632703304291,,,,,,
1764809268.605057,,,,,,,0.051663994789123535,-0.010028541088104248,-0.13443636894226074,0.5273829102516174,-0.5902701020240784,-0.2547421455383301
1764809268.607738,-0.30206571502089496,-0.07415420049130916,0.7425438754320144,-0.5764629244804382,0.2809561789035797,0.3129342496395111,,,,,,
1764809268.615087,,,,,,,0.054524779319763184,-0.012244850397109985,-0.13051876425743103,0.5572531819343567,-0.6280238628387451,-0.24872753024101257
1764809268.61779,-0.3023158903896808,0.03243161252737045,0.6913897345170378,-0.5933098196983337,0.3095548152923584,0.3088124692440033,,,,,,
1764809268.625118,,,,,,,0.05403554439544678,-0.02016398310661316,-0.11519192159175873,0.5667808651924133,-0.6500929594039917,-0.23011337220668793
1764809268.627842,-0.2500514501452446,0.0996761797606945,0.6729585902914405,-0.6084113121032715,0.3426475524902344,0.3046169877052307,,,,,,
1764809268.635148,,,,,,,0.053283095359802246,-0.029049396514892578,-0.10079929232597351,0.57265305519104,-0.6585836410522461,-0.21837696433067322
1764809268.637894,-0.23663988764733074,0.15096563749313355,0.710375297755003,-0.6182024478912354,0.3850112557411194,0.2988501787185669,,,,,,
1764809268.645178,,,,,,,0.05811357498168945,-0.028349310159683228,-0.10921943187713623,0.595748245716095,-0.6633192896842957,-0.20518019795417786
1764809268.647947,-0.1815659429401159,0.2442652679592371,0.8617328571751713,-0.6239340901374817,0.42608219385147095,0.29144537448883057,,,,,,
1764809268.655208,,,,,,,0.06941699981689453,-0.021263539791107178,-0.13012439012527466,0.6487171053886414,-0.6788186430931091,-0.19640062749385834
1764809268.657999,-0.21931319753229617,0.33820027371942996,0.9272124605625868,-0.643323540687561,0.4326476752758026,0.2908954322338104,,,,,,
1764809268.665238,,,,,,,0.08151048421859741,-0.013832807540893555,-0.15005221962928772,0.7225561738014221,-0.7045575380325317,-0.19245807826519012
1764809268.668051,-0.2976809240654111,0.337967049485445,0.9727361943751573,-0.6674818992614746,0.41477885842323303,0.3008248805999756,,,,,,
1764809268.675268,,,,,,,0.08937954902648926,-0.008783578872680664,-0.14951443672180176,0.7814611196517944,-0.7411086559295654,-0.19547930359840393
1764809268.678103,-0.3380895068213343,0.27315058618187904,1.029309729990363,-0.7035720348358154,0.4025634527206421,0.3078577518463135,,,,,,
1764809268.685299,,,,,,,0.09124618768692017,-0.01727461814880371,-0.14034289121627808,0.8372763991355896,-0.7739784121513367,-0.19364385306835175
1764809268.688155,-0.43381841026097534,0.18683190064430236,1.0495102219760417,-0.7360101342201233,0.4175819158554077,0.3075927495956421,,,,,,
1764809268.695329,,,,,,,0.08638185262680054,-0.027065306901931763,-0.1299411952495575,0.8678281903266907,-0.7939449548721313,-0.19016782939434052
1764809268.698207,-0.5267775567263364,0.13858078769445417,1.1113804026946426,-0.7617607712745667,0.4601624011993408,0.30360546708106995,,,,,,
1764809268.705359,,,,,,,0.08106309175491333,-0.04057765007019043,-0.1142372190952301,0.8803890347480774,-0.797922670841217,-0.17932157218456268
1764809268.708259,-0.6398389954999089,0.18727613728046416,1.0814736324697731,-0.7808860540390015,0.5189579129219055,0.2992737889289856,,,,,,
1764809268.715389,,,,,,,0.07711690664291382,-0.05394360423088074,-0.10336136817932129,0.8760486245155334,-0.8014337420463562,-0.1700640171766281
1764809268.718312,-0.757106653791666,0.2948427780300379,1.0141352494731546,-0.7911134362220764,0.5807176828384399,0.29612991213798523,,,,,,
1764809268.725419,,,,,,,0.07616674900054932,-0.05937638878822327,-0.08942627906799316,0.850147545337677,-0.805322527885437,-0.1607016772031784
1764809268.728364,-0.7987982620954514,0.4333002316057682,0.9147533764839172,-0.7945582866668701,0.6466847062110901,0.28607192635536194,,,,,,
1764809268.735449,,,,,,,0.07717466354370117,-0.06568902730941772,-0.0766352117061615,0.8141083717346191,-0.8045283555984497,-0.14220337569713593
1764809268.738416,-0.782051125434041,0.4954448453515768,0.8448807988345622,-0.7933076620101929,0.7206441760063171,0.2646190822124481,,,,,,
1764809268.74548,,,,,,,0.07540541887283325,-0.07325059175491333,-0.05889016389846802,0.7845007181167603,-0.8023959398269653,-0.11587242037057877
1764809268.748468,-0.7328817285954952,0.5160170932590961,0.7414046422690153,-0.7900528311729431,0.8027924299240112,0.23328183591365814,,,,,,
1764809268.75551,,,,,,,0.07229071855545044,-0.0724228024482727,-0.051948368549346924,0.7722545862197876,-0.7983716726303101,-0.09064875543117523
1764809268.75852,-0.6134142221719027,0.5142676192432641,0.682821520397067,-0.7818992733955383,0.8716356754302979,0.19973133504390717,,,,,,
1764809268.76554,,,,,,,0.07085937261581421,-0.06415703892707825,-0.04567164182662964,0.7868340611457825,-0.7887129187583923,-0.057586148381233215
1764809268.768572,-0.460611724640429,0.5278109914273024,0.6291764394491911,-0.7711541652679443,0.9226713180541992,0.16447988152503967,,,,,,
1764809268.77557,,,,,,,0.0689539909362793,-0.053590744733810425,-0.042061060667037964,0.8298379778862,-0.7758386731147766,-0.018493471667170525
1764809268.778625,-0.3423451184391975,0.5257365232408047,0.6196475636035204,-0.7634642720222473,0.952570378780365,0.1337491273880005,,,,,,
1764809268.7856,,,,,,,0.06869810819625854,-0.043738484382629395,-0.03616616129875183,0.893576443195343,-0.7612178921699524,0.01961769536137581
1764809268.788677,-0.19274317051470277,0.5250210684478283,0.600371492986381,-0.7560136318206787,0.9751716256141663,0.10617794096469879,,,,,,
1764809268.79563,,,,,,,0.06480956077575684,-0.03770378232002258,-0.02108919620513916,0.9634218811988831,-0.7476575970649719,0.060525715351104736
1764809268.798729,-0.13448884220570326,0.5067307939976453,0.6003793840318918,-0.744933009147644,0.9952510595321655,0.08201561123132706,,,,,,
1764809268.805661,,,,,,,0.055236101150512695,-0.03346732258796692,0.00508803129196167,1.0302691459655762,-0.7254990339279175,0.10234053432941437
1764809268.808781,-0.15257511851638556,0.49418929233253,0.5692442410558461,-0.727384090423584,1.0264767408370972,0.054866816848516464,,,,,,
1764809268.815691,,,,,,,0.0411452054977417,-0.032740890979766846,0.020766258239746094,1.095485806465149,-0.690788209438324,0.14655986428260803
1764809268.818833,-0.18191840963959693,0.47875382279157636,0.5348480504572392,-0.7002265453338623,1.0731637477874756,0.033814262598752975,,,,,,
1764809268.825721,,,,,,,0.027337074279785156,-0.034655243158340454,0.02512890100479126,1.1547235250473022,-0.6371356248855591,0.1893070638179779
1764809268.828885,-0.2167655588760972,0.5046417127639055,0.4946025493085384,-0.6714673638343811,1.1248970031738281,0.00685807503759861,,,,,,
1764809268.835751,,,,,,,0.021998941898345947,-0.031194835901260376,0.02687165141105652,1.2050344944000244,-0.5751550793647766,0.2303125411272049
1764809268.838937,-0.2886439233899116,0.5277595535010099,0.3707096276581287,-0.6457068920135498,1.1774613857269287,-0.023969346657395363,,,,,,
1764809268.845781,,,,,,,0.021373629570007324,-0.02327144145965576,0.017186105251312256,1.2473909854888916,-0.5325673818588257,0.2627248167991638
1764809268.84899,-0.2810352019518614,0.5237655154287815,0.22335633544325828,-0.6291261315345764,1.2167102098464966,-0.055241454392671585,,,,,,
1764809268.855812,,,,,,,0.02396780252456665,-0.023652583360671997,0.010674357414245605,1.291114330291748,-0.5099478363990784,0.2953331470489502
1764809268.859042,-0.17667933994233606,0.46164019090533254,0.09325988297760486,-0.6217976212501526,1.234014630317688,-0.08576900511980057,,,,,,
1764809268.865842,,,,,,,0.026954710483551025,-0.02159827947616577,0.010213732719421387,1.3382296562194824,-0.4755755066871643,0.3247184753417969
1764809268.869094,-0.03885053965896368,0.3706096744149923,-0.022654314878582955,-0.6332684755325317,1.2213280200958252,-0.11547385156154633,,,,,,
1764809268.875872,,,,,,,0.03614401817321777,-0.007715582847595215,0.022853493690490723,1.369829535484314,-0.45881569385528564,0.3588467538356781
1764809268.879146,0.1621300055861473,0.31713352029323577,-0.14404957449436187,-0.6585988998413086,1.178840160369873,-0.1434527486562729,,,,,,
1764809268.885902,,,,,,,0.05047416687011719,0.00641593337059021,0.037504881620407104,1.3774839639663696,-0.4903930723667145,0.3982729911804199
1764809268.889198,0.39701282043308017,0.3424760513424873,-0.28057342965900894,-0.6761835813522339,1.1359748840332031,-0.1696910411119461,,,,,,
1764809268.895932,,,,,,,0.05086785554885864,0.011708080768585205,0.040911853313446045,1.3629416227340698,-0.540906548500061,0.4251454174518585
1764809268.89925,0.682791709780693,0.38041269102692604,-0.4446884715825319,-0.6780600547790527,1.0928175449371338,-0.19035077095031738,,,,,,
1764809268.905962,,,,,,,0.036539673805236816,0.01867586374282837,0.056782066822052,1.3076269626617432,-0.5530556440353394,0.44874927401542664
1764809268.909303,0.9123673581302165,0.40074586948156354,-0.6253384687215089,-0.6698611974716187,1.043421983718872,-0.21127043664455414,,,,,,
1764809268.915993,,,,,,,0.024726808071136475,0.026769638061523438,0.06075429916381836,1.2329109907150269,-0.5504239201545715,0.460427463054657
1764809268.919355,1.055242920409143,0.44589726285040376,-0.6817927618712186,-0.6712841391563416,0.9700915813446045,-0.2227444052696228,,,,,,
1764809268.926023,,,,,,,0.024604380130767822,0.04557356238365173,0.05228066444396973,1.139426589012146,-0.5693070292472839,0.46289193630218506
1764809268.929407,1.1439902943983673,0.4735615148454904,-0.6507616637915372,-0.6826607584953308,0.8578206896781921,-0.21990598738193512,,,,,,
1764809268.936053,,,,,,,0.029993772506713867,0.0649062991142273,0.04485893249511719,1.0382494926452637,-0.6100494265556335,0.4629039168357849
1764809268.939459,1.1200354183152317,0.41690965329706664,-0.6257569863945245,-0.7002788782119751,0.7405627965927124,-0.2129276990890503,,,,,,
1764809268.946083,,,,,,,0.028505265712738037,0.07544282078742981,0.03728318214416504,0.9358021020889282,-0.6565340757369995,0.4480479955673218
1764809268.949511,1.1059028480663895,0.26515549577474595,-0.690343148073554,-0.7277528047561646,0.6327762603759766,-0.2023698091506958,,,,,,
1764809268.956113,,,,,,,0.02288264036178589,0.0815686285495758,0.03088313341140747,0.8207288980484009,-0.6848222017288208,0.4112710952758789
1764809268.959563,1.0835630059644579,0.09662848262786865,-0.7249176178485155,-0.7647611498832703,0.5402087569236755,-0.1915017068386078,,,,,,
1764809268.966143,,,,,,,0.021029233932495117,0.09053406119346619,0.027145206928253174,0.6815792322158813,-0.7066417336463928,0.3703995645046234
1764809268.969615,1.08596480640918,0.048019642281532285,-0.7458306420177221,-0.8055891990661621,0.44842812418937683,-0.17464372515678406,,,,,,
1764809268.976174,,,,,,,0.025203347206115723,0.10047093033790588,0.028545916080474854,0.5421760678291321,-0.7401189804077148,0.32940736413002014
1764809268.979668,1.0773995148986577,0.07024959426820278,-0.7730436431139707,-0.8365833759307861,0.36454492807388306,-0.15307477116584778,,,,,,
1764809268.986204,,,,,,,0.03085947036743164,0.10568128526210785,0.027094364166259766,0.4132119119167328,-0.7829503417015076,0.28515520691871643
1764809268.98972,1.1018600024163723,0.12546411648988723,-0.7743330984026193,-0.8626304864883423,0.286563515663147,-0.12990789115428925,,,,,,
1764809268.996234,,,,,,,0.030761361122131348,0.11021114885807037,0.029210805892944336,0.2932753562927246,-0.8309195041656494,0.23949027061462402
1764809268.999772,1.097871225041151,0.22294775464236735,-0.8563403504818677,-0.8822520971298218,0.21843081712722778,-0.10493037104606628,,,,,,
1764809269.006264,,,,,,,0.025415241718292236,0.11716054379940033,0.028124988079071045,0.19688598811626434,-0.8879747986793518,0.19282397627830505
1764809269.009824,1.0751190027460455,0.24434651650190353,-0.8837228629261255,-0.89143306016922,0.1571362465620041,-0.07780949771404266,,,,,,
1764809269.016294,,,,,,,0.014102637767791748,0.12405318021774292,0.028725385665893555,0.12342754751443863,-0.9290481805801392,0.1558472365140915
1764809269.019876,1.0853829148679972,0.19874913293123245,-0.9001181174099445,-0.9040143489837646,0.107747383415699,-0.05078187584877014,,,,,,
1764809269.026324,,,,,,,0.005594134330749512,0.1330690085887909,0.027484655380249023,0.08507909625768661,-0.9486253261566162,0.11624044179916382
1764809269.029928,1.0667223458006978,0.12178572023808955,-0.8574959502577781,-0.9241600632667542,0.05577772855758667,-0.0223544891923666,,,,,,
1764809269.036355,,,,,,,0.006514787673950195,0.1435794085264206,0.023019790649414062,0.07055390626192093,-0.9688557982444763,0.07344570010900497
1764809269.039981,1.0257467768117785,0.08590484403967857,-0.8067845846742391,-0.9491103887557983,0.0006731970934197307,0.01194835640490055,,,,,,
1764809269.046386,,,,,,,0.015213310718536377,0.15180525183677673,0.02827233076095581,0.05726073682308197,-0.9951536655426025,0.03840037062764168
1764809269.050033,0.9805600198686122,0.09241934050023555,-0.7378191849976777,-0.9653543829917908,-0.04550281912088394,0.05453816056251526,,,,,,
1764809269.056415,,,,,,,0.021420955657958984,0.1395801156759262,0.036678314208984375,0.05284126475453377,-1.0424213409423828,-0.006395463831722736
1764809269.060085,0.9234194980204105,0.11787877592742442,-0.7253980948418378,-0.974969208240509,-0.07273183017969131,0.0948963314294815,,,,,,
1764809269.066445,,,,,,,0.015369176864624023,0.12747174501419067,0.03849470615386963,0.031935982406139374,-1.095672607421875,-0.06084352731704712
1764809269.070137,0.7752785625591874,0.12821370745897293,-0.7563397610723972,-0.9773221015930176,-0.09496390074491501,0.1249903216958046,,,,,,
1764809269.076475,,,,,,,-0.001980602741241455,0.12261155247688293,0.04090464115142822,-0.008838122710585594,-1.1285431385040283,-0.11060456186532974
1764809269.080189,0.6388382940247654,0.0989227310448885,-0.785408034646511,-0.977791428565979,-0.11077095568180084,0.15321294963359833,,,,,,
1764809269.086505,,,,,,,-0.01727294921875,0.12470944225788116,0.041021525859832764,-0.057527367025613785,-1.129746437072754,-0.14702913165092468
1764809269.090241,0.5958931785285473,0.06304945363104343,-0.7730997572153806,-0.9808323979377747,-0.11851337552070618,0.18455767631530762,,,,,,
1764809269.096536,,,,,,,-0.021758735179901123,0.129007026553154,0.030855953693389893,-0.11572794616222382,-1.1194570064544678,-0.18493151664733887
1764809269.100293,0.59423752027601,0.040410920843482016,-0.7190308978974819,-0.9866226315498352,-0.13228672742843628,0.218394473195076,,,,,,
1764809269.106566,,,,,,,-0.014362335205078125,0.12808650732040405,0.02968961000442505,-0.17659370601177216,-1.1179046630859375,-0.2300044596195221
1764809269.110346,0.6242541806161404,0.03472001572549343,-0.6630424686938524,-0.9973271489143372,-0.14621326327323914,0.26135244965553284,,,,,,
1764809269.116596,,,,,,,-0.002849102020263672,0.12862583994865417,0.028160572052001953,-0.24040015041828156,-1.1269534826278687,-0.29186496138572693
1764809269.120398,0.6926628231927752,0.05327449406981468,-0.5968126314610243,-0.9997919201850891,-0.15282535552978516,0.30668798089027405,,,,,,
1764809269.126626,,,,,,,0.004802882671356201,0.1387329250574112,0.01972442865371704,-0.29577818512916565,-1.1466294527053833,-0.36184751987457275
1764809269.13045,0.7652712555468082,0.08373685235083103,-0.5217430696904659,-1.0048383474349976,-0.16704745590686798,0.35652467608451843,,,,,,
1764809269.136656,,,,,,,0.010138928890228271,0.1527387499809265,0.010489225387573242,-0.3867318034172058,-1.1662112474441528,-0.4296174943447113
1764809269.140502,0.7756769142270088,0.15902034913301466,-0.40685412322878833,-1.0112384557724,-0.203060582280159,0.4141578674316406,,,,,,
1764809269.146686,,,,,,,0.015710830688476562,0.15234726667404175,-0.002675294876098633,-0.4821683168411255,-1.1899333000183105,-0.5091251134872437
1764809269.150554,0.79750442289263,0.22685645251870154,-0.3062783642798662,-1.0264766216278076,-0.24368035793304443,0.4747256338596344,,,,,,
1764809269.156717,,,,,,,0.01973038911819458,0.15412354469299316,-0.01121532917022705,-0.5670059323310852,-1.2048536539077759,-0.5960066318511963
1764809269.160606,0.8150526468038558,0.24638532885313033,-0.27399755840003487,-1.0375518798828125,-0.274012953042984,0.5455185770988464,,,,,,
1764809269.166747,,,,,,,0.026337921619415283,0.17496603727340698,-0.00888824462890625,-0.6999391913414001,-1.2148945331573486,-0.7013047933578491
1764809269.170659,0.841199772234261,0.27121348063945766,-0.2183925755560398,-1.0512608289718628,-0.28887367248535156,0.6170945763587952,,,,,,
1764809269.176777,,,,,,,0.03623807430267334,0.1829347014427185,-0.010971307754516602,-0.8620537519454956,-1.244156837463379,-0.8128194212913513
1764809269.180711,0.7929884067729115,0.313375044542551,-0.15609657064080237,-1.0636123418807983,-0.30091941356658936,0.6836565732955933,,,,,,
1764809269.186807,,,,,,,0.044309377670288086,0.17138248682022095,-0.02690720558166504,-0.9639284610748291,-1.2819743156433105,-0.9269886016845703
1764809269.190763,0.6909896292835473,0.30912498588263987,-0.11135141998529434,-1.0741386413574219,-0.29925769567489624,0.7511758804321289,,,,,,
1764809269.196837,,,,,,,0.045604169368743896,0.18314900994300842,-0.04815959930419922,-1.0371460914611816,-1.3039318323135376,-1.0486572980880737
1764809269.200815,0.6499614533245563,0.29905192015767096,-0.0977373206526041,-1.093631625175476,-0.29540035128593445,0.8212761282920837,,,,,,
1764809269.206867,,,,,,,0.05175846815109253,0.21543461084365845,-0.06028580665588379,-1.080828070640564,-1.319898009300232,-1.171750545501709
1764809269.210867,0.6654276102647185,0.2789110494047403,-0.06482464661002159,-1.1226000785827637,-0.29066500067710876,0.8880853056907654,,,,,,
1764809269.216898,,,,,,,0.06127309799194336,0.2219116985797882,-0.06691718101501465,-1.034008264541626,-1.3567681312561035,-1.281049370765686
1764809269.220919,0.6501750960752367,0.23052491189837454,-0.07628595182299613,-1.14433753490448,-0.2650078535079956,0.952664852142334,,,,,,
1764809269.226928,,,,,,,0.06497365236282349,0.22899124026298523,-0.05914664268493652,-0.9682021141052246,-1.3924174308776855,-1.3838140964508057
1764809269.230971,0.634687604086101,0.17822803068906068,-0.10566168391108512,-1.1757756471633911,-0.207299143075943,1.0050333738327026,,,,,,
1764809269.236958,,,,,,,0.06893622875213623,0.22288349270820618,-0.03752034902572632,-0.9581765532493591,-1.4187289476394653,-1.4712527990341187
1764809269.241024,0.6399442094400525,0.13849427845478057,-0.012725041538476943,-1.2293474674224854,-0.15005716681480408,1.042304277420044,,,,,,
1764809269.246988,,,,,,,0.07335776090621948,0.17423537373542786,-0.01799452304840088,-0.9325242042541504,-1.4539159536361694,-1.5659193992614746
1764809269.251076,0.5984931318938732,0.06673690997213125,0.08696049057245255,-1.2922581434249878,-0.1275712549686432,1.0774482488632202,,,,,,
1764809269.257018,,,,,,,0.07463586330413818,0.13808703422546387,-0.00797361135482788,-0.981645405292511,-1.4971246719360352,-1.7013874053955078
1764809269.261128,0.6622159547418356,0.0844657511472702,0.09747253223657608,-1.3447860479354858,-0.15285849571228027,1.1260809898376465,,,,,,
1764809269.267048,,,,,,,0.06930232048034668,0.1194382905960083,8.428096771240234e-05,-1.0625399351119995,-1.5470871925354004,-1.8489373922348022
1764809269.27118,0.8580465698778629,0.153650346532464,-0.05761866075396537,-1.3706196546554565,-0.20247195661067963,1.1868637800216675,,,,,,
1764809269.277079,,,,,,,0.05697789788246155,0.12976917624473572,-0.004673480987548828,-1.1240061521530151,-1.605396032333374,-2.005478858947754
1764809269.281232,1.1066042743340134,0.22013854244053363,-0.35039106225073335,-1.3723571300506592,-0.235375314950943,1.2522648572921753,,,,,,
1764809269.287109,,,,,,,0.04820343852043152,0.20357230305671692,-0.02695220708847046,-1.1304999589920044,-1.6258046627044678,-2.1518471240997314
1764809269.291284,1.457583950127661,0.32812925382107494,-0.5442220280021429,-1.3673673868179321,-0.23880550265312195,1.3194915056228638,,,,,,
1764809269.297139,,,,,,,0.05839592218399048,0.30098584294319153,-0.05182915925979614,-1.043137788772583,-1.6204506158828735,-2.231128692626953
1764809269.301337,1.8009625032678245,0.4103399195179343,-0.5334948822826147,-1.364559292793274,-0.21981796622276306,1.3922810554504395,,,,,,
1764809269.307169,,,,,,,0.07965004444122314,0.37597209215164185,-0.07010388374328613,-0.8048197627067566,-1.6205414533615112,-2.250048875808716
1764809269.311389,2.0244684763148424,0.49156917296200986,-0.36667058140039444,-1.3715152740478516,-0.18999458849430084,1.4816256761550903,,,,,,
1764809269.317199,,,,,,,0.0984533429145813,0.4179350733757019,-0.07226425409317017,-0.48049667477607727,-1.638739824295044,-2.2324254512786865
1764809269.321441,2.092441357822716,0.5057832840144634,-0.09785130242109298,-1.3944514989852905,-0.18683475255966187,1.592763900756836,,,,,,
1764809269.327229,,,,,,,0.10153743624687195,0.4085618853569031,-0.06058228015899658,-0.1247934028506279,-1.6572216749191284,-2.2127838134765625
1764809269.331493,1.9147934651091694,0.4497746888056397,0.2728513109743595,-1.439468502998352,-0.21382872760295868,1.7157042026519775,,,,,,
1764809269.33726,,,,,,,0.09287390112876892,0.3516165018081665,-0.03618890047073364,0.15491218864917755,-1.6739956140518188,-2.2281196117401123
1764809269.341545,1.5850696355730294,0.30248423269391056,0.5507166507184506,-1.4744025468826294,-0.22935815155506134,1.836920976638794,,,,,,
1764809269.34729,,,,,,,0.08163797855377197,0.2725398540496826,-0.013123750686645508,0.28372448682785034,-1.6717337369918823,-2.294694662094116
1764809269.351597,1.2837310657829046,0.16090250961780547,0.5984037000447512,-1.497439980506897,-0.22478748857975006,1.9503607749938965,,,,,,
1764809269.35732,,,,,,,0.08187931776046753,0.22416359186172485,0.0005935430526733398,0.2545877993106842,-1.6181986331939697,-2.4049487113952637
1764809269.361649,0.9838771815925836,0.13194178807139395,0.6176566820472479,-1.5168839693069458,-0.2148062288761139,2.0368759632110596,,,,,,
1764809269.36735,,,,,,,0.10107266902923584,0.19863152503967285,0.0031088590621948242,0.11751571297645569,-1.562720775604248,-2.4896321296691895
1764809269.371702,0.7006506070762872,0.1330842361047864,0.7166331891059875,-1.5397100448608398,-0.19609130918979645,2.092949628829956,,,,,,
1764809269.37738,,,,,,,0.12426626682281494,0.17704355716705322,-0.012093544006347656,0.016972867771983147,-1.5565824508666992,-2.602294921875
1764809269.381754,0.44132951654344793,0.19412103473916648,0.5568845256984234,-1.5444365739822388,-0.1648510992527008,2.142364025115967,,,,,,
1764809269.387411,,,,,,,0.1442541480064392,0.20141363143920898,-0.014434576034545898,-0.11990535259246826,-1.5265984535217285,-2.74165415763855
1764809269.391806,0.3550271976187825,0.35728242919966574,0.426810285064578,-1.5301039218902588,-0.10176964104175568,2.1906180381774902,,,,,,
1764809269.397441,,,,,,,0.16326496005058289,0.2062779664993286,0.0005427002906799316,-0.1837274134159088,-1.482650876045227,-2.833434820175171
1764809269.401858,0.38411651398092506,0.5316667900726199,0.35423838532865043,-1.5101189613342285,0.0035687675699591637,2.2338948249816895,,,,,,
1764809269.407471,,,,,,,0.17267785966396332,0.17029482126235962,-0.004092812538146973,-0.1519891917705536,-1.4801504611968994,-2.904982566833496
1764809269.41191,0.38876755465716123,0.615175971147418,0.26280922490954395,-1.496636152267456,0.10808198153972626,2.284616231918335,,,,,,
1764809269.417501,,,,,,,0.1675700843334198,0.15677011013031006,-0.005489706993103027,-0.11243829876184464,-1.4726803302764893,-3.006089448928833
1764809269.421962,0.4314437900841236,0.6828133370906114,0.2767699457228184,-1.4884076118469238,0.1581195890903473,2.3392927646636963,,,,,,
1764809269.427531,,,,,,,0.16468437016010284,0.1743485927581787,0.015962660312652588,-0.1356099247932434,-1.4037047624588013,-3.0557351112365723
1764809269.432014,0.5000517546251416,0.6274594063982367,0.42818975672423837,-1.4887744188308716,0.17728835344314575,2.3856537342071533,,,,,,
1764809269.437561,,,,,,,0.17658330500125885,0.17056351900100708,0.019672274589538574,-0.10154817998409271,-1.3566839694976807,-3.0706067085266113
1764809269.442067,0.5681348185092211,0.5184743502181023,0.5894868186175822,-1.508180022239685,0.14356741309165955,2.428135633468628,,,,,,
1764809269.447592,,,,,,,0.1897975355386734,0.18777704238891602,0.037074267864227295,-0.10180038213729858,-1.2838033437728882,-3.1181576251983643
1764809269.452119,0.6852475785002112,0.45120475814137606,0.7765227174013852,-1.5350369215011597,0.10586873441934586,2.4692413806915283,,,,,,
1764809269.457622,,,,,,,0.21147853136062622,0.17969226837158203,0.0596613883972168,-0.08742925524711609,-1.2175955772399902,-3.137786388397217
1764809269.462171,0.8475526483923196,0.4087608701655641,0.9896949279606342,-1.5521780252456665,0.1013413593173027,2.5097837448120117,,,,,,
1764809269.467652,,,,,,,0.22294548153877258,0.11328363418579102,0.057348668575286865,-0.02840987592935562,-1.198634147644043,-3.1846611499786377
1764809269.472223,0.9801701437681912,0.48880467668473715,0.7601888377159833,-1.5419588088989258,0.10353667289018631,2.566561222076416,,,,,,
1764809269.477682,,,,,,,0.21901503205299377,0.05788552761077881,0.058767855167388916,-0.04361400380730629,-1.1761785745620728,-3.2782373428344727
1764809269.482275,1.0006605586111545,0.6985812534563243,0.5043348387718201,-1.5140880346298218,0.09184139966964722,2.618638515472412,,,,,,
1764809269.487712,,,,,,,0.21149325370788574,0.04480254650115967,0.06775414943695068,-0.19010543823242188,-1.1368706226348877,-3.373114824295044
1764809269.492327,0.905324161620438,0.7994651285063475,0.39374680437445636,-1.4836124181747437,0.07775765657424927,2.6420187950134277,,,,,,
1764809269.497742,,,,,,,0.19621524214744568,0.028938233852386475,0.07216328382492065,-0.3153214752674103,-1.0726345777511597,-3.4088711738586426
1764809269.50238,0.6952651146456599,0.7521393867731094,0.31297581609189506,-1.456324577331543,0.07704073935747147,2.6473519802093506,,,,,,
1764809269.507773,,,,,,,0.18463344871997833,0.029053330421447754,0.07863682508468628,-0.4244990944862366,-0.9846275448799133,-3.4122438430786133
1764809269.512432,0.5204956999778747,0.7199713205527514,0.2679541865825653,-1.449236512184143,0.06912235915660858,2.6401515007019043,,,,,,
1764809269.517803,,,,,,,0.18784378468990326,0.05973583459854126,0.0843820571899414,-0.4923562705516815,-0.8592280745506287,-3.434748649597168
1764809269.522484,0.44007308674156664,0.6685842476647347,0.36257308295369145,-1.449580430984497,0.05196043476462364,2.629718542098999,,,,,,
1764809269.527833,,,,,,,0.2077319473028183,0.09432345628738403,0.07672476768493652,-0.45325547456741333,-0.7546803951263428,-3.4726474285125732
1764809269.532536,0.458461268608272,0.7196899463281035,0.2954793223679065,-1.441938042640686,0.04773835837841034,2.6346428394317627,,,,,,
1764809269.537863,,,,,,,0.2404027134180069,0.15022432804107666,0.07025045156478882,-0.3428615629673004,-0.6767956614494324,-3.5076777935028076
1764809269.542588,0.5661582577392459,0.8654302503883838,0.19089315873384474,-1.4515284299850464,0.05967384949326515,2.6521482467651367,,,,,,
1764809269.547893,,,,,,,0.2732735276222229,0.19132548570632935,0.05710703134536743,-0.21936680376529694,-0.6384680271148682,-3.495424270629883
1764809269.55264,0.6749366123661399,0.9854241187736391,0.11645897225737571,-1.4746699333190918,0.09484926611185074,2.684116840362549,,,,,,
1764809269.557923,,,,,,,0.2866300940513611,0.15694338083267212,0.04523688554763794,-0.02252594195306301,-0.6389460563659668,-3.4156570434570312
1764809269.562692,0.7575652112141251,1.0116539540514349,-0.022975801917910574,-1.4918270111083984,0.14830316603183746,2.7162299156188965,,,,,,
1764809269.567954,,,,,,,0.2704536020755768,0.061366260051727295,0.051160573959350586,0.22450274229049683,-0.6493193507194519,-3.360668897628784
1764809269.572745,0.7712085366412996,0.8726794908642769,-0.1721639083445072,-1.4991012811660767,0.16725753247737885,2.714766502380371,,,,,,
1764809269.577984,,,,,,,0.24007263779640198,0.018005788326263428,0.08329665660858154,0.37748926877975464,-0.5951378345489502,-3.4110846519470215
1764809269.582797,0.7484414090380073,0.6928864028155803,-0.14814941102862358,-1.5043545961380005,0.13114053010940552,2.677520513534546,,,,,,
1764809269.588014,,,,,,,0.23225530982017517,0.0548405647277832,0.12442642450332642,0.3568952977657318,-0.4735672175884247,-3.49943208694458
1764809269.592849,0.7612973834797739,0.637671588332951,0.11002864694893359,-1.5211762189865112,0.0468437634408474,2.6303212642669678,,,,,,
1764809269.598044,,,,,,,0.25761497020721436,0.07942503690719604,0.13435381650924683,0.30737122893333435,-0.40772879123687744,-3.5012385845184326
1764809269.602901,0.7949459705814719,0.8026067144677043,0.15740005445480346,-1.5007694959640503,0.023122984915971756,2.61665940284729,,,,,,
1764809269.608074,,,,,,,0.2841373682022095,0.034516215324401855,0.13743138313293457,0.3090287744998932,-0.4251192510128021,-3.4172708988189697
1764809269.612953,0.9076263010829687,1.1074912863016129,-0.13578385045230387,-1.4534735679626465,0.05195212736725807,2.6392245292663574,,,,,,
1764809269.618104,,,,,,,0.26923343539237976,-0.07270705699920654,0.16183578968048096,0.3182239532470703,-0.45427340269088745,-3.344989061355591
1764809269.623005,0.8407385844632983,1.2314008668258785,-0.3691109602898359,-1.3936549425125122,0.07163874804973602,2.655616044998169,,,,,,
1764809269.628135,,,,,,,0.22618255019187927,-0.16289526224136353,0.19433808326721191,0.22030828893184662,-0.40663185715675354,-3.356135368347168
1764809269.633058,0.5534358465492725,1.218488486021757,-0.4249205257952213,-1.3414578437805176,0.04119065776467323,2.627274513244629,,,,,,
1764809269.638165,,,,,,,0.19837942719459534,-0.1925225555896759,0.22098863124847412,0.047242436558008194,-0.2901342511177063,-3.4185383319854736
1764809269.64311,0.2824363009214401,1.351103351049125,-0.3644979135364294,-1.2773005962371826,-0.06297116726636887,2.552637815475464,,,,,,
1764809269.648195,,,,,,,0.2079075574874878,-0.14223340153694153,0.23763960599899292,-0.22096984088420868,-0.1767275631427765,-3.453562021255493
1764809269.653162,0.17908114038705825,1.557032166351378,-0.34121406858265396,-1.1948392391204834,-0.05880141258239746,2.5215492248535156,,,,,,
1764809269.658225,,,,,,,0.23462837934494019,-0.1380099654197693,0.21622389554977417,-0.33805111050605774,-0.12945032119750977,-3.3507566452026367
1764809269.663214,0.2516623924732208,1.7691461000293491,-0.8723872299194335,-1.1018773317337036,-0.03014606609940529,2.498054027557373,,,,,,
1764809269.668255,,,,,,,0.24389442801475525,-0.16957968473434448,0.18974894285202026,-0.36573708057403564,-0.12983942031860352,-3.3102054595947266
1764809269.673266,0.04490267930477857,1.8376169941872358,-1.0193407091617583,-1.0140912532806396,-0.05123106762766838,2.4259145259857178,,,,,,
1764809269.678285,,,,,,,0.23964208364486694,-0.15059128403663635,0.18230223655700684,-0.4610421061515808,-0.06128857657313347,-3.3226640224456787
1764809269.683318,-0.23394378043115138,1.5956021355032919,-0.9024234717428684,-0.9532181024551392,-0.05087234079837799,2.3056230545043945,,,,,,
1764809269.688316,,,,,,,0.24578547477722168,-0.13085874915122986,0.17415869235992432,-0.6466143131256104,-0.005771525204181671,-3.299067974090576
1764809269.69337,-0.34251229169964786,1.2749898331835865,-0.8849474362850188,-0.9308568835258484,-0.07658559828996658,2.247103214263916,,,,,,
1764809269.698346,,,,,,,0.26531362533569336,-0.14591971039772034,0.1408829689025879,-0.7878873944282532,0.021228399127721786,-3.1941888332366943
1764809269.703423,0.06334025327116251,1.5397119059771298,-0.6996721174329519,-0.8923531770706177,-0.14207299053668976,2.1662425994873047,,,,,,
1764809269.708376,,,,,,,0.2700027823448181,-0.15650737285614014,0.12627601623535156,-0.8950798511505127,0.024468936026096344,-3.121408462524414
1764809269.713475,0.17431377985477448,1.4970692805588244,-0.7826233723640441,-0.872398316860199,-0.22481755912303925,2.099661111831665,,,,,,
1764809269.718406,,,,,,,0.2690927982330322,-0.11538633704185486,0.12599045038223267,-1.0983394384384155,0.06279155611991882,-3.058917284011841
1764809269.723527,0.3780538529410958,1.6040028841018676,-0.5827449431419373,-0.8707064390182495,-0.2297084480524063,2.077666997909546,,,,,,
1764809269.728436,,,,,,,0.2677403688430786,-0.17194262146949768,0.0972176194190979,-1.1463327407836914,0.08414105325937271,-2.9069879055023193
1764809269.733579,0.3376309493988752,1.7820149339526892,-0.6111228963643313,-0.8478423953056335,-0.2787759006023407,2.007786750793457,,,,,,
1764809269.738466,,,,,,,0.2606819272041321,-0.24617114663124084,0.0922313928604126,-1.2054452896118164,0.08692831546068192,-2.816948890686035
1764809269.743631,-0.0656692807406187,1.6056483132213353,-0.6531956129401922,-0.8135680556297302,-0.31484362483024597,1.9143133163452148,,,,,,
1764809269.748497,,,,,,,0.2503317594528198,-0.28040245175361633,0.08906781673431396,-1.3671746253967285,0.11871900409460068,-2.7516016960144043
1764809269.753683,-0.3222495481327176,1.6648475211650131,-0.7399953599929809,-0.7706577777862549,-0.30837374925613403,1.8090740442276,,,,,,
1764809269.758527,,,,,,,0.24065548181533813,-0.35242795944213867,0.06508386135101318,-1.4639654159545898,0.13532114028930664,-2.630963087081909
1764809269.763735,-0.6327089974895119,1.7340648497760296,-0.8828151004314422,-0.721022367477417,-0.34270989894866943,1.6632308959960938,,,,,,
1764809269.768557,,,,,,,0.2374761700630188,-0.3936176300048828,0.04141455888748169,-1.6001602411270142,0.14977438747882843,-2.521885395050049
1764809269.773788,-1.0211930590301752,1.7283359507352112,-0.8500871353060007,-0.6584362983703613,-0.337037056684494,1.5035754442214966,,,,,,
1764809269.778587,,,,,,,0.23938339948654175,-0.4145732522010803,0.02170950174331665,-1.6997603178024292,0.17449864745140076,-2.3863329887390137
1764809269.78384,-1.2013722237870097,1.6806547466278074,-0.9563350946724414,-0.5874667763710022,-0.34485211968421936,1.350509762763977,,,,,,
1764809269.788617,,,,,,,0.24551713466644287,-0.4305765628814697,0.012241125106811523,-1.743544578552246,0.1783578246831894,-2.2162201404571533
1764809269.793892,-1.2179903272412718,1.7707032663434743,-0.858607710891962,-0.5391690731048584,-0.3239789307117462,1.2231581211090088,,,,,,
1764809269.798647,,,,,,,0.25206953287124634,-0.42369553446769714,-0.010215044021606445,-1.765728235244751,0.14437642693519592,-2.0190951824188232
1764809269.803944,-1.2264357917644082,1.867913348251581,-0.766840112298727,-0.4844840168952942,-0.2946617901325226,1.0933942794799805,,,,,,
1764809269.808678,,,,,,,0.25170040130615234,-0.4340713918209076,-0.02975022792816162,-1.6972362995147705,0.11029009521007538,-1.7782714366912842
1764809269.813996,-1.3908733436405658,1.8276053032606838,-0.775497466006875,-0.41226571798324585,-0.2953801453113556,0.9310833215713501,,,,,,
1764809269.818708,,,,,,,0.2528906464576721,-0.43177586793899536,-0.041922688484191895,-1.6682751178741455,0.08249574899673462,-1.5585676431655884
1764809269.824048,-1.5270542305864392,1.8806974265009164,-0.7041156528383493,-0.3445660471916199,-0.28001052141189575,0.7737081050872803,,,,,,
1764809269.828738,,,,,,,0.25920623540878296,-0.41967201232910156,-0.05469775199890137,-1.6043808460235596,0.047943901270627975,-1.3265208005905151
1764809269.834101,-1.564628028307855,1.9471920521497725,-0.771957601442933,-0.29809001088142395,-0.25600549578666687,0.6240997910499573,,,,,,
1764809269.838768,,,,,,,0.269090473651886,-0.3995484411716461,-0.0652914047241211,-1.4641427993774414,0.0006562804337590933,-1.0514378547668457
1764809269.844153,-1.535565599952638,1.9065262797623872,-0.7280027243822813,-0.2649216651916504,-0.20879244804382324,0.4754863679409027,,,,,,
1764809269.848798,,,,,,,0.2791089415550232,-0.3799973428249359,-0.08174407482147217,-1.1942676305770874,-0.0820002555847168,-0.7519397735595703
1764809269.854205,-1.5326624258570372,1.93729375846982,-0.7040630458682775,-0.21902190148830414,-0.17342022061347961,0.3122172951698303,,,,,,
1764809269.858828,,,,,,,0.27922677993774414,-0.3828656077384949,-0.1059868335723877,-0.8712303638458252,-0.17091681063175201,-0.4498090445995331
1764809269.864257,-1.6183033582635222,1.9599217698633669,-0.7262327921003103,-0.14831790328025818,-0.15982531011104584,0.1253448724746704,,,,,,
1764809269.868859,,,,,,,0.2719055414199829,-0.4063378572463989,-0.10537707805633545,-0.552719235420227,-0.2359948754310608,-0.17205999791622162
1764809269.874309,-1.6471052359864116,1.935557143935561,-0.7285387309551239,-0.0661005899310112,-0.16549444198608398,-0.06615233421325684,,,,,,
1764809269.878889,,,,,,,0.2701043486595154,-0.4206857979297638,-0.08344709873199463,-0.3062775433063507,-0.2981024384498596,0.0918709859251976
1764809269.884361,-1.6276592156298457,1.972984080532193,-0.6875824511885643,0.013754293322563171,-0.13026881217956543,-0.2468709945678711,,,,,,
1764809269.888919,,,,,,,0.2776203155517578,-0.4282367527484894,-0.0587272047996521,-0.1274995356798172,-0.3638486862182617,0.3734448552131653
1764809269.894413,-1.7197662753105163,2.0312199964016675,-0.6997071887463331,0.11105591058731079,-0.09897371381521225,-0.4334028661251068,,,,,,
1764809269.898949,,,,,,,0.28567445278167725,-0.42531657218933105,-0.0311010479927063,0.0038830810226500034,-0.42103075981140137,0.6586363315582275
1764809269.904466,-1.8191515093006192,2.0825024398714302,-0.7015361577391624,0.2103462666273117,-0.06934046000242233,-0.6015023589134216,,,,,,
1764809269.908979,,,,,,,0.2903299331665039,-0.4066844582557678,-0.015841782093048096,0.0658511146903038,-0.4666083753108978,0.9325863718986511
1764809269.914518,-1.7833333230748771,2.135180721613765,-0.7209159809917212,0.3056122362613678,-0.04411943256855011,-0.7547018527984619,,,,,,
1764809269.919009,,,,,,,0.28710681200027466,-0.3949783146381378,-0.00513535737991333,0.1312463879585266,-0.5128957033157349,1.181889295578003
1764809269.92457,-1.7027815305009484,2.1253023016780612,-0.748124890434742,0.3998628556728363,-0.025335093960165977,-0.9015411138534546,,,,,,
1764809269.92904,,,,,,,0.2762453556060791,-0.3782116770744324,0.00723421573638916,0.20141083002090454,-0.533059298992157,1.3989508152008057
1764809269.934622,-1.5016267977327107,2.0969430531561373,-0.7981079417437315,0.49911054968833923,-0.01913718692958355,-1.0275465250015259,,,,,,
1764809269.93907,,,,,,,0.26624441146850586,-0.3496566712856293,0.0158233642578125,0.27151602506637573,-0.5444427132606506,1.5880752801895142
1764809269.944674,-1.2781526811286805,2.08240891636908,-0.802340464746952,0.5879091620445251,-0.00905632320791483,-1.1374772787094116,,,,,,
1764809269.9491,,,,,,,0.25540095567703247,-0.31768378615379333,0.016698122024536133,0.37173184752464294,-0.5590975284576416,1.7850592136383057
1764809269.954726,-1.1392267332583665,1.930706196773052,-0.746082570952177,0.6537402272224426,0.010994435288012028,-1.2401832342147827,,,,,,
1764809269.95913,,,,,,,0.2387508749961853,-0.29768112301826477,0.00822746753692627,0.4852103888988495,-0.5474688410758972,1.9835925102233887
1764809269.964779,-1.1505629507869481,1.746215890818834,-0.6740893478870391,0.7373709678649902,0.01778283156454563,-1.3535867929458618,,,,,,
1764809269.96916,,,,,,,0.2249906063079834,-0.28381210565567017,0.018792808055877686,0.5692049264907837,-0.5284408330917358,2.1426498889923096
1764809269.974831,-1.1447118866711854,1.6048592086702584,-0.6277975523114204,0.8270779252052307,0.004295041784644127,-1.4637775421142578,,,,,,
1764809269.97919,,,,,,,0.21599704027175903,-0.27173900604248047,0.028679311275482178,0.5945153832435608,-0.5063254237174988,2.2703514099121094
1764809269.984883,-1.0783622224509715,1.5059341395378112,-0.5640548557192087,0.9043610095977783,0.002514451975002885,-1.5581398010253906,,,,,,
1764809269.989221,,,,,,,0.20827263593673706,-0.2793051302433014,0.03666889667510986,0.6044082045555115,-0.4793097674846649,2.420768976211548
1764809269.994935,-0.9702212889447808,1.4122557388871908,-0.540586886370182,0.9719193577766418,0.03411874175071716,-1.6433926820755005,,,,,,
1764809269.999251,,,,,,,0.20257145166397095,-0.30343544483184814,0.041563212871551514,0.5793691277503967,-0.4423741400241852,2.5833587646484375
1764809270.004987,-0.8583385385617613,1.3875216951251028,-0.5334013587802648,1.0486637353897095,0.07181604951620102,-1.7342729568481445,,,,,,
1764809270.009281,,,,,,,0.20464032888412476,-0.34307676553726196,0.04812204837799072,0.5171747207641602,-0.39141908288002014,2.726233959197998
1764809270.015039,-0.8924868918791413,1.3484575127154588,-0.5600988115698099,1.1433707475662231,0.07931967824697495,-1.846496820449829,,,,,,
1764809270.01931,,,,,,,0.21591150760650635,-0.3767673373222351,0.06233328580856323,0.3999180197715759,-0.3297826051712036,2.8353750705718994
1764809270.025091,-1.0317898563683032,1.2901765886604786,-0.5925409454911947,1.249400019645691,0.02460024133324623,-1.9854607582092285,,,,,,
1764809270.029341,,,,,,,0.2385706901550293,-0.3495731055736542,0.07869923114776611,0.21079283952713013,-0.27839237451553345,2.9121851921081543
1764809270.035144,-1.054069784976542,1.149805994939804,-0.5136988794445991,1.3331714868545532,-0.012373252771794796,-2.1048073768615723,,,,,,
1764809270.039371,,,,,,,0.2612113356590271,-0.3011246919631958,0.0851743221282959,-0.007017804775387049,-0.2644214332103729,3.019304037094116
1764809270.045196,-0.9013418139860033,1.0548577204838394,-0.46806174838542935,1.391479730606079,-0.025354832410812378,-2.1969456672668457,,,,,,
1764809270.049402,,,,,,,0.2708718776702881,-0.2647819519042969,0.0899496078491211,-0.10389961302280426,-0.26051220297813416,3.1226208209991455
1764809270.055248,-0.7887886169955134,0.9765636437088251,-0.4368167152941227,1.4245951175689697,-0.05382322520017624,-2.2801260948181152,,,,,,
1764809270.059432,,,,,,,0.26829051971435547,-0.19701945781707764,0.09454387426376343,-0.14779530465602875,-0.25996917486190796,3.1995534896850586
1764809270.0653,-0.6904536227107048,0.7836962622925638,-0.3391360932648182,1.4338334798812866,-0.056615784764289856,-2.3452374935150146,,,,,,
1764809270.069462,,,,,,,0.2602287530899048,-0.12384659051895142,0.0805501937866211,-0.12989699840545654,-0.27869918942451477,3.2811601161956787
1764809270.075352,-0.45843759547173973,0.638971565015614,-0.36783377996087074,1.4410053491592407,-0.0038719475269317627,-2.375474214553833,,,,,,
1764809270.079492,,,,,,,0.23865431547164917,-0.10909956693649292,0.056766390800476074,0.04966702684760094,-0.3075611889362335,3.4054982662200928
1764809270.085404,-0.190875915338099,0.591803571127355,-0.49471828464269635,1.456533670425415,0.014525435864925385,-2.411848306655884,,,,,,
1764809270.089522,,,,,,,0.21014106273651123,-0.1129876971244812,0.04852360486984253,0.27750498056411743,-0.30006811022758484,3.487288475036621
1764809270.095456,-0.06945201414972543,0.4543737070336938,-0.45220074690878387,1.4791553020477295,-0.026691695675253868,-2.4656238555908203,,,,,,
1764809270.099552,,,,,,,0.19137507677078247,-0.09614914655685425,0.0563850998878479,0.4516808092594147,-0.22866132855415344,3.5359046459198
1764809270.105509,0.029424539665877818,0.2704685074910521,-0.2956511718034744,1.501156210899353,-0.07214466482400894,-2.5248849391937256,,,,,,
1764809270.109583,,,,,,,0.19279003143310547,-0.08512318134307861,0.07970201969146729,0.6081354022026062,-0.12062034755945206,3.583638906478882
1764809270.115561,0.07758066780865192,0.15659341424703596,-0.2340028171420097,1.504037857055664,-0.1483369767665863,-2.596989393234253,,,,,,
1764809270.119613,,,,,,,0.2121216058731079,-0.03621762990951538,0.11573648452758789,0.6843031644821167,-0.010607292875647545,3.578721284866333
1764809270.125613,0.02391045241951942,0.08621639420688151,-0.027452655071020123,1.4896423816680908,-0.23545004427433014,-2.647144079208374,,,,,,
1764809270.129643,,,,,,,0.24698159098625183,0.029661238193511963,0.12764430046081543,0.6931653618812561,0.09314519912004471,3.6167445182800293
1764809270.135665,0.02310147412419319,0.23702684113830327,0.10108195490539074,1.4669824838638306,-0.26240161061286926,-2.666759729385376,,,,,,
1764809270.139673,,,,,,,0.2733865976333618,0.02063041925430298,0.1153339147567749,0.8257086277008057,0.1590624302625656,3.745100259780884
1764809270.145717,0.039159459477663035,0.4717959664776921,-0.11154255864322185,1.45468270778656,-0.25506725907325745,-2.6713242530822754,,,,,,
1764809270.149703,,,,,,,0.2647625505924225,-0.024571776390075684,0.10933655500411987,0.967566967010498,0.186904177069664,3.8321595191955566
1764809270.155769,0.05186521179378032,0.6497879964537918,-0.27924598044753074,1.4742023944854736,-0.2545638382434845,-2.6706371307373047,,,,,,
1764809270.159733,,,,,,,0.21912339329719543,-0.06016731262207031,0.13244575262069702,1.0999740362167358,0.3309098482131958,3.8463666439056396
1764809270.165822,0.14705430926829577,0.6649399728782475,-0.3832406079292297,1.5175807476043701,-0.26237061619758606,-2.6933155059814453,,,,,,
1764809270.169764,,,,,,,0.17271718382835388,-0.07536309957504272,0.17374593019485474,1.0645982027053833,0.46999821066856384,3.798866033554077
1764809270.175874,0.20521511407494544,0.5243498911879957,-0.3458054880261421,1.573070764541626,-0.29354506731033325,-2.719343662261963,,,,,,
1764809270.179794,,,,,,,0.16751313209533691,-0.08050477504730225,0.19187909364700317,0.9101123213768005,0.5262276530265808,3.7284905910491943
1764809270.185926,0.2820546081274748,0.418080158381164,-0.2575929515659809,1.63503897190094,-0.32438206672668457,-2.7343292236328125,,,,,,
1764809270.189824,,,,,,,0.17422060668468475,-0.10717356204986572,0.17524510622024536,0.6331933736801147,0.5943667888641357,3.688216209411621
1764809270.195978,0.3092237700819969,0.3548753680579364,-0.16382395002245903,1.6896405220031738,-0.34608954191207886,-2.7602720260620117,,,,,,
1764809270.199854,,,,,,,0.17705745995044708,-0.14266645908355713,0.16206783056259155,0.27566224336624146,0.7349981665611267,3.670522689819336
1764809270.20603,0.2690910816580057,0.2124665465079248,-0.027573651102185247,1.71718168258667,-0.3400833308696747,-2.7912065982818604,,,,,,
1764809270.209884,,,,,,,0.1788032203912735,-0.15875256061553955,0.13964694738388062,-0.0457482784986496,0.9066349267959595,3.633945941925049
1764809270.216082,0.18637655809223652,0.01476312323734164,0.039756840848922725,1.7141437530517578,-0.30140814185142517,-2.8353428840637207,,,,,,
1764809270.219914,,,,,,,0.19718436896800995,-0.1213223934173584,0.11469602584838867,-0.32054004073143005,1.002669334411621,3.555631160736084
1764809270.226134,0.04209609745144844,-0.11880736201442778,-0.09295885420441627,1.6806914806365967,-0.27577945590019226,-2.8497705459594727,,,,,,
1764809270.229945,,,,,,,0.23036624491214752,-0.036065876483917236,0.07144773006439209,-0.3684076964855194,1.0472040176391602,3.429825782775879
1764809270.236187,0.09270341813862323,-0.11476532008200883,-0.21252982100248335,1.6385855674743652,-0.22989267110824585,-2.8454549312591553,,,,,,
1764809270.239975,,,,,,,0.2669394016265869,0.08936148881912231,0.04158961772918701,-0.22714217007160187,1.0462993383407593,3.366567373275757
1764809270.246239,0.12305763987004756,-0.18805979847144336,-0.46657472469806666,1.6061655282974243,-0.11636797338724136,-2.8296830654144287,,,,,,
1764809270.250005,,,,,,,0.2936702370643616,0.20632684230804443,0.030350327491760254,0.09675733745098114,0.9647874236106873,3.3831119537353516
1764809270.256291,0.23429741617441177,-0.14971198417022824,-0.725304571339488,1.571523904800415,0.02763296477496624,-2.7885079383850098,,,,,,
1764809270.260035,,,,,,,0.28929421305656433,0.28912854194641113,0.020167768001556396,0.4980701506137848,0.8180251717567444,3.4003853797912598
1764809270.266343,0.40959085471630097,-0.03084427027069032,-0.668030193978548,1.5369791984558105,0.12309130281209946,-2.7226319313049316,,,,,,
1764809270.270065,,,,,,,0.25177201628685,0.31709468364715576,0.02884995937347412,0.7902487516403198,0.7166503667831421,3.417008399963379
1764809270.276395,0.5230693498581648,0.05633161661811173,-0.4712964925229549,1.504611849784851,0.1813162863254547,-2.6491644382476807,,,,,,
1764809270.280095,,,,,,,0.19053368270397186,0.27510911226272583,0.0482487678527832,0.9205414652824402,0.720328152179718,3.42854642868042
1764809270.286447,0.731899147298932,0.1547325157459825,-0.2446703416287899,1.4689819812774658,0.20702697336673737,-2.5748512744903564,,,,,,
1764809270.290126,,,,,,,0.13198915123939514,0.19821619987487793,0.0566258430480957,0.8877827525138855,0.8261871933937073,3.3875949382781982
1764809270.296499,0.98697982378304,0.14497238842770457,0.0012017770051956176,1.430996298789978,0.2287427932024002,-2.5066769123077393,,,,,,
1764809270.300156,,,,,,,0.10573119670152664,0.12472283840179443,0.056623220443725586,0.7116772532463074,0.9437740445137024,3.325225830078125
1764809270.306552,1.1953265138819813,0.06151172266975045,0.0962251625239849,1.3953639268875122,0.23108716309070587,-2.4418132305145264,,,,,,
1764809270.310186,,,,,,,0.10959979891777039,0.06741988658905029,0.026636242866516113,0.5809173583984375,1.0316386222839355,3.2343876361846924
1764809270.316604,1.3207181496575473,-0.026366321139037606,0.13530512702465056,1.3601940870285034,0.19245323538780212,-2.392683744430542,,,,,,
1764809270.320216,,,,,,,0.1309344470500946,0.057306110858917236,0.013683199882507324,0.4981025457382202,1.0782932043075562,3.1395263671875
1764809270.326656,1.3421040520355105,-0.14368015666007994,0.2435071430683136,1.3241008520126343,0.12297588586807251,-2.3608345985412598,,,,,,
1764809270.330246,,,,,,,0.1549280434846878,0.08167159557342529,0.007492721080780029,0.46832945942878723,1.0805915594100952,3.096179485321045
1764809270.336708,1.3310358377933502,-0.2630840963281691,0.2695966930925846,1.2834850549697876,0.04234657064080238,-2.3414793014526367,,,,,,
1764809270.340276,,,,,,,0.16477122902870178,0.09961134195327759,0.0037453174591064453,0.5308465957641602,1.0526394844055176,3.070626735687256
1764809270.34676,1.3802017275005578,-0.32846301582008597,0.3151280256897211,1.2406057119369507,-0.02367692068219185,-2.330162525177002,,,,,,
1764809270.350307,,,,,,,0.1563483625650406,0.10787332057952881,0.026673614978790283,0.5931558012962341,1.0474117994308472,3.0632121562957764
1764809270.356812,1.4816031236186622,-0.35453123079538346,0.30338264283835886,1.2155511379241943,-0.06398533284664154,-2.333346366882324,,,,,,
1764809270.360337,,,,,,,0.13675102591514587,0.09988480806350708,0.0561792254447937,0.5828524231910706,1.0723894834518433,3.091782808303833
1764809270.366864,1.4186045233920215,-0.3373407342806458,0.23806641331911085,1.2035436630249023,-0.08086205273866653,-2.3141653537750244,,,,,,
1764809270.370367,,,,,,,0.11732620000839233,0.07029479742050171,0.07470661401748657,0.4839991331100464,1.1430200338363647,3.1098077297210693
1764809270.376917,1.525384689939022,-0.122972884196043,0.22879472710490226,1.2054845094680786,-0.12322726100683212,-2.2815139293670654,,,,,,
1764809270.380397,,,,,,,0.10319468379020691,0.0727773904800415,0.08889782428741455,0.20606891810894012,1.2509254217147827,3.0457565784454346
1764809270.386969,1.4751806893557309,0.13159282850325107,0.41810792317092416,1.206429123878479,-0.22413630783557892,-2.2125625610351562,,,,,,
1764809270.390427,,,,,,,0.11306717991828918,0.12112832069396973,0.08155190944671631,-0.17589549720287323,1.3768088817596436,2.9728598594665527
1764809270.397021,1.5067390261799096,0.35312604017257687,0.6792939307928085,1.2066477537155151,-0.3897193968296051,-2.126009225845337,,,,,,
1764809270.400457,,,,,,,0.14976292848587036,0.1626831293106079,0.04636824131011963,-0.4070533514022827,1.4237017631530762,2.943848133087158
1764809270.407073,1.3386840144589542,0.31784517569392917,0.6722451813250779,1.1895899772644043,-0.5686864852905273,-2.0313820838928223,,,,,,
1764809270.410488,,,,,,,0.18987509608268738,0.1898370385169983,-0.01612246036529541,-0.3646630048751831,1.3815397024154663,2.921787977218628
1764809270.417125,1.207419687257707,0.1754670415431261,0.6775555626928806,1.1300880908966064,-0.6690512299537659,-1.9593456983566284,,,,,,
1764809270.420518,,,,,,,0.21140512824058533,0.21516549587249756,-0.057443320751190186,-0.09558391571044922,1.304398775100708,2.857893228530884
1764809270.427177,1.0466475260213017,-0.11208645626157522,0.5469897391498089,1.0351250171661377,-0.6398422122001648,-1.9406391382217407,,,,,,
1764809270.430548,,,,,,,0.20716211199760437,0.24167251586914062,-0.07325494289398193,0.30137622356414795,1.2476394176483154,2.774087429046631
1764809270.437229,0.7573965766489505,-0.43042555295228957,0.2868377507507801,0.9329635500907898,-0.4999566972255707,-1.9562557935714722,,,,,,
1764809270.440578,,,,,,,0.19032061100006104,0.26366859674453735,-0.07532250881195068,0.6972438097000122,1.2194112539291382,2.691876173019409
1764809270.447282,0.4842722939521074,-0.5103557064965367,-0.03410919035077095,0.8578466773033142,-0.3260405659675598,-1.9781886339187622,,,,,,
1764809270.450608,,,,,,,0.16873323917388916,0.2571749687194824,-0.06650519371032715,1.0144643783569336,1.1972819566726685,2.6462831497192383
1764809270.457334,0.28335984550714494,-0.35519027922600505,-0.28966449860930443,0.8100060224533081,-0.11988411843776703,-1.93751060962677,,,,,,
1764809270.460638,,,,,,,0.1439386010169983,0.22587701678276062,-0.05046051740646362,1.2036943435668945,1.1918083429336548,2.615286350250244
1764809270.467386,0.5620224731087684,0.08802461267262697,-0.38773207412958144,0.8292710781097412,0.03426817059516907,-1.8802886009216309,,,,,,
1764809270.470669,,,,,,,0.11109930276870728,0.18409645557403564,-0.017307639122009277,1.2432940006256104,1.1896157264709473,2.578472375869751
1764809270.477438,0.43085780688971276,0.2678396202921867,-0.47383565561175345,0.8760160803794861,0.1236220970749855,-1.9013948440551758,,,,,,
1764809270.480699,,,,,,,0.07810765504837036,0.12814193964004517,-0.004522800445556641,1.2338173389434814,1.226619005203247,2.56508469581604
1764809270.48749,-0.28238983143121005,0.13344167124032974,-0.29581951410770413,0.9093087911605835,0.20515504479408264,-1.9610694646835327,,,,,,
1764809270.490729,,,,,,,0.06343930959701538,0.08192187547683716,0.007203817367553711,1.1529395580291748,1.2925066947937012,2.5136497020721436
1764809270.497542,-0.35124124933928247,0.09053776453733443,-0.08615677297413349,0.9103639125823975,0.2701195478439331,-2.0082335472106934,,,,,,
1764809270.500759,,,,,,,0.07443559169769287,0.05451256036758423,0.009583830833435059,1.0400511026382446,1.348615288734436,2.485459566116333
1764809270.507594,-0.017888415651023386,0.08623276081979274,-0.004987140762805938,0.8866711258888245,0.31121745705604553,-2.011552572250366,,,,,,
1764809270.510789,,,,,,,0.10732996463775635,0.04131472110748291,-0.005603015422821045,0.9114534854888916,1.3708369731903076,2.4828529357910156
1764809270.517647,0.6027677404731512,0.13353636378645897,-0.026868717703223226,0.8610516786575317,0.29933857917785645,-1.9771238565444946,,,,,,
1764809270.520819,,,,,,,0.14021331071853638,0.04443997144699097,-0.01648104190826416,0.7990108132362366,1.363214135169983,2.4668354988098145
1764809270.527699,1.1442357935920358,0.1625181281208992,-0.07404021872282028,0.8334192633628845,0.22470667958259583,-1.9361077547073364,,,,,,
1764809270.53085,,,,,,,0.16331887245178223,0.05944386124610901,-0.012117862701416016,0.7209586501121521,1.3426343202590942,2.4324841499328613
1764809270.537751,1.4243603104397653,0.19963117646276948,-0.019885434687137604,0.7997255921363831,0.11458929628133774,-1.8899950981140137,,,,,,
1764809270.54088,,,,,,,0.17122900485992432,0.0763896107673645,-0.004939436912536621,0.6699860095977783,1.2983033657073975,2.3733346462249756
1764809270.547803,1.7033391643837092,0.35365561700463294,0.13420739491581915,0.766253650188446,-0.0124120581895113,-1.7846457958221436,,,,,,
1764809270.55091,,,,,,,0.15792220830917358,0.08699154853820801,-0.008122920989990234,0.5992324948310852,1.2472600936889648,2.298867702484131
1764809270.557855,2.0464757254615424,0.5771832173615694,0.25607202560901643,0.7606087923049927,-0.2576557993888855,-1.7774728536605835,,,,,,
1764809270.56094,,,,,,,0.14118260145187378,0.08869630098342896,0.00600886344909668,0.45767641067504883,1.2441290616989136,2.270055055618286
1764809270.567907,1.1320312687963248,0.34389234788119794,0.41732817097008224,0.7315502166748047,-0.4583180546760559,-1.825413465499878,,,,,,
1764809270.57097,,,,,,,0.14479047060012817,0.07481548190116882,0.02863675355911255,0.2691320478916168,1.2837138175964355,2.225574493408203
1764809270.577959,0.5405918548062444,0.23350772710144518,0.5235089103192091,0.695209801197052,-0.5836431384086609,-1.8588740825653076,,,,,,
1764809270.581,,,,,,,0.15209156274795532,0.06138277053833008,0.03351110219955444,0.06244019418954849,1.2532999515533447,2.1441516876220703
1764809270.588012,0.4194470628201961,0.3123696668922901,0.34329847364127636,0.6725915670394897,-0.6620463132858276,-1.852648377418518,,,,,,
1764809270.591031,,,,,,,0.16141647100448608,0.06435243785381317,0.02218031883239746,-0.15192614495754242,1.187382698059082,2.058885097503662
1764809270.598064,0.3391273254364729,0.4822334816008806,0.15876608211100102,0.6618987917900085,-0.7119467258453369,-1.8021847009658813,,,,,,
1764809270.601061,,,,,,,0.1586558222770691,0.08194705843925476,0.00626760721206665,-0.3534363806247711,1.1400161981582642,1.9703295230865479
1764809270.608116,0.2850266096755862,0.5956786589950323,-0.0034118542701005936,0.6557183861732483,-0.7332118153572083,-1.7268515825271606,,,,,,
1764809270.611091,,,,,,,0.1504065990447998,0.11692371964454651,-0.0013282299041748047,-0.47953784465789795,1.1088449954986572,1.8530473709106445
1764809270.618168,0.1105599773466587,0.6482990730702877,-0.12913491395711899,0.651035487651825,-0.7237210869789124,-1.6440848112106323,,,,,,
1764809270.621121,,,,,,,0.1410953402519226,0.15820123255252838,-0.016885340213775635,-0.5198392271995544,1.0630775690078735,1.7232147455215454
1764809270.62822,-0.05650923820734024,0.6558855826765299,-0.15380582935512066,0.6292950510978699,-0.679294764995575,-1.5069836378097534,,,,,,
1764809270.631151,,,,,,,0.1300254464149475,0.18532061576843262,-0.028504014015197754,-0.5125389695167542,0.997294008731842,1.5993701219558716
1764809270.638272,0.23951500469222664,0.7117243742763996,-0.158980601644516,0.6222113966941833,-0.6854321360588074,-1.3897452354431152,,,,,,
1764809270.641181,,,,,,,0.11025959253311157,0.20115552842617035,-0.019660651683807373,-0.5246038436889648,0.9647173881530762,1.4931459426879883
1764809270.648324,-0.0031086335398256776,0.47405660488605494,-0.2156166811019182,0.6097299456596375,-0.6994688510894775,-1.3782148361206055,,,,,,
1764809270.651212,,,,,,,0.10949653387069702,0.19739797711372375,-0.010026276111602783,-0.5529612302780151,0.9532722234725952,1.403443455696106
1764809270.658377,-0.7131829025216401,0.2358241873502731,-0.13364742294549942,0.5851116180419922,-0.6672304272651672,-1.3558332920074463,,,,,,
1764809270.661242,,,,,,,0.10716116428375244,0.1893908828496933,0.0012069940567016602,-0.6212090849876404,0.9138513207435608,1.2651894092559814
1764809270.668429,-0.39995267327725886,0.40347324861884115,-0.1685515630662441,0.5769181251525879,-0.6488231420516968,-1.2738382816314697,,,,,,
1764809270.671272,,,,,,,0.1026155948638916,0.19057947397232056,0.013110160827636719,-0.7229043841362,0.8299164175987244,1.153952956199646
1764809270.678481,0.024843057094514367,0.6579460223376751,-0.23784955569803715,0.5991107225418091,-0.6714639067649841,-1.1589608192443848,,,,,,
1764809270.681302,,,,,,,0.08597123622894287,0.19198405742645264,0.011716961860656738,-0.8277418613433838,0.7878414392471313,1.0523478984832764
1764809270.688533,0.17147212668806314,0.7703337996333837,-0.20316753389537334,0.6273548603057861,-0.7163956761360168,-1.038921594619751,,,,,,
1764809270.691332,,,,,,,0.06683897972106934,0.2049252688884735,0.017876148223876953,-0.8956298232078552,0.7881173491477966,0.9248159527778625
1764809270.698585,0.17789119995012878,0.7878250326603651,-0.16314765819609164,0.6618030071258545,-0.7483699917793274,-0.9272235631942749,,,,,,
1764809270.701362,,,,,,,0.05532938241958618,0.23155617713928223,0.025472283363342285,-0.8911154866218567,0.7728768587112427,0.7701780200004578
1764809270.708637,0.10957082017883658,0.7335597739875316,-0.07838496992886065,0.6894857883453369,-0.7443177103996277,-0.8334816098213196,,,,,,
1764809270.711393,,,,,,,0.04149293899536133,0.24757561087608337,0.012762129306793213,-0.854994535446167,0.7448588013648987,0.6383078694343567
1764809270.718689,-0.11704349414706229,0.5657610751152038,-0.0615039777547121,0.6986311674118042,-0.736798882484436,-0.7479219436645508,,,,,,
1764809270.721423,,,,,,,0.03622621297836304,0.23922155797481537,0.002863764762878418,-0.834958553314209,0.7512602210044861,0.5321074724197388
1764809270.728742,-0.30550358051508664,0.4948603234618902,-0.07017652903199195,0.7100249528884888,-0.6893466711044312,-0.6520166993141174,,,,,,
1764809270.731453,,,,,,,0.03303033113479614,0.22697511315345764,-0.004728913307189941,-0.8191585540771484,0.7602694630622864,0.39969804883003235
1764809270.738794,-0.35808570840656756,0.4909989718586206,-0.14736732074022293,0.725970983505249,-0.599602460861206,-0.5453052520751953,,,,,,
1764809270.741483,,,,,,,0.027413368225097656,0.22717642784118652,-0.01656162738800049,-0.785693883895874,0.7521753311157227,0.2668810784816742
1764809270.748846,-0.4761344340734184,0.4745435116201639,-0.23866379469037055,0.7435054779052734,-0.5047622323036194,-0.4313126504421234,,,,,,
1764809270.751513,,,,,,,0.02220320701599121,0.2234470546245575,-0.019371986389160156,-0.7391921281814575,0.7546581625938416,0.15289326012134552
1764809270.758898,-0.5026289116367697,0.5228665207624436,-0.22000234884023664,0.7713560461997986,-0.3875252604484558,-0.3229512572288513,,,,,,
1764809270.761543,,,,,,,0.014303207397460938,0.21486587822437286,-0.01633089780807495,-0.6698508262634277,0.7644016146659851,0.042672012001276016
1764809270.76895,-0.47294528264328833,0.5263257213056087,-0.15840718567073345,0.7938552498817444,-0.25937047600746155,-0.2381596714258194,,,,,,
1764809270.771574,,,,,,,0.0037418007850646973,0.2099159210920334,-0.02367544174194336,-0.5920894742012024,0.7900129556655884,-0.0560537651181221
