timestamp,phone_accel_x,phone_accel_y,phone_accel_z,phone_gyro_x,phone_gyro_y,phone_gyro_z,watch_accel_x,watch_accel_y,watch_accel_z,watch_gyro_x,watch_gyro_y,watch_gyro_z
1764809224.83043,-0.0255595348007977,0.1309825876504183,0.2198313761875033,0.7240557670593262,0.20198650658130646,0.40835779905319214,,,,,,
1764809224.833237,,,,,,,0.031175673007965088,0.0378110408782959,-0.03275991976261139,-0.021539362147450447,0.7718456983566284,-0.35025089979171753
1764809224.840482,0.09136778562068938,0.15130524471104145,0.3327472690105438,0.6996849775314331,0.15184569358825684,0.42626503109931946,,,,,,
1764809224.843267,,,,,,,0.0494002103805542,0.0488031804561615,-0.0557323694229126,0.048248305916786194,0.7550864219665527,-0.35642144083976746
1764809224.850534,0.14228607195317744,0.15430734913647173,0.37429450040757656,0.6633865833282471,0.053271982818841934,0.44616442918777466,,,,,,
1764809224.853298,,,,,,,0.059071242809295654,0.034805119037628174,-0.07191991806030273,0.06455723941326141,0.7070237994194031,-0.36855268478393555
1764809224.860586,0.15287600115910172,0.0699912355929613,0.45674832721054553,0.6196659207344055,-0.08204565942287445,0.46438854932785034,,,,,,
1764809224.863328,,,,,,,0.05871313810348511,-0.003619581460952759,-0.08574704825878143,-0.0018300459487363696,0.6660271286964417,-0.40477612614631653
1764809224.870639,0.24358912226334212,-0.014535305830836296,0.536728165115416,0.5714557766914368,-0.2359342873096466,0.4726507365703583,,,,,,
1764809224.873358,,,,,,,0.05498629808425903,-0.05321323871612549,-0.07601456344127655,-0.13901346921920776,0.6507748961448669,-0.441204696893692
1764809224.880691,0.27946678359135985,-0.058875967338681216,0.5431389089405536,0.5391824245452881,-0.37598711252212524,0.46942436695098877,,,,,,
1764809224.883388,,,,,,,0.047384798526763916,-0.08485376834869385,-0.04914593696594238,-0.3160333037376404,0.6429444551467896,-0.46187272667884827
1764809224.890743,0.2544853409394622,-0.04203413813114166,0.6645046502009033,0.5443087220191956,-0.4551554322242737,0.44714248180389404,,,,,,
1764809224.893418,,,,,,,0.03413015604019165,-0.08971297740936279,-0.04068046808242798,-0.46030259132385254,0.6179312467575073,-0.4771834909915924
1764809224.900795,0.041549715615063904,0.015590952363610267,0.7481602540090679,0.5619661808013916,-0.4864096939563751,0.41812482476234436,,,,,,
1764809224.903449,,,,,,,0.01576012372970581,-0.05949154496192932,-0.051883697509765625,-0.5392013788223267,0.6204529404640198,-0.4888473153114319
1764809224.910847,-0.30168957518488165,0.05148059639036655,0.7608350266650319,0.5850414037704468,-0.4789392650127411,0.3977939784526825,,,,,,
1764809224.913479,,,,,,,0.010646283626556396,-0.01436498761177063,-0.07833420485258102,-0.5155850052833557,0.6397150754928589,-0.47950708866119385
1764809224.9209,-0.4860726213723421,0.12150982590615748,0.84033438757658,0.5944154858589172,-0.44124993681907654,0.393155038356781,,,,,,
1764809224.923509,,,,,,,0.02093905210494995,0.025885045528411865,-0.1258179396390915,-0.40808409452438354,0.6326829791069031,-0.46818384528160095
1764809224.930952,-0.6804366710871458,0.09876841726601124,0.8650751533403992,0.5820264220237732,-0.39761805534362793,0.3953489363193512,,,,,,
1764809224.933539,,,,,,,0.031954169273376465,0.044143110513687134,-0.15536630153656006,-0.2536761462688446,0.6126397848129272,-0.4574553072452545
1764809224.941004,-0.8927624939501285,-0.06183773975372314,0.8697033976629376,0.551048219203949,-0.32515791058540344,0.4044826030731201,,,,,,
1764809224.943569,,,,,,,0.0380210280418396,0.03744986653327942,-0.16069459915161133,-0.11309599131345749,0.594429075717926,-0.44487807154655457
1764809224.951056,-0.9799576700612902,-0.21816110488772392,0.8827201156243681,0.5114374160766602,-0.21883946657180786,0.41463378071784973,,,,,,
1764809224.9536,,,,,,,0.041546761989593506,0.01849609613418579,-0.1513962745666504,-0.023171423003077507,0.5796746611595154,-0.4374782145023346
1764809224.961108,-0.9896221549853682,-0.2602344059854746,0.9044503013953566,0.4786912202835083,-0.11164138466119766,0.4223409593105316,,,,,,
1764809224.96363,,,,,,,0.040190815925598145,-0.0012899935245513916,-0.13707375526428223,0.01935657486319542,0.5695644617080688,-0.43468573689460754
1764809224.971161,-0.9742118198856711,-0.1812918021738529,0.8799161641195415,0.4608355164527893,-0.02148565649986267,0.4325922727584839,,,,,,
1764809224.97366,,,,,,,0.03751569986343384,-0.010142773389816284,-0.1231037899851799,0.02959483116865158,0.5620312094688416,-0.4293740689754486
1764809224.981213,-0.9160314335957169,-0.045723640298843383,0.8288695752322673,0.45698097348213196,0.04230283945798874,0.4434748589992523,,,,,,
1764809224.98369,,,,,,,0.033984243869781494,-0.008486241102218628,-0.11478786915540695,0.038266949355602264,0.5458950996398926,-0.42673569917678833
1764809224.991265,-0.8028826087996364,0.04587444694638252,0.7636977226197719,0.45874103903770447,0.08771266788244247,0.4483969211578369,,,,,,
1764809224.993721,,,,,,,0.03201419115066528,-0.011435061693191528,-0.11047624796628952,0.0641840323805809,0.5311342477798462,-0.4249662756919861
1764809225.001317,-0.7078790970250963,0.0994318496108055,0.7204913258388638,0.4584992825984955,0.12756671011447906,0.44932329654693604,,,,,,
1764809225.003751,,,,,,,0.030394315719604492,-0.015453368425369263,-0.10659777373075485,0.09059405326843262,0.5120378136634827,-0.42166921496391296
1764809225.011369,-0.6015142332807183,0.06418050348758697,0.6679866470977663,0.4548789858818054,0.16734528541564941,0.4397503137588501,,,,,,
1764809225.013781,,,,,,,0.029868245124816895,-0.020259082317352295,-0.09757035970687866,0.12182094901800156,0.4936889111995697,-0.42016640305519104
1764809225.021422,-0.49795390556305646,0.008105565044283867,0.6091790688201785,0.4477223753929138,0.2017969787120819,0.426608681678772,,,,,,
1764809225.023811,,,,,,,0.027867674827575684,-0.02631586790084839,-0.0916285440325737,0.146031454205513,0.4720704257488251,-0.40630751848220825
1764809225.031474,-0.43196401456594463,-0.06242109259963035,0.5892050790667533,0.43666040897369385,0.2237986922264099,0.4082704186439514,,,,,,
1764809225.033841,,,,,,,0.02318286895751953,-0.03135380148887634,-0.08809798210859299,0.1522027850151062,0.4576307535171509,-0.39569854736328125
1764809225.041526,-0.31199732644855976,-0.10827391223609446,0.6007403262987733,0.42262229323387146,0.23236200213432312,0.39156442880630493,,,,,,
1764809225.043871,,,,,,,0.025095880031585693,-0.03670692443847656,-0.09942685812711716,0.15118232369422913,0.4564102292060852,-0.3820483982563019
1764809225.051578,-0.15098492671549318,-0.08278291262686252,0.6671402594015002,0.3968450427055359,0.20780526101589203,0.3743867576122284,,,,,,
1764809225.053902,,,,,,,0.03304886817932129,-0.041785627603530884,-0.11363053321838379,0.13821378350257874,0.4431018829345703,-0.3637298345565796
1764809225.06163,-0.09497048628777265,-0.060440147915482516,0.6606418372929096,0.36175084114074707,0.14577744901180267,0.358937531709671,,,,,,
1764809225.063932,,,,,,,0.03775233030319214,-0.04877203702926636,-0.12284398078918457,0.10752196609973907,0.39602145552635193,-0.343431681394577
1764809225.071682,-0.04864829557389021,-0.13029168277680872,0.6649670070156455,0.3237091898918152,0.06283756345510483,0.34308961033821106,,,,,,
1764809225.073962,,,,,,,0.03300213813781738,-0.06131541728973389,-0.1221047043800354,0.06735484302043915,0.3552905321121216,-0.32712727785110474
1764809225.081735,0.059613049441576,-0.2458370473206043,0.6461421872973442,0.2862638235092163,-0.014737499877810478,0.32167747616767883,,,,,,
1764809225.083992,,,,,,,0.025980651378631592,-0.07348418235778809,-0.10789889097213745,0.01131169032305479,0.332467257976532,-0.30722668766975403
1764809225.091787,0.16176175679564475,-0.32015666750669475,0.6496180467143654,0.25265899300575256,-0.07614467293024063,0.2930045425891876,,,,,,
1764809225.094023,,,,,,,0.018665194511413574,-0.08181574940681458,-0.0914652943611145,-0.06022614240646362,0.30586761236190796,-0.2878210246562958
1764809225.101839,0.19920389096140861,-0.3320458427429199,0.5937623039796948,0.22844131290912628,-0.10874339938163757,0.2550693452358246,,,,,,
1764809225.104053,,,,,,,0.009328126907348633,-0.08228003978729248,-0.08138865232467651,-0.11646324396133423,0.27407798171043396,-0.2594253420829773
1764809225.111891,0.13735679885745047,-0.29875322947204114,0.5106745631873607,0.22382819652557373,-0.13152195513248444,0.21504762768745422,,,,,,
1764809225.114083,,,,,,,0.0020606517791748047,-0.07477912306785583,-0.08191335201263428,-0.15849058330059052,0.24975931644439697,-0.21822382509708405
1764809225.121943,0.029703941129148006,-0.258133634313941,0.4635618066176772,0.22542379796504974,-0.14177167415618896,0.17418116331100464,,,,,,
1764809225.124113,,,,,,,-0.002453625202178955,-0.06433901190757751,-0.08428627252578735,-0.18671312928199768,0.22349414229393005,-0.17811408638954163
1764809225.131996,-0.08574263921529054,-0.24687749628424643,0.39847091028690335,0.21794643998146057,-0.13747839629650116,0.13765057921409607,,,,,,
1764809225.134143,,,,,,,-0.007280468940734863,-0.057894885540008545,-0.08896803855895996,-0.1885155588388443,0.19928520917892456,-0.14381976425647736
1764809225.142048,-0.13403905261158944,-0.2807856111049652,0.36194998261928557,0.19440504908561707,-0.11942587047815323,0.10375465452671051,,,,,,
1764809225.144173,,,,,,,-0.00818556547164917,-0.053101032972335815,-0.08805108070373535,-0.17032358050346375,0.1860937774181366,-0.10430378466844559
1764809225.1521,-0.13543956705927848,-0.32365912266969676,0.3635962885215878,0.16972874104976654,-0.10275048762559891,0.07597468793392181,,,,,,
1764809225.154204,,,,,,,-0.006775915622711182,-0.03993001580238342,-0.08480691909790039,-0.13908523321151733,0.17492395639419556,-0.06913302093744278
1764809225.162152,-0.10674684879928827,-0.35384091044366356,0.36128041279464956,0.15658044815063477,-0.09070666134357452,0.051152270287275314,,,,,,
1764809225.164234,,,,,,,-0.0046051740646362305,-0.023484081029891968,-0.07942813634872437,-0.09002232551574707,0.15249960124492645,-0.031551018357276917
1764809225.172204,-0.09474982927441597,-0.36848435282409187,0.3836155787214637,0.1483834981918335,-0.07247412949800491,0.029202228412032127,,,,,,
1764809225.174264,,,,,,,-0.006929636001586914,-0.020193368196487427,-0.07287108898162842,-0.04413286969065666,0.1280083805322647,0.010837185196578503
1764809225.182257,-0.06469692857712507,-0.34973932034373284,0.34341333219259973,0.14336200058460236,-0.040591467171907425,0.005661104805767536,,,,,,
1764809225.184294,,,,,,,-0.013090968132019043,-0.02845802903175354,-0.06674057245254517,-0.023914344608783722,0.11187653988599777,0.04380425438284874
1764809225.19231,-0.06753770496100187,-0.3302063523560762,0.3123343033179641,0.13704897463321686,-0.008505702018737793,-0.014670798555016518,,,,,,
1764809225.194325,,,,,,,-0.01969200372695923,-0.03671872615814209,-0.05932372808456421,-0.01560022123157978,0.11528459191322327,0.07467934489250183
1764809225.202361,-0.07623276033103465,-0.299318462139368,0.29557138456553217,0.13398393988609314,0.015072256326675415,-0.03220069408416748,,,,,,
1764809225.204355,,,,,,,-0.021235227584838867,-0.03551647067070007,-0.05282801389694214,-0.025290563702583313,0.12708398699760437,0.09877589344978333
1764809225.212413,-0.04995470199733972,-0.25925474729835984,0.2999390782557428,0.12856894731521606,0.030158797279000282,-0.04838765412569046,,,,,,
1764809225.214385,,,,,,,-0.014107584953308105,-0.027443528175354004,-0.046861231327056885,-0.042687397450208664,0.12147457152605057,0.11838075518608093
1764809225.222465,-0.05000643218457698,-0.22248247521817682,0.26873160069584845,0.12716348469257355,0.04278317838907242,-0.06329341977834702,,,,,,
1764809225.224415,,,,,,,-0.007354855537414551,-0.021981000900268555,-0.045509159564971924,-0.05154789239168167,0.11236203461885452,0.13697828352451324
1764809225.232517,-0.04237169952243566,-0.187427528449893,0.23836598078757523,0.12049625813961029,0.05038011074066162,-0.07632826268672943,,,,,,
1764809225.234445,,,,,,,-0.0033411383628845215,-0.017495453357696533,-0.04270905256271362,-0.05225735902786255,0.10668390989303589,0.15319852530956268
1764809225.24257,-0.02594868024885654,-0.1484223827511072,0.22626024019122123,0.1179751604795456,0.05548827722668648,-0.08699582517147064,,,,,,
1764809225.244476,,,,,,,0.0004310011863708496,-0.00955665111541748,-0.04319345951080322,-0.038130830973386765,0.10574008524417877,0.1666148602962494
1764809225.252622,-0.005825052891671657,-0.0841781663775444,0.21830869666486977,0.1150350272655487,0.0548216886818409,-0.09480554610490799,,,,,,
1764809225.254506,,,,,,,0.00398021936416626,-0.0031478703022003174,-0.03886145353317261,-0.012868084944784641,0.1037035658955574,0.18024811148643494
1764809225.262674,-0.019637305144965648,-0.03852642227113247,0.20081044937521217,0.11424198746681213,0.06017562374472618,-0.10211960226297379,,,,,,
1764809225.264536,,,,,,,0.00813758373260498,0.001173645257949829,-0.035304129123687744,0.012661462649703026,0.0921957790851593,0.1882295459508896
1764809225.272726,-0.04840688803344965,-0.014864391654729843,0.19503771119266747,0.11075671017169952,0.07392232120037079,-0.10621234774589539,,,,,,
1764809225.274566,,,,,,,0.006175518035888672,0.002250105142593384,-0.03542560338973999,0.028526978567242622,0.08274368941783905,0.18870732188224792
1764809225.282778,-0.08562719614207744,-0.004186345773935318,0.166772570694983,0.10599646717309952,0.09500148147344589,-0.10845144838094711,,,,,,
1764809225.284596,,,,,,,0.006112217903137207,0.00013911724090576172,-0.0346226692199707,0.053241923451423645,0.08828812837600708,0.19631868600845337
1764809225.292831,-0.09041969111561775,0.02949497455358505,0.1315457744911313,0.09150621294975281,0.11915715783834457,-0.10238450020551682,,,,,,
1764809225.294627,,,,,,,0.007946908473968506,0.008193492889404297,-0.03035062551498413,0.09640403836965561,0.09739214181900024,0.19546648859977722
1764809225.302883,-0.06650748513042927,0.12077274380326271,0.12857245776876808,0.06657242029905319,0.1338648945093155,-0.0854576900601387,,,,,,
1764809225.304657,,,,,,,0.012787163257598877,0.03559219837188721,-0.02398926019668579,0.14605362713336945,0.11190130561590195,0.17822730541229248
1764809225.312935,-0.033281507354974746,0.299434197473526,0.1724981087349355,0.06800892949104309,0.12548020482063293,-0.05016760900616646,,,,,,
1764809225.314687,,,,,,,0.025936126708984375,0.0744265615940094,-0.01442623045295477,0.1921026110649109,0.12648850679397583,0.15927651524543762
1764809225.322987,-0.05316781882494688,0.48427346299588675,0.25714491553753616,0.08866280317306519,0.10236066579818726,-0.009208764880895615,,,,,,
1764809225.324717,,,,,,,0.0426936149597168,0.09754663705825806,-0.0069506168365478516,0.2458585500717163,0.11638686805963516,0.15355078876018524
1764809225.333039,-0.154569799464941,0.5527016870558261,0.2601857445381582,0.10546495020389557,0.09378582239151001,0.03741360083222389,,,,,,
1764809225.334747,,,,,,,0.04903799295425415,0.09662240743637085,-0.007370174862444401,0.30506330728530884,0.09395080804824829,0.12994666397571564
1764809225.343092,-0.22131606178730726,0.528253474497795,0.1916045218735933,0.11327595263719559,0.10643535107374191,0.0760074034333229,,,,,,
1764809225.344778,,,,,,,0.04361206293106079,0.07723146677017212,-0.0011927485466003418,0.3137034475803375,0.09451459348201752,0.08648906648159027
1764809225.353144,-0.2661354467228055,0.49187750825881954,0.16427286283373832,0.121632419526577,0.13895174860954285,0.10637170076370239,,,,,,
1764809225.354808,,,,,,,0.03728020191192627,0.052652448415756226,0.00233310554176569,0.27825623750686646,0.11086933314800262,0.0234986525028944
1764809225.363196,-0.31485826883763074,0.49619127980470656,0.14550883339196444,0.13686853647232056,0.17237140238285065,0.1296692192554474,,,,,,
1764809225.364838,,,,,,,0.030850648880004883,0.03731623291969299,0.0035331258550286293,0.24215562641620636,0.1328398734331131,-0.03543104603886604
1764809225.373248,-0.37907939659655093,0.4723211593955755,0.1532134164199233,0.157384991645813,0.2082042396068573,0.1470324993133545,,,,,,
1764809225.374868,,,,,,,0.026849985122680664,0.0385914146900177,-0.0010582804679870605,0.21051567792892456,0.1515405923128128,-0.08502335846424103
1764809225.3833,-0.4188222089201212,0.427075073480606,0.1437595055066049,0.1713578999042511,0.24480915069580078,0.16580529510974884,,,,,,
1764809225.384898,,,,,,,0.020853936672210693,0.04594475030899048,-0.011821329593658447,0.20203447341918945,0.15756307542324066,-0.12692320346832275
1764809225.393352,-0.4350757168456912,0.3177583741933107,0.12499766802191734,0.17677102982997894,0.2791953384876251,0.18715345859527588,,,,,,
1764809225.394929,,,,,,,0.00923079252243042,0.046419620513916016,-0.02188509702682495,0.21028441190719604,0.16405798494815826,-0.1682482808828354
1764809225.403405,-0.40340895121097564,0.12836392958462237,0.10251929423213005,0.1760745644569397,0.3000473380088806,0.21075457334518433,,,,,,
1764809225.40496,,,,,,,-0.00235670804977417,0.04203471541404724,-0.029036402702331543,0.227787047624588,0.17688323557376862,-0.20428450405597687
1764809225.413457,-0.3150444390594959,-0.05022270528376102,0.14106032955050468,0.1599765568971634,0.3147032558917999,0.23725782334804535,,,,,,
1764809225.41499,,,,,,,-0.010538876056671143,0.04084208607673645,-0.03408193588256836,0.25856491923332214,0.19098681211471558,-0.23021943867206573
1764809225.423509,-0.2112871274650097,-0.18073709090054035,0.1822983488678932,0.13842305541038513,0.31624144315719604,0.2623499929904938,,,,,,
1764809225.42502,,,,,,,-0.01023244857788086,0.042365968227386475,-0.03973788022994995,0.28695130348205566,0.19841036200523376,-0.24866023659706116
1764809225.433561,-0.09243103093802929,-0.2336468433111906,0.1714341327652335,0.11430813372135162,0.3060346245765686,0.2767784595489502,,,,,,
1764809225.43505,,,,,,,-0.0012863874435424805,0.03285115957260132,-0.03893965482711792,0.299509197473526,0.1866525113582611,-0.25287681818008423
1764809225.443613,-0.00018237082958221434,-0.20719547423720358,0.10891630179286002,0.09055344015359879,0.2905435860157013,0.2828347384929657,,,,,,
1764809225.445081,,,,,,,0.0047646164894104,0.010482043027877808,-0.03606712818145752,0.29521408677101135,0.16080227494239807,-0.24797239899635315
1764809225.453666,0.0719064215645194,-0.17804770568609238,0.07062529571279882,0.0797061175107956,0.275584876537323,0.27663835883140564,,,,,,
1764809225.455111,,,,,,,0.003995656967163086,-0.016840755939483643,-0.03177744150161743,0.2709130048751831,0.13388197124004364,-0.24126310646533966
1764809225.463718,0.12905161958783865,-0.13867957189381122,0.01923983025997877,0.06817122548818588,0.26151737570762634,0.2604944109916687,,,,,,
1764809225.465141,,,,,,,-0.0008506178855895996,-0.032020241022109985,-0.02978646755218506,0.23708325624465942,0.11326218396425247,-0.23859228193759918
1764809225.47377,0.1726587061241269,-0.13015665822029113,-0.03678177056089044,0.058424316346645355,0.24127627909183502,0.24148264527320862,,,,,,
1764809225.475171,,,,,,,-0.008702516555786133,-0.024893194437026978,-0.02896571159362793,0.20717889070510864,0.09651649743318558,-0.2387574017047882
1764809225.483822,0.1892261023044586,-0.15665186643600462,-0.005774053356796502,0.047098103910684586,0.20277084410190582,0.22372640669345856,,,,,,
1764809225.485201,,,,,,,-0.011249959468841553,-0.009479731321334839,-0.02934885025024414,0.20557594299316406,0.0824534073472023,-0.22172307968139648
1764809225.493875,0.1505453662544489,-0.2091775879651308,0.07370791802853345,0.03165949508547783,0.1550310254096985,0.21346712112426758,,,,,,
1764809225.495232,,,,,,,-0.008266091346740723,-0.0056421756744384766,-0.03628963232040405,0.25675228238105774,0.057387206703424454,-0.1960105299949646
1764809225.503926,0.11222381890565156,-0.26933774989545345,0.07393953482732177,0.009504392743110657,0.11037290096282959,0.20536784827709198,,,,,,
1764809225.505262,,,,,,,-0.007448256015777588,-0.007537186145782471,-0.04180121421813965,0.3204208016395569,0.03393993526697159,-0.1773141473531723
1764809225.513979,0.12192951262295246,-0.32747429704368114,0.06618395226448774,-0.010377969592809677,0.07566206157207489,0.20175713300704956,,,,,,
1764809225.515292,,,,,,,-0.010050415992736816,-0.010864108800888062,-0.042124271392822266,0.38388365507125854,0.02282656356692314,-0.16101054847240448
1764809225.524031,0.12286883929967879,-0.3219681008428335,0.0728252899751067,-0.02290915884077549,0.04238465428352356,0.19303302466869354,,,,,,
1764809225.525322,,,,,,,-0.010841608047485352,-0.013952642679214478,-0.039626896381378174,0.45410358905792236,0.012750227935612202,-0.14434286952018738
1764809225.534083,0.07951280491501092,-0.31859482501745223,0.099888799598068,-0.034602031111717224,0.005831172224134207,0.1815555989742279,,,,,,
1764809225.535352,,,,,,,-0.01129823923110962,-0.01067081093788147,-0.03362452983856201,0.5370355248451233,0.0063551790080964565,-0.12182025611400604
1764809225.544135,0.027248656931519507,-0.27625147480666634,0.1369336050093174,-0.03560897335410118,-0.02631019614636898,0.16953399777412415,,,,,,
1764809225.545383,,,,,,,-0.011248409748077393,-0.00747641921043396,-0.025278091430664062,0.592519223690033,0.000352413859218359,-0.10284256935119629
1764809225.554187,-0.02978080575764179,-0.1848345893472433,0.15295564226657152,-0.0328424833714962,-0.04223323613405228,0.16308408975601196,,,,,,
1764809225.555413,,,,,,,-0.007187366485595703,-0.015092700719833374,-0.019161760807037354,0.6181033849716187,0.0007146038115024567,-0.08932197093963623
1764809225.56424,-0.1398150056645274,-0.07796703677773476,0.11115385158658027,-0.021968575194478035,-0.034539658576250076,0.15398527681827545,,,,,,
1764809225.565443,,,,,,,-0.004398465156555176,-0.030054092407226562,-0.014345705509185791,0.5946330428123474,-0.005924923345446587,-0.07821359485387802
1764809225.574292,-0.22627076158523557,-0.005617255359888077,0.09260580298304558,-0.008571010082960129,-0.006724006030708551,0.14701232314109802,,,,,,
1764809225.575473,,,,,,,-0.006069302558898926,-0.04393988847732544,-0.014452219009399414,0.5258997678756714,-0.006030650809407234,-0.07923678308725357
1764809225.584344,-0.3580599894434213,-0.004201543343067169,0.06933043359667063,0.0018156892620027065,0.03419777750968933,0.13687007129192352,,,,,,
1764809225.585503,,,,,,,-0.008445918560028076,-0.05544036626815796,-0.015925943851470947,0.43117111921310425,0.007652404718101025,-0.0772101879119873
1764809225.594396,-0.4636617598608136,-0.047692894545197484,0.06291705942302941,0.0028913398273289204,0.08147873729467392,0.1252749264240265,,,,,,
1764809225.595534,,,,,,,-0.008925974369049072,-0.05987545847892761,-0.02130192518234253,0.30539748072624207,0.021286722272634506,-0.08216872066259384
1764809225.604448,-0.5287687305435538,-0.08222235613465309,0.0680854019716382,-0.0028786133043468,0.13268814980983734,0.11348441243171692,,,,,,
1764809225.605564,,,,,,,-0.006204068660736084,-0.06348305940628052,-0.020341334864497185,0.18410344421863556,0.025752313435077667,-0.09123918414115906
1764809225.6145,-0.517130607458949,-0.0937812765032053,0.020216566337645053,-0.011513913050293922,0.18037045001983643,0.10213162750005722,,,,,,
1764809225.615594,,,,,,,-0.0009301304817199707,-0.06152373552322388,-0.01803421787917614,0.1023302897810936,0.0325004979968071,-0.09209565818309784
1764809225.624553,-0.42830052362233395,-0.06545417668521404,-0.006037526598572731,-0.01634494587779045,0.21436432003974915,0.09261377900838852,,,,,,
1764809225.625624,,,,,,,0.00403982400894165,-0.045542240142822266,-0.016293704509735107,0.06767828017473221,0.04458485543727875,-0.08301893621683121
1764809225.634605,-0.31828970459103584,0.0007592939347028732,-0.0011307575955986976,-0.013661012053489685,0.22632484138011932,0.08582378178834915,,,,,,
1764809225.635654,,,,,,,0.008695781230926514,-0.024423062801361084,-0.012635167688131332,0.0927404910326004,0.038562383502721786,-0.06737952679395676
1764809225.644657,-0.2054538912668824,0.07245557987987995,-0.014124971464276314,-0.008442385122179985,0.2314532995223999,0.07826624810695648,,,,,,
1764809225.645685,,,,,,,0.01191699504852295,-0.00902324914932251,-0.01223057322204113,0.16969899833202362,0.01752953603863716,-0.044546112418174744
1764809225.654709,-0.13113427108079195,0.1246896249860525,-0.022593086210638283,0.0007814730051904917,0.23686404526233673,0.06827487051486969,,,,,,
1764809225.655715,,,,,,,0.010235130786895752,-0.005057424306869507,-0.010410366579890251,0.2557950019836426,0.003509324975311756,-0.02129218727350235
1764809225.664761,-0.10186346067190169,0.14082535175085067,-0.04319178373366594,0.004915714729577303,0.24519167840480804,0.060802049934864044,,,,,,
1764809225.665745,,,,,,,0.008666634559631348,-0.009489238262176514,-0.009171608835458755,0.31642746925354004,0.00828783493489027,0.004406583495438099
1764809225.674814,-0.10427958190292119,0.14546353294551373,-0.047187575371563435,0.006189770996570587,0.250631183385849,0.047867342829704285,,,,,,
1764809225.675775,,,,,,,0.00812453031539917,-0.019225597381591797,-0.006974756717681885,0.3519279360771179,0.013009087182581425,0.02610362134873867
1764809225.684866,-0.14163316100239753,0.11926701541543006,-0.02694967398494482,0.005289407446980476,0.24983704090118408,0.03407039865851402,,,,,,
1764809225.685805,,,,,,,0.012566745281219482,-0.032819151878356934,-0.004657626152038574,0.3599010407924652,0.011580566875636578,0.044692087918519974
1764809225.694918,-0.16598521970957517,0.08178688732683657,-0.026150340300798415,0.004530140198767185,0.2418385148048401,0.02033114992082119,,,,,,
1764809225.695836,,,,,,,0.011666536331176758,-0.04242679476737976,-0.002441106364130974,0.33776113390922546,0.01053953729569912,0.055598530918359756
1764809225.70497,-0.183035430970788,0.07315232997238635,-0.015304098246246576,0.0012634010054171085,0.22934465110301971,0.005517197772860527,,,,,,
1764809225.705866,,,,,,,0.00980311632156372,-0.05555739998817444,0.000141143798828125,0.2908812165260315,0.019849684089422226,0.059713445603847504
1764809225.715022,-0.16394260796606538,0.0787801067262888,-0.02945303510800004,0.003216030541807413,0.21513508260250092,-0.005404692143201828,,,,,,
1764809225.715896,,,,,,,0.007509946823120117,-0.06003269553184509,0.005612973123788834,0.23518891632556915,0.032301291823387146,0.0630866065621376
1764809225.725075,-0.14197276822030544,0.11940145545005798,-0.05758972692042589,0.006697476841509342,0.19327695667743683,-0.01881425827741623,,,,,,
1764809225.725926,,,,,,,0.010474920272827148,-0.05468323826789856,0.007094621658325195,0.19178004562854767,0.03269011527299881,0.06876319646835327
1764809225.735127,-0.11368249328136443,0.12378712318837642,-0.0631093671247363,0.011692767962813377,0.16776679456233978,-0.03242088109254837,,,,,,
1764809225.735956,,,,,,,0.01050788164138794,-0.04311901330947876,0.006329771131277084,0.1724843680858612,0.027494817972183228,0.08016978204250336
1764809225.745179,-0.0879842806622386,0.10128361495733261,-0.07337824768275023,0.013002026826143265,0.13801835477352142,-0.045252639800310135,,,,,,
1764809225.745987,,,,,,,0.00842958688735962,-0.03421086072921753,0.0036271214485168457,0.17520782351493835,0.020487774163484573,0.09419645369052887
1764809225.755231,-0.07687398084402083,0.08866028022766113,-0.09972644864320754,0.011848345398902893,0.11561769992113113,-0.04941915348172188,,,,,,
1764809225.756017,,,,,,,0.00442659854888916,-0.03129082918167114,0.002699855715036392,0.1812441498041153,0.019731704145669937,0.10258089005947113
1764809225.765283,-0.07988339179307222,0.05569675278067589,-0.12430121019035577,0.006039672531187534,0.10414958000183105,-0.04929034784436226,,,,,,
1764809225.766047,,,,,,,0.0038723349571228027,-0.032170891761779785,0.0019179582595825195,0.17924317717552185,0.016582515090703964,0.10232894867658615
1764809225.775335,-0.13476210618913173,0.061871057501435275,-0.14313392095416783,-0.001284552738070488,0.09376538544893265,-0.04808446764945984,,,,,,
1764809225.776077,,,,,,,0.004365384578704834,-0.03171077370643616,0.003559589385986328,0.1482975035905838,0.011923315934836864,0.09890199452638626
1764809225.785388,-0.19558833081275223,0.05540507635772228,-0.17269962265640496,-0.0033129751682281494,0.08832413703203201,-0.05091465264558792,,,,,,
1764809225.786107,,,,,,,0.006590425968170166,-0.03662493824958801,0.004919707775115967,0.1085488498210907,0.005681931972503662,0.09602658450603485
1764809225.79544,-0.26532763747125865,0.03839782745540142,-0.19661504351198672,-0.005475994199514389,0.08778192102909088,-0.05398447811603546,,,,,,
1764809225.796138,,,,,,,0.00665658712387085,-0.03915214538574219,0.00652259960770607,0.0712486132979393,-0.00011044344864785671,0.09169840812683105
1764809225.805492,-0.29071050053089853,0.03294190013706684,-0.20412088909745216,-0.004499842878431082,0.08743413537740707,-0.05806639418005943,,,,,,
1764809225.806168,,,,,,,0.002379775047302246,-0.03094896674156189,0.009932700544595718,0.03481174632906914,-0.00421410845592618,0.08566668629646301
1764809225.815544,-0.26605565948486326,0.044832828938961025,-0.19649960043877363,-0.000686196144670248,0.08206360787153244,-0.062119193375110626,,,,,,
1764809225.816198,,,,,,,2.562999725341797e-05,-0.023222029209136963,0.012334410101175308,0.012954916805028915,-0.004993082955479622,0.07650434225797653
1764809225.825596,-0.218222479686141,0.06444996807873249,-0.18666501964479684,0.0039352960884571075,0.07568647712469101,-0.06297346949577332,,,,,,
1764809225.826228,,,,,,,0.0012109875679016113,-0.016405105590820312,0.009844541549682617,0.007864542305469513,-0.008364644832909107,0.0725119337439537
1764809225.835649,-0.19282061966508626,0.06776186910569668,-0.17406389674693346,0.005602168384939432,0.06953191012144089,-0.06514342129230499,,,,,,
1764809225.836258,,,,,,,0.0018974542617797852,-0.016813844442367554,0.005997359752655029,0.013846533372998238,-0.012909862212836742,0.07117476314306259
1764809225.845701,-0.16868951023221015,0.05761807623207569,-0.19375877729803323,0.011406208388507366,0.06004364416003227,-0.06708265841007233,,,,,,
1764809225.846289,,,,,,,-0.0014665722846984863,-0.016656696796417236,0.006445411592721939,0.011867694556713104,-0.010809160768985748,0.06904976069927216
1764809225.855753,-0.15513503213226795,0.0379933383077383,-0.14854922400116918,0.010168904438614845,0.048617616295814514,-0.06547890603542328,,,,,,
1764809225.856319,,,,,,,-0.0035583972930908203,-0.015495777130126953,0.01150769367814064,-0.0005764581728726625,-0.003690531011670828,0.06816159188747406
1764809225.865805,-0.1185983223736286,0.016841244685649872,-0.11156155560463667,0.009483564645051956,0.03829534351825714,-0.06080128252506256,,,,,,
1764809225.866349,,,,,,,-0.00347745418548584,-0.01842483878135681,0.013869110494852066,-0.013057352975010872,0.007818318903446198,0.07264376431703568
1764809225.875857,-0.10611819550693034,0.035626609176397324,-0.10089256981313229,0.011987469159066677,0.029551653191447258,-0.05880923941731453,,,,,,
1764809225.876379,,,,,,,-0.0017677545547485352,-0.01800951361656189,0.013055145740509033,-0.019766921177506447,0.01484214048832655,0.07439851760864258
1764809225.885909,-0.10492518633008002,0.07134148115813732,-0.11223404803872108,0.014536595903337002,0.025291647762060165,-0.05755045264959335,,,,,,
1764809225.886409,,,,,,,0.0010225772857666016,-0.014041036367416382,0.014059305191040039,-0.011795629747211933,0.018566837534308434,0.07615713775157928
1764809225.895962,-0.09742518596351146,0.09981880310177803,-0.12492255695909261,0.019410979002714157,0.019315248355269432,-0.055213794112205505,,,,,,
1764809225.89644,,,,,,,0.001915276050567627,-0.004965722560882568,0.012745264917612076,-0.005474350415170193,0.018983088433742523,0.07529160380363464
1764809225.906014,-0.08706365868598222,0.13366729668974875,-0.1245639527797699,0.026379665359854698,0.012906896881759167,-0.05447608605027199,,,,,,
1764809225.90647,,,,,,,-0.0003897547721862793,9.775161743164062e-05,0.010953247547149658,0.003958382178097963,0.022187672555446625,0.07125119864940643
1764809225.916066,-0.10428016642481087,0.11917758356630802,-0.14758213253468275,0.030763762071728706,0.005331802181899548,-0.04962460696697235,,,,,,
1764809225.9165,,,,,,,-0.002619504928588867,0.0025366246700286865,0.011075377464294434,0.013573193922638893,0.03136385977268219,0.0676756352186203
1764809225.926118,-0.13167173895835876,0.0749760382682085,-0.16162585545629263,0.036898575723171234,-0.00028936017770320177,-0.0439646914601326,,,,,,
1764809225.92653,,,,,,,-0.0029784440994262695,0.002811908721923828,0.011556323617696762,0.018818948417901993,0.03553250804543495,0.05756920203566551
1764809225.93617,-0.1524681510105729,0.03043956192731857,-0.13331336868554353,0.0368567630648613,-0.007009847089648247,-0.03955502808094025,,,,,,
1764809225.93656,,,,,,,-0.004360079765319824,0.0037271976470947266,0.014898359775543213,0.015137393958866596,0.0372779406607151,0.04607473313808441
1764809225.946222,-0.18141016785651445,0.029201544564962385,-0.12980039212852715,0.040776342153549194,-0.002062969608232379,-0.02912040799856186,,,,,,
1764809225.946591,,,,,,,-0.0038692355155944824,-0.0002485811710357666,0.016238272190093994,0.01196986809372902,0.04630472511053085,0.036463651806116104
1764809225.956275,-0.20445172848701476,0.06593290011286736,-0.1403650407627225,0.048722147941589355,0.014127451926469803,-0.02406519651412964,,,,,,
1764809225.956621,,,,,,,-0.002558290958404541,-0.0032847225666046143,0.012561976909637451,-0.001077757216989994,0.04958547279238701,0.030492577701807022
1764809225.966327,-0.17730185575485227,0.0981558383256197,-0.16898673961311578,0.05845537409186363,0.030238371342420578,-0.01893618516623974,,,,,,
1764809225.966651,,,,,,,-0.0019342303276062012,-0.00012674927711486816,0.009503182023763657,-0.014379171654582024,0.05512538179755211,0.02203258126974106
1764809225.976379,-0.16372487356215715,0.12249006911516189,-0.16150807429552078,0.06634391844272614,0.043165624141693115,-0.015723614022135735,,,,,,
1764809225.976681,,,,,,,-0.00031679868698120117,0.0010097622871398926,0.006126765161752701,-0.02055158093571663,0.05922265723347664,0.015168017707765102
1764809225.986431,-0.1374251879185438,0.07754325840771198,-0.14654051452726125,0.06662909686565399,0.0519636832177639,-0.013340011239051819,,,,,,
1764809225.986711,,,,,,,-0.0030143260955810547,0.0030930042266845703,0.006778895854949951,-0.019636031240224838,0.06500277668237686,0.0161210298538208
1764809225.996483,-0.10742635549604893,0.041293548896908755,-0.09940174673348665,0.06931889057159424,0.052224140614271164,-0.011670475825667381,,,,,,
1764809225.996742,,,,,,,-0.004071414470672607,0.0033576786518096924,0.006802558898925781,-0.021733537316322327,0.06479877978563309,0.013143083080649376
1764809226.006536,-0.08315496080964803,0.015766308930516244,-0.09343816215395927,0.06939461827278137,0.051376596093177795,-0.006190516985952854,,,,,,
1764809226.006772,,,,,,,-0.005390346050262451,0.0021424293518066406,0.005087319761514664,-0.02618063986301422,0.06691359728574753,0.0071657514199614525
1764809226.016588,-0.0642144057571888,0.004924596920609474,-0.08035860808938741,0.06834720075130463,0.04870571196079254,-0.004254398867487907,,,,,,
1764809226.016802,,,,,,,-0.005605101585388184,-0.0017622113227844238,0.0006476063281297684,-0.02689063921570778,0.06861189007759094,0.00507650151848793
1764809226.02664,-0.03721183254122734,-0.008508300626277924,-0.09339271557703614,0.069267638027668,0.04550087824463844,-0.0024201932828873396,,,,,,
1764809226.026832,,,,,,,-0.006148338317871094,-0.003771185874938965,-0.001735389232635498,-0.025361698120832443,0.07043136656284332,0.005720054265111685
1764809226.036692,-0.01836538551300764,-0.013353987091779708,-0.07798004238978028,0.06844498962163925,0.03430414944887161,-0.0011165759060531855,,,,,,
1764809226.036862,,,,,,,-0.006471216678619385,-0.0014866888523101807,-0.0021103061735630035,-0.028518609702587128,0.07133444398641586,0.006162671837955713
1764809226.046744,-0.023839725270867345,-0.02564940504133701,-0.07193126374483108,0.06691063940525055,0.024521684274077415,-0.0010837868321686983,,,,,,
1764809226.046893,,,,,,,-0.0058075785636901855,0.0013110637664794922,-0.0024102889001369476,-0.021803248673677444,0.07159543037414551,0.0035807371605187654
1764809226.056796,-0.009366086499392986,-0.018497195199131965,-0.06002338380813598,0.06479661911725998,0.01383734866976738,-0.0024920664727687836,,,,,,
1764809226.056923,,,,,,,-0.0051239728927612305,0.0023345649242401123,-0.0038089752197265625,-0.01045977883040905,0.06914638727903366,0.004688079468905926
1764809226.066849,0.009386252504587174,-0.013407763105630873,-0.05885331711545586,0.06408843398094177,0.005687586031854153,-0.001465876935981214,,,,,,
1764809226.066953,,,,,,,-0.003800630569458008,0.004418909549713135,-0.0046389102935791016,0.002979071345180273,0.06611171364784241,0.0094355633482337
1764809226.076901,0.02056435686200857,-0.01814180589020252,-0.05312953264117241,0.06561016291379929,-0.002766618737950921,-0.0006677275523543358,,,,,,
1764809226.076983,,,,,,,-0.004048824310302734,0.005277395248413086,-0.005882561206817627,0.012734496966004372,0.0635838434100151,0.010326923802495003
1764809226.086953,0.020631576879322527,-0.004787234276533127,-0.04766191488504409,0.06554438173770905,-0.0068525951355695724,-0.0015715437475591898,,,,,,
1764809226.087013,,,,,,,-0.002346336841583252,0.002605348825454712,-0.008962571620941162,0.014052562415599823,0.06083999201655388,0.013052335940301418
1764809226.097005,0.009865560454130172,0.007581248909235,-0.03605360241681337,0.06450068950653076,-0.006209175102412701,-0.005074399523437023,,,,,,
1764809226.097044,,,,,,,-0.0016334056854248047,-0.0024149715900421143,-0.012069165706634521,0.006973879877477884,0.061652522534132004,0.012839550152420998
1764809226.107057,-0.01638824022114277,-0.01089957967698574,-0.03662058864980936,0.06260856986045837,-0.007655902300029993,-0.005857073236256838,,,,,,
1764809226.107074,,,,,,,-0.0018857121467590332,-0.0050463080406188965,-0.013168871402740479,-0.01021575927734375,0.0580359511077404,0.014201223850250244
1764809226.117104,,,,,,,-0.003283202648162842,-0.0045698583126068115,-0.010897280648350716,-0.02230438031256199,0.056421808898448944,0.009309529326856136
1764809226.11711,-0.02570230427235365,-0.04730652557611465,-0.014735942969471215,0.05823006480932236,-0.010606419295072556,-0.007731139659881592,,,,,,
1764809226.127134,,,,,,,-0.007281661033630371,-0.0012295246124267578,-0.013645650818943977,-0.0313897542655468,0.05583937466144562,0.011834738776087761
1764809226.127162,-0.031080197918415067,-0.055583940055966376,0.01005173067599535,0.05199017375707626,-0.015499948523938656,-0.0074595133773982525,,,,,,
1764809226.137164,,,,,,,-0.006242096424102783,0.0017707347869873047,-0.013910949230194092,-0.0319390632212162,0.05406863987445831,0.010976934805512428
1764809226.137214,-0.02695756503045559,-0.06243512112498283,0.029424831926822662,0.04830009862780571,-0.020650502294301987,-0.006423010956496,,,,,,
1764809226.147195,,,,,,,-0.0034797191619873047,0.0033135414123535156,-0.017422618344426155,-0.02147616446018219,0.04691299423575401,0.014193766750395298
1764809226.147266,-0.035222996811568735,-0.06110708739161491,0.0299003404840827,0.04498286172747612,-0.025923602283000946,-0.007130495272576809,,,,,,
1764809226.157225,,,,,,,-0.004852950572967529,0.005915224552154541,-0.01961285062134266,-0.006581103429198265,0.04464317858219147,0.01315433531999588
1764809226.157318,-0.016367781955003737,-0.04141103779673576,0.02330211126282811,0.04360973462462425,-0.030022207647562027,-0.004146689549088478,,,,,,
1764809226.167255,,,,,,,-0.00404965877532959,0.0032709240913391113,-0.019911646842956543,0.00044018146581947803,0.03782735392451286,0.013762600719928741
1764809226.16737,-0.020729776556789873,-0.057824412459135055,0.005350713378190994,0.03921610862016678,-0.032137613743543625,-0.005375295877456665,,,,,,
1764809226.177285,,,,,,,-0.003919422626495361,0.0018002092838287354,-0.02007305808365345,0.003988044802099466,0.03330770134925842,0.016247596591711044
1764809226.177423,-0.03256868291050195,-0.06413607982397079,0.03290741334557533,0.036558009684085846,-0.03410835191607475,-0.004203238524496555,,,,,,
1764809226.187315,,,,,,,-0.0031419992446899414,-0.0018447041511535645,-0.020091533660888672,0.0012092073448002338,0.02949485182762146,0.01787332259118557
1764809226.187475,-0.051748891937732695,-0.06295651465058326,0.029567455267906186,0.03171451389789581,-0.03380106762051582,-0.0030720732174813747,,,,,,
1764809226.197346,,,,,,,-0.003387749195098877,-0.00356486439704895,-0.02113831229507923,-0.004899817984551191,0.027221310883760452,0.017405938357114792
1764809226.197527,-0.05696662658601999,-0.06183481714427471,0.028069033403694627,0.027499794960021973,-0.0346844382584095,-0.0052510714158415794,,,,,,
1764809226.207376,,,,,,,-0.0022635459899902344,-0.0030838847160339355,-0.023869572207331657,-0.008350243791937828,0.021754641085863113,0.01776992529630661
1764809226.207579,-0.05845949549227952,-0.06690963619053364,0.04525719183087348,0.02320992387831211,-0.03721584007143974,-0.010252472944557667,,,,,,
1764809226.217406,,,,,,,-0.0009413361549377441,-0.003989130258560181,-0.022347629070281982,-0.00890844315290451,0.017811033874750137,0.019141720607876778
1764809226.217631,-0.0481736637994647,-0.05793956327140331,0.03627630525678396,0.019550208002328873,-0.04201725497841835,-0.01184024941176176,,,,,,
1764809226.227436,,,,,,,0.001640021800994873,-0.004523962736129761,-0.02163034677505493,-0.020832259207963943,0.0101856030523777,0.020310714840888977
1764809226.227684,-0.033275369875133035,-0.03282499575912952,0.055850189776718615,0.013655195012688637,-0.04395941272377968,-0.017421821132302284,,,,,,
1764809226.237466,,,,,,,0.0024222731590270996,-0.012635529041290283,-0.02317344956099987,-0.03681628406047821,0.007208988070487976,0.019620422273874283
1764809226.237736,-0.031361937469244004,-0.02943301523327827,0.04571779507994651,0.01009401585906744,-0.04144006222486496,-0.021228011697530746,,,,,,
1764809226.247497,,,,,,,0.00335615873336792,-0.015446245670318604,-0.02415347285568714,-0.05451890826225281,0.0025974586606025696,0.022869346663355827
1764809226.247788,-0.048560617290437216,-0.011671148571372032,0.030743513309955596,0.0068411193788051605,-0.038599491119384766,-0.023939909413456917,,,,,,
1764809226.257527,,,,,,,0.0030535459518432617,-0.012149602174758911,-0.02117222361266613,-0.07807003706693649,0.0001316377893090248,0.02566113881766796
1764809226.25784,-0.058951370662450785,-0.00625146161019802,0.03511208378300071,0.0047196452505886555,-0.04023680463433266,-0.02714289352297783,,,,,,
1764809226.267557,,,,,,,0.0024336576461791992,-0.007101655006408691,-0.02039259858429432,-0.08890730887651443,-0.0043169064447283745,0.02674045041203499
1764809226.267892,-0.058684828680753705,-0.021043372550606728,0.07427548878341912,-0.0028601866215467453,-0.04677560552954674,-0.03071102313697338,,,,,,
1764809226.277587,,,,,,,0.0012826919555664062,-0.007852643728256226,-0.02133786492049694,-0.09370579570531845,-0.009207269176840782,0.030325066298246384
1764809226.277944,-0.07431669757664203,-0.02850771708190441,0.08255655652508138,-0.0073076654225587845,-0.051336802542209625,-0.03600698709487915,,,,,,
1764809226.287617,,,,,,,0.004062473773956299,-0.007869690656661987,-0.02289026975631714,-0.09349745512008667,-0.015396988950669765,0.030556894838809967
1764809226.287997,-0.08416443011313676,-0.01878887162208557,0.060057578338682645,-0.008416231721639633,-0.05073932930827141,-0.03682621940970421,,,,,,
1764809226.297648,,,,,,,0.002337932586669922,-0.008518815040588379,-0.021736441180109978,-0.09513024240732193,-0.01989986002445221,0.031084466725587845
1764809226.298049,-0.11426438482254743,-0.01597030707001686,0.034274317784607405,-0.01273135282099247,-0.05062374845147133,-0.041269704699516296,,,,,,
1764809226.307678,,,,,,,0.0024892091751098633,-0.008751511573791504,-0.021519066765904427,-0.09752748906612396,-0.026242446154356003,0.030621541664004326
1764809226.308101,-0.12342471961677073,-0.0029623569369316097,0.04161094428300857,-0.016136949881911278,-0.0539201945066452,-0.04141395911574364,,,,,,
1764809226.317708,,,,,,,0.004184305667877197,-0.00979200005531311,-0.020983755588531494,-0.0967453196644783,-0.0287383571267128,0.03323676437139511
1764809226.318153,-0.13814444210380314,-0.00917114844918251,0.03862696003615856,-0.02150801382958889,-0.05717617645859718,-0.04129597917199135,,,,,,
1764809226.327738,,,,,,,0.0052071213722229,-0.011204749345779419,-0.019075753167271614,-0.09693684428930283,-0.03265560418367386,0.035159237682819366
1764809226.328205,-0.15000556028932333,0.01238660336434841,0.052803369426727295,-0.025768166407942772,-0.05786255747079849,-0.043437305837869644,,,,,,
1764809226.337768,,,,,,,0.007420897483825684,-0.011672019958496094,-0.018161356449127197,-0.10274653136730194,-0.03924106806516647,0.035753123462200165
1764809226.338258,-0.1462114287033677,0.02421732641160488,0.05653524943143129,-0.02707790955901146,-0.0610535591840744,-0.04437314346432686,,,,,,
1764809226.347799,,,,,,,0.006729185581207275,-0.014966517686843872,-0.018224773928523064,-0.11181428283452988,-0.044109590351581573,0.03644827380776405
1764809226.34831,-0.1273582596734166,0.02836217113137245,0.045224020213633774,-0.027628116309642792,-0.06752695888280869,-0.04880321025848389,,,,,,
1764809226.357829,,,,,,,0.004890024662017822,-0.01800978183746338,-0.016405761241912842,-0.11983785033226013,-0.0423407219350338,0.03667251020669937
1764809226.358362,-0.13177081541866062,0.054710664352774614,0.07734276739954948,-0.02845369651913643,-0.07063274085521698,-0.05146344006061554,,,,,,
1764809226.367859,,,,,,,0.0036252737045288086,-0.019028007984161377,-0.016676664352416992,-0.12445099651813507,-0.038462623953819275,0.0407898910343647
1764809226.368414,-0.15545038169175385,0.04522270503938198,0.09346841116175054,-0.027960155159235,-0.07603809982538223,-0.05576847493648529,,,,,,
1764809226.377889,,,,,,,0.00339663028717041,-0.014957427978515625,-0.014896510168910027,-0.12803694605827332,-0.04043949022889137,0.0455193966627121
1764809226.378466,-0.1377215405166149,0.03977496102750301,0.07105068151801824,-0.030088286846876144,-0.08349867910146713,-0.06009504571557045,,,,,,
1764809226.387919,,,,,,,0.00542527437210083,-0.013593047857284546,-0.018287895247340202,-0.1216641366481781,-0.04317375645041466,0.04788821190595627
1764809226.388518,-0.12326426835805177,0.029446459236741065,0.08720686654895543,-0.032522525638341904,-0.09254784882068634,-0.06405532360076904,,,,,,
1764809226.39795,,,,,,,0.005528271198272705,-0.013142794370651245,-0.01997196674346924,-0.10224729776382446,-0.0445769764482975,0.05273330211639404
1764809226.398571,-0.12883359292298555,0.020268881046772002,0.10509382089525461,-0.03550153598189354,-0.09558438509702682,-0.06718826293945312,,,,,,
1764809226.40798,,,,,,,0.0045509934425354,-0.010960549116134644,-0.02126598171889782,-0.08819243311882019,-0.04504089802503586,0.0601729117333889
1764809226.408623,-0.1287643270790577,0.02764730086028576,0.0816831346914172,-0.03618917241692543,-0.09216977655887604,-0.07029569149017334,,,,,,
1764809226.41801,,,,,,,0.005426466464996338,-0.01178547739982605,-0.02248966693878174,-0.07928921282291412,-0.047259844839572906,0.06654559075832367
1764809226.418675,-0.1463052444666624,0.03563420796096325,0.07726940990239381,-0.03926565498113632,-0.08814654499292374,-0.06897476315498352,,,,,,
1764809226.42804,,,,,,,0.005926787853240967,-0.0134352445602417,-0.020982559770345688,-0.07405154407024384,-0.04537779092788696,0.06820093840360641
1764809226.428727,-0.15739216340929268,0.037242812201380725,0.07315510645136236,-0.04298923537135124,-0.08350229263305664,-0.07012185454368591,,,,,,
1764809226.43807,,,,,,,0.005708038806915283,-0.010866612195968628,-0.020537016913294792,-0.07241183519363403,-0.049845509231090546,0.06957859545946121
1764809226.438779,-0.1655479973360896,0.0518704724907875,0.07350012049674988,-0.04796668142080307,-0.08387087285518646,-0.06862569600343704,,,,,,
1764809226.448101,,,,,,,0.006874680519104004,-0.007569849491119385,-0.019824085757136345,-0.06988100707530975,-0.05215153843164444,0.06869835406541824
1764809226.448832,-0.18344898020774125,0.07625321859717368,0.08424275604635477,-0.04985853657126427,-0.08785698562860489,-0.06402761489152908,,,,,,
1764809226.458131,,,,,,,0.005871295928955078,-0.003214418888092041,-0.020420193672180176,-0.058943670243024826,-0.05793832242488861,0.06590709090232849
1764809226.458884,-0.2105994374617934,0.0591033463537693,0.08180018519982694,-0.05124577879905701,-0.09491410106420517,-0.05851753428578377,,,,,,
1764809226.468161,,,,,,,0.00466686487197876,-0.0011165440082550049,-0.019580719992518425,-0.05570656433701515,-0.060243550688028336,0.057674530893564224
1764809226.468936,-0.2079179432928562,0.034114451047778126,0.07447934079244732,-0.05418473482131958,-0.09841048717498779,-0.050579655915498734,,,,,,
1764809226.478191,,,,,,,0.004135251045227051,-0.0016335844993591309,-0.01933532953262329,-0.06290801614522934,-0.057351093739271164,0.04381730407476425
1764809226.478988,-0.22185002253353595,0.02393500233888626,0.10982800981029868,-0.05693045258522034,-0.09908879548311234,-0.04536678269505501,,,,,,
1764809226.488221,,,,,,,0.008035898208618164,-0.004066139459609985,-0.021546363830566406,-0.08178197592496872,-0.0546884648501873,0.029637770727276802
1764809226.48904,-0.2448223173201084,0.04103168309032917,0.1373179281517863,-0.05867994204163551,-0.0928158313035965,-0.043093375861644745,,,,,,
1764809226.498252,,,,,,,0.014960944652557373,-0.006977468729019165,-0.025417087599635124,-0.11482860893011093,-0.056278105825185776,0.009926650673151016
1764809226.499093,-0.27316782957762475,0.0961246247589588,0.187369660782814,-0.06370558589696884,-0.08671212941408157,-0.032453782856464386,,,,,,
1764809226.508282,,,,,,,0.021100103855133057,-0.006314575672149658,-0.041045308113098145,-0.16835996508598328,-0.05933248624205589,-0.01620328798890114
1764809226.509145,-0.2862619966894388,0.1332329969257116,0.2839570807479322,-0.07698214799165726,-0.09234847873449326,-0.019819999113678932,,,,,,
1764809226.518312,,,,,,,0.031157612800598145,-0.007569074630737305,-0.06810075044631958,-0.2382093369960785,-0.07610481232404709,-0.05837124586105347
1764809226.519197,-0.22201193509697914,0.17233283517062664,0.4333246353946626,-0.10454186797142029,-0.15041416883468628,0.004180142190307379,,,,,,
1764809226.528342,,,,,,,0.04147779941558838,-0.014965087175369263,-0.10249799489974976,-0.2787083685398102,-0.09459753334522247,-0.10594848543405533
1764809226.529249,-0.06343582260012626,0.14711772989332675,0.6476860557384788,-0.140578955411911,-0.28036749362945557,0.026907501742243767,,,,,,
1764809226.538372,,,,,,,0.05223351716995239,-0.018763571977615356,-0.11924999952316284,-0.3304184377193451,-0.1335715651512146,-0.14119276404380798
1764809226.539301,0.05195025972872972,0.029756255838274955,0.6902671602278947,-0.18090428411960602,-0.4335344135761261,0.040667787194252014,,,,,,
1764809226.548403,,,,,,,0.0588114857673645,-0.01532772183418274,-0.13050323724746704,-0.4185551702976227,-0.178313210606575,-0.1647116094827652
1764809226.549353,0.052936055895686146,-0.07277648239731788,0.7503267843931913,-0.2273120880126953,-0.5328870415687561,0.035869188606739044,,,,,,
1764809226.558433,,,,,,,0.06135505437850952,-0.022639602422714233,-0.13493263721466064,-0.4926895797252655,-0.22929516434669495,-0.18030548095703125
1764809226.559407,-0.08746931687742471,-0.04050912052094936,0.7524062210157513,-0.270484060049057,-0.5564549565315247,0.020350147038698196,,,,,,
1764809226.568463,,,,,,,0.06154131889343262,-0.02531641721725464,-0.13075512647628784,-0.544388473033905,-0.2646653950214386,-0.1863265484571457
1764809226.569458,-0.2933502013847232,0.055203416305780406,0.6682444212511182,-0.30015748739242554,-0.528203010559082,0.009035510011017323,,,,,,
1764809226.578493,,,,,,,0.06943506002426147,-0.019051074981689453,-0.13444781303405762,-0.5769416689872742,-0.2911505401134491,-0.19169680774211884
1764809226.57951,-0.3852051860004663,0.2193593747615814,0.6855588364064693,-0.31751009821891785,-0.49052542448043823,0.004641559906303883,,,,,,
1764809226.588523,,,,,,,0.07509410381317139,-0.015563935041427612,-0.13822627067565918,-0.5750219225883484,-0.3373124301433563,-0.1901734173297882
1764809226.589562,-0.4840542672872543,0.3768845169007778,0.7547010539546608,-0.3211694657802582,-0.4469949007034302,0.0007153421174734831,,,,,,
1764809226.598554,,,,,,,0.0700298547744751,-0.011316537857055664,-0.1462213397026062,-0.5242266654968262,-0.38940680027008057,-0.16941194236278534
1764809226.599614,-0.5374363133847713,0.3967348802745342,0.8767847342260181,-0.31979474425315857,-0.37508103251457214,-0.008006510324776173,,,,,,
1764809226.608584,,,,,,,0.04088485240936279,0.004298508167266846,-0.15783780813217163,-0.4430016577243805,-0.4362848103046417,-0.15778997540473938
1764809226.609667,-0.611350859901309,0.24725626646876334,0.9332371276795863,-0.3197114169597626,-0.29388633370399475,-0.014541464857757092,,,,,,
1764809226.618614,,,,,,,0.005188584327697754,0.017223060131072998,-0.15923243761062622,-0.3270593285560608,-0.4214123785495758,-0.1459847092628479
1764809226.61972,-0.7173647182509303,-0.06336509545147419,1.0104426785655318,-0.3312154710292816,-0.2187013179063797,-0.008936310186982155,,,,,,
1764809226.628644,,,,,,,0.0006597638130187988,0.01586201786994934,-0.1705344319343567,-0.1969374120235443,-0.357806533575058,-0.13136295974254608
1764809226.629771,-0.8018997352421283,-0.25152970600426194,1.2561176671922205,-0.3613325357437134,-0.14804750680923462,0.006490285042673349,,,,,,
1764809226.638674,,,,,,,0.022233009338378906,0.009669125080108643,-0.18314015865325928,-0.08448196947574615,-0.35637399554252625,-0.13332730531692505
1764809226.639823,-0.9015516573444008,-0.21936697354614734,1.4211059848189354,-0.39198097586631775,-0.08008923381567001,0.02194114588201046,,,,,,
1764809226.648705,,,,,,,0.04173409938812256,0.0022121667861938477,-0.18892288208007812,0.007275992538779974,-0.38526931405067444,-0.12963630259037018
1764809226.649875,-1.0314666157633066,-0.14191022437810896,1.4235726671934128,-0.4092215895652771,-0.012155481614172459,0.0377979651093483,,,,,,
1764809226.658735,,,,,,,0.04224061965942383,-0.002621889114379883,-0.18128877878189087,0.07808385789394379,-0.39298608899116516,-0.11851361393928528
1764809226.659927,-1.101011861154437,-0.09029168082177638,1.3868410193845628,-0.4147316813468933,0.06809808313846588,0.04969297721982002,,,,,,
1764809226.668765,,,,,,,0.028458833694458008,-0.003622204065322876,-0.17699295282363892,0.1533130258321762,-0.3782667815685272,-0.11843624711036682
1764809226.669981,-1.1380611966103316,-0.0636217005610466,1.3549468747347593,-0.4257979393005371,0.161733016371727,0.05538644269108772,,,,,,
1764809226.678795,,,,,,,0.027866363525390625,-0.002921968698501587,-0.1698654294013977,0.24910587072372437,-0.3604353368282318,-0.1132311001420021
1764809226.680032,-1.2262667188078165,-0.023958383214473723,1.2899345965981484,-0.44002774357795715,0.27480578422546387,0.05285244435071945,,,,,,
1764809226.688825,,,,,,,0.040478646755218506,0.00016689300537109375,-0.16360914707183838,0.3436275124549866,-0.3662998676300049,-0.09328249096870422
1764809226.690084,-1.1842372568517923,0.053903439623117444,1.1551350810080765,-0.4522791802883148,0.39775270223617554,0.049969661980867386,,,,,,
1764809226.698856,,,,,,,0.05585527420043945,0.000279843807220459,-0.15584152936935425,0.4326849579811096,-0.3977699279785156,-0.07197773456573486
1764809226.700136,-1.082772440108657,0.1230821897894144,0.9905398543521762,-0.46090540289878845,0.5184266567230225,0.039670418947935104,,,,,,
1764809226.708886,,,,,,,0.06327211856842041,-0.007316619157791138,-0.15062177181243896,0.5070205330848694,-0.42819494009017944,-0.04819644242525101
1764809226.710188,-0.912409443706274,0.18063363052606582,0.8749798767611384,-0.4671805500984192,0.6237245202064514,0.02406448870897293,,,,,,
1764809226.718916,,,,,,,0.060122013092041016,-0.014527231454849243,-0.14103853702545166,0.5666066408157349,-0.4442993402481079,-0.024471404030919075
1764809226.720241,-0.7322548288688063,0.23336919541358947,0.8304346325919032,-0.4745343327522278,0.7038350701332092,0.01108637172728777,,,,,,
1764809226.728946,,,,,,,0.05702131986618042,-0.017301440238952637,-0.1311240792274475,0.6214444637298584,-0.4531996250152588,-0.002647597575560212
1764809226.730294,-0.5583262489393354,0.24602935502231119,0.8634884686708449,-0.4799981415271759,0.7458852529525757,-0.0015846540918573737,,,,,,
1764809226.738976,,,,,,,0.0568661093711853,-0.014646142721176147,-0.12449616938829422,0.671531081199646,-0.46982333064079285,0.0177314430475235
1764809226.740346,-0.4306324737012386,0.24664134944081306,0.9317685164317488,-0.4930660128593445,0.754523515701294,-0.012992038391530514,,,,,,
1764809226.749007,,,,,,,0.05843383073806763,-0.012511759996414185,-0.12096887826919556,0.7126486301422119,-0.48297563195228577,0.03641378507018089
1764809226.750397,-0.38163463403731585,0.22425123845636843,0.9651298110246658,-0.5152226686477661,0.7371851205825806,-0.020870067179203033,,,,,,
1764809226.759037,,,,,,,0.06611472368240356,-0.012646585702896118,-0.12461506575345993,0.7382961511611938,-0.4986634850502014,0.04808029532432556
1764809226.76045,-0.32293431552648544,0.2302174533843994,0.974256828071177,-0.5466511845588684,0.7065377235412598,-0.027078960090875626,,,,,,
1764809226.769067,,,,,,,0.07242792844772339,-0.019011080265045166,-0.12380284070968628,0.7417870759963989,-0.5329439640045166,0.049384910613298416
1764809226.770501,-0.2527405430987477,0.21496026301980017,0.9030646922558545,-0.5765417814254761,0.670936644077301,-0.03337212651968002,,,,,,
1764809226.779097,,,,,,,0.07220995426177979,-0.025980859994888306,-0.123623788356781,0.725943922996521,-0.5613327622413635,0.045835450291633606
1764809226.780555,-0.19953706843852995,0.1990466545730829,0.8248103629693389,-0.6034884452819824,0.6243484020233154,-0.0411863774061203,,,,,,
1764809226.789127,,,,,,,0.0668489933013916,-0.03544515371322632,-0.11239957809448242,0.6946889758110046,-0.5800670385360718,0.048391684889793396
1764809226.790606,-0.18888211117237805,0.18622224431335924,0.7202095862880349,-0.6388987302780151,0.5729788541793823,-0.05378478392958641,,,,,,
1764809226.799158,,,,,,,0.0658610463142395,-0.034431010484695435,-0.09572629630565643,0.6233897805213928,-0.6049028635025024,0.036415450274944305
1764809226.800658,-0.19674802224189042,0.18640929131805895,0.6701648679196834,-0.6737051606178284,0.5277026891708374,-0.06256309896707535,,,,,,
1764809226.809188,,,,,,,0.07024216651916504,-0.036264508962631226,-0.08041100203990936,0.5471748113632202,-0.633557915687561,0.032963261008262634
1764809226.81071,-0.1474731192022562,0.295482244977355,0.5849895071983338,-0.6997214555740356,0.48510733246803284,-0.07084517180919647,,,,,,
1764809226.819218,,,,,,,0.07216179370880127,-0.03857433795928955,-0.05502629280090332,0.4859045147895813,-0.6666610240936279,0.03895431011915207
1764809226.820762,-0.10622954692691564,0.40038755756318567,0.463634871853888,-0.7059846520423889,0.4536242187023163,-0.07846421003341675,,,,,,
1764809226.829248,,,,,,,0.06280571222305298,-0.02999049425125122,-0.0383601188659668,0.4189811646938324,-0.6965502500534058,0.042222339659929276
1764809226.830815,-0.04763151974678039,0.41897535365521904,0.3748275843709707,-0.702846884727478,0.437019407749176,-0.08652577549219131,,,,,,
1764809226.839278,,,,,,,0.05517786741256714,-0.022257596254348755,-0.03239130973815918,0.3721129894256592,-0.7052313089370728,0.04476459324359894
1764809226.840868,-0.01160451307594776,0.39322599537074565,0.21834230667352675,-0.711437463760376,0.4212641716003418,-0.1022312343120575,,,,,,
1764809226.849309,,,,,,,0.0533292293548584,-0.0161016583442688,-0.02712954580783844,0.349540650844574,-0.7188193202018738,0.05314502865076065
1764809226.850919,0.0036900866895914074,0.36056115860939025,0.11369944441616535,-0.722404420375824,0.40704622864723206,-0.11779869347810745,,,,,,
1764809226.859339,,,,,,,0.05586886405944824,-0.008735686540603638,-0.022475838661193848,0.3398379385471344,-0.7447448968887329,0.05626066029071808
1764809226.860971,0.07004939552098512,0.3295663008868694,0.04281272128820419,-0.7372369170188904,0.3912622034549713,-0.1311110407114029,,,,,,
1764809226.869369,,,,,,,0.05369579792022705,-0.0014304816722869873,-0.02025240659713745,0.33736246824264526,-0.7757100462913513,0.05691799521446228
1764809226.871023,0.13081482986807821,0.30583178955614565,-0.029413726010918614,-0.7530051469802856,0.36750665307044983,-0.14175467193126678,,,,,,
1764809226.879399,,,,,,,0.044464170932769775,-0.0011793673038482666,-0.015249073505401611,0.3257686495780945,-0.7964597940444946,0.05679069459438324
1764809226.881075,0.20446517249047755,0.25455051513016225,-0.0983691888153553,-0.7669140100479126,0.32936805486679077,-0.15313516557216644,,,,,,
1764809226.889429,,,,,,,0.032756924629211426,-0.007867962121963501,-0.003560662269592285,0.2901531457901001,-0.8063963055610657,0.06001145765185356
1764809226.891129,0.2585696876436472,0.1696247452557087,-0.14665449629575014,-0.7836480736732483,0.2751609981060028,-0.16566577553749084,,,,,,
1764809226.89946,,,,,,,0.022225797176361084,-0.017863303422927856,0.011569738388061523,0.2136724889278412,-0.818855881690979,0.0633649080991745
1764809226.901181,0.3063268795967102,0.08990998802781104,-0.1750444322168827,-0.7962064743041992,0.22275957465171814,-0.1772603839635849,,,,,,
1764809226.90949,,,,,,,0.014471113681793213,-0.024197518825531006,0.02709650993347168,0.10663655400276184,-0.8281372785568237,0.06221002712845802
1764809226.911232,0.40518589775562286,0.06626666211187839,-0.22612112398147582,-0.809374213218689,0.16692683100700378,-0.18794795870780945,,,,,,
1764809226.91952,,,,,,,0.013855397701263428,-0.02371862530708313,0.04446382820606232,-0.021275067701935768,-0.8327951431274414,0.05702245607972145
1764809226.921284,0.5051604759410023,0.12232698750793933,-0.29493162535727024,-0.8103244304656982,0.11294855177402496,-0.19525407254695892,,,,,,
1764809226.92955,,,,,,,0.014035046100616455,-0.013383597135543823,0.05123627185821533,-0.14078965783119202,-0.8442411422729492,0.04915088415145874
1764809226.931336,0.598687485422194,0.19621230792999267,-0.31327684486508367,-0.7974727153778076,0.05658363550901413,-0.19647258520126343,,,,,,
1764809226.93958,,,,,,,0.010230779647827148,0.0011980831623077393,0.04846954345703125,-0.21742424368858337,-0.8516367673873901,0.04352149739861488
1764809226.941388,0.5822782024130225,0.2245183649599552,-0.34500293947160243,-0.7896422147750854,-0.004585978575050831,-0.19646567106246948,,,,,,
1764809226.949611,,,,,,,0.004021763801574707,0.014832139015197754,0.042247653007507324,-0.2400672435760498,-0.8580331206321716,0.03494718298316002
1764809226.951442,0.4968140878781676,0.14938918195664883,-0.3844622586786747,-0.7953737378120422,-0.05274588242173195,-0.1918804794549942,,,,,,
1764809226.959641,,,,,,,-0.005720198154449463,0.03862720727920532,0.03878694772720337,-0.22004932165145874,-0.8558986186981201,0.009326772764325142
1764809226.961493,0.45549686584472654,0.04139642474949359,-0.3976400124207139,-0.8148209452629089,-0.0921846404671669,-0.17888957262039185,,,,,,
1764809226.969671,,,,,,,-0.009517788887023926,0.06536608934402466,0.04081302881240845,-0.16410589218139648,-0.8450068235397339,-0.00810521375387907
1764809226.971545,0.42865182127803564,-0.050913610157370566,-0.45319034246802326,-0.839811384677887,-0.12892545759677887,-0.15915097296237946,,,,,,
1764809226.979701,,,,,,,-0.005936920642852783,0.08438703417778015,0.04639935493469238,-0.08967746794223785,-0.8446179628372192,-0.020023390650749207
1764809226.981597,0.45965223195850846,-0.1065600940555334,-0.5043763398259878,-0.8587954640388489,-0.15894754230976105,-0.13830189406871796,,,,,,
1764809226.989731,,,,,,,-0.0019609928131103516,0.08759140968322754,0.06448441743850708,-0.04183404892683029,-0.8581410050392151,-0.037521157413721085
1764809226.991649,0.4756561490371823,-0.03525426873266697,-0.5791448728233576,-0.8627435564994812,-0.1726672351360321,-0.11572533845901489,,,,,,
1764809226.999762,,,,,,,0.00020802021026611328,0.07396635413169861,0.08301156759262085,-0.06514017283916473,-0.8690205216407776,-0.06144220009446144
1764809227.001703,0.4593588019698858,0.08940963729023933,-0.6346002180635929,-0.8467837572097778,-0.1672660857439041,-0.08926097303628922,,,,,,
1764809227.009792,,,,,,,-0.0053539276123046875,0.053985148668289185,0.0932353138923645,-0.1745884120464325,-0.8705611824989319,-0.09846200793981552
1764809227.011755,0.4572732278674841,0.2589870362728834,-0.6847229701042175,-0.8211472034454346,-0.1622900366783142,-0.06347177922725677,,,,,,
1764809227.019822,,,,,,,-0.011406242847442627,0.04140228033065796,0.1073199212551117,-0.3421296179294586,-0.8570895791053772,-0.14655257761478424
1764809227.021806,0.37530689232051373,0.34597207676470276,-0.7508212899118661,-0.7927898168563843,-0.17829856276512146,-0.037664949893951416,,,,,,
1764809227.029852,,,,,,,-0.017557859420776367,0.03780260682106018,0.11733639240264893,-0.5047134757041931,-0.8340374827384949,-0.19625714421272278
1764809227.031858,0.3087289723023772,0.3495522733390331,-0.7083341473162174,-0.7678991556167603,-0.19502119719982147,-0.008791020140051842,,,,,,
1764809227.039882,,,,,,,-0.01819908618927002,0.05280318856239319,0.11583954095840454,-0.6147505044937134,-0.8059837818145752,-0.253394216299057
1764809227.04191,0.3330503436103463,0.3070668843090534,-0.6400473775535822,-0.7588443756103516,-0.21375440061092377,0.028724929317831993,,,,,,
1764809227.049913,,,,,,,-0.01810401678085327,0.08393451571464539,0.10329070687294006,-0.656753420829773,-0.7827919125556946,-0.31994834542274475
1764809227.051962,0.36229280470758674,0.25696283696889877,-0.6413017615288495,-0.7558384537696838,-0.24790847301483154,0.07239370048046112,,,,,,
1764809227.059943,,,,,,,-0.0157010555267334,0.11763295531272888,0.08110412955284119,-0.6392231583595276,-0.770426869392395,-0.39266806840896606
1764809227.062016,0.4140171467259526,0.18797931711375712,-0.6308534327507018,-0.7559114098548889,-0.298236608505249,0.12629608809947968,,,,,,
1764809227.069973,,,,,,,-0.01432657241821289,0.13954895734786987,0.07139188051223755,-0.5960985422134399,-0.7582415342330933,-0.4655577838420868
1764809227.072067,0.45024522892683744,0.1359270583152771,-0.6542039131999016,-0.7689307928085327,-0.3576368987560272,0.18779143691062927,,,,,,
1764809227.080003,,,,,,,-0.011962592601776123,0.14280134439468384,0.07647430896759033,-0.5641515254974365,-0.7483407258987427,-0.5367565751075745
1764809227.082119,0.4634174297109246,0.11723287923932074,-0.5984644903212786,-0.7788732051849365,-0.40464141964912415,0.2585548162460327,,,,,,
1764809227.090033,,,,,,,-0.012113869190216064,0.13489007949829102,0.0855187177658081,-0.5592309832572937,-0.7392556071281433,-0.6145706176757812
1764809227.092171,0.44742198819965123,0.15259762260913848,-0.5680670139700174,-0.7806626558303833,-0.43466317653656006,0.3263600170612335,,,,,,
1764809227.100064,,,,,,,-0.012273907661437988,0.12852108478546143,0.09729129076004028,-0.597239077091217,-0.7264218330383301,-0.6951925158500671
1764809227.102223,0.3793076523944735,0.18803017051815984,-0.6317880832523107,-0.7676291465759277,-0.4553077220916748,0.39395958185195923,,,,,,
1764809227.110094,,,,,,,-0.011490881443023682,0.11920759081840515,0.10935002565383911,-0.6734024286270142,-0.7113576531410217,-0.7782151103019714
1764809227.112277,0.29178134463280436,0.24318331794142722,-0.6301718802273273,-0.7470021843910217,-0.4568967819213867,0.45887988805770874,,,,,,
1764809227.120124,,,,,,,-0.013783156871795654,0.11499795317649841,0.11440491676330566,-0.7667321562767029,-0.6921640038490295,-0.8677772283554077
1764809227.122329,0.19279694652855395,0.3131277917832136,-0.6570540419340133,-0.7197838425636292,-0.4423553943634033,0.519686222076416,,,,,,
1764809227.130154,,,,,,,-0.0159609317779541,0.11819997429847717,0.10649934411048889,-0.8571192026138306,-0.6710994839668274,-0.9503500461578369
1764809227.13238,0.051933600854873654,0.3437631685435772,-0.6581506049990654,-0.704135000705719,-0.41854703426361084,0.5756810903549194,,,,,,
1764809227.140184,,,,,,,-0.015749990940093994,0.1309749186038971,0.08003556728363037,-0.9363548755645752,-0.647373378276825,-1.0453977584838867
1764809227.142432,-0.001604220326244831,0.3085714436531067,-0.6515484302550554,-0.7028225660324097,-0.4060376286506653,0.6334556937217712,,,,,,
1764809227.150214,,,,,,,-0.008664488792419434,0.14146962761878967,0.05719175934791565,-0.9914207458496094,-0.6302319169044495,-1.1486742496490479
1764809227.152484,0.06742752258479595,0.2292377946972847,-0.6898661782115697,-0.7175769209861755,-0.4021539092063904,0.6964200139045715,,,,,,
1764809227.160245,,,,,,,0.0010007619857788086,0.1452322006225586,0.058278173208236694,-1.0258724689483643,-0.6070581674575806,-1.2528892755508423
1764809227.162536,0.23570815975517034,0.1513514219403267,-0.7002355965346098,-0.7363095879554749,-0.405129998922348,0.7651122212409973,,,,,,
1764809227.170275,,,,,,,0.014954686164855957,0.15770941972732544,0.07401007413864136,-1.0542794466018677,-0.5942885875701904,-1.3586294651031494
1764809227.17259,0.39513592064529657,0.19768238048255443,-0.6070213062644004,-0.7481459379196167,-0.41535958647727966,0.8369850516319275,,,,,,
1764809227.180305,,,,,,,0.028185904026031494,0.17863363027572632,0.08101576566696167,-1.094298243522644,-0.5945228934288025,-1.4594860076904297
1764809227.182642,0.48289691394567485,0.3254442525207996,-0.4668880284309387,-0.7514637112617493,-0.44211581349372864,0.9146023392677307,,,,,,
1764809227.190335,,,,,,,0.03587621450424194,0.19566619396209717,0.07126522064208984,-1.1052300930023193,-0.5943785905838013,-1.5533454418182373
1764809227.192693,0.5179331560134888,0.42486499621570106,-0.40709728433489795,-0.7487110495567322,-0.4743194878101349,0.9936997890472412,,,,,,
1764809227.200366,,,,,,,0.03437262773513794,0.1988326907157898,0.06233185529708862,-1.1133596897125244,-0.584389865398407,-1.6251775026321411
1764809227.202745,0.5265744353696704,0.44728433329463,-0.3951701151758432,-0.7477629780769348,-0.4886041581630707,1.066266655921936,,,,,,
1764809227.210396,,,,,,,0.031563401222229004,0.1873285174369812,0.05210596323013306,-1.1347180604934692,-0.571540355682373,-1.7152479887008667
1764809227.212797,0.47983168115615843,0.3883423149824142,-0.42460137684345245,-0.7554613947868347,-0.47588276863098145,1.1298598051071167,,,,,,
1764809227.220426,,,,,,,0.03199732303619385,0.17310136556625366,0.04972273111343384,-1.156083583831787,-0.5407305359840393,-1.8234729766845703
1764809227.222851,0.4801972995981574,0.2841331679672003,-0.4170774110794067,-0.7719743251800537,-0.447407990694046,1.1861777305603027,,,,,,
1764809227.230456,,,,,,,0.0378345251083374,0.17202222347259521,0.053418874740600586,-1.181999921798706,-0.5016323924064636,-1.9205917119979858
1764809227.232902,0.49664749913960693,0.2329272968649864,-0.34551848777830596,-0.7861995100975037,-0.4187334179878235,1.2462364435195923,,,,,,
1764809227.240486,,,,,,,0.049946725368499756,0.18350070714950562,0.05845451354980469,-1.1979612112045288,-0.46900415420532227,-2.0102553367614746
1764809227.242954,0.5221911057189107,0.25396482419669625,-0.2644160755842924,-0.7954241633415222,-0.39694902300834656,1.3080971240997314,,,,,,
1764809227.250516,,,,,,,0.06217789649963379,0.19906175136566162,0.05528777837753296,-1.1986262798309326,-0.45519885420799255,-2.1172034740448
1764809227.253006,0.5514531482994556,0.35618542774319645,-0.21795535318255424,-0.8090360164642334,-0.38362058997154236,1.3704789876937866,,,,,,
1764809227.260547,,,,,,,0.07443070411682129,0.22431617975234985,0.05238857865333557,-1.2132779359817505,-0.4303742051124573,-2.219294786453247
1764809227.263058,0.58535074172616,0.49258302617967126,-0.21639467973709106,-0.8279026746749878,-0.3716336786746979,1.441651701927185,,,,,,
1764809227.270577,,,,,,,0.0883181095123291,0.24212580919265747,0.05137544870376587,-1.2148796319961548,-0.395315021276474,-2.301394462585449
1764809227.27311,0.6199114752367139,0.6006845044583082,-0.24667291362285612,-0.8405609130859375,-0.36251533031463623,1.5220979452133179,,,,,,
1764809227.280607,,,,,,,0.10259616374969482,0.2390345335006714,0.054631322622299194,-1.2047882080078125,-0.36009150743484497,-2.3714218139648438
1764809227.283164,0.6717074211865663,0.6610059944301844,-0.24839608415365216,-0.8503426909446716,-0.3497883379459381,1.6030542850494385,,,,,,
1764809227.290637,,,,,,,0.11300790309906006,0.21318721771240234,0.06648111343383789,-1.2006723880767822,-0.34114205837249756,-2.4331140518188477
1764809227.293216,0.6629077363982796,0.6868038680315017,-0.2128898864865303,-0.8587918281555176,-0.3213099241256714,1.6749231815338135,,,,,,
1764809227.300667,,,,,,,0.11321002244949341,0.15991854667663574,0.066966712474823,-1.215322494506836,-0.3328239321708679,-2.486938714981079
1764809227.303267,0.6124515146195888,0.6045610536307097,-0.21791268308460712,-0.8617921471595764,-0.27194955945014954,1.7238951921463013,,,,,,
1764809227.310698,,,,,,,0.09938621520996094,0.10543203353881836,0.06874126195907593,-1.229383111000061,-0.3083729147911072,-2.557206630706787
1764809227.313319,0.5538403356969356,0.48621407566964625,-0.2664268308848142,-0.8549381494522095,-0.22431662678718567,1.765052318572998,,,,,,
1764809227.320728,,,,,,,0.07582026720046997,0.09711140394210815,0.07768186926841736,-1.291786789894104,-0.2425885945558548,-2.655113458633423
1764809227.323371,0.5667828193783759,0.4303232616215944,-0.23581892665326593,-0.8384371995925903,-0.20813420414924622,1.8047735691070557,,,,,,
1764809227.330758,,,,,,,0.0661202073097229,0.12866640090942383,0.0933775007724762,-1.3692044019699097,-0.14581865072250366,-2.750380277633667
1764809227.333425,0.6399345648288727,0.4485375482261181,-0.17224807949662208,-0.8344713449478149,-0.20920707285404205,1.8415449857711792,,,,,,
1764809227.340788,,,,,,,0.07904577255249023,0.16382861137390137,0.09568533301353455,-1.3949518203735352,-0.05883980169892311,-2.8210155963897705
1764809227.343477,0.6698913116753101,0.4549105903893709,-0.08652502176463603,-0.8391068577766418,-0.2215723842382431,1.8813881874084473,,,,,,
1764809227.350818,,,,,,,0.10259220004081726,0.20295852422714233,0.09357698261737823,-1.377224087715149,0.015050400048494339,-2.8855624198913574
1764809227.353528,0.6548620848476886,0.5123918884992599,-0.019154197803139685,-0.8445703387260437,-0.24190743267536163,1.9373972415924072,,,,,,
1764809227.360849,,,,,,,0.1280413568019867,0.22954976558685303,0.09406226873397827,-1.3127307891845703,0.09255450963973999,-2.902421474456787
1764809227.36358,0.6251449919760227,0.6126923376381397,0.028864275434613226,-0.85440993309021,-0.23030191659927368,1.9977381229400635,,,,,,
1764809227.370879,,,,,,,0.1449376940727234,0.19563746452331543,0.07481256127357483,-1.1584709882736206,0.13512007892131805,-2.8862037658691406
1764809227.373632,0.5544879859507084,0.6101204413235187,-0.0018967735320329665,-0.8639230728149414,-0.16948272287845612,2.0558297634124756,,,,,,
1764809227.380909,,,,,,,0.13773471117019653,0.13517796993255615,0.05966034531593323,-1.0197278261184692,0.1623104214668274,-2.8870534896850586
1764809227.383684,0.47762569554448125,0.5822796637177468,-0.07334405315220356,-0.8673526644706726,-0.0746435672044754,2.1084084510803223,,,,,,
1764809227.390939,,,,,,,0.11809161305427551,0.0799761414527893,0.05680382251739502,-0.9629631638526917,0.21676699817180634,-2.924368381500244
1764809227.393738,0.4357680830240249,0.5213678066372871,-0.08953998567163944,-0.8652147650718689,0.02022513747215271,2.148362874984741,,,,,,
1764809227.400969,,,,,,,0.09891033172607422,0.04401087760925293,0.06641626358032227,-0.9650247097015381,0.2953731417655945,-2.983660936355591
1764809227.40379,0.43310441677272316,0.4467424815028906,-0.11235855120122432,-0.8533450365066528,0.08208504319190979,2.173319101333618,,,,,,
1764809227.411,,,,,,,0.09334185719490051,0.0658111572265625,0.09920239448547363,-1.0213911533355713,0.38779816031455994,-3.0586044788360596
1764809227.413841,0.45435587911605835,0.40685120061933994,-0.08999006752669811,-0.8479500412940979,0.0872625932097435,2.187044143676758,,,,,,
1764809227.42103,,,,,,,0.11075183749198914,0.12885022163391113,0.12298202514648438,-1.0875741243362427,0.5074401497840881,-3.079242706298828
1764809227.423893,0.4783376432061195,0.4667565110057592,0.019193945291638374,-0.8445356488227844,0.0451044887304306,2.2016570568084717,,,,,,
1764809227.43106,,,,,,,0.1445695459842682,0.14911890029907227,0.1141061931848526,-1.0449808835983276,0.5781563520431519,-3.0463414192199707
1764809227.433945,0.5279056839734315,0.5493111678346991,0.07149754850268364,-0.8426079154014587,0.0010016981977969408,2.2341771125793457,,,,,,
1764809227.44109,,,,,,,0.16669827699661255,0.11723554134368896,0.09366941452026367,-0.9469563364982605,0.6045957207679749,-3.0040202140808105
1764809227.443999,0.594808305901289,0.6814353267356753,0.06922258930802346,-0.8451171517372131,0.014280485920608044,2.281906843185425,,,,,,
1764809227.45112,,,,,,,0.16755227744579315,0.08450835943222046,0.07842075824737549,-0.9436870217323303,0.6276722550392151,-3.033799886703491
1764809227.454051,0.7023895596981048,0.8049132378444075,-0.024805355432629583,-0.852349579334259,0.05887877568602562,2.3365323543548584,,,,,,
1764809227.461151,,,,,,,0.15981967747211456,0.05765390396118164,0.06909722089767456,-0.9421578645706177,0.6939871311187744,-3.0618185997009277
1764809227.464103,0.7969879978030919,0.8290177515313029,-0.11050561681091785,-0.8585638403892517,0.08291114121675491,2.3877599239349365,,,,,,
1764809227.471181,,,,,,,0.15453419089317322,0.05657303333282471,0.08506567031145096,-0.9766334891319275,0.758502721786499,-3.110002040863037
1764809227.474154,0.7981780843704939,0.7667772761955857,-0.13614099332690238,-0.8637256622314453,0.07259617000818253,2.414909601211548,,,,,,
1764809227.481211,,,,,,,0.15909767150878906,0.10062199831008911,0.10840047150850296,-1.0187917947769165,0.8308751583099365,-3.15277361869812
1764809227.484206,0.7580459804683923,0.6824626239567995,-0.060735915991663926,-0.8888456225395203,0.023327959701418877,2.42213773727417,,,,,,
1764809227.491241,,,,,,,0.17615491151809692,0.11901098489761353,0.10104542225599289,-1.0095605850219727,0.8985146880149841,-3.137829303741455
1764809227.494258,0.681169077014923,0.5879891274057328,0.0373357511818409,-0.9086263179779053,-0.022629903629422188,2.4388575553894043,,,,,,
1764809227.501271,,,,,,,0.18671096861362457,0.11002308130264282,0.10019034147262573,-0.9813966155052185,0.9120941162109375,-3.149172067642212
1764809227.504311,0.6193360134363174,0.6133449563279748,-0.06242986042797565,-0.9177114367485046,-0.023890111595392227,2.469679832458496,,,,,,
1764809227.511302,,,,,,,0.1852593570947647,0.07486075162887573,0.06374306231737137,-0.8847823143005371,0.951957106590271,-3.107558250427246
1764809227.514363,0.5257406148940325,0.611140139760077,-0.18555939649045466,-0.9235674142837524,0.027599822729825974,2.4985358715057373,,,,,,
1764809227.521332,,,,,,,0.1715162992477417,0.051468729972839355,0.04777652025222778,-0.7988554239273071,0.980635941028595,-3.144979238510132
1764809227.524415,0.38442075762450695,0.5339176377393305,-0.29107845706045626,-0.9310721755027771,0.09039529412984848,2.51751708984375,,,,,,
1764809227.531362,,,,,,,0.16062027215957642,0.0837792158126831,0.057459473609924316,-0.7560266852378845,1.0530866384506226,-3.189594268798828
1764809227.534467,0.32138767060637474,0.4830871758207679,-0.2099491568595171,-0.957878589630127,0.13005651533603668,2.5182504653930664,,,,,,
1764809227.541392,,,,,,,0.17003460228443146,0.09891271591186523,0.05285084620118141,-0.6215580701828003,1.123581886291504,-3.183312177658081
1764809227.544519,0.20104864204525946,0.3937142172791064,-0.026661796954274175,-0.9892607927322388,0.14407753944396973,2.501641035079956,,,,,,
1764809227.551422,,,,,,,0.1866787075996399,0.12006425857543945,0.04783451929688454,-0.5436508655548096,1.1484360694885254,-3.177286148071289
1764809227.554572,0.07768763531446457,0.31789427553266286,0.01868950290083885,-1.0314408540725708,0.14504443109035492,2.483571767807007,,,,,,
1764809227.561453,,,,,,,0.2088015079498291,0.08157676458358765,0.014134828001260757,-0.4648333191871643,1.166245460510254,-3.1400387287139893
1764809227.564624,0.098761403003335,0.3534652820643037,0.05120704014599323,-1.0654405355453491,0.13504986464977264,2.4855833053588867,,,,,,
1764809227.571483,,,,,,,0.2168807089328766,0.02193206548690796,-0.0015912055969238281,-0.455776184797287,1.1475836038589478,-3.119441270828247
1764809227.574676,0.34999534093141554,0.5127669323567301,0.02578150698840618,-1.0918861627578735,0.11125817894935608,2.495758056640625,,,,,,
1764809227.581513,,,,,,,0.2076702117919922,-0.010804235935211182,0.011043783277273178,-0.5006209015846252,1.1587635278701782,-3.1306867599487305
1764809227.584728,0.6148778649836778,0.5110418621297925,0.003500701597332954,-1.0912086963653564,0.06474234163761139,2.492924690246582,,,,,,
1764809227.591543,,,,,,,0.19664767384529114,0.0013237595558166504,0.04165095463395119,-0.6143768429756165,1.1966843605041504,-3.1508431434631348
1764809227.59478,0.6828419786632061,0.4879942005520686,-0.027031799310445782,-1.0953950881958008,-0.020433075726032257,2.4707112312316895,,,,,,
1764809227.601573,,,,,,,0.200082466006279,-0.008148789405822754,0.04696190357208252,-0.6513394117355347,1.2326383590698242,-3.1125729084014893
1764809227.604832,0.6744529205024242,0.5061134658169001,0.15765139886736868,-1.0876933336257935,-0.10384700447320938,2.4402685165405273,,,,,,
1764809227.611604,,,,,,,0.20554223656654358,-0.028401494026184082,0.043318867683410645,-0.6649836301803589,1.245904564857483,-3.055919885635376
1764809227.614885,0.6002420213878155,0.5256872407389804,0.10806874505281448,-1.0773106813430786,-0.17181077599525452,2.427150011062622,,,,,,
1764809227.621634,,,,,,,0.20011571049690247,-0.052490830421447754,0.019897283986210823,-0.6335077285766602,1.2692933082580566,-2.993363380432129
1764809227.624937,0.5388169540882111,0.5494741033114493,-0.011364859101176262,-1.0592060089111328,-0.21894234418869019,2.4148483276367188,,,,,,
1764809227.631664,,,,,,,0.18920180201530457,-0.07148462533950806,0.013213515281677246,-0.6029101610183716,1.2887321710586548,-2.993021011352539
1764809227.634989,0.3374158453434706,0.4855670830029994,-0.22427520385384558,-1.0186558961868286,-0.2761755585670471,2.3525075912475586,,,,,,
1764809227.641694,,,,,,,0.18094027042388916,-0.03718787431716919,0.047899484634399414,-0.6329450607299805,1.3228355646133423,-3.0263571739196777
1764809227.645041,0.009452888000011444,0.27174174229726195,-0.3491489532351494,-1.0221225023269653,-0.3208490312099457,2.2597908973693848,,,,,,
1764809227.651724,,,,,,,0.19635432958602905,-0.0475727915763855,0.005814552307128906,-0.5003246665000916,1.3796604871749878,-2.917417287826538
1764809227.655093,-0.23532968183159828,0.09221899562254547,-0.36971886305511,-1.0204542875289917,-0.3026525676250458,2.2149336338043213,,,,,,
1764809227.661755,,,,,,,0.20485180616378784,-0.07129508256912231,0.00534898042678833,-0.41734614968299866,1.3261216878890991,-2.9042649269104004
1764809227.665146,-0.3889566474884748,0.2603051331341266,-0.8169926749557256,-1.0200414657592773,-0.27396392822265625,2.184321641921997,,,,,,
1764809227.671785,,,,,,,0.20292630791664124,-0.09662377834320068,-0.002253711223602295,-0.35440900921821594,1.341172218322754,-2.843287706375122
1764809227.675198,-0.4577203871130943,0.4577198025912046,-1.0031862776964902,-1.0156786441802979,-0.2331944853067398,2.150697708129883,,,,,,
1764809227.681815,,,,,,,0.20121803879737854,-0.16841775178909302,-0.021390557289123535,-0.27933529019355774,1.3196533918380737,-2.7849249839782715
1764809227.68525,-0.3398813586741686,0.5898131279624999,-1.1635428438693285,-0.9797582626342773,-0.24801072478294373,2.075510263442993,,,,,,
1764809227.691845,,,,,,,0.1996018886566162,-0.20268458127975464,5.871430039405823e-05,-0.2656358480453491,1.2932013273239136,-2.7543911933898926
1764809227.695302,-0.2850999671727419,0.5535612264946103,-1.240555356401205,-0.9539953470230103,-0.28187066316604614,1.9977176189422607,,,,,,
1764809227.701875,,,,,,,0.21058058738708496,-0.2662394046783447,-0.04358404874801636,-0.16655908524990082,1.2892800569534302,-2.609588146209717
1764809227.705354,-0.18920155238509176,0.6440013758763671,-1.099685580986738,-0.8979611396789551,-0.311839759349823,1.9281949996948242,,,,,,
1764809227.711906,,,,,,,0.21189594268798828,-0.33735191822052,-0.06184929609298706,-0.1238284558057785,1.193141222000122,-2.5123181343078613
1764809227.715406,-0.2868324900537729,0.7127241989687084,-1.1647072114735841,-0.8045689463615417,-0.3266071677207947,1.8323365449905396,,,,,,
1764809227.721936,,,,,,,0.19492536783218384,-0.39120185375213623,-0.04161452874541283,-0.18856962025165558,1.1496670246124268,-2.4401180744171143
1764809227.725459,-0.6107365273952484,0.6562754587769508,-1.1264724656254053,-0.6908668875694275,-0.38022539019584656,1.7203583717346191,,,,,,
1764809227.731966,,,,,,,0.17058223485946655,-0.40060508251190186,0.0045136213302612305,-0.3707906901836395,1.1390982866287231,-2.3774161338806152
1764809227.735511,-0.8788204778373241,0.8435220777019858,-0.9244903421223163,-0.5963542461395264,-0.4287855625152588,1.636743426322937,,,,,,
1764809227.741996,,,,,,,0.15865302085876465,-0.3665439486503601,0.00456768274307251,-0.512900710105896,1.1588748693466187,-2.2147164344787598
1764809227.745563,-0.8497796767920255,1.0906389357000588,-0.8309756076008081,-0.5188096761703491,-0.39108240604400635,1.601855754852295,,,,,,
1764809227.752026,,,,,,,0.15853804349899292,-0.3400910496711731,-0.038721561431884766,-0.5496295690536499,1.1551430225372314,-2.015040159225464
1764809227.755615,-0.8282160797595978,1.2513722262308,-0.8900310231596231,-0.42349332571029663,-0.3847784399986267,1.5206793546676636,,,,,,
1764809227.762056,,,,,,,0.1629287600517273,-0.29105013608932495,-0.028013527393341064,-0.6554473042488098,1.115503191947937,-1.906134843826294
1764809227.765667,-0.9230833979338406,1.1207853598996995,-0.7584229970872401,-0.3550143837928772,-0.38505247235298157,1.4362035989761353,,,,,,
1764809227.772087,,,,,,,0.17105495929718018,-0.257393479347229,-0.04266643151640892,-0.6856721043586731,1.1208568811416626,-1.751069188117981
1764809227.77572,-0.7352052031069993,1.0825611354455351,-0.4858896660208702,-0.2910206615924835,-0.3765265643596649,1.3606196641921997,,,,,,
1764809227.782117,,,,,,,0.17354482412338257,-0.21026372909545898,-0.036483343690633774,-0.6565304398536682,1.0635957717895508,-1.621434211730957
1764809227.785772,-0.6328817237079143,1.0251984952792526,-0.4933177701950073,-0.2467421442270279,-0.35951295495033264,1.2911399602890015,,,,,,
1764809227.792147,,,,,,,0.1648123860359192,-0.14264529943466187,-0.040372543036937714,-0.5689332485198975,1.0409234762191772,-1.4806525707244873
1764809227.795824,-0.6025614042460918,1.094203057922423,-0.36280747623145576,-0.20111149549484253,-0.3538585603237152,1.2299916744232178,,,,,,
1764809227.802177,,,,,,,0.15068137645721436,-0.10912859439849854,-0.026195820420980453,-0.4951181411743164,0.99962317943573,-1.3794405460357666
1764809227.805876,-0.45769349910616874,1.1937711011335252,-0.29085809230804444,-0.14927226305007935,-0.3579678237438202,1.1695327758789062,,,,,,
1764809227.812207,,,,,,,0.14798903465270996,-0.11299586296081543,-0.007751762866973877,-0.5037088394165039,0.9748619198799133,-1.3049501180648804
1764809227.815928,-0.2092868935585022,1.2861843041539192,-0.22697803307175635,-0.11003841459751129,-0.33534905314445496,1.143684983253479,,,,,,
1764809227.822238,,,,,,,0.15119695663452148,-0.14786672592163086,-0.02819795161485672,-0.5178536772727966,0.9531515836715698,-1.184299349784851
1764809227.82598,-0.11990998949408531,1.361916713747382,-0.198677236738801,-0.05593922734260559,-0.32743173837661743,1.1110955476760864,,,,,,
1764809227.832268,,,,,,,0.15021061897277832,-0.17417138814926147,-0.03531640022993088,-0.584754228591919,0.920056164264679,-1.111864447593689
1764809227.836033,-0.33253216495513915,1.3112117779046297,-0.15491232929229734,0.015653414651751518,-0.3589670658111572,1.034610390663147,,,,,,
1764809227.842298,,,,,,,0.13849014043807983,-0.14445418119430542,-0.021259315311908722,-0.7244644165039062,0.9164095520973206,-1.0968948602676392
1764809227.846085,-0.5354974542766809,1.196502279663086,-0.0790589236676693,0.0594451017677784,-0.35430148243904114,1.0086398124694824,,,,,,
1764809227.852328,,,,,,,0.13645696640014648,-0.11767500638961792,-0.04364538937807083,-0.7645869851112366,0.9178548455238342,-1.0151653289794922
1764809227.856137,-0.4355477182716131,1.3080822477072476,-0.10712065054774284,0.08988908678293228,-0.330012708902359,0.9631606340408325,,,,,,
1764809227.862358,,,,,,,0.1410083770751953,-0.10127079486846924,-0.0632634237408638,-0.7583727240562439,0.8799141049385071,-0.9317572712898254
1764809227.866189,-0.550809005177021,1.1637100171297787,-0.03599310440123081,0.10771309584379196,-0.31627586483955383,0.9148756861686707,,,,,,
1764809227.872389,,,,,,,0.13845080137252808,-0.08775132894515991,-0.09265387058258057,-0.7181436419487,0.862207293510437,-0.858542263507843
1764809227.876241,-0.5855424649059772,0.9490879000231623,0.0718909317344427,0.12262306362390518,-0.29953834414482117,0.8531729578971863,,,,,,
1764809227.882419,,,,,,,0.1344318389892578,-0.07835501432418823,-0.11416096240282059,-0.6355752944946289,0.8183125257492065,-0.8110544085502625
1764809227.886293,-0.6344277841061353,0.8399141163378954,0.10596621981561183,0.14064601063728333,-0.3068931996822357,0.7807043194770813,,,,,,
1764809227.892449,,,,,,,0.12778395414352417,-0.052412986755371094,-0.11616969108581543,-0.5310289859771729,0.7754574418067932,-0.7458086013793945
1764809227.896346,-0.6937754606097937,0.7650003296509384,0.1408504861921072,0.12674936652183533,-0.2582801282405853,0.7279554009437561,,,,,,
1764809227.902479,,,,,,,0.1200476884841919,-0.04347282648086548,-0.13960695266723633,-0.39445623755455017,0.7328354120254517,-0.6407786011695862
1764809227.906398,-0.6596458119928836,0.7642796141609549,0.2806675376832485,0.11280559003353119,-0.2249160259962082,0.6715735793113708,,,,,,
1764809227.912509,,,,,,,0.11615198850631714,-0.08152061700820923,-0.16725152730941772,-0.2677708864212036,0.6636763215065002,-0.5481400489807129
1764809227.91645,-0.7226742228358983,0.6313187121748924,0.3363105144500732,0.12197315692901611,-0.20928403735160828,0.5855563879013062,,,,,,
1764809227.92254,,,,,,,0.11406248807907104,-0.10749059915542603,-0.17769384384155273,-0.22695155441761017,0.6099505424499512,-0.4831230044364929
1764809227.926502,-0.8946049069464206,0.5640908038154244,0.3456044124960899,0.12804488837718964,-0.17594657838344574,0.5110528469085693,,,,,,
1764809227.93257,,,,,,,0.11574071645736694,-0.13209450244903564,-0.19261115789413452,-0.21167084574699402,0.5410899519920349,-0.39515820145606995
1764809227.936554,-1.0110808303385972,0.6022191666796803,0.3501093226999044,0.12841714918613434,-0.1387062817811966,0.43817138671875,,,,,,
1764809227.9426,,,,,,,0.1254199743270874,-0.15366321802139282,-0.20175427198410034,-0.18217472732067108,0.4719977080821991,-0.2766357958316803
1764809227.946607,-0.997877065372467,0.5999255027845501,0.3577688975423574,0.12265140563249588,-0.09544403851032257,0.3587322235107422,,,,,,
1764809227.95263,,,,,,,0.13326513767242432,-0.16010010242462158,-0.22612345218658447,-0.10331574827432632,0.3818199038505554,-0.15053099393844604
1764809227.956659,-1.0474147110015153,0.5747372855141759,0.3373351813226938,0.11851396411657333,-0.05549531430006027,0.25575119256973267,,,,,,
1764809227.96266,,,,,,,0.1381300687789917,-0.1714709997177124,-0.2655801773071289,0.025645427405834198,0.27126142382621765,-0.024260414764285088
1764809227.966711,-1.2183949625194073,0.5010629774942994,0.2723942148566246,0.11926870793104172,-0.012887667864561081,0.12659107148647308,,,,,,
1764809227.972691,,,,,,,0.14568066596984863,-0.20322734117507935,-0.3123354911804199,0.16566933691501617,0.1346857100725174,0.11425451934337616
1764809227.976763,-1.3467004399150608,0.45958881133347745,0.16660335160791873,0.1322951316833496,0.016230016946792603,-0.022053370252251625,,,,,,
1764809227.982721,,,,,,,0.1556139588356018,-0.23482519388198853,-0.31843024492263794,0.23969990015029907,-0.013472854159772396,0.23945531249046326
1764809227.986815,-1.387846104773879,0.4689189497366547,0.14801672455966472,0.1399272233247757,0.03920990228652954,-0.16026024520397186,,,,,,
1764809227.992751,,,,,,,0.16101253032684326,-0.2506478428840637,-0.3025987148284912,0.2956952452659607,-0.14326228201389313,0.38632112741470337
1764809227.996867,-1.3280834177285432,0.52023412643224,0.18589900370836257,0.1511499583721161,0.06409253180027008,-0.28841909766197205,,,,,,
1764809228.002781,,,,,,,0.16608107089996338,-0.2487086057662964,-0.27115851640701294,0.33599206805229187,-0.28086885809898376,0.5457701683044434
1764809228.00692,-1.2456874585926532,0.5880757827758789,0.10638356844484806,0.17809660732746124,0.07916788756847382,-0.41976699233055115,,,,,,
1764809228.012811,,,,,,,0.1654297113418579,-0.23513150215148926,-0.228057861328125,0.34864547848701477,-0.4043034613132477,0.6805956363677979
1764809228.016972,-1.1608604729175567,0.7023050962850451,-0.03144961575269699,0.21622192859649658,0.1109529510140419,-0.5422684550285339,,,,,,
1764809228.022842,,,,,,,0.16487038135528564,-0.2339562177658081,-0.1903250813484192,0.3684801757335663,-0.5065536499023438,0.833311140537262
1764809228.027024,-1.084663368421793,0.8459148180574179,-0.11946166120469569,0.258181631565094,0.15131768584251404,-0.6546168327331543,,,,,,
1764809228.032872,,,,,,,0.1693185567855835,-0.24216705560684204,-0.16302835941314697,0.3891361951828003,-0.5967549085617065,0.9936660528182983
1764809228.037076,-1.1433832684159277,0.9777613290607928,-0.11271744764149189,0.3131769299507141,0.17061163485050201,-0.7647698521614075,,,,,,
1764809228.042902,,,,,,,0.17559051513671875,-0.23795628547668457,-0.1425144076347351,0.375750333070755,-0.6839273571968079,1.1317211389541626
1764809228.047128,-1.1719278103768824,1.0263152243494986,-0.12756897981464863,0.3672519028186798,0.18019182980060577,-0.8542925715446472,,,,,,
1764809228.052932,,,,,,,0.18295764923095703,-0.23904895782470703,-0.1536022424697876,0.41942960023880005,-0.7537184357643127,1.3013317584991455
1764809228.057181,-1.0412240396678447,1.054891915014386,-0.16093699640929698,0.42430001497268677,0.19451558589935303,-0.9517509937286377,,,,,,
1764809228.062962,,,,,,,0.18546193838119507,-0.24190753698349,-0.15740299224853516,0.46473875641822815,-0.8430600166320801,1.4500216245651245
1764809228.067233,-1.0570365258276462,1.0235887219950557,-0.2099579246878624,0.4879940450191498,0.1941280961036682,-1.0571157932281494,,,,,,
1764809228.072993,,,,,,,0.1817362904548645,-0.2455170750617981,-0.15524297952651978,0.4865260720252991,-0.902600884437561,1.5680049657821655
1764809228.077285,-1.0834592533290386,0.998984734353423,-0.22290742263197896,0.5422740578651428,0.1997874677181244,-1.1638182401657104,,,,,,
1764809228.083023,,,,,,,0.18266677856445312,-0.2574847340583801,-0.1587597131729126,0.5294677019119263,-0.9483784437179565,1.7258765697479248
1764809228.087337,-1.0693751983970403,0.9810983645290136,-0.21317571769058702,0.5883137583732605,0.2310606986284256,-1.251326322555542,,,,,,
1764809228.093053,,,,,,,0.18743717670440674,-0.26749247312545776,-0.18261098861694336,0.6040279269218445,-0.9997609853744507,1.9014414548873901
1764809228.097389,-1.1079483824193477,0.8763359675452113,-0.2437327685177326,0.6281180381774902,0.242915540933609,-1.3551216125488281,,,,,,
1764809228.103083,,,,,,,0.1873171329498291,-0.2693583369255066,-0.19103509187698364,0.6768581867218018,-1.0465668439865112,2.0361664295196533
1764809228.107441,-1.2844786692798138,0.6823623784527182,-0.2770107687413692,0.6992289423942566,0.21196241676807404,-1.5077245235443115,,,,,,
1764809228.113113,,,,,,,0.18321776390075684,-0.22923433780670166,-0.12388443201780319,0.6456232070922852,-1.089190125465393,2.065826416015625
1764809228.117494,-1.345502754563093,0.5276221908569335,-0.35355040306448937,0.7635012865066528,0.15453435480594635,-1.6624823808670044,,,,,,
1764809228.123144,,,,,,,0.19202715158462524,-0.1747807264328003,-0.06431853026151657,0.6237453818321228,-1.0854675769805908,2.1675055027008057
1764809228.127546,-0.9537801494926214,0.580803745946288,-0.29774902086555954,0.7881501317024231,0.17229869961738586,-1.7225669622421265,,,,,,
1764809228.133174,,,,,,,0.20633482933044434,-0.16747480630874634,-0.06985437124967575,0.6885086297988892,-1.1208343505859375,2.3571102619171143
1764809228.137598,-0.4873153149098158,0.7683759435638785,-0.26957740387022494,0.809840977191925,0.23395805060863495,-1.7360539436340332,,,,,,
1764809228.143204,,,,,,,0.192413330078125,-0.1841258406639099,-0.06479638814926147,0.6845548152923584,-1.1755008697509766,2.4661684036254883
1764809228.14765,-0.49007367370724675,0.7717547723472118,-0.26862346414625643,0.8474269509315491,0.24225033819675446,-1.7760947942733765,,,,,,
1764809228.153234,,,,,,,0.16636288166046143,-0.18201446533203125,-0.030535638332366943,0.5189077854156494,-1.1513891220092773,2.5023813247680664
1764809228.157702,-0.7227385202437638,0.6306783684447408,-0.17927111000120638,0.880794107913971,0.22544799745082855,-1.8303982019424438,,,,,,
1764809228.163264,,,,,,,0.1631225347518921,-0.17766153812408447,-0.03798948973417282,0.3734416961669922,-1.1151269674301147,2.591191053390503
1764809228.167754,-0.7584405327439308,0.5218345473662018,-0.11013619897663593,0.9014879465103149,0.23894356191158295,-1.8663277626037598,,,,,,
1764809228.173295,,,,,,,0.17960697412490845,-0.1915796399116516,-0.07137256115674973,0.34257474541664124,-1.135870337486267,2.7206156253814697
1764809228.177807,-0.6742717187166214,0.48517070409655566,-0.16307283939421177,0.9234243631362915,0.2514365613460541,-1.9042675495147705,,,,,,
1764809228.183325,,,,,,,0.1839953362941742,-0.1973482370376587,-0.09566055983304977,0.3636305034160614,-1.1702903509140015,2.8218648433685303
1764809228.187859,-0.6198123987764119,0.3586250759802759,-0.21039982323646544,0.9450849294662476,0.27082595229148865,-1.9702918529510498,,,,,,
1764809228.193355,,,,,,,0.17856255173683167,-0.20753347873687744,-0.11110526323318481,0.3846949636936188,-1.1805003881454468,2.8696608543395996
1764809228.197911,-0.688873660042882,0.19384280231967568,-0.24551263767182827,0.9830049276351929,0.23397155106067657,-2.060924768447876,,,,,,
1764809228.203385,,,,,,,0.17231568694114685,-0.18588143587112427,-0.06831181049346924,0.2827070951461792,-1.1893258094787598,2.8249359130859375
1764809228.207963,-0.6988485260903835,0.08392930618301034,-0.27087153533399105,1.0228079557418823,0.1430959701538086,-2.171760320663452,,,,,,
1764809228.213415,,,,,,,0.17902296781539917,-0.1214480996131897,0.011649250984191895,0.10220972448587418,-1.158751368522644,2.769191265106201
1764809228.218015,-0.529542345264554,-0.02651113643720746,-0.1754705486744642,1.0449934005737305,0.0263920109719038,-2.2483785152435303,,,,,,
1764809228.223446,,,,,,,0.19571533799171448,-0.017515361309051514,0.11054658889770508,-0.16110101342201233,-1.1580199003219604,2.6959729194641113
1764809228.228068,-0.13025427337586878,0.0887977890022099,-0.062115972173213956,1.035094141960144,-0.02957884594798088,-2.24834942817688,,,,,,
1764809228.233476,,,,,,,0.20835915207862854,0.08346915245056152,0.12997281551361084,-0.32333067059516907,-1.1463823318481445,2.7509050369262695
1764809228.23812,0.3309048560142517,0.2996766279272735,0.04025602254271507,0.990967333316803,0.026845503598451614,-2.156094789505005,,,,,,
1764809228.243506,,,,,,,0.21334928274154663,0.07459646463394165,0.06354355812072754,-0.21826975047588348,-1.1688309907913208,2.9298884868621826
1764809228.248172,0.5471563278883695,0.5595404470346867,0.02933306199014187,0.9461895227432251,0.16285260021686554,-2.036919593811035,,,,,,
1764809228.253536,,,,,,,0.19010457396507263,0.012456953525543213,-0.01818961277604103,-0.0288543701171875,-1.2071458101272583,3.068798303604126
1764809228.258224,0.3851502409428358,0.535386248987168,-0.09043313511908053,0.9203193187713623,0.2713232636451721,-1.9851359128952026,,,,,,
1764809228.263566,,,,,,,0.15289601683616638,-0.04733926057815552,-0.07591128349304199,0.12188081443309784,-1.1997151374816895,3.0669050216674805
1764809228.268276,-0.07218962242007256,0.2265214118780568,-0.04123801931738853,0.9276779294013977,0.2835695445537567,-2.0367720127105713,,,,,,
1764809228.273597,,,,,,,0.12161517143249512,-0.08836066722869873,-0.09213495254516602,0.1863703429698944,-1.169276237487793,2.963732957839966
1764809228.278328,-0.427054615214467,-0.06490514623401686,0.037846038791537286,0.9470927715301514,0.1812700629234314,-2.167771339416504,,,,,,
1764809228.283627,,,,,,,0.11505179107189178,-0.11217665672302246,-0.08810555934906006,0.16089507937431335,-1.1251490116119385,2.864783525466919
1764809228.288381,-0.43995852045118805,-0.29639839170789345,0.20854864241182802,0.9811780452728271,0.03976619243621826,-2.3121070861816406,,,,,,
1764809228.293657,,,,,,,0.12284067273139954,-0.11480212211608887,-0.027545630931854248,-0.13076023757457733,-1.1178278923034668,2.7179980278015137
1764809228.298433,-0.20459552087187766,-0.3776994865454733,0.07888648971021175,1.021175503730774,-0.10237284004688263,-2.419588804244995,,,,,,
1764809228.303687,,,,,,,0.13919997215270996,-0.10271948575973511,0.057414710521698,-0.6579098105430603,-1.1189531087875366,2.600329875946045
1764809228.308485,0.24575755234360694,-0.22316611010078338,0.051120530906319614,1.0432920455932617,-0.21045297384262085,-2.45210337638855,,,,,,
1764809228.313717,,,,,,,0.17108362913131714,-0.0869680643081665,0.1148066520690918,-1.1823196411132812,-1.0994752645492554,2.6166934967041016
