timestamp,phone_accel_x,phone_accel_y,phone_accel_z,phone_gyro_x,phone_gyro_y,phone_gyro_z,watch_accel_x,watch_accel_y,watch_accel_z,watch_gyro_x,watch_gyro_y,watch_gyro_z
1764809228.851303,0.3014154344186187,0.5803086559057236,-0.13085749996602533,0.5256661176681519,0.5620220899581909,-0.7083407044410706,,,,,,
1764809228.855348,,,,,,,0.0471196174621582,0.10910362005233765,0.05064922571182251,0.6656850576400757,0.34221893548965454,1.2309292554855347
1764809228.861355,0.8299246372431516,0.7155594223946332,-0.12223521757125853,0.5469615459442139,0.3586413264274597,-0.6549760103225708,,,,,,
1764809228.865378,,,,,,,0.039209187030792236,0.11938151717185974,0.0682951807975769,0.47374409437179565,0.3684667944908142,1.12749183177948
1764809228.871407,0.14606266788244246,0.46276773363053797,0.012754852154850959,0.558983325958252,0.20721933245658875,-0.6373885273933411,,,,,,
1764809228.875408,,,,,,,0.030974090099334717,0.12959083914756775,0.0833178460597992,0.35432419180870056,0.391683429479599,1.0135263204574585
1764809228.881459,0.09153437435925006,0.37642625173926353,0.08637889129221439,0.5568283796310425,0.13513632118701935,-0.5776457786560059,,,,,,
1764809228.885438,,,,,,,0.021764695644378662,0.13974320888519287,0.10076309740543365,0.24763822555541992,0.39558443427085876,0.8912765979766846
1764809228.891512,0.558850857335329,0.47856969839632507,-0.02611000829041004,0.5546475052833557,0.05524574965238571,-0.4782038629055023,,,,,,
1764809228.895469,,,,,,,0.01726400852203369,0.12554064393043518,0.11169278621673584,0.16630828380584717,0.4284054934978485,0.797672688961029
1764809228.901564,0.6971186335578561,0.519447067707777,-0.07394377261102199,0.5608739852905273,-0.03212516009807587,-0.36407560110092163,,,,,,
1764809228.905499,,,,,,,0.020554423332214355,0.12738195061683655,0.11432498693466187,0.08177342265844345,0.46361303329467773,0.7109242081642151
1764809228.911616,0.67934712228477,0.5443985536128282,-0.14341419920027254,0.582647979259491,-0.0971054956316948,-0.2581270933151245,,,,,,
1764809228.915529,,,,,,,0.020736515522003174,0.1578724980354309,0.10816438496112823,0.06769543886184692,0.4672658145427704,0.5786184668540955
1764809228.921668,0.5245025975316763,0.5484902068406343,-0.2857756744772196,0.6044667959213257,-0.127308189868927,-0.1799851953983307,,,,,,
1764809228.92556,,,,,,,0.003918290138244629,0.18669134378433228,0.09516443312168121,0.14207540452480316,0.4863436222076416,0.44267579913139343
1764809228.93172,0.21639789460748432,0.4603559963136911,-0.38603637612760067,0.6197178959846497,-0.1264125555753708,-0.13939756155014038,,,,,,
1764809228.93559,,,,,,,-0.011341392993927002,0.18970122933387756,0.09121435880661011,0.1820075660943985,0.5234816670417786,0.34566178917884827
1764809228.941772,-0.008266016303002834,0.38357495445013046,-0.3971516443818807,0.644813060760498,-0.07157596200704575,-0.10955490916967392,,,,,,
1764809228.945621,,,,,,,-0.021212100982666016,0.14686742424964905,0.10072846710681915,0.16816872358322144,0.5388845801353455,0.2868663966655731
1764809228.951825,-0.05836567972898483,0.3254974440127611,-0.3336222982794046,0.6735091805458069,0.02316572330892086,-0.07492662221193314,,,,,,
1764809228.95565,,,,,,,-0.03336411714553833,0.10253658890724182,0.09220105409622192,0.08764489740133286,0.5715879797935486,0.2108544260263443
1764809228.961877,-0.06893851166963577,0.20755846233069897,-0.38038872562944887,0.6784405708312988,0.10768984258174896,-0.024140862748026848,,,,,,
1764809228.96568,,,,,,,-0.03512239456176758,0.09238696098327637,0.08117502927780151,-0.0029198939446359873,0.6283258199691772,0.12469743937253952
1764809228.971929,-2.3380875587463377e-05,0.050128597259521485,-0.4001917427301407,0.6656538844108582,0.15579238533973694,0.04537137225270271,,,,,,
1764809228.97571,,,,,,,-0.018046975135803223,0.1022108793258667,0.06635940074920654,-0.06999436020851135,0.6583489775657654,0.06352683156728745
1764809228.981981,0.20352672259658575,-0.05008242003023624,-0.3863572786450386,0.6485313177108765,0.1650366187095642,0.11231614649295807,,,,,,
1764809228.985741,,,,,,,-0.0024871826171875,0.10396915674209595,0.05465114116668701,-0.095105841755867,0.641278088092804,0.0308194812387228
1764809228.992033,0.34805180564820765,-0.10899345868229865,-0.3839274211496114,0.6301968097686768,0.13952487707138062,0.1590956300497055,,,,,,
1764809228.995771,,,,,,,-0.0009420514106750488,0.0923852026462555,0.04763275384902954,-0.11019199341535568,0.6222045421600342,-0.002438472816720605
1764809229.002085,0.48732788213044403,-0.14243044885993003,-0.3978600849121809,0.6118908524513245,0.09248047322034836,0.1894223839044571,,,,,,
1764809229.005801,,,,,,,-0.008082687854766846,0.07414644956588745,0.04560273885726929,-0.13656660914421082,0.6189842224121094,-0.041742466390132904
1764809229.012138,0.6440218341425061,-0.12554127337932586,-0.42060967685878276,0.5896329283714294,0.016956951469182968,0.20043881237506866,,,,,,
1764809229.015831,,,,,,,-0.011278212070465088,0.05152454972267151,0.04658913612365723,-0.16748403012752533,0.618115246295929,-0.07895195484161377
1764809229.02219,0.742087656097114,-0.11712123555839062,-0.44155777234137056,0.5744809508323669,-0.07607949525117874,0.20375512540340424,,,,,,
1764809229.025861,,,,,,,-0.009419441223144531,0.03469941020011902,0.04813086986541748,-0.19487810134887695,0.6078500747680664,-0.10408926755189896
1764809229.032242,0.856414292500913,-0.099319036886096,-0.4375567200064659,0.5679237246513367,-0.16553747653961182,0.19995452463626862,,,,,,
1764809229.035892,,,,,,,-0.00749891996383667,0.019031018018722534,0.053147971630096436,-0.22213056683540344,0.5879682898521423,-0.11564592272043228
1764809229.042294,0.890514130501449,-0.08215981229245663,-0.4064081330269575,0.5667575001716614,-0.24092747271060944,0.18639253079891205,,,,,,
1764809229.045921,,,,,,,-0.012692809104919434,0.004912763833999634,0.05265176296234131,-0.2569500505924225,0.5711490511894226,-0.1236516535282135
1764809229.052346,0.8033788678839803,-0.08877250843048096,-0.3919382936477661,0.564175009727478,-0.3136829137802124,0.1697525680065155,,,,,,
1764809229.055953,,,,,,,-0.015568017959594727,-0.006848037242889404,0.05389326810836792,-0.31559669971466064,0.5666059851646423,-0.12461944669485092
1764809229.062398,0.7070847317770123,-0.05720715734362602,-0.3640045770615339,0.5725991725921631,-0.3779890239238739,0.15719401836395264,,,,,,
1764809229.065983,,,,,,,-0.016561150550842285,-0.023111015558242798,0.06255757808685303,-0.3835536241531372,0.5628751516342163,-0.10311973839998245
1764809229.07245,0.6349786959871649,-0.023072832551598546,-0.3292266936689615,0.6067933440208435,-0.40020322799682617,0.1443202942609787,,,,,,
1764809229.076012,,,,,,,-0.030002355575561523,-0.03799229860305786,0.06673842668533325,-0.4355604648590088,0.5451670289039612,-0.06237757205963135
1764809229.082503,0.5332908841431141,-0.06283785670697689,-0.19675971267968415,0.6470734477043152,-0.3828546702861786,0.130205899477005,,,,,,
1764809229.086042,,,,,,,-0.05175882577896118,-0.036309272050857544,0.05270181596279144,-0.47899129986763,0.5624061822891235,-0.03743147850036621
1764809229.092555,0.30293899072408675,-0.15383096379637717,-0.10723726266473531,0.6718820929527283,-0.35449492931365967,0.11493027210235596,,,,,,
1764809229.096072,,,,,,,-0.06256103515625,-0.01948922872543335,0.03832651674747467,-0.46813154220581055,0.6206737160682678,-0.003991096280515194
1764809229.102607,0.1213593115195632,-0.23275427838563917,-0.0021340894192457198,0.6847060322761536,-0.30631861090660095,0.10570934414863586,,,,,,
1764809229.106103,,,,,,,-0.05337214469909668,0.003112584352493286,0.016203805804252625,-0.4169434607028961,0.6571329236030579,0.03897074982523918
1764809229.112659,0.046425943349301814,-0.26695056249797344,0.12053250530660152,0.6841912269592285,-0.261069118976593,0.09784689545631409,,,,,,
1764809229.116133,,,,,,,-0.03357076644897461,0.02686789631843567,-0.014073446393013,-0.33502334356307983,0.6654611825942993,0.07708431780338287
1764809229.122711,-0.03441664886474609,-0.2988631195873022,0.14600859960764645,0.6640549302101135,-0.22837458550930023,0.08585631102323532,,,,,,
1764809229.126163,,,,,,,-0.013830780982971191,0.03887385129928589,-0.03637552261352539,-0.236140176653862,0.6590389609336853,0.11483622342348099
1764809229.132763,-0.021518004325032234,-0.32538463128805156,0.1333306120812893,0.6373569965362549,-0.1973724514245987,0.07446383684873581,,,,,,
1764809229.136194,,,,,,,-3.635883331298828e-05,0.03870517015457153,-0.05021190643310547,-0.15696828067302704,0.6398373246192932,0.1494736224412918
1764809229.142816,0.132613111461699,-0.3267033126711845,0.10328472564667462,0.6123902797698975,-0.18398258090019226,0.05570876598358154,,,,,,
1764809229.146224,,,,,,,0.008462190628051758,0.024554461240768433,-0.05412732809782028,-0.12167660146951675,0.6166681051254272,0.17883871495723724
1764809229.152868,0.31595161703228947,-0.29681320132017136,0.07728022355735302,0.593447744846344,-0.18636664748191833,0.03551561385393143,,,,,,
1764809229.156255,,,,,,,0.012961030006408691,-0.0018826425075531006,-0.040246784687042236,-0.14168681204319,0.5958642959594727,0.2058115303516388
1764809229.16292,0.4965861243411898,-0.20589958920776844,0.12104337743818759,0.5829371809959412,-0.20534442365169525,0.010907858610153198,,,,,,
1764809229.166285,,,,,,,0.012991249561309814,-0.02689078450202942,-0.028026461601257324,-0.20013681054115295,0.5768194794654846,0.23011793196201324
1764809229.172972,0.567165096694231,-0.09618249242603778,0.19589520480483769,0.5854554772377014,-0.2506546378135681,-0.012145794928073883,,,,,,
1764809229.176314,,,,,,,0.013131380081176758,-0.03816872835159302,-0.02134251594543457,-0.2813616991043091,0.563042163848877,0.24955222010612488
1764809229.183024,0.5527572166353464,0.004900631523132324,0.2632537538066506,0.5955714583396912,-0.3114177882671356,-0.033812567591667175,,,,,,
1764809229.186344,,,,,,,0.012677192687988281,-0.03253212571144104,-0.012688525021076202,-0.3531123101711273,0.5552505254745483,0.26882579922676086
1764809229.193076,0.4601899920970201,0.06217325531840324,0.38384383451938625,0.6188507080078125,-0.35376712679862976,-0.04689374566078186,,,,,,
1764809229.196374,,,,,,,0.009674489498138428,-0.012763172388076782,-0.02587902545928955,-0.3827996551990509,0.5408377647399902,0.28350546956062317
1764809229.203128,0.28248452397733925,0.08722410994470119,0.5256362777367234,0.6281002759933472,-0.37569931149482727,-0.06074126437306404,,,,,,
1764809229.206405,,,,,,,0.005426228046417236,0.017294704914093018,-0.05367422103881836,-0.36656609177589417,0.5415339469909668,0.28937721252441406
1764809229.213181,-0.00888268689662218,0.03310439722239971,0.5889294769957661,0.6164902448654175,-0.3871586322784424,-0.07185916602611542,,,,,,
1764809229.216435,,,,,,,0.010035157203674316,0.04263019561767578,-0.0751996636390686,-0.3062274158000946,0.5515103936195374,0.2923271059989929
1764809229.223233,-0.24056495213657617,-0.03835632640123367,0.622592969405651,0.5878483653068542,-0.36270084977149963,-0.0733228474855423,,,,,,
1764809229.226465,,,,,,,0.024775981903076172,0.05582907795906067,-0.08713817596435547,-0.2208573967218399,0.5443224906921387,0.2931835949420929
1764809229.233285,-0.3058011021569371,-0.04563303940594196,0.6186375097781419,0.5624106526374817,-0.31302863359451294,-0.07387837767601013,,,,,,
1764809229.236496,,,,,,,0.03730177879333496,0.056189507246017456,-0.0903710126876831,-0.1423344612121582,0.5249173641204834,0.3008844554424286
1764809229.243337,-0.3488245435863733,-0.0239636439114809,0.5666936797901988,0.5402343273162842,-0.247846782207489,-0.07248622179031372,,,,,,
1764809229.246526,,,,,,,0.042487144470214844,0.04725489020347595,-0.08609813451766968,-0.1024235188961029,0.5040901303291321,0.3003486096858978
1764809229.253389,-0.33548516954183577,0.044286885493993754,0.5176955478653311,0.5256932377815247,-0.19377130270004272,-0.07322604954242706,,,,,,
1764809229.256557,,,,,,,0.04435229301452637,0.032972484827041626,-0.07518690824508667,-0.09773147851228714,0.4935309886932373,0.29671379923820496
1764809229.263441,-0.2625298234462738,0.1865513301372528,0.48197804553508755,0.540075421333313,-0.14403876662254333,-0.069891557097435,,,,,,
1764809229.266587,,,,,,,0.04006004333496094,0.01906752586364746,-0.05720574036240578,-0.08353176712989807,0.4807688295841217,0.3160640597343445
1764809229.273494,-0.15050649554878473,0.3018155396521091,0.5503890261992812,0.5776025652885437,-0.07541710138320923,-0.06644488871097565,,,,,,
1764809229.276616,,,,,,,0.018979549407958984,0.023613929748535156,-0.04932522773742676,-0.055035412311553955,0.4671718180179596,0.331637442111969
1764809229.283546,-0.17057313202172517,0.300364756321907,0.678446374052763,0.6029736399650574,-0.0031142658554017544,-0.06136566027998924,,,,,,
1764809229.286646,,,,,,,-0.007446646690368652,0.048293888568878174,-0.0571213960647583,0.019036151468753815,0.4899311661720276,0.33534935116767883
1764809229.293598,-0.30214111834466456,0.19165479075610636,0.7776324322089553,0.603977382183075,0.06045139208436012,-0.035210222005844116,,,,,,
1764809229.296676,,,,,,,-0.018344521522521973,0.08329236507415771,-0.07711786031723022,0.121368408203125,0.5260415077209473,0.3236928880214691
1764809229.30365,-0.2998211509644985,0.09267594560980796,0.8588990950539708,0.5771983861923218,0.09657858312129974,0.010183501057326794,,,,,,
1764809229.306707,,,,,,,-0.004609465599060059,0.1158018410205841,-0.09859412908554077,0.22924961149692535,0.5505638718605042,0.3005470931529999
1764809229.313702,-0.24030367085188625,-0.012601122897863387,0.8563289523050188,0.5333645939826965,0.10509750247001648,0.06330211460590363,,,,,,
1764809229.316738,,,,,,,0.028738737106323242,0.128743976354599,-0.1130683422088623,0.30694907903671265,0.5524888038635254,0.2700483202934265
1764809229.323754,-0.19541940398663282,-0.09962181922495364,0.7895482031911611,0.4857717454433441,0.09426083415746689,0.10313491523265839,,,,,,
1764809229.326767,,,,,,,0.06203728914260864,0.10934662818908691,-0.1172865629196167,0.33887746930122375,0.533237099647522,0.23218588531017303
1764809229.333806,-0.17759119409024715,-0.08029752555191516,0.7365013803973793,0.44296303391456604,0.08019774407148361,0.1291276216506958,,,,,,
1764809229.336797,,,,,,,0.07632654905319214,0.07843270897865295,-0.10183638334274292,0.31447961926460266,0.5003747344017029,0.1895655244588852
1764809229.343859,-0.1908583796814084,0.0902864201247692,0.7187357143431902,0.41581854224205017,0.06473585963249207,0.14618226885795593,,,,,,
1764809229.346828,,,,,,,0.06831669807434082,0.06072083115577698,-0.08426403999328613,0.2587846517562866,0.4733721613883972,0.14059105515480042
1764809229.353911,-0.20777999612689016,0.275976164996624,0.6772109870389104,0.4041472375392914,0.05581267550587654,0.16068556904792786,,,,,,
1764809229.356858,,,,,,,0.05068248510360718,0.06078386306762695,-0.06813454627990723,0.20664550364017487,0.46630120277404785,0.08114510029554367
1764809229.363963,-0.22609920441061257,0.37191257370710373,0.5916454579561948,0.3954968750476837,0.04444499686360359,0.18158653378486633,,,,,,
1764809229.366889,,,,,,,0.04238307476043701,0.06881368160247803,-0.06194889545440674,0.1630311757326126,0.4662362337112427,0.011620620265603065
1764809229.374015,-0.22575755136609077,0.4213338994801044,0.5254147439405322,0.3983727991580963,0.03547094389796257,0.2052822858095169,,,,,,
1764809229.376919,,,,,,,0.043604373931884766,0.07238245010375977,-0.05912148952484131,0.13256609439849854,0.4531625211238861,-0.0492045134305954
1764809229.384067,-0.21706395730078218,0.39536476096510886,0.5173205770730972,0.3970402181148529,0.03286787122488022,0.2332441508769989,,,,,,
1764809229.386948,,,,,,,0.05022537708282471,0.07142338156700134,-0.06703042984008789,0.11443610489368439,0.43302449584007263,-0.1029076874256134
1764809229.394119,-0.2657324188798666,0.33499300211071964,0.5380433393672108,0.38521578907966614,0.02669360116124153,0.2593444883823395,,,,,,
1764809229.396978,,,,,,,0.049943506717681885,0.06805768609046936,-0.08002471923828125,0.11480316519737244,0.41154876351356506,-0.1461101621389389
1764809229.404172,-0.3979942326858639,0.26641280235946174,0.5928937044516206,0.3597950041294098,0.022334089502692223,0.29018720984458923,,,,,,
1764809229.407007,,,,,,,0.045776546001434326,0.06579169631004333,-0.090087890625,0.12259717285633087,0.39690589904785156,-0.1912454068660736
1764809229.414224,-0.47722880518138405,0.15380466031134127,0.6233993173524737,0.3255656659603119,0.01049367617815733,0.31925830245018005,,,,,,
1764809229.417038,,,,,,,0.0387759804725647,0.05874359607696533,-0.093650221824646,0.10399274528026581,0.382936030626297,-0.2342711091041565
1764809229.424276,-0.4442638164296746,0.06487900714576245,0.6066381521657109,0.2970063090324402,0.004921937361359596,0.34295210242271423,,,,,,
1764809229.427068,,,,,,,0.036399245262145996,0.03608712553977966,-0.09238767623901367,0.06459394097328186,0.37191611528396606,-0.272488534450531
1764809229.434328,-0.38846009614318605,0.033251112216711044,0.5628676917612553,0.2708154320716858,-0.002254482824355364,0.35575446486473083,,,,,,
1764809229.437098,,,,,,,0.03755843639373779,0.008383870124816895,-0.08974754810333252,0.013738712295889854,0.3632240891456604,-0.3007641136646271
1764809229.44438,-0.3518959138557315,0.04835398880243301,0.5250631540238857,0.2520398199558258,-0.012662394903600216,0.3588614761829376,,,,,,
1764809229.447128,,,,,,,0.038435161113739014,-0.007996350526809692,-0.0839688777923584,-0.04551688954234123,0.35004037618637085,-0.32024165987968445
1764809229.454432,-0.30528759967684743,0.07567921810150147,0.47920142042860386,0.23391570150852203,-0.030243784189224243,0.35199102759361267,,,,,,
1764809229.457158,,,,,,,0.03679203987121582,-0.013772934675216675,-0.07881903648376465,-0.08735375106334686,0.32693320512771606,-0.3304852545261383
1764809229.464484,-0.23954086978584527,0.08470774320960045,0.4141990791641175,0.21578888595104218,-0.0538320392370224,0.33773699402809143,,,,,,
1764809229.467189,,,,,,,0.03483152389526367,-0.014785706996917725,-0.07890462875366211,-0.10748805105686188,0.3065624237060547,-0.3319425582885742
1764809229.474537,-0.15095365479439496,0.07626373999118805,0.36799510800242424,0.19834011793136597,-0.08223412185907364,0.3250028192996979,,,,,,
1764809229.477219,,,,,,,0.03258204460144043,-0.015092968940734863,-0.07792067527770996,-0.1146540492773056,0.2813239097595215,-0.3254561424255371
1764809229.484589,-0.056447571147978305,0.056197688040137285,0.31417817761898037,0.1776857078075409,-0.11080051958560944,0.3057628273963928,,,,,,
1764809229.487249,,,,,,,0.03098738193511963,-0.021644264459609985,-0.07565485686063766,-0.1107405349612236,0.2500282824039459,-0.3144753873348236
1764809229.494641,0.020931436608731747,0.02586509361863136,0.25737784751057624,0.15450263023376465,-0.14227774739265442,0.28732070326805115,,,,,,
1764809229.497279,,,,,,,0.030921459197998047,-0.02720579504966736,-0.07087552547454834,-0.11392171680927277,0.2239178568124771,-0.2976008355617523
1764809229.504693,0.07601648723185062,0.013282675421237945,0.24134441207647322,0.13984134793281555,-0.1744082123041153,0.2699640691280365,,,,,,
1764809229.507309,,,,,,,0.03050053119659424,-0.03682711720466614,-0.060727596282958984,-0.12326035648584366,0.1918877512216568,-0.26921018958091736
1764809229.514745,0.11125438935160636,0.04055646679401397,0.2129547684162855,0.1327568143606186,-0.20294424891471863,0.25260424613952637,,,,,,
1764809229.51734,,,,,,,0.024505257606506348,-0.04468664526939392,-0.05592692270874977,-0.13280273973941803,0.16055752336978912,-0.24298496544361115
1764809229.524797,0.06275222425013781,0.026896190232038496,0.2104723039507866,0.1255980283021927,-0.227132186293602,0.2319854497909546,,,,,,
1764809229.52737,,,,,,,0.015055298805236816,-0.045305848121643066,-0.05519306659698486,-0.13733063638210297,0.1429433822631836,-0.21642260253429413
1764809229.534849,-0.03813011642992496,-0.029985388419032095,0.21752514507174492,0.11679014563560486,-0.2435537725687027,0.2119036167860031,,,,,,
1764809229.5374,,,,,,,0.0060274600982666016,-0.04267680644989014,-0.053488366305828094,-0.1395634412765503,0.13801999390125275,-0.19410477578639984
1764809229.544902,-0.12455109329819679,-0.08442658818066119,0.21832550166919826,0.1048278957605362,-0.2538720369338989,0.19257771968841553,,,,,,
1764809229.547431,,,,,,,0.0036281943321228027,-0.0402713418006897,-0.0561516210436821,-0.13281205296516418,0.1335083395242691,-0.17418858408927917
1764809229.554954,-0.23125673330426214,-0.1267769526541233,0.2118785174869001,0.08905373513698578,-0.2538888156414032,0.1706516444683075,,,,,,
1764809229.55746,,,,,,,0.006491243839263916,-0.039234310388565063,-0.06008148193359375,-0.11493824422359467,0.12110226601362228,-0.15232430398464203
1764809229.565006,-0.3361179144874215,-0.15696926182210444,0.1770481732547283,0.06981096416711807,-0.24539367854595184,0.1523851752281189,,,,,,
1764809229.567491,,,,,,,0.0076520442962646484,-0.037521034479141235,-0.061080701649188995,-0.09953323751688004,0.10530279576778412,-0.13498461246490479
1764809229.575058,-0.3634641865745187,-0.1382879422277212,0.1357414726153016,0.05342000722885132,-0.2297593355178833,0.13421496748924255,,,,,,
1764809229.577521,,,,,,,0.008340656757354736,-0.03980258107185364,-0.05586696416139603,-0.11401481926441193,0.08791288733482361,-0.130508154630661
1764809229.58511,-0.3626347500130534,-0.078091539940238,0.11113894627839326,0.04555739462375641,-0.21449577808380127,0.12244577705860138,,,,,,
1764809229.587551,,,,,,,0.009701550006866455,-0.04554674029350281,-0.049234382808208466,-0.13779550790786743,0.07688473910093307,-0.11644373834133148
1764809229.595162,-0.36052930216640233,-0.02673310862481594,0.07189034721255302,0.04461783170700073,-0.2032516449689865,0.11029057949781418,,,,,,
1764809229.597581,,,,,,,0.00929117202758789,-0.04852399230003357,-0.04289805889129639,-0.16334286332130432,0.07411904633045197,-0.0991026982665062
1764809229.605214,-0.34044980621188875,0.0010024550408124922,0.07453706232905387,0.04001178219914436,-0.19976352155208588,0.10084350407123566,,,,,,
1764809229.607611,,,,,,,0.010769367218017578,-0.042901694774627686,-0.039512038230895996,-0.1801127940416336,0.06473512947559357,-0.08691234141588211
1764809229.615267,-0.32391134386509657,0.009788403564691543,0.07476254164800047,0.035390131175518036,-0.20867951214313507,0.0908001959323883,,,,,,
1764809229.617641,,,,,,,0.012565195560455322,-0.035781145095825195,-0.03531598299741745,-0.18287241458892822,0.05045446380972862,-0.0787343755364418
1764809229.625319,-0.2969824204072356,0.009750409641861916,0.08020794757232069,0.03547302260994911,-0.21446889638900757,0.08095256239175797,,,,,,
1764809229.627672,,,,,,,0.011419057846069336,-0.03043845295906067,-0.028794877231121063,-0.15939851105213165,0.045289795845746994,-0.07131214439868927
1764809229.635371,-0.2763394453510642,0.03029109336733818,0.10359861390143632,0.04248778894543648,-0.20103803277015686,0.07386322319507599,,,,,,
1764809229.637702,,,,,,,0.003781914710998535,-0.02179497480392456,-0.02592146396636963,-0.12337640672922134,0.04262050986289978,-0.056870557367801666
1764809229.645423,-0.30633330933749675,0.05101005626916885,0.1380900815680623,0.05116308853030205,-0.17935733497142792,0.06979047507047653,,,,,,
1764809229.647732,,,,,,,-0.0013718605041503906,-0.009404659271240234,-0.024386167526245117,-0.08503647148609161,0.04666585102677345,-0.05212746560573578
1764809229.655475,-0.39429625495076176,0.043892333218455315,0.14891396566033363,0.05539005622267723,-0.15342293679714203,0.07460680603981018,,,,,,
1764809229.657762,,,,,,,-0.0029318928718566895,-0.0050432682037353516,-0.027087800204753876,-0.037385426461696625,0.060706302523612976,-0.047676924616098404
1764809229.665527,-0.48647418791055674,0.04695230531096458,0.17983517362475393,0.058881305158138275,-0.12159085273742676,0.0842207595705986,,,,,,
1764809229.667792,,,,,,,0.0022903084754943848,-0.0035477280616760254,-0.0285489559173584,0.003986782860010862,0.07741869986057281,-0.03927145525813103
1764809229.67558,-0.5349035800367593,0.09096446551680565,0.1893523590326309,0.06601538509130478,-0.06637713313102722,0.0936957523226738,,,,,,
1764809229.677823,,,,,,,0.012099206447601318,-0.0028606653213500977,-0.0300067737698555,0.029916351661086082,0.08423452824354172,-0.03427916020154953
1764809229.685632,-0.6176622350051999,0.11417758332192897,0.1953977766767144,0.08054233342409134,0.005616731941699982,0.09564277529716492,,,,,,
1764809229.687853,,,,,,,0.01211315393447876,-0.0075678229331970215,-0.03320075571537018,0.0613003708422184,0.0932312160730362,-0.032620277255773544
1764809229.695684,-0.7152993101537227,0.1459825883835554,0.21873276729583738,0.09804489463567734,0.09694398194551468,0.09866838902235031,,,,,,
1764809229.697883,,,,,,,0.00831836462020874,-0.004919975996017456,-0.0334329679608345,0.1118980273604393,0.11341265588998795,-0.0271089319139719
1764809229.705736,-0.7890887689858674,0.17619126416444778,0.2688892754755914,0.11426795274019241,0.19193977117538452,0.10155928879976273,,,,,,
1764809229.707913,,,,,,,0.0020871758460998535,0.011554032564163208,-0.038832902908325195,0.17852818965911865,0.1343187391757965,-0.02698615938425064
1764809229.715788,-0.8654507086545229,0.1553290933996439,0.30379356172680855,0.1154453381896019,0.26877835392951965,0.1085684671998024,,,,,,
1764809229.717943,,,,,,,-0.00033861398696899414,0.025257974863052368,-0.05231916904449463,0.25228622555732727,0.15887734293937683,-0.03013687953352928
1764809229.72584,-0.8495937988311052,0.0730237351566553,0.31321590845808384,0.10363997519016266,0.3132334053516388,0.12207901477813721,,,,,,
1764809229.727974,,,,,,,0.007030963897705078,0.028129011392593384,-0.062479257583618164,0.321153461933136,0.17621132731437683,-0.03309591859579086
1764809229.735892,-0.733467711789906,0.02625204710960388,0.3081450349345803,0.08526630699634552,0.3355914354324341,0.13244350254535675,,,,,,
1764809229.738004,,,,,,,0.023362278938293457,0.015989303588867188,-0.06268168240785599,0.36975160241127014,0.1761292964220047,-0.03454534336924553
1764809229.745944,-0.5391770195722579,0.040869770526885986,0.2976692336276173,0.07208786904811859,0.3415944278240204,0.13998529314994812,,,,,,
1764809229.748034,,,,,,,0.03435230255126953,-0.0017801523208618164,-0.0602567121386528,0.3933487832546234,0.15925072133541107,-0.042998217046260834
1764809229.755997,-0.31263913148343564,0.10848492463827132,0.28106968874335286,0.05734860524535179,0.31808191537857056,0.13977330923080444,,,,,,
1764809229.758064,,,,,,,0.03483659029006958,-0.012861788272857666,-0.05393338203430176,0.3973528742790222,0.14535513520240784,-0.05085394158959389
1764809229.766049,-0.11357260316610336,0.1705038661777973,0.2522666419766843,0.0476604588329792,0.2605366110801697,0.13852104544639587,,,,,,
1764809229.768094,,,,,,,0.033209919929504395,-0.016749590635299683,-0.05108331888914108,0.377005010843277,0.12369778007268906,-0.05983305722475052
1764809229.776101,0.022583295468986034,0.1983773770093918,0.22007453729361295,0.04005979746580124,0.18159866333007812,0.13173025846481323,,,,,,
1764809229.778125,,,,,,,0.031407952308654785,-0.019668608903884888,-0.045259714126586914,0.320794016122818,0.09356570988893509,-0.06675807386636734
1764809229.786153,0.09582476502954959,0.17410627458393574,0.20458485334739088,0.027376271784305573,0.1030932143330574,0.12072804570198059,,,,,,
1764809229.788155,,,,,,,0.029474616050720215,-0.03208497166633606,-0.04118776321411133,0.24240148067474365,0.06594260782003403,-0.07570230215787888
1764809229.796205,0.11124474474042653,0.13620003003776074,0.2030105897679925,0.015155558474361897,0.037443891167640686,0.10812357068061829,,,,,,
1764809229.798186,,,,,,,0.027952134609222412,-0.04177957773208618,-0.0389789342880249,0.14695397019386292,0.04190145432949066,-0.08367287367582321
1764809229.806257,0.08129822702705859,0.08067395764887332,0.1665416845485568,0.0024961174931377172,-0.01664908416569233,0.09349469840526581,,,,,,
1764809229.808215,,,,,,,0.02508312463760376,-0.04720398783683777,-0.039612412452697754,0.03710683435201645,0.01620647683739662,-0.09091933816671371
1764809229.816309,0.0536547255590558,0.0287391877502203,0.12474603134840725,-0.01020742766559124,-0.054120030254125595,0.07758977264165878,,,,,,
1764809229.818245,,,,,,,0.021436870098114014,-0.04908031225204468,-0.04220020771026611,-0.06224578991532326,-0.009324181824922562,-0.09567081928253174
1764809229.826362,-0.019869360335171223,-0.018954291316866875,0.1187596504151821,-0.026569560170173645,-0.08410871028900146,0.062269244343042374,,,,,,
1764809229.828276,,,,,,,0.015112042427062988,-0.045699119567871094,-0.04286874085664749,-0.1296842098236084,-0.02525201439857483,-0.09721864759922028
1764809229.836414,-0.08956862724423408,-0.045858664855360984,0.10851678108125924,-0.04189978167414665,-0.10157638043165207,0.04972575977444649,,,,,,
1764809229.838306,,,,,,,0.011456131935119629,-0.032130539417266846,-0.04146468639373779,-0.16573938727378845,-0.03909299522638321,-0.09428996592760086
1764809229.846466,-0.08188362569957972,-0.07608195368349552,0.10322188954353331,-0.055206552147865295,-0.10808327794075012,0.03657062351703644,,,,,,
1764809229.848336,,,,,,,0.006184577941894531,-0.01705184578895569,-0.04104744642972946,-0.16629493236541748,-0.05848906561732292,-0.08501044660806656
1764809229.856518,-0.0747080349817872,-0.10641747071444987,0.07381298583820461,-0.06687146425247192,-0.11010940372943878,0.021558118984103203,,,,,,
1764809229.858366,,,,,,,0.00372922420501709,-0.008863717317581177,-0.038921721279621124,-0.14101094007492065,-0.07654157280921936,-0.07028336822986603
1764809229.86657,-0.06747896051108837,-0.09618775312304496,0.0486029951274395,-0.0789836198091507,-0.11043886840343475,0.00949911866337061,,,,,,
1764809229.868396,,,,,,,0.0009145140647888184,-0.011028826236724854,-0.03542972356081009,-0.11780788004398346,-0.085237056016922,-0.051501158624887466
1764809229.876622,-0.046944414265453815,-0.07013210536837577,0.030604104839265345,-0.08295226097106934,-0.10646569728851318,-0.005005255341529846,,,,,,
1764809229.878426,,,,,,,7.987022399902344e-06,-0.014296025037765503,-0.02919602394104004,-0.10433434695005417,-0.0930425152182579,-0.03209337219595909
1764809229.886674,-0.032734979388117785,-0.08196750459074974,0.025593583200871944,-0.08181238919496536,-0.10452892631292343,-0.017786376178264618,,,,,,
1764809229.888457,,,,,,,-0.0029601454734802246,-0.01816311478614807,-0.018609412014484406,-0.09435787796974182,-0.09710437059402466,-0.01394632551819086
1764809229.896727,-0.02584814248383045,-0.06456628793478011,0.04341828596591949,-0.07598299533128738,-0.09429705888032913,-0.028138350695371628,,,,,,
1764809229.898487,,,,,,,-0.0068201422691345215,-0.016637563705444336,-0.010063298046588898,-0.07654513418674469,-0.09779120236635208,0.004958390258252621
1764809229.906779,-0.04737929855138063,-0.025749942806363103,0.06783800308182836,-0.0718390941619873,-0.08259139955043793,-0.0352618545293808,,,,,,
1764809229.908517,,,,,,,-0.011957347393035889,-0.007487475872039795,-0.008544564247131348,-0.05212447792291641,-0.0913412868976593,0.017549550160765648
1764809229.916831,-0.11315145514458418,-0.005596212571859359,0.08947466535046696,-0.06682275980710983,-0.07128947973251343,-0.03612472116947174,,,,,,
1764809229.918547,,,,,,,-0.01306849718093872,7.966160774230957e-05,-0.007926702499389648,-0.026143962517380714,-0.08199812471866608,0.03239966928958893
1764809229.926883,-0.16398469354212283,0.0026689269483089447,0.0598830985546112,-0.06570381671190262,-0.05458967015147209,-0.035811033099889755,,,,,,
1764809229.928577,,,,,,,-0.006952762603759766,0.001949995756149292,-0.008081793785095215,-0.008463768288493156,-0.0763373076915741,0.040206991136074066
1764809229.936935,-0.16757336568385361,-0.02476151629090309,0.005403320348262786,-0.0646020695567131,-0.030827615410089493,-0.03913199529051781,,,,,,
1764809229.938608,,,,,,,-0.003894507884979248,-0.0025131404399871826,-0.008665688335895538,-0.00686170207336545,-0.07114334404468536,0.042167942970991135
1764809229.946987,-0.18028408643603325,-0.050856911534070966,-0.040353053176403045,-0.06543920189142227,-0.01092199981212616,-0.039310283958911896,,,,,,
1764809229.948638,,,,,,,-0.002253115177154541,-0.004112213850021362,-0.004515759646892548,-0.009904364123940468,-0.06587614119052887,0.04238099604845047
1764809229.957039,-0.17449176677018402,-0.019027941074967383,-0.06749912651628255,-0.06530098617076874,-0.005346672143787146,-0.04173003509640694,,,,,,
1764809229.958668,,,,,,,-0.002897799015045166,-0.00024190545082092285,0.00014138966798782349,-0.011972108855843544,-0.06527506560087204,0.04033868387341499
1764809229.967092,-0.16810557286441324,0.008954875349998474,-0.07200871289521456,-0.059416890144348145,-0.009843825362622738,-0.044801242649555206,,,,,,
1764809229.968698,,,,,,,-0.0034813880920410156,0.0036258697509765625,0.007833123207092285,-0.017519738525152206,-0.0680500790476799,0.03646085411310196
1764809229.977144,-0.12745733613371849,0.05106850845813751,-0.08246464045792817,-0.05717184394598007,-0.018050888553261757,-0.04302145168185234,,,,,,
1764809229.978728,,,,,,,-0.004090368747711182,0.0006110668182373047,0.011613845825195312,-0.024337053298950195,-0.06881867349147797,0.031555380672216415
1764809229.987196,-0.0801695152580738,0.07126257070302963,-0.09263941299170256,-0.04988459125161171,-0.02664170227944851,-0.042611487209796906,,,,,,
1764809229.988759,,,,,,,-0.0027365684509277344,-0.005070030689239502,0.014434456825256348,-0.03268233686685562,-0.06811586022377014,0.027353977784514427
1764809229.997248,-0.02513970195353031,0.062413493815064426,-0.12395868036299944,-0.042764630168676376,-0.0375412218272686,-0.04384426400065422,,,,,,
1764809229.998789,,,,,,,-0.0019096732139587402,-0.005309939384460449,0.015087850391864777,-0.04642634838819504,-0.07015611231327057,0.022071797400712967
1764809230.0073,0.023630466434359548,0.06354629723727703,-0.12718582571595907,-0.037063490599393845,-0.051203109323978424,-0.0432451069355011,,,,,,
1764809230.008819,,,,,,,-0.0024048686027526855,-0.004192769527435303,0.014956116676330566,-0.05835331603884697,-0.06558878719806671,0.02347874455153942
1764809230.017352,0.04372369865328073,0.07703238627612591,-0.10386632492691278,-0.03240881860256195,-0.06455833464860916,-0.04371621832251549,,,,,,
1764809230.018849,,,,,,,-0.0018818378448486328,-0.0019892454147338867,0.015333294868469238,-0.06701282411813736,-0.06353122740983963,0.02642286941409111
1764809230.027404,0.060731239816546434,0.07600655035972595,-0.08117372386455536,-0.025513460859656334,-0.0766996517777443,-0.043608661741018295,,,,,,
1764809230.028879,,,,,,,-0.003742039203643799,-0.0023617148399353027,0.01717972755432129,-0.0785863846540451,-0.06017537787556648,0.03074358031153679
1764809230.037457,0.04354892660826444,0.0586111789226532,-0.06633943508714438,-0.019244646653532982,-0.08212850987911224,-0.04633520916104317,,,,,,
1764809230.03891,,,,,,,-0.007598221302032471,-0.005304068326950073,0.01704741269350052,-0.08611733466386795,-0.05257125198841095,0.0322459377348423
1764809230.047509,0.008256371691823005,0.03186637986004352,-0.06507131484746932,-0.011526437476277351,-0.08040867000818253,-0.047685928642749786,,,,,,
1764809230.04894,,,,,,,-0.011616885662078857,-0.00441819429397583,0.014830943197011948,-0.0900644063949585,-0.038279399275779724,0.03957442194223404
1764809230.057561,-0.03959989672154188,-0.00046761751174926756,-0.07217880876511334,-0.008126914501190186,-0.07297871261835098,-0.04932190850377083,,,,,,
1764809230.05897,,,,,,,-0.012356340885162354,7.548928260803223e-05,0.013134945183992386,-0.08652357012033463,-0.028790824115276337,0.0417749285697937
1764809230.067613,-0.06905307796001434,-0.030641221979260443,-0.08170227778330445,-0.006059654522687197,-0.05817572399973869,-0.05007714405655861,,,,,,
1764809230.069,,,,,,,-0.013989806175231934,0.004667371511459351,0.009613867849111557,-0.06497114896774292,-0.022572077810764313,0.049684517085552216
1764809230.077665,-0.1062049970075488,-0.04378711927831173,-0.10731251985803246,-0.004673745017498732,-0.0382334440946579,-0.05028007552027702,,,,,,
1764809230.07903,,,,,,,-0.013447880744934082,0.009755760431289673,0.00953424721956253,-0.038304343819618225,-0.012759127654135227,0.054853979498147964
1764809230.087717,-0.10025105703920126,-0.0504284569889307,-0.14191343924850225,0.0004060205537825823,-0.015064249746501446,-0.0489530935883522,,,,,,
1764809230.089061,,,,,,,-0.01312863826751709,0.009789377450942993,0.011311657726764679,-0.012831471860408783,-0.0063736652955412865,0.06113850697875023
1764809230.097769,-0.09927373643964528,-0.028993454772233963,-0.1503551043793559,0.005391990765929222,0.00636354461312294,-0.04816693067550659,,,,,,
1764809230.099091,,,,,,,-0.011257052421569824,0.008402347564697266,0.012264139950275421,0.011538252234458923,-0.003892132081091404,0.06550875306129456
1764809230.107822,-0.07178776362091302,0.012176760005950927,-0.13558452848792074,0.01309598796069622,0.024610405787825584,-0.050779134035110474,,,,,,
1764809230.109121,,,,,,,-0.010386884212493896,0.006109893321990967,0.011471390724182129,0.029852544888854027,-0.0024763960391283035,0.07452967762947083
1764809230.117874,-0.06538140370994806,0.024320202264189718,-0.12345336118936538,0.018062783405184746,0.037615153938531876,-0.056211717426776886,,,,,,
1764809230.119151,,,,,,,-0.009500324726104736,0.005427896976470947,0.009717226028442383,0.043333739042282104,0.0008677355945110321,0.07961531728506088
1764809230.127926,-0.044269642098248005,0.02338379819691181,-0.1208699205674231,0.023002615198493004,0.04692523553967476,-0.05883459374308586,,,,,,
1764809230.129181,,,,,,,-0.006131112575531006,0.005528002977371216,0.008756637573242188,0.04848509281873703,0.0014757352182641625,0.08520502597093582
1764809230.137978,0.0034650457620620727,0.00585457124710083,-0.12584902415424584,0.023325655609369278,0.046486612409353256,-0.058861490339040756,,,,,,
1764809230.139211,,,,,,,-0.004872143268585205,0.002128034830093384,0.008292675018310547,0.045091286301612854,0.0005713256541639566,0.08713661134243011
1764809230.14803,0.016947335408627986,0.00040039749443531033,-0.10265957948565482,0.023392386734485626,0.04145987704396248,-0.05926269292831421,,,,,,
1764809230.149242,,,,,,,-0.004730880260467529,-0.0022974014282226562,0.00716400146484375,0.03430814668536186,0.003113312879577279,0.08653847128152847
1764809230.158082,0.02385404605716467,0.013698855006694793,-0.07989727418795227,0.025287490338087082,0.031094854697585106,-0.058162007480859756,,,,,,
1764809230.159272,,,,,,,-0.004611074924468994,-0.004760771989822388,0.0054558515548706055,0.014214957132935524,0.0025745555758476257,0.0869746282696724
1764809230.168134,0.018744740219414233,-0.006232172387838363,-0.08252294651642442,0.02534566819667816,0.015827184543013573,-0.05774260684847832,,,,,,
1764809230.169302,,,,,,,-0.005516111850738525,-0.003583669662475586,0.0063843801617622375,-0.01038785744458437,0.004446491599082947,0.087750144302845
1764809230.178186,0.008258709779381751,-0.03118891898989677,-0.06637596770524978,0.02491689845919609,0.000385909341275692,-0.05637640506029129,,,,,,
1764809230.179332,,,,,,,-0.0072113871574401855,-0.0005658566951751709,0.005576141178607941,-0.015782861039042473,0.010458311066031456,0.08471620082855225
1764809230.188239,0.009049275635182857,-0.014438859719038008,-0.03280979818999767,0.023821746930480003,-0.005896337330341339,-0.06027698144316673,,,,,,
1764809230.189362,,,,,,,-0.00443577766418457,0.00253140926361084,0.0027240514755249023,-0.0037163440138101578,0.011697214096784592,0.0901317372918129
1764809230.198291,-0.014291267941892146,0.018963059145212173,-0.010461772781610488,0.02512802742421627,-8.904782589524984e-05,-0.0626370757818222,,,,,,
1764809230.199393,,,,,,,0.0006031990051269531,0.007316499948501587,-0.00016796588897705078,0.016127683222293854,0.008930455893278122,0.09435465186834335
1764809230.208343,-0.03471446276754141,0.05772971991300582,-0.01700812568515539,0.03076477348804474,0.020201874896883965,-0.06529387831687927,,,,,,
1764809230.209423,,,,,,,0.003697693347930908,0.009471893310546875,-0.004572287201881409,0.051168493926525116,0.004919735249131918,0.1025388091802597
1764809230.218395,-0.06408113476634025,0.086788056614995,-0.006712649381160736,0.03058873862028122,0.039584625512361526,-0.0661410316824913,,,,,,
1764809230.219453,,,,,,,0.004011690616607666,0.012070149183273315,-0.006244063377380371,0.08610636740922928,0.003515183925628662,0.11427928507328033
1764809230.228447,-0.08028437380939722,0.08888999733030796,0.0018906360521912574,0.03065926395356655,0.05823526531457901,-0.064995177090168,,,,,,
1764809230.229483,,,,,,,0.0009711980819702148,0.01443326473236084,-0.0070803165435791016,0.10984285175800323,0.0019156894413754344,0.11821170896291733
1764809230.238498,-0.08240735731273889,0.055046764439344406,0.0018298457756638527,0.02848532609641552,0.072554811835289,-0.06324814260005951,,,,,,
1764809230.239513,,,,,,,0.0010900497436523438,0.014017224311828613,-0.01125502958893776,0.1337272971868515,-0.0017394991591572762,0.11954309791326523
1764809230.248551,-0.08412994332164525,0.02221826154887676,-0.003793547064065933,0.026722265407443047,0.08167533576488495,-0.06170308589935303,,,,,,
1764809230.249544,,,,,,,0.0005864500999450684,0.007685214281082153,-0.009493589401245117,0.126368448138237,-0.00705756526440382,0.12447873502969742
1764809230.258602,-0.05743132148832082,0.025038579666614533,0.01701265572980046,0.027069274336099625,0.09068001806735992,-0.0620354488492012,,,,,,
1764809230.259574,,,,,,,0.0024110078811645508,-0.0032969415187835693,-0.006931673735380173,0.10598458349704742,-0.010960428044199944,0.11837509274482727
1764809230.268656,-0.051583764503896234,0.04187281008958816,0.027618659287691114,0.02828431874513626,0.09482402354478836,-0.06332074105739594,,,,,,
1764809230.269604,,,,,,,0.0031252503395080566,-0.0063114166259765625,-0.00501907616853714,0.07158107310533524,-0.019079875200986862,0.11515480279922485
1764809230.278708,-0.031305823367834086,0.05443710810840129,0.0259092250213027,0.030784493312239647,0.08776983618736267,-0.06448694318532944,,,,,,
1764809230.279634,,,,,,,0.002023935317993164,0.00022163987159729004,-0.00449419766664505,0.04585624858736992,-0.024981170892715454,0.11832702159881592
1764809230.28876,-0.009474807570874691,0.040945758372545236,0.025267712247371673,0.03567570075392723,0.07014504075050354,-0.060467857867479324,,,,,,
1764809230.289664,,,,,,,-0.0023369193077087402,0.006883472204208374,-0.008432034403085709,0.0385940745472908,-0.02953571081161499,0.11926525831222534
1764809230.298812,0.004399696263670921,0.01806523352265358,0.05191343484967947,0.03809172287583351,0.06408502161502838,-0.04772542789578438,,,,,,
1764809230.299694,,,,,,,-0.003667175769805908,0.015028506517410278,-0.011425018310546875,0.031258948147296906,-0.025364935398101807,0.1132248044013977
1764809230.308864,0.025613164684176442,-0.014730536141991614,0.043362025734037156,0.03355524316430092,0.06619402021169662,-0.034854304045438766,,,,,,
1764809230.309725,,,,,,,-0.004070460796356201,0.019973069429397583,-0.0179976224899292,0.05656323954463005,-0.023953191936016083,0.10026320070028305
1764809230.318916,-0.058091538962721824,-0.04643383439481258,0.07792115180939435,0.02350100874900818,0.06836902350187302,-0.028397466987371445,,,,,,
1764809230.319755,,,,,,,-0.004506886005401611,0.024898171424865723,-0.021644245833158493,0.08860363066196442,-0.030211351811885834,0.09930180013179779
1764809230.328968,-0.1714744647756219,-0.08016542360484599,0.10426906050890683,0.011613462120294571,0.07185904681682587,-0.02034185267984867,,,,,,
1764809230.329785,,,,,,,-0.00272524356842041,0.02216923236846924,-0.01908743381500244,0.10932862013578415,-0.02658998593688011,0.09749910980463028
1764809230.339021,-0.21962445543855427,-0.07277355978786945,0.0958829249575734,0.0032940134406089783,0.0826943889260292,-0.01631328836083412,,,,,,
1764809230.339815,,,,,,,-0.0014526844024658203,0.014308691024780273,-0.018083572387695312,0.11561620235443115,-0.023246124386787415,0.08196329325437546
1764809230.349073,-0.21922990316301583,-0.006602759265899658,0.05166574369892478,-0.0009901137091219425,0.09399601072072983,-0.010926473885774612,,,,,,
1764809230.349845,,,,,,,0.003959536552429199,0.008163005113601685,-0.014845136553049088,0.11159136146306992,-0.025577455759048462,0.07293171435594559
1764809230.359125,-0.20579232944101095,0.04348550598323345,0.02568739896416664,-0.0015549701638519764,0.09737130254507065,-0.008835360407829285,,,,,,
1764809230.359876,,,,,,,0.008094847202301025,0.00572475790977478,-0.015375744551420212,0.11134082823991776,-0.03238262981176376,0.07023333013057709
1764809230.369177,-0.15246435161828994,0.05745265653729439,0.025779315031319854,-0.004805296193808317,0.09367414563894272,-0.00902753695845604,,,,,,
1764809230.369906,,,,,,,0.008475422859191895,0.00655597448348999,-0.017186999320983887,0.1209561750292778,-0.04251755401492119,0.06656349450349808
1764809230.379229,-0.10778729776293039,0.06676584380567073,0.014233400274813174,-0.009141720831394196,0.08089097589254379,-0.012751702219247818,,,,,,
1764809230.379936,,,,,,,0.007710397243499756,0.007517069578170776,-0.013652920722961426,0.08234884589910507,-0.04889422655105591,0.053203947842121124
1764809230.389281,-0.037439503817260265,0.06793839471638202,0.029980127722024914,-0.010209130123257637,0.06175898760557175,-0.01563696749508381,,,,,,
1764809230.389966,,,,,,,0.005547583103179932,-0.006808578968048096,-0.008595459163188934,0.01579964905977249,-0.049722734838724136,0.03968654200434685
1764809230.399333,0.046774318395555015,0.05933832415342331,0.020320172842592,-0.010111657902598381,0.028404228389263153,-0.01618664339184761,,,,,,
1764809230.399996,,,,,,,0.003825247287750244,-0.01536107063293457,-0.004234194755554199,-0.055671755224466324,-0.04181661084294319,0.03166183829307556
1764809230.409385,0.08841273520737886,0.040942835763096805,0.050847266922891134,-0.011986656114459038,-0.010984065011143684,-0.01256623025983572,,,,,,
1764809230.410028,,,,,,,0.0065247416496276855,-0.006371557712554932,-0.01004587858915329,-0.08829893171787262,-0.040764663368463516,0.022855831310153008
1764809230.419438,0.12063859602957963,0.03791150524318218,0.042291327762603755,-0.013338744640350342,-0.041258879005908966,-0.004552777856588364,,,,,,
1764809230.420058,,,,,,,0.004247784614562988,0.006025433540344238,-0.012427441775798798,-0.08434326946735382,-0.05017813667654991,0.024163443595170975
1764809230.42949,0.07338613872826098,0.03000175503194332,0.05322305614352226,-0.01680454984307289,-0.06138234958052635,0.003984102513641119,,,,,,
1764809230.430088,,,,,,,-0.0009965896606445312,0.008696258068084717,-0.010142330080270767,-0.07485415786504745,-0.054301243275403976,0.03157874941825867
1764809230.439542,-0.01617342842668295,-0.032490649238228794,0.06970920378118753,-0.01943948119878769,-0.06551904231309891,0.0023164311423897743,,,,,,
1764809230.440118,,,,,,,-0.008112668991088867,0.0010913312435150146,-0.007930044084787369,-0.06630656868219376,-0.04049275442957878,0.032994817942380905
1764809230.449594,-0.08205635191798209,-0.05080547360777855,0.046667058628797525,-0.018431466072797775,-0.04990183934569359,-0.001473605865612626,,,,,,
1764809230.450148,,,,,,,-0.010463237762451172,-0.004412353038787842,-0.005324244499206543,-0.05519320070743561,-0.030776742845773697,0.028669845312833786
1764809230.459646,-0.1607332905307412,-0.027151041775941846,0.015922668536007403,-0.014669216237962246,-0.01993754878640175,-0.00930809322744608,,,,,,
1764809230.460179,,,,,,,-0.00913393497467041,0.0005945265293121338,-0.00502418726682663,-0.029259715229272842,-0.024254661053419113,0.032411254942417145
1764809230.469698,-0.21955314376801252,-0.010181786796450614,-0.008213847724348307,-0.010732275433838367,0.01762857660651207,-0.011680077761411667,,,,,,
1764809230.470209,,,,,,,-0.0076198577880859375,0.00910148024559021,-0.0085296630859375,0.011162010952830315,-0.02202000468969345,0.032720714807510376
1764809230.47975,-0.2502104400992393,0.002261515191197395,-0.05102379253357649,-0.008997226133942604,0.049128711223602295,-0.014037242159247398,,,,,,
1764809230.480239,,,,,,,-0.008414208889007568,0.016032159328460693,-0.008446812629699707,0.0594695545732975,-0.017784245312213898,0.038294244557619095
1764809230.489803,-0.23215309762209652,-0.002404723054170608,-0.07782952800318599,-0.007170130964368582,0.07649245113134384,-0.014105988666415215,,,,,,
1764809230.490269,,,,,,,-0.010313749313354492,0.012617617845535278,-0.006655216217041016,0.1015152782201767,-0.0018548141233623028,0.04145541787147522
1764809230.499855,-0.22326368872374294,-0.042806876069307324,-0.07368249132633209,-0.00832248106598854,0.09279659390449524,-0.013900659047067165,,,,,,
1764809230.500299,,,,,,,-0.011770665645599365,0.007593035697937012,-0.0031695403158664703,0.11629074066877365,0.0055519696325063705,0.039421625435352325
1764809230.509907,-0.22985212720334527,-0.05018412683904171,-0.046031244943290944,-0.005135371349751949,0.10846894979476929,-0.012718623504042625,,,,,,
1764809230.510329,,,,,,,-0.011877357959747314,0.00011855363845825195,-0.0019363164901733398,0.10988450795412064,0.012325187213718891,0.04359879344701767
1764809230.519958,-0.1959384594246745,-0.048129532396793365,-0.0628372721850872,-0.0009592683054506779,0.11931920051574707,-0.013310910202562809,,,,,,
1764809230.52036,,,,,,,-0.011059284210205078,-0.011328697204589844,-0.0017184019088745117,0.1101621687412262,0.019778575748205185,0.03951476886868477
1764809230.530011,-0.15258885478079318,-0.0074549921810626975,-0.06371785441190005,0.0023982455022633076,0.127621129155159,-0.012411374598741531,,,,,,
1764809230.53039,,,,,,,-0.006926774978637695,-0.012018352746963501,-0.0013942644000053406,0.10456553101539612,0.021410826593637466,0.03310214355587959
1764809230.540063,-0.1412953073501587,0.012142857736349105,-0.043998277810961,0.005490974523127079,0.12787732481956482,-0.014740575104951859,,,,,,
1764809230.54042,,,,,,,-0.003488302230834961,-0.003878682851791382,-0.001378420740365982,0.1047031581401825,0.013889261521399021,0.03243368864059448
1764809230.550115,-0.11436316902190446,0.006488192975521087,-0.04502484437972307,0.007354854140430689,0.1169295459985733,-0.015886986628174782,,,,,,
1764809230.55045,,,,,,,-0.0034909844398498535,0.0007577836513519287,-0.003475550562143326,0.11344977468252182,0.009838061407208443,0.040164846926927567
1764809230.560167,-0.05177694898843765,-0.024349428358674048,-0.031085020224004983,0.005271196831017733,0.09570734202861786,-0.019832991063594818,,,,,,
1764809230.560481,,,,,,,-0.004901468753814697,-0.0005976557731628418,-0.0057184770703315735,0.11640870571136475,0.010996002703905106,0.03875230625271797
1764809230.57022,-0.01679682102203369,-0.034243045863509174,-0.004841010290384292,0.003118625609204173,0.07396168261766434,-0.018362559378147125,,,,,,
1764809230.570511,,,,,,,-0.002758204936981201,-0.004864603281021118,-0.0065394677221775055,0.1098347008228302,0.01053767278790474,0.03386194258928299
1764809230.580272,-0.017234627917408943,-0.003981178590655327,-0.015441022498905659,0.0020070220343768597,0.05986610800027847,-0.025701699778437614,,,,,,
1764809230.580541,,,,,,,0.0015218853950500488,-0.012212544679641724,-0.006182916462421417,0.08964906632900238,0.004322121851146221,0.027751587331295013
1764809230.590324,-0.0045502106502652165,0.035251346123218535,-0.011652005479484796,0.004053897224366665,0.04675387963652611,-0.02871861308813095,,,,,,
1764809230.590571,,,,,,,0.006950318813323975,-0.02039921283721924,-0.004925016313791275,0.05419173836708069,0.0008544197771698236,0.024435153231024742
1764809230.600376,-0.014962299071252344,0.06484978105127812,0.03148439480513334,0.005455252714455128,0.03779340907931328,-0.035049211233854294,,,,,,
1764809230.600601,,,,,,,0.011241674423217773,-0.021168291568756104,-0.005404595285654068,0.01716010272502899,-0.001512597780674696,0.022797374054789543
1764809230.610428,-0.04133621899485588,0.13748364010751246,0.11600304518342018,0.004892215598374605,0.017926426604390144,-0.04030364379286766,,,,,,
1764809230.610631,,,,,,,0.018039584159851074,-0.016045331954956055,-0.016275767236948013,-0.018158206716179848,-0.007462631911039352,0.012825701385736465
1764809230.62048,-0.1269011635556817,0.16937749249637127,0.1327975281178951,-0.0038930200971663,-0.01311671081930399,-0.04697299748659134,,,,,,
1764809230.620662,,,,,,,0.021111905574798584,-0.009042322635650635,-0.02851557359099388,-0.04629770666360855,-0.024804871529340744,0.011330002918839455
1764809230.630532,-0.21333441538363693,0.10577449663579463,0.10369213740378617,-0.011069588363170624,-0.034549545496702194,-0.04777155816555023,,,,,,
1764809230.630692,,,,,,,0.015543758869171143,-0.008388400077819824,-0.03712582588195801,-0.06264765560626984,-0.04056199640035629,0.010713482275605202
1764809230.640584,-0.2164908335879445,0.013641571861505507,0.11050181741863488,-0.02248150110244751,-0.03773042559623718,-0.04924694821238518,,,,,,
1764809230.640722,,,,,,,0.007917582988739014,-0.00990799069404602,-0.03663945198059082,-0.07914888113737106,-0.03892015665769577,0.003064283635467291
1764809230.650637,-0.20272592760771513,-0.05230477225482463,0.15378244847953318,-0.030347049236297607,-0.023378891870379448,-0.050505876541137695,,,,,,
1764809230.650752,,,,,,,0.0053362250328063965,-0.011414557695388794,-0.03451216220855713,-0.07808814197778702,-0.03795236349105835,-0.004642638377845287
1764809230.660689,-0.22249416565597055,-0.012656067955493927,0.20375804713442922,-0.035380955785512924,-0.009320865385234356,-0.049480825662612915,,,,,,
1764809230.660782,,,,,,,0.011998236179351807,-0.009745359420776367,-0.04006242752075195,-0.07607810944318771,-0.04247867316007614,-0.010410978458821774
1764809230.67074,-0.2532014386087656,0.09684767833650111,0.27189181829243897,-0.04137855023145676,-0.012436103075742722,-0.050527770072221756,,,,,,
1764809230.670813,,,,,,,0.020391404628753662,-0.006312459707260132,-0.055414069443941116,-0.06651762872934341,-0.055427227169275284,-0.008817875757813454
1764809230.680793,-0.33551410337537524,0.08477847035825252,0.26695933032631874,-0.0494210310280323,-0.023047735914587975,-0.05341729894280434,,,,,,
1764809230.680843,,,,,,,0.020587444305419922,-0.005470603704452515,-0.06112765893340111,-0.05159788578748703,-0.07620920985937119,-0.0031665146816521883
1764809230.690844,-0.34318595317751166,0.01942424691617489,0.28719343232065436,-0.06205610930919647,-0.01941577158868313,-0.05681630223989487,,,,,,
1764809230.690873,,,,,,,0.016656339168548584,-0.0022380053997039795,-0.0633077621459961,-0.03897077590227127,-0.07449333369731903,-0.004596631973981857
1764809230.700897,-0.2955018264606595,0.008733926075696945,0.3471300146281719,-0.07041417062282562,-0.0026346605736762285,-0.058904487639665604,,,,,,
1764809230.700903,,,,,,,0.01799178123474121,-0.0036866962909698486,-0.06206357479095459,-0.020077547058463097,-0.06944344937801361,-0.005268082022666931
1764809230.710933,,,,,,,0.026266038417816162,-0.006372630596160889,-0.06480562686920166,-0.0017810980789363384,-0.075524240732193,-0.003200403181836009
1764809230.710949,-0.3125798025116324,0.06359598159790039,0.44422582250684495,-0.0690905898809433,0.02049073949456215,-0.057595714926719666,,,,,,
1764809230.720964,,,,,,,0.02840036153793335,-0.005398988723754883,-0.07876920700073242,0.020637620240449905,-0.08820541948080063,0.00018314272165298462
1764809230.721001,-0.3808636496648192,0.17056874810755251,0.5452142539098859,-0.06175864115357399,0.040447935461997986,-0.05198390409350395,,,,,,
1764809230.730994,,,,,,,0.019883453845977783,-0.003935068845748901,-0.08773529529571533,0.045863084495067596,-0.09677892923355103,0.0031882538460195065
1764809230.731054,-0.5629223445579409,0.1592763697206974,0.5498574035406112,-0.05895199999213219,0.06417717039585114,-0.04599437490105629,,,,,,
1764809230.741024,,,,,,,0.007210075855255127,0.0038050413131713867,-0.0989755392074585,0.07367359846830368,-0.07853761315345764,-0.00957980565726757
1764809230.741106,-0.6698875122830271,0.04276829762458801,0.6816434165284038,-0.06645519286394119,0.10625937581062317,-0.03811461478471756,,,,,,
1764809230.751054,,,,,,,0.006783425807952881,0.014023929834365845,-0.11263573169708252,0.11450065672397614,-0.056944429874420166,-0.02533373422920704
1764809230.751158,-0.7352724231243133,-0.043426469272375104,0.7657038017451763,-0.08914248645305634,0.1400500237941742,-0.029526319354772568,,,,,,
1764809230.761084,,,,,,,0.020030975341796875,0.019338488578796387,-0.12027478218078613,0.16437853872776031,-0.05227670818567276,-0.04496096819639206
1764809230.761209,-0.8413634383633732,-0.11466682814359665,0.8701857743524014,-0.1058434396982193,0.17275230586528778,-0.011524681001901627,,,,,,
1764809230.771114,,,,,,,0.036826491355895996,0.025627225637435913,-0.15321075916290283,0.20729590952396393,-0.059588413685560226,-0.07565256953239441
1764809230.771262,-0.793565622138977,-0.025910101804137227,1.0875975221775471,-0.1213647797703743,0.17933960258960724,0.007137192413210869,,,,,,
1764809230.781145,,,,,,,0.04690849781036377,0.02239006757736206,-0.17907559871673584,0.2649611234664917,-0.06951428949832916,-0.09485109895467758
1764809230.781313,-0.8661635330989956,0.0745142659753561,1.095579753103107,-0.15274985134601593,0.15585452318191528,0.017583975568413734,,,,,,
1764809230.791175,,,,,,,0.05315274000167847,0.023805618286132812,-0.18580138683319092,0.3068406581878662,-0.09311122447252274,-0.11202928423881531
1764809230.791366,-0.9806325005829334,0.034445290437340736,1.112702737339586,-0.18886321783065796,0.15167316794395447,0.020629441365599632,,,,,,
1764809230.801205,,,,,,,0.06033170223236084,0.02468574047088623,-0.18331801891326904,0.3169952929019928,-0.1149321049451828,-0.131833016872406
1764809230.801418,-0.9348699895784258,0.012875263664126396,1.1222215301826595,-0.2295035868883133,0.19050978124141693,0.010603969916701317,,,,,,
1764809230.811235,,,,,,,0.06892108917236328,0.010487556457519531,-0.17049145698547363,0.3242526650428772,-0.14150193333625793,-0.13243143260478973
1764809230.811471,-0.8640168764591216,0.06010287878513336,1.0480706906922161,-0.2615470886230469,0.26305529475212097,-0.001588171231560409,,,,,,
1764809230.821265,,,,,,,0.07540613412857056,-0.0033020973205566406,-0.16211533546447754,0.3295915722846985,-0.18544435501098633,-0.12640123069286346
1764809230.821523,-0.7819532180175185,0.17831190958023072,1.03415512419492,-0.2729787230491638,0.34433016180992126,-0.010230395942926407,,,,,,
1764809230.831296,,,,,,,0.06863033771514893,-0.005027711391448975,-0.15013492107391357,0.3560897707939148,-0.21886542439460754,-0.11034131050109863
1764809230.831575,-0.683399612545967,0.3134691525667906,1.0018184964746237,-0.2680191993713379,0.42044180631637573,-0.017856214195489883,,,,,,
1764809230.841326,,,,,,,0.05325794219970703,0.005243539810180664,-0.14737558364868164,0.4088442623615265,-0.23527821898460388,-0.0874309241771698
1764809230.841627,-0.6413961618140339,0.3573381049096584,1.0571072529762984,-0.26634833216667175,0.499473512172699,-0.01939499005675316,,,,,,
1764809230.851356,,,,,,,0.04095727205276489,0.02149033546447754,-0.1442044973373413,0.4950561225414276,-0.24224717915058136,-0.057928428053855896
1764809230.851679,-0.6426902932778,0.33406887300312516,1.0965890762761235,-0.2728319466114044,0.5816417336463928,-0.025655249133706093,,,,,,
1764809230.861386,,,,,,,0.042148470878601074,0.040460407733917236,-0.15145361423492432,0.5881376266479492,-0.26102378964424133,-0.0384797640144825
1764809230.861731,-0.6344774684667587,0.23390227937698363,1.1409168783023953,-0.2855474650859833,0.6684138774871826,-0.024177195504307747,,,,,,
1764809230.871416,,,,,,,0.05135071277618408,0.05015373229980469,-0.18603026866912842,0.6846250295639038,-0.2792653739452362,-0.03516146540641785
1764809230.871783,-0.5458525518134236,0.1217138240456581,1.2462605823054909,-0.31540364027023315,0.7166735529899597,-0.021508708596229553,,,,,,
1764809230.881447,,,,,,,0.062180936336517334,0.04069870710372925,-0.2069559097290039,0.7982691526412964,-0.29460838437080383,-0.015404405072331429
1764809230.881836,-0.5720221813365817,0.033170448195934295,1.221159166535735,-0.36857977509498596,0.7210603356361389,-0.031079841777682304,,,,,,
1764809230.891477,,,,,,,0.07282376289367676,0.03034055233001709,-0.20552325248718262,0.8644447326660156,-0.34089943766593933,-0.003898218274116516
1764809230.891888,-0.6237777952760457,-0.07508008316457271,1.1544213797807692,-0.4365611970424652,0.7170395255088806,-0.04677622765302658,,,,,,
1764809230.901507,,,,,,,0.0759231448173523,0.01962333917617798,-0.1882801651954651,0.8534479141235352,-0.40605980157852173,-0.007661864161491394
1764809230.90194,-0.46522418687194583,-0.09058803341984749,1.0880272918969391,-0.49585673213005066,0.730607807636261,-0.07271274924278259,,,,,,
1764809230.911537,,,,,,,0.07286912202835083,-0.0026885569095611572,-0.16775816679000854,0.7994885444641113,-0.4516123831272125,-0.0002071433700621128
1764809230.911992,-0.24330869788676499,-0.053497196909785265,0.9404606491923332,-0.5405431985855103,0.7378414273262024,-0.11023170500993729,,,,,,
1764809230.921567,,,,,,,0.06714892387390137,-0.02180454134941101,-0.14589715003967285,0.7126715779304504,-0.49559420347213745,0.013693425804376602
1764809230.922044,0.00020429040044546125,0.028147067075967785,0.8190393783524632,-0.5687742829322815,0.7145840525627136,-0.1456698626279831,,,,,,
1764809230.931598,,,,,,,0.06233781576156616,-0.031674712896347046,-0.125851571559906,0.6272815465927124,-0.5488494634628296,0.02780977636575699
1764809230.932096,0.20431991880089043,0.12027473115324973,0.7535337637409567,-0.5853800773620605,0.6642703413963318,-0.17629005014896393,,,,,,
1764809230.941628,,,,,,,0.05465918779373169,-0.02565985918045044,-0.1165616512298584,0.5329895615577698,-0.590213418006897,0.03461528569459915
1764809230.942147,0.39342093342095613,0.20148820250630378,0.7825593672171235,-0.6040131449699402,0.5869066119194031,-0.19819214940071106,,,,,,
1764809230.951658,,,,,,,0.052037715911865234,-0.006957948207855225,-0.11005925387144089,0.4579923450946808,-0.6193729043006897,0.047262102365493774
1764809230.9522,0.49243046596646306,0.20595336522161958,0.7922738287627696,-0.6387165188789368,0.4775982201099396,-0.21438071131706238,,,,,,
1764809230.961688,,,,,,,0.05450332164764404,0.005563825368881226,-0.1022142842411995,0.41326016187667847,-0.6729466319084167,0.055544935166835785
1764809230.962253,0.4860445643216371,0.10180150135159492,0.7419006090924143,-0.6803699731826782,0.37007176876068115,-0.22307460010051727,,,,,,
1764809230.971718,,,,,,,0.05720609426498413,0.01316159963607788,-0.10362511873245239,0.37884920835494995,-0.7304799556732178,0.0553973950445652
1764809230.972305,0.5209381830483675,-0.0027981062859296795,0.7103580543592571,-0.7229159474372864,0.2793673276901245,-0.23222829401493073,,,,,,
1764809230.981748,,,,,,,0.057982563972473145,0.01215633749961853,-0.102297842502594,0.35003069043159485,-0.7680241465568542,0.060122907161712646
1764809230.982357,0.5314680526301264,-0.05035714531838894,0.5792480409368872,-0.7695391178131104,0.2058957815170288,-0.2517758905887604,,,,,,
1764809230.991779,,,,,,,0.05475962162017822,0.00790056586265564,-0.09291058778762817,0.3178149461746216,-0.823852002620697,0.056392353028059006
1764809230.992409,0.4161670182362199,-0.06813011789619922,0.462685608305037,-0.810417652130127,0.15778017044067383,-0.263988733291626,,,,,,
1764809231.001809,,,,,,,0.04598569869995117,0.010378122329711914,-0.0897408127784729,0.2639906704425812,-0.8731843829154968,0.03877401351928711
1764809231.002461,0.36180794380009174,-0.018310732716321942,0.39035774645805354,-0.8527504801750183,0.11678718775510788,-0.27784061431884766,,,,,,
1764809231.011839,,,,,,,0.041479408740997314,0.017637193202972412,-0.07310855388641357,0.19855013489723206,-0.895067572593689,0.02595142275094986
1764809231.012513,0.27667554543763395,0.009210311415791511,0.23516630796343085,-0.8933578729629517,0.07526221126317978,-0.28627389669418335,,,,,,
1764809231.021869,,,,,,,0.04523730278015137,0.022669166326522827,-0.047567129135131836,0.11466070264577866,-0.9346141815185547,0.017346816137433052
1764809231.022565,0.24298721084743738,0.023571429723501205,0.156125212213397,-0.9210758209228516,0.048382919281721115,-0.2919323146343231,,,,,,
1764809231.031899,,,,,,,0.04816240072250366,0.01808837056159973,-0.027593612670898438,0.045045141130685806,-0.9756628274917603,0.010130449198186398
1764809231.032617,0.31051410215348,0.09007599224448204,0.09435060082376003,-0.9436721205711365,0.03501914441585541,-0.2984892427921295,,,,,,
1764809231.04193,,,,,,,0.050064921379089355,0.023970454931259155,-0.00839322805404663,-0.01229584775865078,-1.0030765533447266,-0.001980808563530445
1764809231.04267,0.364060398901999,0.17973346681594848,0.006775777745246887,-0.9554483294487,0.023254098370671272,-0.2984809875488281,,,,,,
1764809231.05196,,,,,,,0.04400479793548584,0.040801554918289185,-0.0061000436544418335,-0.05563479661941528,-1.031571388244629,-0.01755710504949093
1764809231.052722,0.4639069667935371,0.28272563925683497,0.007902151426672934,-0.9587709903717041,-0.011309279128909111,-0.2908802032470703,,,,,,
1764809231.06199,,,,,,,0.038593292236328125,0.05501151084899902,-0.003267645835876465,-0.07681366056203842,-1.0457513332366943,-0.03423415124416351
1764809231.062774,0.5071458045393228,0.28675533316433427,-0.034195991851389405,-0.9710460305213928,-0.06557677686214447,-0.28666096925735474,,,,,,
1764809231.072019,,,,,,,0.036018550395965576,0.05802837014198303,0.0041424185037612915,-0.10689566284418106,-1.0567214488983154,-0.05864601582288742
1764809231.072826,0.49846039378046986,0.21881693844795225,-0.0602449176043272,-0.9960554242134094,-0.11542590707540512,-0.2799708843231201,,,,,,
1764809231.08205,,,,,,,0.03744727373123169,0.05592703819274902,0.021768927574157715,-0.13389737904071808,-1.0658291578292847,-0.08319536596536636
1764809231.082878,0.571788372580707,0.17254034044146538,-0.11412263826429843,-1.0221467018127441,-0.15179696679115295,-0.2699185311794281,,,,,,
1764809231.092081,,,,,,,0.03596729040145874,0.05969926714897156,0.030170857906341553,-0.17012889683246613,-1.07955002784729,-0.11662735790014267
1764809231.09293,0.6384703374952078,0.1717500668466091,-0.17398644759654996,-1.042904257774353,-0.19224432110786438,-0.2532820403575897,,,,,,
1764809231.102111,,,,,,,0.033561885356903076,0.06614822149276733,0.037839457392692566,-0.22105945646762848,-1.0792773962020874,-0.15172936022281647
1764809231.102982,0.6618810236990451,0.2103407865256071,-0.20509616387039423,-1.0534948110580444,-0.24090240895748138,-0.22889520227909088,,,,,,
1764809231.112141,,,,,,,0.030815482139587402,0.06455165147781372,0.05090051889419556,-0.26273155212402344,-1.0845900774002075,-0.17794685065746307
1764809231.113034,0.629810645699501,0.271947640132904,-0.23536533766686915,-1.0557447671890259,-0.28290414810180664,-0.198481947183609,,,,,,
1764809231.122171,,,,,,,0.023642122745513916,0.07015642523765564,0.06438958644866943,-0.3237595856189728,-1.0789237022399902,-0.21907350420951843
1764809231.123087,0.5866136012688279,0.34348435160219665,-0.26566987503767014,-1.0617523193359375,-0.3104148805141449,-0.16077744960784912,,,,,,
1764809231.132201,,,,,,,0.0215456485748291,0.08412933349609375,0.08470231294631958,-0.37878820300102234,-1.0526846647262573,-0.26911696791648865
1764809231.133139,0.5249965185284614,0.4140554329097271,-0.31799335199296475,-1.0563181638717651,-0.3291950821876526,-0.11567031592130661,,,,,,
1764809231.142232,,,,,,,0.024430453777313232,0.10591086745262146,0.09468364715576172,-0.41419515013694763,-1.0340336561203003,-0.32130008935928345
1764809231.143191,0.45760845117121934,0.5202823494881391,-0.3146224142551422,-1.040958285331726,-0.3348769545555115,-0.06452244520187378,,,,,,
1764809231.152262,,,,,,,0.027730703353881836,0.12411770224571228,0.10291343927383423,-0.40373560786247253,-1.0125819444656372,-0.36804866790771484
1764809231.153243,0.3662035484105348,0.5576245304107665,-0.37121260874420403,-1.0259963274002075,-0.3285461664199829,-0.010093961842358112,,,,,,
1764809231.162292,,,,,,,0.027340173721313477,0.13690030574798584,0.10432615876197815,-0.36996933817863464,-0.9906148910522461,-0.4237164556980133
1764809231.163295,0.22867256202995775,0.5808376482158899,-0.41305473143458366,-1.0159775018692017,-0.30663982033729553,0.047981325536966324,,,,,,
1764809231.172322,,,,,,,0.024442553520202637,0.14216312766075134,0.11156511306762695,-0.33845481276512146,-0.9626975059509277,-0.4888105094432831
1764809231.173347,0.1784144931718707,0.6014671792685985,-0.5036825123429298,-1.0032371282577515,-0.2731069326400757,0.10497119277715683,,,,,,
1764809231.182352,,,,,,,0.024249017238616943,0.1354573369026184,0.11834627389907837,-0.2988976836204529,-0.9236427545547485,-0.5490908026695251
1764809231.183399,0.16748188800811767,0.5778150855243206,-0.5525462042331695,-0.9868249297142029,-0.235051691532135,0.16287896037101746,,,,,,
1764809231.192383,,,,,,,0.025045573711395264,0.12515872716903687,0.11879608035087585,-0.27451270818710327,-0.8858413100242615,-0.6097365617752075
1764809231.193451,0.21968378441035746,0.5978010579764843,-0.5794061541080474,-0.9688162207603455,-0.1972476840019226,0.216633141040802,,,,,,
1764809231.202413,,,,,,,0.026421844959259033,0.11106595396995544,0.12200230360031128,-0.27572089433670044,-0.8600872159004211,-0.6762349605560303
1764809231.203504,0.20860271068662403,0.6290729790747165,-0.6419488272607327,-0.9482912421226501,-0.17124883830547333,0.2631734609603882,,,,,,
1764809231.212443,,,,,,,0.024202287197113037,0.1004500687122345,0.126910001039505,-0.2929566204547882,-0.8270919919013977,-0.7378261089324951
1764809231.213556,0.2311611639752984,0.6101064127981662,-0.6502168893903494,-0.9269270896911621,-0.15633928775787354,0.308096706867218,,,,,,
1764809231.222473,,,,,,,0.01830500364303589,0.09673750400543213,0.13264763355255127,-0.32860395312309265,-0.7837114930152893,-0.7948406934738159
1764809231.223608,0.2808542924270034,0.6110089145958423,-0.6576134293824434,-0.9103105664253235,-0.15242977440357208,0.3476547598838806,,,,,,
1764809231.232503,,,,,,,0.01735466718673706,0.09674465656280518,0.13814276456832886,-0.38482221961021423,-0.7435853481292725,-0.8513181209564209
1764809231.23366,0.32690964889824387,0.5923842936247586,-0.6473959867507219,-0.8926178216934204,-0.15276426076889038,0.38857048749923706,,,,,,
1764809231.242534,,,,,,,0.021148383617401123,0.09197139739990234,0.14107942581176758,-0.42309466004371643,-0.7077767848968506,-0.8950009942054749
1764809231.243712,0.39627895320057865,0.5804045174956322,-0.6677350104242563,-0.8690203428268433,-0.14547890424728394,0.42515993118286133,,,,,,
1764809231.252564,,,,,,,0.020252227783203125,0.08806610107421875,0.13989931344985962,-0.4278489351272583,-0.6721937656402588,-0.9222456216812134
1764809231.253764,0.45699704127460716,0.5829693995475769,-0.7101502568274736,-0.843930184841156,-0.1328170746564865,0.4610176384449005,,,,,,
1764809231.262594,,,,,,,0.01540076732635498,0.09169256687164307,0.13792765140533447,-0.4027954339981079,-0.6341885924339294,-0.9521064758300781
1764809231.263816,0.4925301269486546,0.5597276401698589,-0.6914636765360832,-0.8189657330513,-0.11147024482488632,0.49641159176826477,,,,,,
1764809231.272624,,,,,,,0.009708702564239502,0.09837830066680908,0.13749074935913086,-0.35381776094436646,-0.594770610332489,-0.9880514144897461
1764809231.273868,0.5365457942858338,0.5463666388154029,-0.6696516577005386,-0.7948946952819824,-0.08521758764982224,0.5337846279144287,,,,,,
1764809231.282654,,,,,,,0.0025224685668945312,0.10556221008300781,0.13190367817878723,-0.2821005582809448,-0.5589004755020142,-1.015493631362915
1764809231.283921,0.5477618925660849,0.5423199937731027,-0.6454015980631113,-0.7723584771156311,-0.06345450133085251,0.5749653577804565,,,,,,
1764809231.292685,,,,,,,-0.003169536590576172,0.11339038610458374,0.125879168510437,-0.22284522652626038,-0.5167368054389954,-1.039016842842102
1764809231.293972,0.5398281769573688,0.48135026902556416,-0.6378811394304037,-0.75101637840271,-0.0511525459587574,0.6170209050178528,,,,,,
1764809231.302715,,,,,,,0.0005878210067749023,0.10549294948577881,0.13082319498062134,-0.2174687683582306,-0.47410649061203003,-1.056531548500061
1764809231.304024,0.46502048099339005,0.41342940996587274,-0.6205553260982036,-0.727695107460022,-0.02768130600452423,0.649501621723175,,,,,,
1764809231.312745,,,,,,,0.007054388523101807,0.06608062982559204,0.13421985507011414,-0.258648157119751,-0.45148026943206787,-1.0733251571655273
1764809231.314077,0.3786053493440151,0.35156828933656215,-0.6479249790608883,-0.7025626301765442,0.020096750929951668,0.67363041639328,,,,,,
1764809231.322774,,,,,,,0.00895237922668457,0.026343107223510742,0.13719820976257324,-0.3689124286174774,-0.43756818771362305,-1.0995620489120483
1764809231.324129,0.325719562330842,0.32805180467069145,-0.6928741278558969,-0.6767014265060425,0.07852277904748917,0.6874775290489197,,,,,,
1764809231.332805,,,,,,,0.0005550384521484375,0.007128894329071045,0.12192961573600769,-0.49500831961631775,-0.4048331379890442,-1.1281814575195312
1764809231.334181,0.32234920911490916,0.29384909081757066,-0.7263859368354082,-0.655597448348999,0.12308087944984436,0.7001970410346985,,,,,,
1764809231.342835,,,,,,,-0.011634647846221924,0.020673632621765137,0.10707131028175354,-0.5869650840759277,-0.3561308681964874,-1.155137538909912
1764809231.344233,0.37023821075409646,0.24103695356249807,-0.7834259209185839,-0.6447615623474121,0.12921148538589478,0.7097799181938171,,,,,,
1764809231.352866,,,,,,,-0.01656365394592285,0.05352896451950073,0.09630459547042847,-0.6066354513168335,-0.3013986349105835,-1.180901288986206
1764809231.354285,0.4374421537160873,0.1573328344374895,-0.7041419563233852,-0.6434224843978882,0.10947659611701965,0.7278071641921997,,,,,,
1764809231.362896,,,,,,,-0.009737133979797363,0.091624915599823,0.09944450855255127,-0.5777808427810669,-0.2665114998817444,-1.2216849327087402
1764809231.364338,0.5490656686410308,0.1239402679234743,-0.6044470718622207,-0.6580371260643005,0.07626218348741531,0.7553125619888306,,,,,,
1764809231.372926,,,,,,,0.00832277536392212,0.12062704563140869,0.10447525978088379,-0.5238619446754456,-0.23713338375091553,-1.2576059103012085
1764809231.37439,0.6000549743831157,0.181793321955204,-0.5048661691695452,-0.6656690835952759,0.04412947595119476,0.7943160533905029,,,,,,
1764809231.382956,,,,,,,0.024018406867980957,0.11898410320281982,0.1036939024925232,-0.4186103641986847,-0.22989623248577118,-1.277500033378601
1764809231.384442,0.6283949336826801,0.2626344528645277,-0.4503741160035133,-0.6670613884925842,0.02601705491542816,0.8445174694061279,,,,,,
1764809231.392986,,,,,,,0.027711153030395508,0.10845261812210083,0.10141327977180481,-0.3409685790538788,-0.22334806621074677,-1.3097728490829468
1764809231.394494,0.630638620956242,0.3517430613815784,-0.5172627094060183,-0.6621912717819214,0.020732268691062927,0.9001666307449341,,,,,,
1764809231.403017,,,,,,,0.020834624767303467,0.09812033176422119,0.09913983941078186,-0.2865319550037384,-0.2024688720703125,-1.354590654373169
1764809231.404546,0.5797153661876917,0.4212380378901958,-0.5484463676989079,-0.6525658369064331,0.02098313719034195,0.9533163905143738,,,,,,
1764809231.413047,,,,,,,0.016242384910583496,0.10214537382125854,0.10117760300636292,-0.28241685032844543,-0.16267353296279907,-1.4120168685913086
1764809231.414598,0.4846884735375642,0.4454103561162948,-0.524135517784953,-0.6486124396324158,0.012311765924096107,1.0022640228271484,,,,,,
1764809231.423077,,,,,,,0.022643685340881348,0.11739516258239746,0.10059183835983276,-0.296830415725708,-0.1243375837802887,-1.4870116710662842
1764809231.42465,0.4064364823386073,0.4396995772540569,-0.4664525596231222,-0.6522122025489807,-0.0043881176970899105,1.049900770187378,,,,,,
1764809231.433107,,,,,,,0.036448538303375244,0.13548588752746582,0.09153091907501221,-0.330902099609375,-0.09455519169569016,-1.5460549592971802
1764809231.434702,0.3382236545950174,0.4360153357833624,-0.40325639099776744,-0.6543610692024231,-0.026863427832722664,1.0971381664276123,,,,,,
1764809231.443137,,,,,,,0.0518573522567749,0.13111674785614014,0.07669627666473389,-0.362985759973526,-0.07958929240703583,-1.5911500453948975
1764809231.444755,0.2745876332476735,0.4387070590853691,-0.3432353452771902,-0.6631825566291809,-0.03387020528316498,1.136035442352295,,,,,,
1764809231.453168,,,,,,,0.05892324447631836,0.10209202766418457,0.06811073422431946,-0.3789641857147217,-0.07278251647949219,-1.6434811353683472
1764809231.454807,0.19527444255799054,0.37821956489682196,-0.3248340116679668,-0.6770094037055969,-0.016894854605197906,1.1688239574432373,,,,,,
1764809231.463198,,,,,,,0.056736111640930176,0.089785635471344,0.056979596614837646,-0.41260525584220886,-0.053568076342344284,-1.7109732627868652
1764809231.464859,0.18202508488446473,0.32941198710799213,-0.3243073574453592,-0.6953516602516174,0.009244604036211967,1.2036857604980469,,,,,,
1764809231.473228,,,,,,,0.05404257774353027,0.10239243507385254,0.053005069494247437,-0.434299111366272,-0.016554664820432663,-1.78843092918396
1764809231.47491,0.26954116351306434,0.29416414811611175,-0.2979752308368683,-0.7202796339988708,0.02360348403453827,1.2432352304458618,,,,,,
1764809231.483258,,,,,,,0.058776259422302246,0.12615972757339478,0.058039695024490356,-0.42674487829208374,0.014357179403305054,-1.8656810522079468
1764809231.484963,0.3294844678223133,0.31138299394249913,-0.2744406259924173,-0.746801495552063,0.024472206830978394,1.286563515663147,,,,,,
1764809231.493288,,,,,,,0.07068675756454468,0.15534353256225586,0.06672775745391846,-0.43184617161750793,0.035305604338645935,-1.9565105438232422
1764809231.495015,0.3946507674768567,0.3644838850110769,-0.2549737089782953,-0.7694705128669739,0.0017775585874915123,1.3432649374008179,,,,,,
1764809231.503318,,,,,,,0.08839267492294312,0.17963379621505737,0.08013790845870972,-0.45892855525016785,0.05276528745889664,-2.0622661113739014
1764809231.505066,0.4277370445206761,0.48885377652347084,-0.21867080797553062,-0.7874588370323181,-0.034769266843795776,1.4052814245224,,,,,,
1764809231.513349,,,,,,,0.10960161685943604,0.17732781171798706,0.07756257057189941,-0.4668029844760895,0.07594943046569824,-2.117692232131958
1764809231.515119,0.4353276457801461,0.615696195629239,-0.19047931723594663,-0.8022714257240295,-0.0571117177605629,1.4635313749313354,,,,,,
1764809231.523379,,,,,,,0.12334603071212769,0.1502259373664856,0.0681098997592926,-0.48134467005729675,0.06583075225353241,-2.15826153755188
1764809231.525172,0.4327323685899377,0.657826779872179,-0.20600129601657388,-0.8225855231285095,-0.056072819977998734,1.5097404718399048,,,,,,
1764809231.533409,,,,,,,0.11918872594833374,0.1125267744064331,0.0692925751209259,-0.5400761961936951,0.06121470034122467,-2.2332372665405273
1764809231.535223,0.4212026743158698,0.6589075608462095,-0.28335107767879963,-0.8398435711860657,-0.03761576861143112,1.5557612180709839,,,,,,
1764809231.543439,,,,,,,0.10813850164413452,0.0878646969795227,0.07788825035095215,-0.5978948473930359,0.08763724565505981,-2.3117518424987793
1764809231.545275,0.463496924687922,0.6403104124039412,-0.2710246800690889,-0.8507282137870789,-0.01197884976863861,1.596050500869751,,,,,,
1764809231.553469,,,,,,,0.10062804818153381,0.09307277202606201,0.0861443281173706,-0.6574455499649048,0.12335024029016495,-2.3843348026275635
1764809231.555327,0.5359118802964687,0.5844207673996686,-0.2623725870579481,-0.8537474274635315,0.003778476733714342,1.63310706615448,,,,,,
1764809231.5635,,,,,,,0.09664478898048401,0.1177070140838623,0.09352512657642365,-0.7137700319290161,0.16209283471107483,-2.4721696376800537
1764809231.565379,0.5741279214441776,0.5877154250308871,-0.21488602873980997,-0.8566393256187439,0.00013021240010857582,1.6694645881652832,,,,,,
1764809231.573529,,,,,,,0.10333368182182312,0.1256294846534729,0.08927221596240997,-0.7102024555206299,0.2047947645187378,-2.5141618251800537
1764809231.575432,0.5229086063385009,0.5776143022552133,-0.14673019188046454,-0.8644024729728699,-0.012709686532616615,1.7053128480911255,,,,,,
1764809231.58356,,,,,,,0.11060166358947754,0.13102132081985474,0.08694377541542053,-0.7120364308357239,0.23197844624519348,-2.5588724613189697
1764809231.585484,0.477452677065134,0.5787681484654545,-0.17679624432027338,-0.87800133228302,-0.014378689229488373,1.7407981157302856,,,,,,
1764809231.59359,,,,,,,0.11595627665519714,0.14377737045288086,0.0887228399515152,-0.714632511138916,0.27653953433036804,-2.6130213737487793
1764809231.595536,0.4489630801618099,0.5729062706947327,-0.22352818487882614,-0.9031087756156921,0.0020649563521146774,1.7802618741989136,,,,,,
1764809231.60362,,,,,,,0.12641212344169617,0.14642083644866943,0.08956706523895264,-0.7036188244819641,0.31546828150749207,-2.66387677192688
1764809231.605588,0.5223749378532171,0.5480807492569089,-0.246395265725255,-0.9375509023666382,0.025684531778097153,1.8242192268371582,,,,,,
1764809231.613651,,,,,,,0.13484281301498413,0.14757078886032104,0.0958484411239624,-0.7316499352455139,0.347150057554245,-2.716733694076538
1764809231.61564,0.6296873115807772,0.5597390383467078,-0.2514069564074278,-0.9642684459686279,0.03910389170050621,1.8743252754211426,,,,,,
1764809231.623681,,,,,,,0.14322447776794434,0.11601454019546509,0.11553187668323517,-0.8388605713844299,0.36620286107063293,-2.781238317489624
1764809231.625692,0.7264391283273697,0.6346338280722499,-0.22773323535323142,-0.9800407886505127,0.0465887077152729,1.9359530210494995,,,,,,
1764809231.633711,,,,,,,0.1452397108078003,0.05837702751159668,0.13831108808517456,-1.014074683189392,0.4038839042186737,-2.8136744499206543
1764809231.635745,0.8429664896458386,0.7661331330731511,-0.19961247176229951,-0.9770389199256897,0.03712138161063194,1.9942846298217773,,,,,,
1764809231.643741,,,,,,,0.1365576684474945,-0.017143845558166504,0.15157751739025116,-1.1475216150283813,0.44809025526046753,-2.8232128620147705
1764809231.645797,0.9315840997755527,0.8112056159868836,-0.21471008765101432,-0.951913058757782,-0.007233033422380686,2.038529634475708,,,,,,
1764809231.653771,,,,,,,0.11392271518707275,-0.04169595241546631,0.18529421091079712,-1.2477585077285767,0.5229415893554688,-2.849724292755127
1764809231.655849,0.9625298576593398,0.7816653409868478,-0.20268354977071285,-0.9247578382492065,-0.07978414744138718,2.06414532661438,,,,,,
1764809231.663802,,,,,,,0.09315189719200134,-0.015829920768737793,0.21114683151245117,-1.2604124546051025,0.6313841938972473,-2.877288579940796
1764809231.6659,0.9834487270474433,0.7112690317243338,-0.0908224266976118,-0.8911130428314209,-0.169821098446846,2.0889079570770264,,,,,,
1764809231.673832,,,,,,,0.08750051259994507,0.042722225189208984,0.2380162477493286,-1.281227707862854,0.6896480321884155,-2.9723963737487793
1764809231.675952,0.9511059618473052,0.6826379805237054,-0.193365686327219,-0.8361296653747559,-0.2582382559776306,2.1351356506347656,,,,,,
1764809231.683862,,,,,,,0.09633344411849976,0.11462730169296265,0.2218163013458252,-1.3187147378921509,0.7512770295143127,-3.035280227661133
1764809231.686004,0.937327611863613,0.8070610635280608,-0.3493973750382662,-0.7722585201263428,-0.24631793797016144,2.2083089351654053,,,,,,
1764809231.693892,,,,,,,0.10538110136985779,0.14353352785110474,0.16165511310100555,-1.2278118133544922,0.8115837574005127,-3.012963056564331
1764809231.696058,0.8301993625313043,0.9231310364678501,-0.5853682773828506,-0.7388379573822021,-0.1276855170726776,2.283782482147217,,,,,,
1764809231.703922,,,,,,,0.09917686134576797,0.15566283464431763,0.11507797241210938,-1.1370428800582886,0.8751960396766663,-2.9722278118133545
1764809231.70611,0.5272738158106803,0.8126435398355126,-0.6710889970272779,-0.7421192526817322,0.016745707020163536,2.3533356189727783,,,,,,
1764809231.713953,,,,,,,0.0882628932595253,0.14605575799942017,0.07173031568527222,-1.0241687297821045,0.9724810719490051,-2.945305109024048
1764809231.716161,0.14264906004667283,0.5203048535808921,-0.45799218979179857,-0.7909457087516785,0.13971251249313354,2.406773328781128,,,,,,
1764809231.723983,,,,,,,0.10147367417812347,0.11077666282653809,0.013706803321838379,-0.906952977180481,1.0656083822250366,-2.921168088912964
1764809231.726213,-0.15974749436378477,0.09596724224016069,-0.16156068126559256,-0.8636147975921631,0.2453523874282837,2.429551601409912,,,,,,
1764809231.734013,,,,,,,0.12961064279079437,0.08177947998046875,-0.00775378942489624,-0.7760170698165894,1.113027811050415,-2.9261748790740967
1764809231.736265,-0.2886708113968372,-0.20293401740044353,-0.0958417161643505,-0.9323366284370422,0.33042287826538086,2.4255528450012207,,,,,,
1764809231.744043,,,,,,,0.1582101583480835,0.07878392934799194,0.000710122287273407,-0.6579799652099609,1.1411241292953491,-2.93064284324646
1764809231.746317,-0.219181095585227,-0.24185338451191782,-0.11073767200112342,-0.9857220649719238,0.36472973227500916,2.4114019870758057,,,,,,
1764809231.754073,,,,,,,0.17222999036312103,0.07877528667449951,0.021074526011943817,-0.5290781855583191,1.1560572385787964,-2.9531612396240234
1764809231.75637,0.07362754626870155,-0.011521510967612265,-0.1455038649559021,-1.001035451889038,0.34490400552749634,2.404644250869751,,,,,,
1764809231.764103,,,,,,,0.17154675722122192,0.0911705493927002,0.0674443244934082,-0.4654514193534851,1.183478832244873,-2.9833626747131348
1764809231.766422,0.45629590726792807,0.3168124716453254,-0.20426468148231505,-1.0050171613693237,0.28312423825263977,2.3992648124694824,,,,,,
1764809231.774134,,,,,,,0.17301933467388153,0.08360838890075684,0.06703031063079834,-0.369892418384552,1.2447972297668457,-2.9381003379821777
1764809231.776474,0.7747182983279228,0.5875386802244931,-0.053850248131155964,-1.0162862539291382,0.2192663997411728,2.4085822105407715,,,,,,
1764809231.784164,,,,,,,0.17392998933792114,0.030569493770599365,0.050276756286621094,-0.3046891689300537,1.2502593994140625,-2.895420789718628
1764809231.786526,0.9318331061005591,0.6708776923641562,0.014892448705434798,-1.019066333770752,0.14840368926525116,2.436091899871826,,,,,,
1764809231.794194,,,,,,,0.16644108295440674,-0.006544828414916992,0.06270862370729446,-0.2953084409236908,1.2796756029129028,-2.873986005783081
1764809231.796578,0.9680652799546718,0.6971063585981726,0.0653343496978283,-1.022384762763977,0.09179624915122986,2.4628777503967285,,,,,,
1764809231.804224,,,,,,,0.15970809757709503,-0.027553915977478027,0.05701589956879616,-0.32121333479881287,1.3221999406814575,-2.855217456817627
1764809231.80663,0.9169213681727647,0.588796717461571,0.14721300696134568,-1.0163037776947021,0.03905873745679855,2.4713196754455566,,,,,,
1764809231.814254,,,,,,,0.16030266880989075,-0.010344088077545166,0.050439123064279556,-0.3916182518005371,1.35616934299469,-2.8509907722473145
1764809231.816683,0.7678653636932372,0.5186033834252506,0.08546236096918583,-1.0033990144729614,-0.019740493968129158,2.443751811981201,,,,,,
1764809231.824285,,,,,,,0.16888368129730225,-0.0203971266746521,0.00496089830994606,-0.38177597522735596,1.390910029411316,-2.7717642784118652
1764809231.826735,0.4968488669306039,0.4012288306929171,0.16497428910136222,-0.9901628494262695,-0.04567622393369675,2.3846323490142822,,,,,,
1764809231.834315,,,,,,,0.16684919595718384,-0.021969258785247803,0.012245416641235352,-0.4601232707500458,1.3900772333145142,-2.7699828147888184
1764809231.836787,0.2026455558478832,0.17727730583548545,0.09422375957369804,-0.9736178517341614,-0.07732115685939789,2.3077330589294434,,,,,,
1764809231.844345,,,,,,,0.16126739978790283,0.014400482177734375,0.043468177318573,-0.5265655517578125,1.470047116279602,-2.759190559387207
1764809231.846838,-0.015616086804866789,0.00658522360920906,0.1327671329796314,-0.9744753837585449,-0.08200938999652863,2.2410199642181396,,,,,,
1764809231.854375,,,,,,,0.17318326234817505,0.024459242820739746,0.05066877603530884,-0.5119866132736206,1.5067566633224487,-2.73188853263855
1764809231.856891,-0.06767828247547149,0.017333339051529763,0.2085632554590702,-0.9563194513320923,-0.06563902646303177,2.225682020187378,,,,,,
1764809231.864405,,,,,,,0.1820119321346283,0.048010408878326416,0.07321733236312866,-0.45714104175567627,1.5519909858703613,-2.7005012035369873
1764809231.866944,-0.05297931051552295,0.34755832304283973,0.1567541577666998,-0.9589232206344604,-0.02278263494372368,2.2373201847076416,,,,,,
1764809231.874436,,,,,,,0.1844477355480194,0.017756879329681396,0.0518575944006443,-0.32306981086730957,1.5972181558609009,-2.6349265575408936
1764809231.876996,-0.13512801689207554,0.5501895581044256,0.09731938750147819,-0.933181881904602,0.02175191603600979,2.266108274459839,,,,,,
1764809231.884466,,,,,,,0.17491301894187927,0.0007275938987731934,0.05856597051024437,-0.2669451832771301,1.6169806718826294,-2.649333953857422
1764809231.887048,-0.15788345405757426,0.7209275252990425,-0.14895137506127357,-0.9056381583213806,0.031316127628088,2.2489500045776367,,,,,,
1764809231.894496,,,,,,,0.16895261406898499,-0.019124865531921387,0.03390616551041603,-0.16491763293743134,1.6895902156829834,-2.6154391765594482
1764809231.897099,-0.19341186355650425,0.6336155909404159,-0.14656418766379356,-0.8804620504379272,0.037490762770175934,2.226578712463379,,,,,,
1764809231.904526,,,,,,,0.17461839318275452,-0.06435763835906982,-0.025498565286397934,0.01817132905125618,1.699784755706787,-2.5417633056640625
1764809231.907151,-0.17842647587060928,0.5101005626916885,-0.22583938443064688,-0.849391758441925,0.048923179507255554,2.2039685249328613,,,,,,
1764809231.914556,,,,,,,0.1687946319580078,-0.07911574840545654,-0.04748988151550293,0.1189890205860138,1.700989842414856,-2.535703182220459
1764809231.917203,-0.3045493485301733,0.31454788771420716,-0.32314474340677257,-0.8233943581581116,0.04310073330998421,2.1511788368225098,,,,,,
1764809231.924587,,,,,,,0.16515085101127625,-0.10002535581588745,-0.05732017755508423,0.17937269806861877,1.7176803350448608,-2.509352922439575
1764809231.927255,-0.5235568411141633,0.10625511975958943,-0.21267478243112564,-0.7949467301368713,0.04936555400490761,2.088322639465332,,,,,,
1764809231.934617,,,,,,,0.1689525544643402,-0.1425277590751648,-0.03821206092834473,0.18717016279697418,1.6774488687515259,-2.4800026416778564
1764809231.937309,-0.6366489672869443,0.09600538229346275,-0.2248807685315609,-0.7505962252616882,0.04873274266719818,2.007080316543579,,,,,,
1764809231.944647,,,,,,,0.16296172142028809,-0.14507454633712769,0.004979550838470459,0.15147665143013,1.702479362487793,-2.420109272003174
1764809231.947361,-0.5499532651305198,0.1236377778455615,-0.2334720712661743,-0.7336511015892029,0.06589042395353317,1.9865870475769043,,,,,,
1764809231.954677,,,,,,,0.16441023349761963,-0.15599936246871948,-0.024220101535320282,0.18962669372558594,1.7063113451004028,-2.2970714569091797
1764809231.957413,-0.2528957336604595,0.4970590025499463,-0.15851415317654607,-0.6955879926681519,0.06878621876239777,1.9779739379882812,,,,,,
1764809231.964707,,,,,,,0.16553038358688354,-0.1435312032699585,-0.01451730728149414,0.12978561222553253,1.646376609802246,-2.285763740539551
1764809231.967464,-0.26261107198894024,0.5960939617976546,-0.39651334647834297,-0.6674767136573792,0.05086394399404526,1.9454045295715332,,,,,,
1764809231.974737,,,,,,,0.1673647165298462,-0.14437872171401978,-0.015483908355236053,0.09491285681724548,1.654752254486084,-2.2094907760620117
1764809231.977516,-0.15750117674171923,0.6279866451427341,-0.36973347610235213,-0.650791585445404,0.05897563323378563,1.9253402948379517,,,,,,
1764809231.984768,,,,,,,0.18422359228134155,-0.18502819538116455,-0.03603355586528778,0.15998248755931854,1.5935722589492798,-2.0840671062469482
1764809231.987568,-0.024683774879574773,0.7579895741060376,-0.43266485631167884,-0.6176866292953491,0.042106904089450836,1.8591407537460327,,,,,,
1764809231.994798,,,,,,,0.18570494651794434,-0.17174893617630005,-0.02391926944255829,0.1722647249698639,1.5419197082519531,-2.026829719543457
1764809231.997621,-0.27287936802506446,0.6295695304200053,-0.6265478445112704,-0.5906386971473694,0.031185152009129524,1.7846763134002686,,,,,,
1764809232.004828,,,,,,,0.18410050868988037,-0.1845143437385559,-0.04064367711544037,0.2779422700405121,1.4976603984832764,-1.9256243705749512
1764809232.007673,-0.3410696916759014,0.7678966356143355,-0.6486842729955912,-0.5593036413192749,0.060732923448085785,1.7255064249038696,,,,,,
1764809232.014858,,,,,,,0.18675827980041504,-0.22537177801132202,-0.058530017733573914,0.3965224325656891,1.3969361782073975,-1.8250750303268433
1764809232.017725,-0.33714638075232506,0.9414864851087331,-0.8015437614113092,-0.5112053155899048,0.04399741813540459,1.630910873413086,,,,,,
1764809232.024888,,,,,,,0.17852509021759033,-0.22725623846054077,-0.048761069774627686,0.4330874979496002,1.3494418859481812,-1.7649641036987305
1764809232.027777,-0.3719774556368589,0.9203361450523138,-0.7887970925629139,-0.48541364073753357,0.01886969432234764,1.5506106615066528,,,,,,
1764809232.034919,,,,,,,0.18953484296798706,-0.23544830083847046,-0.06542916595935822,0.4711427390575409,1.2980519533157349,-1.6409313678741455
1764809232.037829,-0.25528175201416015,0.9527893848896026,-0.6670359222441912,-0.46493765711784363,0.004959471523761749,1.4779908657073975,,,,,,
1764809232.044949,,,,,,,0.21174490451812744,-0.22742515802383423,-0.0729362964630127,0.4739464819431305,1.1976134777069092,-1.5445377826690674
1764809232.047882,-0.24862638577818869,1.0158356236502528,-0.7075351058930158,-0.44077080488204956,-0.04300272464752197,1.3922141790390015,,,,,,
1764809232.054979,,,,,,,0.21665626764297485,-0.18958228826522827,-0.06315547227859497,0.42983120679855347,1.1121138334274292,-1.4744764566421509
1764809232.057934,-0.3717641051471233,1.091746604681015,-0.6368085417628288,-0.4149605631828308,-0.06070471554994583,1.3265718221664429,,,,,,
1764809232.065009,,,,,,,0.22123026847839355,-0.19311559200286865,-0.0558454692363739,0.374367356300354,1.0039489269256592,-1.3788706064224243
1764809232.067985,-0.43048166705369945,1.2172472537890076,-0.6597071867913007,-0.39742979407310486,-0.0465388298034668,1.2906653881072998,,,,,,
1764809232.075039,,,,,,,0.2174130082130432,-0.2223396897315979,-0.06357675790786743,0.2795628011226654,0.9160676002502441,-1.269883394241333
1764809232.078038,-0.38873686725795265,1.2928820482268928,-0.7144242808848619,-0.391349196434021,-0.07594586908817291,1.2461832761764526,,,,,,
1764809232.08507,,,,,,,0.21481209993362427,-0.22236526012420654,-0.08440563082695007,0.13185669481754303,0.8330786824226379,-1.1935635805130005
1764809232.088089,-0.395937007895112,1.389075062046945,-0.6175842013329267,-0.3787764012813568,-0.13340330123901367,1.1097426414489746,,,,,,
1764809232.0951,,,,,,,0.22874265909194946,-0.24398624897003174,-0.13746774196624756,0.04590902477502823,0.7185049653053284,-1.064494252204895
1764809232.098141,-0.6903595146864652,1.576394453947246,-0.5831190371513366,-0.34539487957954407,-0.1557963639497757,0.9925596117973328,,,,,,
1764809232.10513,,,,,,,0.2444210648536682,-0.27156877517700195,-0.19199411571025848,0.021692369133234024,0.5993519425392151,-0.9384854435920715
1764809232.108193,-0.8535024967074394,1.5935820278525352,-0.8358201250225306,-0.32373058795928955,-0.1348484754562378,0.8575663566589355,,,,,,
1764809232.11516,,,,,,,0.2633206248283386,-0.2924165725708008,-0.22778230905532837,0.06718102097511292,0.46717286109924316,-0.8041651844978333
1764809232.118247,-1.108399048796296,1.6398559955105185,-0.7581161230951547,-0.29631900787353516,-0.11466879397630692,0.6981143951416016,,,,,,
1764809232.12519,,,,,,,0.27331846952438354,-0.30754852294921875,-0.2458258867263794,0.18188710510730743,0.32553157210350037,-0.6375101804733276
1764809232.128299,-1.4356585340455175,1.5953680344864725,-0.7001537634700536,-0.2521275579929352,-0.09343674778938293,0.5241977572441101,,,,,,
1764809232.135221,,,,,,,0.27038419246673584,-0.3112550973892212,-0.24571239948272705,0.2916189432144165,0.19884392619132996,-0.4658345580101013
1764809232.13835,-1.704740555614233,1.6175781127288937,-0.6520628095179796,-0.21462735533714294,-0.06581045687198639,0.3561342656612396,,,,,,
1764809232.145251,,,,,,,0.26608163118362427,-0.3214760422706604,-0.26224640011787415,0.3957880735397339,0.0655098408460617,-0.2841094136238098
1764809232.148402,-1.8206749194756149,1.6413386352837085,-0.5970429330855608,-0.17864885926246643,-0.03217126801609993,0.17852061986923218,,,,,,
1764809232.155281,,,,,,,0.2711172103881836,-0.36610889434814453,-0.28843605518341064,0.45853984355926514,-0.09838908165693283,-0.08123674988746643
1764809232.158454,-1.7125865929394959,1.6080580047115682,-0.5498240857928991,-0.12560401856899261,-0.02789044938981533,-0.005229054018855095,,,,,,
1764809232.165311,,,,,,,0.2774454951286316,-0.4107552170753479,-0.29190659523010254,0.45375022292137146,-0.24062983691692352,0.13563472032546997
1764809232.168506,-1.5847206760048866,1.6089119911924004,-0.4886550390809774,-0.06229748576879501,-0.028922690078616142,-0.19193395972251892,,,,,,
1764809232.175341,,,,,,,0.27719753980636597,-0.41737526655197144,-0.2661610543727875,0.40295708179473877,-0.38930797576904297,0.3377406597137451
1764809232.178558,-1.6956515324905514,1.662376747137308,-0.49163317810893054,0.022696295753121376,-0.007109686266630888,-0.3774445950984955,,,,,,
1764809232.185371,,,,,,,0.2749175429344177,-0.39894378185272217,-0.2324102818965912,0.3462095260620117,-0.5185868740081787,0.5420886278152466
1764809232.188611,-1.717327065464854,1.7436308427616953,-0.5732108065992594,0.10704047232866287,0.017185000702738762,-0.5499109029769897,,,,,,
1764809232.195402,,,,,,,0.27561962604522705,-0.37613868713378906,-0.20518344640731812,0.30085107684135437,-0.6328511238098145,0.7543129920959473
1764809232.198663,-1.7077420755177735,1.8198665257021784,-0.5293927076607943,0.18181446194648743,0.050301335752010345,-0.703656017780304,,,,,,
1764809232.205432,,,,,,,0.27874600887298584,-0.3505108952522278,-0.20092537999153137,0.2806079089641571,-0.7351540923118591,0.9602709412574768
1764809232.208715,-1.6417986540108918,1.8508350799396633,-0.46267362560629843,0.25316905975341797,0.08118707686662674,-0.8447433710098267,,,,,,
1764809232.215462,,,,,,,0.2844501733779907,-0.3414708971977234,-0.21072369813919067,0.26485103368759155,-0.8404115438461304,1.160709261894226
1764809232.218767,-1.631035267934203,1.8433520307078957,-0.447978160777688,0.3221668303012848,0.10317660123109818,-0.9732721447944641,,,,,,
1764809232.225492,,,,,,,0.28463393449783325,-0.36388319730758667,-0.2362050712108612,0.3090345859527588,-0.9269298911094666,1.379858374595642
1764809232.228819,-1.6190572453707455,1.7788246134787797,-0.4350485365778208,0.3906407058238983,0.11634965986013412,-1.1211737394332886,,,,,,
1764809232.235522,,,,,,,0.27799272537231445,-0.3736608624458313,-0.23927044868469238,0.3654523193836212,-1.0127657651901245,1.5883848667144775
1764809232.238872,-1.6485247473955154,1.5769550104394554,-0.434214423841238,0.4907912313938141,0.07437838613986969,-1.306491494178772,,,,,,
1764809232.245553,,,,,,,0.26782524585723877,-0.3289968967437744,-0.17869997024536133,0.36289843916893005,-1.0808206796646118,1.7162796258926392
1764809232.248924,-1.6339532012075184,1.4090776933729647,-0.4884855277329683,0.5871691703796387,0.04358505457639694,-1.472200870513916,,,,,,
1764809232.255583,,,,,,,0.2599906921386719,-0.28687363862991333,-0.11815106868743896,0.3694934844970703,-1.131919026374817,1.8627030849456787
1764809232.258976,-1.3650743009954691,1.3902075732082129,-0.5213701447248459,0.674351692199707,0.05971996486186981,-1.5923576354980469,,,,,,
1764809232.265613,,,,,,,0.2496853470802307,-0.26787322759628296,-0.07292518019676208,0.34884801506996155,-1.1877542734146118,2.022926092147827
1764809232.269027,-1.1209405504614114,1.411423379716277,-0.485073088940978,0.7425589561462402,0.10015793144702911,-1.667418360710144,,,,,,
1764809232.275643,,,,,,,0.2360435128211975,-0.26159167289733887,-0.06220138072967529,0.3469238877296448,-1.1986058950424194,2.2000131607055664
1764809232.279079,-0.9733248079180717,1.4162085681661962,-0.3105968120008707,0.7979639768600464,0.13075405359268188,-1.7227368354797363,,,,,,
1764809232.285673,,,,,,,0.23519909381866455,-0.2647697329521179,-0.0749267041683197,0.34818077087402344,-1.2195745706558228,2.364210605621338
1764809232.289133,-1.0015706591933966,1.271234572303295,-0.23116847049891948,0.8575341105461121,0.13879121840000153,-1.7928181886672974,,,,,,
1764809232.295704,,,,,,,0.23297643661499023,-0.2597082257270813,-0.0862598866224289,0.3438504636287689,-1.2455363273620605,2.4918153285980225
1764809232.299185,-1.0235697250336409,1.0931614399150014,-0.24637714554667473,0.9238464832305908,0.12353251129388809,-1.8814269304275513,,,,,,
1764809232.305734,,,,,,,0.2275260090827942,-0.2560257315635681,-0.09609673917293549,0.3735645115375519,-1.2701327800750732,2.595789670944214
1764809232.309237,-0.9590367548465728,0.9158891025155782,-0.3269961581379175,1.0037966966629028,0.0491245873272419,-1.9954432249069214,,,,,,
1764809232.315764,,,,,,,0.2207515835762024,-0.20597565174102783,-0.04397599399089813,0.3085048198699951,-1.2792221307754517,2.636212110519409
1764809232.319288,-0.8696376389503478,0.6859884599953889,-0.32173955278396604,1.0782442092895508,-0.006082876585423946,-2.1115195751190186,,,,,,
1764809232.325794,,,,,,,0.22034525871276855,-0.1608690619468689,-0.005775749683380127,0.2585583031177521,-1.2610801458358765,2.710589647293091
1764809232.32934,-0.653524114242196,0.5515267980575561,-0.25580080745220185,1.1256455183029175,-0.0008465694263577461,-2.1837964057922363,,,,,,
1764809232.335824,,,,,,,0.22163331508636475,-0.1454487442970276,0.021798014640808105,0.17632175981998444,-1.2749220132827759,2.786292314529419
1764809232.339392,-0.4520487712174654,0.6121420102789997,-0.2114741744697094,1.1715312004089355,0.02314918115735054,-2.2144339084625244,,,,,,
1764809232.345855,,,,,,,0.21403026580810547,-0.11859756708145142,0.051128461956977844,0.0712466910481453,-1.2448441982269287,2.8562731742858887
1764809232.349444,-0.34220600222945213,0.6935965969115495,-0.09792319861352443,1.1999250650405884,0.07616978883743286,-2.215745687484741,,,,,,
1764809232.355885,,,,,,,0.2148657739162445,-0.11863601207733154,0.022559046745300293,0.08008065819740295,-1.2074766159057617,2.995549201965332
1764809232.359497,-0.2848439465850591,0.7263330376043915,-0.03037643356323242,1.2221815586090088,0.14616790413856506,-2.20647931098938,,,,,,
1764809232.365915,,,,,,,0.21989014744758606,-0.1516658067703247,-0.03486102819442749,0.275614470243454,-1.2164043188095093,3.156259298324585
1764809232.369549,-0.387602310270071,0.7159224104881287,-0.03401391328275204,1.2595670223236084,0.2191036343574524,-2.2193689346313477,,,,,,
1764809232.375945,,,,,,,0.21025943756103516,-0.1614750623703003,-0.04548446834087372,0.5542911291122437,-1.2212904691696167,3.2351293563842773
1764809232.379601,-0.6037386313319206,0.5195531584307551,-0.15617606561779976,1.3130621910095215,0.25045856833457947,-2.295426845550537,,,,,,
1764809232.385975,,,,,,,0.19178304076194763,-0.09452354907989502,0.017741739749908447,0.8362132906913757,-1.1484609842300415,3.223951578140259
1764809232.389653,-0.8078630275607108,0.3039377925030887,-0.2001496473789215,1.377114176750183,0.2399156391620636,-2.401533603668213,,,,,,
1764809232.396005,,,,,,,0.1911410391330719,-0.03016495704650879,0.06093628704547882,1.1545244455337524,-1.07595694065094,3.2465996742248535
1764809232.399705,-0.8086743439435958,0.18937617829963563,-0.1887742668837309,1.4480078220367432,0.22056037187576294,-2.4947023391723633,,,,,,
1764809232.406036,,,,,,,0.1930481195449829,0.04816854000091553,0.12531256675720215,1.2281553745269775,-1.0475982427597046,3.181692361831665
1764809232.409757,-0.5994575930118561,0.31504553503803906,-0.3509118712544441,1.5260288715362549,0.23760567605495453,-2.5475828647613525,,,,,,
1764809232.416066,,,,,,,0.1976121962070465,0.0721433162689209,0.16964712738990784,1.0365183353424072,-0.9505241513252258,3.139491081237793
1764809232.41981,-0.3027361616283655,0.5443186202444136,-0.42030514095425603,1.5826793909072876,0.3149401545524597,-2.5508885383605957,,,,,,
1764809232.426096,,,,,,,0.21659725904464722,0.017434298992156982,0.20928674936294556,0.6189051866531372,-0.8688841462135315,3.125744581222534
1764809232.429862,0.035523148801922796,0.8202649746246635,-0.4666705862879753,1.6293092966079712,0.38143715262413025,-2.501675844192505,,,,,,
1764809232.436126,,,,,,,0.23506516218185425,-0.00503993034362793,0.24793840944766998,0.0037802420556545258,-0.7847450375556946,3.119295597076416
1764809232.439914,0.43908290666043753,1.0337651019640266,-0.29811200895905493,1.6486468315124512,0.4053213894367218,-2.39774751663208,,,,,,
1764809232.446156,,,,,,,0.25071844458580017,0.003922522068023682,0.225579634308815,-0.4990535080432892,-0.7188962697982788,3.1394400596618652
1764809232.449965,0.8492407476097344,1.1519595197118817,0.053144730210304254,1.6455740928649902,0.40664899349212646,-2.2396771907806396,,,,,,
1764809232.456187,,,,,,,0.25149956345558167,0.005216121673583984,0.13213546574115753,-0.6688462495803833,-0.7139462828636169,3.2153546810150146
1764809232.460017,1.1095634164005517,1.239008273089677,0.31981121506989,1.6370962858200073,0.3847067356109619,-2.1007277965545654,,,,,,
1764809232.466217,,,,,,,0.2185208648443222,0.005814492702484131,0.03888988494873047,-0.5906009674072266,-0.7376630306243896,3.2113804817199707
1764809232.470071,1.0974129598796367,0.9666571667224169,0.41707156586050986,1.646154522895813,0.35394081473350525,-2.0153801441192627,,,,,,
1764809232.476247,,,,,,,0.16820989549160004,-0.006914675235748291,-0.03342469036579132,-0.2870759665966034,-0.6964737772941589,3.207221031188965
1764809232.480123,0.8749895213723182,0.5821114675439893,0.41094519193470475,1.6703177690505981,0.32494139671325684,-2.0225138664245605,,,,,,
1764809232.486277,,,,,,,0.13476833701133728,-0.01571476459503174,-0.05028204619884491,0.135748028755188,-0.6133272647857666,3.1881277561187744
1764809232.490175,0.47660745841264723,0.12908004196472464,0.3663222063541412,1.7117406129837036,0.29335817694664,-2.123337507247925,,,,,,
1764809232.496307,,,,,,,0.1216825619339943,0.04482525587081909,-0.03493553400039673,0.5649121999740601,-0.4914841651916504,3.1752588748931885
1764809232.500227,-0.05823766943514347,-0.2841970269836485,0.34878421157598494,1.7257189750671387,0.26368480920791626,-2.2722389698028564,,,,,,
1764809232.506338,,,,,,,0.13143232464790344,0.1213533878326416,-0.0035208016633987427,0.9275599122047424,-0.40443235635757446,3.1350862979888916
1764809232.510279,-0.4861509473055601,-0.5696377704180777,0.36765900791585443,1.7231439352035522,0.22451236844062805,-2.4165735244750977,,,,,,
1764809232.516368,,,,,,,0.14125993847846985,0.2266865372657776,0.0830879956483841,1.0195238590240479,-0.32503658533096313,3.034367799758911
1764809232.520331,-0.5793833577543497,-0.5519172586798667,0.32955928662419315,1.6887340545654297,0.19003167748451233,-2.485830783843994,,,,,,
1764809232.526398,,,,,,,0.16089995205402374,0.2150936722755432,0.09097516536712646,1.0672703981399536,-0.2704857289791107,3.077691078186035
1764809232.530383,-0.30651626468896864,-0.2850779014714062,0.42353170178532595,1.639108657836914,0.21480600535869598,-2.468672752380371,,,,,,
1764809232.536428,,,,,,,0.167009174823761,0.08431261777877808,0.04982709884643555,1.0217143297195435,-0.2974560856819153,3.1670289039611816
1764809232.540435,0.18163550104498863,0.029962007543444632,0.19115034836530684,1.608556866645813,0.3114056885242462,-2.375155210494995,,,,,,
1764809232.546458,,,,,,,0.1344972848892212,-0.013613462448120117,0.07170313596725464,0.7316622734069824,-0.2741142809391022,3.1348557472229004
1764809232.550487,0.8225093925505876,0.37180356037467716,-0.07824643824100494,1.574336051940918,0.38116133213043213,-2.2241177558898926,,,,,,
1764809232.556488,,,,,,,0.10371559113264084,-0.015884697437286377,0.09782928228378296,0.3347591161727905,-0.18189463019371033,3.0704829692840576
1764809232.56054,1.5450252099543809,0.5668550078317522,0.0130798463255167,1.5488001108169556,0.35197824239730835,-2.081139087677002,,,,,,
1764809232.566519,,,,,,,0.11184748262166977,0.011033833026885986,0.07019338011741638,0.15865154564380646,-0.1611832231283188,3.084474563598633
1764809232.570592,2.063800662010908,0.4136979977741837,0.19070026651024818,1.5502275228500366,0.2420773208141327,-1.993666172027588,,,,,,
1764809232.576549,,,,,,,0.10871148109436035,0.07045269012451172,0.06121404469013214,0.08795447647571564,-0.20414453744888306,3.0503296852111816
1764809232.580644,2.2480027986735105,0.04889087215811014,0.2505681674957275,1.5358010530471802,0.1048658937215805,-1.9591238498687744,,,,,,
1764809232.586579,,,,,,,0.08890193700790405,0.14555281400680542,0.06554001569747925,0.05158768221735954,-0.17859870195388794,2.98966646194458
1764809232.590696,2.179533073559403,-0.3289864551723003,0.2536193717598915,1.5122452974319458,-0.03328132629394531,-1.989505410194397,,,,,,
1764809232.596609,,,,,,,0.09508071839809418,0.13783836364746094,0.009452074766159058,0.10838066041469574,-0.13858869671821594,3.040583372116089
1764809232.600748,1.6550421664655208,-0.7105360412746667,0.3368132032752037,1.453328251838684,-0.10834289342164993,-2.0235073566436768,,,,,,
1764809232.606639,,,,,,,0.1007426381111145,0.11750096082687378,-0.029319405555725098,0.05060628056526184,-0.17988872528076172,3.0063014030456543
1764809232.6108,1.1991519173890353,-0.8725994113653898,0.3864093010932207,1.3710291385650635,-0.16397446393966675,-2.032449245452881,,,,,,
1764809232.61667,,,,,,,0.08300265669822693,0.1278630495071411,-0.004038035869598389,-0.21530209481716156,-0.19905470311641693,2.8798744678497314
1764809232.620852,0.7971347127974033,-0.9052019965454936,0.26242168689668177,1.2634520530700684,-0.23360446095466614,-1.992283582687378,,,,,,
1764809232.6267,,,,,,,0.07710373401641846,0.1262790560722351,0.024479269981384277,-0.492166131734848,-0.19463439285755157,2.817950487136841
1764809232.630904,0.6046235974729061,-0.8604337572753429,0.28940730897784234,1.1699026823043823,-0.28471505641937256,-1.9305262565612793,,,,,,
1764809232.63673,,,,,,,0.07130059599876404,0.10845023393630981,0.07262682914733887,-0.734208881855011,-0.2438296377658844,2.7521800994873047
1764809232.640956,0.541662991169095,-0.8084116013541817,0.13829963266551493,1.106384038925171,-0.29005682468414307,-1.866014838218689,,,,,,
1764809232.64676,,,,,,,0.060236990451812744,0.09187692403793335,0.11151327192783356,-0.8972890973091125,-0.2811990976333618,2.7133095264434814
1764809232.651009,0.6892120982170105,-0.6314826705649494,-0.08529577223062515,1.0583157539367676,-0.23739096522331238,-1.7944128513336182,,,,,,
1764809232.65679,,,,,,,0.05904567241668701,0.06880456209182739,0.10419352352619171,-0.944467306137085,-0.2956866919994354,2.7236762046813965
1764809232.661061,1.0755533025100827,-0.3568205107763409,-0.2545259652107954,1.0487746000289917,-0.14713753759860992,-1.7209677696228027,,,,,,
1764809232.666821,,,,,,,0.05400082468986511,0.05195724964141846,0.08203208446502686,-0.8163957595825195,-0.336291640996933,2.7341957092285156
1764809232.671113,1.3959621912121771,-0.16086100856363772,-0.472463782736659,1.0806294679641724,-0.06142768636345863,-1.6673692464828491,,,,,,
1764809232.676851,,,,,,,0.0382348895072937,0.07953596115112305,0.07926434278488159,-0.5794684290885925,-0.36952948570251465,2.7250583171844482
1764809232.681165,1.4809949285924433,-0.1802162818968296,-0.60428048312366,1.1203842163085938,0.010980368591845036,-1.6440054178237915,,,,,,
1764809232.686881,,,,,,,0.02184450626373291,0.1287078857421875,0.08373898267745972,-0.2965354919433594,-0.37519270181655884,2.6903250217437744
1764809232.691217,1.4863415503174067,-0.27422610645890233,-0.45443654313683507,1.1541712284088135,0.05446579307317734,-1.6160962581634521,,,,,,
1764809232.696911,,,,,,,0.015202999114990234,0.13670504093170166,0.08250081539154053,0.04742482304573059,-0.37831124663352966,2.681959867477417
1764809232.701269,1.4400091304704545,-0.41208325605392454,-0.24469430702626704,1.1980948448181152,-0.005257957614958286,-1.6797852516174316,,,,,,
1764809232.706941,,,,,,,0.014944911003112793,0.11898243427276611,0.07016153633594513,0.38162192702293396,-0.35588371753692627,2.705811023712158
1764809232.711321,0.6893620280817151,-0.7201695465385913,0.03842296189665794,1.2067006826400757,-0.025570420548319817,-1.779662847518921,,,,,,
1764809232.716972,,,,,,,0.016644209623336792,0.10697603225708008,0.06074702739715576,0.6643012762069702,-0.2987554371356964,2.729106903076172
1764809232.721373,0.2981064560011029,-0.8222796754479408,0.19876316145658493,1.2070081233978271,0.010493298061192036,-1.8606470823287964,,,,,,
1764809232.727002,,,,,,,0.018355071544647217,0.07842475175857544,0.05794611573219299,0.9534665942192078,-0.21433885395526886,2.7801928520202637
1764809232.731425,0.16522095733880995,-0.7758230446994304,0.2260083112567663,1.202909231185913,0.09881623834371567,-1.8920196294784546,,,,,,
1764809232.737032,,,,,,,0.028087615966796875,0.04926556348800659,0.04457509517669678,1.1756205558776855,-0.11689751595258713,2.889238119125366
1764809232.741478,0.20391835226267574,-0.5930857198923826,0.260608499994874,1.2000658512115479,0.20203909277915955,-1.8723725080490112,,,,,,
1764809232.747062,,,,,,,0.032208800315856934,0.03917241096496582,0.03064107894897461,1.4336363077163696,-0.02428368851542473,2.951390266418457
1764809232.75153,0.2505515086218715,-0.4110170881271362,0.28440847777724265,1.1906651258468628,0.3214419484138489,-1.8215926885604858,,,,,,
1764809232.757092,,,,,,,0.032395005226135254,0.055300116539001465,0.006181091070175171,1.7740262746810913,0.07896679639816284,3.0154778957366943
1764809232.761582,0.3812859667301178,-0.30608021135926244,0.2666688229471445,1.1857932806015015,0.4260241389274597,-1.7851487398147583,,,,,,
1764809232.767123,,,,,,,0.024468660354614258,0.10318225622177124,-0.008346110582351685,2.224177360534668,0.16613684594631195,3.0741260051727295
1764809232.771634,0.3875988031387329,-0.3826192611604929,0.1859194619745016,1.1863150596618652,0.5490427017211914,-1.7702858448028564,,,,,,
1764809232.777153,,,,,,,0.012368321418762207,0.1643136739730835,-0.027962923049926758,2.6624085903167725,0.2643902003765106,3.157541275024414
1764809232.781686,0.5393576368361711,-0.4899859954237938,0.19039339251816273,1.1891696453094482,0.6923818588256836,-1.7792047262191772,,,,,,
1764809232.787183,,,,,,,0.004769802093505859,0.1878480315208435,-0.03876686096191406,3.175816774368286,0.36688727140426636,3.2223129272460938
1764809232.791738,0.5909554298654198,-0.5871633441060781,0.1904027448683977,1.197858452796936,0.8220576047897339,-1.8224211931228638,,,,,,
1764809232.797213,,,,,,,0.001347959041595459,0.17323380708694458,-0.03550252318382263,3.7191715240478516,0.4784074127674103,3.303567886352539
1764809232.80179,0.5269175497189164,-0.6972761622071266,0.29848084227144717,1.202638864517212,0.9162213206291199,-1.882987141609192,,,,,,
1764809232.807243,,,,,,,0.00229489803314209,0.1758703589439392,-0.013370096683502197,4.265009880065918,0.6100708842277527,3.394122362136841
1764809232.811842,0.5039464239761233,-0.7841495590180159,0.41750820371210573,1.1872354745864868,0.9730017781257629,-1.949645757675171,,,,,,
1764809232.817273,,,,,,,0.005919158458709717,0.19391494989395142,-0.01789003610610962,4.807061672210693,0.7670069932937622,3.4682650566101074
1764809232.821894,0.49695291182696816,-0.7999754891812801,0.5260106640070676,1.1517829895019531,1.0072749853134155,-2.00844407081604,,,,,,
1764809232.827304,,,,,,,0.024354875087738037,0.2133203148841858,-0.02239072322845459,5.333197116851807,0.8639878630638123,3.4912493228912354
1764809232.831946,0.658358402530849,-0.6955892320334911,0.5725187326818705,1.110085368156433,1.0239354372024536,-2.0407936573028564,,,,,,
1764809232.837334,,,,,,,0.05101972818374634,0.2243369221687317,-0.020219087600708008,5.790830612182617,0.9803520441055298,3.4729666709899902
1764809232.841999,0.9773352126032113,-0.42497897798419,0.5549228702366352,1.0555126667022705,1.0263527631759644,-2.0093166828155518,,,,,,
1764809232.847364,,,,,,,0.08282524347305298,0.22772285342216492,-0.023690640926361084,5.852502822875977,1.0642600059509277,3.4203641414642334
1764809232.852051,1.3746828179486095,-0.04052373356819153,0.518164042159915,0.9969624876976013,0.9806681871414185,-1.942646861076355,,,,,,
1764809232.857394,,,,,,,0.12426561117172241,0.15429973602294922,-0.03781723976135254,5.397646903991699,1.0810672044754028,3.3307390213012695
1764809232.862103,1.4010159674704075,0.2838052511870861,0.35916356677114963,0.9466318488121033,0.873490035533905,-1.8661417961120605,,,,,,
1764809232.867424,,,,,,,0.15351754426956177,-0.02482357621192932,-0.03538155555725098,4.441225528717041,1.0049045085906982,3.125976085662842
1764809232.872155,1.1820283486306666,0.4844821373105049,0.1907037736415863,0.8984726071357727,0.7541865706443787,-1.7493896484375,,,,,,
1764809232.877455,,,,,,,0.155678391456604,-0.18937411904335022,-0.04242151975631714,3.196641683578491,1.007761836051941,2.823702812194824
1764809232.882207,1.3214625382840632,0.565294626647234,0.11391104134023189,0.8527277708053589,0.5474041700363159,-1.6907727718353271,,,,,,
1764809232.887485,,,,,,,0.16274750232696533,-0.1767665445804596,-0.047392576932907104,1.7545661926269531,1.099387288093567,2.590332269668579
1764809232.892259,0.9213719178408384,0.35573651493191716,0.17427578593194484,0.7629722952842712,0.31388217210769653,-1.6982431411743164,,,,,,
1764809232.897515,,,,,,,0.19433999061584473,-0.04825304448604584,-0.07432633638381958,0.6895627975463867,1.0771267414093018,2.4080865383148193
1764809232.902311,0.6840270967945457,0.15407529394626618,0.32868542639911175,0.6413075923919678,0.11478084325790405,-1.7079999446868896,,,,,,
1764809232.907545,,,,,,,0.24273931980133057,0.11421875655651093,-0.09950083494186401,0.08727835863828659,0.9097105860710144,2.2397992610931396
1764809232.912363,0.971709554741159,0.1954530139952898,0.25364801333248616,0.5122835636138916,-0.06457826495170593,-1.6419909000396729,,,,,,
1764809232.917575,,,,,,,0.28055334091186523,0.23498065769672394,-0.09569412469863892,-0.13276107609272003,0.6499637365341187,2.0804555416107178
1764809232.922415,1.4638698985293506,0.4840373161524534,0.06207271755337715,0.41884732246398926,-0.2973277270793915,-1.5162131786346436,,,,,,
1764809232.927606,,,,,,,0.266782283782959,0.2888719439506531,-0.07313674688339233,-0.15119031071662903,0.3979693055152893,1.9186859130859375
1764809232.932468,1.5360111517630517,0.7241723524391651,0.016931261056661605,0.3628256022930145,-0.5388777256011963,-1.3558056354522705,,,,,,
1764809232.937636,,,,,,,0.20217961072921753,0.28668320178985596,-0.03610527515411377,-0.11601687967777252,0.21821177005767822,1.741550326347351
1764809232.94252,1.334660604161769,0.932407691118121,0.034898879423737525,0.3406960070133209,-0.7368121147155762,-1.2074984312057495,,,,,,
1764809232.947666,,,,,,,0.1225706934928894,0.2577518820762634,-0.0032812952995300293,-0.05737980455160141,0.15151077508926392,1.520552396774292
1764809232.952572,0.9544109216768294,1.0024076945394278,-0.009799509480595587,0.3435743451118469,-0.833213746547699,-1.0927228927612305,,,,,,
1764809232.957696,,,,,,,0.06179022789001465,0.25455963611602783,0.03276604413986206,-0.09315191209316254,0.18637341260910034,1.283791184425354
1764809232.962624,0.5469445117685944,0.9437760573506355,-0.0024988310784101486,0.3559362292289734,-0.8277460336685181,-1.0084129571914673,,,,,,
1764809232.967726,,,,,,,0.04420006275177002,0.2497410625219345,0.04980766773223877,-0.18583278357982635,0.24330434203147888,1.1200945377349854
1764809232.972676,0.18341599125359206,0.8154232336819172,-0.05768938790261745,0.3637973666191101,-0.7661681175231934,-0.9063936471939087,,,,,,
1764809232.977756,,,,,,,0.048203110694885254,0.23132498562335968,0.05061215162277222,-0.33108559250831604,0.2675396502017975,0.9917889833450317
1764809232.982728,0.15493728107046334,0.7580407197713851,-0.009940379256010054,0.3472684323787689,-0.7044410705566406,-0.7032248973846436,,,,,,
1764809232.987787,,,,,,,0.04716521501541138,0.2069300413131714,0.04073762893676758,-0.46379750967025757,0.2594665586948395,0.8614466786384583
1764809232.99278,0.6542011367209255,0.7647218049705028,0.013457447466254234,0.3746339976787567,-0.8262777328491211,-0.6381750702857971,,,,,,
1764809232.997817,,,,,,,0.03249901533126831,0.18638169765472412,0.026274919509887695,-0.5674597024917603,0.2900460362434387,0.7251090407371521
1764809233.002832,-0.3879180982209742,0.2121656638652086,0.014544073659181594,0.3664203882217407,-0.8605749011039734,-0.642594039440155,,,,,,
1764809233.007847,,,,,,,0.026966869831085205,0.17161880433559418,0.02370893955230713,-0.6068059206008911,0.3516364097595215,0.5863016843795776
1764809233.012884,-0.5519941598409787,0.030717209824919697,0.07607201681137085,0.34189239144325256,-0.8008226156234741,-0.5785498023033142,,,,,,
1764809233.017877,,,,,,,0.016274690628051758,0.1671767234802246,0.028633922338485718,-0.6334905624389648,0.3554748296737671,0.4716254472732544
1764809233.022937,0.25818883509989826,0.18433949930667876,-0.06548749443292617,0.32460126280784607,-0.8198423981666565,-0.48362213373184204,,,,,,
1764809233.027907,,,,,,,0.0025351643562316895,0.16286855936050415,0.027370929718017578,-0.6793873310089111,0.3649357259273529,0.4016331136226654
1764809233.032989,0.45075675864554937,0.12351941216289997,-0.051388826453685754,0.3104947507381439,-0.91297447681427,-0.38791319727897644,,,,,,
1764809233.037938,,,,,,,-0.0020759105682373047,0.157233327627182,0.03301268815994263,-0.7537497282028198,0.40709567070007324,0.34006375074386597
1764809233.043041,0.5240092245241627,0.0802998636394739,-0.08980945026278496,0.2996746897697449,-0.9942581653594971,-0.3129325211048126,,,,,,
1764809233.047968,,,,,,,-0.002424001693725586,0.15196102857589722,0.056838393211364746,-0.7998600006103516,0.41879788041114807,0.2489715963602066
1764809233.053093,0.5685239639572799,0.1191261456400156,-0.2478244217455387,0.3111009895801544,-1.0288236141204834,-0.2603345811367035,,,,,,
1764809233.057998,,,,,,,-0.004454672336578369,0.14286774396896362,0.07982403039932251,-0.8210188150405884,0.4165389835834503,0.14295168220996857
1764809233.063145,0.5034541104145348,0.1928945616841316,-0.31605332384109497,0.3549409508705139,-1.0539659261703491,-0.2280236929655075,,,,,,
1764809233.068028,,,,,,,-0.016303956508636475,0.13405320048332214,0.10998797416687012,-0.8508836030960083,0.427135705947876,0.07628783583641052
1764809233.073197,0.29017120602242646,0.26059330242574213,-0.3033013942956924,0.43464964628219604,-1.0199458599090576,-0.20060645043849945,,,,,,
1764809233.078058,,,,,,,-0.04379701614379883,0.12726661562919617,0.1307133436203003,-0.8665233254432678,0.45379048585891724,0.04756483808159828
1764809233.083249,-0.0378184931974858,0.2858621837168932,-0.19924422297179697,0.5080686807632446,-0.9167035818099976,-0.16167476773262024,,,,,,
1764809233.088089,,,,,,,-0.07305735349655151,0.1482974886894226,0.10279452800750732,-0.8385032415390015,0.5411264300346375,-0.006025418173521757
1764809233.093301,-0.43901291016414756,0.2572352241694927,-0.19019173246622084,0.5330587029457092,-0.8071152567863464,-0.10130517184734344,,,,,,
1764809233.098119,,,,,,,-0.06607776880264282,0.18177461624145508,0.06928542256355286,-0.753799557685852,0.6530662775039673,-0.04824823886156082
1764809233.103353,-0.6297763050384819,0.22576690371632574,-0.3193833450466394,0.5331370830535889,-0.709837794303894,-0.02383190393447876,,,,,,
1764809233.108149,,,,,,,-0.02031266689300537,0.18892914056777954,0.04435938596725464,-0.6030677556991577,0.6898804903030396,-0.0643804669380188
1764809233.113405,-0.43336957051493225,0.1738590218245983,-0.4763888472259044,0.5324974060058594,-0.6024141311645508,0.035515040159225464,,,,,,
1764809233.118179,,,,,,,0.021113038063049316,0.1800587922334671,0.03137686848640442,-0.4670768976211548,0.6560807228088379,-0.09483744204044342
1764809233.123458,-0.09701711661927402,0.14413666825592517,-0.6277221489876509,0.5262650847434998,-0.5233854651451111,0.07434727996587753,,,,,,
1764809233.128209,,,,,,,0.034740984439849854,0.16358137130737305,0.036091238260269165,-0.39709097146987915,0.6282904148101807,-0.13019970059394836
1764809233.13351,0.2763721055116504,0.19764672464728356,-0.6797773303955793,0.5186785459518433,-0.525347113609314,0.10111231356859207,,,,,,
1764809233.13824,,,,,,,0.03268653154373169,0.12568384408950806,0.05868029594421387,-0.38894596695899963,0.6103957891464233,-0.15761081874370575
1764809233.143562,0.6536660069309175,0.30576983023583887,-0.6649632076233625,0.5407455563545227,-0.5829781889915466,0.1245102509856224,,,,,,
1764809233.14827,,,,,,,0.020073413848876953,0.09396356344223022,0.10024601221084595,-0.4254239499568939,0.6004766225814819,-0.19316713511943817
1764809233.153614,0.9532648203816264,0.4486825096547603,-0.5587231393024326,0.5943863987922668,-0.6379911303520203,0.14654816687107086,,,,,,
1764809233.1583,,,,,,,0.00024276971817016602,0.08569864928722382,0.11760631203651428,-0.5216101408004761,0.6143250465393066,-0.23695722222328186
1764809233.163666,0.989822719058767,0.5048112241119146,-0.41667321419268843,0.6328981518745422,-0.7181532979011536,0.1655511111021042,,,,,,
1764809233.16833,,,,,,,-0.01270526647567749,0.07880526781082153,0.11791622638702393,-0.6528995633125305,0.6463109254837036,-0.2856060266494751
1764809233.173718,0.7293344113774597,0.4574637820035219,-0.33211452406495806,0.6464887857437134,-0.8262720108032227,0.19633778929710388,,,,,,
1764809233.17836,,,,,,,-0.004038989543914795,0.06494028866291046,0.10653489828109741,-0.7861915826797485,0.6830337643623352,-0.3235110640525818
1764809233.18377,0.5813388757362962,0.3871013750106096,-0.24788228941261767,0.6558962464332581,-0.934352457523346,0.2295154482126236,,,,,,
1764809233.18839,,,,,,,0.017567336559295654,0.043738171458244324,0.086353600025177,-0.9130210280418396,0.6807131171226501,-0.3594917953014374
1764809233.193822,0.5015316179193556,0.33972529132962226,-0.2587222478568554,0.6663699746131897,-1.020195484161377,0.24858954548835754,,,,,,
1764809233.198421,,,,,,,0.029775619506835938,0.026254922151565552,0.07760816812515259,-1.0429034233093262,0.6569026112556458,-0.3946854770183563
1764809233.203874,0.3382604064088315,0.25712358048856254,-0.283699160464108,0.7007952928543091,-1.0364885330200195,0.24420413374900818,,,,,,
1764809233.208451,,,,,,,0.013624846935272217,0.011847347021102905,0.0811932384967804,-1.0756409168243408,0.6417350769042969,-0.4076795279979706
1764809233.213926,0.1297350718073547,0.1895972737044096,-0.168626381868124,0.7661553621292114,-0.9172713160514832,0.22494521737098694,,,,,,
1764809233.218481,,,,,,,-0.032467424869537354,0.02318599820137024,0.06025102734565735,-1.037907361984253,0.665924072265625,-0.4180176556110382
1764809233.223979,-0.23681802069321273,0.08848024748563765,-0.038408348849415776,0.814874529838562,-0.7506518959999084,0.20948299765586853,,,,,,
1764809233.228511,,,,,,,-0.06833511590957642,0.0659300833940506,0.020495206117630005,-0.920889675617218,0.7653241157531738,-0.4228177070617676
1764809233.234031,-0.7023521502971649,-0.018303718453645704,0.009736381116509436,0.8266579508781433,-0.5938087701797485,0.21950474381446838,,,,,,
1764809233.238541,,,,,,,-0.05143153667449951,0.10248096287250519,-0.00917777419090271,-0.7138896584510803,0.8662065267562866,-0.40413910150527954
1764809233.244083,-0.9057026395440101,-0.07509995690882205,0.08222001804709433,0.8231691122055054,-0.4422219693660736,0.2544023096561432,,,,,,
1764809233.248572,,,,,,,-0.006596207618713379,0.1359478086233139,-0.030162781476974487,-0.4790641665458679,0.9019448161125183,-0.387177050113678
1764809233.254135,-0.9115206781730055,-0.12370412108004092,0.09269523483216761,0.8122448325157166,-0.283196359872818,0.2934362590312958,,,,,,
1764809233.258602,,,,,,,0.029938459396362305,0.14566496014595032,-0.040291547775268555,-0.2527537941932678,0.8859514594078064,-0.37447988986968994
1764809233.264187,-0.8221215622767806,-0.06489712732434272,0.05997632979601621,0.8190482258796692,-0.11433186382055283,0.33135655522346497,,,,,,
1764809233.268632,,,,,,,0.040296852588653564,0.12939725816249847,-0.019161373376846313,-0.02496560476720333,0.8681615591049194,-0.36041730642318726
1764809233.274239,-0.6293607099749148,0.11680150208473204,0.09930793097019194,0.8820831179618835,0.10219085961580276,0.366847962141037,,,,,,
1764809233.278662,,,,,,,0.017476260662078857,0.12303441762924194,0.0012981593608856201,0.21109884977340698,0.877009391784668,-0.33954983949661255
1764809233.284291,-0.5950549741387366,0.312347455060482,0.19207009355872867,0.9634913206100464,0.3608393669128418,0.40016478300094604,,,,,,
1764809233.288692,,,,,,,-0.02127814292907715,0.13174930214881897,0.004831254482269287,0.4917950928211212,0.9462579488754272,-0.31289762258529663
1764809233.294343,-0.8560165253549814,0.3994657665431499,0.28263591514676806,1.0386476516723633,0.6480016708374023,0.4402797222137451,,,,,,
1764809233.298723,,,,,,,-0.04167938232421875,0.15856318175792694,-0.0021634697914123535,0.8353365063667297,1.0528453588485718,-0.2977069318294525
1764809233.304395,-1.1199920175649225,0.4354641316413879,0.42778176044523714,1.0881929397583008,0.9509849548339844,0.4972647726535797,,,,,,
1764809233.308753,,,,,,,-0.03117203712463379,0.19529379904270172,-0.034855350852012634,1.1904388666152954,1.1503045558929443,-0.30162331461906433
1764809233.314447,-1.2508803510606288,0.3797241242408752,0.5187862657114863,1.1061346530914307,1.2115061283111572,0.5724130868911743,,,,,,
1764809233.318783,,,,,,,0.009151875972747803,0.2064886838197708,-0.05907866358757019,1.512563943862915,1.2030715942382812,-0.31786540150642395
1764809233.3245,-1.2135578977517782,0.2752700625538826,0.5645268571451306,1.1017515659332275,1.4204907417297363,0.6590522527694702,,,,,,
1764809233.328813,,,,,,,0.053949832916259766,0.17899580299854279,-0.08285866677761078,1.8340972661972046,1.2261378765106201,-0.3473258316516876
1764809233.334552,-0.920110957994312,0.2699585121423006,0.7614134110748767,1.0938035249710083,1.5622388124465942,0.7417924404144287,,,,,,
1764809233.338843,,,,,,,0.08126270771026611,0.1455584317445755,-0.1088796854019165,2.1376636028289795,1.2184690237045288,-0.3904479742050171
1764809233.344604,-0.6057242521911859,0.2910363714843988,1.0026070165038108,1.081002116203308,1.6054387092590332,0.8114373683929443,,,,,,
1764809233.348873,,,,,,,0.08408433198928833,0.12711529433727264,-0.1138981431722641,2.379755735397339,1.199622631072998,-0.4406028389930725
1764809233.354656,-0.40780601712614295,0.21747838332056998,1.1084031404495238,1.052931785583496,1.5563654899597168,0.867720901966095,,,,,,
1764809233.358904,,,,,,,0.07824927568435669,0.1060163825750351,-0.10662829875946045,2.5233960151672363,1.1800792217254639,-0.49847570061683655
1764809233.364708,-0.21746523157805203,0.1197667816311121,1.209006664188206,1.0195046663284302,1.4693303108215332,0.8985493183135986,,,,,,
1764809233.368934,,,,,,,0.07776367664337158,0.05706268548965454,-0.0900353193283081,2.5680415630340576,1.1437917947769165,-0.5261246562004089
1764809233.37476,-0.08812193556725978,0.07231295653879642,1.1668526990696788,0.9874204993247986,1.4064372777938843,0.9008542895317078,,,,,,
1764809233.378964,,,,,,,0.07794111967086792,-0.003977417945861816,-0.06605057418346405,2.5005300045013428,1.095165729522705,-0.5652275681495667
1764809233.384812,0.013762275631725787,0.04354337365031242,1.1525210991173982,0.9694892764091492,1.3811688423156738,0.8819260597229004,,,,,,
1764809233.388994,,,,,,,0.07206201553344727,-0.031655892729759216,-0.04929858446121216,2.3655319213867188,1.076501727104187,-0.6269267797470093
1764809233.394864,0.08200155299082398,0.09362053298354148,1.074744908736646,0.9522975087165833,1.3704941272735596,0.8638411164283752,,,,,,
1764809233.399024,,,,,,,0.07652133703231812,-0.03685612976551056,-0.04556691646575928,2.2008955478668213,1.0573229789733887,-0.6637593507766724
1764809233.404916,0.06287395093366503,0.2226321128219366,0.9396107543647289,0.9340739250183105,1.3411669731140137,0.8574233055114746,,,,,,
1764809233.409055,,,,,,,0.08968913555145264,-0.0510275661945343,-0.05533498525619507,2.031304359436035,1.0098859071731567,-0.6691190004348755
1764809233.414968,0.011323650307953357,0.30168752935826776,0.8267872160002588,0.9125415086746216,1.282772421836853,0.8619973063468933,,,,,,
1764809233.419084,,,,,,,0.09590578079223633,-0.06740045547485352,-0.06977522373199463,1.8370333909988403,0.940071165561676,-0.6762890219688416
1764809233.425021,0.010621347257494926,0.2512719318509102,0.720287619960308,0.8797236680984497,1.194832444190979,0.8635962009429932,,,,,,
1764809233.429114,,,,,,,0.09882575273513794,-0.09352394938468933,-0.0797278881072998,1.6211556196212769,0.8648427128791809,-0.6776369214057922
