timestamp,phone_accel_x,phone_accel_y,phone_accel_z,phone_gyro_x,phone_gyro_y,phone_gyro_z,watch_accel_x,watch_accel_y,watch_accel_z,watch_gyro_x,watch_gyro_y,watch_gyro_z
1764809191.698012,-0.18587942222505807,-0.028757892450690267,-0.13495821328312158,-0.13599076867103577,-0.13104590773582458,-0.11227357387542725,,,,,,
1764809191.703428,,,,,,,-0.0027734041213989258,-0.03242120146751404,0.007862091064453125,1.104819655418396,-0.11837423592805862,0.26987695693969727
1764809191.708064,-0.20812866343408823,-0.007243979778885841,-0.13019143727272747,-0.13145732879638672,-0.11661071330308914,-0.1074867770075798,,,,,,
1764809191.713459,,,,,,,-0.006408095359802246,-0.036063969135284424,0.02394998073577881,0.9739487171173096,-0.1121315211057663,0.2561957538127899
1764809191.718117,-0.18916969594210384,-0.005894318735599518,-0.1084402087137103,-0.12202546745538712,-0.12233437597751617,-0.10086429119110107,,,,,,
1764809191.723489,,,,,,,-0.007985532283782959,-0.03611832857131958,0.03179919347167015,0.8671087622642517,-0.10722118616104126,0.23531855642795563
1764809191.728169,-0.13686375464349984,0.015652911683917043,-0.06404504053965211,-0.10648820549249649,-0.14246220886707306,-0.09567904472351074,,,,,,
1764809191.733519,,,,,,,-0.008500993251800537,-0.029357552528381348,0.03466928005218506,0.795423150062561,-0.09657946228981018,0.2164633870124817
1764809191.738221,-0.09946458283662796,0.0564671526312828,-0.039591713415086265,-0.08794994652271271,-0.16169050335884094,-0.09254264086484909,,,,,,
1764809191.743549,,,,,,,-0.009505927562713623,-0.016877323389053345,0.03503143787384033,0.7485952973365784,-0.08263301849365234,0.20121432840824127
1764809191.748273,-0.09218377817869186,0.07366963184475898,0.004084638965129852,-0.06675219535827637,-0.17918644845485687,-0.08761932700872421,,,,,,
1764809191.75358,,,,,,,-0.007797598838806152,-0.00772586464881897,0.029849767684936523,0.7012724876403809,-0.0670175775885582,0.17837558686733246
1764809191.758325,-0.12774112151116132,0.11321429124772547,0.08678396496176718,-0.05234156548976898,-0.1808626353740692,-0.08381419628858566,,,,,,
1764809191.76361,,,,,,,-0.004545867443084717,-0.005790054798126221,0.019176959991455078,0.6580817103385925,-0.05460271239280701,0.15917199850082397
1764809191.768378,-0.25107319440841674,0.1358306122034788,0.08418386546596884,-0.04339718073606491,-0.16710753738880157,-0.08310869336128235,,,,,,
1764809191.77364,,,,,,,-0.0018069148063659668,-0.010113656520843506,0.009897949174046516,0.6019204258918762,-0.0386732816696167,0.1473132073879242
1764809191.77843,-0.3912292685955763,0.11179214949011802,0.039359658224880696,-0.035904109477996826,-0.1357477456331253,-0.07315832376480103,,,,,,
1764809191.78367,,,,,,,-0.003405630588531494,-0.014390319585800171,0.009620307013392448,0.5224141478538513,-0.02140268310904503,0.13196967542171478
1764809191.788482,-0.42503363078087564,0.07643792751431465,0.01458718214854598,-0.026539262384176254,-0.08400534093379974,-0.060966942459344864,,,,,,
1764809191.7937,,,,,,,-0.004885375499725342,-0.014713555574417114,0.005967022851109505,0.4322608411312103,-0.006383519619703293,0.11208944022655487
1764809191.798534,-0.4279863431066274,0.060574587950110434,-0.03553279341310262,-0.018893327564001083,-0.025705281645059586,-0.049466345459222794,,,,,,
1764809191.803731,,,,,,,-0.00460660457611084,-0.013241499662399292,0.003191351890563965,0.3706868290901184,0.00804149266332388,0.10060641914606094
1764809191.808587,-0.4180582388103008,0.02064063696861267,-0.06653846479058265,-0.01401196513324976,0.02796829119324684,-0.04282769560813904,,,,,,
1764809191.813761,,,,,,,-0.0056337714195251465,-0.0020282864570617676,0.003250839188694954,0.34807950258255005,0.020503222942352295,0.09460019320249557
1764809191.818639,-0.3621837913751602,0.021404607078433037,-0.08145984732955694,-0.007336486130952835,0.07317119091749191,-0.03567151352763176,,,,,,
1764809191.823791,,,,,,,-0.008849740028381348,0.010082602500915527,0.004419445060193539,0.36402398347854614,0.027218647301197052,0.08853637427091599
1764809191.828691,-0.3137383248969912,0.010810147827863693,-0.08983896861821412,-0.004332228098064661,0.10835931450128555,-0.025895241647958755,,,,,,
1764809191.833821,,,,,,,-0.010915398597717285,0.02036052942276001,0.0030803661793470383,0.38463151454925537,0.024476923048496246,0.08487559109926224
1764809191.838743,-0.24544220278412102,-0.01064472813308239,-0.08484685941934585,-0.0013164645060896873,0.1405409574508667,-0.017158741131424904,,,,,,
1764809191.843852,,,,,,,-0.008684158325195312,0.02060335874557495,-0.0006475448608398438,0.3720830976963043,0.011632232926785946,0.07331287860870361
1764809191.848795,-0.2293707734271884,-0.028047698354721068,-0.11443886460661888,-0.0006310734897851944,0.17626148462295532,-0.013106854632496834,,,,,,
1764809191.853882,,,,,,,-0.006044328212738037,0.006695061922073364,-0.0010279426351189613,0.3429936468601227,0.006138397380709648,0.06472525000572205
1764809191.858848,-0.24055121587216852,-0.021958733829855918,-0.14860577649399637,0.004388452507555485,0.20684443414211273,-0.0036494373343884945,,,,,,
1764809191.863912,,,,,,,-0.007747232913970947,-0.007318347692489624,0.0056288233026862144,0.29250970482826233,0.007876909337937832,0.05989054962992668
1764809191.8689,-0.2150663537427783,-0.028938509714603423,-0.12702756641432641,0.007921667769551277,0.22275975346565247,0.006190409883856773,,,,,,
1764809191.873942,,,,,,,-0.011910438537597656,-0.010135352611541748,0.006532429717481136,0.23109586536884308,0.007871316745877266,0.042454835027456284
1764809191.878952,-0.16476590704768895,-0.06174713886082172,-0.08560673787593841,0.01100694015622139,0.21999245882034302,0.013772695325314999,,,,,,
1764809191.883973,,,,,,,-0.014773726463317871,-0.007586538791656494,0.008772730827331543,0.18870128691196442,0.007439085282385349,0.020565645769238472
1764809191.889004,-0.130901046846807,-0.08544424079060554,-0.0532408840611577,0.006176232360303402,0.19785040616989136,0.023093493655323982,,,,,,
1764809191.894003,,,,,,,-0.01242595911026001,0.000533759593963623,0.004572510253638029,0.1718011349439621,0.00999838300049305,0.006258878391236067
1764809191.899056,-0.07215016719251871,-0.08584288471937179,-0.020755349389463662,-0.001028683502227068,0.17071305215358734,0.029314637184143066,,,,,,
1764809191.904033,,,,,,,-0.00861048698425293,0.007300287485122681,8.344557136297226e-05,0.1777248978614807,0.008598625659942627,-0.006138802506029606
1764809191.909109,0.02101093158572912,-0.07666530652940273,-0.035517595843970774,-0.003507711458951235,0.14678724110126495,0.03264426440000534,,,,,,
1764809191.914063,,,,,,,-0.0033397674560546875,0.010514557361602783,-0.0020842552185058594,0.2015940099954605,0.0005151329096406698,-0.011334896087646484
1764809191.919161,0.10838906304836272,-0.05332476295232773,-0.05538038030788302,-0.008495811372995377,0.12136097997426987,0.032428015023469925,,,,,,
1764809191.924094,,,,,,,-0.0014252066612243652,0.011590540409088135,-0.0027246477548033,0.23013442754745483,0.00011485978029668331,-0.006837416440248489
1764809191.929213,0.14720190104544162,-0.029473347243666646,-0.03368921137303114,-0.012209699489176273,0.09079211950302124,0.03233226761221886,,,,,,
1764809191.934124,,,,,,,4.106760025024414e-05,0.007760375738143921,-0.00201320624910295,0.25627627968788147,-0.0017557446844875813,-0.0023475924972444773
1764809191.939265,0.1589309172838926,-0.007689385458827018,-0.023763152903318405,-0.012795860879123211,0.06048135086894035,0.03115568310022354,,,,,,
1764809191.944154,,,,,,,0.0030425190925598145,0.003855198621749878,-0.001690983772277832,0.24515658617019653,-0.008766782470047474,-0.003889829386025667
1764809191.949318,0.17202362309098243,0.026050971579551694,-0.01206686989068985,-0.014810383319854736,0.03861576318740845,0.0295918770134449,,,,,,
1764809191.954184,,,,,,,0.004681229591369629,-0.003643512725830078,-0.0057909488677978516,0.20154866576194763,-0.01458339300006628,-0.005691990721970797
1764809191.95937,0.13319675656855107,0.037329321441054344,-0.03298778510540724,-0.02216603420674801,0.01631231978535652,0.02531377412378788,,,,,,
1764809191.964215,,,,,,,0.007245242595672607,-0.015139967203140259,-0.004647314548492432,0.13976334035396576,-0.016370106488466263,-0.0030079898424446583
1764809191.969422,0.07085077503174543,0.02390636076629162,-0.03242123726382851,-0.02538488805294037,-0.0017697138246148825,0.02116657979786396,,,,,,
1764809191.974245,,,,,,,0.003964722156524658,-0.02041637897491455,0.001254379516467452,0.07190226018428802,-0.018254026770591736,-0.009815828874707222
1764809191.979474,0.06342004050910473,0.01132043543756008,-0.012207301274687051,-0.02232997678220272,-0.015720151364803314,0.01888052187860012,,,,,,
1764809191.984275,,,,,,,-0.0011562108993530273,-0.02285236120223999,0.005016148090362549,0.007925480604171753,-0.023609377443790436,-0.01788141205906868
1764809191.989526,0.06012362931221723,0.012645546561479568,0.03292597191557288,-0.015379552729427814,-0.030109142884612083,0.0200452022254467,,,,,,
1764809191.994305,,,,,,,-0.004991292953491211,-0.01731741428375244,0.0005930662155151367,-0.03753707557916641,-0.022602170705795288,-0.027179040014743805
1764809191.999579,0.0031499884635210035,0.011540215668082237,0.08107625483945012,-0.013841577805578709,-0.04193570837378502,0.021040959283709526,,,,,,
1764809192.004335,,,,,,,-0.006687462329864502,-0.010200440883636475,-0.007269144058227539,-0.051116980612277985,-0.017576519399881363,-0.03511299565434456
1764809192.009631,-0.06942191127240657,-0.0014472761988639832,0.07482464709877967,-0.015427809208631516,-0.05199575796723366,0.02564563974738121,,,,,,
1764809192.014366,,,,,,,-0.00519329309463501,0.00020247697830200195,-0.012983739376068115,-0.03375636786222458,-0.011048578657209873,-0.03785072639584541
1764809192.019683,-0.11253770716041325,-0.03760813838243484,0.06236015619263052,-0.02320796810090542,-0.05277712643146515,0.02557559870183468,,,,,,
1764809192.024396,,,,,,,-0.003301262855529785,0.009374380111694336,-0.01616370677947998,-0.006275486201047897,-0.011289594694972038,-0.03400864824652672
1764809192.029735,-0.1369423728376627,-0.06378127503693104,0.04559621452689171,-0.02847670577466488,-0.04269649088382721,0.02572154998779297,,,,,,
1764809192.034426,,,,,,,-0.00010663270950317383,0.012077271938323975,-0.01946389675140381,0.021306073293089867,-0.01816534250974655,-0.03252606838941574
1764809192.039788,-0.12556260842829942,-0.051743631240725514,0.023702654887735843,-0.03350209444761276,-0.027315936982631683,0.02345120534300804,,,,,,
1764809192.044456,,,,,,,0.0035454630851745605,0.0043735504150390625,-0.01866203546524048,0.04195036739110947,-0.019767235964536667,-0.02674594335258007
1764809192.04984,-0.1202130640938878,-0.01796761836707592,0.012627572513371705,-0.029773565009236336,-0.014341182075440884,0.02496390789747238,,,,,,
1764809192.054487,,,,,,,0.002964198589324951,-0.003062218427658081,-0.013742625713348389,0.057636652141809464,-0.02308313548564911,-0.02278156206011772
1764809192.059892,-0.1177969428628683,0.008387889117002487,0.01385667591691017,-0.03002976067364216,-0.009308606386184692,0.02855811081826687,,,,,,
1764809192.064517,,,,,,,-0.0008956789970397949,-0.004224032163619995,-0.009077072143554688,0.060899704694747925,-0.030350901186466217,-0.021563299000263214
1764809192.069944,-0.10510843394249678,-0.0004091653227806091,0.052310909734666344,-0.024601547047495842,-0.011351642198860645,0.03171053156256676,,,,,,
1764809192.074547,,,,,,,-0.0056726932525634766,-0.004425853490829468,-0.00953000783920288,0.06550217419862747,-0.0321328230202198,-0.020901503041386604
1764809192.079996,-0.08868483014702797,-0.013834464085102081,0.06395604708194733,-0.023276889696717262,-0.014959958381950855,0.030649526044726372,,,,,,
1764809192.084577,,,,,,,-0.007466495037078857,-0.005393117666244507,-0.010956227779388428,0.061385393142700195,-0.027835283428430557,-0.02213194966316223
1764809192.090049,-0.11172171460241079,-0.055558221092820166,0.05615969411730766,-0.024033384397625923,-0.016208358108997345,0.03152519837021828,,,,,,
1764809192.094608,,,,,,,-0.007716774940490723,-0.007111281156539917,-0.012184560298919678,0.05129760131239891,-0.02484055608510971,-0.028759492561221123
1764809192.100101,-0.15641221246123313,-0.08069090878367424,0.06865677211880683,-0.02630452811717987,-0.01720464788377285,0.030052201822400093,,,,,,
1764809192.104638,,,,,,,-0.0060620903968811035,-0.01197969913482666,-0.012861013412475586,0.038066983222961426,-0.02061491832137108,-0.03114335425198078
1764809192.110153,-0.17799948263019322,-0.042379590567946435,0.06402385162115097,-0.024225346744060516,-0.01252178568392992,0.0312297772616148,,,,,,
1764809192.114668,,,,,,,-0.0027213096618652344,-0.014944791793823242,-0.012913405895233154,0.020740987733006477,-0.015678483992815018,-0.03261741250753403
1764809192.120205,-0.17239216414242983,-0.0202864167034626,0.08490618839114904,-0.022540096193552017,-0.0073419371619820595,0.03020765446126461,,,,,,
1764809192.124698,,,,,,,-0.0019608736038208008,-0.013314098119735718,-0.014841258525848389,0.006775720976293087,-0.014588451944291592,-0.0350135937333107
1764809192.130257,-0.20060849706232547,-0.01358136610686779,0.06786503721922636,-0.019262975081801414,-0.0028727853205055,0.027653170749545097,,,,,,
1764809192.134729,,,,,,,-0.0032033324241638184,-0.011719971895217896,-0.012594282627105713,0.005269703455269337,-0.012830234132707119,-0.03704771772027016
1764809192.14031,-0.22510522493720053,-0.014927520018815994,0.07109174418076872,-0.022925620898604393,-0.002905808622017503,0.030710212886333466,,,,,,
1764809192.144759,,,,,,,-0.004233002662658691,-0.010924100875854492,-0.014600754715502262,-0.0013333663810044527,-0.006738518364727497,-0.04182429239153862
1764809192.150362,-0.1744093491837382,-0.006879238119721413,0.09606704935282469,-0.03693464398384094,-0.02065039426088333,0.034446779638528824,,,,,,
1764809192.154789,,,,,,,0.0028272271156311035,-0.012003451585769653,-0.021238625049591064,-0.005038355942815542,-0.007520955987274647,-0.04713943228125572
1764809192.160414,-0.0659656333386898,-0.017983400458097456,0.07873188367038965,-0.05095165967941284,-0.068327896296978,0.038554172962903976,,,,,,
1764809192.164819,,,,,,,0.011933088302612305,-0.016599386930465698,-0.02245032787322998,-0.005522049963474274,-0.015798326581716537,-0.04890776798129082
1764809192.170466,0.12785276519209146,0.0061252048820257185,0.045130935102701185,-0.060271553695201874,-0.13905291259288788,0.03609275817871094,,,,,,
1764809192.17485,,,,,,,0.019902169704437256,-0.017792582511901855,-0.021343708038330078,-0.02673199772834778,-0.04534556344151497,-0.05087264999747276
1764809192.180519,0.23402532123476266,0.02091127060353756,0.037291181387752295,-0.06491690129041672,-0.21768620610237122,0.026567962020635605,,,,,,
1764809192.18488,,,,,,,0.016478359699249268,-0.022931158542633057,-0.016618013381958008,-0.05904287099838257,-0.07781349867582321,-0.05601581186056137
1764809192.190571,0.21765373988747597,-0.021216975551843643,0.05360065728425979,-0.07186263799667358,-0.29247453808784485,0.015251487493515015,,,,,,
1764809192.19491,,,,,,,0.007061481475830078,-0.03137126564979553,-0.012068510055541992,-0.11921673268079758,-0.09828867763280869,-0.05703314021229744
1764809192.200623,0.1637225354745984,-0.036543724021315574,0.06478811399191618,-0.07296225428581238,-0.35375919938087463,0.005361839197576046,,,,,,
1764809192.20494,,,,,,,-0.002469480037689209,-0.040464311838150024,-0.00810694694519043,-0.21109460294246674,-0.10673036426305771,-0.06628123670816422
1764809192.210675,0.044082302832603455,-0.07692951042354107,0.04136778317689895,-0.07359475642442703,-0.38501301407814026,-0.0016979346983134747,,,,,,
1764809192.21497,,,,,,,-0.011895418167114258,-0.051012009382247925,-0.00318747665733099,-0.31881919503211975,-0.1119389757514,-0.07554078102111816
1764809192.220727,-0.08306786704808473,-0.10974398478865623,0.04098433681726456,-0.07372018694877625,-0.39335933327674866,-0.0056705716997385025,,,,,,
1764809192.225001,,,,,,,-0.018501758575439453,-0.05519235134124756,-0.0036563286557793617,-0.4148257076740265,-0.104494109749794,-0.08144114166498184
1764809192.23078,-0.20928397094905377,-0.14944003536105155,0.04889876320362091,-0.07610004395246506,-0.3835102617740631,-0.010868743993341923,,,,,,
1764809192.235031,,,,,,,-0.019673168659210205,-0.04948735237121582,-0.0055179595947265625,-0.46738290786743164,-0.09403400868177414,-0.08568994700908661
1764809192.240832,-0.31637861027270553,-0.18444880490005014,0.046589024956524366,-0.07447418570518494,-0.36178234219551086,-0.013894361443817616,,,,,,
1764809192.245061,,,,,,,-0.020966053009033203,-0.03143346309661865,-0.008659064769744873,-0.4620981514453888,-0.08886827528476715,-0.07857079058885574
1764809192.250884,-0.34917876385152335,-0.18217852188050745,0.011102408772706985,-0.06891355663537979,-0.3270309567451477,-0.014397356659173965,,,,,,
1764809192.255091,,,,,,,-0.021416008472442627,-0.008499056100845337,-0.009477317333221436,-0.4062652289867401,-0.08731245994567871,-0.06557589024305344
1764809192.260936,-0.32341859191209077,-0.16928338447213173,-0.0008978256225585938,-0.06218375638127327,-0.28317588567733765,-0.013475369662046432,,,,,,
1764809192.265122,,,,,,,-0.025902211666107178,0.007325857877731323,-0.011261820793151855,-0.3134949207305908,-0.08367857336997986,-0.046835631132125854
1764809192.270989,-0.29075317062884565,-0.1311643739581108,0.01514466990083456,-0.05307452008128166,-0.24455805122852325,-0.0078033339232206345,,,,,,
1764809192.275152,,,,,,,-0.028943955898284912,0.017757683992385864,-0.008495986461639404,-0.22399590909481049,-0.07321235537528992,-0.03260503336787224
1764809192.281041,-0.3352466846108436,-0.1327244628816843,0.059268035396188495,-0.04115474224090576,-0.21348242461681366,4.153931513428688e-05,,,,,,
1764809192.285182,,,,,,,-0.03020554780960083,0.013709485530853271,-0.007992148399353027,-0.16171379387378693,-0.051992017775774,-0.021323347464203835
1764809192.291093,-0.3859548353239894,-0.1603694256544113,0.08315291498303413,-0.029054192826151848,-0.17981746792793274,0.003440047148615122,,,,,,
1764809192.295212,,,,,,,-0.03318542242050171,-0.0020914971828460693,-0.00703316880390048,-0.16625234484672546,-0.042675212025642395,-0.023069314658641815
1764809192.301145,-0.43966684402823447,-0.21533961772620677,0.0721723790243268,-0.01925002969801426,-0.13819971680641174,0.006912276614457369,,,,,,
1764809192.305243,,,,,,,-0.03574979305267334,-0.021506547927856445,-0.004871666897088289,-0.30651742219924927,-0.036964062601327896,-0.046098001301288605
1764809192.311198,-0.5388485182702542,-0.29465105485022064,0.013965250857919454,-0.004125453997403383,-0.09602957218885422,0.00414899131283164,,,,,,
1764809192.315273,,,,,,,-0.03822988271713257,-0.05229845643043518,0.00565260648727417,-0.5810267925262451,-0.03554166853427887,-0.09226762503385544
1764809192.32125,-0.6694973439216614,-0.361208808863163,-0.051205578841269014,0.024096064269542694,-0.0718400776386261,0.0017396295443177223,,,,,,
1764809192.325303,,,,,,,-0.04291814565658569,-0.08426967263221741,0.014439225196838379,-0.9272768497467041,-0.023790739476680756,-0.15646100044250488
1764809192.331302,-0.7730798834711313,-0.3568389232158661,-0.08958703968375921,0.06113056093454361,-0.0729341134428978,0.0016841066535562277,,,,,,
1764809192.335333,,,,,,,-0.05183291435241699,-0.09382280707359314,0.02507328987121582,-1.1793745756149292,0.016053345054388046,-0.19964735209941864
1764809192.341354,-0.8453630293935537,-0.3210089004218578,-0.13888035516291855,0.08828788250684738,-0.07956644892692566,-0.0008680005557835102,,,,,,
1764809192.345364,,,,,,,-0.058925509452819824,-0.056880444288253784,0.037139296531677246,-1.2934956550598145,0.05177725479006767,-0.2325572371482849
1764809192.351406,-0.8160887118533253,-0.28486498937308785,-0.008831102839857339,0.09762268513441086,-0.04262441769242287,0.008885089308023453,,,,,,
1764809192.355394,,,,,,,-0.05457097291946411,0.005978912115097046,0.03135502338409424,-1.2016915082931519,0.0682225376367569,-0.2726860046386719
1764809192.361459,-0.5840931428804993,-0.23445991325974463,0.0033386429034173485,0.0986325591802597,0.009537052363157272,0.03107827715575695,,,,,,
1764809192.365424,,,,,,,-0.036081135272979736,0.06340187788009644,0.007334945723414421,-0.9421008825302124,0.061413105577230453,-0.2869340479373932
1764809192.371511,-0.28676263968795535,-0.19178221652805805,-0.11002835468798876,0.10062316805124283,0.046626120805740356,0.06502559781074524,,,,,,
1764809192.375453,,,,,,,-0.01501232385635376,0.09953945875167847,-0.017034530639648438,-0.575722336769104,0.051068589091300964,-0.2614435851573944
1764809192.381563,-0.0368605348855257,-0.12050094112455845,-0.10774974223151802,0.09730220586061478,0.08212366700172424,0.09359785914421082,,,,,,
1764809192.385484,,,,,,,-0.0010372400283813477,0.10515943169593811,-0.029977798461914062,-0.21150007843971252,0.039818331599235535,-0.20733356475830078
1764809192.391615,0.10214110856950283,-0.03186637986004352,-0.044511341899633405,0.08847898989915848,0.12381947785615921,0.10679688304662704,,,,,,
1764809192.395514,,,,,,,0.003505110740661621,0.08765977621078491,-0.02620423026382923,0.08535929769277573,0.05192825570702553,-0.14199583232402802
1764809192.401668,0.14716624521017074,0.027206571355462072,0.005028934077918529,0.08098006248474121,0.1729036569595337,0.10674122720956802,,,,,,
1764809192.405545,,,,,,,0.0034095048904418945,0.05415645241737366,-0.006545424461364746,0.27879953384399414,0.0708894282579422,-0.07270724326372147
1764809192.41172,0.16734072597175836,0.0788929194509983,0.060329965539276595,0.08037915080785751,0.20054064691066742,0.09856506437063217,,,,,,
1764809192.415575,,,,,,,0.0069953203201293945,0.014118701219558716,0.009931445121765137,0.35737237334251404,0.08489392697811127,-0.025094717741012573
1764809192.421772,0.22162264351844788,0.1695329753190279,0.12147417007088661,0.09081794321537018,0.21912604570388794,0.07834048569202423,,,,,,
1764809192.425605,,,,,,,0.013087034225463867,-0.02567574381828308,0.01841283217072487,0.3544533848762512,0.10242285579442978,0.005777711980044842
1764809192.431824,0.18902736486196517,0.27452070549130436,0.09683394207209348,0.10852956026792526,0.22142069041728973,0.05221981555223465,,,,,,
1764809192.435636,,,,,,,0.018954575061798096,-0.04946976900100708,0.021732211112976074,0.2581513524055481,0.12514548003673553,0.02505127526819706
1764809192.441876,0.25690058538764715,0.33313714511096476,0.08035407804474234,0.11733689904212952,0.21317607164382935,0.018437348306179047,,,,,,
1764809192.445666,,,,,,,0.026003539562225342,-0.05934205651283264,0.014630433171987534,0.13527733087539673,0.14819540083408356,0.028258120641112328
1764809192.451929,0.3219742383226752,0.3443821772247553,0.12722557320445776,0.12052182108163834,0.16147036850452423,-0.00693095987662673,,,,,,
1764809192.455696,,,,,,,0.039791107177734375,-0.05533105134963989,-0.0008132494986057281,0.0221188236027956,0.16580688953399658,0.03370188921689987
1764809192.461981,0.3881707578077912,0.40689328619539733,0.2459152271233499,0.11753854900598526,0.08189831674098969,-0.02764369547367096,,,,,,
1764809192.465726,,,,,,,0.0493166446685791,-0.04068636894226074,-0.011639595031738281,-0.04206985980272293,0.1526242345571518,0.03973381221294403
1764809192.472033,0.3119727765291929,0.357463777115941,0.19038667051643132,0.11320798099040985,-0.003104457398876548,-0.03696928545832634,,,,,,
1764809192.475757,,,,,,,0.039469778537750244,-0.021407127380371094,-0.013787627220153809,-0.062239840626716614,0.10986851900815964,0.04695896804332733
1764809192.482085,0.1884428429722786,0.17776070543825626,0.14108926338404415,0.10138648003339767,-0.06808958202600479,-0.034959398210048676,,,,,,
1764809192.485787,,,,,,,0.015474140644073486,-0.0035496950149536133,-0.011229988187551498,-0.06514492630958557,0.08845537155866623,0.04523956775665283
1764809192.492138,0.11115823550075292,0.015705518653988837,0.09001739392504096,0.08904001116752625,-0.10570116341114044,-0.028254160657525063,,,,,,
1764809192.495816,,,,,,,-0.005180239677429199,-8.934736251831055e-05,-0.011947039514780045,-0.05426378548145294,0.08669155836105347,0.040803007781505585
1764809192.50219,0.03907236571609974,-0.12184417242705821,-0.013488719387352466,0.07897192984819412,-0.11816927790641785,-0.026396339759230614,,,,,,
1764809192.505847,,,,,,,-0.01540309190750122,-0.008418619632720947,-0.014689929783344269,-0.04728037118911743,0.07650204002857208,0.0404541976749897
1764809192.512242,-0.06702332569807767,-0.20126608418822287,-0.1206748363867402,0.07316188514232635,-0.11032716929912567,-0.034502509981393814,,,,,,
1764809192.515877,,,,,,,-0.016120553016662598,-0.018511027097702026,-0.016179803758859634,-0.08851968497037888,0.052759695798158646,0.03112967312335968
1764809192.522294,-0.14842881249189377,-0.2548486212939024,-0.18704247465506194,0.06554178148508072,-0.09756423532962799,-0.05362001061439514,,,,,,
1764809192.525908,,,,,,,-0.01706516742706299,-0.03438672423362732,-0.015265226364135742,-0.20721395313739777,0.030431218445301056,0.019979817792773247
1764809192.532347,-0.20031009863764046,-0.2929711389392614,-0.20136545290946958,0.053378742188215256,-0.08193923532962799,-0.0772775337100029,,,,,,
1764809192.535938,,,,,,,-0.017458319664001465,-0.05114990472793579,-0.010806676000356674,-0.36457985639572144,0.01415238156914711,0.01235971413552761
1764809192.542399,-0.20507190621197222,-0.3058767977416515,-0.18102146079987286,0.03609669208526611,-0.06628970056772232,-0.09447276592254639,,,,,,
1764809192.545968,,,,,,,-0.017133593559265137,-0.059154778718948364,-0.006062503904104233,-0.5268877744674683,0.0037788369227200747,0.005856807809323072
1764809192.552451,-0.10989011526107788,-0.27215982157886026,-0.15722703597545623,0.016595056280493736,-0.053824424743652344,-0.10188046097755432,,,,,,
1764809192.555999,,,,,,,-0.01289820671081543,-0.05118677020072937,-0.002970818430185318,-0.6595171689987183,-0.005077505484223366,0.001553672133013606
1764809192.562503,0.0602381956025958,-0.19104630346894264,-0.16079408080726862,0.007402357179671526,-0.05752382054924965,-0.1067977249622345,,,,,,
1764809192.566029,,,,,,,-0.0025016069412231445,-0.03031519055366516,-0.0016915760934352875,-0.7271485328674316,-0.019637804478406906,0.011170879006385803
1764809192.572556,0.27309739468991756,-0.11338497163951396,-0.1508653919890523,-0.0029718796722590923,-0.0666486993432045,-0.1135290116071701,,,,,,
1764809192.576059,,,,,,,0.00660473108291626,-0.0020445585250854492,-0.0031611956655979156,-0.7129272222518921,-0.04758661612868309,0.030750174075365067
1764809192.582608,0.42596272832453247,-0.06815875946879386,-0.20227613801360128,-0.017925528809428215,-0.080537348985672,-0.1282496303319931,,,,,,
1764809192.586089,,,,,,,0.009381771087646484,0.02493426203727722,-0.0075789764523506165,-0.6586201786994934,-0.07510186731815338,0.05460197478532791
1764809192.59266,0.4908630705192685,-0.04028641768097877,-0.2161938964679837,-0.0362129770219326,-0.09334471076726913,-0.14370974898338318,,,,,,
1764809192.59612,,,,,,,0.009587228298187256,0.04161068797111511,-0.008908990770578384,-0.5863105654716492,-0.09943996369838715,0.07472774386405945
1764809192.602712,0.4997144854947924,-0.034496728363633156,-0.25056013031974433,-0.05736859515309334,-0.10332544147968292,-0.15631555020809174,,,,,,
1764809192.60615,,,,,,,0.010595321655273438,0.042150020599365234,-0.0017213895916938782,-0.5315476655960083,-0.11552412062883377,0.09576905518770218
1764809192.612764,0.5009992646083236,-0.007924947780370712,-0.28462095148414374,-0.07764296978712082,-0.11268260329961777,-0.16728615760803223,,,,,,
1764809192.616179,,,,,,,0.012964725494384766,0.03170773386955261,0.009749777615070343,-0.5482209324836731,-0.137220099568367,0.10434869676828384
1764809192.622817,0.47413288499265904,0.039842765566706656,-0.3349579307973385,-0.08761384338140488,-0.12223803251981735,-0.17789697647094727,,,,,,
1764809192.626209,,,,,,,0.01634448766708374,0.01297992467880249,0.02322150021791458,-0.6165965795516968,-0.16239096224308014,0.103376105427742
1764809192.632869,0.4767781388044357,0.10039280359745024,-0.3657787471272051,-0.09356579184532166,-0.1457725465297699,-0.17719422280788422,,,,,,
1764809192.63624,,,,,,,0.016714751720428467,-0.0014729797840118408,0.03405117988586426,-0.7367863655090332,-0.18184109032154083,0.09273970872163773
1764809192.642921,0.5249439115583896,0.16995675368905067,-0.3489081302165985,-0.11100976914167404,-0.20162542164325714,-0.17296725511550903,,,,,,
1764809192.646271,,,,,,,0.01686614751815796,-0.001130133867263794,0.031232476234436035,-0.8611254692077637,-0.19573640823364258,0.06132572516798973
1764809192.652973,0.6203080733388662,0.18941724096238613,-0.3329869229853153,-0.1318151354789734,-0.30505624413490295,-0.16340018808841705,,,,,,
1764809192.656301,,,,,,,0.019868433475494385,0.010662883520126343,0.029356591403484344,-0.9481852650642395,-0.20537491142749786,0.032290346920490265
1764809192.663026,0.8034493027716875,0.17149696886837482,-0.2956274986669421,-0.15884941816329956,-0.43090179562568665,-0.15442587435245514,,,,,,
1764809192.666331,,,,,,,0.028820395469665527,0.02995896339416504,0.030442584306001663,-0.9906203150749207,-0.23033033311367035,0.007930411025881767
1764809192.673078,0.9631430211216211,0.14512743285894394,-0.269702199293673,-0.18245519697666168,-0.5698182582855225,-0.1512136459350586,,,,,,
1764809192.676362,,,,,,,0.030403614044189453,0.04845353960990906,0.028588049113750458,-0.9960901737213135,-0.27146416902542114,-0.01948390156030655
1764809192.68313,1.0270023298308253,0.10364040721654891,-0.2517586924545467,-0.202362060546875,-0.701957106590271,-0.1459408700466156,,,,,,
1764809192.686392,,,,,,,0.02391958236694336,0.058249831199645996,0.030367013067007065,-1.0208771228790283,-0.3066226840019226,-0.0520881824195385
1764809192.693182,0.9600456396281719,0.10261340225636958,-0.25919717189222574,-0.22362639009952545,-0.8082705736160278,-0.13423016667366028,,,,,,
1764809192.696422,,,,,,,0.014033794403076172,0.052636563777923584,0.033417701721191406,-1.0483498573303223,-0.32354414463043213,-0.08512789756059647
1764809192.703235,0.7555912807926535,0.08627484639585017,-0.2656953017398715,-0.2368798702955246,-0.8859025239944458,-0.11376271396875381,,,,,,
1764809192.706452,,,,,,,0.0030164122581481934,0.04759836196899414,0.04300510883331299,-1.0873571634292603,-0.32534685730934143,-0.11109983921051025
1764809192.713287,0.5158092957273125,0.06009644904434681,-0.24627806908637284,-0.24348153173923492,-0.9308767318725586,-0.08449159562587738,,,,,,
1764809192.716482,,,,,,,-0.0044623613357543945,0.04614156484603882,0.049259789288043976,-1.148116111755371,-0.32805103063583374,-0.15086163580417633
1764809192.723339,0.29422523065358397,0.06257073020339012,-0.21514964811205864,-0.24824300408363342,-0.9472383856773376,-0.054679371416568756,,,,,,
1764809192.726513,,,,,,,-0.008740723133087158,0.04190182685852051,0.05148458480834961,-1.2594609260559082,-0.3241172730922699,-0.20991502702236176
1764809192.733391,0.08004764244407415,0.09830664497315883,-0.15886837344169616,-0.24427732825279236,-0.9346015453338623,-0.023560771718621254,,,,,,
1764809192.736542,,,,,,,-0.0035390853881835938,0.03248158097267151,0.04469430446624756,-1.3565645217895508,-0.3037866950035095,-0.26242297887802124
1764809192.743444,-0.11415946314334868,0.14810498736500738,-0.0990685692563653,-0.23941627144813538,-0.9083099961280823,0.007986769080162048,,,,,,
1764809192.746572,,,,,,,0.0031488537788391113,0.03246012330055237,0.03229021281003952,-1.4345382452011108,-0.28085795044898987,-0.2983582317829132
1764809192.753496,-0.2732254049837589,0.20732231548726557,-0.0521864065721631,-0.23573289811611176,-0.8760379552841187,0.03745204210281372,,,,,,
1764809192.756603,,,,,,,0.0037099719047546387,0.046256840229034424,0.017705313861370087,-1.458720326423645,-0.2708772122859955,-0.33671945333480835
1764809192.763548,-0.41906244741678234,0.17432663933634757,-0.04192629384249449,-0.238759845495224,-0.8357778787612915,0.06630580127239227,,,,,,
1764809192.766634,,,,,,,0.003901660442352295,0.06290897727012634,0.007872581481933594,-1.4171215295791626,-0.2512904703617096,-0.38013124465942383
1764809192.7736,-0.44376258890926834,0.16437983033955098,0.013626374292373657,-0.24550499022006989,-0.7678634524345398,0.09509003907442093,,,,,,
1764809192.776664,,,,,,,0.01155167818069458,0.07738661766052246,0.0013695880770683289,-1.3386648893356323,-0.21311938762664795,-0.4088350534439087
1764809192.783652,-0.3809606802985072,0.24996084925234316,0.0722811000958085,-0.2464917004108429,-0.6849454045295715,0.11655858159065247,,,,,,
1764809192.786694,,,,,,,0.031201839447021484,0.0810973048210144,-0.0026625320315361023,-1.268713116645813,-0.1957388073205948,-0.4332234859466553
1764809192.793705,-0.32534429927766323,0.44685938588082785,0.16914193017482756,-0.24262388050556183,-0.5955283641815186,0.12972652912139893,,,,,,
1764809192.796724,,,,,,,0.061802804470062256,0.07292529940605164,-0.02091348171234131,-1.1782606840133667,-0.18336789309978485,-0.4426864981651306
1764809192.803757,-0.30009061555564404,0.7216840427547693,0.2771357102952897,-0.24666337668895721,-0.5235897302627563,0.13895997405052185,,,,,,
1764809192.806755,,,,,,,0.08440887928009033,0.07140004634857178,-0.040413618087768555,-1.092378854751587,-0.18632079660892487,-0.42690566182136536
1764809192.813809,-0.2793576241284609,0.8695955533742904,0.3804688051283359,-0.2501238286495209,-0.48839297890663147,0.15762266516685486,,,,,,
1764809192.816785,,,,,,,0.09270399808883667,0.08375751972198486,-0.06062040477991104,-0.9981439709663391,-0.19578567147254944,-0.4385671317577362
1764809192.823861,-0.0654296267658472,0.8914619327455758,0.64721303139925,-0.2558850646018982,-0.521403968334198,0.18881599605083466,,,,,,
1764809192.826815,,,,,,,0.09736865758895874,0.09968116879463196,-0.08787381649017334,-0.886645495891571,-0.18122723698616028,-0.45295584201812744
1764809192.833914,0.03923690862804651,0.8459639178961514,0.8804813967868685,-0.27019208669662476,-0.6214333772659302,0.21747297048568726,,,,,,
1764809192.836845,,,,,,,0.08573955297470093,0.1001812219619751,-0.10830235481262207,-0.7952231764793396,-0.21802173554897308,-0.47967880964279175
1764809192.843966,-0.1278252926632762,0.5317547606170178,0.9459399573862552,-0.2838631570339203,-0.7213128209114075,0.24833020567893982,,,,,,
1764809192.846876,,,,,,,0.054869771003723145,0.07144308090209961,-0.10818672180175781,-0.7573643922805786,-0.2411464899778366,-0.5274263024330139
1764809192.854018,-0.3102127811193466,0.2267360410094261,1.0684253503262997,-0.3013674020767212,-0.76258385181427,0.2740710377693176,,,,,,
1764809192.856905,,,,,,,0.031188786029815674,0.030459880828857422,-0.09795498847961426,-0.7960297465324402,-0.20944902300834656,-0.5727375745773315
1764809192.86407,-0.5349202389106155,0.11601473562121391,1.1101195889785884,-0.31000322103500366,-0.7427517771720886,0.27663829922676086,,,,,,
1764809192.866935,,,,,,,0.026088595390319824,-0.004174292087554932,-0.08803141117095947,-0.8976256847381592,-0.17195305228233337,-0.6118219494819641
1764809192.874123,-0.8721762175172567,0.13024258293807506,1.081168219782412,-0.28934791684150696,-0.6479368209838867,0.27188655734062195,,,,,,
1764809192.876966,,,,,,,0.03308069705963135,-0.019768476486206055,-0.08826709538698196,-0.9893859624862671,-0.18289144337177277,-0.6332241296768188
1764809192.884175,-1.0450555806547404,0.2351969953626394,0.9974361897371709,-0.24354979395866394,-0.5021423101425171,0.2683325707912445,,,,,,
1764809192.886997,,,,,,,0.02615147829055786,-0.017375916242599487,-0.09295047074556351,-1.0614337921142578,-0.19447273015975952,-0.6274341344833374
1764809192.894227,-1.176755668924749,0.26031857713758944,0.9629904609084129,-0.20565536618232727,-0.3008864223957062,0.2712878882884979,,,,,,
1764809192.897027,,,,,,,0.009506046772003174,-0.008101820945739746,-0.09524524211883545,-1.090398907661438,-0.16357792913913727,-0.6092231869697571
1764809192.904279,-1.287287004698813,0.25780864014327526,1.0625383381143212,-0.1845354437828064,-0.05052902176976204,0.2953642010688782,,,,,,
1764809192.907057,,,,,,,-0.0034728646278381348,0.021265417337417603,-0.100021131336689,-1.0129516124725342,-0.1136750876903534,-0.5992867946624756
1764809192.914332,-1.3364993638962506,0.3587158230036497,1.236439445514977,-0.157833993434906,0.19299070537090302,0.33876579999923706,,,,,,
1764809192.917087,,,,,,,-0.006132841110229492,0.09274899959564209,-0.12431490421295166,-0.885313093662262,-0.07859353721141815,-0.5950361490249634
1764809192.924384,-1.535798824186623,0.38046062182188034,1.3319839322984217,-0.1310548484325409,0.38710612058639526,0.3818075656890869,,,,,,
1764809192.927118,,,,,,,-0.0018625259399414062,0.15992695093154907,-0.15783201158046722,-0.7019460797309875,-0.05298404395580292,-0.5702645778656006
1764809192.934436,-1.6889321611076593,0.10159867225587367,1.3674705484822391,-0.13320234417915344,0.5577117800712585,0.4163115620613098,,,,,,
1764809192.937148,,,,,,,0.004242360591888428,0.1760493516921997,-0.2006235122680664,-0.462096244096756,-0.022845052182674408,-0.5503824949264526
1764809192.944488,-1.5836340498119592,-0.27509178337752815,1.323091308529675,-0.17911630868911743,0.7132787704467773,0.4282046854496002,,,,,,
1764809192.947178,,,,,,,0.00962609052658081,0.169685959815979,-0.21353328227996826,-0.24635572731494904,0.017862165346741676,-0.5597392916679382
1764809192.954541,-1.3161001344680785,-0.55981882558465,1.2945381448708473,-0.24849918484687805,0.8470407724380493,0.4256236255168915,,,,,,
1764809192.957207,,,,,,,0.031108617782592773,0.15091639757156372,-0.19870984554290771,-0.06944433599710464,0.04651964455842972,-0.5839977264404297
1764809192.964593,-0.9791650583788752,-0.5094891527950763,1.3458347629964351,-0.30397361516952515,0.9574114680290222,0.41304686665534973,,,,,,
1764809192.967237,,,,,,,0.06818890571594238,0.11412841081619263,-0.18302322924137115,0.0629550963640213,0.022727493196725845,-0.6134011149406433
1764809192.974645,-0.632095249505341,-0.1453945593625307,1.3069547049820422,-0.33448371291160583,1.026254653930664,0.39680570363998413,,,,,,
1764809192.977268,,,,,,,0.09148335456848145,0.07947549223899841,-0.16387559473514557,0.13274802267551422,-0.038645584136247635,-0.6163337826728821
1764809192.984697,-0.27856559696793554,0.20916063683032987,1.1827939261756837,-0.33726218342781067,1.0625593662261963,0.3786565065383911,,,,,,
1764809192.987298,,,,,,,0.08973163366317749,0.05997014045715332,-0.1434558629989624,0.11081394553184509,-0.10589679330587387,-0.607932984828949
1764809192.994749,0.07794161007553338,0.4135293632090091,1.1007798059642315,-0.3333015441894531,1.0617191791534424,0.35086750984191895,,,,,,
1764809192.997329,,,,,,,0.07465112209320068,0.04356008768081665,-0.13826537132263184,0.07851806282997131,-0.1390523463487625,-0.5920118093490601
1764809193.004802,0.36375352490991353,0.4422311415582895,1.174905364882946,-0.350007563829422,1.0148725509643555,0.31417232751846313,,,,,,
1764809193.007359,,,,,,,0.06528729200363159,0.04131174087524414,-0.14721502363681793,0.040535785257816315,-0.15844708681106567,-0.5657418370246887
1764809193.014854,0.5691758519947528,0.31099428688585756,1.2338517671093343,-0.39426079392433167,0.9148600101470947,0.2706209719181061,,,,,,
1764809193.01739,,,,,,,0.07220780849456787,0.04523438215255737,-0.16176865994930267,-0.019231673330068588,-0.2140062153339386,-0.5568708777427673
1764809193.024906,0.6625345191717148,0.09571429039239883,1.2049907065451144,-0.46033966541290283,0.7831165790557861,0.22459064424037933,,,,,,
1764809193.02742,,,,,,,0.08067208528518677,0.03196197748184204,-0.17950212955474854,-0.041938409209251404,-0.28613314032554626,-0.5411514639854431
1764809193.034958,0.7955097419440745,-0.08729892874658107,1.1579556913867592,-0.5420970320701599,0.6438320875167847,0.17773652076721191,,,,,,
1764809193.037449,,,,,,,0.08578759431838989,0.021537363529205322,-0.19412314891815186,-0.10397648066282272,-0.3595500886440277,-0.5264026522636414
1764809193.045011,0.8865946189701557,-0.20825053624808787,1.0817176703587175,-0.6257535815238953,0.5016395449638367,0.12886831164360046,,,,,,
1764809193.04748,,,,,,,0.08421480655670166,0.010930359363555908,-0.19586491584777832,-0.19949902594089508,-0.4585949182510376,-0.5387760400772095
1764809193.055063,0.9152022892951964,-0.2835878090441227,0.9008721506476401,-0.7105177044868469,0.35738828778266907,0.07609612494707108,,,,,,
1764809193.057511,,,,,,,0.07338815927505493,-0.0026201605796813965,-0.18053722381591797,-0.2741125524044037,-0.5480888485908508,-0.5437295436859131
1764809193.065115,0.896860869179666,-0.30563655924499034,0.7217188218072056,-0.7810965180397034,0.22457991540431976,0.02363451197743416,,,,,,
1764809193.067541,,,,,,,0.059926748275756836,-0.004054367542266846,-0.15086054801940918,-0.3436906337738037,-0.624299168586731,-0.5362272262573242
1764809193.075167,0.8498954121261835,-0.2903220857352018,0.5895256893232464,-0.8355651497840881,0.10900173336267471,-0.022034280002117157,,,,,,
1764809193.077571,,,,,,,0.05197274684906006,-0.00166398286819458,-0.12259841710329056,-0.40660807490348816,-0.7113443613052368,-0.5323323607444763
1764809193.08522,0.7875424163267016,-0.22330665108263492,0.4576654420554638,-0.8792652487754822,0.019852684810757637,-0.06283736974000931,,,,,,
1764809193.0876,,,,,,,0.046336352825164795,-0.0031449198722839355,-0.10919712483882904,-0.4515988528728485,-0.7974062561988831,-0.5280469655990601
1764809193.095272,0.7016416639402508,-0.140619600045681,0.30779490632265805,-0.9177007079124451,-0.04231276735663414,-0.09270460903644562,,,,,,
1764809193.097631,,,,,,,0.04281020164489746,-0.003619074821472168,-0.09128212928771973,-0.49661532044410706,-0.8753079771995544,-0.5256791114807129
1764809193.105324,0.6064332772433757,-0.10168518149554728,0.147947166454792,-0.945722222328186,-0.07844946533441544,-0.11577371507883072,,,,,,
1764809193.107661,,,,,,,0.03683578968048096,-0.0031450390815734863,-0.08116567134857178,-0.5150868892669678,-0.9553471803665161,-0.5131523013114929
1764809193.115376,0.5011553319528699,-0.09321136766076088,0.1355193542972207,-0.9789286255836487,-0.11744512617588043,-0.14213913679122925,,,,,,
1764809193.117691,,,,,,,0.02382606267929077,0.0021262168884277344,-0.07873952388763428,-0.5318456292152405,-1.0119729042053223,-0.5106209516525269
1764809193.125429,0.3808589734897017,-0.20815525918006897,0.07291472182422876,-1.0292656421661377,-0.1594138890504837,-0.16859471797943115,,,,,,
1764809193.127722,,,,,,,0.014853298664093018,0.009688198566436768,-0.059812307357788086,-0.5563228726387024,-1.0455065965652466,-0.52684086561203
1764809193.135481,0.33919103832244873,-0.2795388259142637,0.011136895564198493,-1.0761144161224365,-0.19788633286952972,-0.177987739443779,,,,,,
1764809193.137753,,,,,,,0.02099156379699707,0.013434827327728271,-0.028455376625061035,-0.583854079246521,-1.076625943183899,-0.546338677406311
1764809193.145533,0.41751171084344385,-0.16529460709691046,-0.008403671208024025,-1.103865623474121,-0.25601863861083984,-0.1715383529663086,,,,,,
1764809193.147783,,,,,,,0.03119105100631714,0.01882106065750122,-0.0020002126693725586,-0.60248202085495,-1.105622410774231,-0.5501464605331421
1764809193.155585,0.4735708671957254,0.010287585258483885,-0.07580664387345314,-1.11329984664917,-0.3116370439529419,-0.15943408012390137,,,,,,
1764809193.157813,,,,,,,0.037052690982818604,0.01667088270187378,0.02451276406645775,-0.6257990598678589,-1.1369692087173462,-0.5601003170013428
1764809193.165638,0.4837368719011545,0.15493044947087764,-0.19090221882313488,-1.1009232997894287,-0.33372876048088074,-0.15465903282165527,,,,,,
1764809193.167843,,,,,,,0.03160899877548218,-0.0034377574920654297,0.05531799793243408,-0.6541918516159058,-1.1468888521194458,-0.5636380910873413
1764809193.17569,0.4590630338937044,0.26559973241090773,-0.2872340565919876,-1.0725886821746826,-0.3274868130683899,-0.15646228194236755,,,,,,
1764809193.177874,,,,,,,0.02111029624938965,-0.02125418186187744,0.07989132404327393,-0.7098361849784851,-1.1367318630218506,-0.5725562572479248
1764809193.185742,0.3697834527239203,0.34658699379265306,-0.3818646434009075,-1.0473607778549194,-0.3138554096221924,-0.15908949077129364,,,,,,
1764809193.187904,,,,,,,0.009162962436676025,-0.023909270763397217,0.1017465591430664,-0.7616316676139832,-1.1141873598098755,-0.5996860861778259
1764809193.195794,0.2517486094519496,0.3785241008013487,-0.38871757803559304,-1.0179777145385742,-0.30282387137413025,-0.15109233558177948,,,,,,
1764809193.197934,,,,,,,0.004321038722991943,-0.006120204925537109,0.10542213171720505,-0.7813510298728943,-1.0746866464614868,-0.6148809790611267
1764809193.205847,0.2068938609421253,0.37835575849711894,-0.38991526338756083,-0.995329737663269,-0.3023306429386139,-0.1342686116695404,,,,,,
1764809193.207963,,,,,,,0.0014274120330810547,0.020097851753234863,0.0927431583404541,-0.778276264667511,-1.042696237564087,-0.6198542714118958
1764809193.215899,0.17327742254436015,0.3073965546548366,-0.4158467002406716,-0.9844292998313904,-0.2999339997768402,-0.10711679607629776,,,,,,
1764809193.217994,,,,,,,-0.0070517659187316895,0.03169196844100952,0.08940601348876953,-0.7172030806541443,-1.0126714706420898,-0.6287487149238586
1764809193.225951,0.12625292878001929,0.1756365528911352,-0.45937399953901764,-0.9858424067497253,-0.28458380699157715,-0.06734221428632736,,,,,,
1764809193.228024,,,,,,,-0.018086254596710205,0.044139862060546875,0.09870076179504395,-0.6422502398490906,-0.9540294408798218,-0.6403762698173523
1764809193.236003,0.2035305219888687,0.11455810707211493,-0.4484197670653462,-0.9844860434532166,-0.2615780234336853,-0.015288315713405609,,,,,,
1764809193.238055,,,,,,,-0.020130932331085205,0.06275326013565063,0.1193540096282959,-0.5890347361564636,-0.8831536769866943,-0.6750908493995667
1764809193.246056,0.23875556462705133,0.18969605790376662,-0.41991088093966245,-0.9630997776985168,-0.23696960508823395,0.03680391237139702,,,,,,
1764809193.248085,,,,,,,-0.009649813175201416,0.06351327896118164,0.14003241062164307,-0.5109089612960815,-0.8265726566314697,-0.6941774487495422
1764809193.256108,0.20720394980460405,0.34628245788812634,-0.4327455203324556,-0.9328423142433167,-0.19190365076065063,0.09252908825874329,,,,,,
1764809193.258115,,,,,,,-0.0023462772369384766,0.06697660684585571,0.1602189540863037,-0.4787523150444031,-0.7691077589988708,-0.7160654067993164
1764809193.26616,0.2086509337425232,0.5529904408693314,-0.5235834368601441,-0.8954912424087524,-0.1426658034324646,0.1482677161693573,,,,,,
1764809193.268146,,,,,,,0.0001569986343383789,0.07537972927093506,0.1811121702194214,-0.4645099341869354,-0.6969006657600403,-0.7499276995658875
1764809193.276212,0.199484753729403,0.7016080539315939,-0.5259568879932165,-0.8514133095741272,-0.10175622999668121,0.20599696040153503,,,,,,
1764809193.278176,,,,,,,7.396936416625977e-05,0.07934802770614624,0.18537843227386475,-0.43310514092445374,-0.6171238422393799,-0.7727020382881165
1764809193.286265,0.19074469017386436,0.7350929749041796,-0.5080670110374689,-0.8166633248329163,-0.06716176867485046,0.26292601227760315,,,,,,
1764809193.288206,,,,,,,-0.004019975662231445,0.09327000379562378,0.185461163520813,-0.40241768956184387,-0.5439202189445496,-0.8100330829620361
1764809193.296317,0.16103753417432307,0.6380331151217222,-0.5509241559892892,-0.7946125864982605,-0.04479290917515755,0.321904718875885,,,,,,
1764809193.298236,,,,,,,-0.00853949785232544,0.10385626554489136,0.17547237873077393,-0.3733399510383606,-0.4690842926502228,-0.868920087814331
1764809193.306369,0.18640578418672082,0.4982984812170267,-0.5837593808814883,-0.7926532626152039,-0.0377829372882843,0.38545891642570496,,,,,,
1764809193.308267,,,,,,,-0.009127795696258545,0.10906803607940674,0.15363025665283203,-0.358636736869812,-0.3962860107421875,-0.92423415184021
1764809193.316421,0.300519654622674,0.39184944632053376,-0.5850681253924965,-0.7947379350662231,-0.0396563783288002,0.44896116852760315,,,,,,
1764809193.318297,,,,,,,-0.0027862191200256348,0.10988026857376099,0.14764869213104248,-0.39057254791259766,-0.3346162438392639,-1.0067722797393799
1764809193.326474,0.4776826864287257,0.37110008828043933,-0.5582520146593452,-0.790189266204834,-0.04794706404209137,0.5163601636886597,,,,,,
1764809193.328326,,,,,,,0.007106423377990723,0.09031069278717041,0.16412413120269775,-0.4625200629234314,-0.2810733914375305,-1.0851197242736816
1764809193.336526,0.676137512588501,0.4381745596438646,-0.554841037172079,-0.7832639217376709,-0.06539054214954376,0.5881485342979431,,,,,,
1764809193.338356,,,,,,,0.014215171337127686,0.07704156637191772,0.1879485845565796,-0.5395945906639099,-0.2193133682012558,-1.1429179906845093
1764809193.346578,0.85926412897408,0.6116583184152842,-0.5047118553906679,-0.7751473784446716,-0.09416812658309937,0.6694822311401367,,,,,,
1764809193.348387,,,,,,,0.01535499095916748,0.09672892093658447,0.2138376235961914,-0.6132781505584717,-0.14142842590808868,-1.205346941947937
1764809193.35663,0.9928253349408507,0.7744967645317316,-0.49060880349725483,-0.760471761226654,-0.15109005570411682,0.7600560188293457,,,,,,
1764809193.358418,,,,,,,0.014359533786773682,0.13938796520233154,0.23756647109985352,-0.6765929460525513,-0.0668703019618988,-1.289730429649353
1764809193.366683,0.9895987741097807,0.8799123647272586,-0.5030430453956127,-0.733875036239624,-0.20824016630649567,0.8613455891609192,,,,,,
1764809193.368448,,,,,,,0.019423961639404297,0.15504074096679688,0.23501741886138916,-0.7623158097267151,0.0006914341356605291,-1.3762396574020386
1764809193.376735,0.9121928783461452,0.9285516002118587,-0.5641711755752563,-0.7214756011962891,-0.24249176681041718,0.9659220576286316,,,,,,
1764809193.378478,,,,,,,0.024261832237243652,0.13705646991729736,0.23554575443267822,-0.8512012362480164,0.07081352919340134,-1.4841315746307373
1764809193.386787,0.8536381057858466,0.9027186552971601,-0.6350742653161286,-0.7251246571540833,-0.2786335349082947,1.0711264610290527,,,,,,
1764809193.388509,,,,,,,0.03084045648574829,0.13507705926895142,0.23557281494140625,-0.9372576475143433,0.16710969805717468,-1.5804333686828613
1764809193.396839,0.8540046010106801,0.8346025659263133,-0.6255594179958105,-0.7335801124572754,-0.3284075856208801,1.1758803129196167,,,,,,
1764809193.398539,,,,,,,0.040760576725006104,0.1628561019897461,0.2404853105545044,-1.0237430334091187,0.2671543061733246,-1.706586480140686
1764809193.406892,0.849586784568429,0.8629764274954795,-0.6438847637593745,-0.7476815581321716,-0.39554107189178467,1.2913932800292969,,,,,,
1764809193.408569,,,,,,,0.056919753551483154,0.19599086046218872,0.260784387588501,-1.1240774393081665,0.3776901364326477,-1.8335679769515991
1764809193.416944,0.880797623129189,1.00652506673038,-0.6356885978221893,-0.7433664202690125,-0.4403586983680725,1.412439227104187,,,,,,
1764809193.418599,,,,,,,0.08228921890258789,0.19167619943618774,0.2610194683074951,-1.229575276374817,0.46080976724624634,-1.9438692331314087
1764809193.426996,0.8923790475904941,1.1426660600572824,-0.6725169840037822,-0.736163854598999,-0.46163177490234375,1.5254021883010864,,,,,,
1764809193.42863,,,,,,,0.09735757112503052,0.15155398845672607,0.23853230476379395,-1.371793270111084,0.5287917852401733,-2.0605661869049072
1764809193.437048,0.7807628391891718,1.147875903660059,-0.7904097884565592,-0.7333719730377197,-0.4648515284061432,1.6202824115753174,,,,,,
1764809193.43866,,,,,,,0.09410661458969116,0.10963582992553711,0.22900819778442383,-1.4762752056121826,0.6191690564155579,-2.1521682739257812
1764809193.447101,0.7298474754661322,1.0374515353918075,-0.8116571591466665,-0.7255324721336365,-0.4619079530239105,1.703547716140747,,,,,,
1764809193.44869,,,,,,,0.08191877603530884,0.10083162784576416,0.2470717579126358,-1.6169172525405884,0.7304415106773376,-2.2589681148529053
1764809193.457153,0.758074622040987,0.9523825576543807,-0.7645370960533618,-0.7013291120529175,-0.4684745669364929,1.7749481201171875,,,,,,
1764809193.45872,,,,,,,0.07563227415084839,0.1040802001953125,0.25005674362182617,-1.6632381677627563,0.8546553254127502,-2.320237636566162
1764809193.467204,0.7389771228611469,0.9198650204092264,-0.686320468428731,-0.6818241477012634,-0.4493506848812103,1.8432387113571167,,,,,,
1764809193.46875,,,,,,,0.07972073554992676,0.11032283306121826,0.23104117810726166,-1.5627920627593994,0.9360511302947998,-2.3516554832458496
1764809193.477256,0.6706558663070201,0.8912830690473318,-0.6668506288051604,-0.6779573559761047,-0.41732433438301086,1.911548376083374,,,,,,
1764809193.478781,,,,,,,0.07071447372436523,0.13609802722930908,0.21820475161075592,-1.4854415655136108,1.0340080261230469,-2.4116227626800537
1764809193.487309,0.5902303304612636,0.8224579546242952,-0.7205763737738132,-0.6915107369422913,-0.423297256231308,1.9873052835464478,,,,,,
1764809193.488811,,,,,,,0.0754547119140625,0.16216742992401123,0.21033279597759247,-1.475496530532837,1.1286392211914062,-2.511615514755249
1764809193.497361,0.5452151306927204,0.7544353887557983,-0.8530290339767932,-0.712736964225769,-0.4412072002887726,2.0654377937316895,,,,,,
1764809193.498841,,,,,,,0.1109933853149414,0.16714328527450562,0.20850345492362976,-1.5107905864715576,1.237533450126648,-2.563722848892212
1764809193.507413,0.5424748920738697,0.7464519887864589,-0.8512661159574985,-0.7404373288154602,-0.4203636944293976,2.1344454288482666,,,,,,
1764809193.508871,,,,,,,0.15683692693710327,0.11439234018325806,0.19348621368408203,-1.451978325843811,1.3113443851470947,-2.5273420810699463
1764809193.517465,0.581202974396944,0.8067617883205414,-0.7885995241641998,-0.7545796036720276,-0.36501044034957886,2.204735517501831,,,,,,
1764809193.518902,,,,,,,0.17439430952072144,0.07837659120559692,0.2014855146408081,-1.372626543045044,1.3628251552581787,-2.533376455307007
1764809193.527518,0.6713865186691284,0.9694558575302362,-0.7372738260746001,-0.7244488596916199,-0.2881292402744293,2.272480010986328,,,,,,
1764809193.528932,,,,,,,0.1532166302204132,0.06316673755645752,0.21713373064994812,-1.2177989482879639,1.4309114217758179,-2.516472339630127
1764809193.53757,0.7558902637392282,1.1627870570659637,-0.7052548860013484,-0.67311030626297,-0.20945274829864502,2.307149648666382,,,,,,
1764809193.538962,,,,,,,0.12271499633789062,0.052303194999694824,0.22769099473953247,-1.0358182191848755,1.525256633758545,-2.5079307556152344
1764809193.547622,0.6082657533675432,1.1902888119757176,-0.7040069317668676,-0.6153207421302795,-0.1554049700498581,2.3221707344055176,,,,,,
1764809193.548992,,,,,,,0.10735088586807251,0.06385147571563721,0.24570751190185547,-0.9141480922698975,1.6418671607971191,-2.49662446975708
1764809193.557674,0.3333487420350313,1.1671706789776681,-0.6158008250474929,-0.5675210952758789,-0.111331507563591,2.335115671157837,,,,,,
1764809193.559023,,,,,,,0.12121018767356873,0.05961090326309204,0.21449506282806396,-0.8066863417625427,1.7341629266738892,-2.44460129737854
1764809193.567727,0.019191022682189942,1.0168827946156263,-0.6274748962283134,-0.5328030586242676,-0.03711480647325516,2.362877607345581,,,,,,
1764809193.569053,,,,,,,0.1376490592956543,0.03404301404953003,0.17342349886894226,-0.7437905073165894,1.7955358028411865,-2.4224438667297363
1764809193.577779,-0.15799743582606315,0.7842635407865047,-0.6686708299696446,-0.5211308598518372,0.04099198430776596,2.403508424758911,,,,,,
1764809193.579083,,,,,,,0.1460649073123932,0.029767990112304688,0.1646541953086853,-0.712821364402771,1.8684158325195312,-2.4287259578704834
1764809193.587831,-0.14715338572859762,0.6082692604988813,-0.6091565647274255,-0.5280886292457581,0.09199072420597076,2.459833860397339,,,,,,
1764809193.589113,,,,,,,0.15664494037628174,0.035949766635894775,0.14416399598121643,-0.6732848882675171,1.94989812374115,-2.400611162185669
1764809193.597884,-0.06541676728427409,0.5758084218770265,-0.527488919866085,-0.5181626677513123,0.14691978693008423,2.521512031555176,,,,,,
1764809193.599144,,,,,,,0.17398978769779205,0.022159695625305176,0.13467606902122498,-0.639979898929596,2.0149407386779785,-2.3770792484283447
1764809193.607936,0.024838088658452034,0.6825371504977346,-0.48238896442353724,-0.5133460760116577,0.191619873046875,2.5779387950897217,,,,,,
1764809193.609174,,,,,,,0.18735718727111816,0.01784902811050415,0.1802503764629364,-0.6532211899757385,2.1136913299560547,-2.368781089782715
1764809193.617988,0.13954291072487832,0.9169184455633163,-0.3137725194275379,-0.4983636140823364,0.20097804069519043,2.6329615116119385,,,,,,
1764809193.619204,,,,,,,0.2061094045639038,0.00791090726852417,0.18503597378730774,-0.6559919118881226,2.2044453620910645,-2.3194119930267334
1764809193.62804,0.14799334368407727,1.11111473749578,-0.35554011557698245,-0.4652935266494751,0.18919222056865692,2.6840949058532715,,,,,,
1764809193.629234,,,,,,,0.21444518864154816,-0.02161926031112671,0.1562754511833191,-0.6552737951278687,2.256859540939331,-2.295286178588867
1764809193.638093,0.051095980986952776,1.1713675461456179,-0.4647954400658607,-0.43927502632141113,0.1884850114583969,2.715955972671509,,,,,,
1764809193.639265,,,,,,,0.2084381878376007,-0.035266101360321045,0.13206076622009277,-0.6443212628364563,2.339539051055908,-2.256516933441162
1764809193.648145,-0.047891631987690926,1.0332584676161407,-0.48121056829392905,-0.41433772444725037,0.2263876497745514,2.7107949256896973,,,,,,
1764809193.649295,,,,,,,0.20278796553611755,-0.032828450202941895,0.10515245795249939,-0.5438809990882874,2.4061872959136963,-2.226219892501831
1764809193.658197,-0.15871113705337048,0.8032818372502922,-0.5750976432591677,-0.3891235888004303,0.2706146240234375,2.7019245624542236,,,,,,
1764809193.659325,,,,,,,0.19588643312454224,-0.008931577205657959,0.12034827470779419,-0.4849332869052887,2.457756519317627,-2.2493205070495605
1764809193.668249,-0.18765549198687076,0.7484590908251703,-0.5645084447056055,-0.37906455993652344,0.2919563949108124,2.7024645805358887,,,,,,
1764809193.669355,,,,,,,0.20659081637859344,0.019805490970611572,0.12597960233688354,-0.42151981592178345,2.5390641689300537,-2.1878390312194824
1764809193.678302,-0.25241467214524743,0.7360064364872873,-0.4381429954618215,-0.37519532442092896,0.3470427989959717,2.7275161743164062,,,,,,
1764809193.679386,,,,,,,0.23079952597618103,-0.0045861005783081055,0.07718652486801147,-0.3327239155769348,2.5514299869537354,-2.107050657272339
1764809193.688354,-0.28506898751258847,0.7657052630499005,-0.45388358542919155,-0.3700482249259949,0.4054560363292694,2.74271821975708,,,,,,
1764809193.689416,,,,,,,0.2371135652065277,-0.03183138370513916,0.06147754192352295,-0.31235799193382263,2.5711448192596436,-2.0880303382873535
1764809193.698406,-0.35441315737366674,0.7404467570222913,-0.37094752806723114,-0.37332651019096375,0.4305729269981384,2.744385242462158,,,,,,
1764809193.699446,,,,,,,0.23780712485313416,-0.04148304462432861,0.06163617968559265,-0.31048524379730225,2.619311571121216,-2.0226235389709473
1764809193.708458,-0.3837409586668014,0.697139091823995,-0.2880307599276304,-0.3530319035053253,0.44641873240470886,2.7155628204345703,,,,,,
1764809193.709476,,,,,,,0.2408919632434845,-0.07162386178970337,0.035846829414367676,-0.304614394903183,2.6027703285217285,-1.984177827835083
1764809193.718511,-0.4131125991016626,0.6618349926002324,-0.4064572328656912,-0.3229922950267792,0.43954023718833923,2.6921229362487793,,,,,,
1764809193.719506,,,,,,,0.23198924958705902,-0.10205280780792236,0.07425031065940857,-0.3595455586910248,2.6333415508270264,-1.9653068780899048
1764809193.728563,-0.2377279751449823,0.810778111289814,-0.35127076769471166,-0.29769226908683777,0.40739986300468445,2.682243585586548,,,,,,
1764809193.729537,,,,,,,0.2378111034631729,-0.09617465734481812,0.10356014966964722,-0.4356532096862793,2.6884539127349854,-1.9060146808624268
1764809193.738615,-0.035792028871178626,0.9719240012094378,-0.3533428977936506,-0.26347219944000244,0.406918466091156,2.680100202560425,,,,,,
1764809193.739567,,,,,,,0.2584325075149536,-0.10156744718551636,0.05343836545944214,-0.430254191160202,2.6806397438049316,-1.8344358205795288
1764809193.748667,0.009086392775177955,1.0764007131196558,-0.5469938308030367,-0.23706428706645966,0.3824642598628998,2.6740400791168213,,,,,,
1764809193.749597,,,,,,,0.2507903277873993,-0.08875590562820435,0.051491618156433105,-0.4616636633872986,2.686039447784424,-1.8162168264389038
1764809193.75872,-0.011963409516215323,1.0807894495978951,-0.4984282450765371,-0.22070938348770142,0.3399305045604706,2.641007423400879,,,,,,
1764809193.759627,,,,,,,0.2456415444612503,-0.0719636082649231,0.01921558380126953,-0.4138737618923187,2.707531690597534,-1.7453235387802124
1764809193.768772,-0.1629050816118717,0.9094074123460799,-0.41358080113530155,-0.2046433389186859,0.30418744683265686,2.5958549976348877,,,,,,
1764809193.769658,,,,,,,0.24305319786071777,-0.05367392301559448,-0.012340694665908813,-0.35218551754951477,2.6813559532165527,-1.7198580503463745
1764809193.778824,-0.3400099534898996,0.7529246188666671,-0.41600422888994215,-0.208525151014328,0.2612200081348419,2.539076566696167,,,,,,
1764809193.779688,,,,,,,0.2439691126346588,-0.034430623054504395,-0.025852859020233154,-0.3349074721336365,2.701465606689453,-1.658370018005371
1764809193.788877,-0.4616945514410734,0.6348322001885622,-0.19607377624213695,-0.21288049221038818,0.22608251869678497,2.4762930870056152,,,,,,
1764809193.789718,,,,,,,0.2604104280471802,-0.05689382553100586,-0.06597095727920532,-0.2896885871887207,2.6313605308532715,-1.596937894821167
1764809193.798929,-0.5385176788806915,0.5730869244912639,-0.27304128058850763,-0.19672788679599762,0.20792321860790253,2.39469313621521,,,,,,
1764809193.799747,,,,,,,0.2531261146068573,-0.0891912579536438,-0.07718592882156372,-0.2728576958179474,2.575963258743286,-1.5494904518127441
1764809193.808981,-0.48217035323679447,0.4332780197739601,-0.40491526412069795,-0.16874152421951294,0.2013539969921112,2.296243906021118,,,,,,
1764809193.809779,,,,,,,0.23397907614707947,-0.1054607629776001,-0.08355489373207092,-0.19811207056045532,2.531846761703491,-1.4763658046722412
1764809193.819033,-0.4344406338125467,0.41754890104867515,-0.38284254852235317,-0.1307787448167801,0.18675577640533447,2.1964221000671387,,,,,,
1764809193.819809,,,,,,,0.21452724933624268,-0.09702730178833008,-0.10782581567764282,-0.11105278879404068,2.4557442665100098,-1.45167076587677
1764809193.829086,-0.39266310079097744,0.45766047361940143,-0.38391923784315585,-0.09538320451974869,0.13300785422325134,2.100292444229126,,,,,,
1764809193.829839,,,,,,,0.19907265901565552,-0.07369035482406616,-0.07479095458984375,-0.11406910419464111,2.412184238433838,-1.4419621229171753
1764809193.839138,-0.3982113825678825,0.43094643502123653,-0.25581658954322334,-0.08925899863243103,0.07285210490226746,2.040151834487915,,,,,,
1764809193.839869,,,,,,,0.2094218134880066,-0.07411307096481323,-0.05995187163352966,-0.12406527996063232,2.375061511993408,-1.3530769348144531
1764809193.84919,-0.3166553813874721,0.5683866013132035,-0.07387538354992866,-0.07616689801216125,0.04189366474747658,1.9983866214752197,,,,,,
1764809193.8499,,,,,,,0.2203238308429718,-0.09146064519882202,-0.06839147210121155,-0.16610771417617798,2.2701809406280518,-1.3344851732254028
1764809193.859242,-0.28722704232931134,0.6521409893207252,-0.1595364819616079,-0.0680432990193367,0.011572858318686485,1.9735591411590576,,,,,,
1764809193.85993,,,,,,,0.20716971158981323,-0.09751373529434204,-0.06002017855644226,-0.1894894689321518,2.232100248336792,-1.2741302251815796
1764809193.869295,-0.08537409816384316,0.7323775784656406,-0.14499708447754384,-0.013800567016005516,0.010139810852706432,1.938642978668213,,,,,,
1764809193.86996,,,,,,,0.19868230819702148,-0.11920440196990967,-0.08130216598510742,-0.06193026155233383,2.138946294784546,-1.2244256734848022
1764809193.879347,-0.24092063370645045,0.7896068015106021,-0.40365854205787177,0.05768166482448578,-0.01332128793001175,1.8619005680084229,,,,,,
1764809193.879989,,,,,,,0.17729303240776062,-0.0971825122833252,-0.051326364278793335,0.01353333331644535,2.0895276069641113,-1.2422473430633545
1764809193.889399,-0.6263625510722398,0.7774243424162268,-0.3139431998193264,0.0924106165766716,0.008752855472266674,1.8118880987167358,,,,,,
1764809193.890021,,,,,,,0.18587440252304077,-0.09684187173843384,-0.10110345482826233,0.125867560505867,2.052445650100708,-1.1408575773239136
1764809193.899451,-0.8396440672248602,0.8757698580950498,-0.2527431734472513,0.12882913649082184,0.024466590955853462,1.7365912199020386,,,,,,
1764809193.900051,,,,,,,0.1996164321899414,-0.13157707452774048,-0.19634592533111572,0.17328833043575287,1.9385981559753418,-1.098692774772644
1764809193.909504,-1.2837947786688804,0.6828487006649374,-0.22600305055975914,0.16750170290470123,0.0009410245693288743,1.5981451272964478,,,,,,
1764809193.910081,,,,,,,0.20755934715270996,-0.13504594564437866,-0.1923234760761261,0.0010424298234283924,1.8674978017807007,-1.1127818822860718
1764809193.919556,-1.4714718979656696,0.40118601446449753,0.0452870024472475,0.15508410334587097,-0.015968117862939835,1.498199224472046,,,,,,
1764809193.920111,,,,,,,0.23638659715652466,-0.11114281415939331,-0.16238725185394287,-0.17699149250984192,1.7937229871749878,-1.0570160150527954
1764809193.929608,-1.122261569932103,0.5356082211747766,0.19466449396610258,0.10682576149702072,-0.004281101748347282,1.490210771560669,,,,,,
1764809193.930142,,,,,,,0.24294114112854004,-0.09145313501358032,-0.18599820137023926,-0.25573059916496277,1.6650019884109497,-0.9707502126693726
1764809193.939661,-0.7149322304069995,0.8435515960574149,0.16866320674717425,0.07774065434932709,0.024287626147270203,1.4627753496170044,,,,,,
1764809193.940172,,,,,,,0.2085033655166626,-0.08810591697692871,-0.23313173651695251,-0.2596989572048187,1.5661550760269165,-0.8821069002151489
1764809193.949713,-0.7188263152360915,0.7643164390400051,0.023275077125430105,0.07525485754013062,0.0015120062744244933,1.3737040758132935,,,,,,
1764809193.950202,,,,,,,0.17723488807678223,-0.11233514547348022,-0.2940742075443268,-0.16272617876529694,1.4696921110153198,-0.8179662823677063
1764809193.959765,-1.0336866299003362,0.5747223802059889,-0.001284194591641426,0.08918574452400208,-0.034838996827602386,1.2273733615875244,,,,,,
1764809193.960232,,,,,,,0.17665785551071167,-0.1316881775856018,-0.33770525455474854,-0.0014632558450102806,1.368202567100525,-0.7534546852111816
1764809193.969817,-1.483975990229845,0.4629129873201251,-0.06710428197979927,0.09766870737075806,-0.018446173518896103,1.0613915920257568,,,,,,
1764809193.970263,,,,,,,0.19673031568527222,-0.12258058786392212,-0.3485933542251587,0.11373164504766464,1.2406076192855835,-0.6991519927978516
1764809193.97987,-1.8036872520565985,0.5539958185195922,-0.22303251031637192,0.08461825549602509,0.001038375310599804,0.9252264499664307,,,,,,
1764809193.980293,,,,,,,0.21055585145950317,-0.12691843509674072,-0.32648274302482605,0.11243229359388351,1.10420823097229,-0.6422596573829651
1764809193.989922,-1.675536088439822,0.6804302413463592,-0.15433014549016952,0.05771047621965408,0.011947215534746647,0.8169676065444946,,,,,,
1764809193.990323,,,,,,,0.21712535619735718,-0.14983487129211426,-0.310187965631485,0.050336986780166626,0.970618724822998,-0.5501729249954224
1764809193.999974,-1.3118196806699036,0.7217173605024814,-0.07167699672281741,0.034849006682634354,-0.011257974430918694,0.7229404449462891,,,,,,
1764809194.000353,,,,,,,0.2126721739768982,-0.165674090385437,-0.2948434054851532,-0.037396058440208435,0.8200244307518005,-0.47830143570899963
1764809194.010027,-0.9457698615163564,0.7808098932012915,-0.043866029733419416,0.02127913385629654,-0.03091556578874588,0.6354324221611023,,,,,,
1764809194.010383,,,,,,,0.19991666078567505,-0.17878276109695435,-0.29789477586746216,-0.06679753959178925,0.6777652502059937,-0.3830871284008026
1764809194.020079,-0.9199433463424443,0.8738494114264845,-0.15670388888418674,0.029671233147382736,-0.02179872617125511,0.5166051983833313,,,,,,
1764809194.020414,,,,,,,0.19097810983657837,-0.1934523582458496,-0.31758373975753784,-0.006453239358961582,0.5160253643989563,-0.2864990830421448
1764809194.030131,-1.2213982359886169,0.9262442000523209,-0.32492870421409603,0.04401049390435219,-0.010818244889378548,0.3704620897769928,,,,,,
1764809194.030444,,,,,,,0.188301682472229,-0.19191581010818481,-0.3253646790981293,0.07452768087387085,0.3696947693824768,-0.19661787152290344
1764809194.040183,-1.4743249493092299,0.931342984496057,-0.3475204752504825,0.042457275092601776,0.01947353221476078,0.22769758105278015,,,,,,
1764809194.040474,,,,,,,0.20048773288726807,-0.20125174522399902,-0.357877254486084,0.187941312789917,0.20620384812355042,-0.06793365627527237
1764809194.050236,-1.5639596275269985,0.8943620381012558,-0.350654681622982,0.049378830939531326,0.01586787961423397,0.06733613461256027,,,,,,
1764809194.050504,,,,,,,0.2096271514892578,-0.23408859968185425,-0.3984859585762024,0.25841981172561646,0.022249724715948105,0.043409641832113266
1764809194.060288,-1.5719208156645297,0.7884291360333562,-0.3309206381052732,0.06931734085083008,-0.016234438866376877,-0.09947609156370163,,,,,,
1764809194.060535,,,,,,,0.21392500400543213,-0.26434528827667236,-0.4076636731624603,0.2721036672592163,-0.15070740878582,0.16291660070419312
1764809194.07034,-1.4958774404257535,0.7687433155715465,-0.31434710444509983,0.10678055882453918,-0.030135340988636017,-0.2660357654094696,,,,,,
1764809194.070565,,,,,,,0.21955209970474243,-0.2831728458404541,-0.3947359025478363,0.26012715697288513,-0.3388562500476837,0.29156026244163513
1764809194.080392,-1.580031056883931,0.8364820960626006,-0.35369945614635945,0.146892249584198,-0.03684687614440918,-0.43028774857521057,,,,,,
1764809194.080595,,,,,,,0.21627038717269897,-0.28539735078811646,-0.3609220087528229,0.20691798627376556,-0.5137561559677124,0.415783166885376
1764809194.090445,-1.6550813294321298,0.8626470494106412,-0.28424714973568915,0.18290245532989502,-0.045067787170410156,-0.5847199559211731,,,,,,
1764809194.090625,,,,,,,0.2136913537979126,-0.2601805329322815,-0.3143633306026459,0.11923696100711823,-0.6581940650939941,0.5344566702842712
1764809194.100497,-1.571508143210411,0.9284934402838348,-0.21404139460921287,0.20769086480140686,-0.045908939093351364,-0.710625946521759,,,,,,
1764809194.100656,,,,,,,0.2245539426803589,-0.21993964910507202,-0.2758742570877075,0.05059558153152466,-0.8012303113937378,0.6609346866607666
1764809194.110549,-1.4126847779542206,1.0928051738232374,-0.21370938617587087,0.22252920269966125,-0.04184814915060997,-0.8130841255187988,,,,,,
1764809194.110686,,,,,,,0.2342367172241211,-0.20157194137573242,-0.26125001907348633,0.04451471194624901,-0.9460180997848511,0.7911033034324646
1764809194.120602,-1.2781255008608101,1.137963289193809,-0.23378712856471537,0.24918358027935028,-0.03511717543005943,-0.9121231436729431,,,,,,
1764809194.120716,,,,,,,0.22822517156600952,-0.21337932348251343,-0.26582908630371094,0.1150197684764862,-1.0770962238311768,0.9239875674247742
1764809194.130654,-1.2656821988731621,1.1099410175412892,-0.32130817562937736,0.29475799202919006,-0.019551265984773636,-1.0333595275878906,,,,,,
1764809194.130746,,,,,,,0.21495550870895386,-0.2342205047607422,-0.2884753942489624,0.24491778016090393,-1.1792782545089722,1.0623492002487183
1764809194.140706,-1.487765445640683,1.016886886268854,-0.4244149143606424,0.3625282347202301,-0.01873604953289032,-1.1933848857879639,,,,,,
1764809194.140777,,,,,,,0.2146802544593811,-0.2474774718284607,-0.30651187896728516,0.3760145604610443,-1.2874242067337036,1.1779117584228516
1764809194.150758,-1.7772224389791487,0.8219863915897906,-0.4702776708692312,0.4235660135746002,-0.043683212250471115,-1.3540786504745483,,,,,,
1764809194.150807,,,,,,,0.22011840343475342,-0.2278159260749817,-0.26314541697502136,0.4208754897117615,-1.365991473197937,1.2696807384490967
1764809194.160811,-1.7057061857759952,0.7376650173492729,-0.37384500307440754,0.4729316532611847,-0.04623228684067726,-1.4794260263442993,,,,,,
1764809194.160837,,,,,,,0.23001813888549805,-0.21830445528030396,-0.23393389582633972,0.4541301131248474,-1.4460875988006592,1.4039373397827148
1764809194.170863,-1.4741852485775946,0.741186907865107,-0.36479017448127266,0.5145278573036194,-0.04647117108106613,-1.5790375471115112,,,,,,
1764809194.170867,,,,,,,0.22048169374465942,-0.20105445384979248,-0.17688143253326416,0.4060510993003845,-1.5444365739822388,1.4850034713745117
1764809194.180897,,,,,,,0.20199984312057495,-0.1965886354446411,-0.1344660520553589,0.3350807726383209,-1.5891562700271606,1.6100949048995972
1764809194.180915,-1.1393909839093685,0.7696222903631628,-0.29245149897933004,0.5500993728637695,-0.03340053930878639,-1.6393321752548218,,,,,,
1764809194.190928,,,,,,,0.18967247009277344,-0.20545047521591187,-0.12092795968055725,0.2527537941932678,-1.6642707586288452,1.694709300994873
1764809194.190968,-0.7806903584748506,0.7710095069378614,-0.2917518262773752,0.5936135649681091,-0.051720160990953445,-1.6759055852890015,,,,,,
1764809194.200958,,,,,,,0.18435347080230713,-0.20017969608306885,-0.11031827330589294,0.18965847790241241,-1.7016956806182861,1.7951723337173462
1764809194.20102,-0.6101069973200559,0.7613004522196948,-0.3263122675269842,0.6349231600761414,-0.07334046065807343,-1.7178977727890015,,,,,,
1764809194.210988,,,,,,,0.18925055861473083,-0.20638465881347656,-0.14769288897514343,0.22811514139175415,-1.747598648071289,1.9346052408218384
1764809194.211072,-0.5710048209875822,0.672856883482635,-0.3037380321472883,0.6826019883155823,-0.0839206650853157,-1.7632601261138916,,,,,,
1764809194.221018,,,,,,,0.19007381796836853,-0.2221076488494873,-0.1959165632724762,0.3496474325656891,-1.8094700574874878,2.049837589263916
1764809194.221124,-0.7141302663743495,0.5827773841068148,-0.3232581406533718,0.7312381863594055,-0.06676825135946274,-1.8447937965393066,,,,,,
1764809194.231049,,,,,,,0.1814260482788086,-0.19851434230804443,-0.16833055019378662,0.39745596051216125,-1.8423681259155273,2.081653356552124
1764809194.231177,-1.0889759709239006,0.30665874189957976,-0.3943652285337448,0.7875741720199585,-0.1092187762260437,-2.016491174697876,,,,,,
1764809194.241079,,,,,,,0.18928056955337524,-0.1432861089706421,-0.10832646489143372,0.41175445914268494,-1.8376796245574951,2.146958589553833
1764809194.241229,-1.317180915442109,-0.15773966167271136,-0.32166531850397584,0.8378850817680359,-0.17494557797908783,-2.1533703804016113,,,,,,
1764809194.251109,,,,,,,0.20172354578971863,-0.11290532350540161,-0.09730660915374756,0.4404754042625427,-1.8738250732421875,2.2560629844665527
1764809194.251281,-1.0761042143911124,-0.04214344372451305,-0.17256313679516314,0.8664493560791016,-0.19910071790218353,-2.227982759475708,,,,,,
1764809194.261139,,,,,,,0.18673565983772278,-0.10192173719406128,-0.04182383418083191,0.3405463993549347,-1.9154963493347168,2.2581799030303955
1764809194.261334,-0.7838947074741125,0.10979860105272382,-0.1678553974956274,0.8760201930999756,-0.21905213594436646,-2.2503445148468018,,,,,,
1764809194.271169,,,,,,,0.1654212772846222,-0.07661914825439453,0.06243517994880676,0.12190065532922745,-1.868485927581787,2.2751221656799316
1764809194.271386,-0.4005985699653625,0.2458370107879862,-0.12517594719827174,0.8641941547393799,-0.24182242155075073,-2.239626884460449,,,,,,
1764809194.2812,,,,,,,0.1718246340751648,-0.09426450729370117,0.06051468849182129,0.05458526313304901,-1.8519445657730103,2.395800828933716
1764809194.281438,-0.0242296013712883,0.20720623309323563,-0.006866378638148307,0.8592647910118103,-0.2451597899198532,-2.2017745971679688,,,,,,
1764809194.29123,,,,,,,0.16743680834770203,-0.12591266632080078,0.012329339981079102,0.09528375416994095,-1.881836175918579,2.468989133834839
1764809194.29149,0.16248597941696644,0.18268970453934744,-0.17956044833660126,0.8754538893699646,-0.23395241796970367,-2.171780824661255,,,,,,
1764809194.30126,,,,,,,0.1443907618522644,-0.1309717297554016,-0.02301850914955139,0.22516772150993347,-1.858479380607605,2.5128369331359863
1764809194.301543,0.027112463331222532,0.04359700353369116,-0.4376730398625135,0.9074841737747192,-0.21256239712238312,-2.18393874168396,,,,,,
1764809194.311291,,,,,,,0.13447348773479462,-0.11280244588851929,-0.059286683797836304,0.4604259431362152,-1.8226228952407837,2.5416548252105713
1764809194.311595,-0.3218511964648962,-0.1641897511275485,-0.549790768045187,0.9577822685241699,-0.174075186252594,-2.2561044692993164,,,,,,
1764809194.321321,,,,,,,0.1339455246925354,-0.06463462114334106,-0.03941252827644348,0.6961676478385925,-1.7963345050811768,2.5035479068756104
1764809194.321647,-0.7950245887756348,-0.3515841444928199,-0.6553618510633706,1.0112313032150269,-0.1727212816476822,-2.3753669261932373,,,,,,
1764809194.331351,,,,,,,0.1362142413854599,0.0011845231056213379,0.03680694103240967,0.7656553983688354,-1.7481153011322021,2.4594569206237793
1764809194.3317,-1.0433201351642607,-0.33850342138446865,-0.517813329026103,1.0473672151565552,-0.2038498967885971,-2.4871222972869873,,,,,,
1764809194.341381,,,,,,,0.15290328860282898,0.008785128593444824,0.06760063767433167,0.7138444185256958,-1.6831063032150269,2.503556966781616
1764809194.341752,-0.9290870222628116,-0.24255261882245538,-0.2982230681180954,1.0634524822235107,-0.2013118416070938,-2.534799814224243,,,,,,
1764809194.351411,,,,,,,0.16215109825134277,-0.011666655540466309,0.12150242924690247,0.4642859995365143,-1.6568325757980347,2.4767723083496094
1764809194.351804,-0.6119792209327221,-0.03500774662569165,-0.3014560586899519,1.0527039766311646,-0.16952036321163177,-2.4892258644104004,,,,,,
1764809194.361442,,,,,,,0.1672094762325287,-0.030536532402038574,0.15715357661247253,0.19676239788532257,-1.5782432556152344,2.534541368484497
1764809194.361856,-0.006613865181803703,0.35426264298707244,-0.15793196937441825,1.0162404775619507,-0.13891898095607758,-2.3794190883636475,,,,,,
1764809194.371471,,,,,,,0.17163503170013428,-0.055025696754455566,0.1147070825099945,0.04992746561765671,-1.560067892074585,2.5971882343292236
1764809194.371909,0.5790460886240005,0.47483211930319663,0.02476853055357933,0.9909092783927917,-0.09609002619981766,-2.256443500518799,,,,,,
1764809194.381501,,,,,,,0.1513320803642273,-0.05924004316329956,0.041582733392715454,0.08919204771518707,-1.543304204940796,2.639599084854126
1764809194.381961,0.8314058157116174,0.3028422523513436,-0.1428413677483797,0.9754868745803833,-0.07235388457775116,-2.1777498722076416,,,,,,
1764809194.391533,,,,,,,0.12528349459171295,-0.03657656908035278,-0.006945610046386719,0.26650476455688477,-1.5078721046447754,2.656839609146118
1764809194.392013,0.7097288165450095,-0.07521218511164188,-0.17707973743677138,0.9835852980613708,-0.09213264286518097,-2.1822080612182617,,,,,,
1764809194.401562,,,,,,,0.09806317090988159,0.012145519256591797,-0.005286723375320435,0.5276799201965332,-1.4875423908233643,2.628692150115967
1764809194.402066,0.39505087271034717,-0.41244536736458537,-0.18797873259186743,1.0019959211349487,-0.12835463881492615,-2.250969171524048,,,,,,
1764809194.411592,,,,,,,0.08205563575029373,0.05879223346710205,0.019629478454589844,0.7229150533676147,-1.4558353424072266,2.599531650543213
1764809194.412118,0.15588322015106676,-0.5221674325823784,-0.08545359314084053,1.0181008577346802,-0.16611507534980774,-2.3445045948028564,,,,,,
1764809194.421622,,,,,,,0.0843205526471138,0.058570802211761475,0.022893160581588745,0.8467270135879517,-1.428483009338379,2.6388044357299805
1764809194.42217,0.11642682355344294,-0.49594548835009333,-0.003189151430130005,1.0236539840698242,-0.18901510536670685,-2.4265642166137695,,,,,,
1764809194.431653,,,,,,,0.09982696175575256,0.007768094539642334,0.013532578945159912,0.9063230156898499,-1.419150471687317,2.69389271736145
1764809194.432222,0.08261749293208122,-0.5380597059801221,-0.0521060348123312,1.020700454711914,-0.17128777503967285,-2.467102289199829,,,,,,
1764809194.441683,,,,,,,0.09835903346538544,0.011915028095245361,0.07358142733573914,0.7679923176765442,-1.4110779762268066,2.6480305194854736
1764809194.442275,0.1597989322900772,-0.574653114362061,-0.12343231840133666,0.9975895881652832,-0.15024034678936005,-2.454167366027832,,,,,,
1764809194.451713,,,,,,,0.10756869614124298,0.04565417766571045,0.10421787202358246,0.6050634980201721,-1.3640867471694946,2.65710711479187
1764809194.452327,0.42747664001882074,-0.4829962826669216,0.025949849292635916,0.9615585803985596,-0.13207465410232544,-2.399442672729492,,,,,,
1764809194.461743,,,,,,,0.12361952662467957,0.04295223951339722,0.06769761443138123,0.597000002861023,-1.3625437021255493,2.724522829055786
1764809194.462379,0.6943120517045259,-0.39683571030050513,0.11351590454280376,0.9153280854225159,-0.08933911472558975,-2.339042901992798,,,,,,
1764809194.471773,,,,,,,0.12230601906776428,0.049618661403656006,0.01685771346092224,0.6804004311561584,-1.3674875497817993,2.7695000171661377
1764809194.472432,0.7607669298648834,-0.3922422450304031,0.01601823786497116,0.8642675876617432,-0.008061835542321205,-2.286764621734619,,,,,,
1764809194.481804,,,,,,,0.09861406683921814,0.07512032985687256,0.009304478764533997,0.8111017346382141,-1.333876371383667,2.7560112476348877
1764809194.482485,0.6901327201932669,-0.4133844017803669,-0.08838146328628063,0.8175763487815857,0.08736846596002579,-2.243630886077881,,,,,,
1764809194.491834,,,,,,,0.07448208332061768,0.1059759259223938,0.037974342703819275,1.0374300479888916,-1.2576450109481812,2.7993531227111816
1764809194.492537,0.6889075623124837,-0.3614215748310089,-0.1176052196830511,0.7942119240760803,0.16078463196754456,-2.2209391593933105,,,,,,
1764809194.501864,,,,,,,0.05295446515083313,0.12666559219360352,0.06250964105129242,1.4018093347549438,-1.1719169616699219,2.839622974395752
1764809194.502589,0.572702272555232,-0.3301759572178125,-0.040498599126935,0.8128889203071594,0.23639202117919922,-2.2202870845794678,,,,,,
1764809194.511894,,,,,,,0.029087871313095093,0.1597217321395874,0.1002715677022934,1.797940969467163,-1.1152540445327759,2.85538387298584
1764809194.512641,0.4188298077046871,-0.28994974529147144,0.05844809731543064,0.8412864804267883,0.3269040584564209,-2.2284181118011475,,,,,,
1764809194.521925,,,,,,,0.025454819202423096,0.21011024713516235,0.10664413869380951,2.058220148086548,-1.040535807609558,2.823345899581909
1764809194.522693,0.3478343635052442,-0.2764747621685266,0.15307517699301243,0.8791189193725586,0.4073340892791748,-2.22755765914917,,,,,,
1764809194.531955,,,,,,,0.04044446349143982,0.22502738237380981,0.14295744895935059,2.0589067935943604,-0.9801371693611145,2.6889452934265137
1764809194.532745,0.31586569231450556,-0.2228676751434803,0.13242109602093696,0.902561366558075,0.4530336558818817,-2.1909570693969727,,,,,,
1764809194.541985,,,,,,,0.07148754596710205,0.2009260654449463,0.15649831295013428,1.756305456161499,-0.8722139000892639,2.613210678100586
1764809194.542799,0.4953688575059175,-0.026461305946111676,0.13305880940258502,0.8950207829475403,0.4716607928276062,-2.1054306030273438,,,,,,
1764809194.552015,,,,,,,0.1069682240486145,0.15968948602676392,0.16719114780426025,1.203012228012085,-0.7952011823654175,2.508979320526123
1764809194.55285,0.7709165679574013,0.30030864222049714,0.19194412909150121,0.8615925312042236,0.47229835391044617,-1.9796783924102783,,,,,,
1764809194.562046,,,,,,,0.1307537853717804,0.11684054136276245,0.18934226036071777,0.6276373267173767,-0.7425512671470642,2.438832998275757
1764809194.562902,1.081388292273879,0.6055956573754548,0.30727380505800245,0.8268409967422485,0.43258190155029297,-1.8279887437820435,,,,,,
1764809194.572076,,,,,,,0.13675951957702637,0.110057532787323,0.17054212093353271,0.270675927400589,-0.6890512704849243,2.4124622344970703
1764809194.572955,1.4090636648476123,0.7127022793978453,0.4549789794504642,0.7901796102523804,0.3572362959384918,-1.682050347328186,,,,,,
1764809194.582106,,,,,,,0.10911369323730469,0.163690447807312,0.14627337455749512,0.24270129203796387,-0.670164942741394,2.3213951587677
1764809194.583008,1.716250960665941,0.5889572417855262,0.4808288754999637,0.7693837285041809,0.2853492200374603,-1.5688899755477905,,,,,,
1764809194.592136,,,,,,,0.07229679822921753,0.2591332197189331,0.12211597710847855,0.4704572260379791,-0.627051591873169,2.2369396686553955
1764809194.59306,1.9736545271396635,0.3427636361122131,0.4224766397744417,0.7491775751113892,0.23340584337711334,-1.5131007432937622,,,,,,
1764809194.602167,,,,,,,0.047958433628082275,0.3108314871788025,0.09234440326690674,0.8638558983802795,-0.5696913599967957,2.183412790298462
1764809194.603112,1.965048611357808,0.12734043175578116,0.3123626526296139,0.7378928661346436,0.22738194465637207,-1.4620859622955322,,,,,,
1764809194.612197,,,,,,,0.025799989700317383,0.31614071130752563,0.11909747123718262,1.2300903797149658,-0.5313122868537903,2.101816415786743
1764809194.613164,2.05016376632452,0.11972060440182686,0.3113362321913242,0.7631987929344177,0.210648775100708,-1.398828387260437,,,,,,
1764809194.622227,,,,,,,0.013626039028167725,0.27633213996887207,0.13644933700561523,1.4321238994598389,-0.43149805068969727,2.07900071144104
1764809194.623216,1.7839292431414127,0.15286416459083557,0.25980887404978276,0.7811195254325867,0.13911862671375275,-1.4267845153808594,,,,,,
1764809194.632257,,,,,,,0.008182048797607422,0.20365649461746216,0.14257597923278809,1.4909337759017944,-0.3279854953289032,2.063796043395996
1764809194.633269,0.5352127921164036,-0.04024783923625946,0.44119653781354423,0.7877715229988098,0.1467839926481247,-1.4678465127944946,,,,,,
1764809194.642287,,,,,,,0.0024310946464538574,0.12378907203674316,0.1418309211730957,1.3853447437286377,-0.24842970073223114,2.015599012374878
1764809194.643322,0.10207008915990591,-0.06739595840275288,0.23750936395823954,0.784324586391449,0.2239149659872055,-1.4725879430770874,,,,,,
1764809194.652318,,,,,,,0.011172831058502197,0.06676596403121948,0.12392902374267578,1.172085165977478,-0.1587807834148407,2.0255227088928223
1764809194.653373,0.131214350579679,-0.06898761150836945,-0.05419979222118854,0.7696617245674133,0.31326186656951904,-1.4276471138000488,,,,,,
1764809194.662348,,,,,,,0.02452939748764038,0.04858195781707764,0.09120047837495804,0.9800933003425598,-0.08934365212917328,2.00949764251709
1764809194.663425,0.460563209323585,-0.09154489575326442,-0.30704174986779686,0.7603291869163513,0.37846946716308594,-1.3494166135787964,,,,,,
1764809194.672378,,,,,,,0.01809704303741455,0.08292597532272339,0.12277121096849442,0.8291723132133484,-0.07511171698570251,1.868529200553894
1764809194.673479,0.9073241032660007,-0.18034487671256064,-0.4405617470413446,0.7633918523788452,0.4091559946537018,-1.2682636976242065,,,,,,
1764809194.682408,,,,,,,0.012153565883636475,0.14273637533187866,0.17230379581451416,0.6804646253585815,-0.017042554914951324,1.777886986732483
1764809194.683531,1.213919570671022,-0.12481412814855575,-0.4197141893237829,0.7613838315010071,0.35858771204948425,-1.1989526748657227,,,,,,
1764809194.692439,,,,,,,0.020141661167144775,0.16423124074935913,0.1675291657447815,0.6463852524757385,0.01859932765364647,1.757159948348999
1764809194.693583,1.2630489277601242,0.03931728038787841,-0.261425369335711,0.7458618879318237,0.2507166266441345,-1.136911153793335,,,,,,
1764809194.702469,,,,,,,0.02823019027709961,0.15051966905593872,0.13225722312927246,0.7244848608970642,0.00034682126715779305,1.723312497138977
1764809194.703635,1.2384653983846305,0.18615736238360403,-0.34027766451537605,0.7082707285881042,0.21469733119010925,-1.0200361013412476,,,,,,
1764809194.712499,,,,,,,0.0288885235786438,0.13593953847885132,0.1120670959353447,0.8207308053970337,-0.003154436592012644,1.6920154094696045
1764809194.713687,1.6928668702080845,0.3688374040454626,-0.5678028100758791,0.7199108600616455,0.13723157346248627,-0.951050341129303,,,,,,
1764809194.72253,,,,,,,0.02025127410888672,0.12509465217590332,0.11041587591171265,0.8989278674125671,0.015455999411642551,1.6202669143676758
1764809194.723739,1.336176123291254,0.1887649145334959,-0.6112111591696738,0.7302695512771606,0.12554840743541718,-0.9652569890022278,,,,,,
1764809194.73256,,,,,,,0.009688615798950195,0.11421763896942139,0.10474365204572678,0.9096686244010925,0.02806287258863449,1.534054160118103
1764809194.733792,0.7622957468673587,-0.026797406032681464,-0.46266778038740153,0.7299854159355164,0.16209815442562103,-0.9990777969360352,,,,,,
1764809194.74259,,,,,,,0.0008803009986877441,0.09769707918167114,0.10006140917539597,0.8342798352241516,0.06236358731985092,1.4794930219650269
1764809194.743845,0.7338152100533246,-0.09221592688262462,-0.5263447182670236,0.7169427871704102,0.16684891283512115,-1.0252437591552734,,,,,,
1764809194.75262,,,,,,,0.006081283092498779,0.07600700855255127,0.11093276739120483,0.6284242868423462,0.10146917402744293,1.468436360359192
1764809194.753896,0.7162561724871397,-0.13586334542930126,-0.4866776015281677,0.7011036276817322,0.14080053567886353,-1.023552656173706,,,,,,
1764809194.76265,,,,,,,0.011998474597930908,0.06248670816421509,0.1231800839304924,0.4236021935939789,0.13043637573719025,1.4209213256835938
1764809194.763948,0.7606269368723034,-0.14753683208823204,-0.42801966085433957,0.6809103488922119,0.11118952184915543,-0.994351327419281,,,,,,
1764809194.772681,,,,,,,0.01311582326889038,0.07930499315261841,0.1340487003326416,0.303609699010849,0.1547268033027649,1.3624534606933594
1764809194.774002,0.8682260185867547,-0.11297288370728492,-0.4713794946312904,0.670293927192688,0.09289120882749557,-0.9385700821876526,,,,,,
1764809194.782711,,,,,,,0.01183849573135376,0.09437549114227295,0.13300591707229614,0.3307774066925049,0.1655443012714386,1.361910104751587
1764809194.784054,1.0023074490353465,0.011284195080399512,-0.50227410684973,0.6684209704399109,0.09065652638673782,-0.8712073564529419,,,,,,
1764809194.792741,,,,,,,0.00536876916885376,0.09795331954956055,0.13445287942886353,0.4444391429424286,0.16151893138885498,1.3506590127944946
1764809194.794106,1.0487465441271662,0.14380582886636256,-0.5518979694575071,0.6868972182273865,0.09719139337539673,-0.8040762543678284,,,,,,
1764809194.802772,,,,,,,-0.006499946117401123,0.10578387975692749,0.14418762922286987,0.5754895806312561,0.18446232378482819,1.3269113302230835
1764809194.804158,1.1073705825313924,0.23915011690258978,-0.600101151612401,0.7109761834144592,0.13172419369220734,-0.7520372867584229,,,,,,
1764809194.812802,,,,,,,-0.008332490921020508,0.10914528369903564,0.1433752179145813,0.7123866081237793,0.22671258449554443,1.327075481414795
1764809194.81421,1.0974158824890852,0.31083938858509064,-0.6013315701901912,0.7217675447463989,0.20379652082920074,-0.6623878479003906,,,,,,
1764809194.822832,,,,,,,-0.012986600399017334,0.10138356685638428,0.16047924757003784,0.8607875108718872,0.25315749645233154,1.3376435041427612
1764809194.824262,1.524353593325615,0.45952655975222584,-0.5356950226753949,0.7807613015174866,0.22458703815937042,-0.5572323203086853,,,,,,
1764809194.832862,,,,,,,-0.026855051517486572,0.10166090726852417,0.1429426670074463,1.0074890851974487,0.28369998931884766,1.345802664756775
1764809194.834315,1.5083838707774877,0.32956922349631784,-0.4485889861524105,0.8298545479774475,0.16837915778160095,-0.6249138712882996,,,,,,
1764809194.842892,,,,,,,-0.03678321838378906,0.12427723407745361,0.11148553341627121,1.1311007738113403,0.36140942573547363,1.3036978244781494
1764809194.844368,0.11433481971025466,-0.10665420207977294,-0.17213059059679509,0.8364125490188599,0.23089319467544556,-0.7170210480690002,,,,,,
1764809194.852922,,,,,,,-0.038149476051330566,0.13633328676223755,0.09385806322097778,1.2363276481628418,0.4112006723880768,1.2790414094924927
1764809194.854419,0.10635317330658435,-0.1908691933363676,-0.30416297956109045,0.8204876184463501,0.33113670349121094,-0.7483401298522949,,,,,,
1764809194.862953,,,,,,,-0.030079364776611328,0.10548937320709229,0.08716458827257156,1.3309868574142456,0.4442955255508423,1.340051531791687
1764809194.864471,0.5542097535312176,-0.15244330883026122,-0.3593538286462426,0.8010293245315552,0.41928666830062866,-0.7279046177864075,,,,,,
1764809194.872983,,,,,,,-0.026498615741729736,0.09942016005516052,0.10644340515136719,1.3881185054779053,0.4696354866027832,1.3680142164230347
1764809194.874525,1.0439861978575586,-0.17641338248252866,-0.26926351561546324,0.7959104776382446,0.5002859234809875,-0.674300491809845,,,,,,
1764809194.883013,,,,,,,-0.02618342638015747,0.1619102954864502,0.09533929824829102,1.4238171577453613,0.5106140971183777,1.3223119974136353
1764809194.884577,1.5562772563308476,-0.16797054830789565,-0.17099720265269278,0.8097437620162964,0.5476604700088501,-0.6249479055404663,,,,,,
1764809194.893043,,,,,,,-0.015409231185913086,0.22259831428527832,0.06718401610851288,1.4319298267364502,0.5097504258155823,1.245395302772522
1764809194.894629,1.7883792082875967,-0.09111994833946227,-0.09496259524226187,0.8067261576652527,0.5414462685585022,-0.5712606906890869,,,,,,
1764809194.903074,,,,,,,-0.0015369057655334473,0.2061207890510559,0.05538409948348999,1.3278303146362305,0.49255305528640747,1.2047098875045776
1764809194.904681,1.9283041040673852,0.05558861623108387,0.010486907222867011,0.7848069071769714,0.5314140915870667,-0.41464218497276306,,,,,,
1764809194.913104,,,,,,,0.00705188512802124,0.15375593304634094,0.046051204204559326,1.0479198694229126,0.46206146478652954,1.1559603214263916
1764809194.914733,2.4179046073049304,0.2574053200393915,0.1701245114713907,0.7942635416984558,0.3133355379104614,-0.42110568284988403,,,,,,
1764809194.923134,,,,,,,0.011112630367279053,0.12451255321502686,0.026580139994621277,0.6777029633522034,0.5033777356147766,1.0218265056610107
1764809194.924785,0.9601587446138262,-0.13863514823019504,0.4367077019616961,0.7482452392578125,0.1791868507862091,-0.45809927582740784,,,,,,
1764809194.933164,,,,,,,0.019163787364959717,0.138412207365036,0.023880288004875183,0.2976328730583191,0.5234537124633789,0.8527753353118896
1764809194.934839,0.6512476937428117,-0.22485738765597343,0.5349395281329751,0.6885755658149719,0.0816565603017807,-0.42149093747138977,,,,,,
1764809194.943195,,,,,,,0.03307849168777466,0.1584053933620453,0.012732133269309998,0.07421816885471344,0.5060968399047852,0.7709380388259888
1764809194.944891,1.1137059230327606,-0.07716273465752602,0.4808963877782225,0.6369126439094543,-0.06234031170606613,-0.32960715889930725,,,,,,
1764809194.953225,,,,,,,0.04161900281906128,0.17944690585136414,0.0008637905120849609,-0.025538671761751175,0.48683738708496094,0.7375580668449402
1764809194.954942,1.1147110084220766,0.044323710373044015,0.6107789052322506,0.6014390587806702,-0.17103643715381622,-0.216916024684906,,,,,,
1764809194.963255,,,,,,,0.04084932804107666,0.21064531803131104,-0.00706636905670166,-0.007387897931039333,0.47001633048057556,0.6115729808807373
1764809194.964994,0.946818786047399,0.2550555420428514,0.633275691461563,0.5773563981056213,-0.22259823977947235,-0.11012426018714905,,,,,,
1764809194.973285,,,,,,,0.03755241632461548,0.23866480588912964,-0.02170334756374359,0.11673413217067719,0.4616425633430481,0.4583773910999298
1764809194.975048,0.6489039070956408,0.4301239396572113,0.5038394564703107,0.5661324858665466,-0.2604694664478302,-0.025400852784514427,,,,,,
1764809194.983316,,,,,,,0.036849260330200195,0.23147231340408325,-0.01909368485212326,0.15393716096878052,0.44341960549354553,0.3519468307495117
1764809194.9851,0.24878771381974218,0.5032920517206192,0.48865445455908774,0.5748189091682434,-0.28787821531295776,0.03755068778991699,,,,,,
1764809194.993346,,,,,,,0.032064080238342285,0.16095733642578125,-0.015576474368572235,0.08899649977684021,0.45386478304862976,0.28318047523498535
1764809194.995152,-0.09495587324053048,0.5704103622257709,0.6641814095959067,0.5741406083106995,-0.29911649227142334,0.08079110085964203,,,,,,
1764809195.003376,,,,,,,0.03018009662628174,0.08246049284934998,-0.033208899199962616,-0.03320584073662758,0.5106857419013977,0.20797975361347198
1764809195.005204,-0.39813305663466453,0.5524719699531794,0.7980445211187005,0.556440532207489,-0.30469417572021484,0.11953186988830566,,,,,,
1764809195.013406,,,,,,,0.04295438528060913,0.05224683880805969,-0.052864499390125275,-0.1860315054655075,0.5567752122879028,0.12620972096920013
1764809195.015256,-0.46346156111359593,0.45790041985511776,0.7836635290667414,0.5397225618362427,-0.3085472583770752,0.16333527863025665,,,,,,
1764809195.023437,,,,,,,0.0629073977470398,0.05242988467216492,-0.06712973862886429,-0.29494068026542664,0.5527881979942322,0.05266093090176582
1764809195.025308,-0.3367214333385229,0.3566284953355789,0.7245277417480945,0.5213265419006348,-0.3241714537143707,0.20350030064582825,,,,,,
1764809195.033467,,,,,,,0.06982624530792236,0.05301976203918457,-0.07151877880096436,-0.36892178654670715,0.5303369164466858,-0.010145061649382114
1764809195.035362,-0.25227643271833655,0.3153840462774038,0.7092913019105792,0.5032678842544556,-0.36182108521461487,0.2366444170475006,,,,,,
1764809195.043497,,,,,,,0.06015807390213013,0.04916274547576904,-0.06892412900924683,-0.40380918979644775,0.5311475992202759,-0.03514175862073898
1764809195.045413,-0.22947189571410417,0.30666882490217684,0.7091431256115436,0.48409560322761536,-0.4200887382030487,0.25316324830055237,,,,,,
1764809195.053527,,,,,,,0.04559999704360962,0.033902645111083984,-0.06668901443481445,-0.3963444232940674,0.5251024961471558,-0.04966351017355919
1764809195.055465,-0.2764151409357786,0.2954413284450769,0.7146005142346024,0.47051534056663513,-0.4704166352748871,0.2591034471988678,,,,,,
1764809195.063558,,,,,,,0.04116243124008179,0.01848393678665161,-0.07099306583404541,-0.38778156042099,0.5143702030181885,-0.06509572267532349
1764809195.065518,-0.337659298710525,0.31154139937460423,0.6641837476834654,0.4644981920719147,-0.48869386315345764,0.25905856490135193,,,,,,
1764809195.073588,,,,,,,0.04747849702835083,0.0066210925579071045,-0.06958478689193726,-0.3793429732322693,0.5066763162612915,-0.08635740727186203
1764809195.075571,-0.3948667483150959,0.3087415395230055,0.5607514302596449,0.45835161209106445,-0.4810180962085724,0.2624940276145935,,,,,,
1764809195.083618,,,,,,,0.05693334341049194,0.0001081228256225586,-0.07505393028259277,-0.3753245174884796,0.4990543723106384,-0.08163002878427505
1764809195.085623,-0.5040209505170583,0.3268178789615631,0.5090037073656917,0.4539698660373688,-0.45870786905288696,0.25859516859054565,,,,,,
1764809195.093648,,,,,,,0.05755060911178589,-0.019897282123565674,-0.07957446575164795,-0.3303033709526062,0.47577568888664246,-0.053522031754255295
1764809195.095675,-0.7280491938725113,0.3318710706979036,0.48297903927117586,0.4535219073295593,-0.3951145112514496,0.2431855946779251,,,,,,
1764809195.103678,,,,,,,0.050108373165130615,-0.03553935885429382,-0.07991904020309448,-0.27903538942337036,0.45311030745506287,-0.04308323934674263
1764809195.105727,-0.9044760203585028,0.3212134830832481,0.48587739106118677,0.454187273979187,-0.30140137672424316,0.2270371913909912,,,,,,
1764809195.113709,,,,,,,0.04587048292160034,-0.029514312744140625,-0.08458131551742554,-0.25119495391845703,0.46119940280914307,-0.02661092020571232
1764809195.115779,-0.9604819852188229,0.3099298725247383,0.4472437090232968,0.4571274220943451,-0.20878833532333374,0.2117927223443985,,,,,,
1764809195.123739,,,,,,,0.04292362928390503,-0.02670055627822876,-0.09612196683883667,-0.1973745971918106,0.46428999304771423,0.002106211381033063
1764809195.125833,-0.9644979428619146,0.27928455889225007,0.4747770281150937,0.45935437083244324,-0.14184974133968353,0.19716906547546387,,,,,,
1764809195.133769,,,,,,,0.03985750675201416,-0.02687898278236389,-0.10524213314056396,-0.13192763924598694,0.460122674703598,0.014360214583575726
1764809195.135885,-0.9723501176670193,0.22241291711330413,0.5474778149276972,0.45547813177108765,-0.10784357041120529,0.19091036915779114,,,,,,
1764809195.143799,,,,,,,0.03986847400665283,-0.02545827627182007,-0.10750210285186768,-0.07100038230419159,0.46304258704185486,0.019866300746798515
1764809195.145936,-0.958641033527255,0.17285189060866832,0.6639981619834899,0.4512504041194916,-0.08907756954431534,0.19113977253437042,,,,,,
1764809195.15383,,,,,,,0.04247105121612549,-0.031183332204818726,-0.12101173400878906,0.006927482783794403,0.4686967432498932,0.043060701340436935
1764809195.155988,-0.9463485381871461,0.1707873592942953,0.8133554874971508,0.43154916167259216,-0.07362191379070282,0.18750536441802979,,,,,,
1764809195.16386,,,,,,,0.03961765766143799,-0.044982075691223145,-0.14075136184692383,0.08772779256105423,0.4538450837135315,0.04701389744877815
1764809195.166041,-1.0682347961902618,0.1447539233714342,0.8738787836514413,0.41521430015563965,-0.04503627493977547,0.1787673383951187,,,,,,
1764809195.17389,,,,,,,0.040673255920410156,-0.05261722207069397,-0.15261757373809814,0.13368189334869385,0.4416011869907379,0.04395785555243492
1764809195.176094,-1.1209314903721213,0.07886895405352115,0.8135133084073662,0.39594605565071106,0.0035754696000367403,0.16112123429775238,,,,,,
1764809195.18392,,,,,,,0.0446128249168396,-0.05727958679199219,-0.1473456621170044,0.15510623157024384,0.4390637278556824,0.03793218731880188
1764809195.186146,-1.0817094870522617,0.05525017805695533,0.8290081069201231,0.38415732979774475,0.06170784682035446,0.13843852281570435,,,,,,
1764809195.193952,,,,,,,0.053545236587524414,-0.03958088159561157,-0.14285659790039062,0.13783329725265503,0.424665629863739,0.033495690673589706
1764809195.196198,-1.0641773374930024,0.13207622810602188,0.8199813353776931,0.37682726979255676,0.09661736339330673,0.11896921694278717,,,,,,
1764809195.203981,,,,,,,0.05983024835586548,-0.016555696725845337,-0.143646240234375,0.1324276179075241,0.3906509280204773,0.0392257496714592
1764809195.20625,-1.0674839778229595,0.22120763297677037,0.8102326793015002,0.3672371804714203,0.10602041333913803,0.10982672870159149,,,,,,
1764809195.214011,,,,,,,0.05337637662887573,-0.00976589322090149,-0.14600229263305664,0.13943208754062653,0.3517773151397705,0.04088703170418739
1764809195.216302,-1.0655299211457372,0.22399171073734758,0.8492916010141373,0.352419376373291,0.10691177099943161,0.11144006997346878,,,,,,
1764809195.224041,,,,,,,0.04596525430679321,-0.011322379112243652,-0.1507582664489746,0.12691469490528107,0.3385099768638611,0.0323883518576622
1764809195.226356,-1.0123246929198504,0.1692752011656761,0.8958252425216138,0.32588669657707214,0.1237240582704544,0.11799044162034988,,,,,,
1764809195.234072,,,,,,,0.045758962631225586,-0.02671891450881958,-0.15950989723205566,0.13210062682628632,0.32422104477882385,0.03220326080918312
1764809195.236408,-0.9393860056981443,0.08409984044432639,0.9015715310886502,0.2897641062736511,0.11962278932332993,0.11084331572055817,,,,,,
1764809195.244102,,,,,,,0.043519556522369385,-0.038818031549453735,-0.1670914888381958,0.152168869972229,0.29555317759513855,0.017320983111858368
1764809195.246459,-0.8921855708450078,-0.03510346208512783,1.0326816906414926,0.24410825967788696,0.09988647699356079,0.08142600953578949,,,,,,
1764809195.254132,,,,,,,0.041053950786590576,-0.027906060218811035,-0.16908490657806396,0.15516594052314758,0.2740827798843384,0.009124772623181343
1764809195.256512,-0.8559095578491688,-0.18385785326957702,1.1486287678539753,0.20396509766578674,0.09002426266670227,0.05656938999891281,,,,,,
1764809195.264162,,,,,,,0.03390616178512573,-0.01937955617904663,-0.16934514045715332,0.15234911441802979,0.2583799660205841,0.021037625148892403
1764809195.266564,-0.7255296122670173,-0.14334405657351015,1.0269196199834345,0.18082144856452942,0.09116481244564056,0.04038701578974724,,,,,,
1764809195.274192,,,,,,,0.02963078022003174,-0.027019798755645752,-0.16831982135772705,0.1574888974428177,0.23190361261367798,0.017650950700044632
1764809195.276616,-0.6584381897687912,-0.043566754525899885,0.9128408208608627,0.16450107097625732,0.11690399795770645,0.03776513412594795,,,,,,
1764809195.284223,,,,,,,0.03178340196609497,-0.03215289115905762,-0.15971970558166504,0.13926781713962555,0.20023703575134277,0.011138987727463245
1764809195.286669,-0.5972966155856847,-0.00846270791888237,0.7449427532672882,0.1427481472492218,0.14164724946022034,0.04138460010290146,,,,,,
1764809195.294253,,,,,,,0.03988957405090332,-0.02720242738723755,-0.14691460132598877,0.10316549986600876,0.16633179783821106,0.016042133793234825
1764809195.296721,-0.4377987120687961,0.014047230052947998,0.6147999774418771,0.1267119199037552,0.15468688309192657,0.03778720274567604,,,,,,
1764809195.304283,,,,,,,0.04539692401885986,-0.017622023820877075,-0.12634360790252686,0.06068648770451546,0.11559537798166275,0.024690216407179832
1764809195.306773,-0.32122721934765575,0.03831482534706592,0.49728287443369623,0.11218687146902084,0.15168450772762299,0.027008473873138428,,,,,,
1764809195.314313,,,,,,,0.0439872145652771,-0.015978217124938965,-0.11012720316648483,0.018523594364523888,0.06890776753425598,0.03522920981049538
1764809195.316827,-0.25122575462162494,0.07246551675200462,0.43161213238835333,0.09656184166669846,0.13807521760463715,0.016336655244231224,,,,,,
1764809195.324344,,,,,,,0.0388338565826416,-0.02918142080307007,-0.098868727684021,0.0005062439013272524,0.03173909708857536,0.040511589497327805
1764809195.326879,-0.14940876343995332,0.11700666926801204,0.37991117124557494,0.08985581248998642,0.12029164284467697,0.009375224821269512,,,,,,
1764809195.334374,,,,,,,0.03205448389053345,-0.03303295373916626,-0.0868825912475586,-0.026217402890324593,0.001955370418727398,0.04012922942638397
1764809195.336931,-0.04959785138368606,0.1547884106516838,0.29926234803795815,0.07661830633878708,0.08798989653587341,-0.0024332311004400253,,,,,,
1764809195.344404,,,,,,,0.025172710418701172,-0.03223013877868652,-0.07403397560119629,-0.04744758829474449,-0.025002744048833847,0.04686649516224861
1764809195.346983,-0.004087269313633441,0.07156184591054916,0.3224015238240361,0.057794734835624695,0.03935077413916588,-0.01972600817680359,,,,,,
1764809195.354434,,,,,,,0.01241523027420044,-0.033660441637039185,-0.06560349464416504,-0.04041321948170662,-0.04482012242078781,0.05976264923810959
1764809195.357036,0.010741466505825518,-0.11712824982106684,0.3451756656900048,0.03386995941400528,-0.0065362900495529175,-0.046712618321180344,,,,,,
1764809195.364465,,,,,,,-8.33272933959961e-05,-0.02702823281288147,-0.05447578430175781,-0.027673987671732903,-0.058502379804849625,0.06619178503751755
1764809195.367088,-0.05070113645046949,-0.2626005505949259,0.3428539447441697,0.00924592837691307,-0.04364316910505295,-0.06694820523262024,,,,,,
1764809195.374496,,,,,,,-0.01246190071105957,-0.01474103331565857,-0.04789578169584274,-0.01561285275965929,-0.057780396193265915,0.0722484141588211
1764809195.377141,-0.15613953299969432,-0.33366496837735177,0.27650924896001816,-0.00808565691113472,-0.06972111761569977,-0.07386044412851334,,,,,,
1764809195.384526,,,,,,,-0.0195581316947937,-0.0061299800872802734,-0.04296565055847168,0.009794237092137337,-0.05277791619300842,0.07834891974925995
1764809195.387192,-0.2617363349810243,-0.3273883723258972,0.15879793855398894,-0.026154741644859314,-0.06728200614452362,-0.07257159054279327,,,,,,
1764809195.394556,,,,,,,-0.02226954698562622,-0.005997389554977417,-0.03453553095459938,0.02636430785059929,-0.05841130018234253,0.07915885001420975
1764809195.397244,-0.3732444068327546,-0.314451149341464,0.04017331269532442,-0.036268897354602814,-0.04361103102564812,-0.06884236633777618,,,,,,
1764809195.404587,,,,,,,-0.022899985313415527,-0.014818191528320312,-0.02305007353425026,0.03419719636440277,-0.056094083935022354,0.06736423820257187
1764809195.407297,-0.36447307135611773,-0.26624095292389394,-0.0399848043859005,-0.0368972010910511,-0.010180455632507801,-0.062434129416942596,,,,,,
1764809195.414617,,,,,,,-0.022046387195587158,-0.018480509519577026,-0.00749790295958519,0.03183461353182793,-0.04590536281466484,0.06471340358257294
1764809195.41735,-0.3275479468017816,-0.20141455274820327,-0.1253510115042329,-0.03387797623872757,0.012107805348932743,-0.05626145377755165,,,,,,
1764809195.424647,,,,,,,-0.019833922386169434,-0.017829030752182007,-0.0018162764608860016,0.024108517915010452,-0.04456659033894539,0.06547985970973969
1764809195.427402,-0.3551797578319907,-0.16166004998683928,-0.11463073391690849,-0.030214183032512665,0.015205537900328636,-0.05115903541445732,,,,,,
1764809195.434677,,,,,,,-0.02129042148590088,-0.01732000708580017,-0.0026974640786647797,0.03462019935250282,-0.04714746028184891,0.05926470458507538
1764809195.437454,-0.34364918677508827,-0.14174538920521734,-0.12657353903651236,-0.02879711613059044,0.013982081785798073,-0.0498487614095211,,,,,,
1764809195.444708,,,,,,,-0.02017199993133545,-0.01935654878616333,0.006172541528940201,0.03503219038248062,-0.038353968411684036,0.047094590961933136
1764809195.447506,-0.2900742484539747,-0.1467974118977785,-0.1570883581571281,-0.027806181460618973,0.011692045256495476,-0.04871147871017456,,,,,,
1764809195.454738,,,,,,,-0.015577733516693115,-0.016224294900894165,0.011898878961801529,0.03915925323963165,-0.028872050344944,0.043001312762498856
1764809195.457558,-0.21863749022781848,-0.12549918780326844,-0.17831906997337937,-0.02544582076370716,0.004661832470446825,-0.0460059754550457,,,,,,
1764809195.464768,,,,,,,-0.011059463024139404,-0.01972031593322754,0.0147705078125,0.05922910198569298,-0.025124449282884598,0.04356856644153595
1764809195.467611,-0.18158377085775135,-0.08045826907157898,-0.16422025586366654,-0.017903031781315804,-0.00048732291907072067,-0.043185628950595856,,,,,,
1764809195.474798,,,,,,,-0.0064432621002197266,-0.01908251643180847,0.018589619547128677,0.05884888768196106,-0.023311637341976166,0.038663093000650406
1764809195.477664,-0.20428134035617113,-0.002265606844425201,-0.19255057055205105,-0.008838163688778877,0.0005731479031965137,-0.04261677712202072,,,,,,
1764809195.484828,,,,,,,-0.0034999847412109375,-0.024083584547042847,0.01899278163909912,0.06235094368457794,-0.017782114446163177,0.03930997475981712
1764809195.487715,-0.2277966559782624,0.050658174091577524,-0.19092823004722595,-0.002193434163928032,0.01639840565621853,-0.04141492769122124,,,,,,
1764809195.494859,,,,,,,-0.00011301040649414062,-0.02445322275161743,0.014529351145029068,0.056821152567863464,-0.012800405733287334,0.038152363151311874
1764809195.497768,-0.17356968348920343,0.09254209009706973,-0.19902575791552662,-0.0003372109495103359,0.028346676379442215,-0.04305996373295784,,,,,,
1764809195.504889,,,,,,,0.005236506462097168,-0.016561806201934814,0.008364681154489517,0.023917797952890396,-0.011528214439749718,0.03859391435980797
1764809195.50782,-0.10102116462886333,0.08794073378145695,-0.19867080699801443,-0.0008012289181351662,0.02372310496866703,-0.046711307018995285,,,,,,
1764809195.514919,,,,,,,0.004415392875671387,-0.017430603504180908,0.004861596971750259,0.02180289849638939,-0.015436668880283833,0.04487697780132294
1764809195.517872,-0.0018725158736109732,0.0485159013658762,-0.1825602146744728,-0.0002896357327699661,0.010788396932184696,-0.05095505341887474,,,,,,
1764809195.524949,,,,,,,0.002784252166748047,-0.013186454772949219,0.005805019289255142,0.004888896830379963,-0.015273950062692165,0.04571960121393204
1764809195.527924,0.08773878146857023,0.017069792744517327,-0.14055296455025673,-0.007906924933195114,-0.017497815191745758,-0.050216760486364365,,,,,,
1764809195.53498,,,,,,,0.0038074254989624023,-0.00398331880569458,0.006712313741445541,-0.01032361201941967,-0.012511187233030796,0.048600610345602036
1764809195.537977,0.12338818699866533,0.011392916151881217,-0.09517302312254905,-0.013030847534537315,-0.055572763085365295,-0.04620311036705971,,,,,,
1764809195.54501,,,,,,,0.005652785301208496,-0.0060856640338897705,0.005165930837392807,-0.01718178391456604,-0.021144088357686996,0.05048026889562607
1764809195.548029,0.11210019252598286,0.016085457882285117,-0.0791805042207241,-0.016231270506978035,-0.07790375500917435,-0.043943144381046295,,,,,,
1764809195.55504,,,,,,,0.004835367202758789,-0.01039150357246399,0.006808165460824966,-0.04119720682501793,-0.03222230449318886,0.041193291544914246
1764809195.558081,0.07034954751133918,0.03757423611283302,-0.09357727836370468,-0.011640513315796852,-0.0902288630604744,-0.04265976697206497,,,,,,
1764809195.56507,,,,,,,0.003676295280456543,-0.011864691972732544,0.01049840822815895,-0.08113104104995728,-0.027498658746480942,0.030105488374829292
1764809195.568134,-0.010290507867932319,0.057091422009468075,-0.11014160580411553,-0.009009897708892822,-0.09796743839979172,-0.040297456085681915,,,,,,
1764809195.575101,,,,,,,0.0018602609634399414,-0.005754321813583374,0.004928465932607651,-0.12285526096820831,-0.017227377742528915,0.016665181145071983
