timestamp,phone_accel_x,phone_accel_y,phone_accel_z,phone_gyro_x,phone_gyro_y,phone_gyro_z,watch_accel_x,watch_accel_y,watch_accel_z,watch_gyro_x,watch_gyro_y,watch_gyro_z
1764809203.750798,-0.14628741654902697,0.1146598138809204,0.3675225220546126,0.10968732833862305,-0.05343877151608467,0.023578068241477013,,,,,,
1764809203.759763,,,,,,,0.02369779348373413,-0.04129207134246826,-0.04140424728393555,0.1532645970582962,0.09947899729013443,0.033638302236795425
1764809203.760851,-0.20010931536853313,0.09606617256999016,0.324697525806725,0.09943575412034988,-0.06337901949882507,0.019393974915146828,,,,,,
1764809203.769793,,,,,,,0.016997456550598145,-0.04809755086898804,-0.03929292410612106,0.16927790641784668,0.10552516579627991,0.029385237023234367
1764809203.770903,-0.23078823900967835,0.0862479583889246,0.3182929194614291,0.09975466132164001,-0.058328449726104736,0.02259824238717556,,,,,,
1764809203.779823,,,,,,,0.019421160221099854,-0.035077959299087524,-0.05713695287704468,0.18383239209651947,0.12598836421966553,0.005953880026936531
1764809203.780956,-0.17137027374878525,0.15905658949017523,0.4768471123874187,0.10412677377462387,-0.07254840433597565,0.02933230996131897,,,,,,
1764809203.789854,,,,,,,0.022144615650177002,-0.02958846092224121,-0.07719891518354416,0.21454370021820068,0.09585735946893692,-0.003971987869590521
1764809203.791008,-0.29487375769019125,0.17148644747436045,0.45415714167356486,0.09671531617641449,-0.11804798990488052,0.03508143872022629,,,,,,
1764809203.799884,,,,,,,0.01123589277267456,-0.024480551481246948,-0.08286499977111816,0.23701196908950806,0.06523580849170685,-0.024709824472665787
1764809203.80106,-0.5653241450026631,-0.09360124376118183,0.4295604605555534,0.07958878576755524,-0.15905535221099854,0.046976715326309204,,,,,,
1764809203.809914,,,,,,,-0.005381643772125244,-0.01981973648071289,-0.07208346575498581,0.2338518649339676,0.0743563324213028,-0.04759543016552925
1764809203.811113,-0.7051920498982072,-0.29655601168870926,0.4723252510488033,0.04901456832885742,-0.16345039010047913,0.059175070375204086,,,,,,
1764809203.819944,,,,,,,-0.008236944675445557,-0.026495009660720825,-0.056671492755413055,0.21588313579559326,0.08342226594686508,-0.05785086750984192
1764809203.821165,-0.8138996773764491,-0.3513660447627306,0.41747342465966936,0.028654970228672028,-0.12038999795913696,0.06572751700878143,,,,,,
1764809203.829974,,,,,,,-0.0008549094200134277,-0.03285151720046997,-0.0478091686964035,0.19566787779331207,0.06936530023813248,-0.07174617052078247
1764809203.831218,-0.939019218212366,-0.23012100727260112,0.2901847230911255,0.020177651196718216,-0.04217779263854027,0.07340051978826523,,,,,,
1764809203.840005,,,,,,,0.008797109127044678,-0.033509135246276855,-0.04274068772792816,0.16526469588279724,0.05527079105377197,-0.08061263710260391
1764809203.84127,-0.9425975150905549,-0.028316578423976897,0.14989274756461382,0.02580890618264675,0.043520066887140274,0.07908903062343597,,,,,,
1764809203.850035,,,,,,,0.018296658992767334,-0.04982197284698486,-0.04265128821134567,0.14427685737609863,0.034577496349811554,-0.07185029983520508
1764809203.851322,-0.8128244493603706,0.17753800259828567,-0.004056874175369739,0.03226446360349655,0.12009496241807938,0.07352133840322495,,,,,,
1764809203.860065,,,,,,,0.022180676460266113,-0.05461731553077698,-0.039232783019542694,0.10450040549039841,0.020480051636695862,-0.07372277230024338
1764809203.861375,-0.5982476327002049,0.24043314245045183,-0.056943099579960105,0.03972397744655609,0.18434052169322968,0.05352179706096649,,,,,,
1764809203.870095,,,,,,,0.023935139179229736,-0.04546666145324707,-0.03789072483778,0.0703594833612442,0.013066078536212444,-0.0609063059091568
1764809203.871427,-0.3581954523913562,0.2020405756920576,0.011637538562715053,0.03605775907635689,0.21068859100341797,0.031073126941919327,,,,,,
1764809203.880125,,,,,,,0.02450084686279297,-0.04086241126060486,-0.0367313027381897,0.07291558384895325,-0.011486402712762356,-0.03643692284822464
1764809203.88148,-0.15350874610468745,0.11244447591900825,0.0792594146758318,0.03187579661607742,0.1898786425590515,0.00856196042150259,,,,,,
1764809203.890156,,,,,,,0.016007304191589355,-0.03787830471992493,-0.031834833323955536,0.0887528732419014,-0.031852658838033676,-0.014233080670237541
1764809203.891532,0.0018088029876351355,-0.02639408592879772,0.159167064127326,0.018760187551379204,0.14462000131607056,-0.0036553600803017616,,,,,,
1764809203.900186,,,,,,,0.0005471706390380859,-0.03776392340660095,-0.02757757157087326,0.10660587251186371,-0.036970190703868866,0.003043311182409525
1764809203.901585,0.08261573936641216,-0.1409323192566633,0.21461188797354697,0.0045498269610106945,0.10112285614013672,-0.012421687133610249,,,,,,
1764809203.910216,,,,,,,-0.011181235313415527,-0.036651283502578735,-0.026056766510009766,0.09760498255491257,-0.029155410826206207,0.015524481423199177
1764809203.911637,0.11049012698084115,-0.21291794353723525,0.19009265600591896,-0.010385693982243538,0.06888089329004288,-0.020079446956515312,,,,,,
1764809203.920246,,,,,,,-0.018036603927612305,-0.03681829571723938,-0.021143265068531036,0.07156617939472198,-0.027270160615444183,0.029415728524327278
1764809203.921689,0.08917728983908892,-0.2644511468976736,0.12669482732862233,-0.019101953133940697,0.038376785814762115,-0.027991963550448418,,,,,,
1764809203.930277,,,,,,,-0.02216947078704834,-0.041925638914108276,-0.014345593750476837,0.054915301501750946,-0.024265579879283905,0.050455499440431595
1764809203.931742,0.05080547360777855,-0.29495968240797515,0.047133507096767426,-0.023562362417578697,0.02030269429087639,-0.03937707841396332,,,,,,
1764809203.940307,,,,,,,-0.027588367462158203,-0.03829100728034973,-0.005142576992511749,0.027580194175243378,-0.02044634148478508,0.060862936079502106
1764809203.941794,0.017567220872640607,-0.26606092018187044,0.013123685467243193,-0.02123848907649517,0.013689267449080944,-0.05592862516641617,,,,,,
1764809203.950338,,,,,,,-0.031870484352111816,-0.030687540769577026,0.003384411334991455,0.011231579817831516,-0.011148979887366295,0.07563868165016174
1764809203.951847,-0.007364099027216434,-0.24317279654741286,-0.05443535454273223,-0.01936383545398712,0.012963349930942059,-0.07462015002965927,,,,,,
1764809203.960367,,,,,,,-0.030183851718902588,-0.020979493856430054,0.008208155632019043,0.00369851803407073,-0.0011671860702335835,0.08993573486804962
1764809203.961899,0.03351604676321149,-0.22825112174749373,-0.09777911396771669,-0.01627669855952263,0.005483862012624741,-0.0923440232872963,,,,,,
1764809203.970397,,,,,,,-0.021724224090576172,-0.007932454347610474,0.01169932633638382,0.003693990409374237,0.004151146858930588,0.10276604443788528
1764809203.971951,0.11398834436014293,-0.20345862579643725,-0.1481178468465805,-0.01141729298979044,-0.009825179353356361,-0.10440303385257721,,,,,,
1764809203.980428,,,,,,,-0.012815237045288086,-0.0024233460426330566,0.010101981461048126,0.009422751143574715,-0.0014404263347387314,0.1125233992934227
1764809203.982004,0.1740270718678832,-0.13662614649534224,-0.14659721315056085,-0.008971178904175758,-0.03284927085042,-0.10934772342443466,,,,,,
1764809203.990458,,,,,,,-0.01109611988067627,-0.0012713074684143066,0.005255222320556641,0.0030476762913167477,-0.01966337114572525,0.11575168371200562
1764809203.992056,0.17759367830827832,-0.09670213238596916,-0.1325719026684761,-0.0054579200223088264,-0.0584004744887352,-0.10889486968517303,,,,,,
1764809204.000488,,,,,,,-0.01888108253479004,-0.002414882183074951,0.007737398147583008,-0.028263244777917862,-0.018911030143499374,0.11479580402374268
1764809204.002109,0.12047653733566403,-0.12758943808078765,-0.1500458922997117,-0.009403126314282417,-0.08292125910520554,-0.10656886547803879,,,,,,
1764809204.010518,,,,,,,-0.02636706829071045,-0.006915152072906494,0.018021762371063232,-0.05537848547101021,-0.006356354802846909,0.1153356283903122
1764809204.012161,0.09247983851581812,-0.18675240566730497,-0.1668549882814288,-0.014211876317858696,-0.08879248052835464,-0.10121440887451172,,,,,,
1764809204.020548,,,,,,,-0.02901172637939453,-0.003221660852432251,0.02556437999010086,-0.08282908797264099,0.00873977318406105,0.10652782022953033
1764809204.022213,0.1009749873995781,-0.21018588822484016,-0.1554924672678113,-0.009790496900677681,-0.08357881009578705,-0.1012362465262413,,,,,,
1764809204.03058,,,,,,,-0.026151180267333984,0.010571688413619995,0.027993671596050262,-0.10094204545021057,0.018631819635629654,0.10343801975250244
1764809204.032266,0.12125555888414383,-0.15030688132345676,-0.18030980539917946,-0.002329089678823948,-0.07271265238523483,-0.10376095026731491,,,,,,
1764809204.040609,,,,,,,-0.01955801248550415,0.018249183893203735,0.025470852851867676,-0.09312509000301361,0.01764272153377533,0.1116105318069458
1764809204.042318,0.0716572691090405,-0.065883215752244,-0.20412351944595575,0.0102982884272933,-0.06507603824138641,-0.10492261499166489,,,,,,
1764809204.050639,,,,,,,-0.015363574028015137,0.02536901831626892,0.020461976528167725,-0.07683692872524261,0.02276477962732315,0.10651510953903198
1764809204.052371,0.07723638441562652,0.014906477230787276,-0.19933716195225715,0.02354871854186058,-0.056359294801950455,-0.10515748709440231,,,,,,
1764809204.060669,,,,,,,-0.01174837350845337,0.033205971121788025,0.01791083812713623,-0.06738733500242233,0.03563050925731659,0.09875945001840591
1764809204.062423,0.12049494977518915,0.036570612028241155,-0.18907792600542306,0.03101382404565811,-0.0519496351480484,-0.09640900045633316,,,,,,
1764809204.0707,,,,,,,-0.006579220294952393,0.035715267062187195,0.015276141464710236,-0.05839011073112488,0.03967531770467758,0.08915209770202637
1764809204.072475,0.14601283739134668,0.02913257098197937,-0.1524146672576666,0.031477801501750946,-0.06077192723751068,-0.07918164134025574,,,,,,
1764809204.08073,,,,,,,0.0023677945137023926,0.03599269688129425,0.008715465664863586,-0.06442717462778091,0.04131023585796356,0.0655369758605957
1764809204.082528,0.14993834027200936,0.05939560729861259,-0.07140987021923065,0.025018837302923203,-0.10011214017868042,-0.05240541696548462,,,,,,
1764809204.09076,,,,,,,0.01088041067123413,0.032132118940353394,0.0016821622848510742,-0.09165054559707642,0.0396827757358551,0.031076475977897644
1764809204.09258,0.1339680332019925,0.09389701183736324,-0.009847148014605045,0.017337996512651443,-0.1657308042049408,-0.02433316595852375,,,,,,
1764809204.10079,,,,,,,0.013774335384368896,0.0222625732421875,-0.0011544153094291687,-0.13054077327251434,0.028040502220392227,0.00042169541120529175
1764809204.102633,0.11324527090787886,0.12045534841716289,0.0167550277069211,0.0131648238748312,-0.23702628910541534,-0.004528568591922522,,,,,,
1764809204.11082,,,,,,,0.006900489330291748,0.016037464141845703,0.0019100308418273926,-0.19015483558177948,0.0143593093380332,-0.03361110761761665
1764809204.112685,0.11334420123770832,0.07179448562264441,-0.011707973450422286,0.0061205970123410225,-0.2918526530265808,0.009077794849872589,,,,,,
1764809204.120851,,,,,,,0.0013985633850097656,0.012414440512657166,0.0073055699467659,-0.26207318902015686,0.011759265325963497,-0.07176188379526138
1764809204.122738,0.10732596386149525,0.035731823116540905,0.0009942717343568801,0.0033242779318243265,-0.33088287711143494,0.013970287516713142,,,,,,
1764809204.130881,,,,,,,0.0035713911056518555,0.010223731398582458,0.0052032470703125,-0.3314589262008667,0.01126018911600113,-0.10120499134063721
1764809204.13279,0.12710004712864756,0.06134031162559986,-0.018595979398488997,0.004055800847709179,-0.35692521929740906,0.020035238936543465,,,,,,
1764809204.140911,,,,,,,0.009081780910491943,0.01213333010673523,-0.0004279613494873047,-0.39641624689102173,-0.006438380107283592,-0.11998540908098221
1764809204.142842,0.13035408048853278,0.09385551078319548,-0.05986760872453451,0.003579894080758095,-0.3779905438423157,0.029015418142080307,,,,,,
1764809204.150941,,,,,,,0.00962364673614502,0.0116119384765625,-0.007400877773761749,-0.45137643814086914,-0.031014561653137207,-0.13839158415794373
1764809204.152895,0.11661693929806351,0.10469605374932288,-0.10302198305726051,0.002274771686643362,-0.39872249960899353,0.03584239259362221,,,,,,
1764809204.160971,,,,,,,0.0074160099029541016,0.012376248836517334,-0.01135796308517456,-0.500659704208374,-0.04503370821475983,-0.15633609890937805
1764809204.162947,0.11590689133256674,0.04538520212471485,-0.054452890199422836,-0.00798239279538393,-0.4166111946105957,0.04291734844446182,,,,,,
1764809204.171002,,,,,,,0.0027621984481811523,0.015732109546661377,-0.012791864573955536,-0.5310924053192139,-0.04451679065823555,-0.1686851680278778
1764809204.173,0.10029854944273829,-0.01175005902647972,-0.0366438233949244,-0.01613049954175949,-0.429995059967041,0.049922533333301544,,,,,,
1764809204.181032,,,,,,,0.002671360969543457,0.025290489196777344,-0.011621400713920593,-0.5300580859184265,-0.04263739660382271,-0.17916791141033173
1764809204.183052,0.11403203737139701,-0.021067337948083877,0.022424597775936125,-0.021710887551307678,-0.4279913008213043,0.058725614100694656,,,,,,
1764809204.191062,,,,,,,0.008708417415618896,0.03521054983139038,-0.014659643173217773,-0.5011792778968811,-0.0349014475941658,-0.19325096905231476
1764809204.193104,0.07404898655116558,0.04739361933767795,0.14074468773007393,-0.014607777819037437,-0.4202999174594879,0.07345069199800491,,,,,,
1764809204.201092,,,,,,,0.019614756107330322,0.03922644257545471,-0.02628403902053833,-0.4575142562389374,-0.03302444890141487,-0.2045280635356903
1764809204.203157,-0.029330431641638278,0.1727519373655319,0.23152093719840047,-0.005490446928888559,-0.41747456789016724,0.08987094461917877,,,,,,
1764809204.211123,,,,,,,0.016812443733215332,0.03688427805900574,-0.03710424154996872,-0.4137348234653473,-0.04865480959415436,-0.2156352996826172
1764809204.213209,-0.2455325114160776,0.2321563124924898,0.22540318497046827,0.0027471615467220545,-0.4072011709213257,0.1076626181602478,,,,,,
1764809204.221153,,,,,,,0.0013509392738342285,0.027937591075897217,-0.03589385747909546,-0.3607107996940613,-0.051951803267002106,-0.2216227501630783
1764809204.223262,-0.4407058316871524,0.14104104032814502,0.24723054750561713,0.007761893793940544,-0.3584868907928467,0.12470338493585587,,,,,,
1764809204.231183,,,,,,,-0.018844962120056152,0.020901590585708618,-0.02804422378540039,-0.295694500207901,-0.022991791367530823,-0.22788037359714508
1764809204.233314,-0.5335822683051228,-0.02453355275392532,0.23809081710800528,0.013777469284832478,-0.26052168011665344,0.13499777019023895,,,,,,
1764809204.241213,,,,,,,-0.030202150344848633,0.02335992455482483,-0.024783194065093994,-0.21104209125041962,0.00985297467559576,-0.22478032112121582
1764809204.243366,-0.5820113681703806,-0.13029168277680872,0.1979077136710286,0.019920315593481064,-0.14151406288146973,0.1422058790922165,,,,,,
1764809204.251243,,,,,,,-0.023599684238433838,0.028997212648391724,-0.02992349863052368,-0.10392095148563385,0.03486698120832443,-0.20652329921722412
1764809204.253419,-0.5882447096019983,-0.14006430425047875,0.13636574199348686,0.02746066078543663,-0.03365395590662956,0.14894475042819977,,,,,,
1764809204.261274,,,,,,,-0.00978463888168335,0.025423884391784668,-0.037651658058166504,0.008961481973528862,0.0347127839922905,-0.17830531299114227
1764809204.263471,-0.5406827479600906,-0.07416647545099259,0.07878186029195786,0.03450845181941986,0.053403183817863464,0.15159539878368378,,,,,,
1764809204.271304,,,,,,,-0.0013965964317321777,0.010636717081069946,-0.04083757847547531,0.10788646340370178,0.020362339913845062,-0.15084917843341827
1764809204.273524,-0.4870549104079604,-0.04148994825184345,0.07176745148524642,0.03933403640985489,0.13205872476100922,0.14593251049518585,,,,,,
1764809204.281335,,,,,,,-0.004001498222351074,-0.0004960298538208008,-0.03682637959718704,0.1709023416042328,0.020493634045124054,-0.1333533525466919
1764809204.283576,-0.36601737818866964,-0.06553600974977015,0.0717018389031291,0.037916701287031174,0.2056186944246292,0.12883475422859192,,,,,,
1764809204.291364,,,,,,,-0.007822632789611816,-0.00937950611114502,-0.029461026191711426,0.20852747559547424,0.03489361330866814,-0.10171845555305481
1764809204.293628,-0.20609569630175828,-0.09368833752274512,0.05580167445987463,0.032889433205127716,0.257731556892395,0.11137010902166367,,,,,,
1764809204.301394,,,,,,,-0.0024878978729248047,-0.021382421255111694,-0.023986518383026123,0.2399803251028061,0.04581763595342636,-0.06554973125457764
1764809204.303681,-0.0800499805316329,-0.10100538253784179,0.09805909995287657,0.03019910678267479,0.2919768989086151,0.08880514651536942,,,,,,
1764809204.311425,,,,,,,0.004013717174530029,-0.029027342796325684,-0.020708195865154266,0.2636291980743408,0.03509388491511345,-0.030862323939800262
1764809204.313733,0.007550561510026454,-0.04018003469705581,0.12156155609339475,0.030576191842556,0.31418511271476746,0.06697399169206619,,,,,,
1764809204.321455,,,,,,,0.0033413171768188477,-0.03203585743904114,-0.021228305995464325,0.27049520611763,0.02643701061606407,-0.005434329621493816
1764809204.323786,0.09613485389202833,-0.0009288052827119827,0.09189297853857278,0.036691609770059586,0.3272111713886261,0.04825463145971298,,,,,,
1764809204.331485,,,,,,,-0.0005810260772705078,-0.02924838662147522,-0.02395808696746826,0.2688083350658417,0.02781253308057785,0.023732610046863556
1764809204.333838,0.1415498666331172,-0.0053033671051263805,0.08220832760930061,0.037095095962285995,0.31430163979530334,0.030556490644812584,,,,,,
1764809204.341515,,,,,,,-0.0075525641441345215,-0.023903727531433105,-0.022538654506206512,0.2844557762145996,0.030116435140371323,0.048148803412914276
1764809204.34389,0.13970248520076273,-0.08365326572060584,0.06811784293651581,0.03826209530234337,0.28605136275291443,0.013034489937126637,,,,,,
1764809204.351546,,,,,,,-0.013494670391082764,-0.01781103014945984,-0.01616828888654709,0.30247923731803894,0.031506072729825974,0.07108394801616669
1764809204.353943,0.0929962636053562,-0.16811960138976573,0.08978285451680422,0.029799001291394234,0.25376465916633606,-0.0001127427676692605,,,,,,
1764809204.361576,,,,,,,-0.011655688285827637,-0.015883535146713257,-0.015565641224384308,0.3212573528289795,0.03859780356287956,0.07841429859399796
1764809204.363995,0.03482113801240921,-0.17206161701381206,0.10713438681215047,0.016089312732219696,0.2232949137687683,-0.006804200820624828,,,,,,
1764809204.371606,,,,,,,-0.005867362022399902,-0.01630687713623047,-0.012819834053516388,0.3246859014034271,0.04027106985449791,0.08209425956010818
1764809204.374048,-0.00923953751027584,-0.1358838036954403,0.08117986134439706,0.006096425466239452,0.19845591485500336,-0.011065601371228695,,,,,,
1764809204.381637,,,,,,,-0.0003840923309326172,-0.021914750337600708,-0.011804290115833282,0.31293952465057373,0.0246841199696064,0.08195037394762039
1764809204.3841,-0.027112755592167376,-0.08411094636023043,0.01007744963914156,0.0019823741167783737,0.18202608823776245,-0.017167435958981514,,,,,,
1764809204.391667,,,,,,,-0.000859379768371582,-0.023934632539749146,-0.011570870876312256,0.28409990668296814,0.019193746149539948,0.07488447427749634
1764809204.394152,-0.03539747659564018,-0.04403554108142853,-0.055092357146739955,-0.0003807041794061661,0.17240571975708008,-0.019235290586948395,,,,,,
1764809204.401698,,,,,,,-0.005002260208129883,-0.019501060247421265,-0.008687078952789307,0.24609854817390442,0.017484795302152634,0.07624774426221848
1764809204.404205,-0.030106968972086905,-0.05416062925457954,-0.11196019953340292,-0.009208284318447113,0.15862013399600983,-0.021661164239048958,,,,,,
1764809204.411728,,,,,,,-0.0039217472076416016,-0.013827085494995117,-0.006829805672168732,0.21234457194805145,0.0028174356557428837,0.07459898293018341
1764809204.414257,-0.03599222761839628,-0.0749935739248991,-0.12253712312728166,-0.01917528361082077,0.13708557188510895,-0.019970225170254707,,,,,,
1764809204.421758,,,,,,,-0.0015829801559448242,-0.01106870174407959,-0.0016676262021064758,0.1913728415966034,-0.016266509890556335,0.07044112682342529
1764809204.42431,-0.03104921825826168,-0.09964344653487205,-0.15313450596481562,-0.02603425458073616,0.11233654618263245,-0.017798151820898056,,,,,,
1764809204.431787,,,,,,,-0.002507328987121582,-0.005875498056411743,0.0035662129521369934,0.16304798424243927,-0.02957965061068535,0.06085348129272461
1764809204.434362,-0.013329437172412872,-0.09922551338374615,-0.18551921061053872,-0.03396386280655861,0.09195973724126816,-0.016409939154982567,,,,,,
1764809204.441818,,,,,,,0.00029599666595458984,-0.0007455050945281982,0.0032453611493110657,0.13285981118679047,-0.0327000766992569,0.05031681805849075
1764809204.444415,-0.03253068898767233,-0.05718903716504573,-0.19548764691725373,-0.04654516652226448,0.07184834033250809,-0.014811509288847446,,,,,,
1764809204.451849,,,,,,,0.004582703113555908,0.0002403557300567627,0.007656395435333252,0.09990105777978897,-0.04019767418503761,0.033230774104595184
1764809204.454467,-0.054636137811839576,-0.012694646400213241,-0.2396680032968521,-0.05621689558029175,0.05267633497714996,-0.0076760295778512955,,,,,,
1764809204.461879,,,,,,,0.011796057224273682,-0.0013361573219299316,0.012821368873119354,0.05919923260807991,-0.0499725416302681,0.018548766151070595
1764809204.464519,-0.055396600790321826,0.08440729895830154,-0.22265695500224827,-0.06133336201310158,0.03057689405977726,0.00013049435801804066,,,,,,
1764809204.471909,,,,,,,0.016897141933441162,-0.011519461870193481,0.019828736782073975,0.014841621741652489,-0.06430008262395859,0.00835125707089901
1764809204.474571,-0.03984218104481697,0.18271920462846755,-0.20578443839550017,-0.05537869781255722,0.02238752692937851,0.0056267306208610535,,,,,,
1764809204.481939,,,,,,,0.01316899061203003,-0.016245633363723755,0.023513488471508026,-0.03088260255753994,-0.07094919681549072,-0.009561830200254917
1764809204.484623,-0.0011129296779632568,0.23339549889862535,-0.19825345836877822,-0.04925635829567909,0.02425466850399971,0.009175127372145653,,,,,,
1764809204.49197,,,,,,,0.008149802684783936,-0.009276479482650757,0.025325119495391846,-0.08093272149562836,-0.06478691101074219,-0.023830778896808624
1764809204.494676,0.038543957927823065,0.23716858769655227,-0.22085238979831337,-0.0470176599919796,0.015787044540047646,0.009417036548256874,,,,,,
1764809204.502,,,,,,,0.007184803485870361,-0.0015304982662200928,0.022592850029468536,-0.10314168781042099,-0.053874339908361435,-0.023861872032284737
1764809204.504728,0.027484803774952885,0.17894553130865096,-0.2247162256196141,-0.04381174594163895,-0.008608575910329819,0.01258539967238903,,,,,,
1764809204.51203,,,,,,,0.00794970989227295,0.0038225650787353516,0.018560774624347687,-0.10361199826002121,-0.05924114212393761,-0.02990405261516571
1764809204.51478,-0.024091946466267108,0.13131810321509838,-0.16470073285698889,-0.04467356204986572,-0.02826549857854843,0.01962636597454548,,,,,,
1764809204.52206,,,,,,,0.004618346691131592,0.00971996784210205,0.01694691926240921,-0.0927756130695343,-0.0626571774482727,-0.04305547475814819
1764809204.524833,-0.09344868354797363,0.07663023521602154,-0.19474632703065872,-0.04543815553188324,-0.047478076070547104,0.029955703765153885,,,,,,
1764809204.53209,,,,,,,-5.9723854064941406e-05,0.010320007801055908,0.018852047622203827,-0.08367718756198883,-0.05831169709563255,-0.05345351994037628
1764809204.534885,-0.121079910056293,0.04854805006980896,-0.21347733098566532,-0.04420085996389389,-0.06752801686525345,0.04308953136205673,,,,,,
1764809204.542121,,,,,,,-0.004527449607849121,0.012072265148162842,0.020204365253448486,-0.0824187695980072,-0.05167882889509201,-0.07120202481746674
1764809204.544938,-0.10795125615298748,0.06425473776757716,-0.19513561860919,-0.03775707632303238,-0.08574963361024857,0.05753025412559509,,,,,,
1764809204.552151,,,,,,,-0.006350696086883545,0.009068787097930908,0.01988285779953003,-0.08760340511798859,-0.046945590525865555,-0.09270226210355759
1764809204.55499,-0.13114566925764082,0.06785714617371559,-0.18967194637581705,-0.03047659806907177,-0.1022166833281517,0.06826090812683105,,,,,,
1764809204.562181,,,,,,,-0.005852937698364258,0.006047606468200684,0.018311507999897003,-0.10395658761262894,-0.04546034708619118,-0.11437132954597473
1764809204.565042,-0.1555026964008808,0.07207797873914241,-0.17597966724038122,-0.024808062240481377,-0.12326683849096298,0.08250216394662857,,,,,,
1764809204.572211,,,,,,,-0.006486713886260986,0.005896925926208496,0.015834935009479523,-0.1265023797750473,-0.045325323939323425,-0.1393350064754486
1764809204.575095,-0.17761077557355165,0.04144377102255821,-0.14165537283420562,-0.023779723793268204,-0.15093941986560822,0.10087043792009354,,,,,,
1764809204.582241,,,,,,,-0.0068084001541137695,0.006299763917922974,0.011813819408416748,-0.1538805365562439,-0.04566248133778572,-0.16721397638320923
1764809204.585147,-0.19464812735319137,-0.011629062995314597,-0.11591858177036046,-0.02683303877711296,-0.18332265317440033,0.11791493743658066,,,,,,
1764809204.592272,,,,,,,-0.007851362228393555,0.007005602121353149,0.007309079170227051,-0.16872179508209229,-0.04247520864009857,-0.19543495774269104
1764809204.5952,-0.17330518733412026,-0.027057518273591992,-0.09642039283514023,-0.02910912223160267,-0.21361054480075836,0.13304932415485382,,,,,,
1764809204.602302,,,,,,,-0.005282282829284668,0.009354442358016968,0.004550576210021973,-0.18280360102653503,-0.04522199556231499,-0.21968065202236176
1764809204.605252,-0.17666501915603874,-0.03064998980760574,-0.08860387386530637,-0.03202395141124725,-0.23661784827709198,0.14558029174804688,,,,,,
1764809204.612332,,,,,,,-0.004478812217712402,0.009288251399993896,0.0020530223846435547,-0.19660702347755432,-0.05155925080180168,-0.2382250279188156
1764809204.615304,-0.15641630411446095,-0.03156418204307556,-0.07620090388804673,-0.02903829887509346,-0.25068774819374084,0.15367266535758972,,,,,,
1764809204.622362,,,,,,,-0.003975927829742432,0.004375427961349487,0.0012803152203559875,-0.20628508925437927,-0.052783772349357605,-0.24847109615802765
1764809204.625357,-0.1511652517184615,0.0011450783818960188,-0.08951733544841409,-0.025703225284814835,-0.25249338150024414,0.15857528150081635,,,,,,
1764809204.632392,,,,,,,-0.005982756614685059,-0.0010075867176055908,0.0002620816230773926,-0.21375524997711182,-0.054117750376462936,-0.2537215054035187
1764809204.635409,-0.1402706404775381,0.007988076144456863,-0.05403115765601396,-0.017753466963768005,-0.2391124665737152,0.16053661704063416,,,,,,
1764809204.642423,,,,,,,-0.007880985736846924,-0.00043064355850219727,0.002197869122028351,-0.20593731105327606,-0.04626541957259178,-0.25787609815597534
1764809204.645462,-0.18367840504944324,0.01555120487511158,-0.06816314338296652,-0.006947425194084644,-0.20209984481334686,0.1616961508989334,,,,,,
1764809204.652453,,,,,,,-0.010708749294281006,0.0023825466632843018,-0.0010985210537910461,-0.1867590993642807,-0.035028211772441864,-0.24749855697155
1764809204.655514,-0.23360680356174707,0.02744154915511608,-0.05966565641164779,0.0002701086923480034,-0.1548382043838501,0.1631808578968048,,,,,,
1764809204.662483,,,,,,,-0.009761571884155273,0.002567291259765625,-0.005473434925079346,-0.14194659888744354,-0.020775776356458664,-0.2332189530134201
1764809204.665566,-0.29157646971046924,0.03442658573687076,-0.023925796119123696,0.007609514519572258,-0.10242320597171783,0.16602911055088043,,,,,,
1764809204.672513,,,,,,,-0.006056070327758789,0.002726644277572632,-0.008118748664855957,-0.09126795828342438,-0.009761206805706024,-0.21804586052894592
1764809204.675619,-0.3085357878178358,0.046232758864760394,0.002803659243881702,0.011719662696123123,-0.05392831563949585,0.15944328904151917,,,,,,
1764809204.682544,,,,,,,-0.00327908992767334,-0.0008080005645751953,-0.00996255874633789,-0.0383589044213295,-0.0055978866294026375,-0.20160430669784546
1764809204.685671,-0.2827548653513193,0.04074935901761055,-0.0011272504642605781,0.01826597936451435,-0.0025655264034867287,0.14724043011665344,,,,,,
1764809204.692574,,,,,,,-0.005089282989501953,-0.0031030476093292236,-0.012524187564849854,0.005119330249726772,0.0037628579884767532,-0.18141300976276398
1764809204.695724,-0.19696400308012962,0.038519992530345916,0.01571545552611351,0.02270839735865593,0.04157343879342079,0.13307613134384155,,,,,,
1764809204.702604,,,,,,,-0.004384279251098633,-0.008258581161499023,-0.013429045677185059,0.039389628916978836,0.020604953169822693,-0.15795709192752838
1764809204.705776,-0.10765022737979889,0.007059270861744881,0.01856236938983202,0.025437340140342712,0.06775496900081635,0.1175195574760437,,,,,,
1764809204.712634,,,,,,,-0.003171861171722412,-0.014381825923919678,-0.014097809791564941,0.07645683735609055,0.026416771113872528,-0.13085223734378815
1764809204.715828,-0.03772387371659278,-0.015049100571870803,0.03139437843412161,0.022793546319007874,0.07230942696332932,0.10363348573446274,,,,,,
1764809204.722664,,,,,,,-0.0029366612434387207,-0.015588343143463135,-0.01469433307647705,0.11465781927108765,0.029456503689289093,-0.10655069351196289
1764809204.725881,0.044376609604060646,-0.019911153650283814,0.025754618981480598,0.02217515930533409,0.06287170946598053,0.09487435221672058,,,,,,
1764809204.732695,,,,,,,0.0012146234512329102,-0.01597970724105835,-0.009926266968250275,0.1388276070356369,0.028737716376781464,-0.08242565393447876
1764809204.735933,0.12039455814063549,0.0076303487479686734,0.03358224386721849,0.022562794387340546,0.04303267225623131,0.08602695167064667,,,,,,
1764809204.742725,,,,,,,0.0045233964920043945,-0.016480684280395508,-0.009806931018829346,0.15968404710292816,0.02481061965227127,-0.0613810159265995
1764809204.745986,0.14502689509391783,0.016810849547386167,0.035218612897396084,0.021587546914815903,0.018842915073037148,0.07586193084716797,,,,,,
1764809204.752755,,,,,,,0.0035907626152038574,-0.01854783296585083,-0.01200801134109497,0.17207440733909607,0.016954559832811356,-0.04139852151274681
1764809204.756038,0.11988690087944269,0.012016016486287116,0.027160686387121675,0.020282046869397163,-0.0037549345288425684,0.05913738161325455,,,,,,
1764809204.762785,,,,,,,0.0010416507720947266,-0.020865410566329956,-0.012292087078094482,0.16572688519954681,0.012817072682082653,-0.029111428186297417
1764809204.76609,0.08632277719080447,-0.013370353704690932,-0.01437690039873123,0.018297191709280014,-0.02046174369752407,0.043902769684791565,,,,,,
1764809204.772815,,,,,,,-0.004665851593017578,-0.02532142400741577,-0.010260343551635742,0.14069344103336334,0.01060105673968792,-0.02179040014743805
1764809204.776143,0.05085808057785034,-0.06351297948956489,-0.0413876569211483,0.01656690053641796,-0.0374394915997982,0.02958054654300213,,,,,,
1764809204.782845,,,,,,,-0.0077478885650634766,-0.02732682228088379,-0.006014995276927948,0.09823878109455109,0.007856668904423714,-0.02055489271879196
1764809204.786195,0.00929448256790638,-0.08064882320761681,-0.039733752234280106,0.012629416771233082,-0.05449703708291054,0.02193700708448887,,,,,,
1764809204.792876,,,,,,,-0.010133683681488037,-0.030442774295806885,-0.0003262832760810852,0.043968357145786285,0.0037426177877932787,-0.018845941871404648
1764809204.796248,-0.03829349029809236,-0.11818331183195113,-0.04879121117591858,0.00791236199438572,-0.0665380135178566,0.0179289560765028,,,,,,
1764809204.802906,,,,,,,-0.012264668941497803,-0.030746817588806152,0.00019091367721557617,-0.013149349018931389,0.0011684063356369734,-0.01838621310889721
1764809204.8063,-0.07970511261671781,-0.11648702930808066,-0.07190496025979519,0.0027146702632308006,-0.07682181149721146,0.016165144741535187,,,,,,
1764809204.812936,,,,,,,-0.013772845268249512,-0.03116336464881897,0.002109937369823456,-0.06782617419958115,-0.0011927522718906403,-0.016554225236177444
1764809204.816352,-0.09635843351483345,-0.11179214949011802,-0.09868015446066856,0.0014471353497356176,-0.08717522770166397,0.013965295627713203,,,,,,
1764809204.822966,,,,,,,-0.015135586261749268,-0.025622963905334473,0.0014732405543327332,-0.11422359198331833,-0.003926753532141447,-0.020174194127321243
1764809204.826405,-0.06833207020908594,-0.11646189486682414,-0.11118190863728522,-0.0017364071682095528,-0.09557510167360306,0.006286602932959795,,,,,,
1764809204.832997,,,,,,,-0.017203092575073242,-0.02271154522895813,-0.0009200498461723328,-0.14431864023208618,-0.004616245627403259,-0.013654242269694805
1764809204.836457,-0.029474224026501177,-0.14658990662693977,-0.10625818849951028,-0.002938072197139263,-0.10803060233592987,-0.003289415966719389,,,,,,
1764809204.843027,,,,,,,-0.018189430236816406,-0.019895046949386597,-0.00015364587306976318,-0.15683943033218384,-0.006789918057620525,-0.010538610629737377
1764809204.84651,0.011287117689847945,-0.15897709451317787,-0.11432868223041295,-0.004570057615637779,-0.12325482815504074,-0.012075450271368027,,,,,,
1764809204.853057,,,,,,,-0.017002642154693604,-0.013822346925735474,0.0015949085354804993,-0.16052258014678955,-0.006884460337460041,-0.006022156216204166
1764809204.856562,0.05756400795727968,-0.14727496628165243,-0.10717062716931104,-0.007465702947229147,-0.13687309622764587,-0.017973732203245163,,,,,,
1764809204.863087,,,,,,,-0.013295352458953857,-0.009971320629119873,0.001027226448059082,-0.16145959496498108,-0.00760244857519865,0.006418535020202398
1764809204.866614,0.09360007471740245,-0.1131178451359272,-0.09300999986976384,-0.007211371790617704,-0.14852282404899597,-0.022907504811882973,,,,,,
1764809204.873118,,,,,,,-0.009671807289123535,-0.008384108543395996,0.00028871744871139526,-0.16222363710403442,-0.008882363326847553,0.01818837597966194
1764809204.876667,0.10584025534838437,-0.0861994430720806,-0.10065028548985719,-0.011180492118000984,-0.15744233131408691,-0.025232000276446342,,,,,,
1764809204.883148,,,,,,,-0.006772875785827637,-0.006925851106643677,0.003343336284160614,-0.16249652206897736,-0.006857295520603657,0.029599953442811966
1764809204.886719,0.0951058031052351,-0.05489069709479809,-0.10229717591404915,-0.00928778387606144,-0.17123404145240784,-0.030960727483034134,,,,,,
1764809204.893178,,,,,,,-0.004140675067901611,-0.004201740026473999,0.003978848457336426,-0.16526222229003906,-0.0021767900325357914,0.031876422464847565
1764809204.896771,0.037631226997077466,-0.013259879067540168,-0.07667875053286552,-0.005382634233683348,-0.17862823605537415,-0.03150276839733124,,,,,,
1764809204.903208,,,,,,,-0.004695415496826172,-0.0012843012809753418,0.007791340351104736,-0.16949741542339325,0.00233700149692595,0.029491297900676727
1764809204.906824,-0.03818652279227972,0.03680792791545391,-0.060130205183476206,0.0004100077785551548,-0.18296386301517487,-0.030030572786927223,,,,,,
1764809204.913238,,,,,,,-0.0012086033821105957,0.000402987003326416,0.012092247605323792,-0.16920021176338196,0.011696148663759232,0.023222481831908226
1764809204.916876,-0.12083499538451432,0.08275836270749569,-0.05210545029044151,0.00922011211514473,-0.18139754235744476,-0.02603716030716896,,,,,,
1764809204.923269,,,,,,,0.002110779285430908,0.0037272274494171143,0.014814198017120361,-0.16552110016345978,0.022110171616077423,0.01498485915362835
1764809204.926929,-0.16587299150675533,0.1459475170701742,-0.036233781289309264,0.021601680666208267,-0.17331857979297638,-0.017110778018832207,,,,,,
1764809204.933299,,,,,,,0.005829155445098877,0.004642218351364136,0.018604807555675507,-0.15239889919757843,0.03359691798686981,0.009360263124108315
1764809204.936981,-0.22129823386967182,0.1963543467491865,-0.051987961390614505,0.04527490586042404,-0.15492068231105804,-0.01359922718256712,,,,,,
1764809204.943329,,,,,,,0.005514740943908691,0.006721049547195435,0.01954776793718338,-0.13117483258247375,0.04624427109956741,0.005858206190168858
1764809204.947033,-0.3169192930206656,0.2385661795347929,-0.021329788276553154,0.0670531690120697,-0.11790779232978821,-0.008830304257571697,,,,,,
1764809204.953359,,,,,,,0.0027553439140319824,0.011271893978118896,0.019123442471027374,-0.0832107812166214,0.06894611567258835,0.0025636095087975264
1764809204.957086,-0.4410559602990746,0.2632897019028663,0.042690702343732116,0.09143403172492981,-0.0547199547290802,-0.006311307195574045,,,,,,
1764809204.963389,,,,,,,0.0009453892707824707,0.02132505178451538,0.016638636589050293,-0.022522684186697006,0.10303670912981033,-2.8578564524650574e-05
1764809204.967138,-0.4721005023822188,0.3068950348734856,0.05202624757438898,0.11341390013694763,0.018020562827587128,0.0015482136514037848,,,,,,
1764809204.97342,,,,,,,0.00714486837387085,0.029578447341918945,0.008286058902740479,0.05941718816757202,0.13367398083209991,2.175522968173027e-05
1764809204.977191,-0.5280301871359347,0.339541166934371,0.0778884185835719,0.13532468676567078,0.09398284554481506,0.01340620219707489,,,,,,
1764809204.98345,,,,,,,0.013715267181396484,0.02995637059211731,-0.0012396499514579773,0.16015437245368958,0.15414276719093323,-0.0037078021559864283
1764809204.987243,-0.6141697167143225,0.3114122200369835,0.055014323474466796,0.1532408446073532,0.16578061878681183,0.03284408152103424,,,,,,
1764809204.99348,,,,,,,0.013064205646514893,0.03184962272644043,-0.005142576992511749,0.2538001835346222,0.17611411213874817,-0.007046873681247234
1764809204.997295,-0.6272378726020456,0.28854689275622364,0.10148030657321214,0.1672218292951584,0.23898781836032867,0.050202660262584686,,,,,,
1764809205.00351,,,,,,,0.010872483253479004,0.025917112827301025,-0.007938206195831299,0.34143131971359253,0.1968715935945511,-0.011150405742228031
1764809205.007348,-0.6573895574986934,0.264002818608284,0.11817030621990561,0.17406003177165985,0.31153473258018494,0.06482980400323868,,,,,,
1764809205.013541,,,,,,,0.010504186153411865,0.015063881874084473,-0.012823998928070068,0.4133758246898651,0.21367160975933075,-0.02050582319498062
1764809205.0174,-0.6627639440134168,0.22448329364657402,0.09449366255626082,0.18350949883460999,0.3691559135913849,0.07432521879673004,,,,,,
1764809205.023571,,,,,,,0.011181950569152832,0.008690983057022095,-0.01279449462890625,0.45976898074150085,0.22865135967731476,-0.029716700315475464
1764809205.027453,-0.554570695798099,0.19543138668537138,0.11498597709536552,0.1935751885175705,0.42802879214286804,0.077177993953228,,,,,,
1764809205.033601,,,,,,,0.014516294002532959,0.002025812864303589,-0.01298511028289795,0.4864370822906494,0.23317021131515503,-0.029826156795024872
1764809205.037505,-0.4681099714413285,0.20070903482735156,0.10124956655725836,0.19661720097064972,0.4591444134712219,0.07820287346839905,,,,,,
1764809205.043631,,,,,,,0.020187973976135254,-0.011286020278930664,-0.015591323375701904,0.49292558431625366,0.23141466081142426,-0.028366409242153168
1764809205.047557,-0.3111167442217469,0.19967150847315787,0.15488777937293052,0.19882309436798096,0.45822909474372864,0.08086337149143219,,,,,,
1764809205.053661,,,,,,,0.026991426944732666,-0.0199432373046875,-0.019605405628681183,0.49255433678627014,0.23920254409313202,-0.030989360064268112
1764809205.05761,-0.1432294902831316,0.22715163607299327,0.27946546841710806,0.19628366827964783,0.431230366230011,0.08257072418928146,,,,,,
1764809205.063692,,,,,,,0.04320341348648071,-0.023970365524291992,-0.037089817225933075,0.5105625987052917,0.24281378090381622,-0.03719072788953781
1764809205.067662,-0.012673019090294836,0.3169488113760948,0.40950434547662734,0.1932402104139328,0.394576758146286,0.08969467878341675,,,,,,
1764809205.073722,,,,,,,0.05465292930603027,-0.02918553352355957,-0.06244032829999924,0.5398041009902954,0.21254083514213562,-0.04655706509947777
1764809205.077714,-0.025591245113313198,0.39145021786987777,0.6140155490659177,0.18940593302249908,0.3196258246898651,0.1059083566069603,,,,,,
1764809205.083752,,,,,,,0.0498698353767395,-0.037329286336898804,-0.0999838188290596,0.5860140323638916,0.16262920200824738,-0.07787657529115677
1764809205.087767,-0.047800446572899814,0.311849442410469,0.8371931669414043,0.1770792305469513,0.19225507974624634,0.12229877710342407,,,,,,
1764809205.093782,,,,,,,0.03140681982040405,-0.044775038957595825,-0.14235270023345947,0.622208833694458,0.14078408479690552,-0.10984276235103607
1764809205.097819,-0.1977794111162424,0.0281377147257328,0.8398352058827877,0.1391640305519104,0.0516972653567791,0.12973371148109436,,,,,,
1764809205.103812,,,,,,,0.021817386150360107,-0.04009610414505005,-0.16539394855499268,0.6299287676811218,0.1537795215845108,-0.12131772190332413
1764809205.107872,-0.4023386916309595,-0.27517069383263587,0.8654080385565758,0.07850813120603561,-0.038888026028871536,0.12385664880275726,,,,,,
1764809205.113843,,,,,,,0.03741049766540527,-0.04144689440727234,-0.16771948337554932,0.6294505000114441,0.13664686679840088,-0.10545593500137329
1764809205.117924,-0.5922399167180061,-0.4272258801281452,0.9602065292783081,0.01905006915330887,-0.02857639454305172,0.10479249060153961,,,,,,
1764809205.123873,,,,,,,0.05440765619277954,-0.05795606970787048,-0.1627117395401001,0.6372161507606506,0.0685354620218277,-0.08588989078998566
1764809205.127976,-0.8427434945449233,-0.3491688269793987,0.9215259393587708,-0.016970250755548477,0.0674888864159584,0.08225655555725098,,,,,,
1764809205.133903,,,,,,,0.050247013568878174,-0.0822676420211792,-0.15505915880203247,0.6347671151161194,0.005973281338810921,-0.05799514055252075
1764809205.138029,-1.032792019148171,-0.1652016681164503,0.8851289303317665,-0.02639719471335411,0.2090870440006256,0.06517504155635834,,,,,,
1764809205.143933,,,,,,,0.02870231866836548,-0.10430541634559631,-0.16208165884017944,0.6306774616241455,-0.02051318809390068,-0.037460505962371826
1764809205.148081,-1.0234595426574349,-0.06031564475297928,0.9960754227779806,-0.02837352640926838,0.35517287254333496,0.0511242039501667,,,,,,
1764809205.153963,,,,,,,0.010284662246704102,-0.10936298966407776,-0.19191080331802368,0.6353316307067871,-0.007751851342618465,-0.02123306691646576
1764809205.158134,-1.0808464404821396,-0.03642214346826076,1.1169476814329624,-0.047722019255161285,0.4651714861392975,0.03713071346282959,,,,,,
1764809205.163994,,,,,,,0.021464765071868896,-0.10127079486846924,-0.22650718688964844,0.6832400560379028,0.004845166578888893,0.004738613031804562
1764809205.168186,-1.0951470607742666,-0.1084206272304058,1.3225158467292786,-0.09184340387582779,0.5344019532203674,0.024816788733005524,,,,,,
1764809205.174024,,,,,,,0.054715633392333984,-0.08566293120384216,-0.26237988471984863,0.7716924548149109,-0.0363781675696373,0.03918340429663658
1764809205.178238,-1.0801146190762518,-0.22837854751944542,1.4728560458004474,-0.15608136355876923,0.5559808015823364,0.004942860454320908,,,,,,
1764809205.184054,,,,,,,0.08295387029647827,-0.07712700963020325,-0.27883511781692505,0.8872162699699402,-0.11453742533922195,0.07158675044775009
1764809205.188291,-1.100482284322381,-0.3639776890546083,1.5640496438980103,-0.23646700382232666,0.5626853108406067,-0.015017530880868435,,,,,,
1764809205.194084,,,,,,,0.09547054767608643,-0.08180081844329834,-0.2774469256401062,0.9788857698440552,-0.18260861933231354,0.10368502885103226
1764809205.198343,-0.9776654674708842,-0.404848044103384,1.666223631823808,-0.31917068362236023,0.568191409111023,-0.039153583347797394,,,,,,
1764809205.204115,,,,,,,0.09819495677947998,-0.09868690371513367,-0.2670343518257141,1.022172212600708,-0.2450309842824936,0.13395890593528748
1764809205.208395,-0.8274819202661514,-0.2704477569639683,1.6677289218202231,-0.3973994255065918,0.561768651008606,-0.06621955335140228,,,,,,
1764809205.214145,,,,,,,0.10243535041809082,-0.11614680290222168,-0.24921250343322754,1.0046577453613281,-0.30967387557029724,0.15737956762313843
1764809205.218448,-0.6855974148511886,-0.0678822806149721,1.5897287134252487,-0.4600834250450134,0.5449749231338501,-0.09070216864347458,,,,,,
1764809205.224174,,,,,,,0.10431456565856934,-0.12730711698532104,-0.22629612684249878,0.9390589594841003,-0.3687971234321594,0.1743442267179489
1764809205.2285,-0.5041100901052356,0.1385059688925743,1.5033192808642983,-0.5027579069137573,0.5069169998168945,-0.11074325442314148,,,,,,
1764809205.234205,,,,,,,0.1092793345451355,-0.13128897547721863,-0.20088529586791992,0.8222284913063049,-0.428080677986145,0.1962423324584961
1764809205.238553,-0.32895576777309177,0.3087339407384395,1.3877198480457067,-0.5328734517097473,0.44877463579177856,-0.13276058435440063,,,,,,
1764809205.244235,,,,,,,0.11422961950302124,-0.13306137919425964,-0.1720331311225891,0.6674515008926392,-0.4824618995189667,0.21642909944057465
1764809205.248605,-0.22567717960625885,0.42085692961812016,1.3741428658530115,-0.5578826665878296,0.3958200514316559,-0.15838605165481567,,,,,,
1764809205.254266,,,,,,,0.11794924736022949,-0.1378437876701355,-0.15461033582687378,0.4948405623435974,-0.533799409866333,0.2368006855249405
1764809205.258657,-0.17113193494826553,0.5193249026328325,1.375365685646236,-0.5795711278915405,0.34494930505752563,-0.1888580322265625,,,,,,
1764809205.264296,,,,,,,0.11504042148590088,-0.1375705897808075,-0.14071063697338104,0.31910696625709534,-0.5897526741027832,0.25005221366882324
1764809205.26871,-0.2452726914361119,0.5519920774817466,1.3034548801675439,-0.5906365513801575,0.3333752155303955,-0.22785842418670654,,,,,,
1764809205.274326,,,,,,,0.09739762544631958,-0.12055769562721252,-0.13876108825206757,0.20589731633663177,-0.6334801912307739,0.2597850263118744
1764809205.278762,-0.2886997452303767,0.4748649986594915,1.299392453034222,-0.596845269203186,0.35505014657974243,-0.25726309418678284,,,,,,
1764809205.284356,,,,,,,0.07278752326965332,-0.08891752362251282,-0.15455080568790436,0.18452654778957367,-0.6416909694671631,0.2753223478794098
1764809205.288815,-0.3612754443585872,0.3710071492999792,1.2746528563141821,-0.6227932572364807,0.3906768560409546,-0.2854135036468506,,,,,,
1764809205.294386,,,,,,,0.06244081258773804,-0.046834319829940796,-0.16944026947021484,0.25370293855667114,-0.636089026927948,0.30374467372894287
1764809205.298867,-0.485531938624382,0.23048457988798618,1.230844401986897,-0.663201630115509,0.4489811658859253,-0.2875024974346161,,,,,,
1764809205.304417,,,,,,,0.06517833471298218,-0.015861809253692627,-0.20781637728214264,0.391699880361557,-0.6598779559135437,0.3261173665523529
1764809205.308919,-0.4070204197064042,0.10671849948763847,1.2697814508855343,-0.7272948622703552,0.48946547508239746,-0.2799479067325592,,,,,,
1764809205.314447,,,,,,,0.07903826236724854,-0.007932931184768677,-0.23088610172271729,0.5358056426048279,-0.703486442565918,0.34729427099227905
1764809205.318972,-0.38049730057045816,-0.033899931514263154,1.1549129626899957,-0.811896800994873,0.4894055724143982,-0.26565977931022644,,,,,,
1764809205.324477,,,,,,,0.09327852725982666,-0.014873534440994263,-0.23783151805400848,0.6657365560531616,-0.7404202222824097,0.37213173508644104
1764809205.329024,-0.2927016743481159,-0.14990648382902144,1.040115786164999,-0.9070462584495544,0.4623657166957855,-0.25250908732414246,,,,,,
1764809205.334507,,,,,,,0.10632628202438354,-0.02102932333946228,-0.23041552305221558,0.7131770253181458,-0.811306357383728,0.39948800206184387
1764809205.339076,-0.04751724571734667,-0.18006664429306982,0.9626008770689368,-0.9998331069946289,0.40713539719581604,-0.25722572207450867,,,,,,
1764809205.344537,,,,,,,0.11833107471466064,-0.03674805164337158,-0.19559335708618164,0.6682004332542419,-0.8983637690544128,0.42377743124961853
1764809205.349129,0.15280132848769426,-0.0892541544675827,0.7892813689485192,-1.0754860639572144,0.3386830985546112,-0.28374576568603516,,,,,,
1764809205.354568,,,,,,,0.11923915147781372,-0.06140521168708801,-0.14891397953033447,0.5396837592124939,-0.9748489260673523,0.446525901556015
1764809205.359181,0.3612096856459975,0.06388473541140556,0.663705316516757,-1.1204469203948975,0.27177664637565613,-0.32294872403144836,,,,,,
1764809205.364598,,,,,,,0.10984498262405396,-0.07433004677295685,-0.09541670978069305,0.3519706726074219,-1.0283819437026978,0.46085110306739807
1764809205.369234,0.5082492357365787,0.2889981436550617,0.5611044814810157,-1.1411638259887695,0.1893020123243332,-0.36292171478271484,,,,,,
1764809205.374628,,,,,,,0.09827357530593872,-0.07850198447704315,-0.051017045974731445,0.12949952483177185,-1.0719661712646484,0.47533470392227173
1764809205.379286,0.5750165408469736,0.47931145667433733,0.4713835862845182,-1.1447299718856812,0.10337167978286743,-0.3980356752872467,,,,,,
1764809205.384659,,,,,,,0.08505004644393921,-0.07848259806632996,-0.014994293451309204,-0.07879289239645004,-1.1028287410736084,0.4869458079338074
1764809205.389338,0.6286700973622501,0.5984007774353027,0.40924715584516524,-1.139083743095398,0.01663891412317753,-0.42329415678977966,,,,,,
1764809205.39469,,,,,,,0.07561039924621582,-0.0665406733751297,0.010769560933113098,-0.257869154214859,-1.127872109413147,0.503187358379364
1764809205.399391,0.6469656325094402,0.6253086581051349,0.24030396311283111,-1.1238192319869995,-0.04808390513062477,-0.4441705048084259,,,,,,
1764809205.40472,,,,,,,0.06241190433502197,-0.04418650269508362,0.019637107849121094,-0.4069633185863495,-1.1622103452682495,0.5083653926849365
1764809205.409443,0.623748423051089,0.5420978754550219,0.12189327226579189,-1.1113492250442505,-0.07958030700683594,-0.469198077917099,,,,,,
1764809205.41475,,,,,,,0.05038177967071533,-0.020822465419769287,0.010844916105270386,-0.5266242027282715,-1.1782015562057495,0.5048385262489319
1764809205.419495,0.5436024347990751,0.41980946639180183,0.004530921427905559,-1.1189237833023071,-0.10882660746574402,-0.49804091453552246,,,,,,
1764809205.42478,,,,,,,0.04907333850860596,-0.0021710246801376343,0.011956959962844849,-0.6018734574317932,-1.1564158201217651,0.5157950520515442
1764809205.429548,0.4374592509813606,0.3096253366202116,-0.10364040721654891,-1.147711992263794,-0.13651949167251587,-0.5227707624435425,,,,,,
1764809205.43481,,,,,,,0.05323237180709839,0.018490716814994812,0.023044049739837646,-0.6552466750144958,-1.1541433334350586,0.5324888229370117
1764809205.4396,0.5168798475682735,0.2362304300636053,-0.2548059511959553,-1.1732761859893799,-0.15483912825584412,-0.5394977927207947,,,,,,
1764809205.444841,,,,,,,0.05531591176986694,0.03211511671543121,0.045891016721725464,-0.6824828386306763,-1.1765022277832031,0.5407252311706543
1764809205.449653,0.6795506820328533,0.22882278415560722,-0.4390793995290994,-1.1818695068359375,-0.1687016785144806,-0.5461019277572632,,,,,,
1764809205.454871,,,,,,,0.047259628772735596,0.03815622627735138,0.07487693428993225,-0.7046475410461426,-1.1831867694854736,0.5469729900360107
1764809205.459705,0.8651365281388163,0.3004454203426838,-0.6242635329663753,-1.168813943862915,-0.18721821904182434,-0.5483641028404236,,,,,,
1764809205.4649,,,,,,,0.029547929763793945,0.0462653785943985,0.1083875298500061,-0.7306849360466003,-1.1683789491653442,0.554408848285675
1764809205.469758,1.019433794272691,0.38925592269599435,-0.7580635161250829,-1.1356661319732666,-0.20886892080307007,-0.5416255593299866,,,,,,
1764809205.474931,,,,,,,0.011452317237854004,0.05683949589729309,0.13336455821990967,-0.7641369104385376,-1.1436982154846191,0.5532450675964355
1764809205.479811,1.024866632976383,0.46591421496272084,-0.8067769858896732,-1.099082350730896,-0.23993951082229614,-0.5250113010406494,,,,,,
1764809205.484962,,,,,,,-0.004158616065979004,0.07394011318683624,0.15105384588241577,-0.7842982411384583,-1.117436408996582,0.5454255938529968
1764809205.489863,0.8937082503676413,0.4970546186357736,-0.8542521460309624,-1.060386300086975,-0.26650455594062805,-0.49582329392433167,,,,,,
1764809205.494992,,,,,,,-0.020642995834350586,0.10257995128631592,0.14631909132003784,-0.765483021736145,-1.0845493078231812,0.5257115364074707
1764809205.499915,0.7834951867625117,0.42958033429980275,-0.8661381063967942,-1.0407164096832275,-0.29803335666656494,-0.4494774043560028,,,,,,
1764809205.505022,,,,,,,-0.029459059238433838,0.14106687903404236,0.13354724645614624,-0.714841902256012,-1.0360108613967896,0.4905722141265869
1764809205.509968,0.6276883928485214,0.3659516194760799,-0.9386749348193406,-1.0258424282073975,-0.33515170216560364,-0.38880953192710876,,,,,,
1764809205.515052,,,,,,,-0.020121991634368896,0.17264623939990997,0.13166701793670654,-0.624647319316864,-0.9855998754501343,0.4484516680240631
1764809205.52002,0.5451647156797349,0.2918681461334228,-0.9430541728168725,-1.0072216987609863,-0.3595615029335022,-0.325667142868042,,,,,,
1764809205.525082,,,,,,,-0.003877103328704834,0.18921513855457306,0.1342991292476654,-0.5122977495193481,-0.9675617218017578,0.3912571668624878
1764809205.530073,0.4716447214387357,0.23950550621151923,-1.0019728102535008,-0.9863193035125732,-0.35618889331817627,-0.2745722532272339,,,,,,
1764809205.535113,,,,,,,0.0026237964630126953,0.18647724390029907,0.14257779717445374,-0.4001973271369934,-0.9631944298744202,0.32865265011787415
1764809205.540125,0.3013051059119403,0.22587211765646933,-1.126655420976877,-0.9612812995910645,-0.3205975592136383,-0.23757728934288025,,,,,,
1764809205.545142,,,,,,,-0.005726218223571777,0.17832519114017487,0.16168054938316345,-0.324124276638031,-0.9401056170463562,0.25982996821403503
1764809205.550177,0.20457579325810074,0.3023532997906208,-1.2362895156502722,-0.9235514998435974,-0.2602633535861969,-0.19803519546985626,,,,,,
1764809205.555173,,,,,,,-0.020781219005584717,0.17663705348968506,0.16953077912330627,-0.2775951325893402,-0.9011585116386414,0.1780746430158615
1764809205.56023,0.25993951469212767,0.47373102619349955,-1.2919652256429195,-0.8754878044128418,-0.2037794440984726,-0.14952263236045837,,,,,,
1764809205.565203,,,,,,,-0.03175634145736694,0.18514272570610046,0.14986836910247803,-0.23588138818740845,-0.8622334599494934,0.0868835523724556
1764809205.570282,0.3525960249491036,0.5930033023059368,-1.2876117066085337,-0.8416890501976013,-0.1908910721540451,-0.07852648943662643,,,,,,
1764809205.575233,,,,,,,-0.030785083770751953,0.21138055622577667,0.12131589651107788,-0.20395594835281372,-0.8153847455978394,-0.018372299149632454
1764809205.580334,0.483448702609539,0.6957341934621334,-1.2592413521707058,-0.8183644413948059,-0.24270528554916382,0.025693312287330627,,,,,,
1764809205.585264,,,,,,,-0.008056104183197021,0.25412917137145996,0.11613315343856812,-0.1805841475725174,-0.7746351957321167,-0.12399247288703918
1764809205.590387,0.5840042955532669,0.7654477811574936,-1.0627104798108338,-0.7961890697479248,-0.30963799357414246,0.15293754637241364,,,,,,
1764809205.595294,,,,,,,0.019671857357025146,0.2860367000102997,0.11250871419906616,-0.1417219638824463,-0.7892063856124878,-0.2343306988477707
1764809205.600439,0.6181358438663185,0.7628145100444554,-0.8576298057705164,-0.7719882130622864,-0.35625290870666504,0.2921196520328522,,,,,,
1764809205.605324,,,,,,,0.02642965316772461,0.31214964389801025,0.0891941487789154,-0.10788069665431976,-0.831547200679779,-0.3695230782032013
1764809205.610492,0.5244679646097123,0.718887105512619,-0.6653033993631601,-0.7442585825920105,-0.39310893416404724,0.44450944662094116,,,,,,
1764809205.615354,,,,,,,0.013928890228271484,0.3182249665260315,0.045226871967315674,-0.06350310891866684,-0.8516868352890015,-0.5230841040611267
1764809205.620544,0.39944574666842814,0.6060352178364992,-0.4868664020985365,-0.7289071679115295,-0.43086814880371094,0.5969770550727844,,,,,,
1764809205.625384,,,,,,,0.00016009807586669922,0.3111874461174011,0.001865088939666748,-0.02735046297311783,-0.8352633714675903,-0.6941197514533997
1764809205.630596,0.2542722827106714,0.412791112062335,-0.4069248503774404,-0.7378500699996948,-0.45360276103019714,0.73868328332901,,,,,,
1764809205.635415,,,,,,,0.001662135124206543,0.3006162643432617,-0.02092844247817993,-0.05147390812635422,-0.8090109825134277,-0.8789676427841187
1764809205.640649,0.07592880894839764,0.24556992081701753,-0.26568624165058136,-0.7548417448997498,-0.43577489256858826,0.864871084690094,,,,,,
1764809205.645445,,,,,,,0.014893651008605957,0.27807819843292236,-0.021783769130706787,-0.10092771798372269,-0.8063640594482422,-1.0501766204833984
1764809205.650701,-0.09969605350494384,0.15814473534226417,-0.08325812892317772,-0.7707445621490479,-0.3444977104663849,0.9677361845970154,,,,,,
1764809205.655475,,,,,,,0.030673623085021973,0.26744359731674194,-0.021044492721557617,-0.12760727107524872,-0.8018907308578491,-1.2081753015518188
1764809205.660753,-0.2136453810289502,0.15278993031084537,-0.047156303450465197,-0.7767811417579651,-0.18980266153812408,1.061477780342102,,,,,,
1764809205.665505,,,,,,,0.04490548372268677,0.296023428440094,-0.025340795516967773,-0.14122894406318665,-0.7846675515174866,-1.3558608293533325
1764809205.670806,-0.1937066087193787,0.3883335471540689,-0.05562251850068569,-0.772984504699707,-0.019637063145637512,1.1682636737823486,,,,,,
1764809205.675536,,,,,,,0.06518393754959106,0.34515976905822754,-0.05875980854034424,-0.12939225137233734,-0.7799220681190491,-1.5021567344665527
1764809205.680858,-0.09075111502707003,0.7094172663778067,-0.06787059017717838,-0.7561231851577759,0.12510275840759277,1.2975115776062012,,,,,,
1764809205.685566,,,,,,,0.09259438514709473,0.3905624747276306,-0.10898691415786743,-0.0792829692363739,-0.8104687929153442,-1.6424964666366577
1764809205.690911,0.09872019421011209,0.898548676136136,-0.06136953772008419,-0.7380579113960266,0.23192641139030457,1.4349395036697388,,,,,,
1764809205.695596,,,,,,,0.12035048007965088,0.40604400634765625,-0.1392918825149536,-0.04083145782351494,-0.8580818772315979,-1.7662975788116455
1764809205.700963,0.29209231027811766,0.8129659036576747,0.005212181690335273,-0.7455680966377258,0.3225366473197937,1.5502562522888184,,,,,,
1764809205.705626,,,,,,,0.14570051431655884,0.3671723008155823,-0.13038259744644165,0.004253913648426533,-0.9009478092193604,-1.8685753345489502
1764809205.711015,0.3907955533534288,0.4880687636256218,0.18565175094902514,-0.781955361366272,0.4209793508052826,1.6267008781433105,,,,,,
1764809205.715656,,,,,,,0.1582326889038086,0.3038794994354248,-0.10836553573608398,0.041304342448711395,-0.925248384475708,-1.9629210233688354
1764809205.721068,0.47550738821625704,0.14588731131553648,0.4149234479159116,-0.8341602087020874,0.5306766033172607,1.6778110265731812,,,,,,
1764809205.725687,,,,,,,0.15583789348602295,0.2519652545452118,-0.0655815601348877,0.015386401675641537,-0.9451818466186523,-2.0641121864318848
1764809205.73112,0.6060825641095637,0.014875497570633887,0.5743576385468244,-0.8809817433357239,0.6243229508399963,1.7207618951797485,,,,,,
1764809205.735717,,,,,,,0.14107096195220947,0.2161305844783783,-0.03579580783843994,-0.07513736933469772,-0.961851954460144,-2.2003068923950195
1764809205.741172,0.7743193621382117,0.10621464161872864,0.5917097553640603,-0.9085153937339783,0.67486971616745,1.7753114700317383,,,,,,
1764809205.745747,,,,,,,0.1294655203819275,0.1999472677707672,-0.03864002227783203,-0.17799611389636993,-0.9572592973709106,-2.3445885181427
1764809205.751225,0.9773705761775374,0.2840437361180782,0.5418523762613534,-0.9225310683250427,0.6773688197135925,1.827911615371704,,,,,,
1764809205.755777,,,,,,,0.12942588329315186,0.19740140438079834,-0.05472421646118164,-0.25673219561576843,-0.9455869197845459,-2.4447624683380127
1764809205.761277,1.147429913458228,0.36095687992870806,0.43994975262284275,-0.9378784894943237,0.6479596495628357,1.8691366910934448,,,,,,
1764809205.765808,,,,,,,0.14345026016235352,0.20048484206199646,-0.0568576455116272,-0.3439585268497467,-0.9502013921737671,-2.523594856262207
1764809205.771329,1.258315469497442,0.3527116141527891,0.33689211373031136,-0.9605470299720764,0.6000933051109314,1.8958079814910889,,,,,,
1764809205.775838,,,,,,,0.16016560792922974,0.17691197991371155,-0.04284846782684326,-0.38802585005760193,-0.9741408228874207,-2.589491605758667
1764809205.781382,1.3129898934930562,0.2628811211019754,0.3644944064050913,-0.9947187900543213,0.5504540205001831,1.9033337831497192,,,,,,
1764809205.785868,,,,,,,0.1696758270263672,0.1547102928161621,-0.03829866647720337,-0.41559654474258423,-1.0131968259811401,-2.654663562774658
1764809205.791434,1.312127139183879,0.1649625986635685,0.42392508501708503,-1.0432335138320923,0.4965742826461792,1.9126044511795044,,,,,,
1764809205.795897,,,,,,,0.16873973608016968,0.15216287970542908,-0.030642688274383545,-0.4681873023509979,-1.0524846315383911,-2.748061418533325
1764809205.801487,1.3091723810315132,0.13489654622375966,0.41801089253723617,-1.0969281196594238,0.43393221497535706,1.9346643686294556,,,,,,
1764809205.805928,,,,,,,0.16879487037658691,0.1601015031337738,-0.015700161457061768,-0.526872456073761,-1.0652832984924316,-2.811692714691162
1764809205.811539,1.2794187555417418,0.1525754107773304,0.407998032566905,-1.143923044204712,0.3833606541156769,1.9711933135986328,,,,,,
1764809205.815958,,,,,,,0.16757631301879883,0.13368499279022217,-0.01742333173751831,-0.5120647549629211,-1.0878159999847412,-2.8108859062194824
1764809205.821591,1.2567913286700845,0.11421616176664828,0.3266735020548105,-1.1887885332107544,0.35562148690223694,2.010584592819214,,,,,,
1764809205.825989,,,,,,,0.15841054916381836,0.10927540063858032,-0.018116772174835205,-0.533258855342865,-1.1238110065460205,-2.854588508605957
1764809205.831644,1.1672039967253804,0.10878186175823211,0.1775450168609619,-1.2338532209396362,0.3404039144515991,2.039501667022705,,,,,,
1764809205.836019,,,,,,,0.14720618724822998,0.09757345914840698,-0.00970393419265747,-0.5694733262062073,-1.115545630455017,-2.9244043827056885
1764809205.841696,1.0290727063640952,0.09432020568549633,0.15763444773256777,-1.279654860496521,0.3240450918674469,2.066837787628174,,,,,,
1764809205.846049,,,,,,,0.14733141660690308,0.08553969860076904,0.0028179287910461426,-0.5984216928482056,-1.0865075588226318,-2.938283920288086
1764809205.851748,0.9294000337347388,0.10585632970035075,0.1444008721500635,-1.3112183809280396,0.2946227490901947,2.087944269180298,,,,,,
1764809205.856079,,,,,,,0.15313804149627686,0.07550036907196045,0.015788912773132324,-0.5845522284507751,-1.0674382448196411,-2.9389231204986572
1764809205.861801,0.8303425703942775,0.1427536894649267,0.12131225750744343,-1.3396202325820923,0.27169686555862427,2.0946295261383057,,,,,,
1764809205.86611,,,,,,,0.15613341331481934,0.06850576400756836,0.02642691135406494,-0.5345823168754578,-1.0563081502914429,-2.960469961166382
1764809205.871853,0.7069535066127777,0.15547814648151398,0.08744681278467178,-1.3684272766113281,0.2539846897125244,2.1014599800109863,,,,,,
1764809205.876139,,,,,,,0.15149563550949097,0.06696075201034546,0.04303467273712158,-0.44477757811546326,-1.0316113233566284,-2.9871416091918945
1764809205.881905,0.5929261454164981,0.20347733049690722,-0.012671850046515463,-1.3873963356018066,0.2505813241004944,2.1086487770080566,,,,,,
1764809205.88617,,,,,,,0.15098735690116882,0.08255648612976074,0.05419278144836426,-0.33514532446861267,-0.9988211393356323,-3.0312724113464355
1764809205.891958,0.5434352615386248,0.3115171417161822,-0.10668284365236759,-1.401136040687561,0.2587830722332001,2.1292850971221924,,,,,,
1764809205.8962,,,,,,,0.16123563051223755,0.11699473857879639,0.06951642036437988,-0.24160709977149963,-0.9442460536956787,-3.058168411254883
1764809205.90201,0.4742699553757906,0.44880555151253937,-0.2087199073255062,-1.4099493026733398,0.28097599744796753,2.1553003787994385,,,,,,
1764809205.906231,,,,,,,0.1784142553806305,0.1288614273071289,0.086456298828125,-0.09331223368644714,-0.8974601626396179,-3.0620319843292236
1764809205.912063,0.3831973533093929,0.5783212814807891,-0.27164602683782574,-1.4184317588806152,0.30724647641181946,2.186595916748047,,,,,,
1764809205.916261,,,,,,,0.19704893231391907,0.14414066076278687,0.10942608118057251,-0.07063408195972443,-0.8804806470870972,-3.1258039474487305
1764809205.922115,0.32462387604862447,0.7329805127948522,-0.3901858970224857,-1.4271223545074463,0.36333081126213074,2.229726552963257,,,,,,
1764809205.926291,,,,,,,0.22204747796058655,0.1337108016014099,0.12652349472045898,-0.18712636828422546,-0.8670002818107605,-3.161386251449585
1764809205.932167,0.3235322814196348,0.8913745467230677,-0.5149158540189266,-1.4288305044174194,0.4456413984298706,2.270803213119507,,,,,,
1764809205.936321,,,,,,,0.23354369401931763,0.04290193319320679,0.12083333730697632,-0.22215785086154938,-0.8795554637908936,-3.156674861907959
1764809205.94222,0.3197930948913097,1.00129388807863,-0.6536626459300517,-1.4236544370651245,0.5109798908233643,2.296933174133301,,,,,,
1764809205.946351,,,,,,,0.2224150002002716,0.0012091398239135742,0.12426614761352539,-0.32549700140953064,-0.8650199174880981,-3.1925806999206543
1764809205.952272,0.33850130249261856,1.0157254412740468,-0.6884492971509695,-1.4226799011230469,0.5379227995872498,2.291438102722168,,,,,,
1764809205.956381,,,,,,,0.20395365357398987,-0.010065019130706787,0.12893950939178467,-0.42437857389450073,-0.8016486763954163,-3.191593885421753
1764809205.962324,0.36401100680232046,0.9030708297356963,-0.602275573042035,-1.4280991554260254,0.521668553352356,2.258610963821411,,,,,,
1764809205.966412,,,,,,,0.18917623162269592,-0.030162453651428223,0.13116228580474854,-0.3946618437767029,-0.7611997723579407,-3.247077465057373
1764809205.972377,0.4882321374937892,0.7384075062796474,-0.552453849774599,-1.4323530197143555,0.4446856379508972,2.2188873291015625,,,,,,
1764809205.976442,,,,,,,0.18729324638843536,0.030522525310516357,0.1534556746482849,-0.4257396161556244,-0.6730169057846069,-3.326127052307129
1764809205.982429,0.7119929620847105,0.7176297989279031,-0.3753694361627102,-1.4382190704345703,0.35625138878822327,2.1997978687286377,,,,,,
1764809205.986472,,,,,,,0.20173758268356323,0.05947214365005493,0.15630114078521729,-0.373447448015213,-0.6101847290992737,-3.3141047954559326
1764809205.992481,0.9819500129222869,0.759155256884545,-0.3458481581240892,-1.4346052408218384,0.29689911007881165,2.2093567848205566,,,,,,
1764809205.996502,,,,,,,0.2115781307220459,0.034180521965026855,0.14311951398849487,-0.20560812950134277,-0.6029320955276489,-3.296005964279175
1764809206.002534,1.115585160908103,0.8241273491412401,-0.45017771664857864,-1.4283509254455566,0.26050081849098206,2.219134569168091,,,,,,
1764809206.006533,,,,,,,0.20619632303714752,0.007439732551574707,0.12415194511413574,-0.0717301219701767,-0.5809248089790344,-3.2656593322753906
1764809206.012586,1.0218632133767007,0.8174107542373239,-0.464931049144268,-1.4350013732910156,0.21647155284881592,2.2191853523254395,,,,,,
1764809206.016563,,,,,,,0.19331258535385132,-0.021358072757720947,0.10128045082092285,0.034306835383176804,-0.5475983023643494,-3.263566255569458
1764809206.022639,0.7940756174877286,0.7255521163597702,-0.4858820672363042,-1.4428863525390625,0.16414490342140198,2.201798677444458,,,,,,
1764809206.026592,,,,,,,0.1887151002883911,-0.022368192672729492,0.10075002908706665,0.06958197057247162,-0.4807526767253876,-3.2531778812408447
1764809206.032691,0.5374608633041381,0.647727702923119,-0.40829321612119673,-1.4549416303634644,0.12985563278198242,2.1693127155303955,,,,,,
1764809206.036623,,,,,,,0.19806021451950073,-0.026181936264038086,0.10183751583099365,0.09865356981754303,-0.42493361234664917,-3.217719554901123
1764809206.042743,0.2834378791794181,0.598235211610049,-0.3764543087899685,-1.461639165878296,0.13022084534168243,2.1342687606811523,,,,,,
1764809206.046654,,,,,,,0.2064521610736847,-0.04177963733673096,0.11313116550445557,0.09548496454954147,-0.3916188180446625,-3.1410446166992188
1764809206.052796,0.1513373934149742,0.6572886544074863,-0.41673020507693287,-1.4447717666625977,0.15731371939182281,2.1048009395599365,,,,,,
1764809206.056684,,,,,,,0.20208072662353516,-0.09947103261947632,0.12887907028198242,0.14346899092197418,-0.3814343512058258,-3.0742554664611816
1764809206.062848,0.06379910295456648,0.7447499341089278,-0.5634487065196037,-1.3980599641799927,0.15993447601795197,2.0715579986572266,,,,,,
1764809206.066714,,,,,,,0.1836886703968048,-0.1387244462966919,0.14998656511306763,0.12747420370578766,-0.3644396662712097,-3.0805742740631104
1764809206.0729,-0.026774609678983687,0.8120478389646858,-0.5925684180200099,-1.3478679656982422,0.11712709814310074,2.028724193572998,,,,,,
1764809206.076744,,,,,,,0.17119544744491577,-0.12443214654922485,0.15574872493743896,-0.055173102766275406,-0.3167629539966583,-3.102160930633545
1764809206.082953,-0.04749094223231077,0.7941516053333878,-0.5068050282776355,-1.3124185800552368,0.08705207705497742,1.9875816106796265,,,,,,
1764809206.086774,,,,,,,0.17259666323661804,-0.15691661834716797,0.12527883052825928,-0.18254703283309937,-0.2744391858577728,-3.055103063583374
1764809206.093005,-0.07887421475052833,0.691831998391822,-0.6047288114130497,-1.2928307056427002,0.055208660662174225,1.94804048538208,,,,,,
1764809206.096805,,,,,,,0.17150995135307312,-0.17912769317626953,0.10335612297058105,-0.352368026971817,-0.25735342502593994,-3.0427935123443604
1764809206.103057,-0.10607786349654197,0.5873330015845597,-0.7069570137441158,-1.2886627912521362,0.017775453627109528,1.9138083457946777,,,,,,
1764809206.106835,,,,,,,0.16680599749088287,-0.17392390966415405,0.09063416719436646,-0.5647420883178711,-0.20819467306137085,-3.005427598953247
1764809206.11311,-0.016641922721266744,0.5157205214653164,-0.7352467041611671,-1.2820674180984497,-0.01759105920791626,1.8749892711639404,,,,,,
1764809206.116865,,,,,,,0.16245697438716888,-0.19679075479507446,0.06972944736480713,-0.6787168383598328,-0.19323542714118958,-2.9618079662323
1764809206.123162,0.08906126224398613,0.43238052294496443,-0.9004729221969843,-1.2653284072875977,-0.07284894585609436,1.8260900974273682,,,,,,
1764809206.126894,,,,,,,0.15439674258232117,-0.1961585283279419,0.06566417217254639,-0.7588708400726318,-0.1781747192144394,-2.923027992248535
1764809206.133214,0.2437508886963129,0.3319689781144261,-0.9610030864834785,-1.2223292589187622,-0.11122163385152817,1.7681258916854858,,,,,,
1764809206.136926,,,,,,,0.13864079117774963,-0.1726311445236206,0.0832444429397583,-0.8668771982192993,-0.15938425064086914,-2.901728868484497
1764809206.143267,0.3231169786170125,0.34402423063255844,-0.9388093748539685,-1.195260763168335,-0.13693870604038239,1.7247178554534912,,,,,,
1764809206.146956,,,,,,,0.13061586022377014,-0.17757326364517212,0.07930481433868408,-0.9129176735877991,-0.12207336723804474,-2.831890821456909
1764809206.153319,0.24282617506682871,0.48391076716333625,-0.7520417716175317,-1.1569136381149292,-0.15770603716373444,1.690362811088562,,,,,,
1764809206.156986,,,,,,,0.12349601089954376,-0.19999569654464722,0.08604896068572998,-0.887377142906189,-0.08283329010009766,-2.7558350563049316
1764809206.163372,0.0311965177744627,0.6009892595585435,-0.716520376381278,-1.1068882942199707,-0.19318793714046478,1.655784010887146,,,,,,
1764809206.167016,,,,,,,0.11588400602340698,-0.17130810022354126,0.11276614665985107,-0.9605509638786316,-0.04837490990757942,-2.735720157623291
1764809206.173424,-0.2268696042612195,0.7033141271971166,-0.6100701724410057,-1.0658708810806274,-0.1848120242357254,1.6499944925308228,,,,,,
1764809206.177046,,,,,,,0.1189100444316864,-0.15710735321044922,0.09290897846221924,-0.9947012066841125,0.019796151667833328,-2.638641834259033
1764809206.183476,-0.32336598494201896,0.9001976123869418,-0.593144756603241,-1.0159995555877686,-0.13974861800670624,1.6444984674453735,,,,,,
1764809206.187077,,,,,,,0.123464435338974,-0.18893033266067505,0.06702792644500732,-0.9879514575004578,0.05147339031100273,-2.548247814178467
1764809206.193529,-0.4482327200606465,0.9723853351108729,-0.7240858431994914,-0.9588934183120728,-0.18581517040729523,1.6083335876464844,,,,,,
1764809206.197107,,,,,,,0.12210598587989807,-0.153350830078125,0.07143950462341309,-1.152631402015686,0.08580153435468674,-2.5747978687286377
1764809206.203581,-0.3764814890578389,0.9950704835191369,-0.4613157812565565,-0.9315568804740906,-0.1877478063106537,1.577288031578064,,,,,,
1764809206.207137,,,,,,,0.13183709979057312,-0.14011001586914062,0.04384225606918335,-1.1999496221542358,0.174556165933609,-2.471161127090454
1764809206.213633,-0.17208996632546186,0.9408189611107111,-0.3746662563294172,-0.899468183517456,-0.17671805620193481,1.5300462245941162,,,,,,
1764809206.217167,,,,,,,0.143699049949646,-0.14588040113449097,0.027944982051849365,-1.1284844875335693,0.21570360660552979,-2.372243642807007
1764809206.223686,-0.1898281598508358,0.7854423753075301,-0.37718729923963545,-0.87052983045578,-0.16661135852336884,1.4490805864334106,,,,,,
1764809206.227198,,,,,,,0.1487066149711609,-0.10106468200683594,0.04071563482284546,-1.0994277000427246,0.25511813163757324,-2.3348445892333984
1764809206.233738,-0.37686347411274906,0.6878136295959353,-0.16260755997002124,-0.8574819564819336,-0.13545450568199158,1.418956995010376,,,,,,
1764809206.237228,,,,,,,0.1501091718673706,-0.09565192461013794,0.025094538927078247,-0.9559710621833801,0.3065056800842285,-2.2556569576263428
1764809206.24379,-0.43762598585039375,0.9826778888054192,-0.1349731185913086,-0.8212328553199768,-0.1073211282491684,1.3929951190948486,,,,,,
1764809206.247258,,,,,,,0.15027913451194763,-0.09994238615036011,0.014556795358657837,-0.8278520703315735,0.3318113088607788,-2.180312156677246
1764809206.253843,-0.5700637407451867,1.1256652408957482,-0.27569150283634664,-0.7839334011077881,-0.0480964221060276,1.3598265647888184,,,,,,
1764809206.257288,,,,,,,0.1502203345298767,-0.1229812502861023,-0.007388293743133545,-0.7638542056083679,0.3536425828933716,-2.101828098297119
1764809206.263895,-0.6184764739975332,1.2074407300457357,-0.3910930749952793,-0.7286083698272705,-0.10515481233596802,1.2592982053756714,,,,,,
1764809206.267318,,,,,,,0.15228712558746338,-0.18001198768615723,-0.008563429117202759,-0.816887617111206,0.345994770526886,-2.0618560314178467
1764809206.273947,-0.649652241244912,1.2254817059099674,-0.2922983542442322,-0.6744327545166016,-0.15038886666297913,1.1836410760879517,,,,,,
1764809206.277349,,,,,,,0.16155755519866943,-0.22660768032073975,-0.010721981525421143,-0.9892556667327881,0.3590506613254547,-1.9579304456710815
1764809206.284,-0.3274266585096717,1.2183286192849279,-0.33842239203751084,-0.6346296072006226,-0.12162168323993683,1.1409965753555298,,,,,,
1764809206.287379,,,,,,,0.1702529788017273,-0.2986975312232971,-0.03534966707229614,-1.096919298171997,0.3526257872581482,-1.7878530025482178
1764809206.294052,-0.2700806772172451,1.204700491426885,-0.419687885838747,-0.5855046510696411,-0.11437708884477615,1.0612815618515015,,,,,,
1764809206.297409,,,,,,,0.16777744889259338,-0.33267199993133545,-0.04172784090042114,-1.2015039920806885,0.3303242027759552,-1.652578592300415
1764809206.304105,-0.722872668017447,1.0886109370037913,-0.33228783480525015,-0.5219177007675171,-0.07127324491739273,1.004372239112854,,,,,,
1764809206.307439,,,,,,,0.15490368008613586,-0.3087742328643799,-0.04241663217544556,-1.2235344648361206,0.34698760509490967,-1.5443973541259766
1764809206.314157,-0.8879057015687227,1.0561422073364257,-0.5572592042297124,-0.4960322678089142,-0.00242520566098392,0.9959883093833923,,,,,,
1764809206.317469,,,,,,,0.15181589126586914,-0.2489185929298401,-0.03469935059547424,-1.1419600248336792,0.33831554651260376,-1.4483568668365479
1764809206.324209,-0.7920809365391731,1.2232339269831776,-0.4100982197165489,-0.44361597299575806,-0.07054990530014038,0.7459137439727783,,,,,,
1764809206.3275,,,,,,,0.15550464391708374,-0.19387227296829224,-0.062095969915390015,-0.9620394706726074,0.2791462540626526,-1.261850118637085
1764809206.334262,-1.3235618486508727,1.6387793061897158,-0.1184849251270294,-0.3599274754524231,-0.08630836009979248,0.668313205242157,,,,,,
1764809206.33753,,,,,,,0.15051352977752686,-0.20936566591262817,-0.10935956239700317,-0.7407491207122803,0.23414039611816406,-1.0523676872253418
1764809206.344314,-0.6481476819008588,1.4047493087798357,-0.7120575517535209,-0.3177083432674408,-0.05326389893889427,0.5858187675476074,,,,,,
1764809206.34756,,,,,,,0.16375166177749634,-0.29870522022247314,-0.12602484226226807,-0.5618112087249756,0.19856563210487366,-0.8483664393424988
1764809206.354366,-0.7839800476700067,1.3722896392017603,-0.35609950302541254,-0.27392488718032837,-0.04731173440814018,0.45742034912109375,,,,,,
1764809206.35759,,,,,,,0.17742431163787842,-0.3649213910102844,-0.12331342697143555,-0.48363277316093445,0.12479899823665619,-0.6755073070526123
1764809206.364419,-1.2170493931293487,1.2565727174833417,-0.4217360505402088,-0.21686767041683197,-0.009375311434268951,0.3359569311141968,,,,,,
1764809206.367621,,,,,,,0.18489044904708862,-0.3831244111061096,-0.14299508929252625,-0.4220305383205414,0.05923943221569061,-0.4757238030433655
1764809206.374471,-1.3218395549029112,1.3393731657668948,-0.633400779145956,-0.15290653705596924,0.031025907024741173,0.19748108088970184,,,,,,
1764809206.37765,,,,,,,0.1900721788406372,-0.4106653928756714,-0.16867107152938843,-0.3042791485786438,-0.01204859558492899,-0.21587786078453064
1764809206.384523,-1.5291674233481287,1.342103175252676,-0.7066548159271479,-0.0810929536819458,0.053217414766550064,0.037470199167728424,,,,,,
1764809206.387681,,,,,,,0.19178932905197144,-0.43888747692108154,-0.1771794557571411,-0.18114256858825684,-0.09857656806707382,0.04001930356025696
1764809206.394576,-1.5792130184993147,1.2877441008165478,-0.7229296589016914,0.0020192437805235386,0.06980491429567337,-0.12601566314697266,,,,,,
1764809206.397711,,,,,,,0.19379931688308716,-0.4768325686454773,-0.18688896298408508,-0.04993448778986931,-0.18916799128055573,0.2929069697856903
1764809206.404628,-1.5441045879781246,1.2584957945004105,-0.7143781036555766,0.0940977931022644,0.07668858021497726,-0.29874053597450256,,,,,,
1764809206.407741,,,,,,,0.1967618465423584,-0.5046308040618896,-0.18085891008377075,0.02551313117146492,-0.28322044014930725,0.5334809422492981
1764809206.41468,-1.6176786504939198,1.2095315648451446,-0.7621651062250137,0.19496582448482513,0.08163832873106003,-0.47667354345321655,,,,,,
1764809206.417772,,,,,,,0.19886445999145508,-0.49865299463272095,-0.16044798493385315,0.06615269929170609,-0.3520543575286865,0.7646334767341614
1764809206.424733,-1.7453990214779973,1.2019605450689792,-0.8352893791466951,0.29679104685783386,0.07688678056001663,-0.6520224213600159,,,,,,
1764809206.427801,,,,,,,0.20088064670562744,-0.4599727988243103,-0.12110930681228638,0.10317783057689667,-0.42382094264030457,0.9881142377853394
1764809206.434785,-1.7146607688650488,1.2453189175412058,-0.9045739277750253,0.3939405083656311,0.07991586625576019,-0.7970471978187561,,,,,,
1764809206.437831,,,,,,,0.20639342069625854,-0.41578900814056396,-0.08565488457679749,0.14143973588943481,-0.49868613481521606,1.207592248916626
1764809206.444837,-1.436112123031914,1.3854352442398667,-0.9890800109326839,0.4930374026298523,0.0929977223277092,-0.9223595857620239,,,,,,
1764809206.447861,,,,,,,0.2101689577102661,-0.4016934037208557,-0.06539973616600037,0.15522904694080353,-0.5671190023422241,1.41627836227417
1764809206.45489,-1.2125202252671121,1.440882990695536,-1.0439636937648058,0.5919349789619446,0.08114559203386307,-1.0257121324539185,,,,,,
1764809206.457892,,,,,,,0.2050340175628662,-0.4102206230163574,-0.04249736666679382,0.14558014273643494,-0.6165299415588379,1.6092640161514282
1764809206.464942,-1.0942577107191085,1.4490116443544625,-1.0046025742352007,0.6947619915008545,0.0657871663570404,-1.1220048666000366,,,,,,
1764809206.467922,,,,,,,0.19576263427734375,-0.4086647033691406,-0.021046817302703857,0.07721731066703796,-0.6404808163642883,1.771385908126831
1764809206.474994,-1.039709251190722,1.3822507689848542,-0.9925368733882903,0.7989118695259094,0.04614502564072609,-1.2181808948516846,,,,,,
1764809206.477952,,,,,,,0.19118815660476685,-0.383201539516449,0.003747910261154175,-0.011325918138027191,-0.6634079813957214,1.895984411239624
1764809206.485046,-0.9896849910885095,1.286641400271654,-0.9654466218888759,0.8857085704803467,0.04010957479476929,-1.2978317737579346,,,,,,
1764809206.487983,,,,,,,0.18829402327537537,-0.346734881401062,0.00833660364151001,-0.06045905500650406,-0.6647339463233948,2.050255060195923
1764809206.495098,-0.8921879089325666,1.2192729143977163,-0.9038286623656749,0.9607335329055786,0.05042852461338043,-1.3754078149795532,,,,,,
1764809206.498012,,,,,,,0.19039461016654968,-0.3227035403251648,-0.0058183372020721436,-0.04801250249147415,-0.6762561202049255,2.214961528778076
1764809206.505151,-0.8674915668323635,1.08771837207824,-0.9025140726357698,1.0292268991470337,0.08196767419576645,-1.4505881071090698,,,,,,
1764809206.508044,,,,,,,0.18929478526115417,-0.317055344581604,-0.029528886079788208,-0.004353201016783714,-0.6944000124931335,2.3767638206481934
1764809206.515203,-0.8264911556631326,0.9714948160119354,-0.8763783453822135,1.0978703498840332,0.1126057431101799,-1.528347134590149,,,,,,
1764809206.518074,,,,,,,0.18739351630210876,-0.33560311794281006,-0.06038984656333923,0.054493069648742676,-0.706619381904602,2.535148859024048
1764809206.525255,-0.8897153813391924,0.8009210994683206,-0.7947931181073188,1.167358636856079,0.1004568561911583,-1.6243300437927246,,,,,,
1764809206.528104,,,,,,,0.18558335304260254,-0.3528560400009155,-0.07501420378684998,0.06572509557008743,-0.721051812171936,2.6567771434783936
1764809206.535308,-1.0337065036445856,0.5077274038195609,-0.7258563600033521,1.2335624694824219,0.07109151035547256,-1.7465730905532837,,,,,,
1764809206.538134,,,,,,,0.1871015429496765,-0.362901508808136,-0.07553410530090332,-0.0007716359104961157,-0.7308200597763062,2.7484617233276367
1764809206.54536,-1.1208970035806298,0.2633341255664825,-0.6769435682743787,1.2956984043121338,-0.007689710706472397,-1.8915228843688965,,,,,,
1764809206.548164,,,,,,,0.1950843632221222,-0.33617299795150757,-0.019096732139587402,-0.19354644417762756,-0.7329428195953369,2.7695300579071045
1764809206.555412,-1.0746309269681573,0.13695230970978736,-0.5596411309301853,1.3327970504760742,-0.11063180863857269,-2.0393080711364746,,,,,,
1764809206.558194,,,,,,,0.21475067734718323,-0.24659478664398193,0.05411338806152344,-0.4348970055580139,-0.7117952108383179,2.812668561935425
1764809206.565465,-0.8125041313648224,0.08294131805896758,-0.44571956819593905,1.349238634109497,-0.12663689255714417,-2.1119163036346436,,,,,,
1764809206.568224,,,,,,,0.24152535200119019,-0.1890971064567566,0.049086570739746094,-0.4840485751628876,-0.7438178658485413,2.9747889041900635
1764809206.575517,-0.3209095317006111,0.3580668575756252,-0.5555962394535541,1.3789653778076172,-0.07497397065162659,-2.1207973957061768,,,,,,
1764809206.578254,,,,,,,0.24365466833114624,-0.18971312046051025,0.03127625584602356,-0.4081173241138458,-0.8163168430328369,3.1153202056884766
1764809206.585569,-0.049638183394074435,0.6899923618745059,-0.7755921585530042,1.4065345525741577,-0.09610205888748169,-2.1129512786865234,,,,,,
1764809206.588284,,,,,,,0.21613091230392456,-0.13512349128723145,0.09212842583656311,-0.5048965811729431,-0.845447301864624,3.0754101276397705
1764809206.595622,0.1113046582341194,0.8006826876025647,-0.6225590671360492,1.4261492490768433,-0.1517951339483261,-2.106365442276001,,,,,,
1764809206.598315,,,,,,,0.20442278683185577,-0.06451505422592163,0.09842023253440857,-0.6169746518135071,-0.7924317717552185,3.0997793674468994
1764809206.605674,0.27799159647226335,0.6392965591862797,-0.3966641531258821,1.4225010871887207,-0.1585795134305954,-2.106915235519409,,,,,,
1764809206.608346,,,,,,,0.2177482396364212,-0.0624808669090271,0.027555078268051147,-0.6106528639793396,-0.8268166184425354,3.1913886070251465
1764809206.615726,0.24826690481603145,0.4064905506134033,-0.41226504236161704,1.3992892503738403,-0.1456322818994522,-2.1222853660583496,,,,,,
1764809206.618376,,,,,,,0.22180823981761932,-0.08550286293029785,-0.037578701972961426,-0.6165964603424072,-0.8851632475852966,3.2297940254211426
1764809206.625779,0.017225275567173955,0.1396632126362994,-0.3614543080568313,1.3652725219726562,-0.15682554244995117,-2.1676695346832275,,,,,,
1764809206.628406,,,,,,,0.21623025834560394,-0.07445287704467773,-0.03357115387916565,-0.8055373430252075,-0.9112172722816467,3.1419076919555664
1764809206.635831,-0.2659241420596838,-0.1600853662823327,-0.23565642956793306,1.3116716146469116,-0.20141510665416718,-2.2429800033569336,,,,,,
1764809206.638437,,,,,,,0.22479763627052307,-0.03844189643859863,-0.01310962438583374,-1.0401445627212524,-0.8829866647720337,3.0730957984924316
1764809206.645884,-0.38670273108184333,-0.31502913189250975,-0.05680851341485977,1.2334765195846558,-0.2525422275066376,-2.3173885345458984,,,,,,
1764809206.648467,,,,,,,0.24748244881629944,0.012407183647155762,-0.005902349948883057,-1.1570641994476318,-0.915991485118866,3.0577480792999268
1764809206.655936,-0.3070902651846409,-0.2581271680405363,0.041428573453426355,1.1620745658874512,-0.2885068953037262,-2.3622705936431885,,,,,,
1764809206.658496,,,,,,,0.2583335041999817,0.0692448616027832,-0.006669342517852783,-1.208313226699829,-0.9876670241355896,3.037060499191284
1764809206.665988,-0.07276946813464165,-0.06475245815664529,-0.04889408702850342,1.0970828533172607,-0.3109079897403717,-2.3657989501953125,,,,,,
1764809206.668526,,,,,,,0.24696272611618042,0.10641300678253174,0.018607497215270996,-1.2822836637496948,-1.0737659931182861,2.934607982635498
1764809206.676041,0.24897651439011095,0.18515308071188627,-0.1272603522568941,1.0405460596084595,-0.30665090680122375,-2.3362269401550293,,,,,,
1764809206.678556,,,,,,,0.23106959462165833,0.07510799169540405,0.023473620414733887,-1.2107114791870117,-1.0686025619506836,2.9634926319122314
1764809206.686093,0.5420131197810173,0.3648571022376418,-0.09730068280100822,1.002825140953064,-0.29645055532455444,-2.2935259342193604,,,,,,
1764809206.688587,,,,,,,0.20872510969638824,0.039967477321624756,0.04734852910041809,-1.096608281135559,-1.1002252101898193,2.959613084793091
1764809206.696145,0.6713415104836226,0.41631344096958633,-0.14453765027225016,0.978829562664032,-0.3006458282470703,-2.260530710220337,,,,,,
1764809206.698617,,,,,,,0.1835356205701828,0.039543747901916504,0.0633348822593689,-1.0295392274856567,-1.1191078424453735,2.872312545776367
1764809206.706198,0.6536310817480087,0.4004173681795597,-0.10925181735754012,0.9737787246704102,-0.3128856122493744,-2.239090919494629,,,,,,
1764809206.708647,,,,,,,0.16601797938346863,0.020521461963653564,0.049992263317108154,-0.8943865299224854,-1.1078959703445435,2.824596881866455
1764809206.71625,0.508131892967224,0.25428134279996156,-0.08133972808122635,0.9777446985244751,-0.3497839570045471,-2.2443559169769287,,,,,,
1764809206.718678,,,,,,,0.1501930058002472,0.03284621238708496,0.06997102499008179,-0.8217954039573669,-1.1223366260528564,2.7310187816619873
1764809206.726302,0.29487492673397064,0.031346301508694885,-0.06678630207180976,0.9755080342292786,-0.38619863986968994,-2.271728992462158,,,,,,
1764809206.728709,,,,,,,0.13721592724323273,0.08187347650527954,0.08088460564613342,-0.7990868091583252,-1.1025466918945312,2.656742572784424
1764809206.736355,0.12439151882231235,-0.15075930126607417,0.021541385200619698,0.9633581638336182,-0.3905835449695587,-2.3047432899475098,,,,,,
1764809206.738739,,,,,,,0.13929961621761322,0.08809882402420044,0.06722784042358398,-0.7380830645561218,-1.0942275524139404,2.640227794647217
1764809206.746407,0.03871697640717029,-0.25945523830652234,0.05508300479650497,0.9396441578865051,-0.3662334084510803,-2.329643964767456,,,,,,
1764809206.748769,,,,,,,0.14517620205879211,0.08409994840621948,0.0762583315372467,-0.6998712420463562,-1.096729040145874,2.5997302532196045
1764809206.756459,0.10747136368155479,-0.2150318669512868,0.08637947581410407,0.9026778936386108,-0.34356218576431274,-2.3169922828674316,,,,,,
1764809206.758799,,,,,,,0.14932309091091156,0.12052148580551147,0.10065010190010071,-0.719083845615387,-1.0946440696716309,2.541224956512451
1764809206.766512,0.3592722878426313,-0.03417874845564365,0.14492635732889175,0.8456559777259827,-0.3305496573448181,-2.261413335800171,,,,,,
1764809206.768828,,,,,,,0.1615411788225174,0.14411187171936035,0.0809515118598938,-0.6071764826774597,-1.077296495437622,2.590341567993164
1764809206.776564,0.6951105086058378,0.17768354854881763,0.23408523472845552,0.7960447669029236,-0.3159421980381012,-2.1799683570861816,,,,,,
1764809206.778859,,,,,,,0.15891896188259125,0.13907194137573242,0.08429373800754547,-0.4938669502735138,-1.1190295219421387,2.5725255012512207
1764809206.786616,0.9452750637367368,0.30092326698750255,0.15523498537540434,0.7798107266426086,-0.3042156994342804,-2.096351146697998,,,,,,
1764809206.788889,,,,,,,0.13375543057918549,0.11476510763168335,0.10255053639411926,-0.41441813111305237,-1.11233651638031,2.5533511638641357
1764809206.796669,1.0793135318264364,0.3301607596486807,0.1241542029350996,0.7851042747497559,-0.2975625693798065,-2.0338873863220215,,,,,,
1764809206.798919,,,,,,,0.10802817344665527,0.0707516074180603,0.08989065885543823,-0.28474774956703186,-1.0732122659683228,2.5746963024139404
1764809206.806721,1.0377972800895572,0.268033097037673,0.21254911022484302,0.8163852691650391,-0.306875616312027,-2.023310422897339,,,,,,
1764809206.808949,,,,,,,0.08288663625717163,0.044762611389160156,0.07522282004356384,-0.12081300467252731,-1.0505729913711548,2.5698132514953613
1764809206.816773,0.7251885437443852,0.06548106469213962,0.23309563916921613,0.8630422949790955,-0.3155849575996399,-2.0527760982513428,,,,,,
1764809206.81898,,,,,,,0.058234721422195435,0.054324209690093994,0.10117387771606445,-0.03942840173840523,-0.9870123863220215,2.5237388610839844
1764809206.826826,0.5320633881747723,-0.08047229759693145,0.28700492401123046,0.9033350348472595,-0.3171481192111969,-2.0773544311523438,,,,,,
1764809206.82901,,,,,,,0.0564652681350708,0.09317159652709961,0.1109565794467926,-0.006710621528327465,-0.9040296673774719,2.504265069961548
1764809206.836878,0.48017158063501114,-0.08850333610028029,0.38373628249168396,0.9043288826942444,-0.32379618287086487,-2.083767890930176,,,,,,
1764809206.839041,,,,,,,0.08500510454177856,0.12751775979995728,0.05897274613380432,0.18360473215579987,-0.8144038915634155,2.592698574066162
1764809206.846931,0.5200929643958807,-0.12077800450026989,0.42935704693794247,0.8696918487548828,-0.2981504201889038,-2.05680775642395,,,,,,
1764809206.849071,,,,,,,0.09977132081985474,0.1864490509033203,0.040186941623687744,0.40574121475219727,-0.7984038591384888,2.642599105834961
1764809206.856983,0.5824728482022881,-0.13435440217107533,0.3601052315354347,0.8124024271965027,-0.22647199034690857,-1.9956412315368652,,,,,,
1764809206.859102,,,,,,,0.09799253940582275,0.20298463106155396,0.029623329639434814,0.7007206678390503,-0.7508723139762878,2.723283290863037
1764809206.867035,0.6424842493116856,-0.12378887675404548,0.33480595510601996,0.7489153742790222,-0.13564848899841309,-1.9166133403778076,,,,,,
1764809206.869132,,,,,,,0.08664840459823608,0.18185478448867798,0.007643342018127441,1.0319156646728516,-0.6923898458480835,2.79099440574646
1764809206.877088,0.6336784270435571,-0.17769494672566652,0.33156302766203877,0.6824164986610413,-0.06784919649362564,-1.8482632637023926,,,,,,
1764809206.879162,,,,,,,0.07790741324424744,0.18134218454360962,-0.0028429031372070312,1.3681222200393677,-0.6370142102241516,2.867403507232666
1764809206.88714,0.5675011967808008,-0.2927542813181877,0.236104173335433,0.6266902685165405,0.003698204644024372,-1.7973297834396362,,,,,,
1764809206.889191,,,,,,,0.07681986689567566,0.250857949256897,0.00582510232925415,1.5782089233398438,-0.5488592982292175,2.817483425140381
1764809206.897192,0.6173661746680736,-0.35516777513325215,-3.507131338119507e-06,0.5545782446861267,0.0641932412981987,-1.7245725393295288,,,,,,
1764809206.899221,,,,,,,0.07253974676132202,0.3455888628959656,0.05988496541976929,1.724266767501831,-0.47021934390068054,2.8239493370056152
1764809206.907245,0.9432076098129153,-0.11594897690862417,0.1797837356984615,0.47928351163864136,0.030652590095996857,-1.6322436332702637,,,,,,
1764809206.909252,,,,,,,0.0740562379360199,0.33171170949935913,0.10316610336303711,1.8798582553863525,-0.31201106309890747,2.985278844833374
1764809206.917297,0.9300722339078783,0.12512450927197932,0.48227790526449676,0.42972609400749207,-0.0965048298239708,-1.5789042711257935,,,,,,
1764809206.919282,,,,,,,0.0638878345489502,0.20824730396270752,0.10840186476707458,1.9813894033432007,-0.2745782136917114,2.977790355682373
1764809206.927349,0.46510231405794616,0.22346797912418842,0.4551847311556339,0.4226491153240204,-0.17845778167247772,-1.5577847957611084,,,,,,
1764809206.929312,,,,,,,0.045073866844177246,0.05178546905517578,0.1101686954498291,2.067176342010498,-0.2092261165380478,2.9124386310577393
1764809206.937402,0.18871318434625864,0.2699146730005741,0.18829554345607757,0.46174830198287964,-0.14396105706691742,-1.5603930950164795,,,,,,
1764809206.939342,,,,,,,0.02026158571243286,0.008124768733978271,0.14666512608528137,2.038597583770752,-0.10628695040941238,2.7359397411346436
1764809206.947454,0.13709522531181573,0.2954208701789379,-0.25625381191670893,0.536360502243042,-0.043704479932785034,-1.569611668586731,,,,,,
1764809206.949373,,,,,,,0.01317209005355835,0.0689956545829773,0.1802065372467041,2.0782792568206787,-0.01061261910945177,2.565890073776245
1764809206.957506,0.24296850614696738,0.3976432272911072,-0.5764689316123723,0.6185363531112671,0.05694170296192169,-1.5756914615631104,,,,,,
1764809206.959404,,,,,,,0.032417118549346924,0.17125582695007324,0.1775960922241211,2.3807194232940674,0.04503946006298065,2.508655548095703
1764809206.967559,0.3757698336571455,0.48796997942626474,-0.7547656436234712,0.6861675977706909,0.15881884098052979,-1.5723415613174438,,,,,,
1764809206.969434,,,,,,,0.032711803913116455,0.27234601974487305,0.18795809149742126,2.6074581146240234,0.048430994153022766,2.462096929550171
1764809206.977611,0.5160618091836572,0.5181225411057472,-0.8620575590848922,0.7535264492034912,0.28443029522895813,-1.5401004552841187,,,,,,
1764809206.979464,,,,,,,0.005712687969207764,0.24827539920806885,0.18972474336624146,2.655466079711914,0.014880224131047726,2.4036617279052734
1764809206.987663,0.7064663076177239,0.5024760591626167,-0.893824570223689,0.8301824331283569,0.43858829140663147,-1.4844295978546143,,,,,,
1764809206.989493,,,,,,,-0.03309643268585205,0.06648999452590942,0.17509233951568604,2.461576223373413,0.07991674542427063,2.3824381828308105
1764809206.997716,0.7814967064216732,0.4245288961291313,-0.7293237438529729,0.908259391784668,0.5423029661178589,-1.4342758655548096,,,,,,
1764809206.999525,,,,,,,-0.05226165056228638,-0.09530413150787354,0.16728425025939941,1.9728989601135254,0.22629685699939728,2.3182687759399414
1764809207.007768,0.7342372348576783,0.3127525287300348,-0.41275370266139505,0.9494820833206177,0.5458043217658997,-1.3936822414398193,,,,,,
1764809207.009554,,,,,,,-0.017893552780151367,-0.15591049194335938,0.14510869979858398,1.2305567264556885,0.34069588780403137,2.2622718811035156
1764809207.017821,0.6920040670230985,0.16926117264032364,0.03082125472128391,0.9466775059700012,0.4237218499183655,-1.376378059387207,,,,,,
1764809207.019584,,,,,,,0.03748023509979248,-0.14405333995819092,0.09745645523071289,0.5519145727157593,0.34799695014953613,2.200723648071289
1764809207.027873,0.6414405854776501,-0.021902035206556317,0.34600013381540773,0.9065030217170715,0.2543315291404724,-1.3861702680587769,,,,,,
1764809207.029614,,,,,,,0.06947296857833862,-0.0906529426574707,0.04468816518783569,0.15147681534290314,0.3614749312400818,2.139486789703369
1764809207.037925,0.659995648343861,-0.23563480225801467,0.436072034406662,0.859988808631897,0.1370278298854828,-1.4036848545074463,,,,,,
1764809207.039645,,,,,,,0.06733030080795288,0.01946234703063965,0.03264385461807251,0.0020817224867641926,0.38923704624176025,2.0298728942871094
1764809207.047978,0.8149848422646522,-0.3593342471629381,0.3394844683110714,0.8169242143630981,0.07533366978168488,-1.4140592813491821,,,,,,
1764809207.049675,,,,,,,0.06741344928741455,0.13070732355117798,0.030030786991119385,0.16926725208759308,0.46366894245147705,1.9752590656280518
1764809207.05803,0.9384247594505548,-0.2746633288323879,0.1302192020624876,0.7851311564445496,0.06311029195785522,-1.4065808057785034,,,,,,
1764809207.059705,,,,,,,0.07052981853485107,0.22870469093322754,0.036254167556762695,0.5364862680435181,0.4679875373840332,1.9170076847076416
1764809207.068082,0.8877715537950396,-0.02748889542818069,-0.06153904906809329,0.7771734595298767,0.08933138847351074,-1.3648914098739624,,,,,,
1764809207.069736,,,,,,,0.07303744554519653,0.2948235869407654,0.04099065065383911,1.0585834980010986,0.46435603499412537,1.8949682712554932
1764809207.078135,0.7491428353056311,0.2842757913082838,-0.20085691886544227,0.7814885973930359,0.18841855227947235,-1.2582014799118042,,,,,,
1764809207.079766,,,,,,,0.0601428747177124,0.3193224370479584,0.04923960566520691,1.5424036979675293,0.48454973101615906,1.8892267942428589
1764809207.088187,0.777065007584542,0.6947194634616375,-0.2814876218944788,0.7959380149841309,0.3212587237358093,-1.0718436241149902,,,,,,
1764809207.089797,,,,,,,0.04042178392410278,0.29034489393234253,0.07248377799987793,1.8789513111114502,0.5128527283668518,1.832603931427002
1764809207.098239,0.7284943072915077,0.9188520439743995,-0.37408407252728937,0.8359309434890747,0.35387977957725525,-0.9855746030807495,,,,,,
1764809207.099827,,,,,,,0.03308194875717163,0.22624650597572327,0.06076723337173462,1.9835456609725952,0.5778072476387024,1.7533767223358154
1764809207.108292,-0.3419244088090956,0.7177244914740324,-0.3247071704179048,0.843638002872467,0.41708776354789734,-0.9577035903930664,,,,,,
1764809207.109856,,,,,,,0.04391878843307495,0.16699331998825073,0.04250401258468628,1.9360861778259277,0.6487738490104675,1.6546015739440918
1764809207.118344,-0.6954521616503596,0.5597977827966213,-0.40451428210437296,0.8290262818336487,0.4998849034309387,-0.9431091547012329,,,,,,
1764809207.119886,,,,,,,0.05988883972167969,0.11523088812828064,0.05335286259651184,1.7713590860366821,0.6577742695808411,1.5420920848846436
1764809207.128396,-0.5148725993990898,0.437657257771492,-0.5060901580065489,0.810836911201477,0.5603821873664856,-0.9048164486885071,,,,,,
1764809207.129917,,,,,,,0.06956350803375244,0.08759093284606934,0.06277039647102356,1.5331823825836182,0.6558429002761841,1.4382383823394775
1764809207.138449,-0.09465952064245939,0.39445349133908747,-0.4252010963022709,0.794318675994873,0.5504845380783081,-0.8442026376724243,,,,,,
1764809207.139947,,,,,,,0.06201028823852539,0.0850062370300293,0.06706470251083374,1.3026514053344727,0.6647011041641235,1.3358054161071777
1764809207.148501,0.3306890213064849,0.4045680581182241,-0.3442413074493408,0.776993453502655,0.4870564341545105,-0.7727224230766296,,,,,,
1764809207.149977,,,,,,,0.05089211463928223,0.1118195652961731,0.06799697875976562,1.161228060722351,0.6804947257041931,1.1999932527542114
1764809207.158553,0.6677855715677141,0.4396954856008291,-0.3398205683976412,0.7732040286064148,0.40805429220199585,-0.6929833889007568,,,,,,
1764809207.160007,,,,,,,0.04181504249572754,0.15382161736488342,0.07275176048278809,1.1022584438323975,0.6871875524520874,1.0360294580459595
1764809207.168606,0.9470205922298133,0.5276596002578735,-0.3513397412776947,0.7736933827400208,0.31962689757347107,-0.6122739315032959,,,,,,
1764809207.170038,,,,,,,0.03849339485168457,0.17512673139572144,0.07910901308059692,1.0497851371765137,0.6857065558433533,0.8975132703781128
1764809207.178658,1.0259021135039628,0.5977016892552376,-0.4105898026257753,0.7760627865791321,0.22486042976379395,-0.530614972114563,,,,,,
1764809207.180068,,,,,,,0.036312878131866455,0.16410306096076965,0.10044825077056885,0.9759413003921509,0.6812758445739746,0.7797520160675049
1764809207.18871,1.0081935844644903,0.6134300042629242,-0.3951186772495508,0.7765096426010132,0.15567249059677124,-0.4259475767612457,,,,,,
1764809207.190099,,,,,,,0.02667611837387085,0.14650458097457886,0.13373085856437683,0.8286480903625488,0.686098575592041,0.6694961190223694
1764809207.198763,1.1995581601023673,0.6884545578479766,-0.42388533752858637,0.7945016622543335,0.07323779910802841,-0.3225388824939728,,,,,,
1764809207.200129,,,,,,,0.01635444164276123,0.1368871033191681,0.1586785912513733,0.6323374509811401,0.7016218304634094,0.5753430128097534
1764809207.208815,1.1292930760040878,0.6122644676148891,-0.5423854602247477,0.8375372290611267,-0.007877955213189125,-0.3149963915348053,,,,,,
1764809207.210159,,,,,,,0.007087349891662598,0.13676223158836365,0.15522602200508118,0.37569794058799744,0.698581874370575,0.471438467502594
1764809207.218868,0.4632872274599969,0.37388884221613405,-0.6211895323485136,0.8731561899185181,0.001688651624135673,-0.3055834472179413,,,,,,
1764809207.22019,,,,,,,-0.0027796030044555664,0.1339614987373352,0.13509443402290344,0.17686977982521057,0.7273011207580566,0.3763386011123657
1764809207.22892,0.5517531541593372,0.3407055345386267,-0.7495072847038508,0.8976112604141235,0.019815122708678246,-0.25912681221961975,,,,,,
1764809207.23022,,,,,,,-0.01288515329360962,0.14290064573287964,0.12707114219665527,0.027384350076317787,0.7419319748878479,0.3015005886554718
1764809207.238972,0.7222871232144534,0.29589257934391494,-0.6314379546403884,0.9096218347549438,0.0055669448338449,-0.1838754415512085,,,,,,
1764809207.240249,,,,,,,-0.01321631669998169,0.16812698543071747,0.08469685912132263,-0.06329335272312164,0.7661095261573792,0.2259078174829483
1764809207.249025,0.7560990841843187,0.22543957145810126,-0.4403080645412206,0.8865853548049927,-0.036322422325611115,-0.09443129599094391,,,,,,
1764809207.250279,,,,,,,-0.0026311874389648438,0.19418871402740479,0.04337435960769653,-0.1059800460934639,0.8052888512611389,0.14902035892009735
1764809207.259077,0.6805868932127952,0.09384732747673988,-0.4398544755548239,0.8359010815620422,-0.09130258858203888,-0.0026531743351370096,,,,,,
1764809207.26031,,,,,,,0.013499796390533447,0.20674288272857666,0.021526753902435303,-0.11919225752353668,0.8038014769554138,0.05171803757548332
1764809207.269129,0.6579226414620876,-0.09668518125116825,-0.4827350013822317,0.7808477282524109,-0.13787448406219482,0.07608511298894882,,,,,,
1764809207.27034,,,,,,,0.026339709758758545,0.19524219632148743,0.015268027782440186,-0.1210739016532898,0.7654713988304138,-0.04554792493581772
1764809207.279182,0.7486177885182201,-0.17449322807490825,-0.4726525833070278,0.7341654300689697,-0.1865469515323639,0.13156141340732574,,,,,,
1764809207.28037,,,,,,,0.029468894004821777,0.15976011753082275,0.02632695436477661,-0.1865391880273819,0.7393655180931091,-0.1120326817035675
1764809207.289234,0.882785582076013,-0.07045066979825496,-0.3720002519905567,0.7341321706771851,-0.21572259068489075,0.16923700273036957,,,,,,
1764809207.290401,,,,,,,0.01714193820953369,0.10790380835533142,0.048387616872787476,-0.26818329095840454,0.7114462852478027,-0.15285907685756683
1764809207.299286,0.9891134748108684,0.06216098035871982,-0.13407237035930156,0.7734769582748413,-0.22042760252952576,0.20283517241477966,,,,,,
1764809207.300431,,,,,,,-0.014610350131988525,0.08709937334060669,0.039349526166915894,-0.3511095941066742,0.7062051296234131,-0.1979687660932541
1764809207.309339,0.8471186408892274,0.09358779975771904,0.0434703084141016,0.7863292098045349,-0.25147444009780884,0.2302202731370926,,,,,,
1764809207.310462,,,,,,,-0.042713940143585205,0.09919774532318115,0.02093443274497986,-0.39551424980163574,0.7575687170028687,-0.23900146782398224
1764809207.319391,0.4823971477299928,-0.0024631752431392667,0.10580547629594803,0.7655461430549622,-0.30085477232933044,0.2611912190914154,,,,,,
1764809207.320492,,,,,,,-0.040308475494384766,0.11553049087524414,0.0013801157474517822,-0.40229731798171997,0.8216950297355652,-0.2581895589828491
1764809207.329443,0.3265250334948301,-0.11537468415200709,0.10961246736347674,0.7284106612205505,-0.32100191712379456,0.28697898983955383,,,,,,
1764809207.330522,,,,,,,-0.012274742126464844,0.10938596725463867,-0.006629198789596558,-0.37614715099334717,0.8261131644248962,-0.261412650346756
1764809207.339496,0.40588250171765683,-0.15698153678178786,-0.020357143852114675,0.7001038789749146,-0.31401297450065613,0.28852391242980957,,,,,,
1764809207.340551,,,,,,,0.018187642097473145,0.08442485332489014,0.004262387752532959,-0.35543495416641235,0.7954351902008057,-0.2715936601161957
