timestamp,phone_accel_x,phone_accel_y,phone_accel_z,phone_gyro_x,phone_gyro_y,phone_gyro_z,watch_accel_x,watch_accel_y,watch_accel_z,watch_gyro_x,watch_gyro_y,watch_gyro_z
1764809257.972518,-0.12871683467552064,0.3786626324892044,-0.3918587986707687,0.8818129301071167,0.12163660675287247,0.042634110897779465,,,,,,
1764809257.973065,,,,,,,-0.016842544078826904,0.1742171347141266,0.043359845876693726,0.1407279521226883,0.8199074864387512,-0.06926610320806503
1764809257.98257,-0.18395795264318585,0.25992519390583035,-0.33149639216661453,0.8732016086578369,0.19342266023159027,0.10622453689575195,,,,,,
1764809257.983095,,,,,,,-0.0049283504486083984,0.1815337985754013,0.025670021772384644,0.2526378333568573,0.8690134882926941,-0.1047750934958458
1764809257.992624,-0.11865735908448695,0.18235855462253092,-0.29940614042282104,0.8593398928642273,0.24766474962234497,0.16223539412021637,,,,,,
1764809257.993126,,,,,,,0.01597648859024048,0.17265944182872772,0.022212445735931396,0.3526776134967804,0.8928709030151367,-0.14081193506717682
1764809258.002676,0.03411138230785727,0.17850246371626852,-0.33742812030315394,0.8424277305603027,0.27006539702415466,0.2091517597436905,,,,,,
1764809258.003156,,,,,,,0.028558731079101562,0.14768370985984802,0.027249306440353394,0.4041155278682709,0.8813735246658325,-0.16961941123008728
1764809258.012727,0.20922098871544,0.23495734138786792,-0.42182489786744115,0.84592205286026,0.26010191440582275,0.2455044835805893,,,,,,
1764809258.013186,,,,,,,0.028856933116912842,0.10252620279788971,0.04189541935920715,0.42266151309013367,0.8559746742248535,-0.20446713268756866
1764809258.022779,0.5355934619970619,0.3234937029749155,-0.4137210863888263,0.8814667463302612,0.2424454241991043,0.26741084456443787,,,,,,
1764809258.023216,,,,,,,0.016759157180786133,0.07799148559570312,0.06322360038757324,0.37500518560409546,0.8411208987236023,-0.24371901154518127
1764809258.032831,0.7976355019263923,0.3340250338613987,-0.39281273839473724,0.9178829193115234,0.20401106774806976,0.25647035241127014,,,,,,
1764809258.033246,,,,,,,-0.0026041269302368164,0.0607600063085556,0.06116276979446411,0.30084919929504395,0.8553861379623413,-0.25978612899780273
1764809258.042885,0.8497115799918771,0.24231822554469107,-0.4112883062839508,0.9420372843742371,0.1381969004869461,0.23349180817604065,,,,,,
1764809258.043277,,,,,,,-0.011687040328979492,0.044518426060676575,0.05577167868614197,0.2404300719499588,0.9130017161369324,-0.2568473219871521
1764809258.052937,0.9061581282265484,0.15674129828512667,-0.27075813808739185,0.9652661681175232,0.09421693533658981,0.2027336210012436,,,,,,
1764809258.053307,,,,,,,-0.012936055660247803,0.045379385352134705,0.0494246780872345,0.18958020210266113,0.9664756059646606,-0.25610801577568054
1764809258.062989,0.8692413331091403,0.009129062873125076,-0.06501636978983878,0.9679648280143738,0.051248326897621155,0.16754265129566193,,,,,,
1764809258.063337,,,,,,,-0.0064452290534973145,0.04738515615463257,0.024338960647583008,0.18107788264751434,0.9929735660552979,-0.25564044713974
1764809258.07304,0.6056149465978146,-0.10486673414111136,0.013563245928287506,0.94096440076828,-0.010599249973893166,0.14745837450027466,,,,,,
1764809258.073367,,,,,,,0.008349299430847168,0.0536014586687088,0.00999307632446289,0.16337904334068298,1.0245405435562134,-0.2587374150753021
1764809258.083094,0.4977063605427742,-0.08143091349601746,-0.026817279776930807,0.9136416912078857,-0.05833880975842476,0.14925068616867065,,,,,,
1764809258.083397,,,,,,,0.02205568552017212,0.05076305568218231,0.019727349281311035,0.1246558353304863,1.0348600149154663,-0.25232285261154175
1764809258.093146,0.5953232696861028,0.0038490766435861586,-0.18375088576376436,0.8927870988845825,-0.091957688331604,0.15549562871456146,,,,,,
1764809258.093427,,,,,,,0.029817640781402588,0.03155955672264099,0.03408777713775635,0.05967230722308159,1.0060334205627441,-0.23940308392047882
1764809258.103198,0.7605471496343612,0.11409633477926254,-0.3507201480746269,0.8961696028709412,-0.10869139432907104,0.1498507857322693,,,,,,
1764809258.103458,,,,,,,0.029841303825378418,0.0030005276203155518,0.053671300411224365,-0.03226057440042496,0.973023533821106,-0.2157544195652008
1764809258.11325,0.968386620863527,0.19875205554068087,-0.43117491001486774,0.9289585947990417,-0.11609550565481186,0.12969298660755157,,,,,,
1764809258.113488,,,,,,,0.013271093368530273,-0.018039271235466003,0.06927838921546936,-0.14215537905693054,0.9572888016700745,-0.20937801897525787
1764809258.123302,1.0396443692609667,0.21078619220554828,-0.44963586485683915,0.9936947226524353,-0.10912494361400604,0.09710174798965454,,,,,,
1764809258.123518,,,,,,,-0.012588739395141602,-0.013291582465171814,0.09087640047073364,-0.2350093275308609,0.9712578654289246,-0.20250019431114197
1764809258.133354,0.9504742398150264,0.15785305891931056,-0.1427981131285429,1.085584282875061,-0.051466722041368484,0.06322507560253143,,,,,,
1764809258.133548,,,,,,,-0.05187642574310303,0.009705975651741028,0.07228237390518188,-0.23578989505767822,0.96419757604599,-0.18567965924739838
1764809258.143407,0.5449728463694453,-0.08304887008666992,0.3298863266214728,1.1231659650802612,-0.02219698205590248,0.03159923851490021,,,,,,
1764809258.143578,,,,,,,-0.08719652891159058,0.05344870686531067,-0.0017266571521759033,-0.1398380696773529,1.0102561712265015,-0.17090311646461487
1764809258.153459,-0.12333543389812111,-0.4423486304581165,0.47150867396891116,1.0755778551101685,-0.027061263099312782,0.040384404361248016,,,,,,
1764809258.153609,,,,,,,-0.07442843914031982,0.100136399269104,-0.051773637533187866,0.015769362449645996,1.1425539255142212,-0.141678124666214
1764809258.163511,-0.2742353126786649,-0.6448316892206668,0.538227756023407,0.998477578163147,0.0008558550616726279,0.08136379718780518,,,,,,
1764809258.163639,,,,,,,-0.012342095375061035,0.12147271633148193,-0.07272809743881226,0.18928560614585876,1.2016255855560303,-0.10653837770223618
1764809258.173563,-0.07316197458356619,-0.6182879656881094,0.407684728834033,0.939895510673523,0.08396730571985245,0.11038293689489365,,,,,,
1764809258.173669,,,,,,,0.05172020196914673,0.09928521513938904,-0.07784044742584229,0.332910418510437,1.1361820697784424,-0.08816762268543243
1764809258.183615,0.1556809755772352,-0.31875849114656446,0.21998948935866355,0.912997841835022,0.17835186421871185,0.12816034257411957,,,,,,
1764809258.183699,,,,,,,0.0795828104019165,0.05913655459880829,-0.07089236378669739,0.40282702445983887,1.0619275569915771,-0.08011136949062347
1764809258.193667,0.44038858243152496,0.18095336399972436,0.14643091667294503,0.9115573167800903,0.21446187794208527,0.1396726369857788,,,,,,
1764809258.193729,,,,,,,0.07711106538772583,0.03548532724380493,-0.05566889047622681,0.3928321897983551,1.0479187965393066,-0.07232348620891571
1764809258.20372,0.6829756880454718,0.6245376737326384,0.1577270944520831,0.9142859578132629,0.16127003729343414,0.14567966759204865,,,,,,
1764809258.20376,,,,,,,0.07708907127380371,0.025295406579971313,-0.04426771402359009,0.3250155448913574,1.051859974861145,-0.06652510911226273
1764809258.213773,0.8164864789992571,0.8195347606539726,0.20659224764704703,0.9186203479766846,0.043633006513118744,0.14177490770816803,,,,,,
1764809258.21379,,,,,,,0.08970504999160767,0.0194624662399292,-0.026543021202087402,0.22041642665863037,1.0285171270370483,-0.08186785131692886
1764809258.22382,,,,,,,0.10005402565002441,0.00924617052078247,-0.00023123621940612793,0.08795703202486038,0.9586174488067627,-0.10749225318431854
1764809258.223825,0.9116063106298447,0.8086895415127276,0.3235857651725411,0.9385977983474731,-0.07922873646020889,0.13330045342445374,,,,,,
1764809258.23385,,,,,,,0.08394008874893188,-0.00351107120513916,-0.004816502332687378,-0.02980288863182068,0.8816962838172913,-0.1402113288640976
1764809258.233876,0.9279526114054024,0.6616624125123024,0.5851186865359544,0.967735230922699,-0.178618922829628,0.1131167858839035,,,,,,
1764809258.24388,,,,,,,0.04561448097229004,-0.009207963943481445,-0.03586089611053467,-0.10948628187179565,0.8644802570343018,-0.17711274325847626
1764809258.243928,0.6313838863655924,0.42267537721693516,0.8156625953957438,0.9735382199287415,-0.2775004804134369,0.10043533146381378,,,,,,
1764809258.253911,,,,,,,0.022835910320281982,0.0006610602140426636,-0.0727304220199585,-0.15705619752407074,0.9146678447723389,-0.21610808372497559
1764809258.253982,0.23109379782751202,0.21652502811849117,0.9830994752183556,0.9515283107757568,-0.36287689208984375,0.10504233837127686,,,,,,
1764809258.263941,,,,,,,0.038184285163879395,0.012348741292953491,-0.10727354884147644,-0.17815828323364258,0.9518002867698669,-0.2541358768939972
1764809258.264034,0.0009574468553066253,0.0826098941475153,1.0021206942915917,0.9059805274009705,-0.41513875126838684,0.12118110060691833,,,,,,
1764809258.273971,,,,,,,0.07494622468948364,0.015058979392051697,-0.1268884539604187,-0.19848699867725372,0.9217808842658997,-0.2901277244091034
1764809258.274086,-0.15040625004470348,-0.004338321465253829,0.9210749807208776,0.8580531477928162,-0.41902995109558105,0.1363881230354309,,,,,,
1764809258.284001,,,,,,,0.09940958023071289,0.010686129331588745,-0.13008791208267212,-0.23812569677829742,0.8503791093826294,-0.3164272904396057
1764809258.284137,-0.2201734676234424,0.023812837263941764,0.8590662683144211,0.8192181587219238,-0.3900419771671295,0.1493888795375824,,,,,,
1764809258.294031,,,,,,,0.09943950176239014,0.0028514564037323,-0.12393999099731445,-0.2879140377044678,0.7943384647369385,-0.3329490125179291
1764809258.294189,-0.24030220954716205,0.15293430721759796,0.7631830510959029,0.7900511622428894,-0.36230194568634033,0.1643276959657669,,,,,,
1764809258.304062,,,,,,,0.08169877529144287,-0.00545385479927063,-0.11409054696559906,-0.338727742433548,0.7629011869430542,-0.33416053652763367
1764809258.304243,-0.24831907339468598,0.2743897725880146,0.7044622743189335,0.7667812705039978,-0.33593079447746277,0.17736519873142242,,,,,,
1764809258.314092,,,,,,,0.06452810764312744,-0.016411691904067993,-0.10026997327804565,-0.3955846428871155,0.7372370958328247,-0.33902427554130554
1764809258.314295,-0.26830753006488084,0.30820261034071444,0.6663485245019197,0.7516486644744873,-0.30659329891204834,0.18795903027057648,,,,,,
1764809258.324122,,,,,,,0.05530303716659546,-0.022141054272651672,-0.08921565115451813,-0.47076156735420227,0.7032754421234131,-0.3470672070980072
1764809258.324347,-0.23148206649273634,0.2502162853181362,0.6411141300022601,0.7422756552696228,-0.27645614743232727,0.18538428843021393,,,,,,
1764809258.334152,,,,,,,0.05235844850540161,-0.02645590901374817,-0.08470578491687775,-0.5392569899559021,0.6722104549407959,-0.34632259607315063
1764809258.334399,-0.19433891527354716,0.1714198119789362,0.6287897782191634,0.7287527918815613,-0.25676053762435913,0.1790250986814499,,,,,,
1764809258.344182,,,,,,,0.043663084506988525,-0.02792486548423767,-0.08858078718185425,-0.5794430375099182,0.6425588130950928,-0.34626883268356323
1764809258.344451,-0.1545752062924206,0.0864005186021328,0.6537707824796438,0.7209414839744568,-0.24121487140655518,0.16140589118003845,,,,,,
1764809258.354212,,,,,,,0.033731698989868164,-0.012775376439094543,-0.09280788898468018,-0.5888749361038208,0.6295521855354309,-0.3533634841442108
1764809258.354504,-0.09787234520912169,9.527706801891326e-05,0.6816767342761159,0.7108443379402161,-0.23387952148914337,0.1503007560968399,,,,,,
1764809258.364243,,,,,,,0.032339632511138916,0.008091360330581665,-0.1061398983001709,-0.5577607750892639,0.6301079988479614,-0.34925881028175354
1764809258.364556,-0.026195933008193967,-0.03677694825530052,0.8005927442967892,0.6962822079658508,-0.23994140326976776,0.15020808577537537,,,,,,
1764809258.374273,,,,,,,0.04138743877410889,0.022066548466682434,-0.13017678260803223,-0.48065218329429626,0.6158190965652466,-0.3409188687801361
1764809258.374608,0.004886310736835002,-0.016541384956240652,0.9248884015291928,0.6772906184196472,-0.2706049978733063,0.16237755119800568,,,,,,
1764809258.384303,,,,,,,0.05045050382614136,0.035401493310928345,-0.15397194027900696,-0.37670502066612244,0.5899270176887512,-0.3426731526851654
1764809258.38466,-0.0018608254358172416,0.0037426936596632,1.0014832731708883,0.6539669036865234,-0.30065903067588806,0.18564638495445251,,,,,,
1764809258.394333,,,,,,,0.055516958236694336,0.041709691286087036,-0.16578197479248047,-0.2885171175003052,0.5664541721343994,-0.3520551919937134
1764809258.394713,0.008621551742404698,-0.021255553996562957,1.0799696576476097,0.6259821653366089,-0.320728063583374,0.21562372148036957,,,,,,
1764809258.404363,,,,,,,0.055719614028930664,0.0387505441904068,-0.17408008873462677,-0.2338833063840866,0.5405687689781189,-0.37183454632759094
1764809258.404764,-0.08630041922852397,-0.08488134621083736,1.1340367633998394,0.5849612951278687,-0.320888489484787,0.2418096959590912,,,,,,
1764809258.414394,,,,,,,0.053352415561676025,0.027837127447128296,-0.17469191551208496,-0.22835804522037506,0.518436074256897,-0.4011514484882355
1764809258.414817,-0.25023060610443354,-0.1343932728767395,1.1660150792017578,0.5403104424476624,-0.31120359897613525,0.2696066200733185,,,,,,
1764809258.424424,,,,,,,0.051722824573516846,0.014980792999267578,-0.1687229871749878,-0.29508253931999207,0.4924428164958954,-0.41785484552383423
1764809258.424869,-0.3938355055712163,-0.13185761691927908,1.1696543124869465,0.501635730266571,-0.29721853137016296,0.29854801297187805,,,,,,
1764809258.434454,,,,,,,0.0443233847618103,-0.02259242534637451,-0.15973740816116333,-0.3776474595069885,0.4415077269077301,-0.4227052628993988
1764809258.434922,-0.5213163687109947,-0.1339835230320692,1.1018912743374705,0.46767479181289673,-0.2635144591331482,0.3162118196487427,,,,,,
1764809258.444483,,,,,,,0.02427440881729126,-0.06193104386329651,-0.15350741147994995,-0.4520278871059418,0.40015095472335815,-0.4419727027416229
1764809258.444973,-0.5476137162670492,-0.19464988091886043,1.0272858229473232,0.44809308648109436,-0.1988188475370407,0.3180403411388397,,,,,,
1764809258.454513,,,,,,,0.002831757068634033,-0.07048285007476807,-0.14697492122650146,-0.5331275463104248,0.3967660963535309,-0.4736699163913727
1764809258.455025,-0.4514981515973806,-0.2714952201902866,0.9681383451908826,0.4267047345638275,-0.1305956244468689,0.30984437465667725,,,,,,
1764809258.464544,,,,,,,0.005677938461303711,-0.046571046113967896,-0.1539292335510254,-0.5869014859199524,0.40421175956726074,-0.4847882091999054
1764809258.465078,-0.31661651068180796,-0.3030167321354151,0.9496046173736452,0.3990907073020935,-0.09955380856990814,0.3010503649711609,,,,,,
1764809258.474574,,,,,,,0.02744191884994507,-0.01685190200805664,-0.1721755862236023,-0.5631074905395508,0.36357057094573975,-0.46712425351142883
1764809258.47513,-0.28713030395656824,-0.3173375184327364,0.9720806530758738,0.370585560798645,-0.11798092722892761,0.29242655634880066,,,,,,
1764809258.484604,,,,,,,0.04530835151672363,0.001578688621520996,-0.18602138757705688,-0.46474689245224,0.28128582239151,-0.4484160840511322
1764809258.485183,-0.32329759588092566,-0.344433030629158,0.9991668129220604,0.34211528301239014,-0.14159464836120605,0.284103125333786,,,,,,
1764809258.494634,,,,,,,0.04346972703933716,0.0101470947265625,-0.1867370456457138,-0.32862740755081177,0.20984305441379547,-0.429562509059906
1764809258.495234,-0.3069701459363103,-0.38183600182831284,1.0298366764739155,0.306579053401947,-0.14365419745445251,0.2841106355190277,,,,,,
1764809258.504664,,,,,,,0.03156757354736328,0.009269297122955322,-0.18210506439208984,-0.1887488067150116,0.18042178452014923,-0.40506699681282043
1764809258.505286,-0.2360933596804738,-0.40339375364184377,1.0508997766382993,0.2654387950897217,-0.12726323306560516,0.29075735807418823,,,,,,
1764809258.514695,,,,,,,0.023725032806396484,0.0036878883838653564,-0.17427361011505127,-0.072364941239357,0.1736384481191635,-0.37814217805862427
1764809258.515338,-0.18620821578800678,-0.4016454486697912,1.070974158026278,0.22439181804656982,-0.11073531955480576,0.29462316632270813,,,,,,
1764809258.524725,,,,,,,0.02522188425064087,-0.013563871383666992,-0.16471534967422485,0.013342762365937233,0.1558256298303604,-0.34012192487716675
1764809258.525391,-0.2017427617892623,-0.35125849273502824,1.0902341542914509,0.19103093445301056,-0.086041159927845,0.2917770445346832,,,,,,
1764809258.534755,,,,,,,0.028583645820617676,-0.03949597477912903,-0.1574012041091919,0.06875355541706085,0.12651993334293365,-0.30653679370880127
1764809258.535443,-0.23219372189342974,-0.2811556134611368,1.071209135825932,0.17129579186439514,-0.046657074242830276,0.2805662453174591,,,,,,
1764809258.544785,,,,,,,0.028324484825134277,-0.05238598585128784,-0.14989811182022095,0.07312238961458206,0.1147218644618988,-0.28279030323028564
1764809258.545496,-0.27486528114527464,-0.18010580725967884,1.0123638558864594,0.15495090186595917,-0.00243741599842906,0.2643880844116211,,,,,,
1764809258.554815,,,,,,,0.029239952564239502,-0.05446133017539978,-0.14236021041870117,0.06126706302165985,0.11317270249128342,-0.25768575072288513
1764809258.555547,-0.24609569825679062,-0.11904723518490791,0.971289502698183,0.13690447807312012,0.0246402807533741,0.24447016417980194,,,,,,
1764809258.564846,,,,,,,0.03523385524749756,-0.05472421646118164,-0.13853299617767334,0.06627398729324341,0.10443620383739471,-0.23508231341838837
1764809258.565599,-0.23199176958054302,-0.0913712927520275,0.9802605985306203,0.11626230925321579,0.02410445176064968,0.22367167472839355,,,,,,
1764809258.574876,,,,,,,0.04053354263305664,-0.04935792088508606,-0.13237076997756958,0.08910366892814636,0.07760165631771088,-0.21581141650676727
1764809258.575652,-0.22953560860008,-0.07933131086826324,0.9695826987802981,0.09603192657232285,0.01216395478695631,0.2033642828464508,,,,,,
1764809258.584906,,,,,,,0.040784478187561035,-0.04422074556350708,-0.12117069959640503,0.11888563632965088,0.04767199233174324,-0.19534847140312195
1764809258.585705,-0.24064444711357355,-0.096765845271945,0.9396996016919612,0.07639084756374359,0.0034769894555211067,0.18678396940231323,,,,,,
1764809258.594936,,,,,,,0.039021849632263184,-0.04369744658470154,-0.11507284641265869,0.1481630951166153,0.03056997060775757,-0.1790453940629959
1764809258.595756,-0.2540571786552667,-0.08226151910126209,0.8787802919574081,0.05671338737010956,0.008944166824221611,0.17482610046863556,,,,,,
1764809258.604966,,,,,,,0.03499084711074829,-0.04057568311691284,-0.11038470268249512,0.1708434820175171,0.025909971445798874,-0.1646219789981842
1764809258.605808,-0.27309534886330367,-0.024320786786079407,0.8043082576885819,0.03866168111562729,0.02246849797666073,0.16759029030799866,,,,,,
1764809258.614996,,,,,,,0.03529566526412964,-0.0349670946598053,-0.10852217674255371,0.19447077810764313,0.021961834281682968,-0.1477428674697876
1764809258.615861,-0.311290054962039,0.020484569624066352,0.7479372589081525,0.024003855884075165,0.03785451501607895,0.16018046438694,,,,,,
1764809258.625027,,,,,,,0.04192161560058594,-0.026337623596191406,-0.10924887657165527,0.22835275530815125,0.010990144684910774,-0.13678017258644104
1764809258.625913,-0.4083139666482806,0.0728057084918022,0.6999402668498456,0.009661669842898846,0.06805156171321869,0.15675725042819977,,,,,,
1764809258.635057,,,,,,,0.045057833194732666,-0.01896798610687256,-0.10094594955444336,0.25824326276779175,-0.0023474986664950848,-0.12757815420627594
1764809258.635965,-0.47603638052642344,0.10812544367611407,0.6425901939041913,-0.006817064248025417,0.10812370479106903,0.15839113295078278,,,,,,
1764809258.645087,,,,,,,0.04635810852050781,-0.018546193838119507,-0.09030568599700928,0.28918740153312683,-0.021393895149230957,-0.11959405243396759
1764809258.646017,-0.5181345238044858,0.12146306415498256,0.588323620057106,-0.021506529301404953,0.14630119502544403,0.16221170127391815,,,,,,
1764809258.655117,,,,,,,0.0462338924407959,-0.02534198760986328,-0.07733666896820068,0.3186286389827728,-0.036477770656347275,-0.11630132049322128
1764809258.65607,-0.5218710799843073,0.15995441511273384,0.5445356239959597,-0.033773791044950485,0.17754106223583221,0.1682101935148239,,,,,,
1764809258.665147,,,,,,,0.0436478853225708,-0.031233519315719604,-0.06749731302261353,0.3317447900772095,-0.0481346920132637,-0.11455275863409042
1764809258.666122,-0.4827221419006586,0.20184651442468166,0.48842912137061356,-0.041295889765024185,0.20615139603614807,0.17083393037319183,,,,,,
1764809258.675178,,,,,,,0.039897620677948,-0.034911662340164185,-0.057829853147268295,0.32715269923210144,-0.06227288022637367,-0.1155751422047615
1764809258.676174,-0.44399142922908064,0.2238736373156309,0.46345834624320265,-0.03959839418530464,0.22930143773555756,0.16628850996494293,,,,,,
1764809258.685208,,,,,,,0.03150665760040283,-0.04060530662536621,-0.0475570484995842,0.306300550699234,-0.07182830572128296,-0.11625052988529205
1764809258.686226,-0.3947624111577868,0.24175182383358476,0.3993452089034021,-0.03807400166988373,0.23968349397182465,0.15638208389282227,,,,,,
1764809258.695238,,,,,,,0.02377265691757202,-0.04409328103065491,-0.042359359562397,0.27772456407546997,-0.07574901729822159,-0.11465556174516678
1764809258.696278,-0.33601971480995413,0.19350363349318503,0.37017040621489283,-0.039044082164764404,0.24265262484550476,0.14643144607543945,,,,,,
1764809258.705268,,,,,,,0.01789802312850952,-0.0439782440662384,-0.04087179899215698,0.24808983504772186,-0.07206559926271439,-0.11312670260667801
1764809258.706331,-0.3129065502479672,0.1359527772784233,0.3479813707605004,-0.04441887140274048,0.23839104175567627,0.13643154501914978,,,,,,
1764809258.715298,,,,,,,0.014075279235839844,-0.041386425495147705,-0.04102027043700218,0.22490116953849792,-0.07541798055171967,-0.11642689257860184
1764809258.716383,-0.3099351332217455,0.04829729017913341,0.3043874359667301,-0.0550844632089138,0.230584055185318,0.13302835822105408,,,,,,
1764809258.725329,,,,,,,0.015170633792877197,-0.04241499304771423,-0.04193371161818504,0.21434468030929565,-0.08173686265945435,-0.1139281839132309
1764809258.726435,-0.27078970226943494,0.0004927519530057906,0.2556397716715932,-0.06585987657308578,0.21914444863796234,0.13014629483222961,,,,,,
1764809258.735359,,,,,,,0.013532519340515137,-0.04242449998855591,-0.03953307867050171,0.21131587028503418,-0.09435572475194931,-0.10983463376760483
1764809258.736487,-0.23303251080513,-0.04618775067925453,0.20526874395832417,-0.07833448797464371,0.20821353793144226,0.12621301412582397,,,,,,
1764809258.745389,,,,,,,0.007612168788909912,-0.0419345498085022,-0.037379808723926544,0.2059156447649002,-0.10313456505537033,-0.10240488499403
1764809258.746539,-0.2091141673400998,-0.07500175723135472,0.15650690500736236,-0.0904441550374031,0.19952897727489471,0.11519899219274521,,,,,,
1764809258.755419,,,,,,,0.005385041236877441,-0.041819363832473755,-0.030053727328777313,0.19783055782318115,-0.10408744215965271,-0.08952131122350693
1764809258.756593,-0.20099778864085674,-0.10282909083366393,0.10789484979063271,-0.10351084917783737,0.19745706021785736,0.10103356838226318,,,,,,
1764809258.765449,,,,,,,0.002546370029449463,-0.042631953954696655,-0.021968118846416473,0.1888601928949356,-0.10429251194000244,-0.07146594673395157
1764809258.766644,-0.17512860336899758,-0.09901800811290741,0.05754647230058908,-0.11330489069223404,0.19711697101593018,0.0882171019911766,,,,,,
1764809258.77548,,,,,,,0.0006261467933654785,-0.042567938566207886,-0.013114459812641144,0.17643389105796814,-0.11536113917827606,-0.05336390435695648
1764809258.776696,-0.11451689827889204,-0.06982640042006968,0.008825111490488051,-0.11838188767433167,0.1919441521167755,0.07683384418487549,,,,,,
1764809258.78551,,,,,,,-0.0009749531745910645,-0.04372173547744751,-0.006465315818786621,0.16359999775886536,-0.12482015788555145,-0.0353512167930603
1764809258.786748,-0.08895487926006317,-0.05868716676831245,-0.03647533496022224,-0.12036674469709396,0.18088243901729584,0.0636219009757042,,,,,,
1764809258.79554,,,,,,,-0.0033887624740600586,-0.04514840245246887,0.0008154511451721191,0.14269177615642548,-0.12063659727573395,-0.012904229573905468
1764809258.7968,-0.06475216589570044,-0.051069092980027195,-0.09487184821888804,-0.12437080591917038,0.16535025835037231,0.046207405626773834,,,,,,
1764809258.80557,,,,,,,-0.002020418643951416,-0.047300249338150024,0.005617327988147736,0.1138262003660202,-0.11831644922494888,0.008500594645738602
1764809258.806853,-0.017299802108108997,-0.03345277226865291,-0.13604483947604895,-0.12616683542728424,0.150560662150383,0.023873338475823402,,,,,,
1764809258.8156,,,,,,,0.0008667707443237305,-0.04875531792640686,0.012897729873657227,0.08434101194143295,-0.1211971864104271,0.0287677813321352
1764809258.816905,0.038787411294877526,-0.004371639212965965,-0.15169570533335208,-0.1280054897069931,0.13217417895793915,-0.0022285236045718193,,,,,,
1764809258.825631,,,,,,,0.002713024616241455,-0.04864963889122009,0.02029019594192505,0.05419854074716568,-0.12642763555049896,0.04488583281636238
1764809258.826957,0.09401040908396244,0.03851940800845623,-0.1913864952087402,-0.12707418203353882,0.10822250694036484,-0.02374633215367794,,,,,,
1764809258.835661,,,,,,,0.001677095890045166,-0.045832663774490356,0.01745743304491043,0.02608807384967804,-0.1329641044139862,0.06671256572008133
1764809258.837009,0.12314531815350055,0.050123921084403986,-0.20421821199208498,-0.12281019985675812,0.07552102208137512,-0.046949923038482666,,,,,,
1764809258.845691,,,,,,,-0.0023207664489746094,-0.04153195023536682,0.017707817256450653,-0.003932906314730644,-0.13090814650058746,0.08566075563430786
1764809258.847062,0.13204846331626177,0.038297874212265014,-0.2197670787796378,-0.12052349746227264,0.043206196278333664,-0.06838171184062958,,,,,,
1764809258.855721,,,,,,,-0.0047705769538879395,-0.037844449281692505,0.02007346600294113,-0.032337117940187454,-0.12722179293632507,0.09967244416475296
1764809258.857114,0.15726707572489976,0.02589782684445381,-0.23227876982837914,-0.11948800832033157,0.006331605836749077,-0.08585529029369354,,,,,,
1764809258.865751,,,,,,,-0.008256971836090088,-0.035523295402526855,0.02450699359178543,-0.059772662818431854,-0.12288829684257507,0.11427941918373108
1764809258.867167,0.12444529483616351,-0.01612929702401161,-0.2302241753861308,-0.12121932953596115,-0.027194662019610405,-0.09986963868141174,,,,,,
1764809258.875781,,,,,,,-0.011813521385192871,-0.03464853763580322,0.03138852119445801,-0.0864410251379013,-0.11637526750564575,0.12771454453468323
1764809258.877218,0.11826835976690053,-0.04145078528523445,-0.20207330891788006,-0.12023502588272095,-0.05390430614352226,-0.11139819771051407,,,,,,
1764809258.885812,,,,,,,-0.014434635639190674,-0.02988433837890625,0.032986097037792206,-0.11188241094350815,-0.10815435647964478,0.13386577367782593
1764809258.88727,0.08885229566842318,-0.042754269099235534,-0.2240343808352947,-0.11457394063472748,-0.07518109679222107,-0.12181834876537323,,,,,,
1764809258.895842,,,,,,,-0.01697230339050293,-0.022811323404312134,0.03422396630048752,-0.12457983195781708,-0.09910573810338974,0.1417098492383957
1764809258.897323,0.05389934796988964,-0.03931611134409904,-0.24799627118110656,-0.10511104017496109,-0.08956506848335266,-0.1301194131374359,,,,,,
1764809258.905872,,,,,,,-0.019277870655059814,-0.01823320984840393,0.03285574913024902,-0.1374109983444214,-0.09066431224346161,0.15100201964378357
1764809258.907375,0.01791238104850054,-0.01333820500075817,-0.2669192905768752,-0.0938759595155716,-0.09861475974321365,-0.13945911824703217,,,,,,
1764809258.915902,,,,,,,-0.02068871259689331,-0.011236220598220825,0.0316891074180603,-0.14075219631195068,-0.07584382593631744,0.15350060164928436
1764809258.917427,-0.05561725780367851,-0.027886954835057258,-0.26405191844701764,-0.08922161161899567,-0.1017565056681633,-0.14674215018749237,,,,,,
1764809258.925932,,,,,,,-0.01814204454421997,-0.003077179193496704,0.03144199401140213,-0.1330552101135254,-0.0613492988049984,0.1552562713623047
1764809258.92748,-0.09317571182548999,-0.028643326160311698,-0.2784007617950439,-0.08350646495819092,-0.09810078889131546,-0.15042050182819366,,,,,,
1764809258.935963,,,,,,,-0.01371610164642334,0.0008195638656616211,0.031024694442749023,-0.1250457614660263,-0.053998176008462906,0.16178128123283386
1764809258.937532,-0.11977321137189864,-0.007476034969091415,-0.29887159515470263,-0.0744377076625824,-0.08540677279233932,-0.15058539807796478,,,,,,
1764809258.945993,,,,,,,-0.012750864028930664,0.0011694133281707764,0.036157555878162384,-0.11664637178182602,-0.052790965884923935,0.16427753865718842
1764809258.947585,-0.12512246344536543,0.023954876083135603,-0.33311814814954993,-0.0643315389752388,-0.06588713824748993,-0.1497209370136261,,,,,,
1764809258.956023,,,,,,,-0.01624131202697754,0.003930717706680298,0.0381627157330513,-0.10691197961568832,-0.04319586232304573,0.16349004209041595
1764809258.957636,-0.10997779354453086,0.0594476297467947,-0.33584757311344143,-0.0484863743185997,-0.04410437494516373,-0.1486094743013382,,,,,,
1764809258.966053,,,,,,,-0.0196264386177063,0.008361369371414185,0.032743871212005615,-0.09749533981084824,-0.0276789553463459,0.16301527619361877
1764809258.967689,-0.10688362692147493,0.05518120447397232,-0.3378118589237332,-0.03116437792778015,-0.027116872370243073,-0.14697669446468353,,,,,,
1764809258.976083,,,,,,,-0.019860029220581055,0.015151917934417725,0.030869968235492706,-0.08445996046066284,-0.010148163884878159,0.16370050609111786
1764809258.97774,-0.09084317722469568,0.07286883685588837,-0.32081279332786794,-0.016403164714574814,-0.016282150521874428,-0.14587801694869995,,,,,,
1764809258.986114,,,,,,,-0.019482433795928955,0.018398761749267578,0.03366124629974365,-0.06436482071876526,0.003823311533778906,0.15785665810108185
1764809258.987793,-0.07409428699761629,0.0392787019431591,-0.26781419358998537,-0.0055369362235069275,-0.014417405240237713,-0.14161430299282074,,,,,,
1764809258.996144,,,,,,,-0.01983243227005005,0.02102982997894287,0.03133619576692581,-0.04481242969632149,0.016178514808416367,0.15147945284843445
1764809258.997845,-0.04531505949795246,0.021543138766288755,-0.21722499308139084,0.008425004780292511,-0.013246780261397362,-0.1370847523212433,,,,,,
1764809259.006174,,,,,,,-0.020493745803833008,0.022286921739578247,0.028037481009960175,-0.028934981673955917,0.02528652548789978,0.1496185064315796
1764809259.007897,-0.03539923016130924,0.004008651119470596,-0.19176146600097416,0.01919562742114067,-0.009956710040569305,-0.12638737261295319,,,,,,
1764809259.016204,,,,,,,-0.022224843502044678,0.021718204021453857,0.025862805545330048,-0.019175829365849495,0.04110117629170418,0.1385277658700943
1764809259.017949,-0.009017419192194938,-0.004872574472427368,-0.16803893736898898,0.03263234347105026,-0.007319683209061623,-0.11610404402017593,,,,,,
1764809259.026234,,,,,,,-0.021049916744232178,0.022498667240142822,0.02092783898115158,-0.009033732116222382,0.060688458383083344,0.12765714526176453
1764809259.028003,-0.0017106033101677894,-0.002094341930747032,-0.14079320304691792,0.044011496007442474,-0.00239177024923265,-0.10728499293327332,,,,,,
1764809259.036265,,,,,,,-0.019963085651397705,0.025484353303909302,0.013957977294921875,0.001558991614729166,0.07124948501586914,0.12231218069791794
1764809259.038054,-0.01866787559092045,0.004825228199362755,-0.1396156837001443,0.05539480596780777,0.009851339273154736,-0.10088034719228745,,,,,,
1764809259.046295,,,,,,,-0.019567131996154785,0.030248939990997314,0.006762027740478516,0.014209418557584286,0.07578139007091522,0.11271481215953827
1764809259.048106,-0.030703473560512066,-0.016306991678476334,-0.13033435287475587,0.06126920506358147,0.02555892989039421,-0.09447012096643448,,,,,,
1764809259.056325,,,,,,,-0.02063155174255371,0.034114450216293335,0.0003204345703125,0.030878674238920212,0.08535252511501312,0.10427924990653992
1764809259.058158,-0.06259440333992243,-0.06266191561818123,-0.1405649472489953,0.06570672243833542,0.04232627525925636,-0.08327430486679077,,,,,,
1764809259.066355,,,,,,,-0.01992189884185791,0.03505277633666992,-0.0037229135632514954,0.05143296346068382,0.0957375168800354,0.09523096680641174
1764809259.06821,-0.043344051685929294,-0.07438800924718379,-0.12957681250572203,0.07032544910907745,0.05442395061254501,-0.0722149983048439,,,,,,
1764809259.076385,,,,,,,-0.015000700950622559,0.03615662455558777,-0.007103748619556427,0.0697706937789917,0.09786165505647659,0.0853077620267868
1764809259.078263,-0.004547288040816784,-0.0678086308568716,-0.11606792711317539,0.06994621455669403,0.06794555485248566,-0.05896059051156044,,,,,,
1764809259.086415,,,,,,,-0.013280987739562988,0.03615346550941467,-0.007693350315093994,0.08127076178789139,0.09339527040719986,0.07211745530366898
1764809259.088315,0.021124036571383474,-0.04007482075691223,-0.09074117815494537,0.0720122903585434,0.07382448762655258,-0.043158192187547684,,,,,,
1764809259.096446,,,,,,,-0.011974632740020752,0.0343511700630188,-0.00891643762588501,0.08490198850631714,0.09204957634210587,0.060497015714645386
1764809259.098367,0.012647007866203784,-0.06043138008713722,-0.06681552816629409,0.07041274756193161,0.07377570122480392,-0.029603509232401848,,,,,,
1764809259.106476,,,,,,,-0.0067716240882873535,0.03196150064468384,-0.01379740983247757,0.08394499123096466,0.09649119526147842,0.04874169081449509
1764809259.108419,0.05937661033719778,-0.027248656931519507,-0.06058452482223511,0.06706222146749496,0.06901530176401138,-0.017867224290966988,,,,,,
1764809259.116506,,,,,,,0.0005217194557189941,0.030780553817749023,-0.014200322329998016,0.07318581640720367,0.08874405920505524,0.03331746160984039
1764809259.118471,0.08223959953039885,0.0229354699075222,-0.03566811023056507,0.06480460613965988,0.06029858440160751,-0.007604190148413181,,,,,,
1764809259.126536,,,,,,,0.0037567615509033203,0.027879297733306885,-0.014189772307872772,0.05824189633131027,0.06972535699605942,0.013039619661867619
1764809259.128524,0.09959405443519354,0.03300502850115299,-0.026240064410865304,0.06636974215507507,0.048037122935056686,0.001965080387890339,,,,,,
1764809259.136567,,,,,,,0.001969277858734131,0.02534550428390503,-0.016921214759349823,0.03973399102687836,0.05675337091088295,0.0002769527491182089
1764809259.138576,0.11139613590985536,0.025820085433125493,-0.00772854842543602,0.06539183109998703,0.03257359564304352,0.011071262881159782,,,,,,
1764809259.146597,,,,,,,-0.0006582140922546387,0.025712043046951294,-0.020938865840435028,0.02410443127155304,0.0562329925596714,-0.01622505858540535
1764809259.148628,0.10377367820739745,0.020675708281993863,0.0002256254494190216,0.06150894612073898,0.017688125371932983,0.01682422310113907,,,,,,
1764809259.156627,,,,,,,-0.001075148582458496,0.02620166540145874,-0.02664678543806076,0.012283725664019585,0.06131696701049805,-0.032600037753582
1764809259.15868,0.09536474630236626,-0.007750175735354423,0.028261633366346357,0.055352140218019485,0.0055160210467875,0.027368512004613876,,,,,,
1764809259.166657,,,,,,,0.00021690130233764648,0.025383561849594116,-0.028209388256072998,0.004788368474692106,0.05608918145298958,-0.04722179099917412
1764809259.168733,0.1236114743605256,-0.03180792767107486,0.04600567211061716,0.04621749743819237,-0.006553957238793373,0.03641047701239586,,,,,,
1764809259.176687,,,,,,,0.0024031996726989746,0.023737937211990356,-0.024036526679992676,-0.001369924983009696,0.045241061598062515,-0.05846858397126198
1764809259.178785,0.12524667434692383,-0.0444680872797966,0.082474285069108,0.039473630487918854,-0.013943205587565899,0.047462254762649536,,,,,,
1764809259.186717,,,,,,,-0.00028079748153686523,0.021723121404647827,-0.021448321640491486,-0.006976870819926262,0.039091553539037704,-0.06578955054283142
1764809259.188837,0.11947685877382755,-0.02586684718430042,0.08254471995681524,0.03542402759194374,-0.02294335886836052,0.05868854373693466,,,,,,
1764809259.196748,,,,,,,-0.0008131861686706543,0.02064231038093567,-0.0236051082611084,-0.01367099303752184,0.03577139228582382,-0.07211242616176605
1764809259.198889,0.1247618134394288,-0.006882160729169845,0.07777531359791755,0.034809261560440063,-0.029526609927415848,0.07058689743280411,,,,,,
1764809259.206778,,,,,,,0.0030217766761779785,0.01977112889289856,-0.028879471123218536,-0.01979948580265045,0.031208597123622894,-0.07949917018413544
1764809259.208941,0.09069090927243233,0.03467851467132568,0.07600538131594657,0.035484906286001205,-0.03454027697443962,0.0768250823020935,,,,,,
1764809259.216808,,,,,,,0.008715808391571045,0.018781006336212158,-0.03577989339828491,-0.02225758507847786,0.025334462523460388,-0.08913235366344452
1764809259.218994,0.05782996541708708,0.0490472317636013,0.04936199680119752,0.030396513640880585,-0.033849895000457764,0.0812171995639801,,,,,,
1764809259.226838,,,,,,,0.009854555130004883,0.018001079559326172,-0.034644775092601776,-0.018666669726371765,0.015694351866841316,-0.09981343150138855
1764809259.229046,0.032867958118021484,0.02374678629040718,0.0666717357814312,0.021738311275839806,-0.03207729384303093,0.08549903333187103,,,,,,
1764809259.236868,,,,,,,0.00738680362701416,0.014369189739227295,-0.0265006422996521,-0.01676543988287449,0.004625455942004919,-0.10992199182510376
1764809259.239098,-0.004182838642597198,-0.00158639240860939,0.09307458953857421,0.01702328771352768,-0.028871962800621986,0.08708978444337845,,,,,,
1764809259.246899,,,,,,,0.002179086208343506,0.011594057083129883,-0.02377563714981079,-0.020542489364743233,-0.0027533643878996372,-0.1111041009426117
1764809259.249151,-0.04946896430701017,-0.03416296636462211,0.10251841744929552,0.015683718025684357,-0.024166690185666084,0.0934816375374794,,,,,,
1764809259.256929,,,,,,,-0.0018327832221984863,0.009029984474182129,-0.02404940128326416,-0.02268979698419571,0.0017063649138435721,-0.11772951483726501
1764809259.259203,-0.05845832644850015,-0.02917348751425743,0.10465309139043093,0.016610071063041687,-0.016440581530332565,0.1009669080376625,,,,,,
1764809259.266959,,,,,,,-0.002195894718170166,0.0069134533405303955,-0.02701903134584427,-0.01519712433218956,0.0029812201391905546,-0.12431810796260834
1764809259.269255,-0.06627046150416135,0.005672200417518616,0.08086129691451788,0.020816000178456306,-0.010011445730924606,0.10306521505117416,,,,,,
1764809259.276989,,,,,,,-0.0014176368713378906,0.004498988389968872,-0.0297318696975708,-0.006418013013899326,0.0014451087918132544,-0.12253298610448837
1764809259.279307,-0.09118833740055561,-0.012092004331946373,0.08596797240376472,0.0197736918926239,0.0008040844113565981,0.10539764910936356,,,,,,
1764809259.287019,,,,,,,-0.0007838606834411621,0.004109591245651245,-0.03054989129304886,0.007300785277038813,0.003523972351104021,-0.12078981846570969
1764809259.289359,-0.09003858284354209,-0.04762333644032478,0.11553104375749826,0.012246799655258656,0.012025313451886177,0.10957188904285431,,,,,,
1764809259.29705,,,,,,,-0.00025713443756103516,0.002395421266555786,-0.027007266879081726,0.02069675177335739,0.0028656390495598316,-0.12347455322742462
1764809259.299411,-0.08114479003101586,-0.06494739620685577,0.11897387768775224,0.0068879881873726845,0.021679122000932693,0.11252325028181076,,,,,,
1764809259.30708,,,,,,,-0.00054168701171875,-0.00147247314453125,-0.023759372532367706,0.03568369150161743,-0.00176213588565588,-0.11994213610887527
1764809259.309465,-0.0950640097901225,-0.0705406861692667,0.1276113576516509,0.006879998371005058,0.029273657128214836,0.11549613624811172,,,,,,
1764809259.31711,,,,,,,-0.0006313323974609375,-0.004416972398757935,-0.024091415107250214,0.04783516004681587,-0.004742213524878025,-0.11345227807760239
1764809259.319516,-0.08600421276092529,-0.03267594267725944,0.1022989294797182,0.004933972842991352,0.03781972825527191,0.11431626975536346,,,,,,
1764809259.32714,,,,,,,0.0007690191268920898,-0.007415831089019775,-0.02478080987930298,0.05095408111810684,-0.002524865325540304,-0.10833428055047989
1764809259.329569,-0.09708236387521028,-0.007149287232756614,0.06845774241536855,0.005271662026643753,0.04384379833936691,0.11041447520256042,,,,,,
1764809259.33717,,,,,,,0.005037963390350342,-0.012077867984771729,-0.024862714111804962,0.0483577698469162,-0.0016505494713783264,-0.10354378074407578
1764809259.33962,-0.08221680317670106,-0.000761047500371933,0.06461977168768644,0.0025335061363875866,0.048568159341812134,0.10112148523330688,,,,,,
1764809259.3472,,,,,,,0.007913172245025635,-0.01436704397201538,-0.027288012206554413,0.040456462651491165,-0.005789901129901409,-0.09623613953590393
1764809259.349672,-0.0914347133770585,0.0063525838971138,0.057552902041375635,-0.0015872027724981308,0.05080867558717728,0.09408116340637207,,,,,,
1764809259.357231,,,,,,,0.008622527122497559,-0.016895145177841187,-0.025430314242839813,0.03676425665616989,-0.009436034597456455,-0.09402598440647125
1764809259.359725,-0.06819295399934053,0.02761807476580143,0.08404021921157837,-0.007460590917617083,0.04320891574025154,0.08896519243717194,,,,,,
1764809259.367261,,,,,,,0.006190121173858643,-0.018191397190093994,-0.021455049514770508,0.038282569497823715,-0.016267042607069016,-0.09300266206264496
1764809259.369777,-0.03185527394413948,0.019583821392059324,0.09630845689326524,-0.01049899123609066,0.028730638325214386,0.08723786473274231,,,,,,
1764809259.377291,,,,,,,0.004179775714874268,-0.01810932159423828,-0.020370714366436005,0.03772969916462898,-0.01695440337061882,-0.08963961899280548
1764809259.379829,-0.025929098765552043,-0.01737199056148529,0.08869798188954592,-0.01589072123169899,0.006717190146446228,0.08795131742954254,,,,,,
1764809259.387322,,,,,,,0.002127528190612793,-0.020161151885986328,-0.019157640635967255,0.036762785166502,-0.018649239093065262,-0.08321195095777512
1764809259.389881,-0.04879851769953966,-0.03533960892856121,0.0966349123686552,-0.0202319398522377,-0.009178952313959599,0.08685436099767685,,,,,,
1764809259.397351,,,,,,,4.965066909790039e-05,-0.024600595235824585,-0.01573789119720459,0.02731761708855629,-0.024792619049549103,-0.08199115842580795
1764809259.399934,-0.1239881987184286,-0.04249766398966312,0.07286649876832961,-0.022709209471940994,-0.01751864142715931,0.08358506858348846,,,,,,
1764809259.407382,,,,,,,0.00013136863708496094,-0.025812089443206787,-0.014878571033477783,0.01405785046517849,-0.02701263129711151,-0.07889170199632645
1764809259.409986,-0.17508944040238855,-0.04211597119569778,0.009880758023262024,-0.023735325783491135,-0.013368903659284115,0.0766664445400238,,,,,,
1764809259.417412,,,,,,,-0.0005824565887451172,-0.02749618887901306,-0.013499505817890167,0.0036406288854777813,-0.026390250772237778,-0.07661203294992447
1764809259.420038,-0.2193330712765455,-0.02946750202476978,-0.009219371505081652,-0.0247813630849123,-0.0025481046177446842,0.07047395408153534,,,,,,
1764809259.427443,,,,,,,-0.0023865103721618652,-0.02691790461540222,-0.012131094932556152,0.00026237103156745434,-0.025099150836467743,-0.07551108300685883
1764809259.43009,-0.2532879478484392,-0.017607552883028982,-0.022957974000275133,-0.025492161512374878,0.01388972532004118,0.06307515501976013,,,,,,
1764809259.437473,,,,,,,-0.0022017955780029297,-0.02519744634628296,-0.00978386402130127,0.006403353996574879,-0.027984682470560074,-0.07153525203466415
1764809259.440142,-0.2691810980290174,-0.012149871999025345,-0.027633856856822965,-0.02528885379433632,0.028484202921390533,0.05495014414191246,,,,,,
1764809259.447503,,,,,,,-0.002311885356903076,-0.02377408742904663,-0.0057326555252075195,0.014767983928322792,-0.030763160437345505,-0.06296700239181519
1764809259.450195,-0.2422963059738278,-0.01914659901857376,-0.03023965544104576,-0.023284293711185455,0.035364482551813126,0.049202512949705124,,,,,,
1764809259.457534,,,,,,,-0.0029131174087524414,-0.023209869861602783,-0.00488203763961792,0.021059436723589897,-0.02851838245987892,-0.049345992505550385
1764809259.460248,-0.20992869859337807,-0.006513911938667297,-0.014773498500883579,-0.023151613771915436,0.036566056311130524,0.045833803713321686,,,,,,
1764809259.467564,,,,,,,8.344650268554688e-05,-0.025111258029937744,-0.006177663803100586,0.028200719505548477,-0.02934049814939499,-0.03688732907176018
1764809259.470299,-0.15677899994701147,0.011193009665608405,-0.0022080314382910728,-0.0224517360329628,0.032542020082473755,0.03991492837667465,,,,,,
1764809259.477594,,,,,,,-0.00016421079635620117,-0.02729448676109314,-0.003983549773693085,0.029328837990760803,-0.027973763644695282,-0.027354009449481964
1764809259.480351,-0.11617051070481538,-0.007677695021033286,-0.015460896243155001,-0.023410741239786148,0.028700295835733414,0.034082040190696716,,,,,,
1764809259.487624,,,,,,,0.0012609362602233887,-0.029274165630340576,-0.0017794370651245117,0.028330396860837936,-0.022054091095924377,-0.016603227704763412
1764809259.490404,-0.11300298658460378,-0.007864742025732993,-0.017830547983944414,-0.024294644594192505,0.025091713294386864,0.02507869154214859,,,,,,
1764809259.497654,,,,,,,0.0029376745223999023,-0.028837919235229492,-0.0003549531102180481,0.021782217547297478,-0.01846042275428772,-0.0072211772203445435
1764809259.500456,-0.09408259753733873,0.006401099213957786,-0.014798048420250415,-0.023252760991454124,0.020617617294192314,0.01604878343641758,,,,,,
1764809259.507685,,,,,,,0.0026063919067382812,-0.028634876012802124,0.002369105815887451,0.014455561526119709,-0.01755547896027565,-0.0018136953003704548
1764809259.510508,-0.09454173948168754,0.036353169885277745,-0.03834755857288837,-0.0244330745190382,0.017317427322268486,0.007317875977605581,,,,,,
1764809259.517715,,,,,,,0.0013980269432067871,-0.0266818106174469,0.002808026969432831,0.013700288720428944,-0.015349584631621838,0.008066365495324135
1764809259.520561,-0.10024141242802143,0.051048634713888166,-0.051665889829397196,-0.019725406542420387,0.011913169175386429,-0.002480877097696066,,,,,,
1764809259.527745,,,,,,,2.2709369659423828e-05,-0.024853050708770752,0.002603471279144287,0.007482578512281179,-0.013963141478598118,0.017078835517168045
1764809259.530613,-0.10389701232612132,0.056393502873182295,-0.07000380281358957,-0.015875274315476418,0.006351156625896692,-0.009221071377396584,,,,,,
1764809259.537775,,,,,,,-0.00014257431030273438,-0.022938281297683716,-0.0021680518984794617,0.0010558380745351315,-0.015955720096826553,0.023866700008511543
1764809259.540666,-0.10528583633601665,0.05491933866739273,-0.06603782179206609,-0.015446236357092857,-0.006244773976504803,-0.016039615496993065,,,,,,
1764809259.547805,,,,,,,0.00015097856521606445,-0.023592859506607056,-0.002810351550579071,-0.007208217401057482,-0.014810825698077679,0.02378574013710022
1764809259.550718,-0.11988076339960098,0.014871990439295768,-0.04786474398076534,-0.017348265275359154,-0.01835576444864273,-0.01776401326060295,,,,,,
1764809259.557836,,,,,,,-0.0023093223571777344,-0.021681129932403564,-0.0003124997019767761,-0.017876042053103447,-0.007574218325316906,0.026648372411727905
1764809259.56077,-0.09833294845819472,-0.02443944472968578,-0.019693711507320404,-0.021413207054138184,-0.02980104833841324,-0.021343190222978592,,,,,,
1764809259.567866,,,,,,,-0.003138720989227295,-0.022286593914031982,0.002287141978740692,-0.0316862128674984,-0.009858678095042706,0.02965707890689373
1764809259.570822,-0.10951105281561613,-0.009084639209508895,-0.008318331012129783,-0.023455318063497543,-0.0375061072409153,-0.02764023467898369,,,,,,
1764809259.577896,,,,,,,-0.0018538236618041992,-0.020263999700546265,-0.0008075907826423645,-0.040997423231601715,-0.01586969941854477,0.03266005963087082
1764809259.580875,-0.13086831362098456,0.0022977555483579635,-0.019863515116274356,-0.024099646136164665,-0.037752214819192886,-0.02690400928258896,,,,,,
1764809259.587926,,,,,,,-0.0021347403526306152,-0.012612760066986084,-0.007903091609477997,-0.0456683523952961,-0.01575997844338417,0.028307855129241943
1764809259.590927,-0.09800386263430118,0.06541267563104629,-0.029861177517473695,-0.023937992751598358,-0.039256900548934937,-0.021363569423556328,,,,,,
1764809259.597955,,,,,,,-0.0013505816459655762,-0.00024622678756713867,-0.010908238589763641,-0.04409761726856232,-0.009358536452054977,0.026039905846118927
1764809259.600979,-0.09714432319551705,0.10907178461551666,-0.037438919295370576,-0.020354870706796646,-0.04680204391479492,-0.013911815360188484,,,,,,
1764809259.607986,,,,,,,0.0033193230628967285,0.004968523979187012,-0.011122822761535645,-0.030534258112311363,-0.0133737837895751,0.023292724043130875
1764809259.611031,-0.1235527299106121,0.06608955197930336,-0.004480944806337356,-0.01688583567738533,-0.04951314255595207,-0.007461372762918472,,,,,,
1764809259.618017,,,,,,,0.0044116973876953125,0.005569577217102051,-0.011003375053405762,-0.020746875554323196,-0.022529996931552887,0.01809077151119709
1764809259.621083,-0.1518424203276634,-0.004510755422711372,0.043425884750485415,-0.02303566224873066,-0.040115129202604294,-0.0027218186296522617,,,,,,
1764809259.628047,,,,,,,0.003319978713989258,0.00782400369644165,-0.011473894119262695,-0.023568226024508476,-0.019272953271865845,0.007332065608352423
1764809259.631136,-0.17898732462376354,-0.01710194144845009,0.04125993888825178,-0.025406140834093094,-0.021458087489008904,-0.0006091328104957938,,,,,,
1764809259.638077,,,,,,,0.0008146762847900391,0.009255170822143555,-0.011649243533611298,-0.02129894495010376,-0.014750371687114239,-0.0037778434343636036
1764809259.641188,-0.18982582176327703,0.026385318100452422,0.012313245867192745,-0.025701161473989487,-0.0024971982929855585,0.0004557296633720398,,,,,,
1764809259.648107,,,,,,,0.0012555122375488281,0.012313634157180786,-0.011104650795459747,-0.013360670767724514,-0.015332539565861225,-0.006918774917721748
1764809259.65124,-0.18240180924236774,0.05202712435722351,-0.013553601317107677,-0.018008088693022728,0.01793031208217144,0.004710129462182522,,,,,,
1764809259.658137,,,,,,,0.00022172927856445312,0.01728150248527527,-0.013051271438598633,0.003975176252424717,-0.016486220061779022,-0.012136440724134445
1764809259.661292,-0.14819792634546755,0.08452361881434917,-0.02494885555654764,-0.011761114001274109,0.0389835499227047,0.012522486038506031,,,,,,
1764809259.668168,,,,,,,-4.410743713378906e-06,0.018873900175094604,-0.016847915947437286,0.02499857172369957,-0.014750904403626919,-0.016721539199352264
1764809259.671345,-0.11352145750075578,0.06225567290484905,-0.012921440893411636,-0.012135021388530731,0.05264103785157204,0.019840054214000702,,,,,,
1764809259.678198,,,,,,,0.0014505386352539062,0.015380531549453735,-0.01684962958097458,0.04185371845960617,-0.015387666411697865,-0.01500806026160717
1764809259.681397,-0.0558507742986083,0.01623041931092739,0.011430325552821159,-0.014214418828487396,0.05573184788227081,0.02564825862646103,,,,,,
1764809259.688228,,,,,,,0.0016831159591674805,0.01374247670173645,-0.013970009982585907,0.04907279834151268,-0.022518012672662735,-0.02013564482331276
1764809259.691449,-0.036200317411124706,-0.02504091775417328,0.018624036449193953,-0.016781972721219063,0.05499335005879402,0.02884618379175663,,,,,,
1764809259.698258,,,,,,,-0.0011519789695739746,0.009576767683029175,-0.010975658893585205,0.049402229487895966,-0.02676841989159584,-0.021494124084711075
1764809259.701501,-0.003322422420978546,-0.026229250755906104,0.0025640052691102027,-0.020318172872066498,0.053572479635477066,0.03375576436519623,,,,,,
1764809259.708288,,,,,,,-0.00588303804397583,0.0041255950927734375,-0.011711180210113525,0.04432446509599686,-0.022337719798088074,-0.02359708771109581
1764809259.711553,0.008093290084600448,-0.03282441123723984,0.013226853580772876,-0.02158317342400551,0.05190028250217438,0.03504899516701698,,,,,,
1764809259.718319,,,,,,,-0.0050394535064697266,0.0012663602828979492,-0.010950326919555664,0.03518875688314438,-0.018787190318107605,-0.027290092781186104
1764809259.721606,0.00468903459906578,-0.019243629652261732,-9.410802423954009e-05,-0.019167311489582062,0.04855266213417053,0.03362686559557915,,,,,,
1764809259.728349,,,,,,,-0.004197537899017334,0.0027243494987487793,-0.009962499141693115,0.0249942559748888,-0.0234658345580101,-0.028546705842018127
1764809259.731658,0.011487900958955287,0.00027706337571144104,-0.010398936678469181,-0.016851160675287247,0.043335527181625366,0.03074985183775425,,,,,,
1764809259.738379,,,,,,,-0.006384074687957764,0.001127690076828003,-0.010237030684947968,0.017436206340789795,-0.027392398566007614,-0.025640133768320084
1764809259.74171,0.024663608874380585,-0.028689503389596936,-0.011607435685396194,-0.016748841851949692,0.03593142330646515,0.026257438585162163,,,,,,
1764809259.748409,,,,,,,-0.008175432682037354,0.0014607012271881104,-0.009909503161907196,0.015941621735692024,-0.024334821850061417,-0.025127073749899864
1764809259.751762,0.045941082441806794,-0.052914428585767746,0.0034919337689876553,-0.019477251917123795,0.027567502111196518,0.02557034231722355,,,,,,
1764809259.758439,,,,,,,-0.009558558464050293,0.0010535120964050293,-0.00886601209640503,0.018360037356615067,-0.02297474816441536,-0.026739617809653282
1764809259.761815,0.060901627947390076,-0.08711597339510917,-0.005763678093254566,-0.02156687341630459,0.015047057531774044,0.02355249971151352,,,,,,
1764809259.76847,,,,,,,-0.013191044330596924,0.0008136928081512451,-0.006664395332336426,0.015370097011327744,-0.02393188700079918,-0.024236047640442848
1764809259.771867,0.07077128005474806,-0.10513619873225688,-0.005483984369039535,-0.025020992383360863,0.005411740858107805,0.022924259305000305,,,,,,
1764809259.7785,,,,,,,-0.011835634708404541,-0.0006514191627502441,-0.00858665257692337,0.007791273761540651,-0.02176673710346222,-0.021192587912082672
1764809259.781919,0.08037497470229864,-0.11846329781711101,-0.014062135361135005,-0.026215367019176483,-0.0038643572479486465,0.022026430815458298,,,,,,
1764809259.78853,,,,,,,-0.00969010591506958,-0.0029717981815338135,-0.011674515902996063,0.001520578283816576,-0.01971503719687462,-0.015699483454227448
1764809259.791971,0.0558574963003397,-0.0997545056939125,-0.008613806827366352,-0.028046824038028717,-0.00882316380739212,0.019680719822645187,,,,,,
1764809259.79856,,,,,,,-0.008599042892456055,-0.0021517574787139893,-0.011718988418579102,-0.0034297052770853043,-0.020896416157484055,-0.013528473675251007
1764809259.802023,0.03570639641433954,-0.07346271109580993,-0.0075333181142807,-0.031104348599910736,-0.01048743724822998,0.01649821735918522,,,,,,
1764809259.80859,,,,,,,-0.007570385932922363,-0.0014370083808898926,-0.009059429168701172,-0.01020030677318573,-0.023386739194393158,-0.011502409353852272
1764809259.812076,0.047450902482867235,-0.07714110734760761,-0.025200199969112873,-0.032662030309438705,-0.016234537586569786,0.012939700856804848,,,,,,
1764809259.81862,,,,,,,-0.0060312747955322266,0.0004063844680786133,-0.006438322365283966,-0.014857644215226173,-0.026491452008485794,-0.008811017498373985
1764809259.822128,0.03537321893721819,-0.049154199269413945,-0.027838147257268426,-0.03139021247625351,-0.01706625334918499,0.010990072973072529,,,,,,
1764809259.828651,,,,,,,-0.006112813949584961,0.00021505355834960938,-0.0077214837074279785,-0.017292184755206108,-0.027702122926712036,-0.007524844259023666
1764809259.83218,0.03572276302725076,-0.0357452671200037,-0.017692016296088693,-0.030876753851771355,-0.023110564798116684,0.009989523328840733,,,,,,
1764809259.838681,,,,,,,-0.00404047966003418,-0.00018036365509033203,-0.010831773281097412,-0.02963913232088089,-0.03276639059185982,-0.008308080025017262
1764809259.842232,0.045102293530106544,-0.0071522098422050475,-0.022896891462802885,-0.03334220126271248,-0.03729917109012604,0.009754745289683342,,,,,,
1764809259.848711,,,,,,,-0.0007461905479431152,-0.003989160060882568,-0.01988375186920166,-0.06003066524863243,-0.0506063736975193,-0.012722069397568703
1764809259.852285,0.050721594716608524,-0.03267126650214195,0.024268472076952458,-0.044395916163921356,-0.06702776998281479,0.011063954792916775,,,,,,
1764809259.858741,,,,,,,-0.0012115240097045898,-0.015808165073394775,-0.02862858772277832,-0.10564448684453964,-0.06196688488125801,-0.0264208372682333
1764809259.862337,0.12337678882181644,-0.09275193345546721,0.07469605228304863,-0.06271994858980179,-0.12020668387413025,0.012991185300052166,,,,,,
1764809259.868771,,,,,,,0.000912785530090332,-0.02283775806427002,-0.02880960702896118,-0.17286881804466248,-0.06624285876750946,-0.04258982092142105
1764809259.872389,0.2209539504766464,-0.1534159532546997,0.10372750097811222,-0.08510728180408478,-0.18906298279762268,0.014167237095534801,,,,,,
1764809259.878802,,,,,,,0.006406009197235107,-0.023427098989486694,-0.03467947989702225,-0.24816863238811493,-0.07877649366855621,-0.049818702042102814
1764809259.882441,0.3033656917035579,-0.1750496929138899,0.16118980212658643,-0.10730947554111481,-0.2678021192550659,0.011419489979743958,,,,,,
1764809259.888831,,,,,,,0.013971984386444092,-0.02232813835144043,-0.042855747044086456,-0.31278812885284424,-0.11473636329174042,-0.05647620931267738
1764809259.892493,0.3227867237493396,-0.13984160141050814,0.20336831716448067,-0.12635108828544617,-0.3399149477481842,0.006610620766878128,,,,,,
1764809259.898862,,,,,,,0.019833266735076904,-0.01998293399810791,-0.05061071366071701,-0.36931878328323364,-0.14660587906837463,-0.06326620280742645
1764809259.902546,0.31685850274413824,-0.07678045734167098,0.2151169148862362,-0.1398082971572876,-0.39695867896080017,0.002943479921668768,,,,,,
1764809259.908892,,,,,,,0.022413015365600586,-0.018359839916229248,-0.06051093339920044,-0.40823832154273987,-0.1717810034751892,-0.06698071211576462
1764809259.912598,0.287975522609055,-0.016468904241919515,0.26935820816159245,-0.15740913152694702,-0.43603816628456116,-0.0023679283913224936,,,,,,
1764809259.918922,,,,,,,0.02423328161239624,-0.013685941696166992,-0.066169373691082,-0.43268507719039917,-0.1924266219139099,-0.07232887297868729
1764809259.92265,0.2013297970741987,0.011046879193186759,0.3697480891495943,-0.1710180938243866,-0.44731852412223816,-0.006825071293860674,,,,,,
1764809259.928953,,,,,,,0.02575784921646118,-0.0048368871212005615,-0.07498060166835785,-0.42352020740509033,-0.20200388133525848,-0.06692272424697876
1764809259.932702,0.08456219725906848,0.02300911966562271,0.5509887456580996,-0.18779174983501434,-0.4350448250770569,-0.007395254448056221,,,,,,
1764809259.938983,,,,,,,0.028719305992126465,0.0046783387660980225,-0.09894507378339767,-0.3798949718475342,-0.21484218537807465,-0.06426168978214264
1764809259.942755,-0.06223316881209612,0.06480886451900005,0.6687696141690015,-0.20764583349227905,-0.4078626334667206,-0.004929070360958576,,,,,,
1764809259.949013,,,,,,,0.030019104480743408,0.01802697777748108,-0.11301427334547043,-0.30683109164237976,-0.2262152135372162,-0.06608609110116959
1764809259.952807,-0.21289514718353747,0.028253450059890745,0.7115852580666542,-0.21942391991615295,-0.3557911813259125,0.006166457198560238,,,,,,
1764809259.959043,,,,,,,0.03180629014968872,0.02960142493247986,-0.13032633066177368,-0.20558196306228638,-0.2367568016052246,-0.04686952009797096
1764809259.962859,-0.28320816207677124,0.016112345889210702,0.8423027650400996,-0.23478439450263977,-0.27611905336380005,0.019739901646971703,,,,,,
1764809259.969073,,,,,,,0.03269869089126587,0.036408066749572754,-0.15011215209960938,-0.09127592295408249,-0.25343644618988037,-0.04275393858551979
1764809259.972911,-0.4359411015033722,0.004115034103393554,0.8844871252968907,-0.2529895007610321,-0.19492140412330627,0.03535854443907738,,,,,,
1764809259.979104,,,,,,,0.02562040090560913,0.042125046253204346,-0.15992653369903564,0.035567767918109894,-0.26781246066093445,-0.0413011834025383
1764809259.982963,-0.582215658570826,-0.08305646887123584,0.8647253169894218,-0.26527705788612366,-0.10601360350847244,0.06507483869791031,,,,,,
1764809259.989134,,,,,,,0.021343588829040527,0.04765632748603821,-0.16881632804870605,0.17377735674381256,-0.28216156363487244,-0.029443858191370964
1764809259.993016,-0.6086199736326933,-0.13072364445328713,0.9963684143751859,-0.274520605802536,-0.018178289756178856,0.0912340059876442,,,,,,
1764809259.999164,,,,,,,0.019340336322784424,0.04665404558181763,-0.18284910917282104,0.31528177857398987,-0.28675976395606995,-0.03357308730483055
1764809260.003068,-0.6959472516909241,-0.1529798999249935,1.1070409121856093,-0.3039662837982178,0.047212373465299606,0.11763236671686172,,,,,,
1764809260.009194,,,,,,,0.027985095977783203,0.0409412682056427,-0.18556208908557892,0.4422300457954407,-0.2834710478782654,-0.04415236413478851
1764809260.01312,-0.7862292879015207,-0.15729600955843925,1.1671756474137305,-0.3377988338470459,0.09775438159704208,0.15223295986652374,,,,,,
1764809260.019224,,,,,,,0.048736751079559326,0.03467583656311035,-0.19035877287387848,0.5475809574127197,-0.31239962577819824,-0.052102431654930115
1764809260.023172,-0.7494634455621242,-0.08046820594370364,1.2398355176940559,-0.3681700825691223,0.1480177342891693,0.18258850276470184,,,,,,
1764809260.029254,,,,,,,0.06450778245925903,0.02455654740333557,-0.19293159246444702,0.6177239418029785,-0.3609524965286255,-0.06846202909946442
1764809260.033225,-0.7117348956704139,-0.005824176108837127,1.2028151160717009,-0.3979586064815521,0.20033687353134155,0.20228950679302216,,,,,,
1764809260.039285,,,,,,,0.07138961553573608,0.009497314691543579,-0.17936444282531738,0.6551767587661743,-0.4004431962966919,-0.08599415421485901
1764809260.043277,-0.699024759440124,0.07219955929219722,1.1472682931557296,-0.41785481572151184,0.2699778378009796,0.21900546550750732,,,,,,
1764809260.049315,,,,,,,0.06806981563568115,-0.0011584162712097168,-0.16992570459842682,0.6687183976173401,-0.4302884340286255,-0.10036829859018326
1764809260.053329,-0.6220894037976861,0.1516162103563547,1.15646223795861,-0.42987552285194397,0.33713582158088684,0.22876888513565063,,,,,,
1764809260.059345,,,,,,,0.06342023611068726,-0.008392274379730225,-0.1643008142709732,0.6751448512077332,-0.44292646646499634,-0.1138196587562561
1764809260.063381,-0.6318830680593848,0.206366622197628,1.1728504781797529,-0.45066940784454346,0.3852516710758209,0.24222344160079956,,,,,,
1764809260.069375,,,,,,,0.06720227003097534,-0.011346578598022461,-0.16435731947422028,0.6779247522354126,-0.45588967204093933,-0.11964879184961319
1764809260.073433,-0.5561617643818259,0.2703326061517,1.2380644163683057,-0.46968117356300354,0.4183105528354645,0.25603431463241577,,,,,,
1764809260.079405,,,,,,,0.07756823301315308,-0.008522659540176392,-0.16711658239364624,0.6794843077659607,-0.4828517735004425,-0.1273048371076584
1764809260.083486,-0.4834153848618269,0.2984112841665745,1.2081170218721031,-0.48905855417251587,0.4443805515766144,0.2644573748111725,,,,,,
1764809260.089436,,,,,,,0.08460104465484619,-0.00974816083908081,-0.16366785764694214,0.6885075569152832,-0.5205629467964172,-0.1302940398454666
1764809260.093538,-0.43947892024070023,0.26188217319250107,1.1873720477461813,-0.509913980960846,0.48343396186828613,0.27490708231925964,,,,,,
1764809260.099466,,,,,,,0.08507251739501953,-0.011020570993423462,-0.16940981149673462,0.7092916369438171,-0.5561222434043884,-0.1371796429157257
1764809260.10359,-0.3692161742299795,0.23346739509105682,1.2278756153091788,-0.5360816717147827,0.5163655281066895,0.27752771973609924,,,,,,
1764809260.109496,,,,,,,0.07924365997314453,-0.009135335683822632,-0.17486070096492767,0.7246667742729187,-0.5811775326728821,-0.14757031202316284
1764809260.113642,-0.38211423424780366,0.19185119011104107,1.1798577265933154,-0.5717043876647949,0.5279833078384399,0.28718966245651245,,,,,,
1764809260.119526,,,,,,,0.07626527547836304,-0.011233985424041748,-0.170518696308136,0.7321457266807556,-0.6033521294593811,-0.150252103805542
1764809260.123695,-0.40490912664085627,0.13888649264276026,1.2092965870454906,-0.6011348366737366,0.5391691327095032,0.2976647913455963,,,,,,
1764809260.129556,,,,,,,0.0718299150466919,-0.015410929918289185,-0.1680401712656021,0.7263901829719543,-0.6378040909767151,-0.15628090500831604
1764809260.133747,-0.3919754107877612,0.06899462577104568,1.1603463859155774,-0.6387500762939453,0.5509839653968811,0.302097886800766,,,,,,
1764809260.139586,,,,,,,0.07264500856399536,-0.023024141788482666,-0.15102148056030273,0.7028316259384155,-0.659709095954895,-0.1587829440832138
1764809260.143799,-0.4211901070952415,0.028616438153386114,1.081276356332004,-0.6787596344947815,0.5702758431434631,0.2975139319896698,,,,,,
1764809260.149617,,,,,,,0.07342976331710815,-0.03220224380493164,-0.13528764247894287,0.6726500391960144,-0.6922798156738281,-0.16048476099967957
1764809260.153851,-0.34494653310924767,0.04909340899288654,1.0272235713660716,-0.7071092128753662,0.5906900763511658,0.29324275255203247,,,,,,
1764809260.159647,,,,,,,0.06921601295471191,-0.0375407338142395,-0.1257481575012207,0.6465827822685242,-0.7261486053466797,-0.1555352807044983
1764809260.163903,-0.2834966236293316,0.09906418534219265,0.9146294578433036,-0.7276715636253357,0.6002026796340942,0.2809397876262665,,,,,,
1764809260.169677,,,,,,,0.06501555442810059,-0.03997787833213806,-0.11415451765060425,0.618798553943634,-0.7573773264884949,-0.14415492117404938
1764809260.173956,-0.21288813292086123,0.13368833947777747,0.8160542250618338,-0.734078586101532,0.6198033094406128,0.2662087678909302,,,,,,
1764809260.179707,,,,,,,0.05441325902938843,-0.04004111886024475,-0.09740680456161499,0.5959765911102295,-0.7765933871269226,-0.12982791662216187
1764809260.184008,-0.1300686876758933,0.11578969469368457,0.737197545967996,-0.7395840287208557,0.6611759662628174,0.24215899407863617,,,,,,
1764809260.189737,,,,,,,0.04400712251663208,-0.03781995177268982,-0.07727921009063721,0.5862357020378113,-0.7819282412528992,-0.10335364192724228
1764809260.19406,-0.06719926678687334,0.10528992798924446,0.6834753081306815,-0.7503341436386108,0.7146887183189392,0.2133782058954239,,,,,,
1764809260.199768,,,,,,,0.040608108043670654,-0.031729668378829956,-0.07176327705383301,0.5913968682289124,-0.7808395624160767,-0.06359077990055084
1764809260.204112,-0.08072831818461418,0.09848784675896168,0.6227525438815354,-0.7630236744880676,0.7567676901817322,0.1831120252609253,,,,,,
1764809260.209798,,,,,,,0.04168105125427246,-0.027463167905807495,-0.07060834765434265,0.6131625771522522,-0.7802273035049438,-0.027836507186293602
1764809260.214165,-0.06609861206859349,0.1175134497463703,0.5353641832858324,-0.7741863131523132,0.7826767563819885,0.15875209867954254,,,,,,
1764809260.219828,,,,,,,0.046266376972198486,-0.0205572247505188,-0.06486791372299194,0.6400647163391113,-0.7759038805961609,0.009944427758455276
1764809260.224217,0.0017293080106377601,0.16332126119732857,0.4396393714994192,-0.7866315245628357,0.7971020340919495,0.13956524431705475,,,,,,
1764809260.229858,,,,,,,0.05192148685455322,-0.018817156553268433,-0.06344586610794067,0.6689943671226501,-0.790307879447937,0.0487360954284668
1764809260.234269,0.1095385253444314,0.1990472390949726,0.4012827528372407,-0.7987523674964905,0.7961704730987549,0.11646950989961624,,,,,,
1764809260.239888,,,,,,,0.04993271827697754,-0.02236473560333252,-0.06261557340621948,0.699639618396759,-0.8147420883178711,0.08048310875892639
1764809260.244321,0.20389730947464704,0.16539982103705406,0.3771931444585323,-0.8190961480140686,0.7670899033546448,0.0926702469587326,,,,,,
1764809260.249919,,,,,,,0.04696840047836304,-0.02296164631843567,-0.05247527360916138,0.7119858264923096,-0.8158395886421204,0.1108335554599762
1764809260.254373,0.2962172812536359,0.08050678438842296,0.2996259206533432,-0.8460454344749451,0.714393675327301,0.06652919203042984,,,,,,
1764809260.259949,,,,,,,0.04560565948486328,-0.023893773555755615,-0.036469221115112305,0.7013712525367737,-0.829988956451416,0.13868649303913116
1764809260.264426,0.4068564613163471,0.07721884875893592,0.22278058138191698,-0.8714773654937744,0.6456382870674133,0.04599021375179291,,,,,,
1764809260.269979,,,,,,,0.04327189922332764,-0.032139331102371216,-0.02267998456954956,0.6702470183372498,-0.8616262674331665,0.15877312421798706
1764809260.274478,0.5080626271232962,0.06839490631222725,0.1609147845774889,-0.8918628096580505,0.565863847732544,0.023280639201402664,,,,,,
1764809260.280009,,,,,,,0.03970980644226074,-0.04054909944534302,0.004512876272201538,0.6083239912986755,-0.8667062520980835,0.18234901130199432
1764809260.28453,0.4939917239338159,0.10477321063876151,0.0887397752046585,-0.8973935842514038,0.504044771194458,0.0027534840628504753,,,,,,
1764809260.290039,,,,,,,0.03345721960067749,-0.03696635365486145,0.032653987407684326,0.5301503539085388,-0.8564059138298035,0.19837719202041626
1764809260.294582,0.48580958652198314,0.25165596273243424,0.09372487014085054,-0.8824063539505005,0.4682507812976837,-0.017990943044424057,,,,,,
1764809260.30007,,,,,,,0.028658270835876465,-0.02861684560775757,0.04039585590362549,0.4805141091346741,-0.8522846698760986,0.2112511694431305
1764809260.304635,0.34800504389703274,0.4042196830719709,0.05559621501564979,-0.8670417070388794,0.4408193826675415,-0.0413777120411396,,,,,,
1764809260.3101,,,,,,,0.03089350461959839,-0.01272892951965332,0.03347623348236084,0.4574948251247406,-0.8361501693725586,0.22453755140304565
1764809260.314687,0.15714754099845885,0.46858372643291946,-0.07233633741438389,-0.8533524870872498,0.42462363839149475,-0.05760461837053299,,,,,,
1764809260.32013,,,,,,,0.03750431537628174,0.005843669176101685,0.02606174349784851,0.4533996880054474,-0.8226445317268372,0.2303810566663742
1764809260.324739,0.13149141395539043,0.4976005620807409,-0.1822586013793945,-0.8444346189498901,0.42397257685661316,-0.06901457160711288,,,,,,
1764809260.33016,,,,,,,0.04500943422317505,0.018998831510543823,0.023032426834106445,0.4623119533061981,-0.8192223310470581,0.23052139580249786
1764809260.334791,0.13969985485225916,0.4750765955835581,-0.2565039872854948,-0.8384259939193726,0.42480215430259705,-0.07572174072265625,,,,,,
1764809260.34019,,,,,,,0.043491363525390625,0.0231914222240448,0.02802938222885132,0.4706827998161316,-0.8211238384246826,0.233572319149971
1764809260.344844,0.0941363735511899,0.3999269543141126,-0.2829910121947527,-0.8404446840286255,0.41973063349723816,-0.07745427638292313,,,,,,
1764809260.350221,,,,,,,0.033345699310302734,0.022554993629455566,0.03617924451828003,0.47321227192878723,-0.8282400965690613,0.2300710678100586
1764809260.354896,0.07755699467211961,0.36501696897447106,-0.25486732599437234,-0.8366113305091858,0.41134113073349,-0.06956280022859573,,,,,,
1764809260.360251,,,,,,,0.01951378583908081,0.0275021493434906,0.0405157208442688,0.4604853093624115,-0.8157266974449158,0.21881414949893951
1764809260.364948,0.08643412861078976,0.2935696893543005,-0.3076473145455122,-0.8351523876190186,0.3964594602584839,-0.05931893736124039,,,,,,
1764809260.370281,,,,,,,0.014571130275726318,0.03150412440299988,0.04812932014465332,0.4353402554988861,-0.7880961298942566,0.2164255529642105
1764809260.375,0.10434797096401452,0.30858488765656944,-0.35196284161210056,-0.8285160660743713,0.38670802116394043,-0.04682871326804161,,,,,,
1764809260.380311,,,,,,,0.015799880027770996,0.0323796272277832,0.060791730880737305,0.41228899359703064,-0.7779641151428223,0.21041719615459442
1764809260.385052,0.1489212721839547,0.3413227896541357,-0.4114548950225115,-0.8166528344154358,0.39401671290397644,-0.03964012488722801,,,,,,
1764809260.390341,,,,,,,0.016281962394714355,0.03619730472564697,0.07614877820014954,0.4011666476726532,-0.7781481146812439,0.20284444093704224
1764809260.395105,0.15265373671054838,0.36146775206029413,-0.46551849364340303,-0.7941060066223145,0.4234752655029297,-0.03650558367371559,,,,,,
1764809260.400371,,,,,,,0.009201347827911377,0.046770334243774414,0.0751226544380188,0.3999253213405609,-0.7761387825012207,0.19001492857933044
1764809260.405157,0.1269537705257535,0.4053694376289844,-0.5199596934050321,-0.7703543901443481,0.44543319940567017,-0.03827967122197151,,,,,,
1764809260.410402,,,,,,,0.0005227923393249512,0.05590084195137024,0.06228762865066528,0.4055866003036499,-0.7628418803215027,0.1772855520248413
1764809260.415209,0.13699497980773448,0.40194823100864885,-0.5407306787550449,-0.753625750541687,0.4472966194152832,-0.030105900019407272,,,,,,
1764809260.420432,,,,,,,-0.001180887222290039,0.0625067949295044,0.04011338949203491,0.41352760791778564,-0.7505223751068115,0.15580688416957855
1764809260.425261,0.22600948030054568,0.35346681643426414,-0.5346662641495465,-0.7463696599006653,0.4267866015434265,-0.016050053760409355,,,,,,
1764809260.430462,,,,,,,0.003711879253387451,0.06734782457351685,0.030059397220611572,0.41181236505508423,-0.7432769536972046,0.12504012882709503
1764809260.435314,0.3636149932220578,0.23869243626296519,-0.5275748445838689,-0.7645944356918335,0.3822809159755707,-0.002065262058749795,,,,,,
1764809260.440492,,,,,,,0.01334071159362793,0.07678857445716858,0.03717398643493652,0.38779357075691223,-0.7363287806510925,0.1004767194390297
1764809260.445366,0.4337362849354744,0.14115385305285452,-0.46070261779427524,-0.7859044075012207,0.3367917537689209,0.022403927519917488,,,,,,
1764809260.450522,,,,,,,0.022797346115112305,0.0837182104587555,0.04396018385887146,0.36604368686676025,-0.753922164440155,0.07950139790773392
1764809260.455418,0.5364700987011194,0.18865034824311733,-0.3843663970887661,-0.7977927327156067,0.29170018434524536,0.05534057319164276,,,,,,
1764809260.460553,,,,,,,0.026982128620147705,0.08888235688209534,0.03992679715156555,0.34097057580947876,-0.7771265506744385,0.041162800043821335
1764809260.46547,0.5910720419824123,0.3331616950303316,-0.3785311150640249,-0.7985115051269531,0.24238401651382446,0.10546831786632538,,,,,,
1764809260.470583,,,,,,,0.02611595392227173,0.10745424032211304,0.03459346294403076,0.2951746881008148,-0.7853682637214661,-0.014241669327020645
1764809260.475522,0.6340276788726449,0.5207476289123296,-0.3785883982092142,-0.7819703221321106,0.19673849642276764,0.160018652677536,,,,,,
1764809260.480613,,,,,,,0.022630810737609863,0.1227891743183136,0.03310370445251465,0.25974586606025696,-0.7958860993385315,-0.069053515791893
1764809260.485575,0.6292293386802077,0.5701596023350953,-0.3922071737170219,-0.7666586637496948,0.1582106500864029,0.2100035399198532,,,,,,
1764809260.490643,,,,,,,0.022916018962860107,0.13826993107795715,0.023407042026519775,0.2454688549041748,-0.7983303666114807,-0.13253101706504822
1764809260.495627,0.520735646213591,0.5066857858121395,-0.35789807687997816,-0.7709471583366394,0.1260119527578354,0.2604619264602661,,,,,,
1764809260.500673,,,,,,,0.029446065425872803,0.16159841418266296,0.00615847110748291,0.2573681175708771,-0.8005090951919556,-0.21325409412384033
1764809260.505679,0.440553563734889,0.4897200379639864,-0.31000878297984596,-0.777428150177002,0.10005126893520355,0.32155826687812805,,,,,,
1764809260.510704,,,,,,,0.04413360357284546,0.19052353501319885,-0.007664024829864502,0.27731817960739136,-0.816541850566864,-0.2953941822052002
1764809260.515731,0.3518956215947866,0.5216840329796075,-0.3079389909684658,-0.7876227498054504,0.08871126174926758,0.3944191634654999,,,,,,
1764809260.520734,,,,,,,0.05831587314605713,0.203201562166214,-0.01797342300415039,0.3448413014411926,-0.850085437297821,-0.3728378415107727
1764809260.525784,0.2549640643671155,0.5624152718186378,-0.3386246366113424,-0.8036282658576965,0.1062309518456459,0.47970762848854065,,,,,,
1764809260.530764,,,,,,,0.06746488809585571,0.21322336792945862,-0.020325958728790283,0.4069334864616394,-0.8806662559509277,-0.470905601978302
1764809260.535836,0.21917115871310233,0.603672580358386,-0.3445686397075653,-0.8197954893112183,0.13564635813236237,0.5680340528488159,,,,,,
1764809260.540794,,,,,,,0.07223010063171387,0.21451061964035034,-0.0077645182609558105,0.47911155223846436,-0.9195550680160522,-0.5560993552207947
1764809260.545888,0.15501958905905483,0.6149976919710636,-0.35809973693192004,-0.8284816145896912,0.16704659163951874,0.6474329233169556,,,,,,
1764809260.550824,,,,,,,0.06832069158554077,0.20404914021492004,0.0026912689208984375,0.5514393448829651,-0.9680986404418945,-0.6284960508346558
1764809260.55594,0.14178075277954338,0.5963409222960472,-0.4374064978808164,-0.8320161700248718,0.20672821998596191,0.7122286558151245,,,,,,
1764809260.560854,,,,,,,0.058281898498535156,0.19403597712516785,0.017031431198120117,0.5722077488899231,-0.9985779523849487,-0.7041431069374084
1764809260.565992,0.20168869351446628,0.5457628277033567,-0.529452913415432,-0.8304634094238281,0.24564054608345032,0.7705009579658508,,,,,,
1764809260.570885,,,,,,,0.05135232210159302,0.17599216103553772,0.024338722229003906,0.5523546934127808,-1.0063027143478394,-0.7698816061019897
1764809260.576045,0.28732641105055806,0.552922051808238,-0.5801520040392876,-0.8285243511199951,0.2595912516117096,0.8095964193344116,,,,,,
1764809260.580915,,,,,,,0.0515022873878479,0.1537272334098816,0.035768747329711914,0.4752015769481659,-1.024173378944397,-0.8307707905769348
1764809260.586097,0.39090164407640693,0.5080670110374689,-0.5987888999700546,-0.8291348218917847,0.25967076420783997,0.8327353596687317,,,,,,
1764809260.590945,,,,,,,0.05607151985168457,0.1328033208847046,0.04297029972076416,0.375066876411438,-1.0548831224441528,-0.9084644913673401
1764809260.596149,0.552407380284369,0.45773500016033647,-0.6332020417034626,-0.8354845643043518,0.2309403270483017,0.8641439080238342,,,,,,
1764809260.600975,,,,,,,0.06258273124694824,0.13104689121246338,0.04443991184234619,0.24639572203159332,-1.0842641592025757,-0.9968271255493164
1764809260.606201,0.6959682944789528,0.5009779295593499,-0.6062900693804025,-0.835568368434906,0.16480837762355804,0.9049928784370422,,,,,,
1764809260.611005,,,,,,,0.0638355016708374,0.13094490766525269,0.04974573850631714,0.10802580416202545,-1.113081693649292,-1.0730712413787842
1764809260.616254,0.7951561062008142,0.48752048209309573,-0.5404319880694151,-0.83579021692276,0.0947938859462738,0.944914698600769,,,,,,
1764809260.621036,,,,,,,0.057426393032073975,0.12478813529014587,0.059787631034851074,-0.00753382034599781,-1.1297043561935425,-1.1618268489837646
1764809260.626306,0.8330763792723417,0.3908282865792513,-0.5198422045052051,-0.8395317196846008,0.03988280147314072,0.9825416803359985,,,,,,
1764809260.631066,,,,,,,0.0477333664894104,0.12482190132141113,0.07254111766815186,-0.13682496547698975,-1.1270984411239624,-1.2441487312316895
1764809260.636358,0.8168617420524358,0.3419330305069685,-0.5363076016157865,-0.8464511036872864,-0.0038915788754820824,1.0208855867385864,,,,,,
1764809260.641096,,,,,,,0.04119873046875,0.12061026692390442,0.07151490449905396,-0.25651460886001587,-1.1316279172897339,-1.3203738927841187
1764809260.64641,0.7541136094555259,0.3327688963204622,-0.5526344670385122,-0.8502212762832642,-0.036070048809051514,1.0575298070907593,,,,,,
1764809260.651126,,,,,,,0.0365598201751709,0.12002149224281311,0.07001912593841553,-0.3251406252384186,-1.1363869905471802,-1.3926302194595337
1764809260.656462,0.7286936292558908,0.3181640323847532,-0.6139180800408125,-0.8526314496994019,-0.0517672523856163,1.1024835109710693,,,,,,
1764809260.661156,,,,,,,0.033104658126831055,0.1408005654811859,0.06786060333251953,-0.42186611890792847,-1.1145375967025757,-1.462228536605835
1764809260.666515,0.7392971485957502,0.3649193538188934,-0.6586877806156873,-0.849000096321106,-0.06049276515841484,1.1515851020812988,,,,,,
1764809260.671187,,,,,,,0.0371929407119751,0.14437639713287354,0.05775487422943115,-0.5316337943077087,-1.1034282445907593,-1.5246049165725708
1764809260.676567,0.7400573193132877,0.3729243810981512,-0.6167436588555574,-0.8428436517715454,-0.05933002755045891,1.1943587064743042,,,,,,
1764809260.681217,,,,,,,0.0416908860206604,0.12039408087730408,0.041570961475372314,-0.5774255394935608,-1.106126070022583,-1.5887203216552734
1764809260.686619,0.6733005355969071,0.2828898899078369,-0.6667436612993478,-0.8406416773796082,-0.06711646914482117,1.2280222177505493,,,,,,
1764809260.691247,,,,,,,0.04236847162246704,0.12266141176223755,0.05223965644836426,-0.636781632900238,-1.0939370393753052,-1.6542298793792725
1764809260.696671,0.6161889475822449,0.18388415675461292,-0.6580056435704231,-0.8414968252182007,-0.07313334941864014,1.2596772909164429,,,,,,
1764809260.701277,,,,,,,0.038837730884552,0.1297091841697693,0.07150346040725708,-0.6624403595924377,-1.0842074155807495,-1.7196933031082153
1764809260.706724,0.6350184434756636,0.12380290527939795,-0.6012222645968198,-0.83852219581604,-0.0629570484161377,1.2893519401550293,,,,,,
1764809260.711307,,,,,,,0.03293818235397339,0.13009312748908997,0.08067965507507324,-0.672092854976654,-1.0892064571380615,-1.7818412780761719
1764809260.716776,0.6666124361351132,0.11355915916264056,-0.6011901158928871,-0.8263499140739441,-0.047896068543195724,1.320158839225769,,,,,,
1764809260.721337,,,,,,,0.027423381805419922,0.13328009843826294,0.0811394453048706,-0.6637736558914185,-1.0765105485916138,-1.8334314823150635
1764809260.726828,0.6588485241353511,0.14796820924282073,-0.5941314295530319,-0.805784285068512,-0.02622419036924839,1.355254054069519,,,,,,
1764809260.731368,,,,,,,0.023178696632385254,0.12722563743591309,0.07886672019958496,-0.660011351108551,-1.0521926879882812,-1.8663722276687622
1764809260.73688,0.6548673455446958,0.17591595435440538,-0.5564677615910768,-0.7825484871864319,0.002394138602539897,1.3874611854553223,,,,,,
1764809260.741398,,,,,,,0.020817577838897705,0.11440294981002808,0.06841307878494263,-0.6234232783317566,-1.019922137260437,-1.903960943222046
1764809260.746932,0.5882473399505019,0.1555553033709526,-0.5427934565037489,-0.766061007976532,0.030485136434435844,1.4103885889053345,,,,,,
1764809260.751428,,,,,,,0.020610690116882324,0.10618200898170471,0.0569615364074707,-0.606576681137085,-0.9901823997497559,-1.9385124444961548
1764809260.756985,0.4922890116691589,0.09720715929865836,-0.5058072494119406,-0.75693678855896,0.06330859661102295,1.424017071723938,,,,,,
1764809260.761458,,,,,,,0.019261717796325684,0.09782510995864868,0.05778694152832031,-0.600369393825531,-0.9556095004081726,-1.962569236755371
1764809260.767037,0.47094373356252905,0.02633534147888422,-0.454639956754446,-0.7565886974334717,0.09988806396722794,1.4381797313690186,,,,,,
1764809260.771488,,,,,,,0.02436596155166626,0.08304625749588013,0.058156371116638184,-0.5717578530311584,-0.9183622598648071,-1.9791359901428223
1764809260.777089,0.48828649802953,-0.01698416028767824,-0.3843044377684593,-0.7536326050758362,0.12660276889801025,1.4569696187973022,,,,,,
1764809260.781519,,,,,,,0.029355108737945557,0.09137755632400513,0.05945008993148804,-0.5401669144630432,-0.8762118816375732,-2.01692533493042
1764809260.787141,0.572017797422409,0.04790273790359497,-0.2923550528675318,-0.7456346750259399,0.126608744263649,1.4889581203460693,,,,,,
1764809260.791549,,,,,,,0.03795987367630005,0.10861951112747192,0.07046306133270264,-0.5201641321182251,-0.8246970176696777,-2.0464086532592773
1764809260.797194,0.6282125628530979,0.15935031173974273,-0.19974457370936868,-0.7345117330551147,0.12152610719203949,1.5286270380020142,,,,,,
1764809260.801579,,,,,,,0.04825928807258606,0.10564690828323364,0.06751573085784912,-0.49058836698532104,-0.800097644329071,-2.051567316055298
1764809260.807245,0.6236395558491349,0.22308482502549887,-0.16401508868038653,-0.7212173342704773,0.12787920236587524,1.5622482299804688,,,,,,
1764809260.811609,,,,,,,0.05241751670837402,0.07457220554351807,0.056670188903808594,-0.44404083490371704,-0.8031283020973206,-2.0609121322631836
1764809260.817298,0.5691729293853044,0.23828970068097113,-0.18157354172468185,-0.7022106051445007,0.13827885687351227,1.5820974111557007,,,,,,
1764809260.821639,,,,,,,0.04402455687522888,0.03800308704376221,0.05258047580718994,-0.4539024829864502,-0.7920277118682861,-2.105111598968506
1764809260.82735,0.4555073872387409,0.21220365778803824,-0.20378537353277204,-0.6837543249130249,0.15985772013664246,1.5945470333099365,,,,,,
1764809260.83167,,,,,,,0.03761407732963562,0.01633775234222412,0.05125021934509277,-0.569441020488739,-0.74361252784729,-2.1415457725524902
1764809260.837403,0.3791925015822053,0.1967217187568545,-0.12287702260613441,-0.66910719871521,0.18906433880329132,1.598496675491333,,,,,,
1764809260.8417,,,,,,,0.03593370318412781,-0.001073002815246582,0.050377607345581055,-0.7438368201255798,-0.6900539994239807,-2.1628644466400146
1764809260.847455,0.358856985040009,0.19703765283823013,-0.024629998865723608,-0.6602998971939087,0.21282613277435303,1.5998129844665527,,,,,,
1764809260.85173,,,,,,,0.040686339139938354,6.93202018737793e-05,0.056965649127960205,-0.976267397403717,-0.6310551166534424,-2.1996402740478516
1764809260.857507,0.36818975379168983,0.26629765154719354,0.1372597682237625,-0.648909330368042,0.215030699968338,1.601058840751648,,,,,,
1764809260.86176,,,,,,,0.05047842860221863,0.007806301116943359,0.05670750141143799,-1.1680251359939575,-0.5803724527359009,-2.216289758682251
1764809260.867559,0.4162441751256585,0.334729382738471,0.3024789719969034,-0.6318451166152954,0.20816479623317719,1.6005858182907104,,,,,,
1764809260.871789,,,,,,,0.058471113443374634,0.019765496253967285,0.042713820934295654,-1.2474892139434814,-0.5305396914482117,-2.2221364974975586
1764809260.877611,0.4763406241700053,0.33474691839516163,0.3489133909136057,-0.6153444647789001,0.2059924602508545,1.5975219011306763,,,,,,
1764809260.88182,,,,,,,0.05769222974777222,0.053171396255493164,0.03276544809341431,-1.2643866539001465,-0.47497227787971497,-2.2364399433135986
1764809260.887664,0.5540662534072995,0.33875498499274254,0.4062795382112264,-0.6017845273017883,0.21544703841209412,1.6064393520355225,,,,,,
1764809260.891851,,,,,,,0.057701051235198975,0.07675868272781372,0.010004699230194092,-1.1912113428115845,-0.4211825728416443,-2.251000165939331
1764809260.897716,0.6613672289580106,0.3854883868560195,0.43958501096367836,-0.5989556908607483,0.22839240729808807,1.6363223791122437,,,,,,
1764809260.901881,,,,,,,0.055715471506118774,0.09490138292312622,-0.005030512809753418,-1.0697005987167358,-0.3589490056037903,-2.2915656566619873
1764809260.907768,0.7216203298687934,0.48134354702383275,0.4774316342771053,-0.5997273921966553,0.22400154173374176,1.68115234375,,,,,,
1764809260.911911,,,,,,,0.06588298082351685,0.13780969381332397,0.0026917457580566406,-1.077851414680481,-0.28371578454971313,-2.331953287124634
1764809260.917819,0.7357134448900818,0.5523030431270599,0.6161556298345326,-0.6085757613182068,0.21548156440258026,1.7337359189987183,,,,,,
1764809260.921941,,,,,,,0.08612790703773499,0.15017348527908325,0.0023695826530456543,-1.163842797279358,-0.23874112963676453,-2.3605408668518066
1764809260.927873,0.6715753192394971,0.6053703241869807,0.6958265479207039,-0.6210526823997498,0.2094285637140274,1.7810629606246948,,,,,,
1764809260.931971,,,,,,,0.09781476855278015,0.12365281581878662,-0.0032368898391723633,-1.2645864486694336,-0.22036372125148773,-2.368206739425659
1764809260.937925,0.5806152376368642,0.6061608900427818,0.6849129397183656,-0.6350145936012268,0.22479473054409027,1.8217403888702393,,,,,,
1764809260.942002,,,,,,,0.10195562243461609,0.09247714281082153,-0.02161848545074463,-1.345475196838379,-0.19343224167823792,-2.377410650253296
1764809260.947977,0.5277490321069955,0.5120855990290641,0.5619371329128742,-0.6528053283691406,0.24779322743415833,1.8553085327148438,,,,,,
1764809260.952032,,,,,,,0.09538854658603668,0.08224904537200928,-0.03408414125442505,-1.4426031112670898,-0.1557154804468155,-2.4207475185394287
1764809260.958029,0.48472939006984234,0.41552141380906105,0.4274596888840198,-0.6839211583137512,0.2606232762336731,1.890398621559143,,,,,,
1764809260.962062,,,,,,,0.09348180890083313,0.09507572650909424,-0.05102694034576416,-1.4563000202178955,-0.09925433993339539,-2.5086286067962646
1764809260.968081,0.45080900028944015,0.36909634724259377,0.42851299732923503,-0.7290192246437073,0.2575207054615021,1.9242780208587646,,,,,,
1764809260.972092,,,,,,,0.09943726658821106,0.1284949779510498,-0.05537813901901245,-1.3575102090835571,-0.054158762097358704,-2.5851495265960693
1764809260.978134,0.449044913226366,0.2936955076910555,0.3419143258064985,-0.7847104072570801,0.24988409876823425,1.95577871799469,,,,,,
1764809260.982122,,,,,,,0.11470170319080353,0.19117772579193115,-0.05119025707244873,-1.2891223430633545,-0.0415569506585598,-2.661712408065796
1764809260.988186,0.4881479663416743,0.2772527608036995,0.29505788208544254,-0.8464434146881104,0.24273742735385895,1.994085431098938,,,,,,
1764809260.992153,,,,,,,0.1329861581325531,0.2195185422897339,-0.04669022560119629,-1.173203945159912,-0.0503389909863472,-2.7069075107574463
1764809260.998238,0.5737178793385624,0.2964268323510885,0.2489139705479145,-0.9079909324645996,0.251306414604187,2.02717661857605,,,,,,
1764809261.002183,,,,,,,0.14706012606620789,0.2015283703804016,-0.043008625507354736,-1.0832692384719849,-0.0715891569852829,-2.7343852519989014
1764809261.00829,0.6519765925392508,0.3253779092863202,0.12330956880450249,-0.9681318402290344,0.25505125522613525,2.064321756362915,,,,,,
1764809261.012213,,,,,,,0.1533108502626419,0.17708301544189453,-0.028737545013427734,-1.091392159461975,-0.07751495391130447,-2.771271228790283
1764809261.018342,0.7585381478995085,0.38853944498971105,0.04686754963696003,-1.0212230682373047,0.23076483607292175,2.0995140075683594,,,,,,
1764809261.022243,,,,,,,0.15591365098953247,0.12785887718200684,-0.007551968097686768,-1.1190205812454224,-0.08520190417766571,-2.8151206970214844
1764809261.028395,0.8864251076221465,0.39367359300777316,-0.04450315859317779,-1.0616759061813354,0.19119904935359955,2.1294760704040527,,,,,,
1764809261.032273,,,,,,,0.14963410794734955,0.10166311264038086,0.026327311992645264,-1.2246594429016113,-0.10171403735876083,-2.903552770614624
1764809261.038447,1.0314128397494553,0.4066168804068118,-0.09997545496821403,-1.0983867645263672,0.14222858846187592,2.1581385135650635,,,,,,
1764809261.042303,,,,,,,0.1435023844242096,0.10114401578903198,0.05093979835510254,-1.3817702531814575,-0.09505879878997803,-2.9763121604919434
1764809261.048499,1.1472405283659697,0.40779447281882164,-0.05284370143711566,-1.137085199356079,0.09947658330202103,2.1935291290283203,,,,,,
1764809261.052334,,,,,,,0.13898320496082306,0.08587998151779175,0.047656118869781494,-1.484358549118042,-0.07073481380939484,-3.0029780864715576
1764809261.058551,1.2174053669601679,0.40493692796323444,-0.017588848182559014,-1.1735118627548218,0.05975208058953285,2.2332613468170166,,,,,,
1764809261.062364,,,,,,,0.1297549158334732,0.06983733177185059,0.0467873215675354,-1.439932942390442,-0.028781235218048096,-3.0339062213897705
1764809261.068603,1.1559089879900217,0.3984523517169058,-0.04898234983384609,-1.203973650932312,0.034614235162734985,2.2646472454071045,,,,,,
1764809261.072394,,,,,,,0.12230687588453293,0.10523009300231934,0.05455225706100464,-1.370123028755188,0.040673740208148956,-3.0721724033355713
1764809261.078656,0.9877928937315941,0.36482762041483074,-0.11733692413568496,-1.238145351409912,0.02175557054579258,2.2921407222747803,,,,,,
1764809261.082424,,,,,,,0.12659624218940735,0.13703864812850952,0.0353427529335022,-1.1375361680984497,0.11296524107456207,-3.077630043029785
1764809261.088708,0.7297638888359069,0.3022175628480501,-0.14690262583792207,-1.275034785270691,0.04045647382736206,2.3075973987579346,,,,,,
1764809261.092454,,,,,,,0.1363063007593155,0.15497124195098877,0.019707530736923218,-0.7757900357246399,0.15404850244522095,-3.098510503768921
1764809261.09876,0.4379308140158653,0.28138280981313435,-0.21253099004626272,-1.3159034252166748,0.07860039919614792,2.315089702606201,,,,,,
1764809261.102485,,,,,,,0.14889368414878845,0.17973005771636963,0.011905074119567871,-0.4306422173976898,0.2186266928911209,-3.0879580974578857
1764809261.108813,0.1758802985191345,0.2727207433972508,-0.192250418561697,-1.3544563055038452,0.13775482773780823,2.3146753311157227,,,,,,
1764809261.112515,,,,,,,0.15980102121829987,0.16605788469314575,0.01445227861404419,-0.13745976984500885,0.2777065336704254,-3.085660934448242
1764809261.118865,-0.041269583499431606,0.2731435719192028,-0.21920389193892478,-1.378715991973877,0.20115244388580322,2.319521427154541,,,,,,
1764809261.122545,,,,,,,0.17040301859378815,0.1371256709098816,0.03836965560913086,0.01485334150493145,0.3208193778991699,-3.1428701877593994
1764809261.128917,-0.12888883024156092,0.3732378309614956,-0.12738134828805922,-1.4032013416290283,0.2443120926618576,2.319249391555786,,,,,,
1764809261.132575,,,,,,,0.19322903454303741,0.07946789264678955,0.05737999081611633,0.10017512738704681,0.3947700560092926,-3.1066877841949463
1764809261.138969,-0.16211217766851185,0.4548405938930809,-0.0386643694370985,-1.4151952266693115,0.2594987750053406,2.310574531555176,,,,,,
1764809261.142605,,,,,,,0.2116888463497162,0.028905510902404785,0.09664583206176758,0.08477992564439774,0.4253479242324829,-3.125763177871704
1764809261.149021,-0.07577303386479615,0.5915726849809289,-0.06463292343020438,-1.42955482006073,0.25140050053596497,2.3088157176971436,,,,,,
1764809261.152636,,,,,,,0.22619682550430298,0.005876123905181885,0.11018335819244385,-0.02636435441672802,0.4490734934806824,-3.1298770904541016
1764809261.159074,0.25868571523874995,0.7961142837084829,-0.012770634245872497,-1.4279342889785767,0.24731922149658203,2.31821608543396,,,,,,
1764809261.162666,,,,,,,0.23502930998802185,-0.058201730251312256,0.08408766984939575,-0.07701900601387024,0.451156884431839,-3.067523956298828
1764809261.169126,0.6535162231966852,0.9971487510979175,-0.13337211313545702,-1.3969205617904663,0.2292102426290512,2.332444667816162,,,,,,
1764809261.172696,,,,,,,0.21543127298355103,-0.11175709962844849,0.07974797487258911,-0.10847427695989609,0.46421170234680176,-3.0539979934692383
1764809261.179178,0.8804659069567918,1.065520861056447,-0.22861527888476849,-1.3483200073242188,0.15736828744411469,2.3228492736816406,,,,,,
1764809261.182726,,,,,,,0.18563714623451233,-0.10885787010192871,0.10581880807876587,-0.172618106007576,0.5336200594902039,-3.0627872943878174
1764809261.18923,0.8951981966644526,0.9724395495161413,-0.07609072151184082,-1.303626537322998,0.06909404695034027,2.2901105880737305,,,,,,
1764809261.192756,,,,,,,0.1694970428943634,-0.07660567760467529,0.13294175267219543,-0.24580799043178558,0.610948920249939,-3.0931990146636963
1764809261.199283,0.7119689966872335,0.8677584010750055,-0.0007107786178588867,-1.275597095489502,-0.014903646893799305,2.2630319595336914,,,,,,
1764809261.202786,,,,,,,0.18517687916755676,-0.04245865345001221,0.11992916464805603,-0.3398090600967407,0.690290629863739,-3.0657341480255127
1764809261.209335,0.525415036201477,0.9424582527503371,0.01558861427605152,-1.2465670108795166,-0.04677508398890495,2.2553937435150146,,,,,,
1764809261.212817,,,,,,,0.21384891867637634,-0.07403206825256348,0.08500349521636963,-0.3498818576335907,0.7144297957420349,-2.9744186401367188
1764809261.219387,0.3290916691124439,1.0904483815640211,-0.19089198969006538,-1.2014082670211792,-0.0399392805993557,2.2383642196655273,,,,,,
1764809261.222847,,,,,,,0.22369801998138428,-0.11143898963928223,0.08176040649414062,-0.4090842008590698,0.726597785949707,-2.909188985824585
1764809261.229439,0.09002893823236227,1.1632201877862214,-0.3563987782329321,-1.1514191627502441,-0.0598146989941597,2.2075204849243164,,,,,,
1764809261.232877,,,,,,,0.21539098024368286,-0.11617755889892578,0.09511995315551758,-0.53180330991745,0.7469834685325623,-2.9066314697265625
1764809261.239491,0.013474690861999988,1.1866653607815503,-0.2771077993750572,-1.1183059215545654,-0.051916830241680145,2.168107748031616,,,,,,
1764809261.242907,,,,,,,0.21241846680641174,-0.11805218458175659,0.07184338569641113,-0.562877357006073,0.8084990382194519,-2.8108489513397217
1764809261.249544,0.07570873645693063,1.202962415587902,-0.19807751727998255,-1.0787644386291504,-0.052224308252334595,2.124765634536743,,,,,,
1764809261.252937,,,,,,,0.20632404088974,-0.09714198112487793,0.07854533195495605,-0.5318388342857361,0.8429190516471863,-2.8192849159240723
1764809261.259596,0.06271627615392207,1.2590727176055312,-0.3275029386162758,-1.0491554737091064,-0.09437309205532074,2.0803728103637695,,,,,,
1764809261.262968,,,,,,,0.21898561716079712,-0.023826241493225098,0.06687545776367188,-0.541559100151062,0.9116853475570679,-2.797145366668701
1764809261.269648,0.10355214441120623,1.364233466257155,-0.2014566383242607,-1.0249862670898438,-0.09614338725805283,2.0653867721557617,,,,,,
1764809261.272998,,,,,,,0.24239331483840942,-0.030566096305847168,0.04156225919723511,-0.4722651243209839,0.9081292152404785,-2.716478109359741
1764809261.2797,0.18956074108630416,1.557514689171314,-0.3106879974156618,-1.0099396705627441,-0.10597418248653412,2.046346664428711,,,,,,
1764809261.283028,,,,,,,0.253296434879303,-0.07595175504684448,0.02213519811630249,-0.439380943775177,0.892249584197998,-2.629287004470825
1764809261.289753,0.0895762260288,1.5628157181888818,-0.29832828205823897,-0.9766976833343506,-0.12347393482923508,2.01702880859375,,,,,,
1764809261.293058,,,,,,,0.2506149411201477,-0.13082754611968994,0.03165653347969055,-0.45738500356674194,0.9002084732055664,-2.572169780731201
1764809261.299805,0.08316489768177271,1.5224991976305842,-0.325993703097105,-0.9196450114250183,-0.16153156757354736,1.9277548789978027,,,,,,
1764809261.303088,,,,,,,0.23763412237167358,-0.14468908309936523,0.06898587942123413,-0.5522207021713257,0.9087862372398376,-2.5681869983673096
1764809261.309857,-0.10703706391751766,1.304384854494035,-0.30416181051731106,-0.8943843245506287,-0.15453681349754333,1.8621244430541992,,,,,,
1764809261.313119,,,,,,,0.23823726177215576,-0.14529716968536377,0.04919782280921936,-0.5714854001998901,0.9336559176445007,-2.465435028076172
1764809261.319909,-0.13323504275232553,1.4127005600452422,-0.2727513577312231,-0.8448860049247742,-0.16391512751579285,1.7985271215438843,,,,,,
1764809261.323149,,,,,,,0.2362801432609558,-0.14137691259384155,0.03976398706436157,-0.5398063063621521,0.9226248264312744,-2.4106478691101074
1764809261.329961,-0.3005716770708561,1.6404785113230347,-0.44071196916699407,-0.7968022227287292,-0.16558687388896942,1.73252272605896,,,,,,
1764809261.333179,,,,,,,0.2337130308151245,-0.1306079626083374,0.033938586711883545,-0.5039297938346863,0.9300675392150879,-2.3299713134765625
1764809261.340014,-0.40823768654167647,1.7780039447456597,-0.4962625914752483,-0.7530196309089661,-0.13228005170822144,1.679307460784912,,,,,,
1764809261.343209,,,,,,,0.23617732524871826,-0.1659209132194519,-0.0011652112007141113,-0.41390377283096313,0.9366173148155212,-2.18105411529541
1764809261.350066,-0.4161857229366898,1.7930495381861924,-0.5648883839339017,-0.6991736888885498,-0.12822511792182922,1.6059482097625732,,,,,,
1764809261.353239,,,,,,,0.2432335615158081,-0.20503592491149902,-0.03292036056518555,-0.379923015832901,0.9062013626098633,-2.0878381729125977
1764809261.360118,-0.6195324127912522,1.6565268520653247,-0.524885459369421,-0.6594886183738708,-0.1634579449892044,1.5029412508010864,,,,,,
1764809261.363269,,,,,,,0.25378280878067017,-0.2256225347518921,-0.06802535057067871,-0.39667031168937683,0.8648781776428223,-2.00016450881958
1764809261.37017,-0.8058984494894742,1.5294985549986362,-0.4058861549794674,-0.6253889799118042,-0.19022151827812195,1.3762803077697754,,,,,,
1764809261.3733,,,,,,,0.25756585597991943,-0.2437455654144287,-0.0889691710472107,-0.3805607259273529,0.828061044216156,-1.869408369064331
1764809261.380223,-0.9660852120533585,1.4134569313704968,-0.4488450067400932,-0.5835238099098206,-0.2326299548149109,1.222917079925537,,,,,,
1764809261.38333,,,,,,,0.25597041845321655,-0.21209049224853516,-0.0633053183555603,-0.4386541247367859,0.764849841594696,-1.7912938594818115
1764809261.390275,-1.0063938415661453,1.4153490287274122,-0.42635903416574,-0.5854114294052124,-0.19619585573673248,1.1539748907089233,,,,,,
1764809261.39336,,,,,,,0.2584996223449707,-0.19206088781356812,-0.08133485913276672,-0.4329011142253876,0.7146148681640625,-1.6046173572540283
1764809261.400327,-0.7199947744935751,1.7137410236716268,-0.4823685061573982,-0.5699208974838257,-0.1680009812116623,1.084435224533081,,,,,,
1764809261.40339,,,,,,,0.25964057445526123,-0.2389010787010193,-0.11592972278594971,-0.3316410779953003,0.6105494499206543,-1.3777852058410645
1764809261.410379,-0.6999912663847208,1.698897090283036,-0.5936123741149902,-0.5269851684570312,-0.18866273760795593,0.9651487469673157,,,,,,
1764809261.41342,,,,,,,0.25096529722213745,-0.2974807024002075,-0.13145601749420166,-0.25959062576293945,0.5118138194084167,-1.1924177408218384
1764809261.420431,-0.8633212954103946,1.5858955650031565,-0.5471656802386046,-0.46315452456474304,-0.20467500388622284,0.8301339149475098,,,,,,
1764809261.423451,,,,,,,0.24040216207504272,-0.34694546461105347,-0.14823001623153687,-0.17929045855998993,0.436435729265213,-1.0321398973464966
1764809261.430483,-1.0172118804395198,1.5823206291258334,-0.5629845961391925,-0.38539573550224304,-0.2064799815416336,0.6737218499183655,,,,,,
1764809261.433481,,,,,,,0.23631107807159424,-0.36054784059524536,-0.14880236983299255,-0.05949047952890396,0.3502955138683319,-0.8875821828842163
1764809261.440536,-1.4413821723893283,1.6224404580682514,-0.5535504128396511,-0.32275205850601196,-0.17074568569660187,0.5233302712440491,,,,,,
1764809261.443511,,,,,,,0.23805969953536987,-0.33210134506225586,-0.16552278399467468,0.10798612982034683,0.25667688250541687,-0.6948915123939514
1764809261.450588,-1.8050541564956306,1.724920004811883,-0.5789923126101494,-0.2745368778705597,-0.10879900306463242,0.36638250946998596,,,,,,
1764809261.453541,,,,,,,0.24629878997802734,-0.32850366830825806,-0.20698481798171997,0.33663612604141235,0.15984086692333221,-0.4399319291114807
1764809261.46064,-1.9503987392365931,1.7002806535959243,-0.6366495518088341,-0.21737530827522278,-0.08637519180774689,0.19245116412639618,,,,,,
1764809261.463571,,,,,,,0.26090240478515625,-0.36300885677337646,-0.22728192806243896,0.4637879431247711,0.041376546025276184,-0.218266099691391
1764809261.470692,-1.7867825867459177,1.6842320205926895,-0.5869388877004384,-0.16802319884300232,-0.06917516142129898,0.03208652883768082,,,,,,
1764809261.473602,,,,,,,0.2720404863357544,-0.4169800877571106,-0.25176626443862915,0.5017054080963135,-0.09048295021057129,0.011494120582938194
1764809261.480745,-1.5115312288925051,1.6583359473139048,-0.5597878459244966,-0.10226310789585114,-0.06444858759641647,-0.12744881212711334,,,,,,
1764809261.483632,,,,,,,0.2717251181602478,-0.4829672574996948,-0.2558618187904358,0.5134332180023193,-0.23118121922016144,0.2718231678009033
1764809261.490797,-1.5153963798880576,1.594037370404601,-0.5337409659981728,-0.005771185737103224,-0.08406862616539001,-0.30983030796051025,,,,,,
1764809261.493662,,,,,,,0.2511085867881775,-0.5120754241943359,-0.21627163887023926,0.45308345556259155,-0.33470094203948975,0.49798473715782166
1764809261.500849,-1.7395038259595632,1.5329408044070005,-0.4926531688064337,0.10794216394424438,-0.07356856763362885,-0.4838722348213196,,,,,,
1764809261.503692,,,,,,,0.23132473230361938,-0.49604249000549316,-0.15904361009597778,0.34511199593544006,-0.39426252245903015,0.690999448299408
1764809261.5109,-1.875231854571402,1.6273521955072878,-0.5572895993679762,0.22207805514335632,-0.02790914662182331,-0.6411312222480774,,,,,,
1764809261.513722,,,,,,,0.2223513126373291,-0.4654967784881592,-0.10175597667694092,0.2820555567741394,-0.45027226209640503,0.8867005705833435
1764809261.520954,-1.8876260567203162,1.7486720517992973,-0.6431774922728538,0.3314327895641327,0.02426777221262455,-0.7863890528678894,,,,,,
1764809261.523752,,,,,,,0.21964311599731445,-0.4265144467353821,-0.06826579570770264,0.292475163936615,-0.5072676539421082,1.0975818634033203
1764809261.531006,-1.730216357654333,1.7711030793160198,-0.7507751126825809,0.4382980167865753,0.050107941031455994,-0.9227362871170044,,,,,,
1764809261.533783,,,,,,,0.21769380569458008,-0.3736111521720886,-0.05658078193664551,0.3319334089756012,-0.5697683095932007,1.2700514793395996
1764809261.541058,-1.4314941078424452,1.7936118482440708,-0.8680331263631582,0.5352218747138977,0.062460482120513916,-1.0366265773773193,,,,,,
1764809261.543813,,,,,,,0.2213345766067505,-0.32616758346557617,-0.04976087808609009,0.37157297134399414,-0.6235934495925903,1.4287071228027344
1764809261.55111,-1.06877898606956,1.7889660682648418,-0.8667056771516799,0.6149096488952637,0.07760202884674072,-1.1230593919754028,,,,,,
1764809261.553843,,,,,,,0.2214270830154419,-0.3238534927368164,-0.05840408802032471,0.3834839463233948,-0.6826032400131226,1.6094924211502075
1764809261.561162,-0.8206181719765067,1.692654981023073,-0.7648024689912796,0.6859760880470276,0.07994002103805542,-1.1995588541030884,,,,,,
1764809261.563873,,,,,,,0.211678147315979,-0.3596981167793274,-0.07243305444717407,0.3727969527244568,-0.7327700257301331,1.7935187816619873
1764809261.571215,-0.7889306558147072,1.4577888250499962,-0.7136766773879528,0.7716018557548523,0.0530824176967144,-1.305214524269104,,,,,,
1764809261.573903,,,,,,,0.19833916425704956,-0.376589834690094,-0.06507164239883423,0.27926090359687805,-0.7439321279525757,1.927940011024475
1764809261.581267,-0.9122267806157469,1.1975059037476776,-0.6754226423174142,0.8440981507301331,0.007422254420816898,-1.4273332357406616,,,,,,
1764809261.583934,,,,,,,0.19830554723739624,-0.34654927253723145,-0.05279630422592163,0.1774298995733261,-0.7432919144630432,2.0404419898986816
1764809261.591319,-1.0078419945478438,1.0440256530851124,-0.5869681137949228,0.8847204446792603,-0.0025681774131953716,-1.5254684686660767,,,,,,
1764809261.593964,,,,,,,0.21176105737686157,-0.3082844018936157,-0.07246315479278564,0.15479011833667755,-0.7769478559494019,2.2031314373016357
1764809261.601371,-0.9656061963647603,0.9858628024518489,-0.5786673184394836,0.9316732883453369,0.021785099059343338,-1.6174566745758057,,,,,,
1764809261.603994,,,,,,,0.21761822700500488,-0.28294992446899414,-0.08816710114479065,0.21720875799655914,-0.8309059143066406,2.348447799682617
1764809261.611424,-0.9372969244644045,0.9315934521257877,-0.6380944899201393,0.9843732118606567,0.013587147928774357,-1.7228790521621704,,,,,,
1764809261.614024,,,,,,,0.21202445030212402,-0.26429319381713867,-0.07056412100791931,0.27649781107902527,-0.8517001271247864,2.4530558586120605
1764809261.621476,-0.8900868450000882,0.8648691093742847,-0.4786638064205646,1.034123420715332,-0.004845389164984226,-1.8294323682785034,,,,,,
1764809261.624054,,,,,,,0.21073126792907715,-0.25014328956604004,-0.051089704036712646,0.34560418128967285,-0.8352431058883667,2.5875608921051025
1764809261.631528,-0.8734729793295264,0.7656564554721117,-0.42810383200645447,1.0888317823410034,-0.008288673125207424,-1.9405876398086548,,,,,,
1764809261.634084,,,,,,,0.21679067611694336,-0.22390305995941162,-0.01662600040435791,0.42939239740371704,-0.8308305144309998,2.704416513442993
1764809261.64158,-0.910917451582849,0.6817991916120052,-0.43364743760824204,1.1345386505126953,0.013285860419273376,-2.029258966445923,,,,,,
1764809261.644115,,,,,,,0.22214800119400024,-0.18197041749954224,0.01030588150024414,0.5189406871795654,-0.8338316679000854,2.8241631984710693
1764809261.651632,-0.8629764274954795,0.6832283476322889,-0.35520109288096424,1.167597770690918,0.0580616220831871,-2.0930845737457275,,,,,,
1764809261.654145,,,,,,,0.21118628978729248,-0.17650902271270752,-0.00313606858253479,0.6948869824409485,-0.8598997592926025,2.9606056213378906
1764809261.661685,-0.8168208255201578,0.6346995867848396,-0.41251404868662356,1.2017688751220703,0.12549471855163574,-2.144071578979492,,,,,,
1764809261.664175,,,,,,,0.18783366680145264,-0.1931111216545105,-0.020206600427627563,0.8433483839035034,-0.8664156794548035,3.06563663482666
1764809261.671737,-0.784550248773396,0.5683385243877768,-0.5184153865724802,1.2471239566802979,0.17111274600028992,-2.209764242172241,,,,,,
1764809261.674205,,,,,,,0.16641104221343994,-0.21271151304244995,-0.01811125874519348,0.8784048557281494,-0.8116437792778015,3.1219844818115234
1764809261.681789,-0.7517159006640315,0.4340194857910275,-0.5719301191389561,1.3006953001022339,0.0908336192369461,-2.305464267730713,,,,,,
1764809261.684235,,,,,,,0.16861861944198608,-0.21656715869903564,0.03621286153793335,0.6992138028144836,-0.7381410598754883,3.0946850776672363
1764809261.691841,-0.5638686854973435,0.3330710941374302,-0.35027240430712697,1.335898518562317,-0.0910433903336525,-2.4002699851989746,,,,,,
1764809261.694266,,,,,,,0.1994384527206421,-0.17668133974075317,0.0912848711013794,0.32743269205093384,-0.6753543615341187,3.081576347351074
1764809261.701894,-0.14404314475357533,0.29013416194766756,-0.03919336174726486,1.357194423675537,-0.17880946397781372,-2.451122522354126,,,,,,
1764809261.704296,,,,,,,0.2425701916217804,-0.1586551070213318,0.08648526668548584,-0.04348466917872429,-0.6764422655105591,3.2006280422210693
1764809261.711946,0.24658728116601705,0.3054980275571346,-0.1385883864790201,1.3705313205718994,-0.1581907868385315,-2.4590256214141846,,,,,,
1764809261.714326,,,,,,,0.25733238458633423,-0.1811211109161377,0.048309504985809326,-0.2817361652851105,-0.7379077672958374,3.308401107788086
1764809261.721998,0.3626575463667512,0.4314920131400227,-0.3089537209689617,1.3701717853546143,-0.1590248942375183,-2.4383127689361572,,,,,,
1764809261.724356,,,,,,,0.23168376088142395,-0.15278226137161255,0.04024362564086914,-0.48473960161209106,-0.7545890212059021,3.296588897705078
1764809261.73205,0.293335588337481,0.4116837353423238,-0.20294541557729243,1.3579962253570557,-0.17177872359752655,-2.4247848987579346,,,,,,
1764809261.734386,,,,,,,0.20548075437545776,-0.0755695104598999,0.0352860689163208,-0.5480315685272217,-0.6966798901557922,3.3060851097106934
1764809261.742102,0.16015636742562053,0.18460355707034468,-0.15805588801503181,1.3418787717819214,-0.13866284489631653,-2.4361791610717773,,,,,,
1764809261.744417,,,,,,,0.20648592710494995,-0.010149359703063965,0.001409977674484253,-0.3496236503124237,-0.6740020513534546,3.3691012859344482
1764809261.752155,-0.039240123498439784,-0.015621347501873968,-0.23533552705049512,1.3303507566452026,-0.06675862520933151,-2.4812042713165283,,,,,,
1764809261.754447,,,,,,,0.21173617243766785,0.02978229522705078,-0.03108757734298706,0.011607086285948753,-0.7016451358795166,3.398944616317749
1764809261.762207,-0.28707974281311033,-0.16801570262387394,-0.20813947708904743,1.3110876083374023,-0.018216922879219055,-2.5477077960968018,,,,,,
1764809261.764477,,,,,,,0.20476189255714417,0.03703653812408447,-0.04549068212509155,0.39671242237091064,-0.7076353430747986,3.4118924140930176
1764809261.772259,-0.5005474291875958,-0.3123487702347338,-0.15478256543278693,1.3065214157104492,0.023009510710835457,-2.624788761138916,,,,,,
1764809261.774507,,,,,,,0.18688547611236572,0.018588602542877197,-0.023344486951828003,0.6716637015342712,-0.6669065952301025,3.405987024307251
1764809261.782311,-0.5769891560941934,-0.33841157838255165,-0.17396423576474188,1.3003157377243042,0.008864130824804306,-2.6976733207702637,,,,,,
1764809261.784537,,,,,,,0.1736852079629898,0.014328300952911377,0.031768620014190674,0.6777964234352112,-0.5995640158653259,3.3482532501220703
1764809261.792363,-0.4550234031140804,-0.25757110506035386,-0.0372135861068964,1.288961410522461,-0.059641048312187195,-2.7409348487854004,,,,,,
1764809261.794567,,,,,,,0.1799030601978302,0.011429786682128906,0.08202901482582092,0.47676604986190796,-0.5190050005912781,3.3209786415100098
1764809261.802416,-0.15169687437713145,-0.10395641436316072,0.0991010102212429,1.271254539489746,-0.0925489291548729,-2.737417697906494,,,,,,
1764809261.804598,,,,,,,0.20213021337985992,-0.004583537578582764,0.09139803051948547,0.22520864009857178,-0.47594061493873596,3.3398497104644775
1764809261.812468,0.19828443802893161,0.10886632517129183,-0.010831775137782097,1.2617077827453613,-0.10580196976661682,-2.7033345699310303,,,,,,
1764809261.814628,,,,,,,0.2134602963924408,-0.008147716522216797,0.08111193776130676,0.04328584671020508,-0.474406898021698,3.378807783126831
1764809261.82252,0.42939270277321334,0.17856007565502077,-0.07301438280642032,1.25792396068573,-0.06705270707607269,-2.6557064056396484,,,,,,
1764809261.824658,,,,,,,0.21336257457733154,0.002167344093322754,0.0569339394569397,0.058302611112594604,-0.46453455090522766,3.4550039768218994
1764809261.832572,0.5359323385626077,0.17512358013400808,-0.14094810134768485,1.243070125579834,0.03308287262916565,-2.60528564453125,,,,,,
1764809261.834688,,,,,,,0.19575698673725128,0.017827987670898438,0.025329113006591797,0.2878689467906952,-0.4610210657119751,3.5089070796966553
1764809261.842625,0.5763824223726988,0.11652248421395196,-0.19153905542194843,1.2256979942321777,0.14016911387443542,-2.564723491668701,,,,,,
1764809261.844718,,,,,,,0.16271242499351501,0.042792320251464844,0.010038226842880249,0.6042085289955139,-0.4256798326969147,3.501166820526123
1764809261.852677,0.5775742625057697,0.01693601029701531,-0.17314298250973223,1.212744951248169,0.19309982657432556,-2.5418100357055664,,,,,,
1764809261.854749,,,,,,,0.13701081275939941,0.06862509250640869,0.02513018250465393,0.8458507657051086,-0.3630580008029938,3.4234468936920166
1764809261.862729,0.5911000990331172,-0.06491568589434027,-0.023735680374503135,1.2046703100204468,0.15183734893798828,-2.539691209793091,,,,,,
1764809261.864779,,,,,,,0.1334739476442337,0.07946145534515381,0.04418012499809265,0.8523269891738892,-0.30008116364479065,3.356907844543457
1764809261.872781,0.6110258657306432,-0.12992679498717188,0.1895838297009468,1.192827582359314,0.04116876795887947,-2.556901216506958,,,,,,
1764809261.874809,,,,,,,0.1519482582807541,0.03514891862869263,0.05211961269378662,0.7420571446418762,-0.22447910904884338,3.376162528991699
1764809261.882833,0.588430003041029,-0.20540895614661275,0.2625467745810747,1.1714749336242676,-0.0811302438378334,-2.584352493286133,,,,,,
1764809261.88484,,,,,,,0.1749008446931839,-0.01922065019607544,0.055801570415496826,0.5232483744621277,-0.1724816858768463,3.42795729637146
1764809261.892886,0.5645733266353606,-0.26133323407284914,0.26052374432086944,1.1376984119415283,-0.1502847671508789,-2.605299234390259,,,,,,
1764809261.894869,,,,,,,0.1891992688179016,-0.04862147569656372,0.04148167371749878,0.30383792519569397,-0.15639379620552063,3.4746930599212646
1764809261.902938,0.5083657017230987,-0.2842522643022239,0.27652327748537064,1.0999659299850464,-0.1494453400373459,-2.6176393032073975,,,,,,
1764809261.9049,,,,,,,0.1932767629623413,-0.05688512325286865,0.008650243282318115,0.26363247632980347,-0.16659796237945557,3.49820876121521
1764809261.91299,0.40210342157036066,-0.32541531868726015,0.09919394920170306,1.046904444694519,-0.10301660001277924,-2.610752820968628,,,,,,
1764809261.91493,,,,,,,0.18331199884414673,-0.02798473834991455,-0.0308840274810791,0.3937523663043976,-0.14557524025440216,3.5092110633850098
1764809261.923042,0.35191344951242204,-0.36175475230813026,-0.056958151018619535,0.9890784621238708,-0.07601001858711243,-2.602581262588501,,,,,,
1764809261.92496,,,,,,,0.17081153392791748,0.047908246517181396,-0.026391923427581787,0.5365505814552307,-0.12328484654426575,3.4311580657958984
1764809261.933095,0.3141895757958293,-0.3578380172558129,-0.15991116049289703,0.9281834363937378,-0.0883907824754715,-2.578306198120117,,,,,,
1764809261.93499,,,,,,,0.17440226674079895,0.13269269466400146,-0.014208018779754639,0.7016019821166992,-0.10089964419603348,3.3418991565704346
1764809261.943147,0.48197716875225305,-0.2185762615598738,-0.05724982744157314,0.8574903607368469,-0.09883490204811096,-2.5173728466033936,,,,,,
1764809261.94502,,,,,,,0.19838306307792664,0.1744312047958374,-0.0019344091415405273,0.8234895467758179,-0.07743319869041443,3.367736577987671
1764809261.953199,0.9577201192900537,0.01405994340404868,0.00412087932229042,0.806481659412384,-0.14283867180347443,-2.4726500511169434,,,,,,
1764809261.95505,,,,,,,0.20892184972763062,0.1823413372039795,0.028028368949890137,0.8830312490463257,-0.11749246716499329,3.344250440597534
1764809261.963251,1.0189125468775628,0.10703764843940734,0.005631868407130241,0.7536259293556213,-0.18531902134418488,-2.4412245750427246,,,,,,
1764809261.965081,,,,,,,0.2063715159893036,0.17339426279067993,0.0486491322517395,0.8806280493736267,-0.11976946890354156,3.347693920135498
1764809261.973303,0.9271113382756709,0.2102536927640438,0.06053600950539112,0.7124540209770203,-0.1972126066684723,-2.411358594894409,,,,,,
1764809261.975111,,,,,,,0.196856290102005,0.14776617288589478,0.06029617786407471,0.9032732248306274,-0.07242938131093979,3.3950774669647217
1764809261.983356,0.9249038913592695,0.2766749609157443,-0.029093408015370366,0.7003957629203796,-0.17615792155265808,-2.381830930709839,,,,,,
1764809261.985141,,,,,,,0.17715439200401306,0.11724847555160522,0.07598423957824707,0.8626648187637329,-0.05065936967730522,3.373873472213745
1764809261.993408,0.868883897973597,0.30696868463158605,-0.08115501916408538,0.7099434733390808,-0.164901003241539,-2.3520610332489014,,,,,,
1764809261.995171,,,,,,,0.15627095103263855,0.08718395233154297,0.08656513690948486,0.7967756390571594,-0.01876934990286827,3.28608775138855
1764809262.00346,0.7608245052710175,0.37664398614317174,-0.01555938818156719,0.7198011875152588,-0.1773909628391266,-2.3214762210845947,,,,,,
1764809262.005201,,,,,,,0.14218607544898987,0.07250142097473145,0.10141557455062866,0.7000107765197754,0.05970042571425438,3.2268435955047607
1764809262.013512,0.7023734853461384,0.3782894152626395,0.10520751040279865,0.7330654859542847,-0.19365225732326508,-2.2902088165283203,,,,,,
1764809262.015232,,,,,,,0.14033454656600952,0.08140337467193604,0.09577184915542603,0.6282728910446167,0.12086018174886703,3.188244581222534
1764809262.023564,0.6605094430848956,0.3269406285583973,0.14154548271894454,0.735953152179718,-0.20269794762134552,-2.2636468410491943,,,,,,
1764809262.025262,,,,,,,0.14573895931243896,0.111960768699646,0.05665302276611328,0.5986497402191162,0.13827086985111237,3.1227223873138428
1764809262.033617,0.6451680815681815,0.27179040374457836,0.1339747552037239,0.7004214525222778,-0.16733059287071228,-2.1956405639648438,,,,,,
1764809262.035292,,,,,,,0.15120431780815125,0.14720743894577026,0.02929854393005371,0.5643866062164307,0.1517363339662552,3.058256149291992
1764809262.043669,0.9611030397266149,0.2525947048872709,0.05842413191795349,0.6800006031990051,-0.18540360033512115,-2.1780784130096436,,,,,,
1764809262.045322,,,,,,,0.15575191378593445,0.15528589487075806,0.010262131690979004,0.5420647859573364,0.14686967432498932,3.005061626434326
1764809262.053721,0.6155889358624815,-0.06485504174828528,-0.16679449026584625,0.6395725011825562,-0.19583041965961456,-2.2170026302337646,,,,,,
1764809262.055352,,,,,,,0.16079676151275635,0.15152716636657715,0.002817392349243164,0.5661571025848389,0.18032057583332062,2.9541025161743164
1764809262.063773,0.201416890835762,-0.2454588616579771,-0.09594459201693534,0.5860839486122131,-0.185821995139122,-2.2666635513305664,,,,,,
1764809262.065382,,,,,,,0.16983795166015625,0.1669347882270813,0.017541587352752686,0.6097645163536072,0.21265508234500885,2.897740125656128
1764809262.073826,0.1770177781164646,-0.16163023937046528,-0.08356032674014569,0.5411761999130249,-0.148882657289505,-2.285548448562622,,,,,,
1764809262.075413,,,,,,,0.17460674047470093,0.17630118131637573,0.024801969528198242,0.7072209119796753,0.20769041776657104,2.8568828105926514
1764809262.083878,0.3182891200691461,0.051363107490539545,-0.10150748684108257,0.5113682150840759,-0.11685654520988464,-2.2522082328796387,,,,,,
1764809262.085443,,,,,,,0.16492748260498047,0.17156440019607544,0.034932613372802734,0.7550147771835327,0.18547885119915009,2.826099157333374
1764809262.09393,0.48521366645544767,0.33918665440827606,-0.17122165905833242,0.4957250952720642,-0.10399826616048813,-2.1707794666290283,,,,,,
1764809262.095473,,,,,,,0.145075261592865,0.15059494972229004,0.05607736110687256,0.6993575692176819,0.18318293988704681,2.7659153938293457
1764809262.103982,0.6092819446727633,0.6393643637254833,-0.15156769503951073,0.49417805671691895,-0.10684119164943695,-2.0489394664764404,,,,,,
1764809262.105503,,,,,,,0.12593287229537964,0.1339150071144104,0.08163809776306152,0.5558560490608215,0.21690230071544647,2.666411876678467
1764809262.114034,0.7759533930808306,0.8586746386483312,-0.11305004059672355,0.4831382930278778,-0.0967894047498703,-1.8484020233154297,,,,,,
1764809262.115533,,,,,,,0.11836600303649902,0.14456838369369507,0.1010274887084961,0.4009637236595154,0.2661247253417969,2.542847156524658
1764809262.124087,1.1757032372623681,1.093809090168774,-0.07487842311263083,0.5245286226272583,-0.2184915989637375,-1.720375418663025,,,,,,
1764809262.125564,,,,,,,0.12686443328857422,0.18098634481430054,0.09803569316864014,0.3097784221172333,0.2885887324810028,2.436729907989502
1764809262.134139,0.4892112116590142,0.9001748160332441,-0.03570084345638752,0.5426313281059265,-0.3203739821910858,-1.677109718322754,,,,,,
1764809262.135594,,,,,,,0.13669615983963013,0.2242470383644104,0.07548487186431885,0.34347590804100037,0.30409952998161316,2.3307878971099854
1764809262.144191,-0.17676731048673391,0.6665244655907153,-0.0008604162216186523,0.5294910073280334,-0.35131725668907166,-1.6547385454177856,,,,,,
1764809262.145624,,,,,,,0.13390707969665527,0.2592138648033142,0.0708383321762085,0.4530197083950043,0.3202388286590576,2.187620162963867
1764809262.154243,-0.2093017988666892,0.6157406192928552,-0.17415011372566222,0.5073376297950745,-0.33440545201301575,-1.5964494943618774,,,,,,
1764809262.155654,,,,,,,0.12049514055252075,0.2759016454219818,0.08780407905578613,0.5995959043502808,0.3452163338661194,2.0648276805877686
1764809262.164295,-0.0620312164992094,0.7127718375027179,-0.3362321885168552,0.4966226816177368,-0.3119216859340668,-1.5021640062332153,,,,,,
1764809262.165684,,,,,,,0.10526013374328613,0.2728380262851715,0.10983854532241821,0.7456532716751099,0.3864330053329468,1.960449457168579
1764809262.174348,0.03462356961369514,0.879510798189044,-0.40893092950284476,0.5115875005722046,-0.2850949168205261,-1.377957820892334,,,,,,
1764809262.175715,,,,,,,0.08566582202911377,0.2673994302749634,0.12824714183807373,0.8868972063064575,0.420860230922699,1.8547478914260864
1764809262.1844,0.11451660601794719,1.0500158334106207,-0.5448480509459972,0.5513125658035278,-0.24194876849651337,-1.245874285697937,,,,,,
1764809262.185745,,,,,,,0.06077003479003906,0.2695803940296173,0.13676869869232178,1.02866792678833,0.4566957354545593,1.7197868824005127
1764809262.194452,0.2278667986050248,1.153310203668475,-0.7370984695076942,0.6025819182395935,-0.17784684896469116,-1.1220875978469849,,,,,,
1764809262.195775,,,,,,,0.03842806816101074,0.2762041687965393,0.14827346801757812,1.1328842639923096,0.5129765868186951,1.582533597946167
1764809262.204504,0.33131343681514264,1.1456091277718543,-0.8634270938724279,0.6628146171569824,-0.0993693470954895,-1.0141656398773193,,,,,,
1764809262.205805,,,,,,,0.02563941478729248,0.2626532018184662,0.16035985946655273,1.1572766304016113,0.5655931830406189,1.4658540487289429
1764809262.214557,0.4968281164035201,1.069952121502161,-0.8336135548889636,0.7112715840339661,-0.019737230613827705,-0.8880528211593628,,,,,,
1764809262.215835,,,,,,,0.02522885799407959,0.22684422135353088,0.1491926908493042,1.0854469537734985,0.6174952387809753,1.360817790031433
1764809262.224609,0.920915698505938,1.0235498512893915,-0.6892255422204733,0.7656445503234863,-0.040973812341690063,-0.8010177612304688,,,,,,
1764809262.225865,,,,,,,0.027978956699371338,0.18760168552398682,0.13183742761611938,0.9568769335746765,0.6668918132781982,1.2479485273361206
1764809262.234661,0.7309583593174814,0.7332523154735565,-0.622180881473422,0.8023340702056885,-0.12089117616415024,-0.8168461918830872,,,,,,
1764809262.235896,,,,,,,0.024773776531219482,0.17119479179382324,0.10877090692520142,0.8202813863754272,0.7292969226837158,1.1264607906341553
1764809262.244713,0.07633212905228137,0.3213379862457514,-0.41951954353451726,0.8018174171447754,-0.12681059539318085,-0.8020661473274231,,,,,,
1764809262.245926,,,,,,,0.024120092391967773,0.17665916681289673,0.0938941240310669,0.7073519229888916,0.7778002619743347,0.9887168407440186
1764809262.254765,0.4214852906495333,0.2739706703931093,-0.33855215589702126,0.7954061627388,-0.12607277929782867,-0.7451500296592712,,,,,,
1764809262.255956,,,,,,,0.010219335556030273,0.18333464860916138,0.0812872052192688,0.6151361465454102,0.7849143743515015,0.8675810098648071
1764809262.264818,0.6601289193347096,0.18588965135812757,-0.40697219665050505,0.7804016470909119,-0.14320328831672668,-0.6650897860527039,,,,,,
1764809262.265986,,,,,,,0.0012897849082946777,0.1790335476398468,0.07133853435516357,0.5597216486930847,0.8203109502792358,0.77337247133255
1764809262.27487,0.6536839809790254,0.110372930341959,-0.42210956002771854,0.7621310353279114,-0.14409513771533966,-0.5800496935844421,,,,,,
1764809262.276016,,,,,,,0.0020220279693603516,0.1762789785861969,0.060443222522735596,0.5017727613449097,0.8730258345603943,0.682226300239563
1764809262.284922,0.6732680946320295,0.12888824571967125,-0.5906541088312864,0.7508286237716675,-0.14153024554252625,-0.508995771408081,,,,,,
1764809262.286047,,,,,,,0.01030820608139038,0.1760072112083435,0.0709371566772461,0.4696614444255829,0.8961862921714783,0.5824688076972961
1764809262.294974,0.6577323795869946,0.2492839729040861,-0.7588841848582029,0.7636845111846924,-0.1434440314769745,-0.4558770954608917,,,,,,
1764809262.296077,,,,,,,0.02370142936706543,0.17799457907676697,0.08740532398223877,0.4908312261104584,0.893593966960907,0.49491366744041443
1764809262.305026,0.6403501598924398,0.4643646474331617,-0.753693630477786,0.7998161315917969,-0.15258586406707764,-0.40895405411720276,,,,,,
1764809262.306107,,,,,,,0.02526116371154785,0.1767573058605194,0.10580670833587646,0.5177446007728577,0.8726146221160889,0.4357411563396454
1764809262.315079,0.559162407502532,0.5982628302693367,-0.7355290282338858,0.8456863164901733,-0.17078880965709686,-0.3635716438293457,,,,,,
1764809262.316137,,,,,,,0.013627707958221436,0.1650085151195526,0.1208842396736145,0.5195824503898621,0.8671343922615051,0.3910212814807892
1764809262.325131,0.4155988629594445,0.6270692380368709,-0.7052063706845044,0.8886252641677856,-0.18018631637096405,-0.3203272223472595,,,,,,
1764809262.326167,,,,,,,-0.0021975040435791016,0.14164471626281738,0.13356733322143555,0.502773642539978,0.8816757798194885,0.3313124179840088
1764809262.335183,0.2861950689330697,0.5673866304904223,-0.6694581809550524,0.9282490015029907,-0.17251832783222198,-0.28134262561798096,,,,,,
1764809262.336197,,,,,,,-0.011841952800750732,0.12036207318305969,0.13614630699157715,0.4531761407852173,0.9083875417709351,0.2640433609485626
1764809262.345235,0.20128625019341706,0.47874388591945166,-0.7079676520913839,0.9494019746780396,-0.16042011976242065,-0.2513943314552307,,,,,,
1764809262.346228,,,,,,,-0.006873130798339844,0.10009804368019104,0.13444381952285767,0.3375893533229828,0.9433010816574097,0.20174962282180786
1764809262.355287,0.14416618661135433,0.45129473797976966,-0.7352846980839968,0.960804283618927,-0.15246297419071198,-0.2288471758365631,,,,,,
1764809262.356258,,,,,,,0.013535022735595703,0.06906169652938843,0.12696725130081177,0.1847592443227768,0.9726371169090271,0.14700327813625336
1764809262.36534,0.23556261380463836,0.4983674548000097,-0.7771633533924818,0.9914932250976562,-0.13937991857528687,-0.20890143513679504,,,,,,
1764809262.366288,,,,,,,0.030306577682495117,0.03897356986999512,0.12391793727874756,0.012347806245088577,0.9675230383872986,0.09521038830280304
1764809262.375392,0.36079642866998907,0.5346837998062371,-0.6873749459177255,1.044292688369751,-0.1225689947605133,-0.1983513981103897,,,,,,
1764809262.376318,,,,,,,0.01861429214477539,0.02757081389427185,0.10906875133514404,-0.17136196792125702,0.9363584518432617,0.039984818547964096
1764809262.385444,0.3684522041201591,0.43778292997777457,-0.5485433983325958,1.0770593881607056,-0.13716578483581543,-0.19058482348918915,,,,,,
1764809262.386348,,,,,,,-0.006611466407775879,0.028440386056900024,0.09648007154464722,-0.3330629765987396,0.959119439125061,-0.00765194371342659
1764809262.395496,0.34110096359699965,0.29322014526426793,-0.3948006973415613,1.0724533796310425,-0.1851159632205963,-0.17852602899074554,,,,,,
1764809262.396379,,,,,,,-0.017157316207885742,0.034280985593795776,0.08902597427368164,-0.47030720114707947,1.0503036975860596,-0.0319279246032238
1764809262.405549,0.4695443881586194,0.20040859057605265,-0.29841069964468475,1.0515284538269043,-0.24220189452171326,-0.16221868991851807,,,,,,
1764809262.406409,,,,,,,0.004207611083984375,0.043142229318618774,0.08131203055381775,-0.5582093596458435,1.1144554615020752,-0.05252374708652496
1764809262.415601,0.6925000338464975,0.1984369982421398,-0.3149982618302107,1.0532726049423218,-0.2875760793685913,-0.1503019481897354,,,,,,
1764809262.416439,,,,,,,0.033427536487579346,0.05901080369949341,0.07982957363128662,-0.5849831700325012,1.1024068593978882,-0.06939313560724258
1764809262.425653,0.8790215533673763,0.2520277186542749,-0.2580477095961571,1.0817623138427734,-0.3166865408420563,-0.13981495797634125,,,,,,
1764809262.426469,,,,,,,0.04069763422012329,0.07474610209465027,0.06196027994155884,-0.5850859880447388,1.0521458387374878,-0.0754728689789772
1764809262.435705,0.8786573962301015,0.2615261993616819,-0.20352876842319964,1.1163901090621948,-0.34983038902282715,-0.13347236812114716,,,,,,
1764809262.436499,,,,,,,0.022242844104766846,0.0780002772808075,0.050218164920806885,-0.5509324669837952,1.0438638925552368,-0.06687891483306885
1764809262.445757,0.7475947290807962,0.23733751452267168,-0.04567629402577877,1.1362733840942383,-0.353223592042923,-0.1263636350631714,,,,,,
1764809262.446529,,,,,,,-0.001988530158996582,0.08051660656929016,0.029743194580078125,-0.5184558033943176,1.077326774597168,-0.05249784514307976
1764809262.45581,0.5983034545406699,0.14474223293364047,0.09418284304141998,1.1232719421386719,-0.3473515212535858,-0.11944219470024109,,,,,,
1764809262.45656,,,,,,,-0.010428786277770996,0.08445996046066284,-0.006106317043304443,-0.48412561416625977,1.118854284286499,-0.04348890483379364
1764809262.465862,0.4566220704823732,-0.017871172255277634,0.13003858479857444,1.091363549232483,-0.33420589566230774,-0.10698472708463669,,,,,,
1764809262.46659,,,,,,,0.009229898452758789,0.08307358622550964,-0.03006884455680847,-0.4352310299873352,1.144045352935791,-0.026987692341208458
1764809262.475914,0.4956660868868231,-0.1339011054456234,0.13646014227867126,1.0545066595077515,-0.31826937198638916,-0.09917522966861725,,,,,,
1764809262.47662,,,,,,,0.03357434272766113,0.08575114607810974,-0.05161890387535095,-0.3983311057090759,1.1360294818878174,-0.015205333940684795
1764809262.485966,0.56643970502913,-0.17336919248104093,0.09731763393580913,1.0168166160583496,-0.3171694874763489,-0.09300149232149124,,,,,,
1764809262.48665,,,,,,,0.053018927574157715,0.07964000105857849,-0.05379164218902588,-0.3668392300605774,1.1135777235031128,-0.0013182808179408312
1764809262.496018,0.6301806480556726,-0.060661681711673736,0.17693185339868067,1.0012151002883911,-0.319701224565506,-0.09048077464103699,,,,,,
1764809262.49668,,,,,,,0.062199175357818604,0.06479543447494507,-0.04543435573577881,-0.34240737557411194,1.0847961902618408,0.01755966991186142
1764809262.506071,0.7269546766340732,0.16408873843848704,0.3202349934399128,1.000048279762268,-0.34012311697006226,-0.09333302080631256,,,,,,
1764809262.50671,,,,,,,0.057977259159088135,0.053998082876205444,-0.04707437753677368,-0.35624170303344727,1.0489683151245117,0.023081734776496887
1764809262.516123,0.6738160839036107,0.31937399269640443,0.4031979388087988,1.016143560409546,-0.38447731733322144,-0.10204517841339111,,,,,,
1764809262.516741,,,,,,,0.04853147268295288,0.040812790393829346,-0.033798933029174805,-0.36712804436683655,1.0305914878845215,0.030015740543603897
1764809262.526175,0.6171273974761367,0.37271219965219493,0.5858996077805757,1.0369892120361328,-0.40486299991607666,-0.1081685870885849,,,,,,
1764809262.526771,,,,,,,0.03592771291732788,0.041215717792510986,-0.042399078607559204,-0.3868674039840698,1.0284119844436646,0.026454295963048935
1764809262.536226,0.5110077406644821,0.3274228591173887,0.7110439907968044,1.043453335762024,-0.415840744972229,-0.11071246862411499,,,,,,
1764809262.536801,,,,,,,0.03332102298736572,0.052505284547805786,-0.056099385023117065,-0.3819185197353363,1.0381673574447632,0.01861121878027916
1764809262.546278,0.2844961560606956,0.21149638630151749,0.7838175505846738,1.0397720336914062,-0.40036696195602417,-0.09569543600082397,,,,,,
1764809262.546831,,,,,,,0.037335336208343506,0.06443670392036438,-0.07052755355834961,-0.33527618646621704,1.044461727142334,0.014848172664642334
1764809262.556331,0.1356555478975177,0.09271277048885822,0.8105474443390965,1.020114779472351,-0.3698345124721527,-0.07462383061647415,,,,,,
1764809262.556861,,,,,,,0.043136537075042725,0.0794152021408081,-0.08962541818618774,-0.273103266954422,1.0358994007110596,0.0015107286162674427
1764809262.566383,-0.037546763584017755,0.04068564613163471,0.7603092492252588,0.9997456669807434,-0.3193758428096771,-0.04925775155425072,,,,,,
1764809262.566892,,,,,,,0.05120503902435303,0.08346536755561829,-0.09921085834503174,-0.19590701162815094,1.0243139266967773,-0.009187721647322178
1764809262.576435,-0.08699234701544045,0.07006780796051025,0.8328975155740976,0.9986241459846497,-0.23033690452575684,-0.022784214466810226,,,,,,
1764809262.576922,,,,,,,0.05141341686248779,0.07796403765678406,-0.1266307830810547,-0.13260190188884735,0.990212082862854,-0.028021331876516342
1764809262.586487,-0.1546770592316985,0.05870587146878242,0.8629431097477674,0.9719967842102051,-0.18268202245235443,-0.006411898415535688,,,,,,
1764809262.586952,,,,,,,0.045088112354278564,0.06810790300369263,-0.15778490900993347,-0.0729479044675827,0.9717665314674377,-0.057162173092365265
