timestamp,phone_accel_x,phone_accel_y,phone_accel_z,phone_gyro_x,phone_gyro_y,phone_gyro_z,watch_accel_x,watch_accel_y,watch_accel_z,watch_gyro_x,watch_gyro_y,watch_gyro_z
1764809271.040358,0.10457710354477166,0.29254209987223145,0.4778589197784662,0.6720879673957825,-0.8907395601272583,0.1298641413450241,,,,,,
1764809271.042388,,,,,,,0.049434781074523926,-0.010151326656341553,-0.02844175696372986,-1.256041407585144,0.5700960755348206,-0.4680282771587372
1764809271.05041,-0.017702537690103052,0.2650648948818445,0.5090700506001711,0.6661736369132996,-0.9090765118598938,0.1295861005783081,,,,,,
1764809271.052418,,,,,,,0.04603838920593262,-0.008526891469955444,-0.03516793251037598,-1.328538179397583,0.5609731078147888,-0.47949716448783875
1764809271.060462,-0.10132833088189364,0.25505495752096174,0.484897732374072,0.6618723273277283,-0.8988164067268372,0.12982845306396484,,,,,,
1764809271.062449,,,,,,,0.04069554805755615,-0.006270468235015869,-0.03820273280143738,-1.3673655986785889,0.5624054074287415,-0.4839057922363281
1764809271.070514,-0.1688195663526654,0.2536111884534359,0.4817103345096111,0.6679189801216125,-0.8555905818939209,0.12999390065670013,,,,,,
1764809271.072479,,,,,,,0.03498727083206177,-0.0038738250732421875,-0.046031445264816284,-1.3763688802719116,0.5672240853309631,-0.4798814654350281
1764809271.080567,-0.21887159124463795,0.23219898259043692,0.4918529583394527,0.6706382036209106,-0.7907613515853882,0.12653431296348572,,,,,,
1764809271.082509,,,,,,,0.02694791555404663,-0.0034979581832885742,-0.05945834517478943,-1.3691356182098389,0.5687442421913147,-0.46975117921829224
1764809271.090619,-0.33593934305012224,0.18012334291636942,0.5025140530854463,0.6723777651786804,-0.7123251557350159,0.11917680501937866,,,,,,
1764809271.092539,,,,,,,0.0213090181350708,-0.0005807280540466309,-0.06934839487075806,-1.3246134519577026,0.5822120904922485,-0.45297619700431824
1764809271.100671,-0.4035618036851287,0.09382160851359367,0.5366884176269173,0.6667068004608154,-0.6168619990348816,0.11397714167833328,,,,,,
1764809271.102569,,,,,,,0.01653885841369629,0.009313911199569702,-0.07099243998527527,-1.2539846897125244,0.6095284223556519,-0.4212060272693634
1764809271.110723,-0.43057606733888387,0.04645078552961349,0.5782385716333985,0.6605138778686523,-0.5129116177558899,0.11335982382297516,,,,,,
1764809271.112599,,,,,,,0.015841424465179443,0.022136390209197998,-0.07181267440319061,-1.1497001647949219,0.6311556696891785,-0.3799976110458374
1764809271.120775,-0.4200681173279881,0.031173136898875235,0.568433216933906,0.6563764214515686,-0.40038323402404785,0.109421007335186,,,,,,
1764809271.12263,,,,,,,0.020428717136383057,0.027456998825073242,-0.07475972175598145,-1.015636682510376,0.6406421065330505,-0.33615046739578247
1764809271.130827,-0.3993962084382772,0.04501110811531543,0.5738260158881545,0.6748282313346863,-0.269917756319046,0.11006303876638412,,,,,,
1764809271.13266,,,,,,,0.023277461528778076,0.029283076524734497,-0.07764378190040588,-0.8641377091407776,0.6391526460647583,-0.29742783308029175
1764809271.140879,-0.31006665064692496,0.10851999595165251,0.6991638756498694,0.7108609080314636,-0.12341681867837906,0.1113106906414032,,,,,,
1764809271.14269,,,,,,,0.011803269386291504,0.03236040472984314,-0.09958326816558838,-0.6874635815620422,0.637767493724823,-0.2689475417137146
1764809271.150932,-0.3836725696057081,0.08651508489251136,0.8456988372191786,0.7344536185264587,0.007413899526000023,0.10764911025762558,,,,,,
1764809271.15272,,,,,,,-0.0035809874534606934,0.03929796814918518,-0.12089031934738159,-0.48053357005119324,0.6579428315162659,-0.2366867959499359
1764809271.160984,-0.6266138954848051,-0.05481237116158008,0.9457321598544717,0.732748806476593,0.12158343195915222,0.11069857329130173,,,,,,
1764809271.16275,,,,,,,-0.013067305088043213,0.051064759492874146,-0.13578730821609497,-0.25826528668403625,0.7110758423805237,-0.1929134726524353
1764809271.171036,-0.7303890349969268,-0.1938631144553423,1.0566717841684818,0.7015075087547302,0.2411833256483078,0.12078689783811569,,,,,,
1764809271.17278,,,,,,,-0.000997781753540039,0.0649343729019165,-0.14604753255844116,-0.02654602937400341,0.7587607502937317,-0.15620259940624237
1764809271.181088,-0.6823202928766607,-0.21629823362529277,1.0769228372976183,0.6722157597541809,0.36396029591560364,0.13569609820842743,,,,,,
1764809271.182811,,,,,,,0.023605763912200928,0.06998276710510254,-0.1527072638273239,0.2080765664577484,0.7679681181907654,-0.1277235597372055
1764809271.19114,-0.5362593785598874,-0.14847557424306868,1.0249918667912483,0.6561872959136963,0.46933358907699585,0.149497389793396,,,,,,
1764809271.192841,,,,,,,0.044501543045043945,0.06410765647888184,-0.15813575685024261,0.4279913306236267,0.7386187314987183,-0.1028115525841713
1764809271.201192,-0.35012510479092596,-0.07511398543417454,0.9246654064282774,0.6468172669410706,0.538780152797699,0.16668269038200378,,,,,,
1764809271.202871,,,,,,,0.04790806770324707,0.05121040344238281,-0.1525072306394577,0.6030399799346924,0.6936576962471008,-0.08496198058128357
1764809271.211244,-0.1581765917852521,0.030841128465533253,0.8732195890903472,0.637532114982605,0.5644333362579346,0.1817186325788498,,,,,,
1764809271.212901,,,,,,,0.03872036933898926,0.03503105044364929,-0.1410340517759323,0.7106271386146545,0.6660351157188416,-0.07887106388807297
1764809271.221297,0.0012599369332194328,0.07951660430729389,0.8892144460797309,0.6188198328018188,0.5575855374336243,0.19032682478427887,,,,,,
1764809271.222931,,,,,,,0.03172272443771362,0.018709033727645874,-0.12967875599861145,0.7471643686294556,0.6505887508392334,-0.07478184252977371
1764809271.231349,0.1278390289276838,0.05793488709628582,0.8841101086780428,0.5944138169288635,0.5301334261894226,0.1961868405342102,,,,,,
1764809271.232962,,,,,,,0.03154587745666504,0.00949665904045105,-0.11786659061908722,0.7387519478797913,0.6303487420082092,-0.07624737918376923
1764809271.241401,0.2084580415189266,-0.0010597381860017775,0.8554843181744217,0.5720666646957397,0.4884384870529175,0.19984494149684906,,,,,,
1764809271.242992,,,,,,,0.03703451156616211,0.0035848617553710938,-0.11034952104091644,0.6954867243766785,0.5939435958862305,-0.07971475273370743
1764809271.251453,0.2427855507954955,-0.08543430391848086,0.785089177955687,0.5490103960037231,0.43728822469711304,0.20077651739120483,,,,,,
1764809271.253022,,,,,,,0.03499400615692139,-0.0026413798332214355,-0.10873579978942871,0.6269299983978271,0.5450314283370972,-0.09666337817907333
1764809271.261505,0.24953005661964414,-0.14173252972364425,0.7166393265858292,0.520871102809906,0.3818911015987396,0.20484893023967743,,,,,,
1764809271.263052,,,,,,,0.028564453125,-0.012930244207382202,-0.10761082172393799,0.5459038615226746,0.5063016414642334,-0.11973907053470612
1764809271.271557,0.2160533189535141,-0.18373335010707378,0.7270534608334303,0.4884495139122009,0.3198085427284241,0.2119894027709961,,,,,,
1764809271.273082,,,,,,,0.021626770496368408,-0.021121621131896973,-0.11013628542423248,0.4336092174053192,0.47525182366371155,-0.1520695686340332
1764809271.281609,0.18136691323667764,-0.21773323486447332,0.712452688550949,0.4535778760910034,0.25001227855682373,0.22214165329933167,,,,,,
1764809271.283112,,,,,,,0.019331693649291992,-0.027982264757156372,-0.1140017956495285,0.3229581117630005,0.4450435936450958,-0.19038014113903046
1764809271.291662,0.11592939542531966,-0.2699421455293894,0.6456362836018205,0.4167815148830414,0.1806420087814331,0.2320059984922409,,,,,,
1764809271.293143,,,,,,,0.013587713241577148,-0.02772343158721924,-0.11131073534488678,0.2224179059267044,0.40906935930252075,-0.22349947690963745
1764809271.301714,0.0302662511870265,-0.336402284386754,0.6299585297375917,0.3798392117023468,0.12623070180416107,0.24130308628082275,,,,,,
1764809271.303173,,,,,,,0.01016545295715332,-0.02013951539993286,-0.10457880795001984,0.14125372469425201,0.3726245164871216,-0.24920105934143066
1764809271.311766,-0.03922551045119762,-0.36791502850353713,0.6182064248844981,0.34461674094200134,0.08993026614189148,0.24642576277256012,,,,,,
1764809271.313203,,,,,,,0.010407745838165283,-0.017487525939941406,-0.09800408780574799,0.08048383891582489,0.3408293128013611,-0.26697099208831787
1764809271.321818,-0.0913192703038454,-0.3000695727676153,0.5468684508576989,0.3182150721549988,0.07076447457075119,0.2540707588195801,,,,,,
1764809271.323233,,,,,,,0.00962907075881958,-0.01748153567314148,-0.09447580575942993,0.024539675563573837,0.3066210150718689,-0.2835253179073334
1764809271.33187,-0.12307049935162066,-0.23765315634310244,0.48590866298228497,0.2968059182167053,0.06376728415489197,0.2592617869377136,,,,,,
1764809271.333263,,,,,,,0.013946890830993652,-0.018173784017562866,-0.09363769739866257,-0.03212067484855652,0.2749200761318207,-0.295093297958374
1764809271.341922,-0.15163140792548654,-0.1500952843993902,0.4546481400609016,0.27699264883995056,0.060873620212078094,0.2586531937122345,,,,,,
1764809271.343293,,,,,,,0.017838478088378906,-0.022976666688919067,-0.09470009803771973,-0.08822382241487503,0.2449464499950409,-0.304633766412735
1764809271.351974,-0.18282851022183894,-0.12341536726653575,0.43136575641185043,0.2583366632461548,0.05695930868387222,0.25777941942214966,,,,,,
1764809271.353324,,,,,,,0.017432808876037598,-0.027499914169311523,-0.09478534758090973,-0.1296367645263672,0.21806876361370087,-0.311396062374115
1764809271.362027,-0.1720794449314475,-0.12890695042014122,0.45108781723082064,0.23319147527217865,0.043183859437704086,0.256523072719574,,,,,,
1764809271.363354,,,,,,,0.015968799591064453,-0.025634586811065674,-0.08825582265853882,-0.15802761912345886,0.194712832570076,-0.3108828067779541
1764809271.372079,-0.11710369990170001,-0.15212825153172016,0.46634383855164047,0.209909588098526,0.017955731600522995,0.253384530544281,,,,,,
1764809271.373384,,,,,,,0.0159987211227417,-0.0227871835231781,-0.08559620380401611,-0.17188140749931335,0.17598815262317657,-0.30715411901474
1764809271.382131,-0.04770370820015669,-0.15276654943525791,0.511091911816597,0.18745161592960358,-0.028988080099225044,0.25047287344932556,,,,,,
1764809271.383414,,,,,,,0.016754090785980225,-0.02526995539665222,-0.08481931686401367,-0.18253539502620697,0.14996586740016937,-0.30622100830078125
1764809271.392183,-0.018293781581521035,-0.16281272715330122,0.5428370033845306,0.16214706003665924,-0.07953833788633347,0.24886326491832733,,,,,,
1764809271.393444,,,,,,,0.016579508781433105,-0.03231188654899597,-0.08758258819580078,-0.19250014424324036,0.1239800751209259,-0.30827268958091736
1764809271.402235,-0.011391162586212157,-0.1834188773304224,0.49279959153980013,0.138031467795372,-0.1265370398759842,0.2480701357126236,,,,,,
1764809271.403475,,,,,,,0.01304847002029419,-0.03690910339355469,-0.08386552333831787,-0.20840167999267578,0.1033746674656868,-0.3098275065422058
1764809271.412287,-0.024025895492732523,-0.15130173757970333,0.48747401260286566,0.1154281497001648,-0.16751669347286224,0.24660804867744446,,,,,,
1764809271.413505,,,,,,,0.015108466148376465,-0.0392250120639801,-0.07755638659000397,-0.2439088076353073,0.08930758386850357,-0.31341612339019775
1764809271.42234,-0.07890022597461939,-0.08953589401841162,0.486305845606327,0.09965067356824875,-0.1986645758152008,0.24142630398273468,,,,,,
1764809271.423535,,,,,,,0.016456425189971924,-0.04120481014251709,-0.06944416463375092,-0.2949914336204529,0.07465273886919022,-0.31179919838905334
1764809271.432392,-0.15768354757130146,-0.052636196166276926,0.4731611173510551,0.09062495082616806,-0.20830868184566498,0.23247036337852478,,,,,,
1764809271.433565,,,,,,,0.017763912677764893,-0.0453658401966095,-0.06092362850904465,-0.3627462387084961,0.05621248483657837,-0.3032728135585785
1764809271.442444,-0.24057518126964567,-0.04012450511753559,0.4188216243982315,0.08365321159362793,-0.19018562138080597,0.21981674432754517,,,,,,
1764809271.443595,,,,,,,0.016825556755065918,-0.05120101571083069,-0.053891777992248535,-0.43405863642692566,0.04549059644341469,-0.2970801591873169
1764809271.452496,-0.3160489399269223,-0.035785014608502384,0.3869432618394494,0.07880891859531403,-0.16503073275089264,0.20096023380756378,,,,,,
1764809271.453626,,,,,,,0.013238072395324707,-0.05492362380027771,-0.05098915100097656,-0.4932796061038971,0.043367259204387665,-0.2908419668674469
1764809271.462548,-0.3610118249863386,-0.013859598526358603,0.35843349893093107,0.07631956040859222,-0.13642796874046326,0.1843658685684204,,,,,,
1764809271.463656,,,,,,,0.009809136390686035,-0.05089440941810608,-0.05070853978395462,-0.5226584076881409,0.04581790044903755,-0.28102782368659973
1764809271.4726,-0.3677984163865447,0.008617606219649314,0.36047903328388925,0.07554911077022552,-0.11371015012264252,0.17022395133972168,,,,,,
1764809271.473686,,,,,,,0.008822143077850342,-0.04224550724029541,-0.05216914415359497,-0.5178529620170593,0.04958653822541237,-0.2670702040195465
1764809271.482652,-0.36164135506153106,-0.0103828623265028,0.35530236129835246,0.0708170011639595,-0.08780045807361603,0.15463639795780182,,,,,,
1764809271.483716,,,,,,,0.007649362087249756,-0.03531709313392639,-0.05533289164304733,-0.4882091283798218,0.050345007330179214,-0.24666206538677216
1764809271.492705,-0.35332857700735326,-0.03217851454913616,0.31595161703228947,0.06583768874406815,-0.055417753756046295,0.13850829005241394,,,,,,
1764809271.493746,,,,,,,0.007569432258605957,-0.03330579400062561,-0.05366349220275879,-0.44644489884376526,0.04681791737675667,-0.22319002449512482
1764809271.502757,-0.2809951622024178,-0.030471126109361646,0.28909751237630843,0.06502185016870499,-0.020007634535431862,0.12719009816646576,,,,,,
1764809271.503776,,,,,,,0.0077530741691589355,-0.03233423829078674,-0.049850158393383026,-0.3873153328895569,0.050411585718393326,-0.19535359740257263
1764809271.512809,-0.21248364377319812,-0.01362754333615303,0.26972996408343314,0.06496085971593857,0.011946836486458778,0.11481038480997086,,,,,,
1764809271.513807,,,,,,,0.006909072399139404,-0.02979704737663269,-0.045609116554260254,-0.32373929023742676,0.05807962641119957,-0.16309046745300293
1764809271.522861,-0.18826251796931026,0.03326221813261509,0.27168460528254507,0.0704331248998642,0.036166153848171234,0.10377983748912811,,,,,,
1764809271.523837,,,,,,,0.0061907172203063965,-0.025165021419525146,-0.04002189636230469,-0.2541361451148987,0.06423632055521011,-0.12858249247074127
1764809271.532913,-0.1967784173801541,0.039455812075734134,0.26820772295221684,0.07381347566843033,0.06113302335143089,0.09022141993045807,,,,,,
1764809271.533867,,,,,,,0.008447527885437012,-0.024263501167297363,-0.04074752330780029,-0.19496655464172363,0.06643848866224289,-0.0946599468588829
1764809271.542965,-0.2331608133599162,0.04389525582790375,0.24450068415030835,0.07394440472126007,0.08426074683666229,0.07679212838411331,,,,,,
1764809271.543897,,,,,,,0.008909463882446289,-0.026094645261764526,-0.03873557597398758,-0.14592179656028748,0.07228253036737442,-0.06730974465608597
1764809271.553017,-0.24345892001241445,0.0325298122048378,0.23800547691211102,0.06907294690608978,0.09832489490509033,0.06490004807710648,,,,,,
1764809271.553927,,,,,,,0.008291125297546387,-0.02987581491470337,-0.036688871681690216,-0.1023213192820549,0.07847384363412857,-0.03977106511592865
1764809271.56307,-0.24027649058401584,0.040898996621370316,0.21141455323696134,0.06637261807918549,0.11112214624881744,0.05595844238996506,,,,,,
1764809271.563958,,,,,,,0.009182512760162354,-0.03296276926994324,-0.03517037630081177,-0.05579237639904022,0.08425556868314743,-0.019241686910390854
1764809271.573122,-0.23729075277149675,0.04130582385659218,0.19420023745521903,0.06259199231863022,0.12039580941200256,0.04546159505844116,,,,,,
1764809271.573988,,,,,,,0.008598029613494873,-0.027659058570861816,-0.033532269299030304,-0.005211223848164082,0.08920824527740479,-0.0008283257484436035
1764809271.583174,-0.24382366167157887,0.06971767934858798,0.17844985674619673,0.055350206792354584,0.12336772680282593,0.034703709185123444,,,,,,
1764809271.584018,,,,,,,0.013081192970275879,-0.021927684545516968,-0.0337936207652092,0.04368923231959343,0.09444668889045715,0.014125057496130466
1764809271.593226,-0.22340835789144037,0.09286065452694893,0.1451353239044547,0.04997594654560089,0.12031148374080658,0.02084408514201641,,,,,,
1764809271.594048,,,,,,,0.016640067100524902,-0.02261960506439209,-0.031890034675598145,0.09476945549249649,0.0865996778011322,0.032352264970541
1764809271.603278,-0.16375000800341366,0.09365618881881237,0.10006196420788764,0.04588063806295395,0.11350973695516586,0.010706525295972824,,,,,,
1764809271.604078,,,,,,,0.0200769305229187,-0.021575957536697388,-0.028512954711914062,0.14008484780788422,0.07315897196531296,0.04507511854171753
1764809271.61333,-0.08856675672531128,0.08486439507603645,0.06814385416060685,0.040870435535907745,0.09866474568843842,-0.00018926640041172504,,,,,,
1764809271.614108,,,,,,,0.01839911937713623,-0.019647598266601562,-0.024422459304332733,0.16802246868610382,0.05675896629691124,0.056303538382053375
1764809271.623382,-0.07024462583214044,0.07435001532435417,0.06919482451826334,0.03891577571630478,0.08006253093481064,-0.006266040727496147,,,,,,
1764809271.624139,,,,,,,0.01363915205001831,-0.02240130305290222,-0.021740183234214783,0.17439308762550354,0.04746879264712334,0.06632621586322784
1764809271.633435,-0.09145604842603205,0.032145781323313714,0.05416676673442125,0.029575005173683167,0.06133917719125748,-0.014241675846278667,,,,,,
1764809271.634169,,,,,,,0.008481204509735107,-0.027873873710632324,-0.019953839480876923,0.15602926909923553,0.04088572785258293,0.07341314852237701
1764809271.643487,-0.10755670387744903,-0.00660918900668621,0.021035481505095956,0.022991737350821495,0.046791933476924896,-0.021100874990224838,,,,,,
1764809271.644199,,,,,,,0.00610274076461792,-0.0330771803855896,-0.01579146832227707,0.11698822677135468,0.03385151922702789,0.07444831728935242
1764809271.653539,-0.12352964129596948,-0.041727264139056204,-0.01125906063914299,0.016318652778863907,0.033357083797454834,-0.029204342514276505,,,,,,
1764809271.654229,,,,,,,0.002443373203277588,-0.03583618998527527,-0.01334630697965622,0.07158984988927841,0.027558736503124237,0.07465870678424835
1764809271.663591,-0.1302078038856387,-0.05878127479255199,-0.019204758946597573,0.012003902345895767,0.025577694177627563,-0.037262771278619766,,,,,,
1764809271.664259,,,,,,,0.0005679130554199219,-0.03695234656333923,-0.01052314043045044,0.031248856335878372,0.022487275302410126,0.07426781952381134
1764809271.673643,-0.1396314657911658,-0.054446460458636284,-0.030425679532438514,0.010148211382329464,0.01659112237393856,-0.04891223832964897,,,,,,
1764809271.67429,,,,,,,-0.0027046799659729004,-0.03251713514328003,-0.008539073169231415,0.0008688457310199738,0.018521031364798546,0.07168641686439514
1764809271.683695,-0.12005495092272758,-0.02105681655406952,-0.01939955086633563,0.007393375970423222,0.009267902001738548,-0.05556715279817581,,,,,,
1764809271.68432,,,,,,,-0.0024778246879577637,-0.024342894554138184,-0.00559312105178833,-0.01896713860332966,0.01769625023007393,0.07285448163747787
1764809271.693747,-0.10711422080695629,-0.002819733595848083,-0.03277735722512007,0.009386751800775528,0.006756009068340063,-0.06565281003713608,,,,,,
1764809271.69435,,,,,,,-0.00035899877548217773,-0.015568912029266357,-0.003966212272644043,-0.028273556381464005,0.01496198307722807,0.08441446721553802
1764809271.7038,-0.10231032765656708,0.006789806270599365,-0.03780073834508657,0.01134215947240591,0.013136694207787514,-0.07430341839790344,,,,,,
1764809271.70438,,,,,,,0.0007404685020446777,-0.011459946632385254,-0.0029175877571105957,-0.028256254270672798,0.009206092916429043,0.09301960468292236
1764809271.713852,-0.08987374767065048,0.030030981126427648,-0.030842882031202314,0.011765868403017521,0.020648140460252762,-0.08016902953386307,,,,,,
1764809271.71441,,,,,,,-0.0009186863899230957,-0.007326453924179077,-0.003197483718395233,-0.01804356276988983,0.008548557758331299,0.102416031062603
1764809271.723904,-0.052209787447750566,0.04616904597878456,-0.030125965933501718,0.013355610892176628,0.031135104596614838,-0.08474324643611908,,,,,,
1764809271.724441,,,,,,,-0.0005273818969726562,-0.003424525260925293,-0.0049681589007377625,-0.009030802175402641,0.014163300395011902,0.11412029713392258
1764809271.733956,-0.00970832406580448,0.05194529129266739,-0.03018354133963585,0.01300220936536789,0.03584597259759903,-0.08994999527931213,,,,,,
1764809271.734471,,,,,,,-0.00043380260467529297,-0.0017255842685699463,-0.007899157702922821,-0.006940486840903759,0.013293512165546417,0.11899255216121674
1764809271.744008,0.03599515022784471,0.03876958337724209,-0.03840075006484985,0.012759601697325706,0.03094671107828617,-0.08960545808076859,,,,,,
1764809271.744501,,,,,,,-0.0009588003158569336,-0.0012064576148986816,-0.007708422839641571,-0.00035515916533768177,0.012607482261955738,0.12408284842967987
1764809271.75406,0.0480886158645153,0.019514847809076308,-0.03712883043289184,0.013170527294278145,0.021526310592889786,-0.08709169924259186,,,,,,
1764809271.754531,,,,,,,-0.001792311668395996,-0.0011027753353118896,-0.005443096160888672,-0.0015735554043203592,0.01421416737139225,0.12987789511680603
1764809271.764113,0.03331657866835594,-0.002557283267378807,-0.003967003934830427,0.013002153486013412,0.010103153996169567,-0.08172058314085007,,,,,,
1764809271.764561,,,,,,,-0.004272282123565674,0.0009167194366455078,-0.000814191997051239,-0.0021141415927559137,0.016282377764582634,0.13243725895881653
1764809271.774165,0.012077099023759365,-0.006401683735847472,-0.016394816092401742,0.013959027826786041,0.003785870037972927,-0.08082522451877594,,,,,,
1764809271.774592,,,,,,,-0.007672011852264404,0.003246486186981201,0.0033230185508728027,-0.00670356722548604,0.013991260901093483,0.12653648853302002
1764809271.784217,-0.034633506485819816,0.000405073669552803,-0.014154489819705485,0.017926452681422234,-0.0018448340706527233,-0.0767696276307106,,,,,,
1764809271.784622,,,,,,,-0.008528709411621094,0.007516413927078247,0.0027496889233589172,-0.01453753188252449,0.014326286502182484,0.11876531690359116
1764809271.794269,-0.07222177112400531,0.006311667364835739,-0.027856267435848712,0.021730512380599976,-0.005606282502412796,-0.07601675391197205,,,,,,
1764809271.794652,,,,,,,-0.009932398796081543,0.010490983724594116,0.000247366726398468,-0.016486698761582375,0.01679450273513794,0.11521745473146439
1764809271.804321,-0.09668342768549919,-0.0008025485545396804,-0.03469721937179565,0.026823008432984352,-0.006725342944264412,-0.07188059389591217,,,,,,
1764809271.804682,,,,,,,-0.009385526180267334,0.011865407228469849,-0.0011002346873283386,-0.014426106587052345,0.01842782087624073,0.1082974299788475
1764809271.814373,-0.09301847543716431,-0.004423077139258384,-0.03688713063150644,0.029023045673966408,-0.005262734834104776,-0.06788399070501328,,,,,,
1764809271.814712,,,,,,,-0.009168684482574463,0.012740463018417358,-0.0030614659190177917,-0.008224403485655785,0.019603073596954346,0.0992293655872345
1764809271.824425,-0.08147183002829551,-0.020732406905293464,-0.0307084419965744,0.032568078488111496,-0.005021161399781704,-0.05889163166284561,,,,,,
1764809271.824742,,,,,,,-0.008699119091033936,0.013548433780670166,-0.005989842116832733,0.0003405220340937376,0.021057691425085068,0.08896534144878387
1764809271.834478,-0.0503042460873723,-0.033494857844710346,-0.02505173140913248,0.03402083367109299,-0.00436735525727272,-0.0515170693397522,,,,,,
1764809271.834773,,,,,,,-0.008792340755462646,0.013491839170455933,-0.00767207145690918,0.007544372696429491,0.022384479641914368,0.0777726098895073
1764809271.84453,-0.07464227626919746,-0.03965864117145538,-0.03404343163818121,0.03384028375148773,-0.0047286986373364925,-0.041665129363536835,,,,,,
1764809271.844803,,,,,,,-0.009447038173675537,0.014074474573135376,-0.00861746072769165,0.010727804154157639,0.022533882409334183,0.06615077704191208
1764809271.854582,-0.07819324674904346,-0.049751580640673636,-0.0329456995293498,0.03034675121307373,-0.004402195103466511,-0.03406766429543495,,,,,,
1764809271.854833,,,,,,,-0.01122194528579712,0.013691365718841553,-0.010252833366394043,0.008914457634091377,0.022732023149728775,0.05381794273853302
1764809271.864634,-0.10077975708842277,-0.05791968952715396,-0.042889878177642816,0.026477381587028503,-0.0017577363178133965,-0.028694409877061844,,,,,,
1764809271.864863,,,,,,,-0.009131252765655518,0.009440302848815918,-0.008373133838176727,0.0002514075022190809,0.02288195863366127,0.04487617686390877
1764809271.874686,-0.1057844335079193,-0.07073357839286327,-0.07009235787987708,0.026007333770394325,0.0007293897797353566,-0.023774486035108566,,,,,,
1764809271.874893,,,,,,,-0.0099412202835083,0.006578594446182251,-0.005929283797740936,-0.01726260408759117,0.02395467832684517,0.03569599613547325
1764809271.884738,-0.08470394381731748,-0.05367722965180874,-0.07972893188372254,0.027071624994277954,-0.001317380229011178,-0.022377124056220055,,,,,,
1764809271.884924,,,,,,,-0.009425699710845947,0.007664412260055542,-0.002971760928630829,-0.0338454395532608,0.0253501757979393,0.02346016839146614
1764809271.89479,-0.04718815989345312,-0.039916415324807164,-0.07006605439484119,0.0302309338003397,-0.005614923313260078,-0.020918510854244232,,,,,,
1764809271.894954,,,,,,,-0.008426010608673096,0.007430672645568848,-0.001983463764190674,-0.04024101793766022,0.019708536565303802,0.00784339290112257
1764809271.904843,-0.03419803767800331,0.005065466696023941,-0.06064385379403829,0.03612745553255081,-0.012518432922661304,-0.019288616254925728,,,,,,
1764809271.904984,,,,,,,-0.005114078521728516,0.00878170132637024,0.00012426823377609253,-0.03228878229856491,0.014678622595965862,-0.005897986236959696
1764809271.914895,-0.021879238852858543,0.026850013002753255,-0.04109656502008438,0.043792568147182465,-0.021219778805971146,-0.012899957597255707,,,,,,
1764809271.915014,,,,,,,-0.005283176898956299,0.009897410869598389,0.0032694339752197266,-0.03782815858721733,0.01602778024971485,0.003844123799353838
1764809271.924947,-0.028111411240696906,0.02979951045811176,-0.035627193698287006,0.04915633425116539,-0.026490889489650726,-0.010033453814685345,,,,,,
1764809271.925044,,,,,,,-0.009488463401794434,0.009539932012557983,0.0053247809410095215,-0.05077953264117241,0.021709900349378586,0.0001474563032388687
1764809271.934999,-0.017756898225843906,0.003940262058377266,-0.027274083633720872,0.05371806398034096,-0.025686081498861313,-0.004041075706481934,,,,,,
1764809271.935075,,,,,,,-0.011680066585540771,0.008182674646377563,0.00024086982011795044,-0.06420399248600006,0.029088720679283142,-0.014625363983213902
1764809271.945051,-0.0399888960391283,-0.014556933140754699,-0.019340806416422128,0.05710842087864876,-0.023361746221780777,-0.00300594768486917,,,,,,
1764809271.945105,,,,,,,-0.010441839694976807,0.007690250873565674,-0.003730304539203644,-0.07163579016923904,0.03465712442994118,-0.027086561545729637
1764809271.955103,-0.0664098699748516,-0.019247136783599853,-0.02986146977841854,0.060707151889801025,-0.017734752967953682,0.0011709542013704777,,,,,,
1764809271.955135,,,,,,,-0.008558869361877441,0.007873713970184326,-0.007225096225738525,-0.06337359547615051,0.046681564301252365,-0.028524933382868767
1764809271.965156,-0.07872691523432732,-0.03410568321943283,-0.0019999416455626488,0.059294190257787704,-0.01056385412812233,0.0015342521946877241,,,,,,
1764809271.965165,,,,,,,-0.008804559707641602,0.010524570941925049,-0.005332648754119873,-0.05062758922576904,0.04943447187542915,-0.029205506667494774
1764809271.975195,,,,,,,-0.00913238525390625,0.010213315486907959,-0.0006553530693054199,-0.043539050966501236,0.05887777730822563,-0.024586785584688187
1764809271.975208,-0.06326397316455841,-0.03065583502650261,0.014806816248595714,0.05819829925894737,-0.0030825017020106316,0.007376428693532944,,,,,,
1764809271.985226,,,,,,,-0.007390797138214111,0.010303735733032227,0.002756543457508087,-0.05125487968325615,0.06337238848209381,-0.022762984037399292
1764809271.98526,-0.03984539591521025,-0.009726444244384765,0.007120937921106815,0.061080202460289,0.007273757364600897,0.009472271427512169,,,,,,
1764809271.995256,,,,,,,-0.00886523723602295,0.006333053112030029,-0.0006163716316223145,-0.05607972666621208,0.06283602863550186,-0.02732684463262558
1764809271.995312,-0.007877893768250942,0.0052688803136348725,-0.03809884450882673,0.06797406822443008,0.01585100032389164,0.015149864368140697,,,,,,
1764809272.005286,,,,,,,-0.009710133075714111,0.008866161108016968,-0.001746058464050293,-0.05914399027824402,0.06596417725086212,-0.0228998064994812
1764809272.005364,0.00045358898639678955,0.008477320966124535,-0.04112491433173418,0.07795458287000656,0.01731596328318119,0.023038875311613083,,,,,,
1764809272.015316,,,,,,,-0.011001110076904297,0.01214134693145752,-0.0016873553395271301,-0.056001726537942886,0.06975598633289337,-0.02740614116191864
1764809272.015416,-0.020461773270368574,-0.001817278555035591,-0.027474866902828216,0.08185957372188568,0.015364398248493671,0.02916600927710533,,,,,,
1764809272.025346,,,,,,,-0.015372931957244873,0.014253884553909302,-0.002710103988647461,-0.045904889702796936,0.07128757238388062,-0.03829028084874153
1764809272.025468,-0.051393794889748094,-0.030658173114061354,0.004652648111432791,0.08425424247980118,0.011566131375730038,0.03534054383635521,,,,,,
1764809272.035377,,,,,,,-0.014230430126190186,0.014889180660247803,-0.006493985652923584,-0.027389265596866608,0.0786978155374527,-0.04519319161772728
1764809272.035521,-0.07553221084624528,-0.0693207889854908,0.008908113598823547,0.08385317027568817,0.01561040710657835,0.041093502193689346,,,,,,
1764809272.045407,,,,,,,-0.010980069637298584,0.015721619129180908,-0.009165234863758087,-0.005461063235998154,0.08080358058214188,-0.048236120492219925
1764809272.045573,-0.10232084905058145,-0.09100772013664245,-0.005933043310791254,0.08191762864589691,0.023853756487369537,0.04445015639066696,,,,,,
1764809272.055437,,,,,,,-0.008209824562072754,0.014000296592712402,-0.012158628553152084,0.02373756840825081,0.08097268640995026,-0.050349872559309006
1764809272.055625,-0.14446663086265324,-0.11548165165781975,-0.02080664118528366,0.07761422544717789,0.035094961524009705,0.04712290316820145,,,,,,
1764809272.065467,,,,,,,-0.00499880313873291,0.013275682926177979,-0.01254570484161377,0.050735924392938614,0.07585888355970383,-0.052262887358665466
1764809272.065677,-0.1509039704337716,-0.07456570390164852,-0.023375030368566512,0.07589089870452881,0.04958761855959892,0.048859018832445145,,,,,,
1764809272.075497,,,,,,,-0.004025280475616455,0.010502606630325317,-0.011669274419546127,0.06741876900196075,0.07430040091276169,-0.046976249665021896
1764809272.075729,-0.12294862653762101,-0.03778466399312019,-0.033487551321089264,0.07594575732946396,0.0645069107413292,0.04949524626135826,,,,,,
1764809272.085528,,,,,,,-0.004235029220581055,0.0060065388679504395,-0.011351760476827621,0.08211006224155426,0.07516886293888092,-0.039692167192697525
1764809272.085781,-0.08367255494296551,-0.01996785227358341,-0.0463610614195466,0.07992036640644073,0.07380098849534988,0.0456945076584816,,,,,,
1764809272.095558,,,,,,,-0.004573047161102295,-0.000417172908782959,-0.009236283600330353,0.09048996865749359,0.07375898212194443,-0.03478076681494713
1764809272.095834,-0.05243775098472833,-0.008392565292119979,-0.03183540019989013,0.07927507907152176,0.07759013772010803,0.04250989854335785,,,,,,
1764809272.105588,,,,,,,-0.0012899041175842285,-0.003931105136871338,-0.00815337523818016,0.0869469940662384,0.07319892197847366,-0.028381789103150368
1764809272.105886,-0.02127250513136387,0.0020049100816249845,0.010111790300160645,0.07863140106201172,0.07885875552892685,0.04087517410516739,,,,,,
1764809272.115618,,,,,,,-0.0009930729866027832,-0.011492252349853516,-0.010388251394033432,0.07631378620862961,0.07562799006700516,-0.016258547082543373
1764809272.115938,-0.015041501787304878,-0.012381342667341231,0.02131970527395606,0.0751919224858284,0.07717777043581009,0.034460682421922684,,,,,,
1764809272.125648,,,,,,,-0.0007671713829040527,-0.01343315839767456,-0.01168334111571312,0.06277737766504288,0.07533903419971466,-0.00933346338570118
1764809272.12599,-0.011593699420988559,-0.024778467425704002,0.03434183006286621,0.06724128127098083,0.07468812167644501,0.027529623359441757,,,,,,
1764809272.135679,,,,,,,0.001049339771270752,-0.011260807514190674,-0.013604886829853058,0.050322577357292175,0.0736071839928627,-0.0034723784774541855
1764809272.136042,0.009610416649281977,-0.017018939340114593,0.018288520884513854,0.060384709388017654,0.06923051178455353,0.023236874490976334,,,,,,
1764809272.145709,,,,,,,0.004008769989013672,-0.00850003957748413,-0.014918029308319092,0.04869116470217705,0.06847207993268967,0.006354552693665028
1764809272.146094,0.05440934331864118,-0.005584522134065628,0.004178162467479705,0.05729095637798309,0.05869516357779503,0.01897946186363697,,,,,,
1764809272.155739,,,,,,,0.005840957164764404,-0.00766223669052124,-0.016160011291503906,0.0520068034529686,0.059197623282670975,0.01458505168557167
1764809272.156146,0.06416735174506902,0.010997779354453086,0.0005419979222118854,0.0523981973528862,0.04472741857171059,0.014037701301276684,,,,,,
1764809272.165769,,,,,,,0.006558656692504883,-0.008544713258743286,-0.018364615738391876,0.049183834344148636,0.049698926508426666,0.019998259842395782
1764809272.166199,0.04430851280391216,0.021567104163765907,0.013804068946838378,0.04336954653263092,0.03213445097208023,0.008789047598838806,,,,,,
1764809272.175799,,,,,,,0.008814334869384766,-0.008649319410324097,-0.017421063035726547,0.0407959409058094,0.042770445346832275,0.02227180078625679
1764809272.176251,0.028636896419525146,0.0221685771882534,-0.0027870003700256347,0.03534384071826935,0.013827614486217499,0.005006028339266777,,,,,,
1764809272.18583,,,,,,,0.00977623462677002,-0.00874277949333191,-0.013655297458171844,0.01878007873892784,0.03334338590502739,0.024600068107247353
1764809272.186303,0.029045184959471223,0.01706687013506889,-0.022110271129757164,0.02826942875981331,-0.003292625304311514,0.00027510966174304485,,,,,,
1764809272.19586,,,,,,,0.009026288986206055,-0.012748569250106812,-0.010866515338420868,-0.007050453685224056,0.025809038430452347,0.025639234110713005
1764809272.196355,0.008028992676734924,0.005912438914179801,0.009454933826625347,0.025054458528757095,-0.019313404336571693,-0.0032895314507186413,,,,,,
1764809272.20589,,,,,,,0.00871264934539795,-0.015697598457336426,-0.010603554546833038,-0.029943544417619705,0.021705105900764465,0.020461516454815865
1764809272.206407,-0.03833820622265339,0.05470014295876026,0.024820260740816592,0.0230515468865633,-0.02527141571044922,-0.007198418490588665,,,,,,
1764809272.21592,,,,,,,0.006626307964324951,-0.012730300426483154,-0.012478061020374298,-0.04801548644900322,0.017365751788020134,0.01622788980603218
1764809272.216459,-0.0900076031833887,0.07058043365776538,0.03979541929364204,0.021622227504849434,-0.029516227543354034,-0.005802921950817108,,,,,,
1764809272.22595,,,,,,,0.0048070549964904785,-0.009586066007614136,-0.01660841703414917,-0.058809950947761536,0.011353399604558945,0.01312477421015501
1764809272.226511,-0.12705138568133115,0.07146247718930245,0.025548136623948812,0.019855108112096786,-0.030290748924016953,-0.009040570817887783,,,,,,
1764809272.235981,,,,,,,0.003138124942779541,-0.005126357078552246,-0.018275853246450424,-0.06134927645325661,0.01252918504178524,0.010376658290624619
1764809272.236564,-0.12519406737685204,0.039489714345335956,0.025858810008317232,0.014051547273993492,-0.03317521885037422,-0.009314344264566898,,,,,,
1764809272.246011,,,,,,,0.0025938749313354492,-0.003419250249862671,-0.0191342830657959,-0.05438302084803581,0.010808516293764114,0.008833888918161392
1764809272.246616,-0.10684680204242467,-0.011337386572360992,0.028471915116161105,0.008793136104941368,-0.03822803124785423,-0.0063121626153588295,,,,,,
1764809272.256041,,,,,,,0.0021151304244995117,-0.005117207765579224,-0.016123056411743164,-0.043329570442438126,0.006931487005203962,0.00751349376514554
1764809272.256668,-0.1003822822034359,-0.030366496691107747,0.03020253830105066,0.004588004667311907,-0.04458792880177498,-0.0033749621361494064,,,,,,
1764809272.266071,,,,,,,0.0004375576972961426,-0.0055217444896698,-0.011594414710998535,-0.033037155866622925,-0.00032216496765613556,0.005530703812837601
1764809272.26672,-0.1216287761107087,-0.034606033957004546,0.033333237542212006,0.0037030335515737534,-0.04625741019845009,-0.001668503857217729,,,,,,
1764809272.276101,,,,,,,-0.0030486583709716797,-0.00713774561882019,-0.011344261467456818,-0.026590710505843163,-0.0023890440352261066,0.003248640801757574
1764809272.276772,-0.1418497263625264,-0.019616554617881775,0.04423661661148071,0.004658575635403395,-0.04510799050331116,0.0008164916653186083,,,,,,
1764809272.286132,,,,,,,-0.005313098430633545,-0.007367342710494995,-0.013668529689311981,-0.026862792670726776,-0.0009522689506411552,0.0015625269152224064
1764809272.286824,-0.190773331746459,-0.005779752445220947,0.03980331033915281,0.002505567856132984,-0.03357715904712677,-0.00036323966924101114,,,,,,
1764809272.296162,,,,,,,-0.005230605602264404,-0.008969306945800781,-0.01624220609664917,-0.031111333519220352,0.002494127955287695,-0.0012164816725999117
1764809272.296877,-0.23256781590282916,-0.021459552136063573,0.026059154886007307,0.002462690928950906,-0.016883665695786476,-0.00024313107132911682,,,,,,
1764809272.306192,,,,,,,-0.003583848476409912,-0.009983479976654053,-0.017552614212036133,-0.03616633266210556,0.003493878524750471,-0.006263371091336012
1764809272.306929,-0.2739537192583084,-0.03700082013905048,0.02557049458622932,0.0003676933702081442,-0.00020901113748550415,0.00017636315897107124,,,,,,
1764809272.316222,,,,,,,-0.004595279693603516,-0.00871017575263977,-0.017902731895446777,-0.03947797417640686,0.003783364314585924,-0.009973421692848206
1764809272.316981,-0.28489772259891033,-0.05213876803815364,0.028975042332708832,-0.0032637929543852806,0.020609185099601746,-0.0008566770702600479,,,,,,
1764809272.326253,,,,,,,-0.004784107208251953,-0.008184462785720825,-0.01478797197341919,-0.036311663687229156,0.0029756275471299887,-0.010538410395383835
1764809272.327033,-0.3250289497181773,-0.05403086539506912,0.037246611593663694,-0.0040162308141589165,0.03777184709906578,0.004319600760936737,,,,,,
1764809272.336283,,,,,,,-0.003992140293121338,-0.005558311939239502,-0.01841854304075241,-0.03133048117160797,-0.0014486820437014103,-0.014100387692451477
1764809272.337085,-0.2821981082513928,-0.05232581504285335,0.05127805955559015,-0.009642424993216991,0.05022292211651802,0.011729313991963863,,,,,,
1764809272.346313,,,,,,,-0.001757204532623291,-0.0032688379287719727,-0.03902900218963623,-0.05692775174975395,-0.026668552309274673,-0.028416410088539124
1764809272.347137,-0.19925094497352838,-0.007545593073964118,0.09736147307753562,-0.02927648276090622,0.03372146934270859,0.02734895795583725,,,,,,
1764809272.356343,,,,,,,0.0006618499755859375,-0.013277381658554077,-0.08382338285446167,-0.10203371196985245,-0.07910166680812836,-0.06345561891794205
1764809272.357189,-0.06578121668249368,-0.04897708913683891,0.22800825290232896,-0.06033320352435112,-0.05253405496478081,0.04590107128024101,,,,,,
1764809272.366373,,,,,,,-0.001098036766052246,-0.029230326414108276,-0.11266005784273148,-0.1502775102853775,-0.11984430253505707,-0.10804099589586258
1764809272.367242,0.20961890199184416,-0.2744143225073814,0.26857699465602636,-0.11487218737602234,-0.20977966487407684,0.06731577217578888,,,,,,
1764809272.376404,,,,,,,-0.0004521012306213379,-0.022382289171218872,-0.13858884572982788,-0.2507343292236328,-0.1581951528787613,-0.15781548619270325
1764809272.377294,0.4960054018437862,-0.5261638087421655,0.3824766378194093,-0.1890881061553955,-0.43027690052986145,0.08921734243631363,,,,,,
1764809272.386434,,,,,,,0.013257622718811035,-0.013339132070541382,-0.15361034870147705,-0.400160014629364,-0.219877690076828,-0.19580180943012238
1764809272.387346,0.6702753425568342,-0.6640986997485161,0.6071969550922512,-0.266448974609375,-0.6666871309280396,0.10575156658887863,,,,,,
1764809272.396464,,,,,,,0.025698542594909668,-0.020548760890960693,-0.1372150182723999,-0.5592697858810425,-0.29028579592704773,-0.21994788944721222
1764809272.397398,0.6991694286078214,-0.6794727944910526,0.7749021304622292,-0.3383820354938507,-0.8427995443344116,0.11825324594974518,,,,,,
1764809272.406494,,,,,,,0.026308655738830566,-0.024807602167129517,-0.1087566614151001,-0.720916211605072,-0.3473717272281647,-0.23743528127670288
1764809272.40745,0.541045736053586,-0.5957651682347059,0.8593582369983196,-0.3858787715435028,-0.9237085580825806,0.1237572580575943,,,,,,
1764809272.416524,,,,,,,0.019428551197052002,-0.025764018297195435,-0.0951419472694397,-0.8346006870269775,-0.379520058631897,-0.24789299070835114
1764809272.417502,0.2311652556285262,-0.4112088113069534,0.8325079317346215,-0.4159189462661743,-0.9139896035194397,0.12670643627643585,,,,,,
1764809272.426555,,,,,,,0.016971945762634277,-0.020429134368896484,-0.0833314061164856,-0.9043412208557129,-0.3971536457538605,-0.24824777245521545
1764809272.427555,-0.06699263829886913,-0.13266951782405376,0.6896772315107286,-0.41891127824783325,-0.8328004479408264,0.12427018582820892,,,,,,
1764809272.436585,,,,,,,0.022578179836273193,-0.0068878233432769775,-0.08133088797330856,-0.9308585524559021,-0.41723549365997314,-0.2501721680164337
1764809272.437607,-0.3065475366100669,0.11882511686682701,0.5223809292025864,-0.4016147255897522,-0.707838237285614,0.10569921135902405,,,,,,
1764809272.446615,,,,,,,0.03401374816894531,0.01270398497581482,-0.09140664339065552,-0.8863162994384766,-0.4309734106063843,-0.24631758034229279
1764809272.447659,-0.4813341946735978,0.25978666221797464,0.4519593393683433,-0.3809884190559387,-0.5550110340118408,0.07889649271965027,,,,,,
1764809272.456645,,,,,,,0.044470131397247314,0.03827396035194397,-0.1043088510632515,-0.77250075340271,-0.44965842366218567,-0.2347424179315567
1764809272.457711,-0.5897630052104592,0.36969723574519153,0.49175592770576476,-0.3685269355773926,-0.40122416615486145,0.051506686955690384,,,,,,
1764809272.466676,,,,,,,0.045762717723846436,0.06487992405891418,-0.11219239234924316,-0.6079628467559814,-0.46415212750434875,-0.21399559080600739
1764809272.467763,-0.6565034223139286,0.36677521081864833,0.5634601046964526,-0.3669450283050537,-0.26187506318092346,0.04089159145951271,,,,,,
1764809272.476706,,,,,,,0.04081070423126221,0.07620120048522949,-0.11609214544296265,-0.40995121002197266,-0.4631153643131256,-0.18471147119998932
1764809272.477815,-0.6011290333554148,0.2693938639968633,0.657485419088602,-0.36955758929252625,-0.14198142290115356,0.049636878073215485,,,,,,
1764809272.486736,,,,,,,0.035453736782073975,0.068086177110672,-0.11273408681154251,-0.21276621520519257,-0.4571397602558136,-0.15010961890220642
1764809272.487868,-0.5050093770325184,0.16634148580133915,0.7378954651042818,-0.37706509232521057,-0.043969541788101196,0.07403115183115005,,,,,,
1764809272.496766,,,,,,,0.030382215976715088,0.04757198691368103,-0.10975593328475952,-0.04666486382484436,-0.44716063141822815,-0.12510946393013
1764809272.49792,-0.404051633028686,0.1087473749667406,0.83719652794227,-0.3840082287788391,0.04272380843758583,0.09857963770627975,,,,,,
1764809272.506796,,,,,,,0.02292996644973755,0.026229172945022583,-0.10657572746276855,0.0689217820763588,-0.4368557929992676,-0.1099739819765091
1764809272.507972,-0.3345701005235314,0.09042553633451461,0.8315563300982117,-0.3893507719039917,0.1037098690867424,0.1223556250333786,,,,,,
1764809272.516827,,,,,,,0.017943918704986572,0.01058661937713623,-0.10964823514223099,0.1468764990568161,-0.4154474437236786,-0.10328359156847
1764809272.518024,-0.28735183775275946,0.05767360581159591,0.8821309175595641,-0.3905944526195526,0.13666808605194092,0.12892991304397583,,,,,,
1764809272.526857,,,,,,,0.016316235065460205,-0.002014070749282837,-0.10422712564468384,0.20077332854270935,-0.3871532082557678,-0.09530036896467209
1764809272.528076,-0.25999942818582056,0.016906711137294767,0.917277049742639,-0.3995514214038849,0.15464988350868225,0.12321014702320099,,,,,,
1764809272.536887,,,,,,,0.015819847583770752,-0.008048772811889648,-0.09013789892196655,0.2285812646150589,-0.37038782238960266,-0.08615800738334656
1764809272.538128,-0.3000245645821094,-0.009769698864221573,0.8762801457047462,-0.40564635396003723,0.167314812541008,0.1089680939912796,,,,,,
1764809272.546917,,,,,,,0.02016746997833252,-0.01315760612487793,-0.07698363065719604,0.24197639524936676,-0.36415308713912964,-0.0736406072974205
1764809272.54818,-0.3228463449820876,-0.011871055057644844,0.8254165121689439,-0.4066709280014038,0.19728559255599976,0.09625334292650223,,,,,,
1764809272.556947,,,,,,,0.02130216360092163,-0.019376933574676514,-0.06269347667694092,0.2550612986087799,-0.3596893846988678,-0.062005531042814255
1764809272.558233,-0.3693590898320079,0.058114335316419595,0.734457891871035,-0.39136838912963867,0.2521536350250244,0.08552666008472443,,,,,,
1764809272.566978,,,,,,,0.0215875506401062,-0.022163063287734985,-0.06944023072719574,0.2884138524532318,-0.3572049140930176,-0.0448361299932003
1764809272.568285,-0.39591625736802816,0.16867723527252673,0.6879834332048893,-0.3694209158420563,0.32572269439697266,0.07734717428684235,,,,,,
1764809272.577008,,,,,,,0.018941104412078857,-0.012651592493057251,-0.08440016955137253,0.3440835177898407,-0.3579133152961731,-0.026786822825670242
1764809272.578337,-0.470790881088376,0.2150070247709751,0.594608691675961,-0.35995790362358093,0.403037428855896,0.06620610505342484,,,,,,
1764809272.587038,,,,,,,0.016846418380737305,-0.0030540525913238525,-0.11162805557250977,0.41214579343795776,-0.3680306673049927,-0.010407250374555588
1764809272.588389,-0.5284022353187203,0.14585574713349342,0.6024269642114639,-0.36719396710395813,0.4688478708267212,0.05918733775615692,,,,,,
1764809272.597068,,,,,,,0.01209723949432373,-0.0014297664165496826,-0.13079345226287842,0.48138612508773804,-0.37951287627220154,0.0031610229052603245
1764809272.598441,-0.48156391177624464,-0.04999532626867294,0.6196411338627338,-0.3929765522480011,0.5111018419265747,0.04967772215604782,,,,,,
1764809272.607099,,,,,,,0.011167407035827637,-0.00792837142944336,-0.12445205450057983,0.506258487701416,-0.37333062291145325,0.020573168992996216
1764809272.608493,-0.40427784299999475,-0.2966407673627138,0.6141153561785817,-0.4402083158493042,0.5339947938919067,0.039598606526851654,,,,,,
1764809272.617129,,,,,,,0.02192586660385132,-0.023252546787261963,-0.11539411544799805,0.48743441700935364,-0.3859606683254242,0.03630658984184265
1764809272.618545,-0.275976164996624,-0.41633565280139445,0.6494926667690277,-0.4858511686325073,0.5510047078132629,0.024680644273757935,,,,,,
1764809272.627159,,,,,,,0.03147387504577637,-0.037637680768966675,-0.09988109767436981,0.4369378685951233,-0.42369258403778076,0.04778468608856201
1764809272.628598,-0.1343453420817852,-0.31374329333305356,0.6152616036042571,-0.5159033536911011,0.5562387108802795,0.0108658317476511,,,,,,
1764809272.637189,,,,,,,0.03683739900588989,-0.040686726570129395,-0.09785288572311401,0.367802232503891,-0.46650823950767517,0.060379572212696075
1764809272.63865,-0.003974456588923931,-0.116271925252676,0.6121949095100164,-0.5285118222236633,0.5424653887748718,0.0007359664887189865,,,,,,
1764809272.647219,,,,,,,0.038729310035705566,-0.037908345460891724,-0.12205278873443604,0.333462119102478,-0.5083597898483276,0.07237378507852554
1764809272.648702,0.15100567724257707,0.07969605252742767,0.6378925376072525,-0.5406957268714905,0.5048723816871643,-0.011046098545193672,,,,,,
1764809272.65725,,,,,,,0.03197205066680908,-0.023795485496520996,-0.13345390558242798,0.31458401679992676,-0.5389786958694458,0.07078120857477188
1764809272.658754,0.27582448156625033,0.08400047172307967,0.5989408756613731,-0.5695351362228394,0.43152010440826416,-0.024229278787970543,,,,,,
1764809272.66728,,,,,,,0.027758777141571045,-0.003181636333465576,-0.127274751663208,0.30409082770347595,-0.5556325316429138,0.07386808842420578
1764809272.668806,0.3413552306190133,-0.0878033711373806,0.6867483384519815,-0.6060119271278381,0.3438692092895508,-0.03623471409082413,,,,,,
1764809272.67731,,,,,,,0.03788936138153076,0.006786614656448364,-0.1190451979637146,0.3290960490703583,-0.5765876173973083,0.08980017900466919
1764809272.678858,0.3695478904023766,-0.21988602898418902,0.860508283816278,-0.6536324620246887,0.2670775055885315,-0.04832759499549866,,,,,,
1764809272.68734,,,,,,,0.05302274227142334,0.011555731296539307,-0.11354696750640869,0.35845300555229187,-0.6102422475814819,0.10391180217266083
1764809272.688911,0.3337152372598648,-0.18745441645681857,0.9412056223407387,-0.6998183727264404,0.21710513532161713,-0.05320931226015091,,,,,,
1764809272.697371,,,,,,,0.06716299057006836,0.010744869709014893,-0.12346695363521576,0.39974454045295715,-0.6445815563201904,0.1129942461848259
1764809272.698963,0.2834799647554755,0.010205167672038077,0.9482239766702055,-0.7254505157470703,0.19589518010616302,-0.0487208217382431,,,,,,
1764809272.707401,,,,,,,0.07433462142944336,0.013620197772979736,-0.12788955867290497,0.41102954745292664,-0.6872518062591553,0.11494927108287811
1764809272.709015,0.23070260655283928,0.25425299348831176,0.8678808584108948,-0.7353694438934326,0.18857333064079285,-0.040015820413827896,,,,,,
1764809272.717431,,,,,,,0.07130306959152222,0.010613709688186646,-0.13044719398021698,0.4146149456501007,-0.7198691368103027,0.1132832020521164
1764809272.719067,0.06280249313265085,0.3826660229116678,0.8230033135473728,-0.7341806292533875,0.19589221477508545,-0.02843506447970867,,,,,,
1764809272.727461,,,,,,,0.061344265937805176,0.006172746419906616,-0.14130264520645142,0.41283679008483887,-0.7345079779624939,0.10654586553573608
1764809272.729119,-0.09628478375673294,0.3770025903224945,0.9269184460520744,-0.7432065606117249,0.22543072700500488,-0.024021456018090248,,,,,,
1764809272.737491,,,,,,,0.05497848987579346,0.009874969720840454,-0.13935361802577972,0.40982261300086975,-0.7337138056755066,0.09693478047847748
1764809272.739171,-0.34637539686858654,0.2695668824762106,1.0031599742114543,-0.7727900147438049,0.25854048132896423,-0.022365236654877663,,,,,,
1764809272.747522,,,,,,,0.05703449249267578,0.016466647386550903,-0.14277750253677368,0.41668811440467834,-0.7394878268241882,0.09229442477226257
1764809272.749224,-0.5367465775549412,0.1257224751651287,1.058862572211027,-0.8072742819786072,0.300546258687973,-0.019118187949061394,,,,,,
1764809272.757552,,,,,,,0.0633583664894104,0.01819339394569397,-0.13465893268585205,0.44238096475601196,-0.7557653188705444,0.08553745597600937
1764809272.759276,-0.6200245802223682,0.08093056275844573,1.023643667052686,-0.8368830680847168,0.3600068986415863,-0.010812055319547653,,,,,,
1764809272.767582,,,,,,,0.06776946783065796,0.017985939979553223,-0.12888270616531372,0.479657381772995,-0.7730141282081604,0.07696067541837692
1764809272.769328,-0.5988122808456421,0.1363701259076595,0.9804068751335143,-0.851926863193512,0.43488508462905884,-0.0009645126992836595,,,,,,
1764809272.777612,,,,,,,0.0688825249671936,0.017551273107528687,-0.12308067083358765,0.5246360301971436,-0.7844957709312439,0.07416009902954102
1764809272.77938,-0.5424731385082006,0.27785189574062824,0.9149132432207464,-0.8623587489128113,0.5137871503829956,0.0009963728953152895,,,,,,
1764809272.787643,,,,,,,0.07413679361343384,0.016672581434249878,-0.1154441237449646,0.5845929980278015,-0.7905188202857971,0.07978316396474838
1764809272.789432,-0.5002437700659036,0.40886254044175147,0.8306427223846315,-0.8631263375282288,0.5869781374931335,0.00228762230835855,,,,,,
1764809272.797673,,,,,,,0.07573294639587402,0.021289169788360596,-0.10787874460220337,0.6364085078239441,-0.8103194236755371,0.08900383114814758
1764809272.799484,-0.4339531425565481,0.48918636947870253,0.7708543163761497,-0.8710100650787354,0.6431492567062378,0.0012604410294443369,,,,,,
1764809272.807703,,,,,,,0.07927513122558594,0.018921643495559692,-0.1015373170375824,0.6756032109260559,-0.8228266835212708,0.10465855896472931
1764809272.809537,-0.3615905016571283,0.4913181208103895,0.7037099946469069,-0.8882169127464294,0.6774675846099854,-0.002560034627094865,,,,,,
1764809272.817733,,,,,,,0.08683860301971436,0.010053098201751709,-0.09825959801673889,0.6996116042137146,-0.8452408909797668,0.11591626703739166
1764809272.819589,-0.23579145412445068,0.47680268872380255,0.6459592319458722,-0.903938889503479,0.6936484575271606,-0.014987675473093987,,,,,,
1764809272.827763,,,,,,,0.08862441778182983,-0.00017461180686950684,-0.07483968138694763,0.6992132067680359,-0.8645184636116028,0.13238339126110077
1764809272.829641,-0.06417699635624885,0.4326023124694824,0.5760802245557308,-0.9198703765869141,0.6995883584022522,-0.0327511765062809,,,,,,
1764809272.837794,,,,,,,0.08871978521347046,-0.0054084062576293945,-0.048535674810409546,0.6870726943016052,-0.8757532835006714,0.15088170766830444
1764809272.839693,0.07799246347993612,0.43826574505865573,0.5567044929563999,-0.9308247566223145,0.7004544734954834,-0.057528428733348846,,,,,,
1764809272.847824,,,,,,,0.08576864004135132,-0.009315282106399536,-0.029512852430343628,0.670073926448822,-0.8837419748306274,0.17572247982025146
1764809272.849745,0.1957359225898981,0.5578893188267946,0.5172583254918456,-0.9334113597869873,0.692830502986908,-0.08024460822343826,,,,,,
1764809272.857854,,,,,,,0.08490586280822754,-0.005814313888549805,-0.013866126537322998,0.6518816351890564,-0.8952766060829163,0.19990317523479462
1764809272.859797,0.27778642928898334,0.7020172192543744,0.40438919441998,-0.9264423847198486,0.6743867993354797,-0.09733997285366058,,,,,,
1764809272.867884,,,,,,,0.08131349086761475,0.0006031394004821777,-0.007263928651809692,0.6360082030296326,-0.910464882850647,0.22513209283351898
1764809272.869849,0.3460018873810768,0.7741220860004424,0.2584355398699641,-0.9212567806243896,0.6430904269218445,-0.11263835430145264,,,,,,
1764809272.877915,,,,,,,0.08034771680831909,0.0024265050888061523,-0.009388178586959839,0.6163839101791382,-0.9283605217933655,0.24725684523582458
1764809272.879902,0.4426578425377607,0.7728413985401391,0.11538111389279365,-0.9257493019104004,0.598439633846283,-0.12444468587636948,,,,,,
1764809272.887945,,,,,,,0.07906138896942139,0.0012325048446655273,-0.007235586643218994,0.5951548218727112,-0.9371942281723022,0.26510876417160034
1764809272.889954,0.5205909770458936,0.6574100157648325,-0.0032248072654008863,-0.9431836605072021,0.543637216091156,-0.1463395208120346,,,,,,
1764809272.897975,,,,,,,0.07947367429733276,0.006312280893325806,0.006628274917602539,0.5453928709030151,-0.9528653621673584,0.27214428782463074
1764809272.900006,0.613898498557508,0.5241542224854231,-0.1196966390043497,-0.9701979756355286,0.48017433285713196,-0.16576434671878815,,,,,,
1764809272.908005,,,,,,,0.07608604431152344,0.011024504899978638,0.01639750599861145,0.49127963185310364,-0.975904643535614,0.2779005765914917
1764809272.910058,0.7176350596249104,0.4569342051714658,-0.1835492257118225,-0.9937298893928528,0.3955388069152832,-0.1837920844554901,,,,,,
1764809272.918035,,,,,,,0.06842315196990967,0.013124436140060425,0.03203234076499939,0.42766284942626953,-1.0015846490859985,0.27952244877815247
1764809272.92011,0.78928925999403,0.4399351395756006,-0.23880291090011596,-1.0108628273010254,0.29361972212791443,-0.19096587598323822,,,,,,
1764809272.928066,,,,,,,0.05896031856536865,0.017263174057006836,0.03943061828613281,0.368635356426239,-1.0212599039077759,0.2744429111480713
1764809272.930162,0.8205851464897393,0.46844227213561535,-0.298887669506669,-1.012440800666809,0.18965865671634674,-0.181996151804924,,,,,,
1764809272.938096,,,,,,,0.043993353843688965,0.022653520107269287,0.04051995277404785,0.31150922179222107,-1.0410881042480469,0.25447559356689453
1764809272.940215,0.8119307153910398,0.43615971269011494,-0.2747393166780472,-1.010428786277771,0.0944700837135315,-0.1740141212940216,,,,,,
1764809272.948126,,,,,,,0.031375765800476074,0.02845180034637451,0.04968675971031189,0.26105764508247375,-1.0362001657485962,0.2372114062309265
1764809272.950267,0.6714324036374688,0.35948739189803597,-0.3249351339548826,-1.0255900621414185,0.005943225231021643,-0.1644224375486374,,,,,,
1764809272.958156,,,,,,,0.031194329261779785,0.032590657472610474,0.05201557278633118,0.20073917508125305,-1.0288125276565552,0.22207479178905487
1764809272.960319,0.4837888943493366,0.3021481326073408,-0.3201251033246517,-1.0430718660354614,-0.053361110389232635,-0.15844151377677917,,,,,,
1764809272.968187,,,,,,,0.037461280822753906,0.03413575887680054,0.059871822595596313,0.12751056253910065,-1.0370616912841797,0.19998466968536377
1764809272.970371,0.3877610079631209,0.2997007394552231,-0.3972913451135158,-1.0522973537445068,-0.08020660281181335,-0.15357322990894318,,,,,,
1764809272.978217,,,,,,,0.04182541370391846,0.029998689889907837,0.06252378225326538,0.05172711983323097,-1.0572948455810547,0.18282459676265717
1764809272.980423,0.284644624620676,0.34399171660244465,-0.5203653515964746,-1.0526273250579834,-0.08874869346618652,-0.15302728116512299,,,,,,
1764809272.988247,,,,,,,0.033094704151153564,0.026594310998916626,0.06008964776992798,-0.015985172241926193,-1.0809354782104492,0.15598931908607483
1764809272.990475,0.22254881845265626,0.3828103998184204,-0.5948644200026989,-1.0394785404205322,-0.09490054845809937,-0.14859139919281006,,,,,,
1764809272.998277,,,,,,,0.018334805965423584,0.03328850865364075,0.07058441638946533,-0.06439664959907532,-1.071338176727295,0.1333812028169632
1764809273.000528,0.20506255386173725,0.37410219270586964,-0.6448118154764175,-1.0267622470855713,-0.0973072499036789,-0.13819999992847443,,,,,,
1764809273.008307,,,,,,,0.0073174238204956055,0.04434645175933838,0.07545465230941772,-0.0839424729347229,-1.043904185295105,0.11021657288074493
1764809273.01058,0.18869038799256085,0.3511205455690622,-0.5937514903247356,-1.0207245349884033,-0.09927141666412354,-0.1263861507177353,,,,,,
1764809273.018338,,,,,,,0.010246872901916504,0.054943203926086426,0.078936368227005,-0.06600581854581833,-1.0268181562423706,0.09581845998764038
1764809273.020632,0.16354250273257492,0.35202538545429707,-0.5128326180040836,-1.0123395919799805,-0.10158757120370865,-0.10527899861335754,,,,,,
1764809273.028368,,,,,,,0.015610277652740479,0.06336241960525513,0.0878300666809082,-0.027536550536751747,-1.0187610387802124,0.08459889143705368
1764809273.030684,0.1055824811950326,0.34200843383073803,-0.5433218642920256,-0.9995091557502747,-0.09476634114980698,-0.083150215446949,,,,,,
1764809273.038398,,,,,,,0.016493260860443115,0.06589680910110474,0.09713900089263916,0.022608375176787376,-1.0091999769210815,0.07424851506948471
1764809273.040736,0.01795885053873062,0.36012919693291184,-0.5894570080012083,-0.9796617031097412,-0.07082904875278473,-0.05701901391148567,,,,,,
1764809273.048428,,,,,,,0.011896133422851562,0.06010255217552185,0.10425823926925659,0.053916092962026596,-0.9938809871673584,0.057149358093738556
1764809273.050788,-0.0702072164312005,0.4108247804254293,-0.6697182931959629,-0.9588460922241211,-0.025463685393333435,-0.037720587104558945,,,,,,
1764809273.058459,,,,,,,0.008195817470550537,0.051842957735061646,0.10598653554916382,0.06935470551252365,-0.9710249304771423,0.04159463196992874
1764809273.06084,-0.13170797931551934,0.4837304421603679,-0.7579372593969106,-0.9293151497840881,0.025024522095918655,-0.022639106959104538,,,,,,
1764809273.068489,,,,,,,0.002887248992919922,0.044496893882751465,0.1134684681892395,0.07798624783754349,-0.9395570158958435,0.027636272832751274
1764809273.070893,-0.13328589615672826,0.49593467469513414,-0.8441700202167034,-0.8965150713920593,0.072774738073349,-0.010227443650364876,,,,,,
1764809273.078519,,,,,,,-0.00019401311874389648,0.04527854919433594,0.1253843903541565,0.0766991451382637,-0.8946409225463867,0.012016300112009048
1764809273.080945,-0.11702040553241967,0.4839788639634847,-0.8696008140712976,-0.8655213117599487,0.11044278740882874,-0.0037849752698093653,,,,,,
1764809273.088549,,,,,,,0.0012382864952087402,0.04429131746292114,0.12842625379562378,0.08943917602300644,-0.867204487323761,-3.576907329261303e-05
1764809273.090997,-0.07567103479504585,0.5009416892021894,-0.8303139288216829,-0.8402275443077087,0.13575537502765656,0.003234831616282463,,,,,,
1764809273.098579,,,,,,,0.00312197208404541,0.04329940676689148,0.12342798709869385,0.10030407458543777,-0.8557361364364624,-0.013194981031119823
1764809273.101049,0.0040402153015136714,0.5009212309360503,-0.8298854742765426,-0.8151621222496033,0.1420516073703766,0.010282088071107864,,,,,,
1764809273.10861,,,,,,,-5.841255187988281e-06,0.04240664839744568,0.1233135461807251,0.11244506388902664,-0.8320630192756653,-0.026128355413675308
1764809273.111101,0.09181172999590635,0.4586597137898206,-0.8606243114113807,-0.7886693477630615,0.13601335883140564,0.022915329784154892,,,,,,
1764809273.11864,,,,,,,-0.007054746150970459,0.04494661092758179,0.12941128015518188,0.11908751726150513,-0.7897214293479919,-0.0385914146900177
1764809273.121153,0.21134557965397832,0.42771980112493035,-0.8732751186698675,-0.7629426717758179,0.12397320568561554,0.037070032209157944,,,,,,
1764809273.12867,,,,,,,-0.0076718926429748535,0.05157896876335144,0.1335519552230835,0.1168428510427475,-0.7537674307823181,-0.05053083598613739
1764809273.131206,0.28628216269463297,0.42495851971805093,-0.8108388285011052,-0.7410039305686951,0.10951972752809525,0.055645499378442764,,,,,,
1764809273.1387,,,,,,,-0.0027080178260803223,0.05690896511077881,0.12838232517242432,0.11399992555379868,-0.7306394577026367,-0.06514226645231247
1764809273.141258,0.30450872425884007,0.47856969839632507,-0.750610862031579,-0.7188611030578613,0.08236746490001678,0.079138845205307,,,,,,
1764809273.148731,,,,,,,0.0025705695152282715,0.06400814652442932,0.11561435461044312,0.1001841127872467,-0.7134413123130798,-0.09092380106449127
1764809273.15131,0.3070630849167704,0.5413140316009522,-0.7707932338386774,-0.7002192735671997,0.03955329954624176,0.11001723259687424,,,,,,
1764809273.158761,,,,,,,0.002841055393218994,0.07847774028778076,0.1068580150604248,0.07050930708646774,-0.7009159326553345,-0.12834733724594116
1764809273.161362,0.35495062525123355,0.5497416682064533,-0.7663333318203687,-0.6832040548324585,-0.014478777535259724,0.15132072567939758,,,,,,
1764809273.168791,,,,,,,0.003263533115386963,0.08771881461143494,0.10078573226928711,0.01734861359000206,-0.6912755370140076,-0.17857030034065247
1764809273.171414,0.3990188995584845,0.54726738704741,-0.7153782206088304,-0.6727810502052307,-0.0693761333823204,0.19724684953689575,,,,,,
1764809273.178821,,,,,,,0.0025228261947631836,0.09730815887451172,0.09927225112915039,-0.08291114121675491,-0.6777661442756653,-0.2532615661621094
1764809273.181466,0.43434915613681074,0.5281389082074165,-0.6609802754670381,-0.6678987145423889,-0.12232829630374908,0.2524451017379761,,,,,,
1764809273.188852,,,,,,,0.0009064674377441406,0.11666351556777954,0.10499680042266846,-0.29093223810195923,-0.6596667766571045,-0.36327114701271057
1764809273.191519,0.46926527895629405,0.569768557190895,-0.6304506971687078,-0.666049599647522,-0.19829702377319336,0.3301313817501068,,,,,,
1764809273.198882,,,,,,,0.009145796298980713,0.1334201693534851,0.1059531569480896,-0.5886483788490295,-0.6564502120018005,-0.49628007411956787
1764809273.201571,0.4829173722118139,0.6975637469768524,-0.48758068784773345,-0.6481637954711914,-0.29011908173561096,0.421644002199173,,,,,,
1764809273.208912,,,,,,,0.020634591579437256,0.13218295574188232,0.10433429479598999,-0.8988422155380249,-0.656572699546814,-0.6263976097106934
1764809273.211623,0.47062312330603595,0.7623755341053009,-0.3601104922324419,-0.6207505464553833,-0.3665102422237396,0.5202193856239319,,,,,,
1764809273.218942,,,,,,,0.023872017860412598,0.13705405592918396,0.0913352370262146,-1.2117798328399658,-0.6494042873382568,-0.7761300802230835
1764809273.221675,0.389015976460278,0.6945049439281225,-0.3737660926192999,-0.6020714044570923,-0.4205353856086731,0.6179385185241699,,,,,,
1764809273.228972,,,,,,,0.027203679084777832,0.1502152383327484,0.0746912956237793,-1.5371501445770264,-0.643415629863739,-0.9571717381477356
1764809273.231727,0.2881725064858794,0.6448065547794103,-0.4001163394063711,-0.6085852384567261,-0.44947320222854614,0.7112767100334167,,,,,,
1764809273.239003,,,,,,,0.033773958683013916,0.16698864102363586,0.06594926118850708,-1.8630512952804565,-0.622485876083374,-1.1726714372634888
1764809273.241779,0.21396365319788455,0.6695733317673206,-0.44488662450313565,-0.6272401809692383,-0.457815557718277,0.8091129660606384,,,,,,
1764809273.249033,,,,,,,0.04956704378128052,0.18360787630081177,0.069294273853302,-2.2197647094726562,-0.6210160255432129,-1.384771704673767
1764809273.251832,0.17498685681074858,0.7344172675997018,-0.5237076477617025,-0.6346369981765747,-0.45144447684288025,0.9173780679702759,,,,,,
1764809273.259063,,,,,,,0.06595790386199951,0.1928708255290985,0.06957250833511353,-2.4940078258514404,-0.6105538010597229,-1.5716989040374756
1764809273.261884,0.13067512913644314,0.7669868272930384,-0.6280342836767435,-0.6302539706230164,-0.43450090289115906,1.0201318264007568,,,,,,
1764809273.269093,,,,,,,0.07569313049316406,0.20407089591026306,0.08813953399658203,-2.7687978744506836,-0.6159363389015198,-1.7506643533706665
1764809273.271936,0.09088175566941499,0.8088958777397871,-0.7367968562126159,-0.6211399435997009,-0.4101249575614929,1.1247289180755615,,,,,,
1764809273.279124,,,,,,,0.07232803106307983,0.2076318860054016,0.11245894432067871,-2.978550672531128,-0.6162796020507812,-1.942176103591919
1764809273.281988,0.10338350984603166,0.8400216683655977,-0.8206681485980749,-0.6090007424354553,-0.38550350069999695,1.2256861925125122,,,,,,
1764809273.289154,,,,,,,0.06376492977142334,0.2074868083000183,0.12907898426055908,-3.2101798057556152,-0.5963059067726135,-2.1255850791931152
1764809273.29204,0.18606208531558513,0.8811158952981233,-0.8587170164853334,-0.5836514234542847,-0.35493654012680054,1.3299610614776611,,,,,,
1764809273.299184,,,,,,,0.054665327072143555,0.20202571153640747,0.14597415924072266,-3.3905797004699707,-0.5618557929992676,-2.323434829711914
1764809273.302092,0.32409751408696175,0.9336749345749616,-0.8894465012699365,-0.5506306290626526,-0.3269443213939667,1.4311548471450806,,,,,,
1764809273.309214,,,,,,,0.04345935583114624,0.19945037364959717,0.16935378313064575,-3.4432263374328613,-0.4724886119365692,-2.4615209102630615
1764809273.312145,0.43091888942718504,0.9147697430968285,-0.9136480455905198,-0.515294075012207,-0.30000537633895874,1.5228840112686157,,,,,,
1764809273.319245,,,,,,,0.03663134574890137,0.23207467794418335,0.1826820969581604,-3.4412407875061035,-0.36674195528030396,-2.5727553367614746
1764809273.322197,0.5563035109400749,0.8752496336132287,-0.8778887499451636,-0.4806649684906006,-0.2863484025001526,1.6110919713974,,,,,,
1764809273.329275,,,,,,,0.036322951316833496,0.25475895404815674,0.1805589199066162,-3.368887424468994,-0.2702588140964508,-2.6966216564178467
1764809273.332249,0.7213175475299358,0.8122598012149334,-0.7896890729665755,-0.44674164056777954,-0.2729259729385376,1.6987507343292236,,,,,,
1764809273.339305,,,,,,,0.03916442394256592,0.2528138756752014,0.1819748878479004,-3.2119672298431396,-0.16878361999988556,-2.808598041534424
1764809273.342301,0.8739467343211174,0.7524576589420438,-0.7346428930491209,-0.4199278652667999,-0.24825097620487213,1.7875185012817383,,,,,,
1764809273.349335,,,,,,,0.04251927137374878,0.26131880283355713,0.17293038964271545,-3.058400869369507,-0.046941597014665604,-2.863778591156006
1764809273.352353,0.9624714054703712,0.6900611162617802,-0.6512561693102121,-0.4008099436759949,-0.21145868301391602,1.8712897300720215,,,,,,
1764809273.359366,,,,,,,0.04487919807434082,0.26502227783203125,0.1491374373435974,-2.834908962249756,0.0670028105378151,-2.8995370864868164
1764809273.362405,1.0353498869374393,0.5989651333197951,-0.6021592531859874,-0.39855265617370605,-0.16463471949100494,1.9497534036636353,,,,,,
1764809273.369396,,,,,,,0.04772138595581055,0.25728553533554077,0.12424153089523315,-2.549713611602783,0.18163777887821198,-2.907498836517334
1764809273.372457,1.0267074385374784,0.4554851754069328,-0.5284036966234446,-0.41043412685394287,-0.11917425692081451,2.012704610824585,,,,,,
1764809273.379426,,,,,,,0.05142328143119812,0.24966704845428467,0.10018777847290039,-2.2807776927948,0.29418379068374634,-2.901531219482422
1764809273.38251,0.9725924019902944,0.27585516896545886,-0.4372819947183132,-0.4320746958255768,-0.07245229184627533,2.0620522499084473,,,,,,
1764809273.389456,,,,,,,0.05864673852920532,0.2301982045173645,0.09100419282913208,-2.0916855335235596,0.37956178188323975,-2.932318925857544
1764809273.392562,0.9084650899946689,0.13342179749608038,-0.35782968781888486,-0.4634793996810913,-0.03105630725622177,2.105620861053467,,,,,,
1764809273.399486,,,,,,,0.06861555576324463,0.18954086303710938,0.09352529048919678,-1.9015802145004272,0.46842828392982483,-2.9362173080444336
1764809273.402614,0.8266723574489354,0.08944178599417209,-0.2190378877222538,-0.4859088063240051,0.002628684276714921,2.1466686725616455,,,,,,
1764809273.409517,,,,,,,0.0746472179889679,0.15435051918029785,0.09728509187698364,-1.7892439365386963,0.5585890412330627,-2.897230386734009
1764809273.412666,0.7704834372371435,0.06967004081457853,-0.1670920119076967,-0.4953877329826355,0.025064019486308098,2.1853930950164795,,,,,,
1764809273.419547,,,,,,,0.07620418071746826,0.12146681547164917,0.10549989342689514,-1.7136865854263306,0.6320547461509705,-2.8928754329681396
1764809273.422718,0.7571890713781118,0.09661649992913007,-0.20292671087682246,-0.4943259358406067,0.03337494656443596,2.223849296569824,,,,,,
1764809273.429577,,,,,,,0.0794057846069336,0.09371393918991089,0.11889410018920898,-1.660441279411316,0.7250345349311829,-2.902787446975708
1764809273.43277,0.7123001283377408,0.18268734818547963,-0.2629442494660616,-0.4961482584476471,0.026164129376411438,2.2548511028289795,,,,,,
1764809273.439607,,,,,,,0.09079602360725403,0.09950655698776245,0.12171423435211182,-1.6774822473526,0.8327969312667847,-2.9152047634124756
1764809273.442823,0.6906693112879991,0.2721463775753975,-0.29097908833920955,-0.49261319637298584,0.0003301355754956603,2.2910757064819336,,,,,,
1764809273.449638,,,,,,,0.11321648955345154,0.08992213010787964,0.10867395997047424,-1.6412465572357178,0.9197214245796204,-2.924224853515625
1764809273.452875,0.6506248856693506,0.4059504523873329,-0.28244331518411636,-0.49304699897766113,-0.02442542091012001,2.3229267597198486,,,,,,
1764809273.459667,,,,,,,0.1316756308078766,0.07989269495010376,0.10577017068862915,-1.5834943056106567,0.9948207139968872,-2.92834210395813
1764809273.462927,0.5751742156267166,0.4691021973490715,-0.2934036851376295,-0.5021387338638306,-0.045405272394418716,2.3541259765625,,,,,,
1764809273.469697,,,,,,,0.14582662284374237,0.1003187894821167,0.10439163446426392,-1.5339205265045166,1.0816913843154907,-2.948416233062744
1764809273.472979,0.481990320494771,0.5629881032705306,-0.2855740144252777,-0.5165656208992004,-0.06729157269001007,2.395498037338257,,,,,,
1764809273.479728,,,,,,,0.15907607972621918,0.12078404426574707,0.11548864841461182,-1.5095221996307373,1.155717134475708,-2.9945530891418457
1764809273.483031,0.43113165539503095,0.6709487117737531,-0.3085030545920133,-0.5230493545532227,-0.07787203788757324,2.4488532543182373,,,,,,
1764809273.489758,,,,,,,0.1739998161792755,0.11604905128479004,0.12295876443386078,-1.4564558267593384,1.2309949398040771,-3.0104687213897705
1764809273.493083,0.4031926781117916,0.8052674581095576,-0.3209147923976183,-0.5260590314865112,-0.06578102707862854,2.5027542114257812,,,,,,
1764809273.499789,,,,,,,0.189479261636734,0.09726989269256592,0.11064797639846802,-1.3822429180145264,1.3055660724639893,-2.9759931564331055
1764809273.503136,0.31369536253809926,0.8813704545810818,-0.3515010693192482,-0.5267778038978577,-0.02052939496934414,2.54445219039917,,,,,,
1764809273.509819,,,,,,,0.19105803966522217,0.08992499113082886,0.09306299686431885,-1.3406823873519897,1.3622263669967651,-2.9852147102355957
1764809273.513188,0.23254209693968295,0.8448957041427493,-0.37087680091857905,-0.5243090391159058,0.03986987844109535,2.5772743225097656,,,,,,
1764809273.519848,,,,,,,0.18169274926185608,0.09694695472717285,0.10555298626422882,-1.3115170001983643,1.4393155574798584,-3.038238286972046
1764809273.52324,0.18708616766631603,0.8419407998599111,-0.3441536291658878,-0.5309871435165405,0.0657973513007164,2.6126821041107178,,,,,,
1764809273.529878,,,,,,,0.17986735701560974,0.12351512908935547,0.12005359679460526,-1.2433747053146362,1.5452282428741455,-3.0426952838897705
1764809273.533292,0.16763152561187744,0.7716689937599003,-0.21952420993447302,-0.5451737642288208,0.08521458506584167,2.6483705043792725,,,,,,
1764809273.539909,,,,,,,0.19424904882907867,0.1260663866996765,0.08839096128940582,-1.0879467725753784,1.6264029741287231,-2.9952552318573
1764809273.543345,0.2186491806656122,0.6746960816085338,-0.08953355593085288,-0.5654630661010742,0.14013908803462982,2.6762139797210693,,,,,,
1764809273.549939,,,,,,,0.20581413805484772,0.10295999050140381,0.054175980389118195,-0.9651423692703247,1.6524614095687866,-2.9893577098846436
1764809273.553397,0.1965384711444378,0.5912830543845892,-0.08259118944704533,-0.5866726636886597,0.21043413877487183,2.6990933418273926,,,,,,
1764809273.559969,,,,,,,0.2101021260023117,0.05535590648651123,0.019907772541046143,-0.8298940062522888,1.6941190958023071,-2.938817024230957
1764809273.56345,0.15378537108898163,0.5519565677769481,-0.07062544184327126,-0.6077438592910767,0.2766541838645935,2.70804500579834,,,,,,
1764809273.569999,,,,,,,0.19968971610069275,0.026120424270629883,0.014324486255645752,-0.7185651659965515,1.7326819896697998,-2.9089620113372803
1764809273.573502,0.11138006155788897,0.4434827490545809,-0.05114332726001739,-0.624020516872406,0.29653578996658325,2.699176788330078,,,,,,
1764809273.58003,,,,,,,0.1884044110774994,0.04879641532897949,0.03534013032913208,-0.7097639441490173,1.7688496112823486,-2.951758623123169
1764809273.583554,0.09462064993679523,0.34207536158710716,0.03821019592881202,-0.6336843371391296,0.2761591374874115,2.677427291870117,,,,,,
1764809273.59006,,,,,,,0.19577011466026306,0.052568256855010986,0.044391099363565445,-0.7101889848709106,1.8237018585205078,-2.934690237045288
1764809273.593606,0.20897768147885798,0.345205878165178,0.11523381437659264,-0.6305126547813416,0.25067126750946045,2.6607675552368164,,,,,,
1764809273.600091,,,,,,,0.21238312125205994,0.02562612295150757,0.03732311725616455,-0.6853475570678711,1.8490029573440552,-2.856701374053955
1764809273.603658,0.28807226098179817,0.38495965027417983,0.14817863712310791,-0.6345159411430359,0.2510718107223511,2.6519627571105957,,,,,,
1764809273.610121,,,,,,,0.21985594928264618,0.0009018182754516602,0.01701122522354126,-0.6930121183395386,1.8660850524902344,-2.79118275642395
1764809273.613709,0.27556056993305683,0.3971181439710781,0.13623393230736255,-0.6488004922866821,0.2805953919887543,2.6502914428710938,,,,,,
1764809273.620152,,,,,,,0.2115536481142044,-0.0008324384689331055,0.020961761474609375,-0.7024868726730347,1.8803752660751343,-2.769162178039551
1764809273.623763,0.2275771680086851,0.43425515771042555,0.14413433016836644,-0.6753870844841003,0.30751514434814453,2.6496145725250244,,,,,,
1764809273.630182,,,,,,,0.20635627210140228,0.006583154201507568,0.01569211855530739,-0.6520748138427734,1.9095091819763184,-2.7171404361724854
1764809273.633815,0.14604104057252407,0.39586039899494496,0.15189619634151458,-0.6924929618835449,0.3420006036758423,2.6391990184783936,,,,,,
1764809273.640211,,,,,,,0.20133362710475922,0.019191622734069824,0.011638347059488297,-0.5432522296905518,1.9215480089187622,-2.675861120223999
1764809273.643867,0.08693827874064446,0.40765462595671415,0.04634498706758022,-0.6856955289840698,0.359396368265152,2.625267267227173,,,,,,
1764809273.650241,,,,,,,0.19866277277469635,0.015852689743041992,0.017400559037923813,-0.4526507258415222,1.928944706916809,-2.652700424194336
1764809273.653919,0.06619476591944694,0.5490804278187453,0.004300912064313888,-0.6726683378219604,0.3683040142059326,2.596207857131958,,,,,,
1764809273.660272,,,,,,,0.2034197449684143,0.004245579242706299,0.012112919241189957,-0.3757133483886719,1.9490143060684204,-2.6131701469421387
1764809273.663971,0.02964695024490356,0.600106704570353,0.05575520496964454,-0.6644090414047241,0.3585832118988037,2.5531766414642334,,,,,,
1764809273.670302,,,,,,,0.2075096070766449,0.005125820636749268,0.014606889337301254,-0.3650541603565216,1.9587441682815552,-2.6090807914733887
1764809273.674023,0.021094810476899147,0.5786316626042127,0.1119803655385971,-0.6543604135513306,0.33207011222839355,2.5157594680786133,,,,,,
1764809273.680333,,,,,,,0.21562975645065308,0.002238929271697998,0.00952238216996193,-0.4637269377708435,1.9739476442337036,-2.619194746017456
1764809273.684076,-0.014295651856064795,0.5403735358804465,0.12477438066005705,-0.6490087509155273,0.2924272119998932,2.490438461303711,,,,,,
1764809273.690362,,,,,,,0.23174068331718445,-0.03766453266143799,0.019886672496795654,-0.6645668745040894,1.978263020515442,-2.64365816116333
1764809273.694128,-0.06304886910915375,0.5644084914624691,0.04316927964091301,-0.6633618474006653,0.23296421766281128,2.4784963130950928,,,,,,
1764809273.700393,,,,,,,0.24987956881523132,-0.08132714033126831,0.008717238903045654,-0.9085241556167603,2.0339276790618896,-2.58016300201416
1764809273.70418,0.03849485808908939,0.6925498643375932,0.07207388708591461,-0.686174213886261,0.18663108348846436,2.477689027786255,,,,,,
1764809273.710423,,,,,,,0.25841546058654785,-0.1268172264099121,-0.018088992685079575,-1.0691511631011963,2.058231830596924,-2.575439453125
1764809273.714232,0.2904489269852638,0.8607922153241931,-0.11475099929571152,-0.6881877183914185,0.10875265300273895,2.4266197681427,,,,,,
1764809273.720453,,,,,,,0.24866479635238647,-0.08142399787902832,0.020574629306793213,-1.2059686183929443,2.1155507564544678,-2.624908685684204
1764809273.724284,0.3926736221849918,0.7995870743855834,-0.32211481583714485,-0.7114202976226807,-0.026429936289787292,2.3331828117370605,,,,,,
1764809273.730484,,,,,,,0.2515842318534851,0.002178668975830078,-0.014283236116170883,-1.1431981325149536,2.1787095069885254,-2.5761966705322266
1764809273.734336,0.4874626144260168,0.666107409222424,-0.2605950559914112,-0.7283356785774231,-0.1065404862165451,2.263400077819824,,,,,,
1764809273.740513,,,,,,,0.25503814220428467,0.030358612537384033,-0.08286964893341064,-0.9213687777519226,2.13043212890625,-2.5378875732421875
1764809273.744389,0.4403916511714458,0.6847299843668937,-0.496527964413166,-0.7353251576423645,-0.17992933094501495,2.2089343070983887,,,,,,
1764809273.750545,,,,,,,0.2347475290298462,0.0016134977340698242,-0.07448607683181763,-0.7175438404083252,2.092984437942505,-2.5438802242279053
1764809273.754441,0.046488194930553436,0.6032113925874233,-0.4906412444621324,-0.7491274476051331,-0.20028868317604065,2.137782335281372,,,,,,
1764809273.760575,,,,,,,0.22020965814590454,-0.07417917251586914,-0.06928073614835739,-0.5366166234016418,2.1059579849243164,-2.460432767868042
1764809273.764493,-0.35600656404495234,0.47869098668843507,-0.4223462913930416,-0.7285353541374207,-0.18195202946662903,2.0671262741088867,,,,,,
1764809273.770604,,,,,,,0.20833563804626465,-0.10015350580215454,0.005684852600097656,-0.4470449984073639,2.0680348873138428,-2.481816291809082
1764809273.774545,-0.6197691441565751,0.5895201363652944,-0.5977782616227865,-0.6999884843826294,-0.20581747591495514,1.9785816669464111,,,,,,
1764809273.780634,,,,,,,0.2060377597808838,-0.03342592716217041,0.05419861525297165,-0.44947752356529236,2.1161272525787354,-2.4329981803894043
1764809273.784597,-0.6053682783603668,0.7120692421913146,-0.45345220827460286,-0.7171008586883545,-0.1719580441713333,1.9568403959274292,,,,,,
1764809273.790665,,,,,,,0.22132551670074463,-0.05000507831573486,-0.04093331843614578,-0.3066527545452118,2.073345184326172,-2.275977373123169
1764809273.794649,-0.3345861748754978,1.0377326904207467,-0.44893911476433274,-0.6997424364089966,-0.13507558405399323,1.9221054315567017,,,,,,
1764809273.800695,,,,,,,0.22575116157531738,-0.0942080020904541,-0.07139343023300171,-0.28960853815078735,1.984075903892517,-2.237682580947876
1764809273.804702,-0.49022155774533743,0.8009554401293396,-0.6452806020319461,-0.697772741317749,-0.17719294130802155,1.8583464622497559,,,,,,
1764809273.810725,,,,,,,0.22420823574066162,-0.1357969045639038,-0.10519712418317795,-0.27924227714538574,1.9540777206420898,-2.153181314468384
1764809273.814754,-0.45971536032259464,0.6105410048231482,-0.35758185053765773,-0.7138361930847168,-0.17247697710990906,1.793925166130066,,,,,,
1764809273.820755,,,,,,,0.23672163486480713,-0.1834726333618164,-0.18372619152069092,-0.13136467337608337,1.8416942358016968,-2.0291857719421387
1764809273.824806,-0.4374000681400299,0.7368766434505581,-0.3242822230041027,-0.6814130544662476,-0.21706947684288025,1.6571366786956787,,,,,,
1764809273.830786,,,,,,,0.23128193616867065,-0.1607254147529602,-0.18672169744968414,-0.03961843624711037,1.7106342315673828,-1.981297492980957
1764809273.834858,-0.8627391116082668,0.6283151464447378,-0.4301829763680696,-0.6419557332992554,-0.2882707118988037,1.4867875576019287,,,,,,
1764809273.840816,,,,,,,0.22988438606262207,-0.12901508808135986,-0.1687396764755249,-0.0026561585254967213,1.626265525817871,-1.876638650894165
1764809273.84491,-0.9867588745087384,0.5808320952579379,-0.3121428723990917,-0.6685959100723267,-0.2573346197605133,1.4184136390686035,,,,,,
1764809273.850847,,,,,,,0.24341720342636108,-0.19588923454284668,-0.2159978151321411,0.11464767903089523,1.4762499332427979,-1.7065051794052124
1764809273.854962,-0.6905331176877021,0.9053592329338193,-0.2709177125632763,-0.6675963997840881,-0.23325927555561066,1.3303574323654175,,,,,,
1764809273.860877,,,,,,,0.23921895027160645,-0.2348005175590515,-0.2296178787946701,0.11628419160842896,1.3301702737808228,-1.59834623336792
1764809273.865014,-0.816016523399949,0.8706219738125801,-0.3835392986148596,-0.6239253282546997,-0.2682838439941406,1.2169599533081055,,,,,,
1764809273.870908,,,,,,,0.23480141162872314,-0.2557041049003601,-0.23124271631240845,0.09852902591228485,1.200238823890686,-1.4746508598327637
1764809273.875067,-0.9578919687256217,0.9100620037972926,-0.36836861748993394,-0.5765122771263123,-0.2614986300468445,1.0978690385818481,,,,,,
1764809273.880937,,,,,,,0.23934465646743774,-0.2995864748954773,-0.2475263476371765,0.08650725334882736,1.0593425035476685,-1.3114169836044312
1764809273.885119,-1.0553846669673919,1.118636072911322,-0.3588175298124552,-0.49661874771118164,-0.24759319424629211,0.9736605286598206,,,,,,
1764809273.890967,,,,,,,0.23177337646484375,-0.32954996824264526,-0.23358534276485443,0.04701320081949234,0.9064804911613464,-1.1699813604354858
1764809273.895171,-1.2118760821446775,1.2093559160172938,-0.375843483415246,-0.41324689984321594,-0.24170494079589844,0.8493695259094238,,,,,,
1764809273.900997,,,,,,,0.22428184747695923,-0.3255407214164734,-0.2291649580001831,-0.006433513481169939,0.7889940738677979,-1.0073500871658325
1764809273.905223,-1.240754678365588,1.3758768500387668,-0.3250941239088774,-0.33741551637649536,-0.2068425714969635,0.7352474927902222,,,,,,
1764809273.911028,,,,,,,0.23059171438217163,-0.32981395721435547,-0.2525789141654968,-0.05450088903307915,0.6523991823196411,-0.8330457806587219
1764809273.915274,-1.2842603503540158,1.5015359045788645,-0.330434315893054,-0.25562816858291626,-0.1760200709104538,0.6080796718597412,,,,,,
1764809273.921058,,,,,,,0.24048829078674316,-0.32911771535873413,-0.2567834258079529,-0.12370845675468445,0.517844557762146,-0.6647691130638123
1764809273.925327,-1.4535060331642626,1.4714032166436313,-0.2688736395150423,-0.17832829058170319,-0.15267454087734222,0.4678407609462738,,,,,,
1764809273.931088,,,,,,,0.25512903928756714,-0.3079412579536438,-0.25538891553878784,-0.16055512428283691,0.3713081181049347,-0.48495444655418396
1764809273.93538,-1.5393682071059942,1.4565607445597648,-0.19610417138040065,-0.12517282366752625,-0.10238184779882431,0.3504105508327484,,,,,,
1764809273.941118,,,,,,,0.25779783725738525,-0.2795669436454773,-0.28218305110931396,-0.10579706728458405,0.22725346684455872,-0.2863694429397583
1764809273.945432,-1.5983602020397782,1.467868028254807,-0.14941431639790534,-0.07486651837825775,-0.058177366852760315,0.21549053490161896,,,,,,
1764809273.951149,,,,,,,0.24562859535217285,-0.26368963718414307,-0.3042951822280884,-0.020265007391572,0.0768948569893837,-0.11382092535495758
1764809273.955484,-1.7072908246189356,1.3916720928028226,-0.17120821505486963,-0.011068043299019337,-0.018417105078697205,0.058662302792072296,,,,,,
1764809273.961179,,,,,,,0.24260729551315308,-0.2670193910598755,-0.3178632855415344,0.05477248132228851,-0.06367211043834686,0.06695125252008438
1764809273.965536,-1.664288718238473,1.3884338415339588,-0.15826748493909834,0.04399813711643219,0.03532202169299126,-0.08501363545656204,,,,,,
1764809273.97121,,,,,,,0.24714738130569458,-0.30046403408050537,-0.33537304401397705,0.14231394231319427,-0.19833698868751526,0.28836366534233093
1764809273.975588,-1.751039073191583,1.376025610859692,0.0010024550408124922,0.09731148183345795,0.073605015873909,-0.2467447817325592,,,,,,
1764809273.98124,,,,,,,0.24650537967681885,-0.3094586133956909,-0.3325843811035156,0.22021034359931946,-0.3369792699813843,0.4914480745792389
1764809273.98564,-1.865890025730431,1.2412386624902485,0.07996551711857318,0.16965119540691376,0.11219235509634018,-0.41051509976387024,,,,,,
1764809273.991269,,,,,,,0.24712467193603516,-0.29203563928604126,-0.322884738445282,0.30497393012046814,-0.47260579466819763,0.6855116486549377
1764809273.995693,-1.775991143618524,1.262260407730937,-0.02198737540245056,0.2503465712070465,0.15250462293624878,-0.5689529180526733,,,,,,
1764809274.0013,,,,,,,0.24794471263885498,-0.29108333587646484,-0.3078594207763672,0.39150217175483704,-0.6090754866600037,0.8976505398750305
1764809274.005745,-1.7680992213249205,1.2844494431853293,-0.06736673230826855,0.32162582874298096,0.19266828894615173,-0.7268602252006531,,,,,,
1764809274.01133,,,,,,,0.24551129341125488,-0.3047599196434021,-0.2914441227912903,0.4541366994380951,-0.7374065518379211,1.1076287031173706
1764809274.015797,-1.7043848740443586,1.2413467990398406,-0.14397826282382012,0.40148070454597473,0.23042738437652588,-0.879440188407898,,,,,,
1764809274.02136,,,,,,,0.24630486965179443,-0.32218027114868164,-0.2848273515701294,0.5078592896461487,-0.8638137578964233,1.3047630786895752
1764809274.025849,-1.5216706378519533,1.2613096828773618,-0.23750819491446018,0.49136558175086975,0.2495582103729248,-1.029152750968933,,,,,,
1764809274.03139,,,,,,,0.24871939420700073,-0.322151780128479,-0.2733577489852905,0.5610198378562927,-0.9798948168754578,1.5054442882537842
1764809274.035901,-1.4411930795580148,1.265633975817263,-0.27400866431593895,0.5897930264472961,0.25206461548805237,-1.1784261465072632,,,,,,
1764809274.041421,,,,,,,0.24609053134918213,-0.30640363693237305,-0.2407621145248413,0.6107447743415833,-1.0856207609176636,1.6919147968292236
1764809274.045953,-1.4177823933541773,1.129371109676361,-0.33514263971447944,0.6820122003555298,0.24259600043296814,-1.3129576444625854,,,,,,
1764809274.051451,,,,,,,0.24370867013931274,-0.27806389331817627,-0.2064775973558426,0.6864977478981018,-1.1779797077178955,1.8727383613586426
1764809274.056006,-1.3375053260684013,1.0848109601989389,-0.33048926095068454,0.7580574154853821,0.23667126893997192,-1.4358694553375244,,,,,,
1764809274.061481,,,,,,,0.24179178476333618,-0.24824321269989014,-0.19041788578033447,0.7981294393539429,-1.2574928998947144,2.064141035079956
1764809274.066058,-1.244479251846671,1.0584963692471385,-0.3147568542897701,0.8224966526031494,0.2705809473991394,-1.5400712490081787,,,,,,
1764809274.071512,,,,,,,0.2353760004043579,-0.22984659671783447,-0.18433767557144165,0.9659578800201416,-1.3223280906677246,2.244229555130005
1764809274.07611,-1.1969763269156217,0.9261915930822491,-0.28718261866569517,0.8984739780426025,0.27041763067245483,-1.664003610610962,,,,,,
1764809274.081542,,,,,,,0.22379422187805176,-0.18059498071670532,-0.12421329319477081,1.0899189710617065,-1.3520753383636475,2.3613452911376953
1764809274.086162,-1.3094903609395026,0.6901952640354633,-0.16728256604373454,0.9677324295043945,0.2214583307504654,-1.8001971244812012,,,,,,
1764809274.091573,,,,,,,0.2170976996421814,-0.09539985656738281,-0.041483938694000244,1.1902337074279785,-1.3666846752166748,2.460444688796997
1764809274.096214,-1.219504969587922,0.619092267808318,-0.029978374156355857,0.9873666763305664,0.24095506966114044,-1.8555718660354614,,,,,,
1764809274.101603,,,,,,,0.21113181114196777,-0.053099632263183594,-0.03658919036388397,1.3393884897232056,-1.3924670219421387,2.6148622035980225
1764809274.106266,-0.7942851685851812,0.7827396922200918,-0.031520927423238754,0.9790461659431458,0.32947292923927307,-1.8454673290252686,,,,,,
1764809274.111632,,,,,,,0.1861094832420349,-0.0850343108177185,-0.07300175726413727,1.5059484243392944,-1.428166151046753,2.7694554328918457
1764809274.116319,-0.535879731592536,0.8222846438840031,-0.16269348468780517,0.9827425479888916,0.39693009853363037,-1.8509169816970825,,,,,,
1764809274.121663,,,,,,,0.15628081560134888,-0.1561877727508545,-0.11485697329044342,1.588746190071106,-1.4223418235778809,2.9171056747436523
1764809274.126371,-0.5199754754960537,0.6432286379382014,-0.19032734154462813,1.0173612833023071,0.40276241302490234,-1.9071835279464722,,,,,,
1764809274.131693,,,,,,,0.14399224519729614,-0.22629082202911377,-0.15445035696029663,1.5732073783874512,-1.4103561639785767,3.02396821975708
1764809274.136423,-0.5370639729410409,0.3830839560627937,-0.24592531012594698,1.0725481510162354,0.3692863881587982,-1.9981460571289062,,,,,,
1764809274.141723,,,,,,,0.15197062492370605,-0.29104095697402954,-0.1831623762845993,1.5038559436798096,-1.3913910388946533,3.1247668266296387
1764809274.146475,-0.5527887808173895,0.13885171359032392,-0.35385552349090577,1.1344021558761597,0.2907969057559967,-2.1245315074920654,,,,,,
1764809274.151753,,,,,,,0.1690441071987152,-0.30972039699554443,-0.16598497331142426,1.3331518173217773,-1.3777761459350586,3.1708672046661377
1764809274.156527,-0.6972346611529588,-0.11841229828223586,-0.3619558278381824,1.197017788887024,0.20731402933597565,-2.2575786113739014,,,,,,
1764809274.161784,,,,,,,0.18618500232696533,-0.2979888916015625,-0.13853979110717773,1.063242793083191,-1.3510860204696655,3.2112669944763184
1764809274.166579,-0.7650351087033748,-0.26463570968434214,-0.2873077063500881,1.2360386848449707,0.13078464567661285,-2.3795299530029297,,,,,,
1764809274.171814,,,,,,,0.2038942277431488,-0.27143794298171997,-0.07797837257385254,0.6750326156616211,-1.349648356437683,3.2344202995300293
1764809274.176632,-0.6662485712587833,-0.27917203842848537,-0.2136035877138376,1.2410979270935059,0.08646011352539062,-2.4731130599975586,,,,,,
1764809274.181844,,,,,,,0.22215181589126587,-0.23327600955963135,-0.05097699165344238,0.3347855508327484,-1.3547132015228271,3.3496320247650146
1764809274.186684,-0.4254465954959392,-0.22052549593150614,-0.11381167261898517,1.2214031219482422,0.1266690492630005,-2.5014266967773438,,,,,,
1764809274.191875,,,,,,,0.23293447494506836,-0.209952712059021,-0.09122556447982788,0.18065771460533142,-1.3884669542312622,3.5437698364257812
1764809274.196736,-0.22810206866562366,-0.12257190217971801,-0.19243045130372047,1.205118179321289,0.1939767301082611,-2.5393459796905518,,,,,,
1764809274.201905,,,,,,,0.22139453887939453,-0.19500064849853516,-0.1342417597770691,0.20252758264541626,-1.4459874629974365,3.6921184062957764
1764809274.206788,-0.3151531601309776,-0.3670458444535732,-0.2927665562778711,1.193590521812439,0.23387248814105988,-2.595935583114624,,,,,,
1764809274.211936,,,,,,,0.19911721348762512,-0.17873424291610718,-0.12949874997138977,0.24919778108596802,-1.480180025100708,3.7479419708251953
1764809274.21684,-0.40803076579272746,-0.5522331196960062,-0.29467969642281533,1.1972312927246094,0.23003503680229187,-2.719304323196411,,,,,,
1764809274.221966,,,,,,,0.18797758221626282,-0.18173938989639282,-0.09943848848342896,0.3309570848941803,-1.491755485534668,3.7733705043792725
1764809274.226892,-0.49757075146436686,-0.8444847121890634,-0.19976737006306647,1.202622890472412,0.13367360830307007,-2.8734257221221924,,,,,,
1764809274.231995,,,,,,,0.19640356302261353,-0.1972562074661255,-0.055829912424087524,0.4377756714820862,-1.4772934913635254,3.856344699859619
1764809274.236945,-0.4130640837848186,-1.025142527308315,0.05574702166318893,1.200986385345459,0.025969689711928368,-3.0425169467926025,,,,,,
1764809274.242025,,,,,,,0.21018977463245392,-0.20641154050827026,0.016165196895599365,0.47833481431007385,-1.4557104110717773,3.889119863510132
1764809274.246997,-0.308171630680561,-1.159545298665762,0.09391104036271572,1.174304723739624,-0.12375162541866302,-3.1816256046295166,,,,,,
1764809274.252056,,,,,,,0.21766836941242218,-0.1763068437576294,0.12949711084365845,0.4299355447292328,-1.4081476926803589,3.8720390796661377
1764809274.257049,-0.009255904123187065,-0.997512469843775,0.08806991311907768,1.1464111804962158,-0.29642990231513977,-3.2398695945739746,,,,,,
1764809274.262086,,,,,,,0.2333631068468094,-0.08811825513839722,0.268932044506073,0.24759502708911896,-1.309456467628479,3.8154456615448
1764809274.267101,0.5755360346764326,-0.5281509274387732,-0.07368015323877335,1.1547234058380127,-0.46348199248313904,-3.153353691101074,,,,,,
1764809274.272116,,,,,,,0.2571505606174469,0.08130770921707153,0.3925202488899231,-0.03250635415315628,-1.2628964185714722,3.700651168823242
1764809274.277153,1.391110075005889,0.3422789213351905,-0.5350257451117039,1.1901088953018188,-0.48945608735084534,-2.941232681274414,,,,,,
1764809274.282146,,,,,,,0.2956521213054657,0.22708642482757568,0.3819099962711334,-0.1590307503938675,-1.2364451885223389,3.8206851482391357
1764809274.287205,1.8665905752152203,1.12432814707309,-1.016122331637144,1.2203960418701172,-0.3400968015193939,-2.6922504901885986,,,,,,
1764809274.292177,,,,,,,0.3060798645019531,0.2696646451950073,0.26052552461624146,0.03911017253994942,-1.2671221494674683,4.001614093780518
1764809274.297258,1.5372200891613959,1.409381060233712,-1.5683178227365016,1.2245583534240723,-0.07067470997571945,-2.4589343070983887,,,,,,
1764809274.302207,,,,,,,0.26431578397750854,0.24281466007232666,0.13797330856323242,0.408984899520874,-1.3345834016799927,4.017546653747559
1764809274.30731,1.0112579404711723,1.3032656412057577,-1.6373738233059645,1.2289842367172241,0.15453176200389862,-2.3561930656433105,,,,,,
1764809274.312238,,,,,,,0.2059716135263443,0.1767956018447876,0.029022127389907837,0.9185714721679688,-1.3589860200881958,3.934509038925171
1764809274.317362,0.03528291030526161,0.6449591149926185,-1.3819406801223755,1.2095088958740234,0.32014408707618713,-2.4096970558166504,,,,,,
1764809274.322268,,,,,,,0.1558370590209961,0.10188800096511841,-0.04759293794631958,1.3875198364257812,-1.298747181892395,3.8140203952789307
1764809274.327414,-0.6920446912944317,-0.1664635047458112,-1.0790595570653676,1.1911168098449707,0.41711166501045227,-2.587141513824463,,,,,,
1764809274.332299,,,,,,,0.12768223881721497,0.02400428056716919,-0.09570372104644775,1.7964107990264893,-1.1761698722839355,3.6719398498535156
1764809274.337466,-1.0443822114378214,-0.7558310808978974,-0.86847736299932,1.1672658920288086,0.4583883583545685,-2.8165764808654785,,,,,,
1764809274.342329,,,,,,,0.12974470853805542,-0.03458428382873535,-0.07381588220596313,1.9698292016983032,-1.0119662284851074,3.5847644805908203
1764809274.347518,-0.9309206674307584,-0.9498485091321169,-0.5666179842054844,1.141828179359436,0.4302893579006195,-3.0206458568573,,,,,,
1764809274.352358,,,,,,,0.14265960454940796,-0.04378694295883179,0.0383528470993042,1.7513277530670166,-0.8729947805404663,3.432548761367798
1764809274.357571,-0.3992366339623928,-0.7850441697701811,-0.3259416806489229,1.1180907487869263,0.3133971393108368,-3.122774362564087,,,,,,
1764809274.362388,,,,,,,0.16884468495845795,-0.015031933784484863,0.17626389861106873,1.317467212677002,-0.7466605305671692,3.296602725982666
1764809274.367623,0.5222516037344932,-0.20550328336656093,-0.008052958074212075,1.0843584537506104,0.1313421130180359,-3.0747485160827637,,,,,,
1764809274.372419,,,,,,,0.22417154908180237,0.03251159191131592,0.24379372596740723,0.8259096741676331,-0.6560984253883362,3.3878774642944336
1764809274.377675,1.5708154847711324,0.5036503636389971,0.2665717923134565,1.035658836364746,-0.032782699912786484,-2.8930015563964844,,,,,,
1764809274.382449,,,,,,,0.2711948752403259,0.04553413391113281,0.19534942507743835,0.604604184627533,-0.6706589460372925,3.5861575603485107
1764809274.387727,2.268573293015361,0.9644166943192481,0.22328327020704744,0.9968858361244202,-0.11517158150672913,-2.647493362426758,,,,,,
1764809274.392479,,,,,,,0.26783865690231323,0.040330350399017334,0.1391688883304596,0.603992760181427,-0.7297414541244507,3.6920952796936035
1764809274.397779,2.365271333748102,0.9771782684758304,0.03814823660850525,0.9798563122749329,-0.1260577142238617,-2.443690061569214,,,,,,
1764809274.402509,,,,,,,0.22236183285713196,0.0723721981048584,0.10153034329414368,0.7435229420661926,-0.7257139682769775,3.670883893966675
1764809274.407831,1.9223013565212488,0.6297320275053382,-0.17290742018818855,0.9470280408859253,-0.07551172375679016,-2.3181216716766357,,,,,,
1764809274.41254,,,,,,,0.18105515837669373,0.12081754207611084,0.06457200646400452,0.8396692872047424,-0.6500024199485779,3.6242146492004395
1764809274.417884,1.4459969727084039,0.2078179900497198,-0.36624972563982006,0.9122511148452759,-0.0274931862950325,-2.3159329891204834,,,,,,
1764809274.42257,,,,,,,0.1559215784072876,0.11504614353179932,0.033164769411087036,1.0232816934585571,-0.6201843619346619,3.55143404006958
1764809274.427936,0.7047884375333786,-0.24444383939653633,-0.421605117636919,0.8821118474006653,0.024944987148046494,-2.4314677715301514,,,,,,
1764809274.4326,,,,,,,0.1442946195602417,0.0680612325668335,0.02830442786216736,1.102721095085144,-0.5858748555183411,3.550150156021118
1764809274.437988,0.029437106886506078,-0.6310217750549316,-0.5007657481133938,0.8679702281951904,0.1061205342411995,-2.613223075866699,,,,,,
1764809274.442631,,,,,,,0.12889987230300903,0.020550131797790527,0.08232167363166809,0.9859316349029541,-0.5549185276031494,3.4830613136291504
1764809274.44804,-0.3284118701547384,-0.8004094966843723,-0.7618482953608036,0.8601112365722656,0.21514928340911865,-2.7955055236816406,,,,,,
1764809274.452661,,,,,,,0.12864282727241516,0.007414758205413818,0.14113008975982666,0.757897138595581,-0.4564523994922638,3.398975133895874
1764809274.458092,-0.3119903121858835,-0.638010903289914,-0.9312006534159183,0.8338213562965393,0.32505202293395996,-2.906083345413208,,,,,,
1764809274.462691,,,,,,,0.16983133554458618,0.06553143262863159,0.1985941231250763,0.5341473817825317,-0.3552275002002716,3.3927226066589355
1764809274.468144,-0.009957038129866123,-0.15906214244812725,-0.9392676400154828,0.7897540330886841,0.42108669877052307,-2.9050960540771484,,,,,,
1764809274.472721,,,,,,,0.2251349687576294,0.17354035377502441,0.20581692457199097,0.5368437170982361,-0.35216835141181946,3.380943775177002
1764809274.478197,0.5215159829363226,0.4830208325862884,-0.9980489148080348,0.7394293546676636,0.49407219886779785,-2.7531559467315674,,,,,,
1764809274.482751,,,,,,,0.2644190192222595,0.28890150785446167,0.19357901811599731,0.7709853649139404,-0.4099024832248688,3.3616185188293457
1764809274.488249,1.228509237037599,1.2024293316245078,-0.9519897589445113,0.7045520544052124,0.5155199766159058,-2.499183177947998,,,,,,
1764809274.492782,,,,,,,0.2702804207801819,0.35702353715896606,0.14419758319854736,1.2924257516860962,-0.44974416494369507,3.353440761566162
1764809274.498301,1.6250363197803497,1.6681214282691477,-1.0351333215773104,0.6770310401916504,0.5156167149543762,-2.1932098865509033,,,,,,
1764809274.502812,,,,,,,0.2317233681678772,0.37854117155075073,0.12003803253173828,1.7902802228927612,-0.4375396966934204,3.331993818283081
1764809274.508353,2.0080793593108655,1.8326380367308854,-0.9076035047292709,0.6952017545700073,0.5297301411628723,-1.8615394830703735,,,,,,
1764809274.512842,,,,,,,0.16016513109207153,0.34344249963760376,0.15193980932235718,2.006934881210327,-0.44587114453315735,3.145826816558838
1764809274.518405,2.326042608426511,1.567069283980131,-0.7891600806564092,0.7755151391029358,0.38004031777381897,-1.7665716409683228,,,,,,
1764809274.522872,,,,,,,0.0955076813697815,0.23702949285507202,0.17020246386528015,2.1084165573120117,-0.28906792402267456,2.973510503768921
1764809274.528457,0.902739405824244,0.6960036580532789,-0.35697160968482494,0.8085048198699951,0.2722611129283905,-1.834040641784668,,,,,,
1764809274.532903,,,,,,,0.07417792081832886,0.17874574661254883,0.19769936800003052,2.0039989948272705,-0.062839075922966,2.8448965549468994
1764809274.53851,0.022431612038612363,0.18714228176772593,-0.030534838995337484,0.799928605556488,0.21507008373737335,-1.9600305557250977,,,,,,
1764809274.542933,,,,,,,0.08783924579620361,0.15975767374038696,0.20475775003433228,1.7273995876312256,0.09166474640369415,2.7186262607574463
1764809274.548561,-0.37560003004819154,0.11803367422819137,-0.06588906097114086,0.7749558687210083,0.2013324350118637,-2.024881601333618,,,,,,
1764809274.552963,,,,,,,0.11840200424194336,0.13307052850723267,0.17738908529281616,1.4118366241455078,0.17405575513839722,2.6152124404907227
1764809274.558613,-0.33447219310700893,0.41553778042197226,-0.1393371590197086,0.7657774686813354,0.21623589098453522,-1.9574930667877197,,,,,,
1764809274.562994,,,,,,,0.1427651047706604,0.11413931846618652,0.12399649620056152,0.9915222525596619,0.18086759746074677,2.5070371627807617
1764809274.568665,0.06082797818928957,0.9060416622400284,-0.22947043440937995,0.7791318893432617,0.21847188472747803,-1.790946125984192,,,,,,
1764809274.573024,,,,,,,0.13785946369171143,0.11398792266845703,0.03128775954246521,0.6284990310668945,0.16585642099380493,2.314545154571533
1764809274.578717,0.28456659094840286,1.0610784946948288,-0.3052916913300752,0.7758969664573669,0.18950021266937256,-1.5980093479156494,,,,,,
1764809274.583054,,,,,,,0.11011260747909546,0.13317179679870605,0.0061419010162353516,0.36019009351730347,0.21901018917560577,2.106107234954834
1764809274.588769,0.401483536106348,0.7969839061498641,-0.2271153957158327,0.7463344931602478,0.13484974205493927,-1.436108112335205,,,,,,
1764809274.593084,,,,,,,0.08596670627593994,0.1569012999534607,0.04002287983894348,0.21486078202724457,0.2696363627910614,1.9182450771331787
1764809274.598822,0.5563311295993626,0.43895664993226524,0.11549509566128253,0.6904980540275574,0.046137385070323944,-1.31593918800354,,,,,,
1764809274.603114,,,,,,,0.07893848419189453,0.17075806856155396,0.045360833406448364,0.16550947725772858,0.31389808654785156,1.7723759412765503
1764809274.608874,0.8032048264913261,0.2692787131845951,0.3526227668255567,0.6024273037910461,-0.03548290953040123,-1.1684154272079468,,,,,,
1764809274.613145,,,,,,,0.08664757013320923,0.18929776549339294,0.06272932887077332,0.1817457675933838,0.33866921067237854,1.6677173376083374
1764809274.618926,1.5249088891208171,0.45039808140099047,0.3393395068824291,0.6004669070243835,-0.2410058230161667,-1.1277658939361572,,,,,,
1764809274.623175,,,,,,,0.08837586641311646,0.21591562032699585,0.07792580127716064,0.26080331206321716,0.34561687707901,1.58803391456604
1764809274.628978,1.0385182878404855,0.37148002750873566,0.19013912549614906,0.6222542524337769,-0.3713292181491852,-1.1647343635559082,,,,,,
1764809274.633205,,,,,,,0.08144253492355347,0.2490600049495697,0.07818111777305603,0.32988253235816956,0.37100932002067566,1.473389983177185
1764809274.63903,0.49194180566668505,0.5014519768118858,0.2022106715619564,0.6361746191978455,-0.4039525091648102,-1.1386092901229858,,,,,,
1764809274.643235,,,,,,,0.06647366285324097,0.2522905766963959,0.08384767174720764,0.39856624603271484,0.39518576860427856,1.3591992855072021
1764809274.649082,0.7429070096559822,0.8688140476077795,-0.00036415713727474213,0.6621534824371338,-0.4569992125034332,-1.037856936454773,,,,,,
1764809274.653266,,,,,,,0.05134713649749756,0.22806736826896667,0.09330159425735474,0.43254899978637695,0.43336111307144165,1.2823854684829712
1764809274.659135,0.6304736396528781,0.9557926583588123,0.04268120386302471,0.6948345303535461,-0.49839234352111816,-0.9077388048171997,,,,,,
1764809274.663296,,,,,,,0.04457235336303711,0.21808931231498718,0.09808874130249023,0.3525756001472473,0.4750760793685913,1.1857178211212158
1764809274.669187,0.3459681312419474,0.8316910623937844,0.10618600004613399,0.7102960348129272,-0.4847750961780548,-0.7776950597763062,,,,,,
1764809274.673326,,,,,,,0.04222029447555542,0.212875634431839,0.09886199235916138,0.2769503891468048,0.5283417105674744,1.0688797235488892
1764809274.679239,-0.035653497183322905,0.6770090347260236,0.03035071460008621,0.7146547436714172,-0.4093925952911377,-0.6623148322105408,,,,,,
1764809274.683356,,,,,,,0.04001659154891968,0.21803852915763855,0.09796935319900513,0.2470092624425888,0.5720667839050293,0.9420618414878845
1764809274.689291,-0.35127485934793945,0.5704822584182023,-0.06841770266592502,0.7265119552612305,-0.2805320918560028,-0.5598896741867065,,,,,,
1764809274.693387,,,,,,,0.03473830223083496,0.21982285380363464,0.0857783854007721,0.2892804443836212,0.597563624382019,0.8356074094772339
1764809274.699343,-0.5959289804942905,0.6054197162866592,-0.17679624432027338,0.7481096982955933,-0.13499122858047485,-0.4636843204498291,,,,,,
1764809274.703417,,,,,,,0.02668076753616333,0.21332523226737976,0.0844249427318573,0.363227903842926,0.6413582563400269,0.737805187702179
1764809274.709395,-0.7302965344078839,0.7056073527008294,-0.24319793098866938,0.7892007231712341,0.017406029626727104,-0.3652072846889496,,,,,,
1764809274.713447,,,,,,,0.014248788356781006,0.21216663718223572,0.09235215187072754,0.46596553921699524,0.7150993347167969,0.6284427046775818
1764809274.719448,-0.6877785582825541,0.8186714218229055,-0.22190730567872524,0.842829167842865,0.1690622717142105,-0.2659868896007538,,,,,,
1764809274.723477,,,,,,,0.005788683891296387,0.22381135821342468,0.08774673938751221,0.4667069911956787,0.7700698971748352,0.4970942437648773
1764809274.7295,-0.6385206063777208,0.8142185340672731,-0.17790917399823664,0.8817523121833801,0.2902449071407318,-0.1666046530008316,,,,,,
1764809274.733508,,,,,,,0.008955240249633789,0.21446484327316284,0.06928935647010803,0.4547647535800934,0.8012642860412598,0.35999593138694763
1764809274.739552,-0.6172575997270643,0.7175245849877595,-0.18266835122406483,0.9002987146377563,0.35670867562294006,-0.06636428833007812,,,,,,
1764809274.743538,,,,,,,0.01425790786743164,0.18054577708244324,0.05267065763473511,0.4316839277744293,0.8312528133392334,0.2583175003528595
1764809274.749604,-0.44819458000734447,0.5623311006665229,-0.14211129990816115,0.9001953601837158,0.373488187789917,0.02746393531560898,,,,,,
1764809274.753568,,,,,,,0.018224596977233887,0.15520262718200684,0.05280572175979614,0.37949132919311523,0.8695818185806274,0.15089522302150726
1764809274.759656,-0.15044482848942278,0.41066228334009647,-0.10262567721605301,0.883550763130188,0.33807122707366943,0.11111866682767868,,,,,,
1764809274.763598,,,,,,,0.028438568115234375,0.1341165006160736,0.06860464811325073,0.28968048095703125,0.9095715880393982,0.04076685383915901
1764809274.769708,0.234213975674659,0.3789940564006567,-0.1183329494357109,0.8716840147972107,0.2636638283729553,0.18092012405395508,,,,,,
1764809274.773629,,,,,,,0.04045826196670532,0.10939103364944458,0.08588951826095581,0.1594880074262619,0.9265588521957397,-0.05958431586623192
1764809274.779761,0.5925514668852091,0.4433639449805021,-0.18931845676302908,0.8786250352859497,0.16803500056266785,0.23699583113193512,,,,,,
1764809274.783659,,,,,,,0.0437503457069397,0.08257097005844116,0.10196912288665771,0.04251612350344658,0.9280624389648438,-0.14107970893383026
1764809274.789813,0.8351713057249784,0.5275210685700178,-0.1764607287555933,0.9136741161346436,0.06357729434967041,0.2772974371910095,,,,,,
1764809274.793689,,,,,,,0.032191336154937744,0.07162415981292725,0.1027647852897644,-0.05461294203996658,0.9284406304359436,-0.20859716832637787
1764809274.799865,0.8759742946259677,0.5585422297775745,-0.1095271271675825,0.9406747221946716,-0.05474182218313217,0.3084615468978882,,,,,,
1764809274.803719,,,,,,,0.012628376483917236,0.08031070232391357,0.0919550359249115,-0.1638757735490799,0.9530237317085266,-0.2723303437232971
1764809274.809917,0.7490715236350893,0.4978723647594452,-0.1118283898472786,0.9554877281188965,-0.16801831126213074,0.33577173948287964,,,,,,
1764809274.81375,,,,,,,0.006293594837188721,0.08102443814277649,0.08363357186317444,-0.22809144854545593,0.9919085502624512,-0.3288065791130066
1764809274.819969,0.6997542427584529,0.4044692739188671,-0.1321533849954605,0.9672839045524597,-0.21982887387275696,0.36007916927337646,,,,,,
1764809274.82378,,,,,,,0.00623708963394165,0.07470479607582092,0.07161664962768555,-0.26836854219436646,0.9970420598983765,-0.35945263504981995
1764809274.830021,0.6434037022441625,0.2514683312058449,-0.14669570508897303,0.9667115807533264,-0.21324314177036285,0.3742122948169708,,,,,,
1764809274.83381,,,,,,,0.007397174835205078,0.07284599542617798,0.05387282371520996,-0.2835845649242401,1.0093088150024414,-0.38054922223091125
1764809274.840074,0.48768400209173557,0.09876315656900406,-0.22792437401115892,0.9459293484687805,-0.1946595460176468,0.3868614137172699,,,,,,
1764809274.84384,,,,,,,0.019717633724212646,0.07336342334747314,0.04804942011833191,-0.2759769856929779,1.0374608039855957,-0.391771525144577
1764809274.850126,0.47060631830170746,0.08686287541687487,-0.32537586345970626,0.9227800965309143,-0.19144804775714874,0.40236395597457886,,,,,,
1764809274.85387,,,,,,,0.037798166275024414,0.07644116878509521,0.0480804443359375,-0.2867908179759979,1.0400054454803467,-0.3965822458267212
1764809274.860178,0.5851093341857194,0.2012730984508991,-0.44163200662136076,0.9165170192718506,-0.21538008749485016,0.4166437089443207,,,,,,
1764809274.863901,,,,,,,0.05131959915161133,0.06723210215568542,0.06537273526191711,-0.2851196825504303,1.0044440031051636,-0.3856126666069031
