timestamp,phone_accel_x,phone_accel_y,phone_accel_z,phone_gyro_x,phone_gyro_y,phone_gyro_z,watch_accel_x,watch_accel_y,watch_accel_z,watch_gyro_x,watch_gyro_y,watch_gyro_z
1764809233.867312,0.04853840545862913,-0.27431027761101723,-0.08675210851877928,0.000843891641125083,-0.15131855010986328,0.007538801059126854,,,,,,
1764809233.870442,,,,,,,-0.011577963829040527,0.002354532480239868,-0.0315595343708992,-0.2014177441596985,0.024221792817115784,-0.06521716713905334
1764809233.877364,0.06422989558726548,-0.2629647077322006,-0.12419658077210187,-0.021540509536862373,-0.1518850028514862,0.007490064948797226,,,,,,
1764809233.880472,,,,,,,-0.002058744430541992,-0.001191258430480957,-0.03063804656267166,-0.2005186676979065,0.0095744077116251,-0.06122136116027832
1764809233.887416,0.09673457335084676,-0.22075755112171172,-0.1591163568533957,-0.033140309154987335,-0.14839810132980347,0.0026855538599193096,,,,,,
1764809233.890503,,,,,,,0.002469182014465332,-0.0038650035858154297,-0.01991415023803711,-0.20382875204086304,-0.01482201088219881,-0.04625386372208595
1764809233.897468,0.09425970766991376,-0.17289865235984325,-0.18576544045656918,-0.03595447167754173,-0.12928885221481323,-0.003099364461377263,,,,,,
1764809233.900533,,,,,,,-0.003171205520629883,-0.0008886158466339111,-0.008761584758758545,-0.20054294168949127,-0.028428632766008377,-0.034951940178871155
1764809233.90752,0.06333060865998268,-0.07560907547473907,-0.16973010532632468,-0.035585660487413406,-0.10243679583072662,-0.008126124739646912,,,,,,
1764809233.910563,,,,,,,-0.011995136737823486,0.0032030344009399414,-0.0036217570304870605,-0.18310615420341492,-0.022756099700927734,-0.02122807316482067
1764809233.917572,0.01441957049667835,-0.019838088414072988,-0.1569791986942291,-0.03327350318431854,-0.07921882718801498,-0.011493958532810211,,,,,,
1764809233.920593,,,,,,,-0.01345914602279663,0.008349329233169556,0.0008147954940795898,-0.15595309436321259,-0.009715134277939796,-0.008299225009977818
1764809233.927624,0.020493045191466806,-0.005793196448683738,-0.15323679729551076,-0.02880280837416649,-0.06437941640615463,-0.015738116577267647,,,,,,
1764809233.930623,,,,,,,-0.006290435791015625,0.009204566478729248,0.0058566369116306305,-0.12570320069789886,-0.00338746327906847,0.0032451122533529997
1764809233.937676,0.07157119826078415,0.029249475359916684,-0.17285481321811674,-0.02490447461605072,-0.05942140892148018,-0.022947825491428375,,,,,,
1764809233.940654,,,,,,,-0.0004360675811767578,0.00807124376296997,0.009494487196207047,-0.11086753010749817,-0.005145682021975517,0.009938701055943966
1764809233.947729,0.10401625479161739,0.06042085869312286,-0.14079042656794188,-0.020375879481434822,-0.0670754611492157,-0.02986985445022583,,,,,,
1764809233.950684,,,,,,,0.003886282444000244,0.003633856773376465,0.010077416896820068,-0.10394647717475891,-0.0069832634180784225,0.017696956172585487
1764809233.957781,0.15224661721438168,0.0826139858007431,-0.13413959037661552,-0.015760354697704315,-0.08560094237327576,-0.03701857477426529,,,,,,
1764809233.960714,,,,,,,0.00537949800491333,-0.0015759766101837158,0.010314226150512695,-0.1117791011929512,-0.011947661638259888,0.029061462730169296
1764809233.967833,0.19196546414047477,0.13186755379140377,-0.1105849656574428,-0.006850444246083498,-0.11244075000286102,-0.04078157991170883,,,,,,
1764809233.970744,,,,,,,0.004079699516296387,-0.0015954971313476562,0.01217389851808548,-0.11909791827201843,-0.012877638451755047,0.03231517970561981
1764809233.977885,0.1913330114558339,0.1299614279091358,-0.09299874782338738,0.0031497254967689514,-0.13365203142166138,-0.04130036383867264,,,,,,
1764809233.980774,,,,,,,0.003471553325653076,-0.0005239248275756836,0.012082640081644058,-0.13293489813804626,-0.010252026841044426,0.037034034729003906
1764809233.987937,0.1703986522376537,0.11114099210500716,-0.06780103207230567,0.009830538183450699,-0.14890187978744507,-0.04068003594875336,,,,,,
1764809233.990804,,,,,,,0.0031749606132507324,-0.0020495057106018066,0.00866192951798439,-0.14040768146514893,-0.007453044876456261,0.03708690032362938
1764809233.997989,0.08988397680372,0.09769932672977447,-0.05007832837700844,0.0165126770734787,-0.14855992794036865,-0.04095274582505226,,,,,,
1764809234.000835,,,,,,,-0.0007061362266540527,-0.000904083251953125,0.007318444550037384,-0.14396753907203674,-0.006611752323806286,0.03980465605854988
1764809234.008041,-0.052804538470506666,0.06743629041314125,-0.05971154137998819,0.020179998129606247,-0.13327611982822418,-0.03926858305931091,,,,,,
1764809234.010865,,,,,,,-0.003728151321411133,0.0018181800842285156,0.0001295246183872223,-0.14801955223083496,-0.005716930143535137,0.04081139713525772
1764809234.018093,-0.17965309505611657,0.02005026986002922,-0.06147767426967621,0.013844337314367294,-0.11711712181568146,-0.034944143146276474,,,,,,
1764809234.020895,,,,,,,-0.004247725009918213,-0.002840012311935425,-0.008813556283712387,-0.14341334998607635,0.0036246399395167828,0.034452032297849655
1764809234.028145,-0.23488310710787771,-0.0034048400074243542,-0.05016746796518564,0.004792487248778343,-0.10280540585517883,-0.0331568568944931,,,,,,
1764809234.030925,,,,,,,-0.0020136237144470215,-0.002863973379135132,-0.012512505054473877,-0.15407294034957886,0.008503817021846771,0.019687268882989883
1764809234.038197,-0.24287819751501083,-0.02388064180314541,-0.060504006931930775,-0.004724318627268076,-0.09734486043453217,-0.028487537056207657,,,,,,
1764809234.040955,,,,,,,0.00406879186630249,-0.002573370933532715,-0.014876186847686768,-0.16177506744861603,-0.0027581583708524704,0.009342219680547714
1764809234.048249,-0.19498831909298894,-0.02269932306408882,-0.06715455086231231,-0.013652551919221878,-0.10601995140314102,-0.0283126812428236,,,,,,
1764809234.050986,,,,,,,0.009078800678253174,-0.004724353551864624,-0.01703239232301712,-0.16555017232894897,-0.014324267394840717,0.007681738585233688
1764809234.058302,-0.11530424926429986,-0.0026449615508317946,-0.0585106411576271,-0.01883133500814438,-0.12078025192022324,-0.027545157819986343,,,,,,
1764809234.061016,,,,,,,0.01244962215423584,-0.008530795574188232,-0.011995017528533936,-0.16194212436676025,-0.02201281115412712,0.005917128175497055
1764809234.068354,-0.05024082546234131,0.039514264264702795,-0.048155543620884415,-0.009658720344305038,-0.12556448578834534,-0.030538490042090416,,,,,,
1764809234.071046,,,,,,,0.009294867515563965,-0.008378833532333374,0.00019532442092895508,-0.15894660353660583,-0.032621514052152634,0.008455520495772362
1764809234.078406,-0.05442775575816631,0.0988613562464714,-0.01741173804998398,0.003514339681714773,-0.1149512529373169,-0.033600591123104095,,,,,,
1764809234.081076,,,,,,,0.002187669277191162,-0.003635972738265991,-0.0001062154769897461,-0.15140533447265625,-0.029680050909519196,0.008918643929064274
1764809234.088458,-0.12339870839267969,0.12727496530413626,0.030003070206195113,0.008656993508338928,-0.09881727397441864,-0.032941482961177826,,,,,,
1764809234.091106,,,,,,,-0.0015965104103088379,-0.005235075950622559,-0.004537343978881836,-0.13306115567684174,-0.010480793192982674,0.01185511238873005
1764809234.09851,-0.1924333739131689,0.1350643040060997,0.04652662724480033,0.008135545998811722,-0.08615447580814362,-0.027344586327672005,,,,,,
1764809234.101137,,,,,,,0.0009899735450744629,-0.00316011905670166,-0.008157659322023392,-0.11687658727169037,0.0005606729537248611,0.01312544010579586
1764809234.108562,-0.1967223032787442,0.12074117962121962,0.02032996358424425,0.004289740696549416,-0.07779096066951752,-0.02224161848425865,,,,,,
1764809234.111167,,,,,,,0.008917450904846191,-0.0025508999824523926,-0.01295202225446701,-0.11032433062791824,-0.0002784889657050371,0.009267983958125114
1764809234.118614,-0.18210487212240695,0.07675415385663509,0.01716068589836359,-0.0039636618457734585,-0.07687776535749435,-0.01976141333580017,,,,,,
1764809234.121197,,,,,,,0.015535116195678711,-0.006228148937225342,-0.018403589725494385,-0.1147126853466034,-0.0020263218320906162,0.002476390916854143
1764809234.128666,-0.12796762374341486,0.07743862898945808,0.014430676412582397,-0.01096020732074976,-0.09083100408315659,-0.017578482627868652,,,,,,
1764809234.131227,,,,,,,0.017754673957824707,-0.00998079776763916,-0.016395926475524902,-0.1257697194814682,-0.012438216246664524,0.0006785574369132519
1764809234.138718,-0.0911909677490592,0.08856675672531128,0.013875380617380141,-0.010015849955379963,-0.10120108723640442,-0.017106037586927414,,,,,,
1764809234.141257,,,,,,,0.016172051429748535,-0.011751174926757812,-0.008771535009145737,-0.13522900640964508,-0.021555814892053604,0.002636513439938426
1764809234.14877,-0.10351619631499051,0.10473287862837315,-0.00403919238820672,-0.005108169745653868,-0.10419107228517532,-0.01670941710472107,,,,,,
1764809234.151287,,,,,,,0.008126795291900635,-0.006344735622406006,-0.006602227687835693,-0.1401248276233673,-0.023478083312511444,-0.003507931949570775
1764809234.158823,-0.12514905919134617,0.1108124908030033,0.012016601008176803,-0.0035912333987653255,-0.09861787408590317,-0.01505665946751833,,,,,,
1764809234.161318,,,,,,,0.0038149356842041016,-0.005261123180389404,-0.004235684871673584,-0.13752532005310059,-0.01737891137599945,-0.005993193946778774
1764809234.168875,-0.17674655995965002,0.12044658058881759,0.0010056699112057684,0.0025241458788514137,-0.08275321871042252,-0.013413805514574051,,,,,,
1764809234.171348,,,,,,,0.007252752780914307,-0.005545556545257568,-0.002556920051574707,-0.12851053476333618,-0.013805749826133251,-0.004191231913864613
1764809234.178927,-0.21432196511626242,0.12279752762913704,-0.012355623704195021,0.005385180003941059,-0.058257196098566055,-0.013745900243520737,,,,,,
1764809234.181378,,,,,,,0.005912363529205322,-0.0022001266479492188,-0.00735502690076828,-0.11001089215278625,-0.010985461995005608,-0.0047986991703510284
1764809234.188979,-0.24648849696666,0.1287426997691393,0.003580634965747595,0.003636053064838052,-0.03502131998538971,-0.013022004626691341,,,,,,
1764809234.191408,,,,,,,0.007902085781097412,-0.0016349554061889648,-0.012917153537273407,-0.09588447213172913,-0.005866333842277527,-0.008725729770958424
1764809234.199031,-0.24339696069210767,0.10488017814457416,-0.012750760501623153,-0.0014058435335755348,-0.020435720682144165,-0.011245143599808216,,,,,,
1764809234.201438,,,,,,,0.010694503784179688,-0.0016688406467437744,-0.015683181583881378,-0.0858243852853775,-0.008433620445430279,-0.007023969665169716
1764809234.209083,-0.1825283582314849,0.06959902140498161,-0.020874445724487302,-0.002686446998268366,-0.01941746659576893,-0.009266743436455727,,,,,,
1764809234.211469,,,,,,,0.009554624557495117,-0.004515320062637329,-0.014565706253051758,-0.0735764428973198,-0.012788421474397182,-0.005761099047958851
1764809234.219135,-0.13018851466327905,0.058202598121762275,-0.04027253528609872,-0.005133891943842173,-0.021697398275136948,-0.008524786680936813,,,,,,
1764809234.221499,,,,,,,0.006168723106384277,-0.00322878360748291,-0.011548705399036407,-0.0714576318860054,-0.018064409494400024,-0.006015431135892868
1764809234.229187,-0.09812602770924568,0.02131342166364193,-0.015494652382284401,-0.006700326222926378,-0.03009428270161152,-0.006769716273993254,,,,,,
1764809234.231529,,,,,,,0.004048347473144531,-0.0052134692668914795,-0.010738253593444824,-0.06992831826210022,-0.021817337721586227,-0.004800563678145409
1764809234.239239,-0.08349953646361827,0.014585574713349342,-0.01676642588376999,-0.009669750928878784,-0.04238264262676239,-0.006687690503895283,,,,,,
1764809234.241559,,,,,,,0.0021712779998779297,-0.009645521640777588,-0.0074473097920417786,-0.06628590822219849,-0.025545228272676468,-0.0015190166886895895
1764809234.249291,-0.06072071842253208,0.0009457564175128936,-0.011076397548615932,-0.009895779192447662,-0.04929933324456215,-0.009024189785122871,,,,,,
1764809234.251589,,,,,,,-0.001373291015625,-0.010634124279022217,-0.0049637556076049805,-0.07238971441984177,-0.023323088884353638,-0.0040807779878377914
1764809234.259343,-0.05011369195133447,0.0011158522874116898,-0.011241232721507548,-0.00807311199605465,-0.049755800515413284,-0.012981913983821869,,,,,,
1764809234.26162,,,,,,,-0.003244936466217041,-0.00903010368347168,-0.003719516098499298,-0.0754462257027626,-0.018692385405302048,-0.003761997679248452
1764809234.269396,-0.07216010406464338,0.007732055556774139,-0.017342472206056118,-0.008529450744390488,-0.053179215639829636,-0.017649080604314804,,,,,,
1764809234.27165,,,,,,,-0.001768946647644043,-0.009754568338394165,-0.006294127553701401,-0.08088473975658417,-0.014585788361728191,0.001775846118107438
1764809234.279448,-0.05939473051577806,0.010752864682674407,-0.00998246483206749,-0.010426951572299004,-0.06023313105106354,-0.02485639415681362,,,,,,
1764809234.28168,,,,,,,-0.0013521313667297363,-0.012004494667053223,-0.007848143577575684,-0.08347892761230469,-0.015535472892224789,0.005412925034761429
1764809234.2895,-0.019868775813281534,-0.020289339312911034,-0.007360299634933471,-0.012997591868042946,-0.06879453361034393,-0.030099686235189438,,,,,,
1764809234.29171,,,,,,,-0.002229452133178711,-0.011125653982162476,-0.008793056011199951,-0.08910210430622101,-0.01111569069325924,0.008195129223167896
1764809234.299552,-0.004936287358403206,-0.02486614570915699,-0.020834990496933457,-0.010333364829421043,-0.07434669137001038,-0.03546302393078804,,,,,,
1764809234.30174,,,,,,,-0.0034006834030151367,-0.008920282125473022,-0.005157642066478729,-0.0916917622089386,-0.007131868042051792,0.017774786800146103
1764809234.309604,0.01598901177048683,-0.034217326900362964,-0.0034437107130885123,-0.009361732751131058,-0.07565577328205109,-0.036784812808036804,,,,,,
1764809234.31177,,,,,,,-0.003964364528656006,-0.0087546706199646,-0.0043615177273750305,-0.0883207693696022,-0.005839968100190163,0.026997113600373268
1764809234.319656,0.012431611549854277,-0.021734861946105955,0.0031049802780151363,-0.0035698902793228626,-0.0699683278799057,-0.04097689688205719,,,,,,
1764809234.321801,,,,,,,-0.00620800256729126,-0.005109161138534546,-0.004528161138296127,-0.07336898148059845,-0.0007741032168269157,0.03549126535654068
1764809234.329708,-0.01483048938512802,-0.003896422916650772,-0.021932138083875178,0.002992626279592514,-0.056466106325387955,-0.04275387525558472,,,,,,
1764809234.331831,,,,,,,-0.007174849510192871,0.0013718605041503906,-0.0065680742263793945,-0.05232299119234085,0.006468096747994423,0.045289766043424606
1764809234.33976,-0.06273527311533689,-0.008502455407381057,-0.011661211699247359,0.0023579951375722885,-0.03737896680831909,-0.04517468810081482,,,,,,
1764809234.341861,,,,,,,-0.00805598497390747,0.00538480281829834,-0.01342368870973587,-0.03066829778254032,0.010468164458870888,0.05121023952960968
1764809234.349812,-0.10802695173770188,-0.01822246991097927,-0.0050930853553116315,0.0002854708582162857,-0.02214937098324299,-0.04728837311267853,,,,,,
1764809234.351891,,,,,,,-0.00635838508605957,0.0043821632862091064,-0.01338738203048706,-0.013520609587430954,0.015506599098443985,0.051655787974596024
1764809234.359864,-0.08604717511981726,-0.033957799181342126,-0.02359963290467858,-0.005783872678875923,-0.016335424035787582,-0.04602177068591118,,,,,,
1764809234.361921,,,,,,,-0.003083467483520508,0.001462310552597046,-0.011317431926727295,-0.012669462710618973,0.01333905290812254,0.05453972518444061
1764809234.369916,-0.04116320051550865,-0.07016776120364665,-0.02386485971212387,-0.00823355931788683,-0.019728951156139374,-0.0473192036151886,,,,,,
1764809234.371951,,,,,,,-0.002833724021911621,-0.002283036708831787,-0.009028442203998566,-0.033289585262537,0.010388003662228584,0.049313802272081375
1764809234.379969,0.021138941879570484,-0.05092530059516429,-0.018495441633462905,-0.013185441493988037,-0.036516718566417694,-0.04656313359737396,,,,,,
1764809234.381982,,,,,,,-0.0015578866004943848,-0.005807012319564819,-0.00943649560213089,-0.05997072905302048,0.007967190816998482,0.04665570333600044
1764809234.390021,0.0685357760876417,-0.010384615892171859,0.002590601015090942,-0.011992150917649269,-0.05862901359796524,-0.049440573900938034,,,,,,
1764809234.392012,,,,,,,0.00025779008865356445,-0.005845606327056885,-0.005419015884399414,-0.07615639269351959,0.0032334215939044952,0.04665696993470192
1764809234.400073,0.11199702441245317,0.0258504805713892,-0.0013946692287921906,-0.005758756306022406,-0.08085602521896362,-0.0480264350771904,,,,,,
1764809234.402042,,,,,,,0.0023920536041259766,0.0032015442848205566,-0.005518324673175812,-0.08830120414495468,-0.002055882476270199,0.04189390689134598
1764809234.410125,0.1056803886115551,0.041993806120753284,0.005102876096963882,-0.003428269177675247,-0.09610982239246368,-0.04441477730870247,,,,,,
1764809234.412073,,,,,,,0.0012058615684509277,0.00915592908859253,-0.006155367940664291,-0.08381219208240509,-0.005955283530056477,0.04153510928153992
1764809234.420177,0.04813011691868305,0.034845103409886356,-0.007758066780865192,0.0012224088422954082,-0.10668124258518219,-0.03869350627064705,,,,,,
1764809234.422103,,,,,,,-0.003019869327545166,0.00915178656578064,-0.0036885812878608704,-0.07008945941925049,-0.0042987968772649765,0.03913773223757744
1764809234.430229,-0.04171820404976606,0.015270049846172333,-0.007417582780122756,0.0050390176475048065,-0.10097236931324005,-0.029455307871103287,,,,,,
1764809234.432134,,,,,,,-0.007583916187286377,0.008348971605300903,-0.001666724681854248,-0.06100224703550339,-0.0014420240186154842,0.030966423451900482
1764809234.440281,-0.15259703808724878,0.005607318487763404,0.006533639552444219,0.0026528253220021725,-0.08221572637557983,-0.02430555410683155,,,,,,
1764809234.442164,,,,,,,-0.007041454315185547,0.010235428810119629,-0.002829860895872116,-0.056221071630716324,0.010248454287648201,0.016193602234125137
1764809234.450333,-0.2552452193960547,0.011132219389081,-0.0055905134834349154,0.0008796222973614931,-0.05712147057056427,-0.016925141215324402,,,,,,
1764809234.452194,,,,,,,-0.002979576587677002,0.007349342107772827,-0.0071433186531066895,-0.05246712267398834,0.01424532663077116,0.007099571637809277
1764809234.460385,-0.3133385119244456,0.007751344779133796,-0.03939297597259283,0.0035893884487450123,-0.03207790106534958,-0.008710087276995182,,,,,,
1764809234.462224,,,,,,,-0.0011425614356994629,0.0071134865283966064,-0.008838601410388947,-0.05066762492060661,0.008715271949768066,-0.00584818422794342
1764809234.470437,-0.30765462106913327,-0.005028641816973686,-0.06090571960061788,0.003502451814711094,-0.013467276468873024,0.00023678643628954887,,,,,,
1764809234.472254,,,,,,,-0.003992259502410889,0.00699201226234436,-0.011345326900482178,-0.05396284535527229,0.007552536204457283,-0.01879986934363842
1764809234.480489,-0.2408271102041006,-0.016640169155597687,-0.04009820163249969,0.002666219137609005,-0.012595091015100479,0.009807921014726162,,,,,,
1764809234.482285,,,,,,,-0.0029202699661254883,0.0006999075412750244,-0.010797560214996338,-0.057167693972587585,0.011485758237540722,-0.03247333690524101
1764809234.490542,-0.1683712380632758,0.0012684125006198882,0.008108779914677143,0.0009336844086647034,-0.03367313742637634,0.02166379801928997,,,,,,
1764809234.492315,,,,,,,0.004610776901245117,-0.002989530563354492,-0.01125837117433548,-0.0687120109796524,0.01066683605313301,-0.04564060643315315
1764809234.500594,-0.11742723276764154,0.06152618958652019,0.06131663848906755,0.004926295485347509,-0.06793469935655594,0.031561169773340225,,,,,,
1764809234.502345,,,,,,,0.01307523250579834,-0.007287114858627319,-0.011782176792621613,-0.07565700262784958,-0.010914089158177376,-0.05728740617632866
1764809234.510647,-0.16046967115849256,0.06076864921748638,0.0729440940491855,0.016648393124341965,-0.08791273832321167,0.03712887689471245,,,,,,
1764809234.512375,,,,,,,0.0072525739669799805,-0.010119736194610596,-0.007583256810903549,-0.07819594442844391,-0.02813541889190674,-0.06650526821613312
1764809234.520699,-0.2648623580470681,0.016081950750946997,0.10137041645795106,0.017614319920539856,-0.08041301369667053,0.03695497289299965,,,,,,
1764809234.522405,,,,,,,-0.00714641809463501,-0.007755964994430542,-0.013551048934459686,-0.07420572638511658,-0.013875258155167103,-0.0742018073797226
1764809234.530751,-0.3410129930526018,-0.024929858595132828,0.11782704574018717,0.008486551232635975,-0.05559736490249634,0.03693773224949837,,,,,,
1764809234.532435,,,,,,,-0.011232912540435791,-0.011343628168106079,-0.017921503633260727,-0.0601254403591156,0.010871633887290955,-0.07510735094547272
1764809234.540803,-0.34562954693734643,-0.044509588333964345,0.09555909983068704,-0.0007040174677968025,-0.02906935289502144,0.036015480756759644,,,,,,
1764809234.542466,,,,,,,-0.0025280117988586426,-0.013921171426773071,-0.02254623919725418,-0.044691622257232666,0.01679157465696335,-0.07462664693593979
1764809234.550855,-0.30774171483069657,-0.06589724427759647,0.045230157693475485,-0.007383700460195541,-0.006107938941568136,0.03326550871133804,,,,,,
1764809234.552496,,,,,,,0.004738450050354004,-0.01636597514152527,-0.02424180507659912,-0.03265661373734474,0.0076750414445996284,-0.06965199112892151
1764809234.560907,-0.23873218375146388,-0.043126609542965884,0.012394202148914336,-0.013135861605405807,0.00793277844786644,0.027064070105552673,,,,,,
1764809234.562526,,,,,,,0.006749927997589111,-0.020832866430282593,-0.023695535957813263,-0.028235500678420067,-0.0010609258897602558,-0.0557955726981163
1764809234.570959,-0.10414017343223095,-0.013719313272833824,0.029599896232783793,-0.01971135288476944,0.009095058776438236,0.01896381564438343,,,,,,
1764809234.572556,,,,,,,0.006789267063140869,-0.02561718225479126,-0.024686284363269806,-0.032527655363082886,-0.003975222818553448,-0.0414067767560482
1764809234.581011,0.008908990381658077,0.010332593443989754,0.039428339546918864,-0.026257403194904327,-0.003141367807984352,0.007445111870765686,,,,,,
1764809234.582586,,,,,,,0.007027864456176758,-0.027536630630493164,-0.02329147607088089,-0.036735184490680695,-0.0062309205532073975,-0.024682393297553062
1764809234.591063,0.10911416245251894,0.01217968261539936,0.04620499407500028,-0.03236435353755951,-0.031508784741163254,-0.004796306136995554,,,,,,
1764809234.592617,,,,,,,0.008168458938598633,-0.02734997868537903,-0.02456701546907425,-0.045583754777908325,-0.02183864265680313,-0.011515923775732517
1764809234.601116,0.14449498017430304,-0.033632805010676385,0.055256315536797045,-0.0446963869035244,-0.06690192222595215,-0.020134782418608665,,,,,,
1764809234.602647,,,,,,,0.006525754928588867,-0.0279768705368042,-0.026914000511169434,-0.05639192834496498,-0.03631505370140076,0.0023333122953772545
1764809234.611168,0.1506488266289234,-0.07103519168794155,0.05062997091040015,-0.05838216841220856,-0.10395913571119308,-0.03579292073845863,,,,,,
1764809234.612677,,,,,,,0.003131568431854248,-0.028420835733413696,-0.028946395963430405,-0.07876940071582794,-0.04305444657802582,0.016740746796131134
1764809234.62122,0.1734992486014962,-0.1370382344275713,0.06452449461966753,-0.08347553759813309,-0.14758411049842834,-0.049891430884599686,,,,,,
1764809234.622707,,,,,,,0.004449665546417236,-0.030830740928649902,-0.030240289866924286,-0.111919105052948,-0.04573918133974075,0.02767382375895977
1764809234.631272,0.21407091296464204,-0.13145429681539536,0.08758855934292077,-0.11109045147895813,-0.20955178141593933,-0.05838107690215111,,,,,,
1764809234.632737,,,,,,,0.012516915798187256,-0.03343230485916138,-0.034902747720479965,-0.14964677393436432,-0.056330304592847824,0.03273728862404823
1764809234.641324,0.25989596781134605,-0.06915770737826823,0.08788169707059859,-0.13287590444087982,-0.28626999258995056,-0.06688401103019714,,,,,,
1764809234.642766,,,,,,,0.025066792964935303,-0.03584429621696472,-0.03711545094847679,-0.205766499042511,-0.09541166573762894,0.037261731922626495
1764809234.651376,0.2583899471625686,-0.022269114953279493,0.05670008460432291,-0.13922865688800812,-0.3575822710990906,-0.08046971261501312,,,,,,
1764809234.652798,,,,,,,0.023901402950286865,-0.039169371128082275,-0.03092021495103836,-0.2741791009902954,-0.14402075111865997,0.04247486963868141
1764809234.661427,0.22537176691889763,-0.039788405030965805,0.05351034865230322,-0.14764903485774994,-0.4043409824371338,-0.09338603913784027,,,,,,
1764809234.662828,,,,,,,0.009907424449920654,-0.037682682275772095,-0.028956472873687744,-0.33939939737319946,-0.16178828477859497,0.0455140694975853
1764809234.67148,0.14814444259256124,-0.06315174496173859,0.11360635930523276,-0.1625598669052124,-0.43853431940078735,-0.10839661210775375,,,,,,
1764809234.672858,,,,,,,-5.745887756347656e-05,-0.033285319805145264,-0.028525233268737793,-0.3986020088195801,-0.16388526558876038,0.044840555638074875
1764809234.681532,0.049152737964689726,-0.0870452462464571,0.15094415631368754,-0.17994950711727142,-0.473040908575058,-0.11360335350036621,,,,,,
1764809234.682888,,,,,,,0.002405703067779541,-0.029220879077911377,-0.033064670860767365,-0.43776217103004456,-0.16842621564865112,0.045981187373399734
1764809234.691584,0.008670505450665951,-0.08057166631817818,0.18357845180630683,-0.20179353654384613,-0.5129522085189819,-0.11518386751413345,,,,,,
1764809234.692918,,,,,,,0.013666033744812012,-0.026041477918624878,-0.0442509651184082,-0.4746379256248474,-0.19750714302062988,0.043135866522789
1764809234.701636,-0.023803192652761936,-0.09239362153708934,0.17148849330097435,-0.2228410392999649,-0.5526697635650635,-0.11880390346050262,,,,,,
1764809234.702949,,,,,,,0.01925140619277954,-0.02363365888595581,-0.05131185054779053,-0.5105389356613159,-0.23673416674137115,0.03831634670495987
1764809234.711689,-0.08239215974360704,-0.12350363007187842,0.13983283358216284,-0.23933321237564087,-0.5753039121627808,-0.12184371054172516,,,,,,
1764809234.712979,,,,,,,0.015142500400543213,-0.026099711656570435,-0.0478673055768013,-0.5451666116714478,-0.2605808973312378,0.036285754293203354
1764809234.721741,-0.10512217020690441,-0.1410714354664087,0.14764672220349312,-0.2543528974056244,-0.571792483329773,-0.12754607200622559,,,,,,
1764809234.723009,,,,,,,0.0077495574951171875,-0.02664583921432495,-0.04231327399611473,-0.5774028301239014,-0.27350282669067383,0.03383511304855347
1764809234.731793,-0.1823056553915143,-0.09978606987595558,0.19140154664739964,-0.2676929235458374,-0.5635642409324646,-0.1297779232263565,,,,,,
1764809234.733039,,,,,,,0.005300581455230713,-0.021971195936203003,-0.043059226125478745,-0.5927481055259705,-0.2772919833660126,0.03052140772342682
1764809234.741845,-0.2357788869038224,-0.03906476693153381,0.23628508286029098,-0.2785370647907257,-0.5594592690467834,-0.12889215350151062,,,,,,
1764809234.743069,,,,,,,0.01358497142791748,-0.018154263496398926,-0.04425292834639549,-0.592471718788147,-0.2826196253299713,0.03126949071884155
1764809234.751897,-0.2532178052216768,0.051182490226626395,0.23186580511331556,-0.2865127921104431,-0.5629779696464539,-0.12235695123672485,,,,,,
1764809234.7531,,,,,,,0.02078378200531006,-0.015688300132751465,-0.0464324951171875,-0.5890315771102905,-0.30879664421081543,0.029668597504496574
1764809234.761949,-0.2886903928801417,0.03933481604456901,0.2459036828160286,-0.2875143885612488,-0.5523977279663086,-0.11984799057245255,,,,,,
1764809234.76313,,,,,,,0.01958519220352173,-0.014313310384750366,-0.044403739273548126,-0.5735589265823364,-0.32924172282218933,0.027694929391145706
1764809234.772001,-0.34254034875035283,0.031161446461081502,0.2206216497823596,-0.29079335927963257,-0.5221218466758728,-0.12218915671110153,,,,,,
1764809234.77316,,,,,,,0.011292874813079834,-0.012999266386032104,-0.03731317073106766,-0.5537295341491699,-0.33135122060775757,0.03487088158726692
1764809234.782053,-0.40720308279693124,0.022138766571879385,0.23895123332962392,-0.2949976921081543,-0.4783483147621155,-0.12472714483737946,,,,,,
1764809234.78319,,,,,,,0.003702104091644287,-0.009853094816207886,-0.03507167100906372,-0.5213689208030701,-0.3243127465248108,0.03830103203654289
1764809234.792105,-0.448319521561265,0.009843348622322083,0.22400427795797584,-0.29567834734916687,-0.43586015701293945,-0.1244039312005043,,,,,,
1764809234.79322,,,,,,,0.0063973069190979,-0.00857362151145935,-0.03280443698167801,-0.48100757598876953,-0.3153226971626282,0.04357895255088806
1764809234.802157,-0.43176761521101,0.059711249119043346,0.20642712021321058,-0.2913552224636078,-0.39878469705581665,-0.12394320964813232,,,,,,
1764809234.803251,,,,,,,0.011794209480285645,-0.008969485759735107,-0.028982698917388916,-0.43560492992401123,-0.3128126859664917,0.04945308715105057
1764809234.812209,-0.4209788024321198,0.10571136827170849,0.16346300775557757,-0.2790057063102722,-0.3516392409801483,-0.12484794110059738,,,,,,
1764809234.813281,,,,,,,0.012133955955505371,-0.00799548625946045,-0.02115350216627121,-0.3894575834274292,-0.3139088451862335,0.059124089777469635
1764809234.822261,-0.4242974254608154,0.1292734456449747,0.18138854054659603,-0.26895442605018616,-0.29677441716194153,-0.12727861106395721,,,,,,
1764809234.823311,,,,,,,0.007712960243225098,-0.005082041025161743,-0.016252748668193817,-0.3380716145038605,-0.29843559861183167,0.07023399323225021
1764809234.832314,-0.43492081854492426,0.16756138298511505,0.17327391541302203,-0.2546708285808563,-0.2350504845380783,-0.12623798847198486,,,,,,
1764809234.833341,,,,,,,0.008443713188171387,-0.0029514729976654053,-0.006820380687713623,-0.2772839069366455,-0.26558738946914673,0.0836675837635994
1764809234.842366,-0.4415688782572746,0.24055823013484476,0.1749951862476766,-0.23512747883796692,-0.17150560021400452,-0.12590377032756805,,,,,,
1764809234.843371,,,,,,,0.014403223991394043,-0.0013860464096069336,-0.0020270273089408875,-0.20954373478889465,-0.2471545785665512,0.09337987005710602
1764809234.852418,-0.5004179575890302,0.3016378449976444,0.15796353355646134,-0.21162191033363342,-0.1082306057214737,-0.12202537059783936,,,,,,
1764809234.853401,,,,,,,0.016712546348571777,0.0027424991130828857,-0.0013846680521965027,-0.1383635401725769,-0.23541191220283508,0.10288149118423462
1764809234.86247,-0.5708639512121677,0.318882409787178,0.16980623930245636,-0.1929936408996582,-0.039261385798454285,-0.11390858888626099,,,,,,
1764809234.863432,,,,,,,0.017567157745361328,0.0013010203838348389,-0.004947058856487274,-0.06509704142808914,-0.20194822549819946,0.10654227435588837
1764809234.872522,-0.5638879747197032,0.35175592086315155,0.21364128937572238,-0.18040966987609863,0.021189438179135323,-0.106014184653759,,,,,,
1764809234.873462,,,,,,,0.021525025367736816,9.918212890625e-05,-0.008163034915924072,-0.0031721806153655052,-0.16976019740104675,0.10500356554985046
1764809234.882574,-0.5725342225119471,0.3671159870803356,0.2265349654793739,-0.16678111255168915,0.06451498717069626,-0.09591162204742432,,,,,,
1764809234.883492,,,,,,,0.028535187244415283,-0.0028107166290283203,-0.01217978447675705,0.048492610454559326,-0.15318575501441956,0.09774218499660492
1764809234.892626,-0.5732911783590913,0.3601701134651899,0.314577990591526,-0.1563471555709839,0.09276904165744781,-0.08070144057273865,,,,,,
1764809234.893522,,,,,,,0.03218168020248413,-0.006911426782608032,-0.02350759506225586,0.09212572872638702,-0.1380496770143509,0.08411300182342529
1764809234.902678,-0.5631552765309811,0.36397242835760113,0.33979528782591223,-0.15581105649471283,0.0996360033750534,-0.0670119971036911,,,,,,
1764809234.903552,,,,,,,0.03251928091049194,-0.011203795671463013,-0.031014375388622284,0.12115684151649475,-0.1323462426662445,0.06395632773637772
1764809234.91273,-0.6367009897351265,0.295698518076539,0.3053562809988856,-0.15490294992923737,0.09988541901111603,-0.05449749529361725,,,,,,
1764809234.913583,,,,,,,0.025259792804718018,-0.011305361986160278,-0.030023224651813507,0.1456148475408554,-0.12748970091342926,0.05250580236315727
1764809234.922782,-0.6430103190124035,0.19099252745509146,0.31008418630361556,-0.15872912108898163,0.11584121733903885,-0.045335158705711365,,,,,,
1764809234.923613,,,,,,,0.021676838397979736,-0.010041743516921997,-0.0314704105257988,0.16729936003684998,-0.1158016249537468,0.04159136861562729
1764809234.932834,-0.6112450614392757,0.16466449249982834,0.2674817467652261,-0.16335874795913696,0.1473589390516281,-0.04422222077846527,,,,,,
1764809234.933643,,,,,,,0.023065149784088135,-0.008196145296096802,-0.03595208376646042,0.20074695348739624,-0.11012296378612518,0.033842235803604126
1764809234.942887,-0.5588713156014681,0.20070026699900625,0.25076485911160706,-0.1604527086019516,0.19085527956485748,-0.04332394152879715,,,,,,
1764809234.943673,,,,,,,0.030370891094207764,-0.009181201457977295,-0.04413872957229614,0.24518924951553345,-0.11930660903453827,0.033062197268009186
1764809234.952939,-0.46553369121253485,0.24428338813781736,0.2737012058019638,-0.1552066206932068,0.23063179850578308,-0.041361209005117416,,,,,,
1764809234.953703,,,,,,,0.03735947608947754,-0.00901871919631958,-0.06108660250902176,0.30956125259399414,-0.13107885420322418,0.03030981868505478
1764809234.962991,-0.42258682215064763,0.29117490317225453,0.3293193403884768,-0.15418609976768494,0.2608940899372101,-0.03945332020521164,,,,,,
1764809234.963733,,,,,,,0.036888301372528076,-0.00470617413520813,-0.07953745126724243,0.3932468295097351,-0.1399538367986679,0.031077874824404716
1764809234.973043,-0.4349988522171974,0.2583820561170578,0.4905728554010391,-0.15699131786823273,0.2846142053604126,-0.028731361031532288,,,,,,
1764809234.973763,,,,,,,0.033043742179870605,0.003058910369873047,-0.10590510815382004,0.502702534198761,-0.1478532999753952,0.028450066223740578
1764809234.983095,-0.4562082289844751,0.15890812093019485,0.6643535512924194,-0.17786677181720734,0.29458484053611755,-0.015600113198161125,,,,,,
1764809234.983794,,,,,,,0.031791746616363525,0.012052357196807861,-0.1323947310447693,0.6176642775535583,-0.15678368508815765,0.021809209138154984
1764809234.993147,-0.5492664519101381,0.013560323318839072,0.7567433734372258,-0.21994875371456146,0.2915442883968353,0.0014565142337232828,,,,,,
1764809234.993824,,,,,,,0.036157846450805664,0.012849688529968262,-0.14176934957504272,0.7318524122238159,-0.16714470088481903,0.022015802562236786
1764809235.003199,-0.6600277970477938,-0.10659399632513522,0.8453253277316689,-0.2680342495441437,0.3007420599460602,0.01969384029507637,,,,,,
1764809235.003854,,,,,,,0.046235501766204834,0.005379855632781982,-0.14813804626464844,0.8219972252845764,-0.18756715953350067,0.012228687293827534
1764809235.013251,-0.6953235668346286,-0.12232874107360839,0.9222782190307974,-0.3166838586330414,0.31889277696609497,0.034165143966674805,,,,,,
1764809235.013884,,,,,,,0.05524027347564697,-0.004787713289260864,-0.15144674479961395,0.8733128905296326,-0.21833758056163788,0.002085904823616147
1764809235.023303,-0.7322855162680149,-0.03571487198174,0.898086027060449,-0.3606142997741699,0.3468154966831207,0.04030106961727142,,,,,,
1764809235.023915,,,,,,,0.06246018409729004,-0.019033581018447876,-0.1486309915781021,0.8974426984786987,-0.2544897198677063,-0.00517200818285346
1764809235.033355,-0.6978299966976046,0.07668751836121082,0.8502771049201489,-0.3885733485221863,0.38283976912498474,0.04211139678955078,,,,,,
1764809235.033945,,,,,,,0.0633162260055542,-0.028921574354171753,-0.14524239301681519,0.8877230286598206,-0.2868894636631012,-0.01524827815592289
1764809235.043408,-0.5870794652149081,0.18520342265963552,0.8554562611237168,-0.40328890085220337,0.41988247632980347,0.04462115839123726,,,,,,
1764809235.043975,,,,,,,0.06089341640472412,-0.03487798571586609,-0.1482248306274414,0.877819836139679,-0.3117128014564514,-0.02402685582637787
1764809235.05346,-0.4815808629110455,0.2688204480230808,0.893300546349585,-0.42280733585357666,0.42863476276397705,0.043924082070589066,,,,,,
1764809235.054005,,,,,,,0.06263792514801025,-0.037285178899765015,-0.15568643808364868,0.8501483798027039,-0.3312303125858307,-0.027626384049654007
1764809235.063512,-0.4539943523272872,0.26011165638864037,0.9363470763936639,-0.45397430658340454,0.4088434875011444,0.04386655613780022,,,,,,
1764809235.064035,,,,,,,0.06841528415679932,-0.0404435396194458,-0.152208611369133,0.8208070397377014,-0.36758139729499817,-0.02169366180896759
1764809235.073564,-0.43155631054788823,0.20408231065273283,0.9677928927540779,-0.499430775642395,0.3799455761909485,0.04106657952070236,,,,,,
1764809235.074065,,,,,,,0.07359683513641357,-0.045572370290756226,-0.14900285005569458,0.7806206345558167,-0.41850635409355164,-0.01165787037461996
1764809235.083616,-0.3597486731827259,0.1027782374292612,0.9240615953162312,-0.5569667816162109,0.3510846197605133,0.025743812322616577,,,,,,
1764809235.084096,,,,,,,0.07788777351379395,-0.05352365970611572,-0.14120209217071533,0.7177976965904236,-0.4731546938419342,0.0023761894553899765
1764809235.093668,-0.23179069405049085,0.028074586361646652,0.8156953286215662,-0.6208330988883972,0.32179123163223267,0.002009377349168062,,,,,,
1764809235.094126,,,,,,,0.07937073707580566,-0.06535118818283081,-0.13847684860229492,0.624651312828064,-0.5322986841201782,0.01265585795044899
1764809235.10372,-0.03534954580068588,-0.007447393396496772,0.6540282643720507,-0.6800814867019653,0.2824890911579132,-0.02401583269238472,,,,,,
1764809235.104156,,,,,,,0.08095437288284302,-0.07886633276939392,-0.13301800191402435,0.5047739148139954,-0.592531681060791,0.026460886001586914
1764809235.113772,0.2123836905300617,0.006818447843194008,0.5046402514591812,-0.7305780053138733,0.22805538773536682,-0.05986376851797104,,,,,,
1764809235.114186,,,,,,,0.08338117599487305,-0.08900320529937744,-0.11888426542282104,0.36222174763679504,-0.6451725363731384,0.048431430011987686
1764809235.123824,0.42568800303637977,0.09840776726007461,0.4107780186742544,-0.7700457572937012,0.15860599279403687,-0.09762446582317352,,,,,,
1764809235.124216,,,,,,,0.0862303376197815,-0.09379109740257263,-0.09593713283538818,0.19742797315120697,-0.7067767381668091,0.0741245448589325
1764809235.133876,0.5228536612808704,0.17187457000911235,0.3695511052727699,-0.7936461567878723,0.08639591932296753,-0.14096319675445557,,,,,,
1764809235.134247,,,,,,,0.0788230299949646,-0.09780213236808777,-0.06415145099163055,0.02460002712905407,-0.7740175724029541,0.10430894792079926
1764809235.143928,0.5508087129160761,0.21228958250582217,0.40597704813331364,-0.8022247552871704,0.018717007711529732,-0.18367443978786469,,,,,,
1764809235.144277,,,,,,,0.05916178226470947,-0.09631350636482239,-0.04229561984539032,-0.12198434770107269,-0.8185157775878906,0.13828076422214508
1764809235.15398,0.5419669425517321,0.19541268198490142,0.38350714991092677,-0.8079133629798889,-0.04112039878964424,-0.22111795842647552,,,,,,
1764809235.154307,,,,,,,0.03726094961166382,-0.08209025859832764,-0.025507628917694092,-0.22077742218971252,-0.8357539176940918,0.18235281109809875
1764809235.164033,0.484133177742362,0.15551906301379204,0.3459069025740027,-0.8127504587173462,-0.0851760059595108,-0.24358437955379486,,,,,,
1764809235.164337,,,,,,,0.022008240222930908,-0.058495670557022095,-0.02486330270767212,-0.2790127396583557,-0.8576719760894775,0.21840055286884308
1764809235.174085,0.4248015755906701,0.09018471331596374,0.31268150932043787,-0.8188800811767578,-0.12694808840751648,-0.26024186611175537,,,,,,
1764809235.174367,,,,,,,0.017024338245391846,-0.04443201422691345,-0.04795956611633301,-0.3129889667034149,-0.8870543837547302,0.2389913946390152
1764809235.184137,0.30920813412144776,-0.040620179679989814,0.24254472777694464,-0.8483812212944031,-0.16249249875545502,-0.27754467725753784,,,,,,
1764809235.184397,,,,,,,0.01869732141494751,-0.03655770421028137,-0.06840173900127411,-0.31042248010635376,-0.908812940120697,0.2607334554195404
1764809235.194189,0.20432430271506308,-0.18688976831138132,0.19949907451570034,-0.8957640528678894,-0.18660956621170044,-0.2890118360519409,,,,,,
1764809235.194428,,,,,,,0.02410942316055298,-0.022744685411453247,-0.08411771059036255,-0.29168808460235596,-0.9257605075836182,0.27463626861572266
1764809235.204241,0.17682985432893036,-0.28991175136864183,0.21603549103587866,-0.948689877986908,-0.20150409638881683,-0.29718267917633057,,,,,,
1764809235.204458,,,,,,,0.03230971097946167,-0.005180835723876953,-0.0861939787864685,-0.2553865313529968,-0.9397785663604736,0.2824041545391083
1764809235.214293,0.1590611195348203,-0.25424948635697364,0.2750359615370631,-0.9973484873771667,-0.2128804326057434,-0.3009278476238251,,,,,,
1764809235.214488,,,,,,,0.047180891036987305,0.007076144218444824,-0.06796568632125854,-0.22253921627998352,-0.9498147368431091,0.294954389333725
1764809235.224344,0.10045300935208797,-0.10200959114432334,0.3026592969998717,-1.0265188217163086,-0.21879026293754578,-0.2989443242549896,,,,,,
1764809235.224518,,,,,,,0.056508004665374756,0.009713321924209595,-0.04584762454032898,-0.20501427352428436,-0.984282374382019,0.3073977530002594
1764809235.234397,0.010044424152374267,0.1087520511418581,0.28700696983784435,-1.0334370136260986,-0.2143549919128418,-0.2880123555660248,,,,,,
1764809235.234548,,,,,,,0.05297893285751343,0.007499575614929199,-0.032480210065841675,-0.21209879219532013,-1.0147311687469482,0.31092843413352966
1764809235.244449,-0.04006576066762209,0.308805836930871,0.18676380384415386,-1.0246182680130005,-0.19926846027374268,-0.27404460310935974,,,,,,
1764809235.244579,,,,,,,0.04307597875595093,0.009752482175827026,-0.022730857133865356,-0.23135770857334137,-1.0125070810317993,0.3037605285644531
1764809235.254501,-0.06596855594813823,0.4270855948746204,0.1382061091631651,-1.0142252445220947,-0.18925586342811584,-0.25823259353637695,,,,,,
1764809235.254609,,,,,,,0.04093199968338013,0.015639126300811768,-0.021977514028549194,-0.25464746356010437,-0.9987239837646484,0.29489007592201233
1764809235.264554,-0.07662833551988005,0.4929845927178859,0.10585749874413013,-1.015926480293274,-0.1940881758928299,-0.24428856372833252,,,,,,
1764809235.264639,,,,,,,0.05174601078033447,0.02090853452682495,-0.02684059739112854,-0.2579481899738312,-1.0088223218917847,0.2753821611404419
1764809235.274606,-0.07990516523346304,0.4252501961410045,0.09193944802880287,-1.0310769081115723,-0.2016567587852478,-0.23343370854854584,,,,,,
1764809235.274669,,,,,,,0.06257075071334839,0.027972161769866943,-0.03082534670829773,-0.2524387836456299,-1.0236777067184448,0.2484949380159378
1764809235.284658,-0.07657412111461162,0.34328386059403415,0.11431786857545376,-1.057176947593689,-0.21517468988895416,-0.220308318734169,,,,,,
1764809235.284699,,,,,,,0.07126051187515259,0.03384685516357422,-0.035312801599502563,-0.2531203031539917,-1.0440818071365356,0.21476973593235016
1764809235.29471,-0.0590574613854289,0.32471009302735326,0.1434159527659416,-1.0848195552825928,-0.2381463199853897,-0.20549528300762177,,,,,,
1764809235.29473,,,,,,,0.07725882530212402,0.031211107969284058,-0.04188668727874756,-0.2637776732444763,-1.0724769830703735,0.18566079437732697
1764809235.30476,,,,,,,0.07560116052627563,0.02709290385246277,-0.04592892527580261,-0.2894902229309082,-1.1119441986083984,0.159038245677948
1764809235.304762,-0.050090749467164276,0.340911870765686,0.11291121664792299,-1.1061853170394897,-0.2629290819168091,-0.189006969332695,,,,,,
1764809235.31479,,,,,,,0.06311792135238647,0.02597224712371826,-0.04177179932594299,-0.32095861434936523,-1.1373465061187744,0.13421551883220673
1764809235.314814,-0.004238222091645002,0.3176853089570999,0.08528700440227985,-1.1251003742218018,-0.27765119075775146,-0.17085757851600647,,,,,,
1764809235.32482,,,,,,,0.052981674671173096,0.024686217308044434,-0.030751466751098633,-0.3657657504081726,-1.143786072731018,0.1150069311261177
1764809235.324866,0.04056596527472138,0.3060708590090275,0.052336920958757395,-1.1409012079238892,-0.28134793043136597,-0.15630073845386505,,,,,,
1764809235.33485,,,,,,,0.04696989059448242,0.022761672735214233,-0.02302965521812439,-0.44031083583831787,-1.1548645496368408,0.09450192749500275
1764809235.334918,0.048069326642155644,0.2821843719869852,0.05005611654520035,-1.1591798067092896,-0.2795979678630829,-0.1473185420036316,,,,,,
1764809235.34488,,,,,,,0.05135905742645264,0.015544086694717407,-0.018204689025878906,-0.5286444425582886,-1.1673073768615723,0.07353246212005615
1764809235.34497,0.05866393202319741,0.24650574036240577,0.04360241036117077,-1.17826247215271,-0.2699240446090698,-0.13987873494625092,,,,,,
1764809235.354911,,,,,,,0.055848538875579834,0.010820001363754272,-0.008909493684768677,-0.6159383058547974,-1.1895958185195923,0.0627342015504837
1764809235.355022,0.08963716243579983,0.24789047271907327,-0.03736088562309742,-1.1946940422058105,-0.26738113164901733,-0.1380583792924881,,,,,,
1764809235.364941,,,,,,,0.05696594715118408,0.018749356269836426,0.0016184449195861816,-0.6747297048568726,-1.2137534618377686,0.0491052120923996
1764809235.365075,0.13852028967887162,0.24699498518407342,-0.14601707517504692,-1.2141833305358887,-0.27312371134757996,-0.13644209504127502,,,,,,
1764809235.374971,,,,,,,0.05206567049026489,0.02923855185508728,0.0018607079982757568,-0.7047078013420105,-1.2360496520996094,0.029382972046732903
1764809235.375127,0.23858839136660098,0.26422961310148235,-0.22091011133491992,-1.2323335409164429,-0.2927777171134949,-0.13700608909130096,,,,,,
1764809235.385001,,,,,,,0.04859161376953125,0.041671812534332275,-0.008784741163253784,-0.7247968316078186,-1.254772424697876,0.007814031094312668
1764809235.385179,0.37628888909518715,0.27588965575695035,-0.3003331921398639,-1.2448264360427856,-0.3341411352157593,-0.13816934823989868,,,,,,
1764809235.395031,,,,,,,0.05012357234954834,0.04564884305000305,-0.02048763632774353,-0.7486729621887207,-1.2784770727157593,-0.00694487476721406
1764809235.395231,0.47224181054905057,0.269385096168518,-0.34991350786685943,-1.262095332145691,-0.3930778503417969,-0.13734634220600128,,,,,,
1764809235.405062,,,,,,,0.059408724308013916,0.0432792603969574,-0.020517945289611816,-0.7759405374526978,-1.3111399412155151,-0.03394293785095215
1764809235.405282,0.6070761051915585,0.232299520355463,-0.38448914668560025,-1.2936314344406128,-0.47199714183807373,-0.12912729382514954,,,,,,
1764809235.415092,,,,,,,0.07172393798828125,0.04418930411338806,9.834766387939453e-06,-0.8232818841934204,-1.3459149599075317,-0.06548654288053513
1764809235.415335,0.7254419339835644,0.2214987248778343,-0.33915479796528814,-1.3347264528274536,-0.5726114511489868,-0.11248771101236343,,,,,,
1764809235.425122,,,,,,,0.07718491554260254,0.04926174879074097,0.029639840126037598,-0.9016329050064087,-1.3912783861160278,-0.11975164711475372
1764809235.425387,0.772245916865021,0.2941746695101261,-0.3044353667616844,-1.3791825771331787,-0.6937370896339417,-0.08532693237066269,,,,,,
1764809235.435152,,,,,,,0.077858567237854,0.05862423777580261,0.05917704105377197,-1.0239193439483643,-1.441094160079956,-0.17830844223499298
1764809235.435439,0.827586111292988,0.40605975798070426,-0.2924006455749273,-1.410683512687683,-0.8217359185218811,-0.040859565138816833,,,,,,
1764809235.445182,,,,,,,0.07630503177642822,0.059345752000808716,0.08069241046905518,-1.1536579132080078,-1.4763898849487305,-0.22611644864082336
1764809235.445491,0.8898544975489378,0.559846882635355,-0.27393969073295593,-1.415230631828308,-0.9426634311676025,0.014128055423498154,,,,,,
1764809235.455213,,,,,,,0.06566470861434937,0.060680240392684937,0.11375832557678223,-1.3082410097122192,-1.4909071922302246,-0.2742038071155548
1764809235.455543,0.8947831861227751,0.6785369749456643,-0.34898353354036804,-1.400357723236084,-1.0363109111785889,0.06714431941509247,,,,,,
1764809235.465243,,,,,,,0.052550315856933594,0.056262195110321045,0.1327192783355713,-1.44827401638031,-1.4928425550460815,-0.3307459056377411
1764809235.465595,0.7563219331547617,0.72824763905406,-0.43731531246602534,-1.3711433410644531,-1.0984361171722412,0.11664582788944244,,,,,,
1764809235.475273,,,,,,,0.035426318645477295,0.05191829800605774,0.14948329329490662,-1.5633149147033691,-1.481001615524292,-0.3968851864337921
1764809235.475648,0.5089791574463248,0.7178238601952791,-0.5180500603914261,-1.3334558010101318,-1.116754412651062,0.1554601639509201,,,,,,
1764809235.485303,,,,,,,0.017009377479553223,0.05816251039505005,0.1644667387008667,-1.623720407485962,-1.4464119672775269,-0.4675865173339844
1764809235.4857,0.22367431535124777,0.7077975562214851,-0.5965887595772743,-1.295793056488037,-1.0851802825927734,0.1868218183517456,,,,,,
1764809235.495333,,,,,,,0.0032439231872558594,0.07171395421028137,0.1666570007801056,-1.6253517866134644,-1.4043201208114624,-0.538023054599762
1764809235.495752,-0.04210165040940046,0.6471569172978401,-0.7303805594295263,-1.2520272731781006,-1.0089068412780762,0.21197167038917542,,,,,,
1764809235.505364,,,,,,,-0.008318722248077393,0.08488965034484863,0.1648278832435608,-1.5607410669326782,-1.3534399271011353,-0.5946373343467712
1764809235.505804,-0.2642547475427389,0.5526204385131597,-0.9019277971804142,-1.2048048973083496,-0.8948991298675537,0.23448550701141357,,,,,,
1764809235.515394,,,,,,,-0.01184070110321045,0.10488629341125488,0.14928162097930908,-1.484048843383789,-1.3025290966033936,-0.6654064059257507
1764809235.515856,-0.40299335614740844,0.4934440269231796,-1.0472487067848444,-1.1573585271835327,-0.7655547261238098,0.25994694232940674,,,,,,
1764809235.525424,,,,,,,-0.008250057697296143,0.12553739547729492,0.131977379322052,-1.4206688404083252,-1.2542177438735962,-0.7465947270393372
1764809235.525908,-0.44769963609725233,0.5176923329949379,-1.0671692127853631,-1.1140284538269043,-0.6506275534629822,0.2948583662509918,,,,,,
1764809235.535454,,,,,,,0.002662837505340576,0.1325099766254425,0.1190481185913086,-1.3153777122497559,-1.2024130821228027,-0.8058255314826965
1764809235.53596,-0.4279901424989104,0.5632686737775803,-1.06930154863894,-1.0792970657348633,-0.5593775510787964,0.33963319659233093,,,,,,
1764809235.545484,,,,,,,0.011207103729248047,0.13749584555625916,0.12233024835586548,-1.1875028610229492,-1.1573162078857422,-0.8360095620155334
1764809235.546012,-0.3773638248503208,0.5760264485418796,-1.008082233044505,-1.0468920469284058,-0.47674819827079773,0.39818519353866577,,,,,,
1764809235.555514,,,,,,,0.014129877090454102,0.14770495891571045,0.13205891847610474,-1.0546263456344604,-1.1239327192306519,-0.8698232173919678
1764809235.556064,-0.24844986016750334,0.5653922418028116,-0.9492419215410948,-1.0254206657409668,-0.40216222405433655,0.4647941291332245,,,,,,
1764809235.565545,,,,,,,0.013212323188781738,0.15584918856620789,0.1430962085723877,-1.0012555122375488,-1.094329595565796,-0.9293944239616394
1764809235.566117,-0.10980594410896301,0.5544336254149675,-0.8848580044358968,-1.0029795169830322,-0.3458169400691986,0.5326743721961975,,,,,,
1764809235.575575,,,,,,,0.013338983058929443,0.14234694838523865,0.1498064398765564,-0.9967642426490784,-1.0490981340408325,-0.9945618510246277
1764809235.576169,0.04498012845516205,0.6006961948961019,-0.8005418908923864,-0.9688277840614319,-0.30857282876968384,0.6053281426429749,,,,,,
1764809235.585605,,,,,,,0.011303484439849854,0.12203431129455566,0.1566988229751587,-1.0645158290863037,-1.0080032348632812,-1.0658600330352783
1764809235.586221,0.19251491471678017,0.644973143517971,-0.7940291479974985,-0.9296055436134338,-0.2849636375904083,0.6728238463401794,,,,,,
1764809235.595635,,,,,,,0.007623195648193359,0.10792320966720581,0.1355573534965515,-1.1566122770309448,-0.9736510515213013,-1.1470476388931274
1764809235.596273,0.29817981349825856,0.6543284163624048,-0.7985591926425695,-0.8850669264793396,-0.27677905559539795,0.7250577211380005,,,,,,
1764809235.605665,,,,,,,0.005104660987854004,0.10778722167015076,0.08525454998016357,-1.2389092445373535,-0.9211606979370117,-1.218606948852539
1764809235.606325,0.35761107663214203,0.567392475709319,-0.7721569234073161,-0.854844331741333,-0.2945375442504883,0.7661572098731995,,,,,,
1764809235.615696,,,,,,,0.005307376384735107,0.11698859930038452,0.06914746761322021,-1.3180286884307861,-0.8486025929450989,-1.2858855724334717
1764809235.616377,0.3843371709942818,0.4388894299149513,-0.8238573000282049,-0.8469093441963196,-0.32481706142425537,0.790252685546875,,,,,,
1764809235.625726,,,,,,,0.015379667282104492,0.12613368034362793,0.062232136726379395,-1.4329625368118286,-0.7747758030891418,-1.3833385705947876
1764809235.626429,0.45324821013510225,0.3024883243471384,-0.663628744149208,-0.8608933091163635,-0.36960211396217346,0.8240135908126831,,,,,,
1764809235.635756,,,,,,,0.036754071712493896,0.12934452295303345,0.06295830011367798,-1.5755479335784912,-0.740842342376709,-1.5016189813613892
1764809235.636481,0.562556726115942,0.2815454895615577,-0.46423137644231316,-0.8925076127052307,-0.42745500802993774,0.8659089803695679,,,,,,
1764809235.645786,,,,,,,0.0599098801612854,0.13703858852386475,0.06381338834762573,-1.7882729768753052,-0.7473747730255127,-1.6363445520401
1764809235.646533,0.7044044066518544,0.3268850989788771,-0.36129999427795406,-0.9210553765296936,-0.5062052011489868,0.9352962970733643,,,,,,
1764809235.655816,,,,,,,0.07348740100860596,0.12215900421142578,0.08001714944839478,-2.0418741703033447,-0.7652344703674316,-1.7717084884643555
1764809235.656585,0.9161690885007381,0.4236947833925485,-0.25511048710048195,-0.9354019165039062,-0.5859335064888,1.0337131023406982,,,,,,
1764809235.665847,,,,,,,0.07118582725524902,0.09865885972976685,0.09854996204376221,-2.3090221881866455,-0.750478982925415,-1.9116299152374268
1764809235.666638,1.123394081093371,0.5933826570123434,-0.21164894651472568,-0.9344005584716797,-0.6791244745254517,1.1471067667007446,,,,,,
1764809235.675877,,,,,,,0.05355548858642578,0.09729301929473877,0.1228533387184143,-2.5300545692443848,-0.7082518935203552,-2.055743932723999
1764809235.67669,1.190028407473862,0.7291998252123594,-0.09224047680199146,-0.9225603938102722,-0.768477201461792,1.256157398223877,,,,,,
1764809235.685907,,,,,,,0.03430020809173584,0.1117243766784668,0.12946319580078125,-2.6754672527313232,-0.6278553009033203,-2.141676187515259
1764809235.686742,1.1339356411129236,0.7386608965188265,-0.001202361527085304,-0.9057912230491638,-0.8253788948059082,1.3434351682662964,,,,,,
1764809235.695937,,,,,,,0.016252875328063965,0.12245684862136841,0.13822689652442932,-2.7412426471710205,-0.5315897464752197,-2.210570812225342
1764809235.696794,0.940425577878952,0.6396458110153674,-0.025453590208292007,-0.8845982551574707,-0.838934600353241,1.416821837425232,,,,,,
1764809235.705967,,,,,,,0.006465256214141846,0.1550726294517517,0.14118137955665588,-2.7801873683929443,-0.4329412281513214,-2.3438570499420166
1764809235.706846,0.7057803711801767,0.589705429804325,-0.12459259435236453,-0.857967734336853,-0.816660463809967,1.4819796085357666,,,,,,
1764809235.715997,,,,,,,0.010224759578704834,0.21153497695922852,0.1387338638305664,-2.716398000717163,-0.32022690773010254,-2.4961531162261963
1764809235.716898,0.46283846077919005,0.5817594392359257,-0.21519173368811606,-0.8299986720085144,-0.7602431178092957,1.5495131015777588,,,,,,
1764809235.726028,,,,,,,0.026748180389404297,0.27871084213256836,0.1255509853363037,-2.50072979927063,-0.19988374412059784,-2.609051465988159
1764809235.72695,0.22598785299062726,0.6375041228115558,-0.2921405333340168,-0.7977938652038574,-0.6696714162826538,1.6177654266357422,,,,,,
1764809235.736058,,,,,,,0.046686798334121704,0.32759714126586914,0.11260944604873657,-2.1720545291900635,-0.09484653919935226,-2.673806667327881
1764809235.737002,0.02806844888180494,0.6744929602518678,-0.3721931442141533,-0.7757954597473145,-0.5245457887649536,1.685542106628418,,,,,,
1764809235.746088,,,,,,,0.06105735898017883,0.33336400985717773,0.10150197148323059,-1.8408745527267456,-0.02724725753068924,-2.7365527153015137
1764809235.747054,-0.10861410397589207,0.6786261145338416,-0.43809448014497754,-0.7649672627449036,-0.33306023478507996,1.7570112943649292,,,,,,
1764809235.756118,,,,,,,0.0676555335521698,0.29452961683273315,0.09422463178634644,-1.5739684104919434,0.02673102542757988,-2.790436267852783
1764809235.757106,-0.1500438464730978,0.6478595126092433,-0.5498457131028175,-0.7549625635147095,-0.1313582807779312,1.8362480401992798,,,,,,
1764809235.766148,,,,,,,0.06658303737640381,0.23034077882766724,0.09108176827430725,-1.4630893468856812,0.07204177975654602,-2.837146520614624
1764809235.767159,-0.05206745636761188,0.5972299800902605,-0.5926438213437796,-0.7392526268959045,0.03781983256340027,1.9198247194290161,,,,,,
1764809235.776179,,,,,,,0.060917794704437256,0.15680265426635742,0.08733642101287842,-1.3890130519866943,0.1154949814081192,-2.8954689502716064
1764809235.777211,0.129008072707057,0.4686541613206267,-0.5087625920861959,-0.7308206558227539,0.14262264966964722,1.986951470375061,,,,,,
1764809235.786209,,,,,,,0.05570483207702637,0.1333853006362915,0.08464449644088745,-1.3919824361801147,0.1925266534090042,-2.935739755630493
1764809235.787263,0.34311844089925286,0.26190175467580556,-0.2805406964331865,-0.7476992011070251,0.1740919053554535,2.0393664836883545,,,,,,
1764809235.796239,,,,,,,0.05997166037559509,0.13961070775985718,0.07694104313850403,-1.396971344947815,0.27777284383773804,-2.971510648727417
1764809235.797315,0.5894383033007383,0.0436857047304511,-0.0438490785986185,-0.7731726169586182,0.13588586449623108,2.0811119079589844,,,,,,
1764809235.806269,,,,,,,0.07732939720153809,0.13420957326889038,0.05677810311317444,-1.3432146310806274,0.33718398213386536,-2.9958975315093994
1764809235.807367,0.860914818790555,-0.054532092915475366,0.20617431449592113,-0.8017480373382568,0.056270137429237366,2.1149394512176514,,,,,,
1764809235.816299,,,,,,,0.09978067874908447,0.14460313320159912,0.046002358198165894,-1.3478035926818848,0.38177356123924255,-3.020481586456299
1764809235.817419,1.0535042600482702,-0.08750643401741981,0.36215105814933773,-0.8325722813606262,-0.019145682454109192,2.141368865966797,,,,,,
1764809235.82633,,,,,,,0.11824336647987366,0.12094759941101074,0.025108903646469116,-1.3628666400909424,0.4113905727863312,-3.025320529937744
1764809235.827471,1.1723077496051788,-0.017871172255277634,0.435544211140275,-0.8605093359947205,-0.09284307062625885,2.1748158931732178,,,,,,
1764809235.83636,,,,,,,0.12113071978092194,0.0787348747253418,0.029817163944244385,-1.3953698873519897,0.4226000905036926,-3.0514371395111084
1764809235.837523,1.1997171500563621,0.12141834823042154,0.4389630796730518,-0.8795002698898315,-0.15015262365341187,2.2160329818725586,,,,,,
1764809235.84639,,,,,,,0.11078456044197083,0.07324540615081787,0.04323488473892212,-1.449133038520813,0.47665318846702576,-3.0601015090942383
1764809235.847575,1.1503969465702772,0.22805881404578685,0.4041559701859951,-0.8910751342773438,-0.1846381574869156,2.2545998096466064,,,,,,
1764809235.85642,,,,,,,0.10413430631160736,0.07188230752944946,0.035461366176605225,-1.4538555145263672,0.5360068082809448,-3.065538167953491
1764809235.857627,0.947900443804264,0.27630057464540003,0.361346756029129,-0.9002217650413513,-0.20647789537906647,2.283302068710327,,,,,,
1764809235.86645,,,,,,,0.10092572867870331,0.07271909713745117,0.0340840220451355,-1.4114656448364258,0.5752841830253601,-3.0745491981506348
1764809235.86768,0.6911269919276237,0.2984276507794857,0.3010088994443416,-0.9052833914756775,-0.21740297973155975,2.294614553451538,,,,,,
1764809235.876481,,,,,,,0.09831830859184265,0.07628977298736572,0.03279849886894226,-1.3699722290039062,0.6259457468986511,-3.05118465423584
1764809235.877732,0.504157728639245,0.28183234367892146,0.20432079558372496,-0.903205931186676,-0.18436403572559357,2.294388771057129,,,,,,
1764809235.886511,,,,,,,0.09496454149484634,0.04960441589355469,0.017986565828323364,-1.3130325078964233,0.6640331745147705,-3.0252599716186523
1764809235.887784,0.3530184881448746,0.197980632776767,0.037327567875385284,-0.8976423144340515,-0.13029654324054718,2.2882423400878906,,,,,,
1764809235.896541,,,,,,,0.09482931345701218,0.015335679054260254,0.020254328846931458,-1.3078430891036987,0.6942119002342224,-3.0254673957824707
1764809235.897836,0.25076807398200035,0.1560096230097115,-0.021635493224859238,-0.8968253135681152,-0.08451547473669052,2.2846319675445557,,,,,,
1764809235.906571,,,,,,,0.0967637225985527,-0.004542827606201172,0.022543728351593018,-1.3669450283050537,0.73243647813797,-3.026012897491455
1764809235.907888,0.25189503218531606,0.09728621588423847,-0.02155775181353092,-0.8970362544059753,-0.06378968805074692,2.286250114440918,,,,,,
1764809235.916601,,,,,,,0.0980677679181099,-0.03417021036148071,0.026026666164398193,-1.5059561729431152,0.772175133228302,-3.0344414710998535
1764809235.91794,0.31310441090762614,0.06244856512844562,-0.005274725532531738,-0.8752439618110657,-0.05509261414408684,2.2869064807891846,,,,,,
1764809235.926632,,,,,,,0.08911233395338058,-0.05732828378677368,0.049883708357810974,-1.6964318752288818,0.8077560067176819,-3.053938865661621
1764809235.927992,0.3409551253855228,0.07982976190969347,-0.02896948937475681,-0.8526092171669006,-0.05397568643093109,2.279165744781494,,,,,,
1764809235.936662,,,,,,,0.08032955229282379,-0.06117892265319824,0.0616072416305542,-1.8516368865966797,0.8922589421272278,-3.0145158767700195
1764809235.938044,0.4778384615123272,0.16340265587046743,0.04160860619544983,-0.8313064575195312,-0.02812943235039711,2.274122476577759,,,,,,
1764809235.946692,,,,,,,0.07424622774124146,-0.02996736764907837,0.04631906747817993,-1.855948805809021,0.9935538172721863,-2.9404163360595703
1764809235.948096,0.6491033751904964,0.28609701538607474,0.1348538761258125,-0.8199233412742615,0.010419825091958046,2.276376962661743,,,,,,
1764809235.956722,,,,,,,0.07125139981508255,0.044260621070861816,0.046910591423511505,-1.79231595993042,1.0775518417358398,-2.9078807830810547
1764809235.958149,0.709008101055026,0.4196325023896992,0.2131733796030283,-0.8163723945617676,0.006744577549397945,2.2939765453338623,,,,,,
1764809235.966752,,,,,,,0.07825174927711487,0.1165165901184082,0.05786925554275513,-1.6739261150360107,1.1869057416915894,-2.8595566749572754
1764809235.968201,0.6775391960799694,0.4795491013551131,0.30212884338498114,-0.8243104815483093,-0.005662290379405022,2.317775249481201,,,,,,
1764809235.976782,,,,,,,0.09742027521133423,0.15930896997451782,0.09123318642377853,-1.553065538406372,1.2562816143035889,-2.862001895904541
1764809235.978253,0.5809656585097313,0.45273068906702096,0.2518459323465824,-0.8359202146530151,-0.009776161052286625,2.3455326557159424,,,,,,
1764809235.986813,,,,,,,0.12787337601184845,0.15087175369262695,0.091391921043396,-1.296888828277588,1.3466274738311768,-2.7798311710357666
1764809235.988305,0.4270131141602993,0.44687410852592435,0.14031798675060272,-0.8641308546066284,0.02927670069038868,2.3761699199676514,,,,,,
1764809235.996843,,,,,,,0.15651941299438477,0.1136748194694519,0.058594703674316406,-1.0362190008163452,1.3661441802978516,-2.7254841327667236
1764809235.998357,0.31140929742753504,0.5159841773701831,-0.0033317747712135314,-0.8811659812927246,0.08936858177185059,2.41202974319458,,,,,,
1764809236.006873,,,,,,,0.1570579707622528,0.06849271059036255,0.011620160192251205,-0.8644440770149231,1.3720452785491943,-2.706841230392456
1764809236.008409,0.23075521352291106,0.7282562607519328,-0.13074585628509522,-0.8841873407363892,0.11850942671298981,2.4241652488708496,,,,,,
1764809236.016903,,,,,,,0.13785699009895325,0.0159645676612854,-0.03141814470291138,-0.8275894522666931,1.385155439376831,-2.700666666030884
1764809236.018461,0.055924131795763964,0.6376229268856346,-0.20974398967623709,-0.8748945593833923,0.1066252738237381,2.3703200817108154,,,,,,
1764809236.026934,,,,,,,0.12552392482757568,-0.029918313026428223,-0.03590691089630127,-0.8789027333259583,1.41764497756958,-2.690842390060425
1764809236.028513,-0.10765139642357825,0.27527510405518113,-0.2147328840047121,-0.8653801679611206,0.05390134081244469,2.2802505493164062,,,,,,
1764809236.036964,,,,,,,0.13120853900909424,-0.04698920249938965,0.015538692474365234,-0.931664764881134,1.4522255659103394,-2.6684820652008057
1764809236.038565,0.014198621222376823,0.06042889586910605,-0.08636427824497223,-0.8732807040214539,-0.02961183339357376,2.1905503273010254,,,,,,
1764809236.046994,,,,,,,0.1563967764377594,-0.039433181285858154,0.0380406379699707,-0.9001494646072388,1.5029464960098267,-2.580648899078369
1764809236.048618,0.22690730592310426,-0.03821794084385037,0.08132336146831512,-0.8723936080932617,-0.06853126734495163,2.1459105014801025,,,,,,
1764809236.057024,,,,,,,0.17603403329849243,-0.014072060585021973,0.05570876598358154,-0.8674489855766296,1.4744874238967896,-2.5439224243164062
1764809236.05867,0.45581952192783354,0.28939547240957614,-0.005369418078660965,-0.8701400756835938,-0.05906553938984871,2.152244806289673,,,,,,
1764809236.067054,,,,,,,0.17205098271369934,-0.01376187801361084,0.04208493232727051,-0.8218367695808411,1.4863561391830444,-2.4686975479125977
1764809236.068722,0.5534457834213972,0.754622435760498,-0.06283318053185939,-0.864966094493866,-0.02790442667901516,2.172210454940796,,,,,,
1764809236.077084,,,,,,,0.15122658014297485,-0.05701017379760742,0.0362776517868042,-0.779065728187561,1.4809815883636475,-2.4140737056732178
1764809236.078774,0.38299920038878915,0.9261477539405226,-0.22591829488575457,-0.8359509110450745,-0.030643263831734657,2.168959379196167,,,,,,
1764809236.087115,,,,,,,0.13950306177139282,-0.08573317527770996,0.04695916175842285,-0.7697507739067078,1.4888362884521484,-2.36869215965271
1764809236.088826,0.185021636351943,0.9359804350383579,-0.2915758851885795,-0.7996999621391296,-0.04925742745399475,2.12679123878479,,,,,,
1764809236.097145,,,,,,,0.14584752917289734,-0.09818696975708008,0.02507185935974121,-0.7630374431610107,1.4916949272155762,-2.310014486312866
1764809236.098878,0.03660743690729141,0.7994092336006462,-0.3571253389418125,-0.751665472984314,-0.05901910737156868,2.077317476272583,,,,,,
1764809236.107175,,,,,,,0.1562288999557495,-0.11193323135375977,0.016874074935913086,-0.8066254258155823,1.4855248928070068,-2.269925355911255
1764809236.10893,0.04305822048187256,0.8339093229651451,-0.4690227023720741,-0.7156888246536255,-0.07868921011686325,2.0252652168273926,,,,,,
1764809236.117205,,,,,,,0.16765964031219482,-0.10512840747833252,0.0129164457321167,-0.9214152097702026,1.4910746812820435,-2.224041700363159
1764809236.118982,-0.023942601123452187,0.8278393554016947,-0.42405192626714705,-0.7037985920906067,-0.09487773478031158,1.9693105220794678,,,,,,
1764809236.127235,,,,,,,0.18341439962387085,-0.10889530181884766,-0.014452099800109863,-0.9458664655685425,1.5046969652175903,-2.1344990730285645
1764809236.129034,-0.11110708983540535,0.7454524563550948,-0.3971972370892763,-0.7083024978637695,-0.11217416077852249,1.9310460090637207,,,,,,
1764809236.137266,,,,,,,0.18553203344345093,-0.08553767204284668,-0.0038057565689086914,-0.8842883706092834,1.4868708848953247,-2.0781123638153076
1764809236.139087,-0.06869476604163646,0.8058885126173496,-0.42456221387684345,-0.7013553380966187,-0.13540053367614746,1.887341856956482,,,,,,
1764809236.147296,,,,,,,0.18242573738098145,-0.03597855567932129,0.00895547866821289,-0.7205740213394165,1.4658950567245483,-2.0437004566192627
1764809236.149139,-0.027736148187518118,0.80725833966583,-0.5123398660510778,-0.6956076622009277,-0.13569746911525726,1.8294503688812256,,,,,,
1764809236.157326,,,,,,,0.18545717000961304,0.004739999771118164,-0.009782135486602783,-0.4933188855648041,1.4620493650436401,-1.9930493831634521
1764809236.159191,-0.14166589422821999,0.9090347065761685,-0.6642717182278632,-0.7051730155944824,-0.10972947627305984,1.7797075510025024,,,,,,
1764809236.167356,,,,,,,0.20087379217147827,0.016935765743255615,-0.025689423084259033,-0.26391711831092834,1.4416210651397705,-1.9711158275604248
1764809236.169243,-0.2525549573987722,1.1676035174369812,-0.7894827367395162,-0.697878897190094,-0.11450479179620743,1.70778489112854,,,,,,
1764809236.177386,,,,,,,0.22774118185043335,0.0273360013961792,0.01123499870300293,-0.10383214801549911,1.4139060974121094,-1.981943130493164
1764809236.179295,-0.4541787689834833,1.1483236474275589,-0.8127344329893589,-0.7057648301124573,-0.11760253459215164,1.6176551580429077,,,,,,
1764809236.187417,,,,,,,0.25605863332748413,0.006582796573638916,0.02896648459136486,0.054027263075113297,1.4252415895462036,-1.9366674423217773
1764809236.189347,-0.5613754073768854,1.0781707915320993,-0.755189421993494,-0.7158012390136719,-0.09646156430244446,1.5783964395523071,,,,,,
1764809236.197447,,,,,,,0.26222068071365356,-0.030928075313568115,0.028909441083669662,0.16560345888137817,1.3946802616119385,-1.9370514154434204
1764809236.199399,-0.38880291823148727,1.3651149252668022,-0.7962994310170411,-0.7174655199050903,-0.09925641119480133,1.554476022720337,,,,,,
1764809236.207477,,,,,,,0.2290908694267273,-0.05071133375167847,0.021472278982400894,0.24824349582195282,1.4115092754364014,-1.9240444898605347
1764809236.209451,-0.2844850501447916,1.441710965952277,-0.7128682836145163,-0.6982721090316772,-0.143962100148201,1.541154384613037,,,,,,
1764809236.217507,,,,,,,0.1927226185798645,-0.05642974376678467,0.020289361476898193,0.2315300554037094,1.451751470565796,-1.929648756980896
1764809236.219504,-0.10676643028259276,1.3834861559987068,-0.6733160254269838,-0.6731137037277222,-0.2122383415699005,1.512833595275879,,,,,,
1764809236.227538,,,,,,,0.18940198421478271,-0.08103573322296143,0.042979300022125244,0.09560312330722809,1.4547744989395142,-1.934575080871582
1764809236.229556,0.10624795936644077,1.3522753174379467,-0.4914578215420246,-0.6644672155380249,-0.2625052332878113,1.5040830373764038,,,,,,
1764809236.237568,,,,,,,0.20250320434570312,-0.10554003715515137,0.07701950520277023,-0.054967839270830154,1.4862130880355835,-1.8581055402755737
1764809236.239608,0.353618207603693,1.3586226406380533,-0.24792554403245448,-0.6701462268829346,-0.2907387912273407,1.51813542842865,,,,,,
1764809236.247598,,,,,,,0.21049588918685913,-0.07743149995803833,0.10590415447950363,-0.1245863288640976,1.498882532119751,-1.7996093034744263
1764809236.24966,0.4168190524041652,1.362441029882431,-0.22856267191469667,-0.6657693386077881,-0.2968113124370575,1.5304696559906006,,,,,,
1764809236.257628,,,,,,,0.20645105838775635,-0.050240159034729004,0.05845136195421219,-0.02068592980504036,1.5039989948272705,-1.7059253454208374
1764809236.259712,0.320465879586339,1.47827807084918,-0.29961949091255663,-0.6482177972793579,-0.26655828952789307,1.554048776626587,,,,,,
1764809236.267658,,,,,,,0.199565589427948,-0.0677112340927124,-0.027347981929779053,0.15515966713428497,1.4652351140975952,-1.644068956375122
1764809236.269764,0.0772591807693243,1.5742150640815495,-0.5360340453714132,-0.6045808792114258,-0.258647620677948,1.4902963638305664,,,,,,
1764809236.277689,,,,,,,0.2126590609550476,-0.11626273393630981,-0.07606666535139084,0.24052274227142334,1.4153815507888794,-1.6026328802108765
1764809236.279816,-0.6402800172656774,1.5015113546594976,-0.5627560480803251,-0.549149751663208,-0.2805396318435669,1.3566683530807495,,,,,,
1764809236.287719,,,,,,,0.24459481239318848,-0.18199193477630615,-0.10790972411632538,0.25209230184555054,1.340031623840332,-1.509623646736145
1764809236.289868,-1.161176699259877,1.4196096087813377,-0.35052608680725095,-0.5029122233390808,-0.2767598032951355,1.2520426511764526,,,,,,
1764809236.297749,,,,,,,0.2726175785064697,-0.2449778914451599,-0.14717847108840942,0.23901614546775818,1.2204471826553345,-1.375451683998108
1764809236.299921,-1.1322715072929859,1.467045313695073,-0.3218675630778074,-0.45690158009529114,-0.26247596740722656,1.1543924808502197,,,,,,
1764809236.307779,,,,,,,0.2756732106208801,-0.27164286375045776,-0.19834351539611816,0.18565624952316284,1.1050803661346436,-1.2421923875808716
1764809236.309973,-1.0804746845602988,1.529468744382262,-0.31247546535432336,-0.39676952362060547,-0.26142480969429016,1.0371021032333374,,,,,,
1764809236.317809,,,,,,,0.2601546049118042,-0.2994035482406616,-0.24084626138210297,0.08462617546319962,0.9857276082038879,-1.0897372961044312
1764809236.320025,-1.1766168449759482,1.4636924961358309,-0.25196985098719593,-0.3332524001598358,-0.2715951204299927,0.9037571549415588,,,,,,
1764809236.32784,,,,,,,0.256669819355011,-0.3312041759490967,-0.2832890748977661,0.005248528439551592,0.8451457619667053,-0.910206139087677
1764809236.330077,-1.3139771509647369,1.382508250877261,-0.11873217788636684,-0.263976126909256,-0.27610597014427185,0.7675646543502808,,,,,,
1764809236.33787,,,,,,,0.259513258934021,-0.34604591131210327,-0.30952543020248413,-0.05448571592569351,0.692238986492157,-0.7242124080657959
1764809236.340129,-1.4499144384130835,1.3810036915332078,-0.070099956664443,-0.1851416677236557,-0.2533937692642212,0.6157339215278625,,,,,,
1764809236.3479,,,,,,,0.25727957487106323,-0.33667564392089844,-0.31416070461273193,-0.0963820293545723,0.5425251722335815,-0.5337916016578674
1764809236.350181,-1.7178616107329725,1.3531295961797236,0.057988663110136986,-0.11523555219173431,-0.22465480864048004,0.4758945107460022,,,,,,
1764809236.35793,,,,,,,0.25079554319381714,-0.33099138736724854,-0.3322909474372864,-0.0675206258893013,0.39659643173217773,-0.3175205886363983
1764809236.360233,-1.9266615975573658,1.3811720338374376,0.13001228131353854,-0.05007040128111839,-0.1415073424577713,0.3405141532421112,,,,,,
1764809236.36796,,,,,,,0.24989062547683716,-0.3237574100494385,-0.3571680784225464,0.014588620513677597,0.2511366903781891,-0.10023567825555801
1764809236.370285,-2.1217074920564887,1.4091186099052428,0.08677753522098064,0.018749408423900604,-0.0733269602060318,0.1743941605091095,,,,,,
1764809236.377991,,,,,,,0.2614781856536865,-0.32969796657562256,-0.38201427459716797,0.11303278803825378,0.08717705309391022,0.11539528518915176
1764809236.380337,-2.3177277845457196,1.364927001479268,0.15087679016590116,0.10257585346698761,-0.035631995648145676,-0.00851315539330244,,,,,,
1764809236.388021,,,,,,,0.2797635793685913,-0.3505036234855652,-0.4058319926261902,0.1907329112291336,-0.09383107721805573,0.32719916105270386
1764809236.39039,-2.320494618910551,1.3729542405903339,0.14069500336945057,0.18909424543380737,-0.004886596463620663,-0.19706016778945923,,,,,,
1764809236.398051,,,,,,,0.2917190194129944,-0.36204612255096436,-0.407085657119751,0.22090914845466614,-0.27426448464393616,0.5417107939720154
1764809236.400442,-2.176964392115176,1.3522738561332226,0.15695289520919323,0.2642720639705658,0.02139516919851303,-0.38054755330085754,,,,,,
1764809236.408081,,,,,,,0.29873526096343994,-0.34790903329849243,-0.3883303999900818,0.22044256329536438,-0.44845813512802124,0.757210373878479
1764809236.410494,-2.1746242587298155,1.3033598953604697,0.15349135657846927,0.3425903022289276,0.053380802273750305,-0.5721907615661621,,,,,,
1764809236.41811,,,,,,,0.3033792972564697,-0.33866822719573975,-0.35390138626098633,0.21214839816093445,-0.6170879006385803,0.9731090068817139
1764809236.420546,-2.1773592366516588,1.3511281932294368,0.12193243523240088,0.42280277609825134,0.08827511966228485,-0.753312885761261,,,,,,
1764809236.428142,,,,,,,0.3013615012168884,-0.33932483196258545,-0.32704031467437744,0.20086832344532013,-0.7760607600212097,1.1803722381591797
1764809236.430598,-2.0223931313455106,1.4139321476668119,0.10813538054823875,0.5104945302009583,0.12214813381433487,-0.9158288240432739,,,,,,
1764809236.438171,,,,,,,0.29310494661331177,-0.32320690155029297,-0.30483686923980713,0.21736609935760498,-0.9206762909889221,1.3644869327545166
1764809236.44065,-1.9675076949477195,1.43928110845685,0.11035481016337871,0.5927456617355347,0.1407884955406189,-1.0663015842437744,,,,,,
1764809236.448201,,,,,,,0.2782691717147827,-0.2876884937286377,-0.2839019298553467,0.2312030792236328,-1.0310232639312744,1.5348095893859863
1764809236.450702,-1.9175982933968305,1.4076678265750406,0.14198387413620947,0.6708303689956665,0.1675439476966858,-1.2044190168380737,,,,,,
1764809236.458231,,,,,,,0.2741532325744629,-0.2615363597869873,-0.2633066177368164,0.24021589756011963,-1.1364871263504028,1.695587396621704
1764809236.460754,-1.875755878445506,1.3496943610340355,0.14061784648001194,0.7285889387130737,0.18493038415908813,-1.3454087972640991,,,,,,
1764809236.468261,,,,,,,0.28600025177001953,-0.24561524391174316,-0.2520741820335388,0.25318601727485657,-1.2339401245117188,1.8691219091415405
1764809236.470807,-1.792324731042981,1.2721049253970385,0.16417232506871224,0.7738935947418213,0.21047435700893402,-1.470283031463623,,,,,,
1764809236.478292,,,,,,,0.29304903745651245,-0.2340410351753235,-0.2471531629562378,0.24343544244766235,-1.3529906272888184,2.0166704654693604
1764809236.480859,-1.5776356861799954,1.2156897952139376,0.08914660243988036,0.8132915496826172,0.21350471675395966,-1.5921714305877686,,,,,,
1764809236.488322,,,,,,,0.29305583238601685,-0.2278507947921753,-0.2504093050956726,0.23484009504318237,-1.452460527420044,2.1655116081237793
1764809236.490911,-1.3675918367743491,1.147155772691965,0.026172552132606504,0.84237140417099,0.21901053190231323,-1.7109612226486206,,,,,,
1764809236.498353,,,,,,,0.2864294648170471,-0.21468603610992432,-0.2343822717666626,0.2354438155889511,-1.5553648471832275,2.288705587387085
1764809236.500963,-1.1695382848918436,0.9865534150645137,-0.06760580176115036,0.8770616054534912,0.19827212393283844,-1.83993399143219,,,,,,
1764809236.508383,,,,,,,0.274167537689209,-0.18558621406555176,-0.19001364707946777,0.24583840370178223,-1.637078046798706,2.391002893447876
1764809236.511014,-1.083490232989192,0.7549211264461279,-0.09634615855515002,0.9047973155975342,0.16096577048301697,-1.9654948711395264,,,,,,
1764809236.518413,,,,,,,0.2683101296424866,-0.15874409675598145,-0.15799283981323242,0.2839033603668213,-1.7013342380523682,2.504190444946289
1764809236.521066,-0.9565753331691026,0.6352917074590921,-0.06614215894937515,0.9208612442016602,0.1451781839132309,-2.0695292949676514,,,,,,
1764809236.528444,,,,,,,0.2562294602394104,-0.14240694046020508,-0.127346932888031,0.3240688741207123,-1.7822374105453491,2.592496871948242
1764809236.531118,-0.8678659531027079,0.564499969138205,-0.1205769289702177,0.9234498143196106,0.13936316967010498,-2.138698101043701,,,,,,
1764809236.538473,,,,,,,0.23959529399871826,-0.1334095597267151,-0.13287967443466187,0.38684117794036865,-1.8239022493362427,2.7117345333099365
1764809236.54117,-0.7626835771411656,0.5450543871730565,-0.13752455663979052,0.9199519753456116,0.19783636927604675,-2.1840147972106934,,,,,,
1764809236.548503,,,,,,,0.22993993759155273,-0.14240598678588867,-0.15434086322784424,0.4741513133049011,-1.8566786050796509,2.8319575786590576
1764809236.551223,-0.7256915248304605,0.5364452565208077,-0.2579921800166368,0.9352944493293762,0.24913659691810608,-2.243551254272461,,,,,,
1764809236.558533,,,,,,,0.22892040014266968,-0.13478076457977295,-0.11642282456159592,0.44583478569984436,-1.9075686931610107,2.8412160873413086
1764809236.561275,-0.892483677008748,0.40799569447934625,-0.37735505702197547,0.9670169949531555,0.21599283814430237,-2.333491325378418,,,,,,
1764809236.568563,,,,,,,0.23847609758377075,-0.10970467329025269,-0.05766003578901291,0.3549370765686035,-1.924147367477417,2.8552372455596924
1764809236.571327,-0.9389005602687597,0.24162205997407435,-0.2464431965202093,0.9810087084770203,0.16662690043449402,-2.4454259872436523,,,,,,
1764809236.578594,,,,,,,0.25203531980514526,-0.1226615309715271,-0.03238391503691673,0.32828447222709656,-1.940276026725769,2.964134454727173
1764809236.581379,-0.7206044308245182,0.12360036844462155,-0.1658732837677002,0.9996976852416992,0.14802716672420502,-2.5355465412139893,,,,,,
1764809236.588624,,,,,,,0.24045589566230774,-0.14773428440093994,-0.010811924934387207,0.27389445900917053,-1.9708049297332764,3.021204710006714
1764809236.591431,-0.35679683763980863,0.19372984346449373,-0.24216741889715193,1.022870421409607,0.0838116928935051,-2.57920503616333,,,,,,
1764809236.598655,,,,,,,0.21647536754608154,-0.14314520359039307,0.046393755823373795,0.12770482897758484,-1.9706040620803833,3.0012905597686768
1764809236.601483,0.007979308316111565,0.34118761896714567,-0.32848844252228737,1.0544124841690063,0.0037863922771066427,-2.5939321517944336,,,,,,
1764809236.608685,,,,,,,0.21448633074760437,-0.13497895002365112,0.05653786659240723,0.01669069193303585,-1.9343901872634888,3.0489094257354736
1764809236.611535,0.2770107687413692,0.39231881739795205,-0.3665191902309656,1.0898865461349487,-0.026208259165287018,-2.604011297225952,,,,,,
1764809236.618716,,,,,,,0.21544986963272095,-0.1218721866607666,0.06316483020782471,-0.02206229604780674,-1.9517022371292114,3.079207181930542
1764809236.621587,0.3221066325306892,0.3389636593073606,-0.48939329022765155,1.125519037246704,-0.017569975927472115,-2.6102402210235596,,,,,,
1764809236.628746,,,,,,,0.20637750625610352,-0.07082343101501465,0.0722549557685852,0.009923333302140236,-1.9488426446914673,3.1176931858062744
1764809236.631639,0.19795535220503807,0.25767288493439555,-0.5118681568861008,1.1470727920532227,0.018101202324032784,-2.62939715385437,,,,,,
1764809236.638776,,,,,,,0.19455164670944214,-0.028806686401367188,0.019589900970458984,0.16223718225955963,-1.9373034238815308,3.191720962524414
1764809236.641692,-0.06077040278315544,0.043654871200770134,-0.4433849877685308,1.156680703163147,0.09315385669469833,-2.665483236312866,,,,,,
1764809236.648805,,,,,,,0.18437057733535767,-0.023284316062927246,-0.025112271308898926,0.36409705877304077,-1.9592406749725342,3.2088305950164795
1764809236.651744,-0.39049452458024025,-0.23484840112067756,-0.5302630607545376,1.171570062637329,0.13618920743465424,-2.7346441745758057,,,,,,
1764809236.658835,,,,,,,0.17710041999816895,-0.02425074577331543,-0.010804892517626286,0.48395031690597534,-1.9221957921981812,3.2046751976013184
1764809236.661796,-0.5402133768826722,-0.4207834990557283,-0.45289048273861404,1.1826825141906738,0.14644142985343933,-2.820329189300537,,,,,,
1764809236.668866,,,,,,,0.1814459264278412,-0.0056337714195251465,0.07020169496536255,0.449235200881958,-1.8751238584518433,3.1320579051971436
1764809236.671848,-0.4386673115968704,-0.4981677675094455,-0.291235693448782,1.1800427436828613,0.09153024107217789,-2.8971407413482666,,,,,,
1764809236.678896,,,,,,,0.1964803785085678,0.029288530349731445,0.14865976572036743,0.31360137462615967,-1.8332749605178833,3.1034514904022217
1764809236.6819,-0.023026070800423622,-0.367179553835839,0.002824409770965576,1.1631724834442139,0.007545444183051586,-2.916783571243286,,,,,,
1764809236.688926,,,,,,,0.21185752749443054,0.01906895637512207,0.13238322734832764,0.25704649090766907,-1.7786279916763306,3.2154006958007812
1764809236.691952,0.473256394419074,-0.13125391540508716,0.09195464559793472,1.157557487487793,-0.02549799345433712,-2.8666601181030273,,,,,,
1764809236.698956,,,,,,,0.20165759325027466,-0.009505927562713623,0.12228995561599731,0.16875624656677246,-1.7630809545516968,3.25888729095459
1764809236.702004,0.840276519909501,0.1476061709973961,-0.13662673101723194,1.1521720886230469,-0.011205393821001053,-2.762176275253296,,,,,,
1764809236.708987,,,,,,,0.1739572137594223,-0.003332853317260742,0.13871783018112183,0.040262993425130844,-1.7232332229614258,3.2243807315826416
1764809236.712056,1.1362000789135693,0.3143316511476412,-0.2199216848194599,1.131688117980957,-0.007855936884880066,-2.6428139209747314,,,,,,
1764809236.719018,,,,,,,0.16301336884498596,0.025110244750976562,0.1043473482131958,0.018482137471437454,-1.6548527479171753,3.2251322269439697
1764809236.72211,1.2325871540009974,0.18731544637754557,-0.18138123402297496,1.1144583225250244,-0.026212338358163834,-2.563880681991577,,,,,,
1764809236.729048,,,,,,,0.16684085130691528,0.05703938007354736,0.053260743618011475,0.14902231097221375,-1.6368016004562378,3.2381763458251953
1764809236.732161,1.0056716647714377,-0.10961429399438202,-0.21354221291542053,1.0992628335952759,-0.0526529997587204,-2.5480358600616455,,,,,,
1764809236.739078,,,,,,,0.16352957487106323,0.07462531328201294,0.04411882162094116,0.3004572093486786,-1.6328904628753662,3.206359624862671
1764809236.742213,0.6556207942605018,-0.360407210156694,-0.1724959167778492,1.0834643840789795,-0.07979617267847061,-2.588822603225708,,,,,,
1764809236.749108,,,,,,,0.15467849373817444,0.09247732162475586,0.07577753067016602,0.3467980921268463,-1.5818870067596436,3.148677349090576
1764809236.752265,0.43553310522437094,-0.5169071739666163,-0.13810031070113182,1.0689365863800049,-0.1206812858581543,-2.650728940963745,,,,,,
1764809236.759139,,,,,,,0.1584688425064087,0.09736669063568115,0.11338770389556885,0.2838066816329956,-1.5067037343978882,3.123560667037964
1764809236.762317,0.39560967563688754,-0.50102922135517,-0.00395838223695755,1.0573763847351074,-0.1309162974357605,-2.6892921924591064,,,,,,
1764809236.769168,,,,,,,0.16940265893936157,0.07773518562316895,0.12917351722717285,0.19460727274417877,-1.44356107711792,3.1106085777282715
1764809236.772369,0.5388666384488344,-0.2876959750153124,-0.020434885263442993,1.0312707424163818,-0.10736969858407974,-2.6584115028381348,,,,,,
1764809236.779198,,,,,,,0.17784464359283447,0.05676323175430298,0.13259321451187134,-0.019315307959914207,-1.4142481088638306,3.133850574493408
1764809236.782421,0.8975181640446186,0.030388270131498574,-0.04709785126149654,1.0004056692123413,-0.08772546797990799,-2.5570499897003174,,,,,,
1764809236.789228,,,,,,,0.17145684361457825,0.03590172529220581,0.14505374431610107,-0.25704479217529297,-1.4055454730987549,3.1267194747924805
1764809236.792474,1.245557110211253,0.2607280347213149,-0.08275076392292977,0.9675406217575073,-0.10695242881774902,-2.42166805267334,,,,,,
1764809236.799258,,,,,,,0.15461395680904388,0.037130653858184814,0.13810467720031738,-0.39289459586143494,-1.3906264305114746,3.11893630027771
1764809236.802526,1.3858961397498846,0.2889969746112823,-0.12873743907213211,0.9235008358955383,-0.15577907860279083,-2.3010621070861816,,,,,,
1764809236.809289,,,,,,,0.1352701485157013,0.0850103497505188,0.11801552772521973,-0.39988595247268677,-1.3953120708465576,3.086775064468384
1764809236.812579,1.356874043405056,0.05858838256895542,-0.1511415785819292,0.8799562454223633,-0.20450639724731445,-2.2241897583007812,,,,,,
1764809236.819319,,,,,,,0.12083955109119415,0.1190258264541626,0.07931947708129883,-0.2917356789112091,-1.3987594842910767,3.020784616470337
1764809236.82263,1.1122235755205154,-0.3124991384908557,-0.35202596997618674,0.8532373905181885,-0.2614080607891083,-2.2419838905334473,,,,,,
1764809236.82935,,,,,,,0.1174662709236145,0.11068123579025269,0.07560372352600098,-0.2600483298301697,-1.3995624780654907,2.903409242630005
1764809236.832683,0.619911182975769,-0.7293094230666756,-0.4700298335880041,0.849922239780426,-0.2718111574649811,-2.324841260910034,,,,,,
1764809236.83938,,,,,,,0.12524151802062988,0.05195993185043335,0.09481894969940186,-0.3170655071735382,-1.4039126634597778,2.78712797164917
1764809236.842734,0.37351591725051403,-0.7842495122611522,-0.5119961671799421,0.8486376404762268,-0.24403071403503418,-2.4266774654388428,,,,,,
1764809236.84941,,,,,,,0.13805249333381653,0.006753027439117432,0.1170693039894104,-0.4435715079307556,-1.38863205909729,2.7287893295288086
1764809236.852786,0.41850481353402136,-0.5544333331540227,-0.46872459620833395,0.8476613163948059,-0.21361927688121796,-2.4928154945373535,,,,,,
1764809236.859441,,,,,,,0.14437821507453918,0.026694416999816895,0.15019309520721436,-0.6560148596763611,-1.3799282312393188,2.649794340133667
1764809236.862838,0.6850228298336267,-0.23479835143387318,-0.5367155978947877,0.8508528470993042,-0.21448934078216553,-2.4716782569885254,,,,,,
1764809236.869471,,,,,,,0.14904457330703735,0.07818752527236938,0.1659805178642273,-0.813679575920105,-1.3737233877182007,2.596906900405884
1764809236.872891,1.1130383990347386,0.14128274012953043,-0.5110691154628991,0.8290641903877258,-0.30927789211273193,-2.4210023880004883,,,,,,
1764809236.8795,,,,,,,0.1582677662372589,0.15580886602401733,0.14883100986480713,-0.8344417214393616,-1.375584602355957,2.520876169204712
1764809236.882943,1.0523626887977122,0.24919804818630217,-0.41076983536779876,0.7587077617645264,-0.40278786420822144,-2.34885311126709,,,,,,
1764809236.88953,,,,,,,0.16303440928459167,0.21926486492156982,0.14591598510742188,-0.7248920798301697,-1.4007794857025146,2.414533853530884
1764809236.892995,1.1131208166211843,0.2481774729669094,-0.29143033923804756,0.6664918661117554,-0.4679306447505951,-2.2587220668792725,,,,,,
1764809236.899561,,,,,,,0.16200664639472961,0.24208778142929077,0.1411290168762207,-0.5111490488052368,-1.390531063079834,2.3402180671691895
1764809236.903047,1.3569780883014202,0.20875264055132864,-0.27469606205821034,0.570288360118866,-0.5263841152191162,-2.18025279045105,,,,,,
1764809236.909591,,,,,,,0.1574549674987793,0.24434959888458252,0.12020456790924072,-0.31576409935951233,-1.4095919132232666,2.240194320678711
1764809236.913099,1.3026181370824574,0.07832330286949872,-0.2514887894719839,0.44559890031814575,-0.4733373820781708,-2.0522024631500244,,,,,,
1764809236.919621,,,,,,,0.1465173363685608,0.23164623975753784,0.09752488136291504,-0.06723523885011673,-1.402338981628418,2.1943955421447754
1764809236.923151,1.6283213328003883,0.1645838284790516,-0.3611579554587602,0.37741780281066895,-0.44447389245033264,-2.001239776611328,,,,,,
1764809236.929651,,,,,,,0.12298402190208435,0.22443312406539917,0.10082316398620605,0.13954083621501923,-1.384326696395874,2.1041722297668457
1764809236.933203,0.873223680743575,-0.08677811974287032,-0.41887189328074453,0.3435693085193634,-0.3901595175266266,-2.070159912109375,,,,,,
1764809236.939682,,,,,,,0.09943288564682007,0.19384503364562988,0.13092243671417236,0.21628843247890472,-1.3491424322128296,2.0296359062194824
1764809236.943256,-0.21387129873931407,-0.2987742722600698,-0.09158639680743216,0.30915090441703796,-0.288002073764801,-2.144909381866455,,,,,,
1764809236.949713,,,,,,,0.08539187908172607,0.129105806350708,0.1716412901878357,0.19711393117904663,-1.2934520244598389,2.0363333225250244
1764809236.953308,-0.24988252331912517,-0.04604395829439163,-0.05431318946778774,0.28679871559143066,-0.18581604957580566,-2.143671751022339,,,,,,
1764809236.959743,,,,,,,0.08671772480010986,0.11068350076675415,0.17192459106445312,0.21021488308906555,-1.2391101121902466,2.041135787963867
1764809236.96336,0.037080899637937544,0.23177520422041414,-0.06300795257687568,0.2899450659751892,-0.10769370198249817,-2.057582378387451,,,,,,
1764809236.969773,,,,,,,0.08645868301391602,0.1625279188156128,0.14958995580673218,0.3120184540748596,-1.1859595775604248,1.9721217155456543
1764809236.973412,0.26941812165528534,0.5090063377141952,0.021031682112812995,0.3114253282546997,-0.038165751844644547,-1.919116735458374,,,,,,
1764809236.979802,,,,,,,0.07879787683486938,0.21206378936767578,0.13820964097976685,0.47307708859443665,-1.152106523513794,1.9232704639434814
1764809236.983464,0.38192777176499365,0.7849953621923923,0.09656243165433406,0.31221798062324524,0.008194254711270332,-1.7670845985412598,,,,,,
1764809236.989833,,,,,,,0.06811147928237915,0.21430331468582153,0.11384749412536621,0.6911689639091492,-1.0677077770233154,1.911928653717041
1764809236.993516,0.42618718473017214,0.892974090874195,0.09253390679061413,0.27968159317970276,0.08308101445436478,-1.5390785932540894,,,,,,
1764809236.999863,,,,,,,0.06277728080749512,0.20182466506958008,0.10576200485229492,0.8814783692359924,-0.9971745014190674,1.8927347660064697
1764809237.003568,1.0473571355953812,0.9872025266230106,0.14534955117702483,0.2990678548812866,0.02952629141509533,-1.4311965703964233,,,,,,
1764809237.009893,,,,,,,0.06600642204284668,0.19058936834335327,0.08337150514125824,1.1000375747680664,-0.9058259725570679,1.8404377698898315
1764809237.01362,0.22662468958944082,0.5475082100659608,0.3167272775799036,0.2915803790092468,0.026356864720582962,-1.4651968479156494,,,,,,
1764809237.019923,,,,,,,0.06956619024276733,0.1886817216873169,0.08435302972793579,1.1870613098144531,-0.8373579382896423,1.7753225564956665
1764809237.023673,-0.7684718051537871,0.17401275108158587,0.3970440923541784,0.28988638520240784,0.1286725401878357,-1.5312341451644897,,,,,,
1764809237.029953,,,,,,,0.06448256969451904,0.1304202675819397,0.0915706604719162,1.1269422769546509,-0.7644941210746765,1.7479941844940186
1764809237.033725,-0.7565501889526843,0.24514672696888445,0.27288696680963037,0.29583242535591125,0.2798844575881958,-1.543531060218811,,,,,,
1764809237.039984,,,,,,,0.061591267585754395,0.06461745500564575,0.09179602563381195,0.9641197323799133,-0.6618375182151794,1.7487481832504272
1764809237.043777,-0.5146642173454166,0.5196884752482176,0.35443829181492326,0.32220524549484253,0.37732046842575073,-1.4867947101593018,,,,,,
1764809237.050014,,,,,,,0.05924421548843384,0.07116049528121948,0.08378635346889496,0.8556371927261353,-0.5893809199333191,1.69242262840271
1764809237.053829,-0.34434038390964267,0.6960077497065067,0.408419472849369,0.3527413010597229,0.4201259911060333,-1.3835077285766602,,,,,,
1764809237.060045,,,,,,,0.05308455228805542,0.13334357738494873,0.06627631187438965,0.7574973702430725,-0.5228942632675171,1.6066497564315796
1764809237.063881,-0.29360914458185433,0.7230623453706503,0.4124228632718324,0.35965776443481445,0.43161776661872864,-1.2647011280059814,,,,,,
1764809237.070075,,,,,,,0.05068272352218628,0.16431117057800293,0.041610777378082275,0.7442894577980042,-0.464766263961792,1.52217698097229
1764809237.073933,-0.26913608984351156,0.621729630574584,0.33836920054554936,0.330547034740448,0.402450293302536,-1.1628493070602417,,,,,,
1764809237.080106,,,,,,,0.050386130809783936,0.17327499389648438,0.033720433712005615,0.8162482380867004,-0.40077370405197144,1.4362305402755737
1764809237.083985,-0.09970072968006133,0.45348143436908717,0.2947404866993427,0.29043760895729065,0.37387195229530334,-1.0763742923736572,,,,,,
1764809237.090136,,,,,,,0.05142718553543091,0.18614429235458374,0.04248058795928955,0.8801268339157104,-0.37580230832099915,1.3329981565475464
1764809237.094037,0.15325871686637402,0.3532639873385429,0.2661854233443737,0.269266277551651,0.36336788535118103,-1.0002217292785645,,,,,,
1764809237.100165,,,,,,,0.04446810483932495,0.16611897945404053,0.056457966566085815,0.8535078167915344,-0.3391824960708618,1.23477303981781
1764809237.10409,0.3030819063261151,0.3798854522824287,0.20734218923151493,0.2675909399986267,0.3873290419578552,-0.8684264421463013,,,,,,
1764809237.110195,,,,,,,0.032589077949523926,0.11242598295211792,0.08154529333114624,0.7432870268821716,-0.29749977588653564,1.156974196434021
1764809237.114142,0.7760004470929504,0.6753554223001003,0.14215163191854954,0.3240976333618164,0.34736722707748413,-0.7271353602409363,,,,,,
1764809237.120225,,,,,,,0.022154569625854492,0.059352993965148926,0.10420882701873779,0.6229907274246216,-0.23655493557453156,1.1163420677185059
1764809237.124194,0.6119260294407606,0.8050888866722583,0.1535369492858648,0.3745065927505493,0.2471952736377716,-0.7658988833427429,,,,,,
1764809237.130256,,,,,,,0.0208890438079834,0.05760538578033447,0.11727386713027954,0.5508512854576111,-0.17177248001098633,1.0472626686096191
1764809237.134246,-0.7635580218881368,0.5245435140639543,0.391641941049695,0.3954417109489441,0.3014891445636749,-0.7969217896461487,,,,,,
1764809237.140286,,,,,,,0.020075857639312744,0.06934362649917603,0.13154539465904236,0.45282039046287537,-0.14834731817245483,0.9975849986076355
1764809237.144298,-0.4874897946938872,0.6527706655263901,0.22514438790380953,0.4251148998737335,0.3655354380607605,-0.755225419998169,,,,,,
1764809237.150316,,,,,,,0.015217959880828857,0.06216162443161011,0.11851125955581665,0.428596556186676,-0.06817125529050827,0.997100830078125
1764809237.15435,-0.005276771359145641,0.7581587931931019,0.07324994512796401,0.45610931515693665,0.36712881922721863,-0.6693651080131531,,,,,,
1764809237.160347,,,,,,,0.015592038631439209,0.11138802766799927,0.10665237903594971,0.4865572154521942,0.005132787860929966,0.9299096465110779
1764809237.164402,0.0732438076481223,0.6956219652593135,0.038031916752457616,0.4773196578025818,0.3592565953731537,-0.569151759147644,,,,,,
1764809237.170377,,,,,,,0.01381540298461914,0.16977858543395996,0.10518738627433777,0.6005809903144836,0.04152701422572136,0.8363890051841736
1764809237.174454,0.0662269146233797,0.6169090785503387,-0.07170096212029457,0.49908915162086487,0.3826037347316742,-0.47496429085731506,,,,,,
1764809237.180408,,,,,,,-0.00034362077713012695,0.14362895488739014,0.0985497236251831,0.6296334862709045,0.0723099559545517,0.7663880586624146
1764809237.184507,-0.005104045140743255,0.5279693968594074,-0.15204057324826717,0.5229442715644836,0.38908523321151733,-0.40376579761505127,,,,,,
1764809237.190438,,,,,,,-0.017018377780914307,0.05498051643371582,0.10620558261871338,0.5681541562080383,0.16961200535297394,0.7335296869277954
1764809237.194559,-0.07845978873074054,0.40425709247291086,-0.17043664616048335,0.5375266671180725,0.3835567831993103,-0.341178834438324,,,,,,
1764809237.200468,,,,,,,-0.01776677370071411,0.0139082670211792,0.12575751543045044,0.47838515043258667,0.2411213517189026,0.7006545066833496
1764809237.204611,0.014722645096480845,0.33233693464398384,-0.08423135786950588,0.5615767240524292,0.3961932957172394,-0.28736352920532227,,,,,,
1764809237.210497,,,,,,,-0.016079068183898926,0.032270193099975586,0.13075697422027588,0.4232582449913025,0.3038763403892517,0.6648616194725037
1764809237.214663,0.05756488474011421,0.27881869494616984,-0.1041594626545906,0.5803879499435425,0.4148029386997223,-0.24276143312454224,,,,,,
1764809237.220529,,,,,,,-0.017627418041229248,0.06762278079986572,0.127541184425354,0.42365559935569763,0.3761659860610962,0.6212888360023499
1764809237.224715,0.04497077610492706,0.2547176883906126,-0.2292109066903591,0.5910863280296326,0.4167485237121582,-0.1908283829689026,,,,,,
1764809237.230558,,,,,,,-0.011706531047821045,0.08437663316726685,0.12092351913452148,0.46662941575050354,0.43079620599746704,0.5682770609855652
1764809237.234767,0.14186784654110668,0.37532092084586616,-0.37148295011818405,0.6024412512779236,0.39761850237846375,-0.13219089806079865,,,,,,
1764809237.240588,,,,,,,-0.003895580768585205,0.08384037017822266,0.11808305978775024,0.5346465706825256,0.471780925989151,0.5272238850593567
1764809237.244819,0.2975894463896751,0.46067982144057745,-0.4749129294544458,0.6124236583709717,0.3630821406841278,-0.07769549638032913,,,,,,
1764809237.250618,,,,,,,0.0005199909210205078,0.07227283716201782,0.12589609622955322,0.5423348546028137,0.5094641447067261,0.4665634334087372
1764809237.254872,0.4306406570076942,0.4354682232946157,-0.5905874733358621,0.6164937615394592,0.2975694239139557,-0.03044276311993599,,,,,,
1764809237.260649,,,,,,,0.004572808742523193,0.0364001989364624,0.145849347114563,0.4986931085586548,0.5367684364318848,0.4204910099506378
1764809237.264924,0.5606070533528924,0.41983752344250674,-0.6673673461556434,0.6495250463485718,0.23140281438827515,0.009864465333521366,,,,,,
1764809237.270679,,,,,,,-0.0050452351570129395,-0.009420633316040039,0.15778948366641998,0.4676554203033447,0.5363223552703857,0.4097590446472168
1764809237.274976,0.6603042759016156,0.4143196368038654,-0.5974684650212526,0.6874409914016724,0.18710805475711823,0.03511442989110947,,,,,,
1764809237.28071,,,,,,,-0.032342493534088135,-0.022407174110412598,0.17017757892608643,0.44901204109191895,0.6033868789672852,0.39761513471603394
1764809237.285028,0.5633887930259108,0.3334662309348583,-0.6041705930083989,0.7362587451934814,0.19048918783664703,0.058471739292144775,,,,,,
1764809237.29074,,,,,,,-0.049464404582977295,-0.007914185523986816,0.1820393204689026,0.45167651772499084,0.657114565372467,0.38964056968688965
1764809237.29508,0.45991702037453647,0.2882657377272844,-0.5411468583405018,0.7934094071388245,0.24083039164543152,0.08295390754938126,,,,,,
1764809237.300771,,,,,,,-0.05368298292160034,0.012672007083892822,0.16886037588119507,0.4626353681087494,0.7198927402496338,0.37479090690612793
1764809237.305132,0.2353723519295454,0.269198633685708,-0.4905851303607225,0.8244311809539795,0.2854575514793396,0.109496109187603,,,,,,
1764809237.310801,,,,,,,-0.041412174701690674,0.03318798542022705,0.1457708477973938,0.5049458146095276,0.794449508190155,0.3645496964454651
1764809237.315184,0.010647066220641136,0.21991934673190117,-0.5651917507946491,0.8347764611244202,0.3106721043586731,0.1435672640800476,,,,,,
1764809237.32083,,,,,,,-0.01630622148513794,0.05366581678390503,0.1240750104188919,0.5084088444709778,0.8187093138694763,0.34682971239089966
1764809237.325237,-0.022687632626295088,0.17867665123939513,-0.6403261944949626,0.8291400074958801,0.3171813189983368,0.17999650537967682,,,,,,
1764809237.33086,,,,,,,0.004523515701293945,0.04398632049560547,0.10068535804748535,0.4891858696937561,0.8099675178527832,0.30103370547294617
1764809237.33529,0.13551438586115835,0.09479717554748057,-0.7578577644199133,0.8060072660446167,0.2695421576499939,0.20702998340129852,,,,,,
1764809237.34089,,,,,,,0.015839874744415283,0.01337045431137085,0.0880676805973053,0.43833857774734497,0.8104332685470581,0.2643187940120697
1764809237.345341,0.42606589643806214,0.026668811216950417,-0.8052484611481427,0.786521852016449,0.16229844093322754,0.2248890995979309,,,,,,
1764809237.350921,,,,,,,0.014677584171295166,-0.017414748668670654,0.10215671360492706,0.3581523895263672,0.8070960640907288,0.2419373244047165
1764809237.355394,0.7795265753924846,0.011764672073721885,-0.7808060938090086,0.8187189698219299,0.07046572864055634,0.23271426558494568,,,,,,
1764809237.360951,,,,,,,-0.01345282793045044,-0.058817923069000244,0.13875408470630646,0.30564311146736145,0.7656990885734558,0.24656841158866882
1764809237.365445,1.0003601143598555,0.07727028668522834,-0.4923381115078926,0.881723165512085,0.05561070144176483,0.22089795768260956,,,,,,
1764809237.370981,,,,,,,-0.06294047832489014,-0.0588187575340271,0.13955360651016235,0.23034115135669708,0.8109382390975952,0.2338305115699768
1764809237.375497,0.796458128710091,0.02978080575764179,-0.26082652665972705,0.9180774688720703,0.04051004350185394,0.19933940470218658,,,,,,
1764809237.381011,,,,,,,-0.07449638843536377,-0.012606143951416016,0.13027942180633545,0.14862772822380066,0.9203004240989685,0.21822699904441833
1764809237.385549,0.43665480273067947,-0.06659925506711006,-0.27338088780641556,0.9190577268600464,0.015544198453426361,0.20076198875904083,,,,,,
1764809237.391042,,,,,,,-0.03731054067611694,0.02567458152770996,0.11539800465106964,0.11301062256097794,0.9436256885528564,0.21525250375270844
1764809237.395601,0.4444859347477555,-0.058061728346347805,-0.36446342674493787,0.9075286388397217,-0.008796561509370804,0.22621169686317444,,,,,,
1764809237.401073,,,,,,,0.007613956928253174,0.04412418603897095,0.08470340073108673,0.122064970433712,0.9201765656471252,0.22763760387897491
1764809237.405654,0.5776274539977312,-0.01808919892013073,-0.44657823085188864,0.8895204067230225,-0.02967659756541252,0.26053595542907715,,,,,,
1764809237.411103,,,,,,,0.03515660762786865,0.06228446960449219,0.04014939069747925,0.07612251490354538,0.8803402185440063,0.24067938327789307
1764809237.415706,0.7929109576225281,-0.00913198548257351,-0.49067865386307236,0.861694872379303,-0.054557979106903076,0.29064539074897766,,,,,,
1764809237.421132,,,,,,,0.042221665382385254,0.07268905639648438,-0.0060414522886276245,-0.022760748863220215,0.8446160554885864,0.2516995966434479
1764809237.425758,1.0198258623301981,-0.18540332914590835,-0.4432371037304401,0.8282973170280457,-0.10489191114902496,0.30018651485443115,,,,,,
1764809237.431162,,,,,,,0.023802578449249268,0.03974151611328125,-0.016100123524665833,-0.015518015250563622,0.7981055378913879,0.2939181625843048
1764809237.43581,1.078070253767073,-0.4159621433138847,-0.06722761609852314,0.8058854937553406,-0.16422580182552338,0.28092387318611145,,,,,,
1764809237.441193,,,,,,,-0.023956775665283203,0.013884961605072021,-0.012182891368865967,0.04678565636277199,0.7913738489151001,0.3654182553291321
1764809237.445862,0.9391673945114016,-0.5701742153823376,0.4870189623117447,0.7779261469841003,-0.2251887023448944,0.23958542943000793,,,,,,
1764809237.451223,,,,,,,-0.06948530673980713,0.03389608860015869,-0.01468859612941742,0.08928412199020386,0.8682012557983398,0.3820752501487732
1764809237.455914,0.703612671752274,-0.6929881096243858,0.7059229945212602,0.7403537034988403,-0.2949443459510803,0.20037998259067535,,,,,,
1764809237.461253,,,,,,,-0.06891447305679321,0.05295670032501221,-0.01434415578842163,0.13196608424186707,0.9381547570228577,0.35863807797431946
1764809237.465966,0.6271130771785974,-0.635062574878335,0.6428448993176221,0.7218653559684753,-0.3507275879383087,0.17515748739242554,,,,,,
1764809237.471283,,,,,,,-0.02692091464996338,0.04995507001876831,-0.015978805720806122,0.13628306984901428,0.9458156228065491,0.3617995083332062
1764809237.476019,0.6910536344304681,-0.37442835592031476,0.46416824807822704,0.7275440096855164,-0.3768230974674225,0.15410813689231873,,,,,,
1764809237.481314,,,,,,,0.017434120178222656,0.028706252574920654,-0.0040642619132995605,0.11594197899103165,0.9176540374755859,0.3904772400856018
1764809237.486071,0.6689043464645743,-0.09699030167758464,0.26685557769089935,0.7592547535896301,-0.35699784755706787,0.1321091502904892,,,,,,
1764809237.491344,,,,,,,0.02454853057861328,0.016535460948944092,0.004351139068603516,0.108164481818676,0.8778589367866516,0.4182841181755066
1764809237.496123,0.5151309580743313,0.13095803773105144,0.27852760304510593,0.7890787124633789,-0.31669890880584717,0.11273092031478882,,,,,,
1764809237.501374,,,,,,,0.008419930934906006,0.041229307651519775,-0.003052353858947754,0.11089878529310226,0.8743582367897034,0.418361097574234
1764809237.506175,0.21194968302696943,0.17148703199625015,0.2583955001205206,0.8033984303474426,-0.2730674743652344,0.10500383377075195,,,,,,
1764809237.511404,,,,,,,-0.004197597503662109,0.0776730477809906,-0.015723340213298798,0.1622338742017746,0.8840577006340027,0.42327168583869934
1764809237.516227,0.0021808511704206465,0.1052092639684677,0.33549510641396046,0.8028570413589478,-0.22706511616706848,0.11817343533039093,,,,,,
1764809237.521435,,,,,,,-0.0031729936599731445,0.10628318786621094,-0.033083729445934296,0.2353353500366211,0.8845410943031311,0.40841761231422424
