timestamp,phone_accel_x,phone_accel_y,phone_accel_z,phone_gyro_x,phone_gyro_y,phone_gyro_z,watch_accel_x,watch_accel_y,watch_accel_z,watch_gyro_x,watch_gyro_y,watch_gyro_z
1764809215.793483,-0.02480944708585739,0.14863982489407063,0.039923429587483406,,,,,,,,,
1764809215.796026,,,,,,,0.020151615142822266,-0.10348489880561829,0.0639832615852356,-0.40821489691734314,0.7678147554397583,0.13982133567333221
1764809215.803535,0.21927666491419076,0.18270926775634289,0.21999913396984339,0.6017177700996399,-0.29636964201927185,0.08890219777822495,,,,,,
1764809215.806056,,,,,,,0.0391848087310791,-0.04376658797264099,0.06808614730834961,-0.7945144176483154,0.7583831548690796,0.09000477194786072
1764809215.813588,0.49412280296757816,0.2553682612538338,0.1924301590427756,0.6048325896263123,-0.40291327238082886,0.12465745210647583,,,,,,
1764809215.816086,,,,,,,0.04553323984146118,0.020584851503372192,0.056567221879959106,-0.8696101903915405,0.7210493683815002,0.032560788094997406
1764809215.82364,0.643517537882179,0.35695758115947246,0.12355857512950896,0.6353537440299988,-0.47272777557373047,0.15117081999778748,,,,,,
1764809215.826117,,,,,,,0.03372925519943237,0.07269755005836487,0.04121553897857666,-0.708477795124054,0.7011997699737549,-0.002879492472857237
1764809215.833692,0.6470397206589579,0.48574295102655884,0.13616495872437953,0.6829186081886292,-0.4986269176006317,0.1706116497516632,,,,,,
1764809215.836147,,,,,,,0.01638418436050415,0.09930956363677979,0.017032206058502197,-0.43150463700294495,0.7011275887489319,-0.0007194692734628916
1764809215.843744,0.42302579808980223,0.5316723430305719,0.2689472892731428,0.7143287062644958,-0.49008241295814514,0.18118572235107422,,,,,,
1764809215.846177,,,,,,,-0.0009779930114746094,0.11138284206390381,-0.014076411724090576,-0.10191475600004196,0.7248760461807251,-0.0051648179069161415
1764809215.853797,0.0068336454123258585,0.42562370562851426,0.28075141657441854,0.7248793244361877,-0.43937772512435913,0.18706610798835754,,,,,,
1764809215.856207,,,,,,,-0.0008560419082641602,0.12373486161231995,-0.030388474464416504,0.14728909730911255,0.7595487833023071,-0.023793429136276245
1764809215.863849,-0.39843160118982196,0.22423370279967783,0.2970914337396621,0.7155604362487793,-0.3423372209072113,0.19383639097213745,,,,,,
1764809215.866237,,,,,,,0.01580578088760376,0.11586543917655945,-0.048395514488220215,0.30316445231437683,0.7589354515075684,-0.044443048536777496
1764809215.873901,-0.7184758943632245,0.04549509223997593,0.3126660194903612,0.6946548819541931,-0.22939328849315643,0.20357465744018555,,,,,,
1764809215.876268,,,,,,,0.028450369834899902,0.0759819746017456,-0.05732506513595581,0.37725549936294556,0.752443253993988,-0.04346686601638794
1764809215.883953,-0.9393068029820918,-0.061014148411154746,0.32535598971545693,0.6853010654449463,-0.11650082468986511,0.21753761172294617,,,,,,
1764809215.886298,,,,,,,0.027805685997009277,0.032331109046936035,-0.05586528778076172,0.3018454313278198,0.7364698648452759,-0.05526413768529892
1764809215.894006,-0.9506456508591771,-0.061081952950358384,0.35859248888492584,0.6851174831390381,-0.013514554128050804,0.2366826832294464,,,,,,
1764809215.896328,,,,,,,0.01469331979751587,-0.014736950397491455,-0.05642370879650116,0.14751914143562317,0.7286385893821716,-0.08286520838737488
1764809215.904058,-0.8394871230974793,-0.045322073760628696,0.3841039467602968,0.679968535900116,0.056285034865140915,0.24441197514533997,,,,,,
1764809215.906358,,,,,,,0.003578662872314453,-0.043191492557525635,-0.05971872806549072,-0.043329909443855286,0.7523345947265625,-0.12335643917322159
1764809215.91411,-0.6492997745454311,-0.0284732302904129,0.42954643203020093,0.677114725112915,0.0917649194598198,0.25060510635375977,,,,,,
1764809215.916388,,,,,,,0.0072182416915893555,-0.03821671009063721,-0.05772966146469116,-0.2006693184375763,0.7810596823692322,-0.15033791959285736
1764809215.924162,-0.37010961593836544,0.01640636039972305,0.5380108984023332,0.6774579882621765,0.08580876141786575,0.250620037317276,,,,,,
1764809215.926419,,,,,,,0.020151615142822266,-0.014792025089263916,-0.06900005042552948,-0.2633260190486908,0.7781083583831787,-0.16315598785877228
1764809215.934215,-0.14019348358809947,0.04593231461346149,0.6243614403828979,0.6644971370697021,0.03723502531647682,0.24609191715717316,,,,,,
1764809215.936449,,,,,,,0.03237175941467285,0.015029668807983398,-0.08229605853557587,-0.2522941529750824,0.7566158771514893,-0.17177516222000122
1764809215.944267,0.009953530998528004,0.018974749583005903,0.6578887391924858,0.6343014240264893,-0.04426942020654678,0.24336004257202148,,,,,,
1764809215.946479,,,,,,,0.04245275259017944,0.03194591403007507,-0.09125615656375885,-0.21030834317207336,0.7280643582344055,-0.17517149448394775
1764809215.954319,0.13357260414361952,0.01570668769776821,0.6699369043827057,0.6010033488273621,-0.1349780410528183,0.24037882685661316,,,,,,
1764809215.956509,,,,,,,0.046919286251068115,0.024650931358337402,-0.0928567573428154,-0.17322270572185516,0.6865803003311157,-0.17489486932754517
1764809215.964371,0.25030454812347885,-0.003649754679203033,0.6464648433804512,0.5668850541114807,-0.22515986859798431,0.2308601588010788,,,,,,
1764809215.966539,,,,,,,0.04814434051513672,0.0016928017139434814,-0.0901229977607727,-0.1828460395336151,0.6491780877113342,-0.17298723757266998
1764809215.974424,0.29648586906194685,-0.01585164912641048,0.581632013463974,0.5441976189613342,-0.3043777048587799,0.21500855684280396,,,,,,
1764809215.97657,,,,,,,0.045992255210876465,-0.029414653778076172,-0.07910515367984772,-0.24958962202072144,0.6189152598381042,-0.1714613139629364
1764809215.984476,0.3172863727673888,0.04318038555681705,0.5590042943313718,0.5450208187103271,-0.3482564687728882,0.19457440078258514,,,,,,
1764809215.9866,,,,,,,0.03981578350067139,-0.05956757068634033,-0.06617826223373413,-0.3318972885608673,0.5868350863456726,-0.152679905295372
1764809215.994528,0.23525544755160807,0.08837620258927345,0.5474094258666038,0.5546149015426636,-0.3598303198814392,0.16614209115505219,,,,,,
1764809215.99663,,,,,,,0.025236666202545166,-0.06774449348449707,-0.058020226657390594,-0.41600385308265686,0.5694497227668762,-0.1445697695016861
1764809216.00458,0.01410071380585432,0.09277823694050312,0.5558566439554095,0.5554822683334351,-0.35606327652931213,0.14211983978748322,,,,,,
1764809216.00666,,,,,,,0.014817416667938232,-0.047680020332336426,-0.05652999132871628,-0.5008454918861389,0.5766727328300476,-0.13908232748508453
1764809216.014632,-0.20034400090724228,0.10098492427170276,0.5717173531711102,0.5481164455413818,-0.3531971871852875,0.1267486810684204,,,,,,
1764809216.01669,,,,,,,0.018409907817840576,-0.020244181156158447,-0.06521128863096237,-0.5419149994850159,0.5738982558250427,-0.12472409754991531
1764809216.024685,-0.32772301110774277,0.06962415584623813,0.6116057114452124,0.5396624803543091,-0.3567083179950714,0.11582918465137482,,,,,,
1764809216.026721,,,,,,,0.02663034200668335,0.0023776590824127197,-0.0862731859087944,-0.5454066395759583,0.5455827116966248,-0.10628677159547806
1764809216.034737,-0.39582010351717467,-0.02817570864856243,0.6077461134076119,0.5115671157836914,-0.3657166063785553,0.10593656450510025,,,,,,
1764809216.036751,,,,,,,0.02978360652923584,0.018289297819137573,-0.10557275265455246,-0.5231080055236816,0.5119155645370483,-0.09750253707170486
1764809216.044789,-0.422226172144711,-0.1358569156885147,0.577788197517395,0.46817970275878906,-0.39478421211242676,0.10893262177705765,,,,,,
1764809216.046781,,,,,,,0.03334301710128784,0.020929962396621704,-0.12181299179792404,-0.5011806488037109,0.4786127507686615,-0.09660505503416061
1764809216.054841,-0.3231494195818901,-0.19965046568512915,0.5887339544236659,0.4178776144981384,-0.45002564787864685,0.10721214860677719,,,,,,
1764809216.056811,,,,,,,0.03518259525299072,0.010400205850601196,-0.13198751211166382,-0.4908822476863861,0.43910208344459534,-0.11095176637172699
1764809216.064894,-0.16019231552183627,-0.24233225407004355,0.590218347762525,0.36946961283683777,-0.5333157181739807,0.10505419224500656,,,,,,
1764809216.066841,,,,,,,0.035852015018463135,-0.006788730621337891,-0.12414157390594482,-0.5064671039581299,0.3966592848300934,-0.13421447575092316
1764809216.074946,0.0017491817548871038,-0.24156126969754693,0.6023346097528934,0.31964027881622314,-0.6383339762687683,0.09777378290891647,,,,,,
1764809216.076872,,,,,,,0.039677560329437256,-0.01983696222305298,-0.11306840181350708,-0.5726096034049988,0.35402339696884155,-0.14083097875118256
1764809216.084998,0.12253127790838479,-0.17525193748772144,0.6362465239658951,0.2742791771888733,-0.7531753182411194,0.08001235872507095,,,,,,
1764809216.086902,,,,,,,0.04309791326522827,-0.03971129655838013,-0.10710835456848145,-0.6812146306037903,0.3106527626514435,-0.1452675312757492
1764809216.09505,0.20231559324115514,-0.08739595938026905,0.5945724513188004,0.24224580824375153,-0.8576058149337769,0.05355061963200569,,,,,,
1764809216.096932,,,,,,,0.048492431640625,-0.06030359864234924,-0.09485912322998047,-0.84877610206604,0.2517537474632263,-0.17003212869167328
1764809216.105103,0.23976006549447773,0.01455868670642376,0.49330140358209607,0.22631637752056122,-0.9472494125366211,0.021212652325630188,,,,,,
1764809216.106962,,,,,,,0.04860013723373413,-0.07516279816627502,-0.0779610276222229,-1.0322544574737549,0.2098315954208374,-0.18193380534648895
1764809216.115155,0.2949213962242007,0.11379179887473582,0.46778585405349726,0.2240723967552185,-1.010752558708191,-0.012550781480967999,,,,,,
1764809216.116993,,,,,,,0.042726218700408936,-0.07132226228713989,-0.05867534875869751,-1.1710249185562134,0.18611668050289154,-0.16311803460121155
1764809216.125208,0.2900876924574375,0.18186171101629733,0.5210483654245734,0.2411147654056549,-1.0368291139602661,-0.043607767671346664,,,,,,
1764809216.127023,,,,,,,0.029632747173309326,-0.051008254289627075,-0.04669278860092163,-1.257127046585083,0.1527765691280365,-0.13394950330257416
1764809216.135259,0.16064152059406042,0.1939712510049343,0.6200540985777974,0.2636444866657257,-1.022495985031128,-0.07063040137290955,,,,,,
1764809216.137053,,,,,,,0.013267457485198975,-0.022341996431350708,-0.05334019660949707,-1.2741193771362305,0.12754392623901367,-0.10625115036964417
1764809216.145312,-0.07050035415887833,0.1521785204142332,0.7078299971863627,0.2755807638168335,-0.966173529624939,-0.09277351945638657,,,,,,
1764809216.147083,,,,,,,0.003077566623687744,-6.279349327087402e-05,-0.07039886713027954,-1.1899869441986084,0.13764981925487518,-0.06080910935997963
1764809216.155364,-0.3338350642472505,0.06215688870549202,0.7667366519242524,0.26890918612480164,-0.8645378351211548,-0.10631730407476425,,,,,,
1764809216.157113,,,,,,,0.0032784342765808105,0.02361050248146057,-0.08941531181335449,-1.0299235582351685,0.15812340378761292,-0.010340271517634392
1764809216.165416,-0.49128597210645675,-0.00558919830918312,0.7973520088098943,0.24823078513145447,-0.7268508076667786,-0.11470865458250046,,,,,,
1764809216.167144,,,,,,,0.013162791728973389,0.053765684366226196,-0.1084669828414917,-0.8127882480621338,0.15915857255458832,0.03906828910112381
1764809216.175468,-0.6001116730064153,-0.033247605085372924,0.7508058000817894,0.22598066926002502,-0.5723918080329895,-0.11880934238433838,,,,,,
1764809216.177174,,,,,,,0.019986271858215332,0.0751013457775116,-0.12461352348327637,-0.5660606026649475,0.14255322515964508,0.08991781622171402
1764809216.185521,-0.636123774369061,-0.08719137671887874,0.6820446908056735,0.2113620489835739,-0.4250388443470001,-0.11831266433000565,,,,,,
1764809216.187204,,,,,,,0.019816279411315918,0.08350029587745667,-0.1344466209411621,-0.3342854082584381,0.12226366996765137,0.13565094769001007
1764809216.195573,-0.6221823427781462,-0.12336802099347113,0.6290495981991291,0.1994713395833969,-0.2997530996799469,-0.11729393899440765,,,,,,
1764809216.197234,,,,,,,0.013703405857086182,0.07526379823684692,-0.1350998878479004,-0.14357513189315796,0.11170130223035812,0.17423516511917114
1764809216.205625,-0.6052122110158205,-0.13971008398532866,0.636512627556175,0.1831996887922287,-0.2042073756456375,-0.11565050482749939,,,,,,
1764809216.207264,,,,,,,0.003252089023590088,0.05402493476867676,-0.12822794914245605,0.003289405256509781,0.11950596421957016,0.20185905694961548
1764809216.215677,-0.5592451173499227,-0.16850597035884857,0.703690997685492,0.16537027060985565,-0.14052167534828186,-0.11125344783067703,,,,,,
1764809216.217295,,,,,,,-0.00410836935043335,0.034843236207962036,-0.11680352687835693,0.0895950198173523,0.13007712364196777,0.21931728720664978
1764809216.22573,-0.4969990890562534,-0.2078092222213745,0.7202455343842507,0.14783307909965515,-0.10581590235233307,-0.10720011591911316,,,,,,
1764809216.227325,,,,,,,-0.003270745277404785,0.018821656703948975,-0.1040804386138916,0.11308623105287552,0.12582165002822876,0.21215152740478516
1764809216.235782,-0.4324862848743796,-0.23451544283926484,0.7225473815858364,0.13835270702838898,-0.09347736835479736,-0.10310342162847519,,,,,,
1764809216.237355,,,,,,,-0.0006018877029418945,0.00634428858757019,-0.09499228000640869,0.10672121495008469,0.11753549426794052,0.1988639384508133
1764809216.245834,-0.3749158471763134,-0.22242869920432567,0.7177868891857564,0.13030728697776794,-0.09893392026424408,-0.10053400695323944,,,,,,
1764809216.247385,,,,,,,-0.0037934184074401855,0.00205424427986145,-0.0895916223526001,0.0876934602856636,0.10890791565179825,0.1878323256969452
1764809216.255886,-0.3457949666321277,-0.21570260581970213,0.6527867398783564,0.11908026039600372,-0.11522922664880753,-0.0971112847328186,,,,,,
1764809216.257415,,,,,,,-0.005416929721832275,0.008821219205856323,-0.08871138095855713,0.07447097450494766,0.1084088385105133,0.17260470986366272
1764809216.265938,-0.3046475482076406,-0.1964192286789417,0.6199181972384452,0.10437854379415512,-0.14027971029281616,-0.09159694612026215,,,,,,
1764809216.267446,,,,,,,-0.0032744407653808594,0.016950607299804688,-0.08923459053039551,0.0702783614397049,0.10136184841394424,0.15781378746032715
1764809216.275991,-0.2648243641242385,-0.1742196718305349,0.5378232668757439,0.090677909553051,-0.1599099338054657,-0.08593466877937317,,,,,,
1764809216.277476,,,,,,,0.0025755763053894043,0.01641637086868286,-0.08589065074920654,0.05717159062623978,0.07530441880226135,0.13964371383190155
1764809216.286043,-0.2394289338439703,-0.15921557944417,0.4711699435338378,0.08057866990566254,-0.16977055370807648,-0.07951512187719345,,,,,,
1764809216.287506,,,,,,,0.007330954074859619,0.007181316614151001,-0.07757270336151123,0.0043624406680464745,0.04437606409192085,0.11344538629055023
1764809216.296095,-0.24593115534484386,-0.15799743582606315,0.4278641780316829,0.06738249957561493,-0.16670706868171692,-0.07816461473703384,,,,,,
1764809216.297536,,,,,,,0.008390843868255615,-0.007715284824371338,-0.0680614709854126,-0.07204198092222214,0.027788300067186356,0.09236413240432739
1764809216.306147,-0.27335399979948993,-0.10381401021778583,0.3776631000578403,0.057224664837121964,-0.15789227187633514,-0.07619839906692505,,,,,,
1764809216.307566,,,,,,,0.006086230278015137,-0.014916956424713135,-0.06099987030029297,-0.1578626036643982,0.017672548070549965,0.08083051443099976
1764809216.3162,-0.3058803048729896,-0.07244388944208621,0.33412674067020415,0.04850894585251808,-0.1485847681760788,-0.076319120824337,,,,,,
1764809216.317597,,,,,,,0.004348397254943848,-0.011372476816177368,-0.055455684661865234,-0.21952371299266815,0.012710812501609325,0.06895934045314789
1764809216.326252,-0.2958063623651862,-0.04786883563399315,0.3147650375962257,0.0403122678399086,-0.13894332945346832,-0.07320002466440201,,,,,,
1764809216.327627,,,,,,,0.004873514175415039,0.002105414867401123,-0.05314147472381592,-0.23987586796283722,0.008689172565937042,0.06134216859936714
1764809216.336304,-0.2634150818482041,-0.02001929019987583,0.28522476259618995,0.029983464628458023,-0.1253315955400467,-0.07189413905143738,,,,,,
1764809216.337657,,,,,,,0.007883608341217041,0.01334613561630249,-0.05157816410064697,-0.22351670265197754,-0.0025014295242726803,0.05614721029996872
1764809216.346356,-0.22341215728372335,-0.028900515791773794,0.2503404962196946,0.02406831830739975,-0.11259634792804718,-0.07015802711248398,,,,,,
1764809216.347687,,,,,,,0.009132742881774902,0.019341230392456055,-0.0487668514251709,-0.18705828487873077,-0.01997523009777069,0.05861116573214531
1764809216.356409,-0.17782412606328724,-0.021346154889464376,0.24092121822834014,0.018289364874362946,-0.09340494871139526,-0.06908266246318817,,,,,,
1764809216.357718,,,,,,,0.006776571273803711,0.01911565661430359,-0.04310250282287598,-0.14404623210430145,-0.02951972931623459,0.058398179709911346
1764809216.366461,-0.1416033503860235,0.006121113228797912,0.20867782174944877,0.014121251180768013,-0.0782528892159462,-0.06899930536746979,,,,,,
1764809216.367748,,,,,,,0.006475508213043213,0.017291516065597534,-0.03895711898803711,-0.10129903256893158,-0.03472008556127548,0.06093563884496689
1764809216.376513,-0.12681377753317355,-0.0014665654212236404,0.1903176969334483,0.013452155515551567,-0.06739489734172821,-0.06548579037189484,,,,,,
1764809216.377778,,,,,,,0.0013433098793029785,0.014656752347946167,-0.034551382064819336,-0.0716375783085823,-0.036773648113012314,0.0706811472773552
1764809216.386565,-0.131986503995955,-0.024779636469483373,0.1728875464439392,0.01479252427816391,-0.05951513722538948,-0.0597221776843071,,,,,,
1764809216.387808,,,,,,,-0.005803346633911133,0.011472254991531372,-0.028752924874424934,-0.06389124691486359,-0.03500983864068985,0.07146438211202621
1764809216.396618,-0.1552022521495819,-0.06384089626967906,0.1874308894507587,0.011339844204485416,-0.053473036736249924,-0.05151047930121422,,,,,,
1764809216.397838,,,,,,,-0.010338902473449707,0.005397289991378784,-0.026311878114938736,-0.061187755316495895,-0.023414965718984604,0.06654492020606995
1764809216.40667,-0.18353928883969783,-0.07818915509581566,0.20089812765866516,0.006193818058818579,-0.0517081618309021,-0.04331779479980469,,,,,,
1764809216.407869,,,,,,,-0.011568307876586914,0.0030888617038726807,-0.024898771196603775,-0.05772697553038597,-0.011778551153838634,0.059616707265377045
1764809216.416722,-0.21531652911156415,-0.08256547048389912,0.1855211103066802,0.002690378110855818,-0.05103721097111702,-0.04157453402876854,,,,,,
1764809216.417899,,,,,,,-0.007723808288574219,0.0044720470905303955,-0.022187229245901108,-0.05445148050785065,-0.007683408446609974,0.05616238713264465
1764809216.426774,-0.22843699970841405,-0.07165478489100932,0.1732674856722355,-0.0003885026089847088,-0.04460541158914566,-0.03696034103631973,,,,,,
1764809216.427929,,,,,,,-0.00523686408996582,0.007406741380691528,-0.019374247640371323,-0.04580739140510559,-0.009139890782535076,0.051176417618989944
1764809216.436827,-0.21898148135989903,-0.03933481604456901,0.12974033250436187,-0.0008380459621548653,-0.031040925532579422,-0.03278224915266037,,,,,,
1764809216.437959,,,,,,,-0.004117727279663086,0.007512897253036499,-0.019230008125305176,-0.03737439215183258,-0.007107100449502468,0.04551320895552635
1764809216.446879,-0.20471447107642887,-0.007153963407874107,0.0777668380305171,7.241498678922653e-06,-0.013284832239151001,-0.026483874768018723,,,,,,
1764809216.447989,,,,,,,-0.0026153922080993652,0.008767962455749512,-0.017946001142263412,-0.023395990952849388,-0.0001474614255130291,0.03900923579931259
1764809216.456931,-0.21095833390206098,0.00270049113035202,0.051772272813320155,-0.0014531826600432396,0.0024386963341385126,-0.02462346851825714,,,,,,
1764809216.45802,,,,,,,-0.0012981891632080078,0.010662376880645752,-0.015796899795532227,-0.008395489305257797,0.0037005399353802204,0.03873293101787567
1764809216.466983,-0.20664719270467757,0.01986030024588108,0.03731324708908796,0.000640061916783452,0.01917986012995243,-0.019542688503861427,,,,,,
1764809216.46805,,,,,,,0.0027912259101867676,0.011171430349349976,-0.012139197438955307,0.0024891160428524017,0.0038941516540944576,0.03577735647559166
1764809216.477035,-0.19379735574275253,0.05102466931641102,0.017286211974173783,0.002577243372797966,0.027482204139232635,-0.015185369178652763,,,,,,
1764809216.47808,,,,,,,0.0031912922859191895,0.008817583322525024,-0.008963581174612045,0.010798096656799316,0.0034241038374602795,0.03153027966618538
1764809216.487088,-0.1691571277439594,0.0619178192526102,0.019325462716817853,0.0029636682011187077,0.03137388452887535,-0.011563204228878021,,,,,,
1764809216.48811,,,,,,,0.004499614238739014,0.004763871431350708,-0.005880590528249741,0.012942473404109478,0.0019753440283238888,0.031077809631824493
1764809216.49714,-0.1855833618879318,0.07133855854868888,0.021650252402573823,0.0063843391835689545,0.03952626511454582,-0.011720219627022743,,,,,,
1764809216.49814,,,,,,,0.0037022829055786133,0.0021142661571502686,-0.002353426069021225,0.016664279624819756,0.002782814670354128,0.028089476749300957
1764809216.507192,-0.16455138751417397,0.08313362576067447,0.010533522843569516,0.0075052641332149506,0.04512716084718704,-0.010941511020064354,,,,,,
1764809216.508171,,,,,,,0.0026323795318603516,0.002900242805480957,-0.0010698996484279633,0.02054929919540882,0.004092290997505188,0.024936826899647713
1764809216.517244,-0.11802052248567342,0.08685936828553677,0.007870002722740172,0.010213855654001236,0.04733488708734512,-0.006125318817794323,,,,,,
1764809216.518201,,,,,,,0.0031251907348632812,0.005517333745956421,-0.0012460965663194656,0.0167499128729105,0.006281409412622452,0.024687420576810837
1764809216.527297,-0.097959438970685,0.08090659736096859,-0.011938275074958801,0.013346265070140362,0.05050857737660408,-0.0019627981819212437,,,,,,
1764809216.528231,,,,,,,0.0031555891036987305,0.005573451519012451,-0.0022737979888916016,0.012306693941354752,0.014985685236752033,0.026070665568113327
1764809216.537349,-0.07142331422269343,0.05756430021822452,-0.012077391284704208,0.013019334524869919,0.050972625613212585,0.0005807522684335709,,,,,,
1764809216.538261,,,,,,,0.002648293972015381,0.003515183925628662,-0.00294339656829834,0.003025210462510586,0.01836257427930832,0.02295902743935585
1764809216.547401,-0.07855681936442852,0.0269178175419569,0.004207388561964035,0.00977267511188984,0.051201656460762024,0.00042256060987710953,,,,,,
1764809216.548291,,,,,,,-0.0005967617034912109,0.0009660720825195312,-0.005560394376516342,-0.004114191513508558,0.01969229057431221,0.019983744248747826
1764809216.557453,-0.09062398151606321,-0.010431962165236473,0.018714052820205686,0.007845666259527206,0.04735500365495682,0.001345947152003646,,,,,,
1764809216.558322,,,,,,,-0.002954721450805664,-0.0022422373294830322,-0.005908247083425522,-0.006615965161472559,0.020211074501276016,0.020405322313308716
1764809216.567506,-0.08565963710695505,-0.03366612275838852,0.001081073234975338,0.007684279233217239,0.041327472776174545,0.0036927247419953346,,,,,,
1764809216.568352,,,,,,,-0.007145047187805176,-0.0019479990005493164,-0.0032148361206054688,-0.010695927776396275,0.027886036783456802,0.017578111961483955
1764809216.577559,-0.05797405006289482,-0.014975450813770294,0.0007888122901320457,0.00652032345533371,0.03519031032919884,0.011020155623555183,,,,,,
1764809216.578382,,,,,,,-0.005625784397125244,0.002053499221801758,-0.0025501251220703125,-0.01948561519384384,0.02931508794426918,0.017223645001649857
1764809216.58761,-0.023185937537252902,0.016848843470215796,0.0011323650307953357,0.005195134785026312,0.02544766664505005,0.016458064317703247,,,,,,
1764809216.588412,,,,,,,-0.0011321306228637695,-4.246830940246582e-05,-0.001145239919424057,-0.02838323637843132,0.025998122990131378,0.020234348252415657
1764809216.597662,-0.02497457451969385,0.01675415092408657,-0.007064531558752059,0.00399005226790905,0.017691152170300484,0.017099477350711823,,,,,,
1764809216.598442,,,,,,,0.0001862645149230957,-0.001831650733947754,-0.00024044513702392578,-0.039822082966566086,0.021463025361299515,0.01843964494764805
1764809216.607715,-0.029672669208049774,-0.009997077879309653,-0.025391338627040384,0.0043756780214607716,0.013837558217346668,0.01612848974764347,,,,,,
1764809216.608473,,,,,,,-0.0002905130386352539,0.0038314759731292725,-0.0033966321498155594,-0.05505696311593056,0.02794249728322029,0.014847040176391602
1764809216.617767,-0.039864977398514745,-0.0066857613742351526,-0.030469957065582275,-0.00181585643440485,0.00999519880861044,0.019030822440981865,,,,,,
1764809216.618503,,,,,,,0.0018252730369567871,0.01081240177154541,-0.012217285111546516,-0.04623683914542198,0.027168847620487213,0.005094544496387243
1764809216.627819,-0.028443127413094044,-0.002723287484049797,-0.03318944515734911,-0.00700502609834075,0.00048558367416262627,0.02079996094107628,,,,,,
1764809216.628533,,,,,,,0.00432056188583374,0.012418568134307861,-0.015115976333618164,-0.020512567833065987,0.021111488342285156,0.013100272975862026
1764809216.637872,-0.0466311105325818,0.009973697003722191,-0.02465674074217677,-0.01234743557870388,-0.005156830418854952,0.025746790692210197,,,,,,
1764809216.638563,,,,,,,0.0036270618438720703,0.007474988698959351,-0.013634445145726204,-0.010565937496721745,0.02523725852370262,0.020131483674049377
1764809216.647923,-0.026667934434115886,0.01996492966413498,-0.01605184787362814,-0.01744792051613331,-0.003953880630433559,0.031743962317705154,,,,,,
1764809216.648594,,,,,,,0.005099475383758545,-0.0006233751773834229,-0.008479118347167969,-0.0236298069357872,0.01993410289287567,0.012882093898952007
1764809216.657976,0.02038490864187479,0.022802783438563345,-0.0059974868491292,-0.02106662094593048,-0.0135123236104846,0.03093373216688633,,,,,,
1764809216.658624,,,,,,,0.006690621376037598,-0.0095750093460083,-0.003889322280883789,-0.041091952472925186,0.017424874007701874,0.020041469484567642
1764809216.668028,0.00011222820281982422,0.013617606464028358,0.022373159849643706,-0.023924192413687706,-0.03123406320810318,0.02474534511566162,,,,,,
1764809216.668654,,,,,,,0.002458035945892334,-0.013859570026397705,0.001466512680053711,-0.053229574114084244,0.02251364290714264,0.03668596222996712
1764809216.67808,0.002589431971311569,0.04636369176805019,0.006434416961669922,-0.017647018656134605,-0.04763593152165413,0.017952628433704376,,,,,,
1764809216.678684,,,,,,,-0.0014688372611999512,-0.006445407867431641,0.004056692123413086,-0.05507035180926323,0.03154735267162323,0.03794829919934273
1764809216.688132,0.04349953450858593,0.03700082013905048,-0.025457097339630124,-0.013176102191209793,-0.06188970431685448,0.01664634793996811,,,,,,
1764809216.688714,,,,,,,-0.004122138023376465,-0.0010648071765899658,0.0037432946264743805,-0.03475123271346092,0.02949245646595955,0.039322491735219955
1764809216.698185,0.052987493821978565,0.03947451677620411,-0.005666062937676906,-0.009181042201817036,-0.07344759255647659,0.004383213818073273,,,,,,
1764809216.698745,,,,,,,-0.004304707050323486,0.0021378695964813232,0.006969571113586426,-0.03244679793715477,0.026890814304351807,0.05040736496448517
1764809216.708237,-0.015016951867938041,0.022384850287437436,-0.01879354779720306,-0.006940525025129318,-0.07239165157079697,-0.005520549602806568,,,,,,
1764809216.708775,,,,,,,-0.0032372474670410156,-0.006081521511077881,0.01288747787475586,-0.048787955194711685,0.02535124123096466,0.05559999868273735
1764809216.718289,-0.06203647719621658,0.0038210195928812026,-0.04306991091966629,-0.0034359078854322433,-0.06154060736298561,-0.01685810089111328,,,,,,
1764809216.718805,,,,,,,-0.006369650363922119,-0.014249324798583984,0.014118436723947525,-0.05423491820693016,0.021644119173288345,0.059236012399196625
1764809216.728341,-0.0795531369253993,-0.019503157371282578,-0.0687780604109168,0.002953015500679612,-0.04860616847872734,-0.018562790006399155,,,,,,
1764809216.728835,,,,,,,-0.00971895456314087,-0.010728001594543457,0.0111621655523777,-0.06127471849322319,0.023697152733802795,0.06628086417913437
1764809216.738395,-0.0856052765712142,-0.021796821266412733,-0.10389730458706617,0.007209545932710171,-0.03890480473637581,-0.015107604674994946,,,,,,
1764809216.738865,,,,,,,-0.012732982635498047,0.0032027363777160645,0.004422072321176529,-0.056850261986255646,0.031036291271448135,0.062149375677108765
1764809216.748446,-0.06829904472231864,-0.05149930109083652,-0.11475889034122227,0.008457769639790058,-0.029210902750492096,-0.008335718885064125,,,,,,
1764809216.748896,,,,,,,-0.01335608959197998,0.009474962949752808,-0.0004644356667995453,-0.02992064505815506,0.03431916981935501,0.07251279801130295
1764809216.758498,-0.08929360969513654,-0.06199556066393852,-0.09928542687743902,0.00428497139364481,-0.01887812837958336,-0.004985474515706301,,,,,,
1764809216.758926,,,,,,,-0.006303906440734863,0.012247979640960693,-0.00791788101196289,0.013363620266318321,0.039283569902181625,0.06493324041366577
1764809216.76855,-0.09416589190661907,-0.0445551810413599,-0.0950619639635086,-0.000836819875985384,-0.005203327164053917,-0.006659004837274551,,,,,,
1764809216.768956,,,,,,,-0.002521514892578125,0.016835927963256836,-0.0005000829696655273,0.007078827358782291,0.027410395443439484,0.06913916766643524
1764809216.778603,-0.0682724489763379,-0.039322541084885594,-0.05823679265230894,-0.0010598893277347088,-0.001948345685377717,-0.015917927026748657,,,,,,
1764809216.778986,,,,,,,-0.0034348368644714355,0.00023168325424194336,0.0068073272705078125,-0.018487051129341125,0.018394798040390015,0.08631842583417892
1764809216.788656,-0.06329875221699476,-0.0309568637996912,-0.04176145866960287,-0.0011019669473171234,-0.006843235343694687,-0.02466161735355854,,,,,,
1764809216.789016,,,,,,,-0.008620858192443848,-0.015919029712677002,0.009185791015625,-0.029090959578752518,0.031106330454349518,0.08932726830244064
1764809216.798707,-0.06599369038939476,-0.000374094009399414,-0.02076338656544685,0.0014856108464300632,-0.00526893325150013,-0.026023393496870995,,,,,,
1764809216.799047,,,,,,,-0.004448890686035156,-0.004700988531112671,0.0048277415335178375,-0.033195607364177704,0.03655409440398216,0.07261499762535095
1764809216.808759,0.013126608076691627,0.05299567712843418,-0.04719312832951546,0.006599945481866598,-0.004076635465025902,-0.017300741747021675,,,,,,
1764809216.809077,,,,,,,0.002864062786102295,0.01338157057762146,0.00016319751739501953,-0.029841622337698936,0.03160354495048523,0.061992716044187546
1764809216.818812,0.05083469970226288,0.09204466196894645,-0.07913111212104558,0.00796577800065279,-0.017286987975239754,-0.009353812783956528,,,,,,
1764809216.819107,,,,,,,0.007232308387756348,0.014098942279815674,0.0017924346029758453,-0.0228868555277586,0.022748533636331558,0.06643945723772049
1764809216.828864,-0.008768705128133297,0.09861234992146492,-0.03779898477941751,0.00817909650504589,-0.035941366106271744,-0.007826223969459534,,,,,,
1764809216.829137,,,,,,,0.005898714065551758,0.0035905539989471436,0.0033781565725803375,-0.024612583220005035,0.019705072045326233,0.06767196953296661
1764809216.838916,-0.07898761199712753,0.078082187590003,-0.010267857644706963,0.00558528583496809,-0.04697412624955177,-0.012927398085594177,,,,,,
1764809216.839167,,,,,,,0.002214193344116211,-0.001326233148574829,0.00458860769867897,-0.036339644342660904,0.019857138395309448,0.058691125363111496
1764809216.848969,-0.1281540862262249,0.04903261871635914,-0.020794950747489927,0.006481173448264599,-0.05080721527338028,-0.016162605956196785,,,,,,
1764809216.849198,,,,,,,-0.000545501708984375,-0.0006938278675079346,0.0059225596487522125,-0.049516163766384125,0.023640956729650497,0.04860733449459076
1764809216.859021,-0.10430354730039834,0.044370472124218935,-0.04805427520349621,0.00968698039650917,-0.04671379178762436,-0.01232043094933033,,,,,,
1764809216.859228,,,,,,,0.0001811385154724121,0.0026621222496032715,0.004277829080820084,-0.061704009771347046,0.02323589101433754,0.04252553731203079
1764809216.869073,-0.07644406499415636,0.026326281389594076,-0.0778977709338069,0.009513609111309052,-0.04658756032586098,-0.008994675241410732,,,,,,
1764809216.869258,,,,,,,-0.001994609832763672,0.0014826953411102295,0.0024133920669555664,-0.06512590497732162,0.02094583958387375,0.0390290766954422
1764809216.879125,-0.06725918028056621,0.03559387595057487,-0.02194996600151062,0.003922988660633564,-0.06031470745801926,-0.008174312300980091,,,,,,
1764809216.879288,,,,,,,-0.0021405816078186035,-0.0007835924625396729,0.0017093457281589508,-0.07424046099185944,0.027222909033298492,0.032425835728645325
1764809216.889177,-0.03487432950437069,0.045137949365377426,0.02489741763025522,-0.004281411413103342,-0.0847414880990982,-0.013595709577202797,,,,,,
1764809216.889318,,,,,,,0.004408895969390869,-0.0020728707313537598,-0.002589590847492218,-0.08415460586547852,0.031330570578575134,0.027623357251286507
1764809216.899229,0.029941841538250445,0.07450374458134174,0.011183072793483734,-0.008315246552228928,-0.10766483843326569,-0.02227606810629368,,,,,,
1764809216.899349,,,,,,,0.013261377811431885,-0.005367398262023926,-0.0030138492584228516,-0.10214737057685852,0.014515637420117855,0.024886425584554672
1764809216.909282,0.11491086603254079,0.08014671890437602,-0.0017947744622826575,-0.007556245196610689,-0.12729287147521973,-0.029286839067935944,,,,,,
1764809216.909379,,,,,,,0.01446443796157837,-0.004742294549942017,-0.004466891288757324,-0.1200331598520279,-0.0007421453483402729,0.025383103638887405
1764809216.919334,0.16090309413969517,0.06389817941486835,-0.02486877605766058,-0.008770749904215336,-0.1428559124469757,-0.03474028408527374,,,,,,
1764809216.919409,,,,,,,0.0077291131019592285,-0.0015829205513000488,-0.003475666046142578,-0.12145637720823288,-0.005513731390237808,0.02885160595178604
1764809216.929386,0.12929536521583795,0.05975450373888015,-0.009577975684404372,-0.011552421376109123,-0.15642231702804565,-0.03413814678788185,,,,,,
1764809216.929439,,,,,,,0.0013120174407958984,0.003260016441345215,-0.0023941993713378906,-0.11770398914813995,-0.004511317238211632,0.028330957517027855
1764809216.939438,0.07231675593107938,0.0687368516176939,0.034835020407289266,-0.013090557418763638,-0.16392506659030914,-0.03223200887441635,,,,,,
1764809216.93947,,,,,,,-0.0011617541313171387,0.00791311264038086,0.0002131424844264984,-0.1114700436592102,-0.00939901638776064,0.02976313792169094
1764809216.949492,0.012149871999025345,0.05517009855806827,0.022694354628026485,-0.009893432259559631,-0.1658255010843277,-0.02914487197995186,,,,,,
1764809216.9495,,,,,,,-0.003797173500061035,0.0100935697555542,0.0028973817825317383,-0.10553305596113205,-0.01881435513496399,0.030767949298024178
1764809216.95953,,,,,,,-0.009088873863220215,0.012406975030899048,0.0036281347274780273,-0.10813714563846588,-0.021427184343338013,0.026381857693195343
1764809216.959543,-0.039756548587977884,0.009440028518438339,0.008979279138892888,-0.0036389464512467384,-0.16353873908519745,-0.02646382339298725,,,,,,
1764809216.96956,,,,,,,-0.013143181800842285,0.010950684547424316,0.002497069537639618,-0.11201603710651398,-0.021075911819934845,0.017650416120886803
1764809216.969595,-0.08259265075176954,-0.03329378231465816,-0.0035341654755175114,0.0006934839766472578,-0.15450796484947205,-0.02145947702229023,,,,,,
1764809216.97959,,,,,,,-0.015062153339385986,0.009631812572479248,0.002219080924987793,-0.11598015576601028,-0.0156843438744545,0.0049934773705899715
1764809216.979647,-0.1386909700706601,-0.07013853510916232,0.006608896745741367,0.0026197992265224457,-0.13893848657608032,-0.018540753051638603,,,,,,
1764809216.989621,,,,,,,-0.01283937692642212,0.011063069105148315,0.0001930035650730133,-0.11700547486543655,-0.01022006943821907,-0.010187339968979359
1764809216.9897,-0.1548693669334054,-0.05975801087021827,-0.0013984686210751533,0.004171356558799744,-0.12074669450521469,-0.012483393773436546,,,,,,
1764809216.999651,,,,,,,-0.008639097213745117,0.01715308427810669,-0.003076668828725815,-0.11095596849918365,-0.015676088631153107,-0.021861372515559196
1764809216.999752,-0.19188480011969802,-0.03621697628498077,-0.0030208091259002682,0.0046055070124566555,-0.10750437527894974,-0.008188712410628796,,,,,,
1764809217.009681,,,,,,,-0.005722403526306152,0.019741058349609375,-0.004889730364084244,-0.09627023339271545,-0.021558210253715515,-0.032264746725559235
1764809217.009804,-0.19154110124856233,-0.01621463721990585,-0.0076382397934794425,0.009092134423553944,-0.09552920609712601,-0.005429944023489952,,,,,,
1764809217.019711,,,,,,,-0.007621645927429199,0.020713716745376587,-0.00566757470369339,-0.0878673568367958,-0.02044341340661049,-0.04127122461795807
1764809217.019856,-0.15381342813968657,-0.02625847685039043,-0.018939386008679865,0.01125419419258833,-0.07982921600341797,-3.254879266023636e-05,,,,,,
1764809217.029741,,,,,,,-0.006346642971038818,0.02008703351020813,-0.009066816419363022,-0.08946045488119125,-0.016075562685728073,-0.054191816598176956
1764809217.029909,-0.10956015265434979,-0.036765842339396476,0.0009724982939660549,0.010012362152338028,-0.06388167291879654,0.005140375345945358,,,,,,
1764809217.039772,,,,,,,-0.003977656364440918,0.020007222890853882,-0.010077361017465591,-0.08703482896089554,-0.02110840380191803,-0.059756089001894
1764809217.039961,-0.09247983851581812,-0.04856675477027893,-0.0015267711758613586,0.009174317121505737,-0.048639968037605286,0.012285945937037468,,,,,,
1764809217.049802,,,,,,,-0.005591332912445068,0.020882368087768555,-0.01155400276184082,-0.08018917590379715,-0.02303839474916458,-0.05899709090590477
1764809217.050013,-0.048615562348067756,-0.056334466162323946,-0.005931874267011881,0.009270990267395973,-0.038937803357839584,0.0210189837962389,,,,,,
1764809217.059832,,,,,,,-0.010093986988067627,0.020364910364151,-0.013458847999572754,-0.06935176253318787,-0.018303297460079193,-0.058929577469825745
1764809217.060066,-0.036138065829873084,-0.07776713029146194,0.035911125206202266,0.008228573948144913,-0.03400911018252373,0.02699531614780426,,,,,,
1764809217.069862,,,,,,,-0.011558353900909424,0.014414340257644653,-0.00977158173918724,-0.06756238639354706,-0.013268322683870792,-0.05818868800997734
1764809217.070117,-0.05998392858058214,-0.09917115284800529,0.056692778080701826,0.004049808718264103,-0.023348743095993996,0.03136289864778519,,,,,,
1764809217.079892,,,,,,,-0.011124253273010254,0.005847424268722534,-0.004420634359121323,-0.07888353615999222,-0.004328091628849506,-0.05799607187509537
1764809217.08017,-0.05458557666838169,-0.09361585680842399,0.06978358419165015,0.005202215630561113,-0.006929422728717327,0.03309750556945801,,,,,,
1764809217.089923,,,,,,,-0.009536147117614746,0.003158867359161377,-0.004781007766723633,-0.07957436144351959,0.006401517894119024,-0.05837184563279152
1764809217.090222,-0.04138444205075502,-0.06519581800997257,0.08170432360991835,0.007563374005258083,-0.0025642348919063807,0.033866096287965775,,,,,,
1764809217.099953,,,,,,,-0.004915058612823486,0.009625166654586792,-0.007238026708364487,-0.0618588849902153,0.009039378724992275,-0.05443229898810387
1764809217.100274,-0.034172026453912256,-0.01599777959883213,0.08296732928305864,0.007495465688407421,-0.009532070718705654,0.03250749409198761,,,,,,
1764809217.109983,,,,,,,-0.0029361844062805176,0.01679927110671997,-0.01111876592040062,-0.04138902947306633,0.006903257220983505,-0.05073076859116554
1764809217.110326,-0.02400339139997959,-0.012359715357422828,0.08916384583562612,0.007482149638235569,-0.007925119251012802,0.028927139937877655,,,,,,
1764809217.120013,,,,,,,0.00044715404510498047,0.018496453762054443,-0.01346469298005104,-0.020034879446029663,0.009674543514847755,-0.045457709580659866
1764809217.120379,0.0012844868525862692,-0.016443185278773306,0.07166925180777907,0.007125388830900192,-0.0036829623859375715,0.02864931896328926,,,,,,
1764809217.130043,,,,,,,0.0010273456573486328,0.013760358095169067,-0.014747854322195053,0.00072818947955966,0.008958418853580952,-0.04211544245481491
1764809217.130431,0.03205342686474323,-0.027013094609975814,0.02748158890455961,0.003640109673142433,-0.0019606961868703365,0.03128478303551674,,,,,,
1764809217.140074,,,,,,,0.0013681650161743164,0.010731399059295654,-0.011939048767089844,0.00982468482106924,0.00681004673242569,-0.033897463232278824
1764809217.140483,0.025765724897384643,-0.019573884519934654,0.04568038567900658,-0.0004302123561501503,-0.0029793973080813885,0.03673326596617699,,,,,,
1764809217.150104,,,,,,,-0.00012505054473876953,0.004928290843963623,-0.009218692779541016,0.01129102148115635,0.007850278168916702,-0.033777620643377304
1764809217.150535,-0.005092354702949524,0.00017068039178848266,0.04304536100029945,-0.0018773740157485008,0.00033810280729085207,0.039974600076675415,,,,,,
1764809217.160134,,,,,,,-0.0014442801475524902,-0.0018086433410644531,-0.005578633397817612,0.008751263841986656,0.006206042133271694,-0.03394613415002823
1764809217.160589,-0.03323562238663435,-0.008177461236715316,0.024646657739579678,-0.0032645096071064472,0.003842356614768505,0.03809529170393944,,,,,,
1764809217.170164,,,,,,,-0.003426194190979004,-0.0013401210308074951,-0.004493359476327896,0.0037636952474713326,0.006824960466474295,-0.03238978236913681
1764809217.17064,-0.07011193936318158,-0.015274726021289825,0.0045835283979773515,-0.001479392871260643,0.006376354489475489,0.0331849567592144,,,,,,
1764809217.180195,,,,,,,-0.003237128257751465,-0.0009743869304656982,-0.004488706588745117,0.0037926160730421543,0.0058710165321826935,-0.03278113156557083
1764809217.180692,-0.08864303683191538,-0.010389876589179038,0.009849193841218948,0.0009184712544083595,0.007296544499695301,0.02932363748550415,,,,,,
1764809217.190225,,,,,,,-0.0026273727416992188,-0.0009399056434631348,-0.003721475601196289,0.006266692653298378,0.0039636604487895966,-0.03303439915180206
1764809217.190744,-0.10225012190192938,-0.004589081355929375,0.0035223289072513577,-0.00010231835767626762,0.009928280487656593,0.027306560426950455,,,,,,
1764809217.200255,,,,,,,-0.0004157423973083496,-0.0008012056350708008,-0.005193229764699936,0.009849810972809792,0.0026421998627483845,-0.033076211810112
1764809217.200798,-0.08267243798971176,0.012370821273326874,-0.027455285419523714,-0.0005230479873716831,0.015293325297534466,0.02378682978451252,,,,,,
1764809217.210285,,,,,,,0.0009612441062927246,-0.0025801360607147217,-0.004704836755990982,0.015439520590007305,-0.004313177894800901,-0.03193052113056183
1764809217.210849,-0.07252776833325623,0.013997545692324637,-0.025562457410246132,0.0010801749303936958,0.016383623704314232,0.021908769384026527,,,,,,
1764809217.220315,,,,,,,0.002103090286254883,-0.004469394683837891,-0.0052102841436862946,0.02345116063952446,-0.005734240636229515,-0.03214017301797867
1764809217.220901,-0.06413081912696361,0.01706511656939983,-0.009359510628134012,0.0002478261012583971,0.015331316739320755,0.020609132945537567,,,,,,
1764809217.230346,,,,,,,0.0022232532501220703,-0.004093915224075317,-0.004372242838144302,0.017476625740528107,-0.008900206536054611,-0.029772093519568443
1764809217.230953,-0.059546706207096574,0.028167525342106817,0.0033437574699521065,0.00038391374982893467,0.010152267292141914,0.02044401690363884,,,,,,
1764809217.240376,,,,,,,-0.001375734806060791,-0.0068006813526153564,-0.0013728179037570953,0.0139978202059865,-0.011865103617310524,-0.028772741556167603
1764809217.241006,-0.08076280497610569,0.03890460793375969,-9.206219762563705e-05,0.0007238946855068207,0.0056615788489580154,0.019129928201436996,,,,,,
1764809217.250406,,,,,,,-0.0014481544494628906,-0.009830713272094727,-0.0007694996893405914,0.004558246582746506,-0.012180156074464321,-0.031254809349775314
1764809217.251058,-0.09983166258335113,0.014918167668581008,0.011608604729175567,0.0007409390527755022,0.004226401448249817,0.014936513267457485,,,,,,
1764809217.260436,,,,,,,-0.0011191964149475098,-0.007117211818695068,-0.001776576042175293,0.0014848760329186916,-0.012348468415439129,-0.030884763225913048
1764809217.26111,-0.11143588339835404,0.020905425384640693,0.01810644231587648,0.0004973644390702248,0.0002471725456416607,0.01114931795746088,,,,,,
1764809217.270466,,,,,,,-0.0015090107917785645,-0.005851119756698608,0.00012028217315673828,-0.00413758959621191,-0.019312899559736252,-0.029416294768452644
1764809217.271163,-0.12762187904566524,0.008038929548859595,-0.0059459027923643585,0.0017346690874546766,-0.0036897785030305386,0.004807266406714916,,,,,,
1764809217.280497,,,,,,,-0.001193225383758545,-0.008256882429122925,0.00038922205567359924,-0.02707800269126892,-0.024157989770174026,-0.03566446900367737
1764809217.281214,-0.13512567880451679,0.012356792747974394,-0.021145371620357036,0.0041229440830647945,-0.0012369985925033689,0.0036148272920399904,,,,,,
1764809217.290527,,,,,,,-0.0018914341926574707,-0.010964959859848022,-0.0016880035400390625,-0.03813544660806656,-0.026388652622699738,-0.044002559036016464
1764809217.291267,-0.12348989380747079,0.0013549217402935027,-0.028961890590190886,0.0052710329182446,0.003976671956479549,0.003746120957657695,,,,,,
1764809217.300557,,,,,,,-0.0035172104835510254,-0.00962778925895691,-0.0018450058996677399,-0.05517102777957916,-0.02682488039135933,-0.04830542951822281
1764809217.301319,-0.12131459559500217,0.009562193593382834,-0.04169993774071336,0.006918993778526783,0.004332353360950947,0.004312819801270962,,,,,,
1764809217.310587,,,,,,,-0.0019567012786865234,-0.005993515253067017,-0.0032171010971069336,-0.07131537795066833,-0.02320963889360428,-0.04921117052435875
1764809217.311371,-0.10371464149653911,0.0040308629512786865,-0.023024609495699403,0.0041495724581182,0.0030809338204562664,0.0019687055610120296,,,,,,
1764809217.320617,,,,,,,0.0034305453300476074,-0.005181312561035156,-0.006819009780883789,-0.07322531193494797,-0.024222970008850098,-0.04628528654575348
1764809217.321423,-0.10033873532265424,0.034244799429178234,0.025487346347421405,-0.0008483803831040859,0.0014692472759634256,-0.0007291982183232903,,,,,,
1764809217.330648,,,,,,,0.009256303310394287,-0.003559708595275879,-0.008632898330688477,-0.07442320138216019,-0.02989257127046585,-0.042587488889694214
1764809217.331476,-0.08211334280222654,0.04307283352911472,0.04141717527657747,-0.006037550047039986,-0.0036962199956178665,-0.005493060685694218,,,,,,
1764809217.340678,,,,,,,0.010771214962005615,0.0004988908767700195,-0.013317707926034927,-0.0692574605345726,-0.04174283891916275,-0.04283296689391136
1764809217.341528,-0.04130143994241953,0.04751052371561527,0.028560762443393468,-0.00955707672983408,-0.008415157906711102,-0.004667104221880436,,,,,,
1764809217.350708,,,,,,,0.011781692504882812,0.0038318932056427,-0.015810489654541016,-0.06294470280408859,-0.048154134303331375,-0.041056904941797256
1764809217.35158,0.025751404111087322,0.07140694760978221,0.02423237785026431,-0.013134234584867954,-0.013858126476407051,-0.004637543112039566,,,,,,
1764809217.360738,,,,,,,0.008956313133239746,0.005321770906448364,-0.016690973192453384,-0.05735506862401962,-0.05069265887141228,-0.03599696606397629
1764809217.361632,0.04776771334707737,0.05473112261891365,0.047529812937974925,-0.01601843535900116,-0.025210797786712646,-0.004257223568856716,,,,,,
1764809217.370768,,,,,,,0.007233560085296631,0.003981947898864746,-0.016343113034963608,-0.05949358642101288,-0.05545599013566971,-0.036475539207458496
1764809217.371686,0.0298369198590517,0.035386370679736136,0.04946925656795501,-0.023801255971193314,-0.04471419379115105,-0.0022782287560403347,,,,,,
1764809217.380799,,,,,,,0.0046384334564208984,0.0008296966552734375,-0.0181884765625,-0.06591319292783737,-0.05937536433339119,-0.0344250351190567
1764809217.381737,-0.014820844773948192,0.015678046125173567,0.0640484015405178,-0.03433918207883835,-0.06511185318231583,-0.0024466521572321653,,,,,,
1764809217.390829,,,,,,,0.0029705166816711426,-0.002450615167617798,-0.014290571212768555,-0.08803420513868332,-0.06647402048110962,-0.03443488851189613
1764809217.391789,-0.035867432194948194,-0.022864158236980438,0.05875877069979906,-0.042978741228580475,-0.07879997044801712,-0.0024719522334635258,,,,,,
1764809217.400859,,,,,,,0.001269221305847168,-0.004506438970565796,-0.01196444034576416,-0.12340118736028671,-0.07074599713087082,-0.040456563234329224
1764809217.401841,0.0036401100680232045,-0.06690729810297488,0.02996186141297221,-0.04462622106075287,-0.0810442715883255,-0.00692237913608551,,,,,,
1764809217.410889,,,,,,,0.0006985664367675781,-0.006245642900466919,-0.012308835983276367,-0.1378520280122757,-0.06932254135608673,-0.04446408897638321
1764809217.411894,0.04019464774429798,-0.04566694167554378,0.015646774204075335,-0.04536817967891693,-0.08355244249105453,-0.0105352234095335,,,,,,
1764809217.420919,,,,,,,-0.0020101070404052734,-0.0021652579307556152,-0.011702295392751694,-0.13851724565029144,-0.07039552927017212,-0.03775038942694664
1764809217.421946,0.029380992785096167,-0.016566519397497176,0.021604221303761006,-0.04492103308439255,-0.0898449569940567,-0.013008767738938332,,,,,,
1764809217.43095,,,,,,,-0.004564881324768066,0.006075918674468994,-0.009958863258361816,-0.12769362330436707,-0.07244829088449478,-0.028708958998322487
1764809217.431998,0.008733633814752102,0.004511924466490745,0.05910480765849351,-0.04469679296016693,-0.09175124764442444,-0.016404297202825546,,,,,,
1764809217.44098,,,,,,,-0.004583835601806641,0.009054630994796753,-0.0069296397268772125,-0.10634677857160568,-0.07315003871917725,-0.020076589658856392
1764809217.44205,0.0053308396339416505,-0.030400983482599255,0.05528992554545402,-0.04764799773693085,-0.0888989046216011,-0.018026957288384438,,,,,,
1764809217.45101,,,,,,,-0.007582545280456543,0.012655705213546753,-0.00829172134399414,-0.07830129563808441,-0.06852279603481293,-0.01753460243344307
1764809217.452103,0.005807224974036216,-0.07843173168003559,0.06010083295851946,-0.04662774130702019,-0.08487913012504578,-0.014839684590697289,,,,,,
1764809217.46104,,,,,,,-0.008698225021362305,0.014870136976242065,-0.00963270291686058,-0.05059902369976044,-0.0670551285147667,-0.014851134270429611
1764809217.462155,-0.005453004708886146,-0.0824567494124174,0.055528118215501306,-0.05046003684401512,-0.08053494989871979,-0.01025855541229248,,,,,,
1764809217.471071,,,,,,,-0.007400631904602051,0.01425430178642273,-0.008718963712453842,-0.023350359871983528,-0.0723327100276947,-0.01352008618414402
1764809217.472207,-0.03685205931812525,-0.060088850259780884,0.035135318528115744,-0.04956308379769325,-0.07521288841962814,-0.002631261246278882,,,,,,
1764809217.481101,,,,,,,-0.009641289710998535,0.009553760290145874,-0.009165637195110321,-0.009781664237380028,-0.06866287440061569,-0.014753461815416813
1764809217.48226,-0.09575579144656658,-0.05282090508341789,0.04884411040693521,-0.0526391938328743,-0.06767116487026215,0.0024416386149823666,,,,,,
1764809217.491131,,,,,,,-0.01084524393081665,0.0063915252685546875,-0.008220072835683823,-0.01563103124499321,-0.06262469291687012,-0.02301805093884468
1764809217.492311,-0.14948708937317132,-0.05722001682519912,0.039297406643629074,-0.05103969946503639,-0.05504485219717026,0.004514377098530531,,,,,,
1764809217.501161,,,,,,,-0.007612168788909912,0.0030233263969421387,-0.007167931646108627,-0.027916422113776207,-0.057907696813344955,-0.03215375542640686
1764809217.502364,-0.1727808711990714,-0.05673077200353145,0.027197511266171932,-0.0510123148560524,-0.040992941707372665,0.009204586036503315,,,,,,
1764809217.511191,,,,,,,-0.00778275728225708,0.0006183087825775146,-0.008239749819040298,-0.03797251731157303,-0.05396781489253044,-0.03830139711499214
1764809217.512416,-0.18619798665493725,-0.055315059986710546,0.021417758820950983,-0.05101151391863823,-0.027165275067090988,0.014543958008289337,,,,,,
1764809217.521222,,,,,,,-0.004506468772888184,0.004679232835769653,-0.007050272077322006,-0.04972495883703232,-0.04931074380874634,-0.04682943969964981
1764809217.522468,-0.21464140632897613,-0.028191490739583967,0.006603051526844501,-0.04965805262327194,-0.021634964272379875,0.01925790309906006,,,,,,
1764809217.531252,,,,,,,-0.0031226277351379395,0.007058829069137573,-0.00538456067442894,-0.052599839866161346,-0.04600736126303673,-0.05749646574258804
1764809217.53252,-0.2155316331669688,-0.007312368839979171,0.031191549338400362,-0.04698636755347252,-0.01757550798356533,0.02780105732381344,,,,,,
1764809217.541282,,,,,,,0.001094818115234375,0.00979885458946228,-0.009211774915456772,-0.055591192096471786,-0.03548894077539444,-0.06734716892242432
1764809217.542573,-0.18514292464405296,0.03029109336733818,0.10954057117104529,-0.04642070457339287,-0.02035508118569851,0.03926573693752289,,,,,,
1764809217.551312,,,,,,,0.005962073802947998,0.009987175464630127,-0.013156775385141373,-0.051851581782102585,-0.03650360554456711,-0.07840514183044434
1764809217.552625,-0.19536767379939554,0.07787994301617145,0.09589695348292589,-0.05232866108417511,-0.02781779132783413,0.04846269637346268,,,,,,
1764809217.561342,,,,,,,0.008098781108856201,0.005697011947631836,-0.01716649904847145,-0.04635113477706909,-0.04465793818235397,-0.0895916149020195
1764809217.562678,-0.24100217451006173,0.06273848798573017,0.09755904147624969,-0.05192844197154045,-0.024461425840854645,0.05321131646633148,,,,,,
1764809217.571373,,,,,,,0.009056389331817627,0.00040861964225769043,-0.017559651285409927,-0.045937277376651764,-0.04173458367586136,-0.09410593658685684
1764809217.572729,-0.24256898543536662,0.035929391515254976,0.09239566736370325,-0.053575608879327774,-0.00469810888171196,0.05574105307459831,,,,,,
1764809217.581403,,,,,,,0.00878894329071045,-0.0018473267555236816,-0.017038706690073013,-0.04455843195319176,-0.034191448241472244,-0.09490195661783218
1764809217.582782,-0.19323709151148796,0.09037292936444281,0.09612140988856553,-0.053784556686878204,0.016461746767163277,0.05399107560515404,,,,,,
1764809217.591433,,,,,,,0.009495913982391357,0.001398533582687378,-0.019991997629404068,-0.04618296027183533,-0.03941017761826515,-0.09711131453514099
1764809217.592834,-0.2114364728078246,0.12041326284110546,0.09071385175660251,-0.05141753703355789,0.022342806681990623,0.05617539957165718,,,,,,
1764809217.601463,,,,,,,0.008119463920593262,0.0006436407566070557,-0.018282651901245117,-0.03999816253781319,-0.041470933705568314,-0.09811186790466309
1764809217.602886,-0.2302025480762124,0.09608078561723232,0.12610226826295257,-0.04476667195558548,0.02319072186946869,0.06460870802402496,,,,,,
1764809217.611493,,,,,,,0.008254647254943848,0.00035646557807922363,-0.023240692913532257,-0.03400551900267601,-0.02717854455113411,-0.10299743711948395
1764809217.612938,-0.17736176924854516,0.11769991222918033,0.2681365574121475,-0.04019295796751976,0.028518108651041985,0.075992651283741,,,,,,
1764809217.621524,,,,,,,0.008636116981506348,0.001811385154724121,-0.04117858409881592,-0.04154299572110176,-0.032748814672231674,-0.11280253529548645
1764809217.622991,-0.20408377195745706,0.11937456744313239,0.3655107438407838,-0.046456024050712585,0.017952367663383484,0.08586780726909637,,,,,,
1764809217.631554,,,,,,,-0.0032864809036254883,0.0006520450115203857,-0.0698171854019165,-0.06526563316583633,-0.06855981051921844,-0.1318686306476593
1764809217.633043,-0.27132453979849813,-0.03874211084842682,0.5031237094163894,-0.046337779611349106,-0.012054001912474632,0.10079588741064072,,,,,,
1764809217.641584,,,,,,,-0.02763974666595459,0.00012814998626708984,-0.1025472953915596,-0.07691647112369537,-0.057138841599226,-0.15643055737018585
1764809217.643095,-0.24474925208389758,-0.3183686150461435,0.6631703328572214,-0.07073792815208435,-0.059849221259355545,0.11115292459726334,,,,,,
1764809217.651614,,,,,,,-0.039696574211120605,0.008127212524414062,-0.12284815311431885,-0.08058258146047592,-0.003681209869682789,-0.18093350529670715
1764809217.653147,-0.29706922190785406,-0.581574145796895,0.7515142406120896,-0.12421820312738419,-0.11602940410375595,0.10879363119602203,,,,,,
1764809217.661644,,,,,,,-0.01627713441848755,0.02037450671195984,-0.13469469547271729,-0.06861421465873718,-0.0027853227220475674,-0.19699597358703613
1764809217.6632,-0.36881226960420604,-0.6751145992815494,0.8128022375285625,-0.1820698380470276,-0.13519011437892914,0.10644184798002243,,,,,,
1764809217.671675,,,,,,,0.020947933197021484,0.029193341732025146,-0.1440141201019287,-0.03816789388656616,-0.06513738632202148,-0.1989043951034546
1764809217.673252,-0.4110959985822439,-0.515515573477745,0.7559830565892159,-0.22408093512058258,-0.10159248113632202,0.09755168855190277,,,,,,
1764809217.681705,,,,,,,0.041993141174316406,0.026769280433654785,-0.14243745803833008,-0.012179076671600342,-0.12807214260101318,-0.19572678208351135
1764809217.683304,-0.41703386419862504,-0.2744593306928873,0.6396257911406457,-0.2471260279417038,-0.03369186073541641,0.0911165103316307,,,,,,
1764809217.691735,,,,,,,0.04719138145446777,0.017946481704711914,-0.13886213302612305,0.008515547960996628,-0.16948562860488892,-0.19084973633289337
1764809217.693356,-0.36354981903135775,0.02189502094388008,0.6070036244772374,-0.2533194422721863,0.0419139489531517,0.08768316358327866,,,,,,
1764809217.701765,,,,,,,0.04220151901245117,0.01419144868850708,-0.13311767578125,0.031245701014995575,-0.19530098140239716,-0.18426713347434998
1764809217.703409,-0.34244477942138907,0.21923545612096784,0.6934519277438521,-0.24937812983989716,0.10935931652784348,0.08262976258993149,,,,,,
1764809217.711795,,,,,,,0.039168596267700195,0.020875662565231323,-0.14004731178283691,0.06590940803289413,-0.20607292652130127,-0.17990833520889282
1764809217.713461,-0.3656564359217882,0.27289222750663755,0.9290645181700586,-0.2437671273946762,0.1632438451051712,0.07787202298641205,,,,,,
1764809217.721826,,,,,,,0.04195261001586914,0.03851073980331421,-0.158980131149292,0.12620995938777924,-0.21649254858493805,-0.17809878289699554
1764809217.723513,-0.4276908672913909,0.2391138765454292,1.1457248631060122,-0.25810134410858154,0.19565024971961975,0.07118669152259827,,,,,,
1764809217.731856,,,,,,,0.04646468162536621,0.04967701435089111,-0.17349982261657715,0.211347758769989,-0.24388796091079712,-0.16345591843128204
1764809217.733565,-0.6014952363193035,0.11146247914433478,1.2778219878695904,-0.2823217213153839,0.2311278134584427,0.07618464529514313,,,,,,
1764809217.741886,,,,,,,0.04411083459854126,0.05340257287025452,-0.19450080394744873,0.2901649475097656,-0.2750786244869232,-0.17099353671073914
1764809217.743617,-0.7150532264381647,-0.029936873102188108,1.4037956613168119,-0.3149375915527344,0.28613272309303284,0.0852055624127388,,,,,,
1764809217.751916,,,,,,,0.038666605949401855,0.04819342494010925,-0.2109966278076172,0.356637179851532,-0.2762962281703949,-0.18393383920192719
1764809217.75367,-0.8628586463347077,-0.12174947988092899,1.4331296000897884,-0.3639591932296753,0.34831488132476807,0.09583370387554169,,,,,,
1764809217.761946,,,,,,,0.04486757516860962,0.042734384536743164,-0.2203766107559204,0.3965887725353241,-0.2869930565357208,-0.20482999086380005
1764809217.763722,-0.9635244216546416,-0.14496961194872857,1.4376990999624133,-0.416111022233963,0.4092440903186798,0.10284467786550522,,,,,,
1764809217.771977,,,,,,,0.057660043239593506,0.03724142909049988,-0.22285079956054688,0.4175667464733124,-0.32029616832733154,-0.21259364485740662
1764809217.773774,-0.9003118864163756,-0.11343173339068889,1.3634724187567828,-0.4608649015426636,0.4565620720386505,0.10281006246805191,,,,,,
1764809217.782007,,,,,,,0.06997281312942505,0.02816411852836609,-0.21741050481796265,0.42761266231536865,-0.36645007133483887,-0.216336190700531
1764809217.783826,-0.7269277886271477,-0.03656476680934429,1.316127314735949,-0.4965999126434326,0.49212485551834106,0.09086120873689651,,,,,,
1764809217.792037,,,,,,,0.06953579187393188,0.02197796106338501,-0.2159910798072815,0.4084639847278595,-0.415679931640625,-0.2223687767982483
1764809217.793879,-0.505187363947928,0.024030279406905174,1.3586582964733243,-0.5263484716415405,0.4997393786907196,0.07268113642930984,,,,,,
1764809217.802067,,,,,,,0.0647851824760437,0.016771167516708374,-0.22822189331054688,0.39444229006767273,-0.45383691787719727,-0.22956296801567078
1764809217.803931,-0.27785189574062824,0.06817278799414635,1.432617558914423,-0.5606716275215149,0.4728798270225525,0.05027657002210617,,,,,,
1764809217.812097,,,,,,,0.0656355619430542,0.013425946235656738,-0.22470372915267944,0.3807072937488556,-0.4835418164730072,-0.2225833535194397
1764809217.813983,-0.13460545432269572,0.03461187917590141,1.4514645904645322,-0.610654890537262,0.4221985340118408,0.02591450698673725,,,,,,
1764809217.822128,,,,,,,0.07415550947189331,0.017248690128326416,-0.21557927131652832,0.35130956768989563,-0.5356124639511108,-0.22250446677207947
1764809217.824035,0.019903262604773042,-0.014255904367566108,1.4829571685761211,-0.6723118424415588,0.36779871582984924,0.001899893395602703,,,,,,
1764809217.832158,,,,,,,0.0840611457824707,0.014184713363647461,-0.20345354080200195,0.32358846068382263,-0.6020413041114807,-0.21608278155326843
1764809217.834089,0.1499164207011461,-0.010305120915174484,1.4227882388174533,-0.7323536276817322,0.31923118233680725,-0.017992854118347168,,,,,,
1764809217.842188,,,,,,,0.08876246213912964,0.010283172130584717,-0.19113695621490479,0.2812957465648651,-0.6655467748641968,-0.20667962729930878
1764809217.84414,0.2427010873824358,-0.005520224726200103,1.3294175889417528,-0.782850980758667,0.2665073573589325,-0.032712288200855255,,,,,,
1764809217.852218,,,,,,,0.08669114112854004,0.00512358546257019,-0.17235201597213745,0.2338419258594513,-0.7246425747871399,-0.1951068490743637
1764809217.854192,0.2862655038207769,0.0407908600717783,1.1756766415163873,-0.8244354724884033,0.2089838832616806,-0.044269341975450516,,,,,,
1764809217.862248,,,,,,,0.079018235206604,0.0044751763343811035,-0.1559889316558838,0.1796962320804596,-0.7872406840324402,-0.19501224160194397
1764809217.864244,0.3038964375793934,0.13973171129524706,1.0634744499206543,-0.8557001352310181,0.15802685916423798,-0.04934155195951462,,,,,,
1764809217.872279,,,,,,,0.07118338346481323,0.006202995777130127,-0.14944952726364136,0.11651885509490967,-0.8383496999740601,-0.1955193132162094
1764809217.874297,0.24574644642770288,0.19687632479667663,0.9984934437051415,-0.8888402581214905,0.10566724836826324,-0.06113802641630173,,,,,,
1764809217.882309,,,,,,,0.06652992963790894,0.007727593183517456,-0.14246642589569092,0.059274882078170776,-0.8906150460243225,-0.1998412162065506
1764809217.884349,0.137128250798583,0.13935761728584767,0.9020505467772483,-0.9224356412887573,0.05512256547808647,-0.07810599356889725,,,,,,
1764809217.892339,,,,,,,0.05910515785217285,0.007648199796676636,-0.12994259595870972,0.00707586295902729,-0.9358214139938354,-0.20288947224617004
1764809217.894401,0.06950725146830082,0.0370130950987339,0.8140703577682376,-0.963024914264679,0.020898817107081413,-0.09815400838851929,,,,,,
1764809217.902369,,,,,,,0.06039303541183472,0.003747999668121338,-0.10983645915985107,-0.05063377320766449,-0.9757757186889648,-0.2027551829814911
1764809217.904453,0.05154840092957019,-0.038109658163785934,0.6602580986723303,-1.0033469200134277,0.009681073017418385,-0.12596671283245087,,,,,,
1764809217.9124,,,,,,,0.06324845552444458,-0.0022898614406585693,-0.08727949857711792,-0.11785728484392166,-1.0333421230316162,-0.20426972210407257
1764809217.914506,0.04647299736142158,-0.023047698110342026,0.5064113527849317,-1.0286266803741455,0.018613049760460854,-0.1531413495540619,,,,,,
1764809217.92243,,,,,,,0.059489548206329346,-0.009064644575119019,-0.06359207630157471,-0.18650946021080017,-1.0845890045166016,-0.2084832489490509
1764809217.924558,0.113718733638525,0.04533376419842243,0.3367357541248202,-1.0428727865219116,0.035212814807891846,-0.17573010921478271,,,,,,
1764809217.93246,,,,,,,0.05403017997741699,-0.009964406490325928,-0.04970543086528778,-0.25583210587501526,-1.112199306488037,-0.2071889489889145
1764809217.93461,0.1964043233707547,0.15722995858490466,0.24690993724912402,-1.0545387268066406,0.03769221529364586,-0.19069308042526245,,,,,,
1764809217.94249,,,,,,,0.05064272880554199,-0.0054512619972229,-0.038973674178123474,-0.3148297071456909,-1.1377185583114624,-0.20192274451255798
1764809217.944662,0.2741355055660009,0.2438888358622789,0.18828677562773227,-1.0687817335128784,0.01215593796223402,-0.2025420367717743,,,,,,
1764809217.95252,,,,,,,0.04824727773666382,0.00590941309928894,-0.024927079677581787,-0.3779011070728302,-1.1609200239181519,-0.19692426919937134
1764809217.954714,0.3841553846865892,0.21379764898121356,0.11625848124921322,-1.0891879796981812,-0.035066697746515274,-0.21211743354797363,,,,,,
1764809217.962551,,,,,,,0.05206853151321411,0.009178012609481812,-0.010485783219337463,-0.4516509175300598,-1.1792556047439575,-0.20927181839942932
1764809217.964767,0.5054676421940326,0.19239537999033926,0.08122983796596527,-1.1115833520889282,-0.09554512798786163,-0.21861664950847626,,,,,,
1764809217.972581,,,,,,,0.0559694766998291,0.005034655332565308,0.006446585059165955,-0.5008925199508667,-1.1907488107681274,-0.2099439948797226
1764809217.974819,0.6165364458456635,0.19754910949170587,0.03571633328646421,-1.1299246549606323,-0.1728324592113495,-0.22325187921524048,,,,,,
1764809217.982611,,,,,,,0.05613601207733154,0.006192982196807861,0.024122819304466248,-0.5566767454147339,-1.2058379650115967,-0.21413613855838776
1764809217.984871,0.6664610449656844,0.23170973776876924,-0.035376726068556304,-1.1452810764312744,-0.2515909969806671,-0.22561319172382355,,,,,,
1764809217.992641,,,,,,,0.05201929807662964,0.005971312522888184,0.04744315147399902,-0.6199986934661865,-1.2285387516021729,-0.23004427552223206
1764809217.994923,0.6692375239416957,0.2808323728561401,-0.1775362490326166,-1.1505054235458374,-0.3187772333621979,-0.22167198359966278,,,,,,
1764809218.002671,,,,,,,0.03921693563461304,0.00481027364730835,0.0663391500711441,-0.6958042979240417,-1.2329885959625244,-0.25497937202453613
1764809218.004976,0.6930538683369756,0.3754980309784412,-0.27004823625236746,-1.140114188194275,-0.3715580999851227,-0.21120959520339966,,,,,,
1764809218.012702,,,,,,,0.026361703872680664,0.010989069938659668,0.07917554676532745,-0.7722897529602051,-1.2117244005203247,-0.28155240416526794
1764809218.015028,0.6680065208420157,0.401767029222846,-0.3374450714379549,-1.1257911920547485,-0.4280269742012024,-0.19343645870685577,,,,,,
1764809218.022732,,,,,,,0.021899104118347168,0.02169176936149597,0.08751074969768524,-0.8449292182922363,-1.1938776969909668,-0.31193047761917114
1764809218.02508,0.5749205331265926,0.39562721129357814,-0.37099282851368187,-1.1151670217514038,-0.4843692183494568,-0.17712245881557465,,,,,,
1764809218.032762,,,,,,,0.02506089210510254,0.026254773139953613,0.09930554032325745,-0.8736900091171265,-1.1761513948440552,-0.3322538435459137
1764809218.035132,0.4375967597559094,0.35804303830862044,-0.41120822678506375,-1.1204603910446167,-0.5218316316604614,-0.15631037950515747,,,,,,
1764809218.042792,,,,,,,0.029826879501342773,0.0345190167427063,0.10492940247058868,-0.9024450778961182,-1.159544825553894,-0.3610219359397888
1764809218.045185,0.3774459501758218,0.3649152621656656,-0.4557102163344621,-1.121641993522644,-0.5373558402061462,-0.13246631622314453,,,,,,
1764809218.052822,,,,,,,0.03408777713775635,0.04374188184738159,0.11127717792987823,-0.9456300735473633,-1.1490689516067505,-0.40695667266845703
1764809218.055237,0.3424973863914609,0.4045329868048429,-0.5525356828391552,-1.112902283668518,-0.5356341004371643,-0.10295770317316055,,,,,,
1764809218.062853,,,,,,,0.03567922115325928,0.04586753249168396,0.12731905281543732,-0.9615235924720764,-1.1235792636871338,-0.44515058398246765
1764809218.065289,0.32893735533356666,0.5431564445972442,-0.6507353603065014,-1.090416431427002,-0.5234605073928833,-0.06404170393943787,,,,,,
1764809218.072883,,,,,,,0.033351242542266846,0.05494460463523865,0.13989540934562683,-0.9751057028770447,-1.096733808517456,-0.4811149835586548
1764809218.075341,0.3105620329484343,0.6874538563728332,-0.6559726764380931,-1.053671956062317,-0.5113468170166016,-0.022824225947260857,,,,,,
1764809218.082913,,,,,,,0.021136879920959473,0.06495285034179688,0.14620134234428406,-1.003265619277954,-1.0724687576293945,-0.5289726257324219
1764809218.085394,0.24097937815636394,0.7298790396481752,-0.6738894414007663,-1.018937349319458,-0.5009072422981262,0.024263598024845123,,,,,,
1764809218.092943,,,,,,,0.009426295757293701,0.06793907284736633,0.1651657223701477,-1.018129825592041,-1.0185106992721558,-0.5791822671890259
1764809218.095446,0.15483049622774123,0.6741086371093988,-0.7138157935976982,-0.988315761089325,-0.4918450117111206,0.07680909335613251,,,,,,
1764809218.102973,,,,,,,0.0033298730850219727,0.07258069515228271,0.1785781979560852,-1.039479374885559,-0.9614383578300476,-0.6275354027748108
1764809218.105498,0.13878770844340324,0.6419885747492313,-0.6587099924474954,-0.9514010548591614,-0.4824405312538147,0.1372532844543457,,,,,,
1764809218.113004,,,,,,,-0.00044399499893188477,0.08160853385925293,0.16994434595108032,-1.0680079460144043,-0.9039228558540344,-0.6903452277183533
1764809218.11555,0.12760375886708497,0.61787646227777,-0.6803291190594435,-0.9205285906791687,-0.47808918356895447,0.1987728327512741,,,,,,
1764809218.123034,,,,,,,0.001098334789276123,0.08339965343475342,0.1672324687242508,-1.0763905048370361,-0.8444414138793945,-0.754012942314148
1764809218.125603,0.111786596532166,0.5770791724652051,-0.7475543970704078,-0.894985556602478,-0.4682880938053131,0.2642250657081604,,,,,,
1764809218.133064,,,,,,,0.0035831332206726074,0.08184903860092163,0.16875536739826202,-1.070358157157898,-0.7867158055305481,-0.8106719851493835
1764809218.135655,0.15160013600438832,0.59232584143579,-0.7816086423635482,-0.8696378469467163,-0.4412287771701813,0.32600319385528564,,,,,,
1764809218.143094,,,,,,,0.005036711692810059,0.08306246995925903,0.17135143280029297,-1.0653862953186035,-0.724478542804718,-0.875857412815094
1764809218.145707,0.19113164366483687,0.6034685822188854,-0.8304980532169342,-0.8525199890136719,-0.41207757592201233,0.3899572789669037,,,,,,
1764809218.153124,,,,,,,0.00818854570388794,0.09759056568145752,0.18365199863910675,-1.0881073474884033,-0.6633965373039246,-0.9599882960319519
1764809218.155759,0.20890140137225388,0.6991261739879846,-0.8398246844887733,-0.8231000304222107,-0.4051256775856018,0.45913583040237427,,,,,,
1764809218.163155,,,,,,,0.00992351770401001,0.1130979061126709,0.19211401045322418,-1.0988420248031616,-0.5973740816116333,-1.027589201927185
1764809218.165812,0.2528524790406227,0.7757213378906249,-0.785113435614109,-0.7775108814239502,-0.4198664426803589,0.5345349907875061,,,,,,
1764809218.173185,,,,,,,0.009182870388031006,0.11432379484176636,0.1935233622789383,-1.1022464036941528,-0.5329000353813171,-1.077860713005066
1764809218.175864,0.2945034630730748,0.7345949622541665,-0.7444260359168052,-0.7342203855514526,-0.42757922410964966,0.6010341048240662,,,,,,
1764809218.183215,,,,,,,0.0041075944900512695,0.10022926330566406,0.19379669427871704,-1.1024096012115479,-0.4634099006652832,-1.1342856884002686
1764809218.185916,0.3005982728168368,0.7025660853087902,-0.7340232998460531,-0.7006666660308838,-0.41290998458862305,0.6632698178291321,,,,,,
1764809218.193245,,,,,,,0.0008633136749267578,0.08661878108978271,0.18686020374298096,-1.1262298822402954,-0.39126914739608765,-1.2054578065872192
1764809218.195969,0.32246319088339803,0.6563479394912719,-0.7072171259850263,-0.676510214805603,-0.39612647891044617,0.7233350276947021,,,,,,
1764809218.203275,,,,,,,0.002012908458709717,0.09346461296081543,0.1785099059343338,-1.163336157798767,-0.32031959295272827,-1.2850680351257324
1764809218.20602,0.35416210522204633,0.6355892291009426,-0.7458949394255876,-0.6531968712806702,-0.39421528577804565,0.7867366075515747,,,,,,
1764809218.213306,,,,,,,0.004006505012512207,0.10433602333068848,0.16715684533119202,-1.1680907011032104,-0.24951280653476715,-1.34152352809906
1764809218.216073,0.42396483250558376,0.5842097549974918,-0.7491226693004369,-0.6309211254119873,-0.4039054811000824,0.8543936610221863,,,,,,
1764809218.223336,,,,,,,0.0049784183502197266,0.11559045314788818,0.15639308094978333,-1.1440237760543823,-0.19196189939975739,-1.3907034397125244
1764809218.226125,0.4955386611148715,0.5399246230691671,-0.6973673476219177,-0.6174735426902771,-0.41083136200904846,0.9171135425567627,,,,,,
1764809218.233366,,,,,,,0.008179068565368652,0.11986583471298218,0.15122056007385254,-1.1492440700531006,-0.13519662618637085,-1.4517194032669067
1764809218.236177,0.48684068313539025,0.5037047241747379,-0.6593412760883569,-0.6056346893310547,-0.41482505202293396,0.9711877107620239,,,,,,
1764809218.243396,,,,,,,0.014117836952209473,0.10629993677139282,0.15036079287528992,-1.1251367330551147,-0.07433514297008514,-1.4956223964691162
1764809218.246229,0.47289808250069615,0.4613970297992229,-0.6379530356228351,-0.596075177192688,-0.4052327275276184,1.0248017311096191,,,,,,
1764809218.253426,,,,,,,0.018697679042816162,0.10154163837432861,0.1467226892709732,-1.1309089660644531,-0.024153463542461395,-1.5421923398971558
1764809218.256282,0.5188730672121048,0.4670061018526554,-0.6376712960720062,-0.5863655805587769,-0.40425267815589905,1.0802983045578003,,,,,,
1764809218.263457,,,,,,,0.02190864086151123,0.10935765504837036,0.1393815279006958,-1.1818392276763916,0.018451789394021034,-1.6203513145446777
1764809218.266334,0.5264312275066971,0.49573009203374385,-0.6721013889402151,-0.5889527797698975,-0.42770662903785706,1.1283620595932007,,,,,,
1764809218.273487,,,,,,,0.029782354831695557,0.10254645347595215,0.13385552167892456,-1.1925781965255737,0.06876395642757416,-1.6675180196762085
1764809218.276386,0.536825195749104,0.4495949483245611,-0.6773200003713369,-0.5944881439208984,-0.4700509011745453,1.1759700775146484,,,,,,
1764809218.283517,,,,,,,0.036229074001312256,0.09188437461853027,0.1392470747232437,-1.2209125757217407,0.10520905256271362,-1.7168318033218384
1764809218.286438,0.5924570666000246,0.43386838688254353,-0.6655038903713226,-0.5961981415748596,-0.5134555101394653,1.228569507598877,,,,,,
1764809218.293547,,,,,,,0.043044984340667725,0.08197057247161865,0.1474306583404541,-1.2611737251281738,0.1440770924091339,-1.7869675159454346
1764809218.296491,0.6371162925377488,0.48193479091525077,-0.6256903508991003,-0.5920169949531555,-0.5503666400909424,1.2850966453552246,,,,,,
1764809218.303577,,,,,,,0.044470906257629395,0.0779489278793335,0.15686792135238647,-1.2734383344650269,0.20593273639678955,-1.8442484140396118
1764809218.306543,0.6234411106675863,0.6110697048723698,-0.6207260064899921,-0.5805277228355408,-0.586054265499115,1.3537737131118774,,,,,,
1764809218.313608,,,,,,,0.048545002937316895,0.09877121448516846,0.16751515865325928,-1.2694412469863892,0.2745855748653412,-1.9055354595184326
1764809218.316595,0.554609858764708,0.7686638205945492,-0.6001520050168037,-0.5506619811058044,-0.6192728877067566,1.4258016347885132,,,,,,
1764809218.323638,,,,,,,0.0544392466545105,0.11307352781295776,0.15608417987823486,-1.2190264463424683,0.32889994978904724,-1.9535040855407715
1764809218.326647,0.41095863593816756,0.8808902698487043,-0.5259568879932165,-0.5153926610946655,-0.6323292851448059,1.4997332096099854,,,,,,
1764809218.333668,,,,,,,0.05230247974395752,0.11477434635162354,0.14020605385303497,-1.2074201107025146,0.37270334362983704,-2.0168375968933105
1764809218.3367,0.2164876187175512,0.860269506624341,-0.585136222192645,-0.4866701364517212,-0.6056289672851562,1.564210295677185,,,,,,
1764809218.343698,,,,,,,0.05110442638397217,0.1094009280204773,0.14143677055835724,-1.23030686378479,0.4406462013721466,-2.088430643081665
1764809218.346752,0.00820259567797184,0.7184118892163038,-0.661347939735651,-0.46185141801834106,-0.5457402467727661,1.6112511157989502,,,,,,
1764809218.353729,,,,,,,0.05471736192703247,0.09473651647567749,0.13532990217208862,-1.2313988208770752,0.5231402516365051,-2.124814033508301
1764809218.356804,-0.15320201824307442,0.5383300473541021,-0.6089093119680881,-0.44215521216392517,-0.4654954671859741,1.650245189666748,,,,,,
1764809218.363759,,,,,,,0.06118571758270264,0.09094935655593872,0.12132078409194946,-1.1991848945617676,0.5983015894889832,-2.1535604000091553
1764809218.366856,-0.2456149290025234,0.4222808249413967,-0.5117746333837508,-0.431278795003891,-0.3817928731441498,1.685698390007019,,,,,,
1764809218.373789,,,,,,,0.06540900468826294,0.09214913845062256,0.12417948246002197,-1.1633174419403076,0.6604296565055847,-2.1904375553131104
1764809218.376908,-0.2672726340591907,0.42341947358250615,-0.4071481377393007,-0.41587480902671814,-0.3007132112979889,1.732259750366211,,,,,,
1764809218.383819,,,,,,,0.07297724485397339,0.09275054931640625,0.12638235092163086,-1.1366592645645142,0.7334407567977905,-2.224536657333374
1764809218.386961,-0.22746026363074778,0.510437247300148,-0.33302491690814495,-0.3925940990447998,-0.2167837768793106,1.7871754169464111,,,,,,
1764809218.393849,,,,,,,0.07747262716293335,0.08372503519058228,0.11587274074554443,-1.0503342151641846,0.817452073097229,-2.211416006088257
1764809218.397013,-0.15848551160395144,0.5906447564810514,-0.33977205308079717,-0.36369267106056213,-0.13080281019210815,1.8406404256820679,,,,,,
1764809218.40388,,,,,,,0.07650348544120789,0.089863121509552,0.10585862398147583,-0.9586777687072754,0.8900636434555054,-2.2095255851745605
1764809218.407065,-0.09069032475054263,0.5990875906556844,-0.32987668201029297,-0.3404482305049896,-0.0380721390247345,1.8828974962234497,,,,,,
1764809218.41391,,,,,,,0.08059960603713989,0.09501445293426514,0.10561275482177734,-0.8352607488632202,0.9648755788803101,-2.2073073387145996
1764809218.417117,-0.03636486032307148,0.5869961708456277,-0.273413621032238,-0.3207959532737732,0.046604931354522705,1.9118399620056152,,,,,,
1764809218.423939,,,,,,,0.08444061875343323,0.09163033962249756,0.11200177669525146,-0.6934723258018494,1.0448691844940186,-2.193131685256958
1764809218.42717,-0.015423779103159903,0.5435965895801782,-0.20743103655874728,-0.30168676376342773,0.11541105061769485,1.9377480745315552,,,,,,
1764809218.43397,,,,,,,0.09018155932426453,0.0925949215888977,0.11325645446777344,-0.5967801809310913,1.1111470460891724,-2.1952924728393555
1764809218.437222,-0.027423428976535796,0.5138508551359177,-0.16466332345604895,-0.2745334506034851,0.15784266591072083,1.9666939973831177,,,,,,
1764809218.444,,,,,,,0.09882083535194397,0.0797661542892456,0.11278843879699707,-0.5239335298538208,1.1811426877975464,-2.1933255195617676
1764809218.447274,-0.005984335106611251,0.5457748104020953,-0.13668342964053154,-0.24153661727905273,0.19711770117282867,1.9966483116149902,,,,,,
1764809218.454031,,,,,,,0.10929158329963684,0.053295791149139404,0.11802268028259277,-0.483038067817688,1.242026448249817,-2.1910924911499023
1764809218.457326,-0.01498480316400528,0.5955126547783612,-0.10425824685394763,-0.21066871285438538,0.24979183077812195,2.0280535221099854,,,,,,
1764809218.464061,,,,,,,0.11384469270706177,0.04811352491378784,0.12513840198516846,-0.4661983549594879,1.3259259462356567,-2.1820924282073975
1764809218.46738,0.0016214637219905852,0.6686036099523306,-0.06080021339952946,-0.19322697818279266,0.30322888493537903,2.0501153469085693,,,,,,
1764809218.474091,,,,,,,0.11627647280693054,0.04944336414337158,0.1140512228012085,-0.42605146765708923,1.3967084884643555,-2.1710171699523926
1764809218.477431,-0.02442600072622299,0.6442486286357045,-0.016785130584239957,-0.18060438334941864,0.33836477994918823,2.0617706775665283,,,,,,
1764809218.484121,,,,,,,0.11955061554908752,0.05720221996307373,0.10056817531585693,-0.3942674696445465,1.4523038864135742,-2.170170307159424
1764809218.487483,-0.039921091499924656,0.5676148862883448,-0.0608592501103878,-0.16953203082084656,0.36080414056777954,2.0779666900634766,,,,,,
1764809218.494151,,,,,,,0.12523388862609863,0.06447207927703857,0.09272170811891556,-0.3800871968269348,1.5122298002243042,-2.1709182262420654
1764809218.497535,0.0031570027261972424,0.5011223064661026,-0.08891513177156447,-0.1677815467119217,0.3790225386619568,2.0966506004333496,,,,,,
1764809218.504182,,,,,,,0.1310320794582367,0.05581367015838623,0.09392059594392776,-0.365085244178772,1.5534776449203491,-2.1693384647369385
1764809218.507588,0.08305237721800804,0.48054362881779666,-0.10340075324177742,-0.17414799332618713,0.4000473618507385,2.1207501888275146,,,,,,
1764809218.514212,,,,,,,0.1344917118549347,0.04562485218048096,0.09012198448181152,-0.34678080677986145,1.5982290506362915,-2.148937225341797
1764809218.51764,0.20671149011254308,0.4717527118578553,-0.1173521217048168,-0.17170879244804382,0.42128902673721313,2.1465704441070557,,,,,,
1764809218.524242,,,,,,,0.13129112124443054,0.032656848430633545,0.08844733238220215,-0.30911022424697876,1.6317113637924194,-2.1338977813720703
1764809218.527692,0.31713644290268417,0.4376040662795305,-0.12047580668330192,-0.16649620234966278,0.43491581082344055,2.1617844104766846,,,,,,
1764809218.534272,,,,,,,0.12248268723487854,0.04399824142456055,0.11857177317142487,-0.3255336880683899,1.684336543083191,-2.154999256134033
1764809218.537744,0.42597324971854683,0.4123606116905808,-0.12367957116067409,-0.1653158813714981,0.4235782027244568,2.180609941482544,,,,,,
1764809218.544302,,,,,,,0.12715943157672882,0.052673161029815674,0.13947689533233643,-0.337815523147583,1.7550698518753052,-2.154503107070923
1764809218.547797,0.49915714387297627,0.44829146451056,-0.048996962881088256,-0.1559670865535736,0.38486018776893616,2.2075629234313965,,,,,,
1764809218.554333,,,,,,,0.14144861698150635,0.041166722774505615,0.13586248457431793,-0.33758702874183655,1.794146180152893,-2.1362826824188232
1764809218.557849,0.5525538030177355,0.5472445906937122,-0.057138183760643,-0.14949506521224976,0.34711122512817383,2.247365713119507,,,,,,
1764809218.564363,,,,,,,0.14800162613391876,0.024262309074401855,0.10961247980594635,-0.332970529794693,1.8257287740707397,-2.110255479812622
1764809218.567901,0.5416197365492582,0.6316992359250784,-0.08350655072629451,-0.14467276632785797,0.3303695321083069,2.2914817333221436,,,,,,
1764809218.574393,,,,,,,0.13944609463214874,0.0032582879066467285,0.07856108248233795,-0.3327156603336334,1.848770260810852,-2.0965702533721924
1764809218.577953,0.4854319853812456,0.6102008130833506,-0.18594634998142717,-0.13454662263393402,0.3433697521686554,2.326751470565796,,,,,,
1764809218.584423,,,,,,,0.12195995450019836,0.0007813572883605957,0.07848264276981354,-0.3886149525642395,1.871287226676941,-2.1368374824523926
1764809218.588006,0.37336452608108517,0.48409489155858754,-0.25321196000277996,-0.13321010768413544,0.34564846754074097,2.3490376472473145,,,,,,
1764809218.594453,,,,,,,0.11568606644868851,0.019999921321868896,0.082815021276474,-0.44265180826187134,1.9350595474243164,-2.1477229595184326
1764809218.598058,0.2503454646557569,0.3836665782563388,-0.23350538901388643,-0.13851432502269745,0.33513349294662476,2.352576971054077,,,,,,
1764809218.604484,,,,,,,0.12937197089195251,0.017522692680358887,0.06838357448577881,-0.43575578927993774,1.9634987115859985,-2.113168239593506
1764809218.60811,0.17942016308307646,0.23268457415029406,-0.20381927580237388,-0.14110678434371948,0.33572036027908325,2.351871967315674,,,,,,
1764809218.614514,,,,,,,0.13928847014904022,0.012939512729644775,0.07019412517547607,-0.4311666488647461,1.9701606035232544,-2.095041036605835
1764809218.618162,0.1318611240506172,0.16973580441474914,-0.21972879259586334,-0.14696094393730164,0.35909971594810486,2.3569536209106445,,,,,,
1764809218.624544,,,,,,,0.13800083100795746,0.010518491268157959,0.07897256314754486,-0.38580524921417236,2.0045714378356934,-2.0669028759002686
1764809218.628214,0.154334821665287,0.1701832559213042,-0.15838848097026348,-0.1664658933877945,0.37706953287124634,2.3716793060302734,,,,,,
1764809218.634574,,,,,,,0.13835300505161285,0.005146682262420654,0.04676906764507294,-0.2892930805683136,2.0121750831604004,-2.039034128189087
1764809218.638267,0.16027356406450272,0.17509134009853006,-0.14938918195664883,-0.1741051822900772,0.39547064900398254,2.381255626678467,,,,,,
1764809218.644604,,,,,,,0.13360977172851562,0.01819401979446411,0.028915271162986755,-0.24268923699855804,2.0014545917510986,-2.064265489578247
1764809218.648319,0.12592355069518088,0.19398016496375203,-0.2429308044850826,-0.1820407509803772,0.4087548851966858,2.388864755630493,,,,,,
1764809218.654635,,,,,,,0.13031668961048126,0.021808922290802002,0.031078577041625977,-0.2599787414073944,2.024387836456299,-2.0655016899108887
1764809218.658371,0.12412673040628433,0.2567418876945972,-0.25258476801514623,-0.1930483877658844,0.4085002839565277,2.3849921226501465,,,,,,
1764809218.664665,,,,,,,0.14673537015914917,-0.010195553302764893,0.013826727867126465,-0.24536660313606262,2.028555393218994,-2.009753465652466
1764809218.668423,0.10199264000952243,0.23952859482616184,-0.2225701535016298,-0.20305021107196808,0.3947170078754425,2.3688735961914062,,,,,,
1764809218.674695,,,,,,,0.15537667274475098,-0.02312648296356201,0.016779229044914246,-0.30705952644348145,2.0033130645751953,-2.0084829330444336
1764809218.678476,0.08499941963255404,0.22148009324260054,-0.1995657100111246,-0.21838948130607605,0.3593164086341858,2.351421594619751,,,,,,
1764809218.684725,,,,,,,0.15583105385303497,-0.028277933597564697,0.012358084321022034,-0.3856005370616913,2.0032846927642822,-2.0038397312164307
1764809218.688528,0.12503975359797476,0.18794322288706897,-0.10093991608619689,-0.23646995425224304,0.3163217306137085,2.340894937515259,,,,,,
1764809218.694755,,,,,,,0.15683268010616302,-0.031090199947357178,0.021427392959594727,-0.436171293258667,1.9881728887557983,-1.9914470911026
1764809218.69858,0.2366390108644962,0.23536921012438833,-0.06836158856451512,-0.24737560749053955,0.29588383436203003,2.337153434753418,,,,,,
1764809218.704786,,,,,,,0.15209105610847473,-0.015589237213134766,0.028931617736816406,-0.46001192927360535,1.9847533702850342,-1.9753015041351318
1764809218.708632,0.352678296405077,0.34644374939706174,-0.10644728133082389,-0.2590917944908142,0.27434730529785156,2.3390629291534424,,,,,,
1764809218.714816,,,,,,,0.14966030418872833,-0.010102331638336182,0.008147001266479492,-0.4637320935726166,1.9750319719314575,-1.958158254623413
1764809218.718685,0.36682197256982324,0.4260787559196353,-0.13271861766278742,-0.26445433497428894,0.24148708581924438,2.3474247455596924,,,,,,
1764809218.724846,,,,,,,0.1473279446363449,-0.0038657784461975098,0.011772990226745605,-0.47526809573173523,1.9588624238967896,-1.9433952569961548
1764809218.728737,0.32838673571348187,0.49165327104888856,-0.1869604954600334,-0.2709270715713501,0.20532774925231934,2.342682361602783,,,,,,
1764809218.734876,,,,,,,0.1467694193124771,-0.009478330612182617,0.0067572444677352905,-0.43729010224342346,1.9528223276138306,-1.9113967418670654
1764809218.738789,0.250492764171958,0.41761429443508385,-0.13028233042657375,-0.27281710505485535,0.16375474631786346,2.313958168029785,,,,,,
1764809218.744906,,,,,,,0.14314886927604675,0.001510024070739746,0.0235050767660141,-0.4042205512523651,1.9258543252944946,-1.93565833568573
1764809218.748841,0.14209493329524994,0.3044339785221964,-0.16607845095098017,-0.27220839262008667,0.1311691552400589,2.2691965103149414,,,,,,
1764809218.754937,,,,,,,0.1444418728351593,0.019758641719818115,0.03574979305267334,-0.34396252036094666,1.927315592765808,-1.9313911199569702
1764809218.758894,0.08369710486233234,0.2464331500502303,-0.1544651700466871,-0.2798745632171631,0.11777186393737793,2.2303545475006104,,,,,,
1764809218.764967,,,,,,,0.15513277053833008,0.018829345703125,0.024464592337608337,-0.2783040404319763,1.904685378074646,-1.9157066345214844
1764809218.768946,0.11005962660908698,0.34981918064691125,-0.21585107437968254,-0.27737677097320557,0.11982826143503189,2.2142317295074463,,,,,,
1764809218.774997,,,,,,,0.1596059501171112,0.019214868545532227,0.04744885861873627,-0.29384198784828186,1.8643255233764648,-1.9582929611206055
1764809218.778998,0.17190847227871417,0.5280304793968796,-0.3009977935284376,-0.2842506468296051,0.09247306734323502,2.1885313987731934,,,,,,
1764809218.785027,,,,,,,0.16316843032836914,0.028876304626464844,0.041192635893821716,-0.3384361267089844,1.8816152811050415,-1.947799801826477
1764809218.78905,0.2538987732231617,0.4658628501016646,-0.2242395480185747,-0.2883186638355255,0.07023603469133377,2.1605567932128906,,,,,,
1764809218.795057,,,,,,,0.1762228012084961,0.005113959312438965,-0.005629435181617737,-0.3346344828605652,1.8417075872421265,-1.9259523153305054
1764809218.799103,0.22685294538736342,0.30968451946154235,-0.24288112012445925,-0.3033878803253174,0.027712810784578323,2.12880539894104,,,,,,
1764809218.805088,,,,,,,0.17777186632156372,-0.0008426904678344727,-0.010890483856201172,-0.40310612320899963,1.8081448078155518,-1.9533156156539917
1764809218.809156,0.13019172953367233,0.29862916470095513,-0.12488719338476657,-0.3341473639011383,-0.012646962888538837,2.0846190452575684,,,,,,
1764809218.815118,,,,,,,0.17757704854011536,0.0022286176681518555,-0.03354310989379883,-0.42934650182724,1.8058134317398071,-1.9551963806152344
1764809218.819207,0.07077800205647945,0.2886800176165998,-0.007176175239682197,-0.3602423369884491,-0.03172957897186279,2.0311551094055176,,,,,,
1764809218.825148,,,,,,,0.17853057384490967,0.01901477575302124,-0.040343403816223145,-0.4489724040031433,1.7748206853866577,-1.9510626792907715
1764809218.82926,0.027760698106884956,0.3491401854068041,-0.07484335179924964,-0.37965741753578186,-0.029651902616024017,1.9827085733413696,,,,,,
1764809218.835178,,,,,,,0.17958542704582214,0.02422177791595459,-0.05137133598327637,-0.4284610152244568,1.759353756904602,-1.9299712181091309
1764809218.839311,0.032574235868453975,0.4427279851645231,-0.08389525778293609,-0.3934746980667114,-0.06065216287970543,1.9368172883987427,,,,,,
1764809218.845209,,,,,,,0.1722210943698883,0.02258986234664917,-0.010253295302391052,-0.4366667568683624,1.7242450714111328,-1.9435193538665771
1764809218.849364,0.07994096719920635,0.48956572418510913,0.04579845910072326,-0.39477065205574036,-0.09888846427202225,1.9066505432128906,,,,,,
1764809218.855239,,,,,,,0.15623199939727783,0.02793586254119873,0.03178800642490387,-0.42972174286842346,1.7405418157577515,-1.9373128414154053
1764809218.859416,0.19799042351841925,0.4775713350087404,0.07405074011683464,-0.40305545926094055,-0.08544162660837173,1.9238362312316895,,,,,,
1764809218.865269,,,,,,,0.14763599634170532,0.02381080389022827,0.015280261635780334,-0.36240917444229126,1.7617347240447998,-1.9021902084350586
1764809218.869468,0.2492231826275587,0.6218706464804709,0.004558686217665672,-0.4034048914909363,-0.07546032965183258,1.9154298305511475,,,,,,
1764809218.875299,,,,,,,0.14696484804153442,0.04380077123641968,0.03377629816532135,-0.3610251247882843,1.7521438598632812,-1.9280474185943604
1764809218.87952,-0.005920622220635414,0.5956275133296847,-0.08459376144111155,-0.4263077974319458,-0.061830535531044006,1.9075047969818115,,,,,,
1764809218.885329,,,,,,,0.15325534343719482,0.03968018293380737,-0.01176251471042633,-0.26873281598091125,1.7832434177398682,-1.8688334226608276
1764809218.889573,-0.03861000890135765,0.5671209652915596,-0.0502455016374588,-0.4437372386455536,-0.038309358060359955,1.9053696393966675,,,,,,
1764809218.89536,,,,,,,0.16259443759918213,0.0008577108383178711,-0.08110189437866211,-0.1544794887304306,1.7368743419647217,-1.8458147048950195
1764809218.899625,-0.05332651651799678,0.5398956892356276,-0.12054711835384369,-0.45859822630882263,-0.07765357196331024,1.8519569635391235,,,,,,
1764809218.90539,,,,,,,0.1592491865158081,-0.0338556170463562,-0.11635470390319824,-0.08984030783176422,1.7126710414886475,-1.8439536094665527
1764809218.909677,-0.23165303914546964,0.32476591486781836,-0.00646364305615425,-0.4666595458984375,-0.09265267848968506,1.795723557472229,,,,,,
1764809218.91542,,,,,,,0.16042780876159668,-0.09427845478057861,-0.15928661823272705,0.0020874827168881893,1.671539306640625,-1.7872512340545654
1764809218.919729,-0.267300106588006,0.27668080613464113,-0.07277005265653133,-0.45372724533081055,-0.09754517674446106,1.7134031057357788,,,,,,
1764809218.92545,,,,,,,0.15868628025054932,-0.10438543558120728,-0.11843442171812057,0.011956222355365753,1.605202317237854,-1.7961070537567139
1764809218.929782,-0.49926294233500956,0.24133184485584497,-0.2565776370435953,-0.44293150305747986,-0.13904380798339844,1.6075197458267212,,,,,,
1764809218.93548,,,,,,,0.15048807859420776,-0.05315124988555908,-0.05234681814908981,0.01265796460211277,1.5975502729415894,-1.7582776546478271
1764809218.939834,-0.5873492220669985,0.3385807974696159,-0.20489771868884563,-0.457112580537796,-0.1282268464565277,1.569900631904602,,,,,,
1764809218.94551,,,,,,,0.15523594617843628,-0.039908528327941895,-0.05508184805512428,0.08520367741584778,1.5195015668869019,-1.6916866302490234
1764809218.949886,-0.27888766852915287,0.647187020175159,-0.29715280853807924,-0.448927104473114,-0.14787262678146362,1.5283836126327515,,,,,,
1764809218.955541,,,,,,,0.14732462167739868,-0.027012288570404053,-0.009293802082538605,0.03653360530734062,1.457198977470398,-1.7052819728851318
1764809218.959938,0.003922726401686668,0.6172074769750238,-0.35493981159627436,-0.4597877264022827,-0.19469712674617767,1.519270658493042,,,,,,
1764809218.965571,,,,,,,0.14645129442214966,-0.039025187492370605,-0.0037121735513210297,0.015356315299868584,1.4370516538619995,-1.6270699501037598
1764809218.969991,0.49772857237458223,0.6961304993033409,-0.19917875652015207,-0.4865136742591858,-0.1849525272846222,1.5394089221954346,,,,,,
1764809218.975601,,,,,,,0.15966439247131348,-0.0835500955581665,-0.06412553787231445,0.11307169497013092,1.3523876667022705,-1.532165765762329
1764809218.980043,0.5526099171191453,0.7508017084285616,-0.26164544182717797,-0.49202829599380493,-0.18120838701725006,1.4941335916519165,,,,,,
1764809218.985631,,,,,,,0.1575472354888916,-0.09792983531951904,-0.09939181804656982,0.21491476893424988,1.2995936870574951,-1.4788459539413452
1764809218.990095,-0.10877893914878367,0.6657111033812165,-0.28923955119550226,-0.4724637269973755,-0.1935262680053711,1.4047064781188965,,,,,,
1764809218.995662,,,,,,,0.16214358806610107,-0.11266493797302246,-0.11070168018341064,0.32968369126319885,1.2456649541854858,-1.4236730337142944
1764809219.000147,-0.7016168217599391,0.6526584373235702,-0.3432429440617561,-0.4390200078487396,-0.1797121912240982,1.3028888702392578,,,,,,
1764809219.005692,,,,,,,0.16577982902526855,-0.13527560234069824,-0.11018353700637817,0.44875583052635193,1.190388560295105,-1.3547805547714233
1764809219.0102,-0.9727589907288551,0.8185992333695292,-0.42152737622559067,-0.4032253324985504,-0.14225105941295624,1.2239969968795776,,,,,,
1764809219.015722,,,,,,,0.16354137659072876,-0.16179972887039185,-0.11589759588241577,0.5364124774932861,1.1445449590682983,-1.2591667175292969
1764809219.020252,-0.9232996710330247,0.9458467261448502,-0.3733855688691139,-0.3794105350971222,-0.12651151418685913,1.164135456085205,,,,,,
1764809219.025752,,,,,,,0.17104560136795044,-0.19999825954437256,-0.141038715839386,0.5490292906761169,1.08822500705719,-1.16183340549469
1764809219.030304,-0.7740817539900541,1.0174512421533464,-0.2474532503455877,-0.34776225686073303,-0.125448077917099,1.0901085138320923,,,,,,
1764809219.035782,,,,,,,0.19126605987548828,-0.2445937991142273,-0.17841041088104248,0.45770180225372314,0.9975288510322571,-1.0749796628952026
1764809219.040356,-0.778227767753601,1.09683808260113,-0.24477906270027158,-0.3032400608062744,-0.1444161832332611,0.9883145093917847,,,,,,
1764809219.045813,,,,,,,0.21362149715423584,-0.27676522731781006,-0.1953628659248352,0.28495824337005615,0.9081020355224609,-0.969807505607605
1764809219.050408,-0.8749801690220832,1.183745381681621,-0.28640637359619137,-0.26509296894073486,-0.13867007195949554,0.8870241045951843,,,,,,
1764809219.055843,,,,,,,0.22714602947235107,-0.29743093252182007,-0.20377683639526367,0.15746182203292847,0.7970572710037231,-0.8272923827171326
1764809219.060461,-1.0115800120323897,1.3032257475867868,-0.319594941970706,-0.22067198157310486,-0.11187627166509628,0.7741340398788452,,,,,,
1764809219.065873,,,,,,,0.22706907987594604,-0.28110694885253906,-0.18764400482177734,0.08669908344745636,0.6862138509750366,-0.6956586241722107
1764809219.070513,-1.2270406257897615,1.3928046039640902,-0.3444552424609661,-0.18099284172058105,-0.08028414845466614,0.6542919278144836,,,,,,
1764809219.075903,,,,,,,0.2253780961036682,-0.24980580806732178,-0.18808043003082275,0.119843989610672,0.5816336870193481,-0.5492920875549316
1764809219.080565,-1.3318933314055204,1.5102324212536216,-0.3132411890298128,-0.13465677201747894,-0.05412684381008148,0.5368270874023438,,,,,,
1764809219.085933,,,,,,,0.23007351160049438,-0.24169421195983887,-0.21045434474945068,0.20919398963451385,0.4518338739871979,-0.39154356718063354
1764809219.090617,-1.347711078262329,1.5979747098535297,-0.3338713046044111,-0.08283422887325287,-0.03981849551200867,0.4053143262863159,,,,,,
1764809219.095964,,,,,,,0.23243099451065063,-0.26481664180755615,-0.24269485473632812,0.27625080943107605,0.3089800477027893,-0.2382839471101761
1764809219.100671,-1.4060744199037551,1.5361732104569672,-0.28711715221405026,-0.03590986132621765,-0.026148756965994835,0.26001331210136414,,,,,,
1764809219.105994,,,,,,,0.2367752194404602,-0.30880630016326904,-0.2762090563774109,0.3375276029109955,0.18065907061100006,-0.04908493533730507
1764809219.110722,-1.5362532899558543,1.5110247406750916,-0.178203188508749,0.012734752148389816,-0.011816156096756458,0.1002611368894577,,,,,,
1764809219.116024,,,,,,,0.24792730808258057,-0.3422234058380127,-0.31016284227371216,0.37762150168418884,0.030239205807447433,0.13979551196098328
1764809219.120774,-1.8020903382539748,1.4058920490741729,-0.1782820989638567,0.07336987555027008,-0.004611773416399956,-0.07442332059144974,,,,,,
1764809219.126054,,,,,,,0.25263649225234985,-0.348613440990448,-0.32300370931625366,0.3809015154838562,-0.1184336245059967,0.31475844979286194
1764809219.130826,-1.8759692289352417,1.3756371960639953,-0.19809037676155566,0.13577869534492493,0.02022145502269268,-0.2432703673839569,,,,,,
1764809219.136084,,,,,,,0.2566224932670593,-0.3621993660926819,-0.3189765214920044,0.3721413016319275,-0.26459988951683044,0.5061694383621216
1764809219.140879,-1.8476777849525212,1.4527198512226343,-0.17745441596806047,0.20671705901622772,0.05518050119280815,-0.40452876687049866,,,,,,
1764809219.146115,,,,,,,0.26083511114120483,-0.37258875370025635,-0.29666125774383545,0.3386547863483429,-0.3972679078578949,0.7114307284355164
1764809219.150931,-1.949195793187618,1.5350269630312918,-0.11156593951880932,0.2796725928783417,0.08817356079816818,-0.5660027861595154,,,,,,
1764809219.156145,,,,,,,0.2652389407157898,-0.37559378147125244,-0.27462130784988403,0.29374271631240845,-0.5107020735740662,0.9183642268180847
1764809219.160983,-2.0215753852218388,1.5381483099222182,-0.0840174228578806,0.36387670040130615,0.10858003050088882,-0.736005425453186,,,,,,
1764809219.166175,,,,,,,0.26957571506500244,-0.3543490171432495,-0.24618852138519287,0.24145449697971344,-0.63108891248703,1.0934549570083618
1764809219.171035,-1.9307365919113157,1.5722507782712578,-0.16022855587899684,0.44954654574394226,0.13568362593650818,-0.8888306617736816,,,,,,
1764809219.176205,,,,,,,0.2727254033088684,-0.3252708911895752,-0.22253501415252686,0.22962020337581635,-0.7319827675819397,1.2869951725006104
1764809219.181088,-1.7316110268831253,1.70254509139657,-0.19101181667745112,0.5248782634735107,0.15821395814418793,-1.0139206647872925,,,,,,
1764809219.186235,,,,,,,0.2743051052093506,-0.3123839497566223,-0.2105320692062378,0.24705466628074646,-0.840739369392395,1.4819624423980713
1764809219.19114,-1.570792103895545,1.6911346395879983,-0.18835399564504623,0.6012114882469177,0.16287963092327118,-1.1347523927688599,,,,,,
1764809219.196266,,,,,,,0.26862746477127075,-0.3078843355178833,-0.1975247859954834,0.2840190827846527,-0.9351308345794678,1.6673226356506348
1764809219.201192,-1.4029700241476297,1.6279440239205956,-0.2312286762535572,0.6733495593070984,0.17831291258335114,-1.25226891040802,,,,,,
1764809219.206296,,,,,,,0.26348721981048584,-0.3085503578186035,-0.2028483748435974,0.36816129088401794,-1.0094705820083618,1.8662147521972656
1764809219.211244,-1.3069716561168432,1.5314517348930239,-0.2538584412127733,0.7446346879005432,0.2050841599702835,-1.3769192695617676,,,,,,
1764809219.216326,,,,,,,0.25891369581222534,-0.30479055643081665,-0.2103899121284485,0.4618275761604309,-1.095669150352478,2.025907278060913
1764809219.221296,-1.3925240334570408,1.357386669102311,-0.2775958751529455,0.8247247338294983,0.18652033805847168,-1.5266534090042114,,,,,,
1764809219.226356,,,,,,,0.25318270921707153,-0.2932143807411194,-0.19751012325286865,0.5089849829673767,-1.1753580570220947,2.159538507461548
1764809219.231349,-1.4389298108011483,1.0855766838744283,-0.28476503612995147,0.8965309858322144,0.16707159578800201,-1.6695719957351685,,,,,,
1764809219.236386,,,,,,,0.24955028295516968,-0.2820504903793335,-0.17201197147369385,0.5129522681236267,-1.234574556350708,2.294236183166504
1764809219.241401,-1.3571376627773046,0.9016036797925829,-0.32254502394795415,0.9610825777053833,0.14764836430549622,-1.8006781339645386,,,,,,
1764809219.246417,,,,,,,0.24644452333450317,-0.25203078985214233,-0.12305653095245361,0.4513392746448517,-1.2884750366210938,2.3958451747894287
1764809219.251453,-1.2221598680108785,0.8736486281573772,-0.33494857844710346,1.0045121908187866,0.1474277526140213,-1.9005235433578491,,,,,,
1764809219.256447,,,,,,,0.2484949231147766,-0.21419572830200195,-0.09320437908172607,0.33719006180763245,-1.3248533010482788,2.496107816696167
1764809219.261505,-1.044949782192707,0.8979156389296055,-0.2941220625400543,1.0393528938293457,0.13220937550067902,-1.979433298110962,,,,,,
1764809219.266477,,,,,,,0.25096839666366577,-0.1693439483642578,-0.06388449668884277,0.17832502722740173,-1.3681821823120117,2.5707764625549316
1764809219.271558,-0.8096803061157465,0.8533139883980154,-0.28643793777823445,1.0493545532226562,0.1449667066335678,-2.014478921890259,,,,,,
1764809219.276507,,,,,,,0.25523287057876587,-0.14826148748397827,-0.06961363554000854,0.1101963147521019,-1.379986047744751,2.7105395793914795
1764809219.28161,-0.478987631547451,0.8493944768667221,-0.2073287452280521,1.040860891342163,0.1749776005744934,-2.0264291763305664,,,,,,
1764809219.286537,,,,,,,0.25617313385009766,-0.13157427310943604,-0.1019015908241272,0.15946239233016968,-1.415156602859497,2.843569278717041
1764809219.291662,-0.4663157815009355,0.736757400985062,-0.17947393909692763,1.036574125289917,0.18684181571006775,-2.048137903213501,,,,,,
1764809219.296568,,,,,,,0.23910212516784668,-0.0786469578742981,-0.07980310916900635,0.2853039503097534,-1.447879672050476,2.862900972366333
1764809219.301714,-0.6468886217504739,0.5379094838544726,-0.21083061586916446,1.04771888256073,0.1823970079421997,-2.0947163105010986,,,,,,
1764809219.306598,,,,,,,0.21916961669921875,0.0575639009475708,0.041680753231048584,0.42105528712272644,-1.4195106029510498,2.7949070930480957
1764809219.311767,-0.7843371905446052,0.470374993763864,-0.32677637790739533,1.0423110723495483,0.2178099900484085,-2.152845621109009,,,,,,
1764809219.316628,,,,,,,0.2163063883781433,0.1687280535697937,0.08633017539978027,0.7919973731040955,-1.3174360990524292,2.8730099201202393
1764809219.321819,-0.8441261810749768,0.4291154932670295,-0.3060685209214687,1.0211645364761353,0.3232133686542511,-2.2043874263763428,,,,,,
1764809219.326658,,,,,,,0.21379750967025757,0.20921719074249268,0.08162689208984375,1.2879992723464966,-1.3208034038543701,2.9666659832000732
1764809219.331871,-0.7793675854384898,0.5361629324480891,-0.3957955535978079,1.0093858242034912,0.4591907858848572,-2.1917099952697754,,,,,,
1764809219.336688,,,,,,,0.1900216042995453,0.1676679253578186,0.046484529972076416,1.7925574779510498,-1.2769345045089722,3.1060023307800293
1764809219.341923,-0.47453766640126704,0.815263074684143,-0.37137422904670236,1.0139633417129517,0.6001737117767334,-2.1605095863342285,,,,,,
1764809219.346719,,,,,,,0.14861267805099487,0.06411218643188477,0.010821282863616943,2.0652263164520264,-1.1953150033950806,3.179166793823242
1764809219.351975,-0.2862532288610935,0.7963061530187725,-0.3832546364545822,1.0543420314788818,0.6711177229881287,-2.1439011096954346,,,,,,
1764809219.356749,,,,,,,0.10499447584152222,-0.06725788116455078,-0.021052002906799316,2.2043495178222656,-1.0764871835708618,3.1896753311157227
1764809219.362028,-0.1569575713843107,0.6099760644167661,-0.3481090887933969,1.098649501800537,0.6492360830307007,-2.1877357959747314,,,,,,
1764809219.366779,,,,,,,0.08208402991294861,-0.1423656940460205,0.00641680508852005,2.142076253890991,-0.9258713126182556,3.1292943954467773
1764809219.37208,-0.014066519275307655,0.27916305140443143,-0.19252222124040125,1.138031244277954,0.5487880706787109,-2.2733116149902344,,,,,,
1764809219.376809,,,,,,,0.0795249342918396,-0.1097860336303711,0.0599210262298584,1.898311734199524,-0.7719461917877197,3.023850679397583
1764809219.382132,0.21193653128445147,-0.08853161234669386,0.005869184294342994,1.162395715713501,0.41583457589149475,-2.3568613529205322,,,,,,
1764809219.386839,,,,,,,0.09906229376792908,-0.04400181770324707,0.11148542910814285,1.5604946613311768,-0.6574028134346008,2.9257471561431885
1764809219.392184,0.49742929716706275,-0.2528543422041461,0.09940729969143867,1.1809650659561157,0.28749001026153564,-2.386441707611084,,,,,,
1764809219.39687,,,,,,,0.1248021125793457,0.03833913803100586,0.1653665453195572,1.1686910390853882,-0.6076635122299194,2.859246253967285
1764809219.402237,0.8344225331842899,-0.14635478269681335,0.11383856062591076,1.1728980541229248,0.19879689812660217,-2.3485283851623535,,,,,,
1764809219.4069,,,,,,,0.15523435175418854,0.06308180093765259,0.13520705699920654,0.8484803438186646,-0.5456712245941162,2.965322732925415
1764809219.412289,1.116034658241272,0.0068187127046752715,0.19208149173557756,1.1557519435882568,0.196671724319458,-2.2512052059173584,,,,,,
1764809219.41693,,,,,,,0.16099174320697784,-0.0015860795974731445,0.08092491328716278,0.5509858131408691,-0.5426046252250671,3.049896478652954
1764809219.422341,1.1822165646791458,0.12518479722500778,0.1411591137498617,1.1376569271087646,0.20286916196346283,-2.124642848968506,,,,,,
1764809219.42696,,,,,,,0.13050276041030884,-0.060099005699157715,0.07101994752883911,0.17821438610553741,-0.5581007599830627,3.0122406482696533
1764809219.432393,1.1188871250629424,0.19784199149105697,0.13431786955296993,1.1149542331695557,0.18393369019031525,-2.0044472217559814,,,,,,
1764809219.43699,,,,,,,0.10485668480396271,-0.09517538547515869,0.04844999313354492,-0.03944230079650879,-0.48988065123558044,3.015742540359497
1764809219.442447,0.9516004673659801,0.08900580572970211,0.25131752455830575,1.107759714126587,0.15157389640808105,-1.9314873218536377,,,,,,
1764809219.447021,,,,,,,0.09061747044324875,-0.08520740270614624,0.0033786147832870483,-0.012584531679749489,-0.4488120675086975,3.0070559978485107
1764809219.452498,0.6207721837192773,-0.1523305691707879,0.21927111195623875,1.1098026037216187,0.10400055348873138,-1.933868408203125,,,,,,
1764809219.457051,,,,,,,0.07842997461557388,-0.02352660894393921,0.000544235110282898,0.13198409974575043,-0.4524906873703003,2.881075382232666
1764809219.462551,0.21038813279867172,-0.41491204973906276,0.08493512222468852,1.1298842430114746,0.04283839091658592,-1.9964020252227783,,,,,,
1764809219.467081,,,,,,,0.07272759079933167,0.07306599617004395,0.034284546971321106,0.2875773012638092,-0.46331697702407837,2.7434945106506348
1764809219.472602,-0.1296212361693382,-0.5404721008840948,0.005844634374976158,1.148546576499939,0.031564489006996155,-2.0869052410125732,,,,,,
1764809219.477111,,,,,,,0.09198485314846039,0.09632569551467896,0.012733697891235352,0.6091825366020203,-0.4121030569076538,2.8169209957122803
1764809219.482654,-0.30920389633774753,-0.5380623363286257,0.04955050511062145,1.1558910608291626,0.0858069583773613,-2.1672158241271973,,,,,,
1764809219.487141,,,,,,,0.10349448770284653,0.06734949350357056,-0.015961214900016785,0.9435189962387085,-0.4060068130493164,2.8741796016693115
1764809219.492707,-0.40274610338807104,-0.4833278527088463,-0.051475335693359374,1.1582653522491455,0.1729120910167694,-2.2157657146453857,,,,,,
1764809219.497172,,,,,,,0.09084627777338028,0.09366685152053833,0.044664815068244934,0.937882661819458,-0.4741317927837372,2.6981287002563477
1764809219.502759,-0.35525837602615357,-0.3475283662959933,-0.14097498935461045,1.1546167135238647,0.22539420425891876,-2.2071216106414795,,,,,,
1764809219.507202,,,,,,,0.08701100945472717,0.13489961624145508,0.09552252292633057,0.750369131565094,-0.43604087829589844,2.6364283561706543
1764809219.512811,-0.002738485053181648,-0.11094356983676552,0.05153203431665897,1.1256585121154785,0.24828894436359406,-2.1464579105377197,,,,,,
1764809219.517232,,,,,,,0.11122667044401169,0.09362101554870605,0.06340134143829346,0.6868513822555542,-0.3603740632534027,2.7837202548980713
1764809219.522863,0.446657725828886,0.06987462347596883,0.29379239219427106,1.0879985094070435,0.27763086557388306,-2.0516793727874756,,,,,,
1764809219.527262,,,,,,,0.11991247534751892,0.021931588649749756,0.011887848377227783,0.5979167222976685,-0.43044930696487427,2.8596439361572266
1764809219.532916,0.7610422396749258,0.10227613312602042,0.3520125259727239,1.0618975162506104,0.3067218065261841,-1.9624425172805786,,,,,,
1764809219.537292,,,,,,,0.10243699699640274,-0.04270362854003906,-0.036143139004707336,0.45155662298202515,-0.49492308497428894,2.8535714149475098
1764809219.542968,0.8467781568884849,-0.039109775117039676,0.3060387103050947,1.0384494066238403,0.3143288791179657,-1.9075816869735718,,,,,,
1764809219.547323,,,,,,,0.0742015391588211,-0.0893213152885437,-0.07260949909687042,0.35587140917778015,-0.47655314207077026,2.867199182510376
1764809219.55302,0.906745426595211,-0.34065263530761003,0.40920799287855625,1.0199997425079346,0.2832440137863159,-1.9229880571365356,,,,,,
1764809219.557353,,,,,,,0.05067247152328491,-0.07545560598373413,-0.10584491491317749,0.4116837978363037,-0.4523921608924866,2.8905560970306396
1764809219.563072,0.7674199580132961,-0.7711480386257171,0.4839133975118398,0.9941926002502441,0.23996523022651672,-1.9877787828445435,,,,,,
1764809219.567383,,,,,,,0.03996357321739197,-0.01614224910736084,-0.10549990832805634,0.678264319896698,-0.43430954217910767,2.893656015396118
1764809219.573125,0.6518576423346996,-1.1055348915368317,0.5235433971107005,0.9679929614067078,0.1817527860403061,-2.089658737182617,,,,,,
1764809219.577413,,,,,,,0.04143112897872925,0.10179108381271362,-0.0637783408164978,1.06162428855896,-0.3954433798789978,2.8562569618225098
1764809219.583177,0.5388029255628586,-1.219913550388813,0.46537587030231947,0.9292173385620117,0.12525701522827148,-2.186138153076172,,,,,,
1764809219.587443,,,,,,,0.0669761598110199,0.22430932521820068,-0.019385874271392822,1.618578314781189,-0.31081318855285645,2.8935251235961914
1764809219.593229,0.5461714085042476,-1.0652724392533302,0.455208696553111,0.8780175447463989,0.1051967516541481,-2.2439491748809814,,,,,,
1764809219.597474,,,,,,,0.09814178943634033,0.3159162998199463,0.027196109294891357,2.253052234649658,-0.24544483423233032,2.9580342769622803
1764809219.603281,0.5993903729945421,-0.6687216833740472,0.23469313749372958,0.8057315945625305,0.141863152384758,-2.2306859493255615,,,,,,
1764809219.607504,,,,,,,0.11982777714729309,0.38420194387435913,0.07365524768829346,2.7586281299591064,-0.21369490027427673,2.984321117401123
1764809219.613333,0.7520967166751623,-0.0973708254277706,0.012528057661652565,0.7406553030014038,0.20225122570991516,-2.144951581954956,,,,,,
1764809219.617534,,,,,,,0.12969300150871277,0.3312998414039612,0.07811957597732544,3.206411838531494,-0.14809457957744598,3.085207939147949
1764809219.623386,0.8552963943868875,0.4245160366475582,-0.18323767554461956,0.7032890319824219,0.28185710310935974,-2.00691556930542,,,,,,
1764809219.627564,,,,,,,0.11285462975502014,0.20306628942489624,0.07694363594055176,3.483760356903076,-0.0931815356016159,3.1550865173339844
1764809219.633438,0.9146218590587377,0.715170130816102,-0.3649608548730612,0.70074462890625,0.36214327812194824,-1.8549829721450806,,,,,,
1764809219.637594,,,,,,,0.06991913914680481,0.10194486379623413,0.08233052492141724,3.5176162719726562,0.0022371329832822084,3.1189658641815186
1764809219.64349,0.9428794007718563,0.7173515665084124,-0.4126204316705465,0.7242345213890076,0.406135231256485,-1.7273173332214355,,,,,,
1764809219.647625,,,,,,,0.03627622127532959,0.04837518930435181,0.09605094790458679,3.351896047592163,0.1728496104478836,3.0647125244140625
1764809219.653543,0.9192191237211227,0.5613298146694898,-0.3922510128587484,0.7525497674942017,0.43323150277137756,-1.6465646028518677,,,,,,
1764809219.657655,,,,,,,0.023808836936950684,0.01922684907913208,0.11169558763504028,3.1791791915893555,0.33636826276779175,2.9959685802459717
1764809219.663595,0.8749509429275989,0.30960341704934835,-0.2923889551371336,0.783448338508606,0.4204704165458679,-1.6323329210281372,,,,,,
1764809219.667685,,,,,,,0.027361035346984863,0.0440177321434021,0.11591291427612305,3.024714231491089,0.4654756486415863,2.926621913909912
1764809219.673647,0.7629542107760906,0.04220131139159202,-0.14868191047012805,0.8046982288360596,0.38356009125709534,-1.6723999977111816,,,,,,
1764809219.677715,,,,,,,0.041196584701538086,0.084969162940979,0.1048785150051117,2.9480230808258057,0.5813465714454651,2.8993916511535645
1764809219.683699,0.6358510949075221,-0.16034136860370635,0.017651976546645163,0.8128781318664551,0.3382043242454529,-1.747082233428955,,,,,,
1764809219.687745,,,,,,,0.05207473039627075,0.11334306001663208,0.07926422357559204,3.013718366622925,0.6584395170211792,2.863208770751953
1764809219.693751,0.5556932700872421,-0.2660778713166714,0.030787352451682088,0.80675208568573,0.317342609167099,-1.815519094467163,,,,,,
1764809219.697776,,,,,,,0.05241513252258301,0.15569108724594116,0.048371315002441406,3.2147109508514404,0.7442084550857544,2.7994253635406494
1764809219.703803,0.6438418014004826,-0.24227613996863365,-0.039862639310956,0.800033450126648,0.3077131509780884,-1.8423280715942383,,,,,,
1764809219.707806,,,,,,,0.05190777778625488,0.2096657156944275,0.028992116451263428,3.448458433151245,0.8536617159843445,2.7787725925445557
1764809219.713856,0.8049509395062923,-0.1493330678552389,-0.11503566145598888,0.7883582711219788,0.31852519512176514,-1.809587001800537,,,,,,
1764809219.717836,,,,,,,0.05121725797653198,0.22869080305099487,0.027399301528930664,3.6266636848449707,0.9218908548355103,2.746924638748169
1764809219.723908,1.0547685808956622,-0.0305342544734478,-0.17307342440485954,0.7721630334854126,0.31558534502983093,-1.743191123008728,,,,,,
1764809219.727866,,,,,,,0.04983013868331909,0.21715587377548218,0.03157162666320801,3.4366652965545654,0.9460345506668091,2.648975133895874
1764809219.73396,1.1023290812328457,0.08604220668375491,-0.23035949220359325,0.7382313013076782,0.321959912776947,-1.6338551044464111,,,,,,
1764809219.737896,,,,,,,0.057780563831329346,0.126162588596344,0.04773283004760742,2.9281156063079834,0.929158627986908,2.4943642616271973
1764809219.744012,1.1634750393301247,0.24752222392857073,-0.14159692064523696,0.7031199336051941,0.29111891984939575,-1.5185130834579468,,,,,,
1764809219.747927,,,,,,,0.06386607885360718,0.0011768341064453125,0.04942995309829712,2.327939987182617,0.993118941783905,2.380768060684204
1764809219.754065,1.0151657615646719,0.23878595976531505,-0.03586801671683788,0.682857096195221,0.22338756918907166,-1.4412797689437866,,,,,,
1764809219.757957,,,,,,,0.06926918029785156,-0.04488271474838257,0.07456958293914795,1.6462147235870361,1.0562076568603516,2.312800407409668
1764809219.764117,0.724702221532166,0.13157295475900171,0.14755027609169483,0.6698086261749268,0.1504313349723816,-1.4042702913284302,,,,,,
1764809219.767987,,,,,,,0.07595467567443848,-0.03565910458564758,0.0801626443862915,1.0855659246444702,1.071275234222412,2.2288284301757812
1764809219.774169,0.5133639484018087,0.0512777672946453,0.2647831553310156,0.6596716046333313,0.09536127746105194,-1.3978062868118286,,,,,,
1764809219.778017,,,,,,,0.08370012044906616,-0.0040878355503082275,0.07002866268157959,0.7226773500442505,1.0413756370544434,2.146294116973877
1764809219.784221,0.5041393161997199,0.049970776349306106,0.2678916427403688,0.6563205718994141,0.06799943000078201,-1.3923521041870117,,,,,,
1764809219.788047,,,,,,,0.08401304483413696,0.0450606644153595,0.02846628427505493,0.5750634670257568,1.034949779510498,2.081883430480957
1764809219.794273,0.6341098041981458,0.13386428056657312,0.15722469788789747,0.6575329899787903,0.046365588903427124,-1.383589267730713,,,,,,
1764809219.798078,,,,,,,0.08163022994995117,0.093716561794281,-0.01680392026901245,0.6362304091453552,1.0231796503067017,2.014228343963623
1764809219.804326,0.6844400615096092,0.1673193909227848,-0.026906711626052855,0.6600185036659241,0.02769336849451065,-1.3845731019973755,,,,,,
1764809219.808108,,,,,,,0.0824996829032898,0.1436442732810974,-0.045480966567993164,0.8836556077003479,1.0159904956817627,1.9330525398254395
1764809219.814378,0.588864595066011,0.1431757142692804,-0.15590543198287485,0.6534868478775024,0.017897406592965126,-1.3895951509475708,,,,,,
1764809219.818138,,,,,,,0.08798998594284058,0.19413945078849792,-0.054289162158966064,1.2399195432662964,0.9953253865242004,1.8482849597930908
1764809219.82443,0.495686837413907,0.12003799978792666,-0.2077782425612211,0.6383803486824036,0.030467260628938675,-1.3926441669464111,,,,,,
1764809219.828168,,,,,,,0.08946794271469116,0.2276512086391449,-0.03549844026565552,1.6154897212982178,0.9638527035713196,1.7804884910583496
1764809219.834482,0.41156770774722096,0.14056640855371952,-0.2433066520601511,0.6185762286186218,0.0853421539068222,-1.3686366081237793,,,,,,
1764809219.838198,,,,,,,0.08433568477630615,0.2276148498058319,-0.0021713972091674805,1.9278672933578491,0.9359837770462036,1.7388925552368164
1764809219.844535,0.5081953135922551,0.25681203032135963,-0.26039164237380025,0.6013045310974121,0.1808047592639923,-1.2671544551849365,,,,,,
1764809219.848229,,,,,,,0.0690494179725647,0.20077359676361084,0.04359549283981323,2.07635498046875,0.9249289631843567,1.7103943824768066
1764809219.854587,0.8980237754791974,0.4822977790087461,-0.24351298828721046,0.6439672708511353,0.21792486310005188,-1.2190461158752441,,,,,,
1764809219.858259,,,,,,,0.04610157012939453,0.15720999240875244,0.07649493217468262,2.0084383487701416,0.9350774884223938,1.670845627784729
1764809219.864639,0.30040333476662634,0.4415291307687759,-0.2916992193073034,0.6842933893203735,0.3012314736843109,-1.2072893381118774,,,,,,
1764809219.868289,,,,,,,0.033748745918273926,0.09954187273979187,0.08108997344970703,1.8149646520614624,0.9656646847724915,1.6130170822143555
1764809219.874691,-0.11035831729471683,0.5235866517305374,-0.2268184585958719,0.7262253165245056,0.41586366295814514,-1.1823933124542236,,,,,,
1764809219.878319,,,,,,,0.030589938163757324,0.06332674622535706,0.032894015312194824,1.569998025894165,0.973246157169342,1.5424854755401611
1764809219.884743,-0.09969546898305416,0.5628653536736965,-0.22370061883628367,0.753383457660675,0.4875977635383606,-1.1517698764801025,,,,,,
1764809219.888349,,,,,,,0.040104448795318604,0.05394846200942993,-0.007677793502807617,1.2979400157928467,0.9546298980712891,1.4979708194732666
1764809219.894796,-0.19858634358495472,0.40969548413455487,-0.27049510323703285,0.7405781149864197,0.5155847072601318,-1.1045552492141724,,,,,,
1764809219.89838,,,,,,,0.05827128887176514,0.04232628643512726,-0.033918678760528564,1.0033373832702637,0.9500601887702942,1.4636338949203491
1764809219.904848,-0.06290770707279443,0.22703473169505595,-0.1192956569880247,0.6897157430648804,0.48776933550834656,-1.0422178506851196,,,,,,
1764809219.90841,,,,,,,0.0807846188545227,0.029106616973876953,-0.0621679425239563,0.7171250581741333,0.9112773537635803,1.3821333646774292
1764809219.9149,0.27349969188049433,0.076291797041893,-0.009063596421480179,0.6151166558265686,0.4096846282482147,-0.9836834669113159,,,,,,
1764809219.91844,,,,,,,0.09550243616104126,0.03955860435962677,-0.06950384378433228,0.45092716813087463,0.848321259021759,1.2525545358657837
1764809219.924952,0.5343504761986434,-0.06231763222515583,0.028106735065579414,0.5367938876152039,0.29542356729507446,-0.9422484040260315,,,,,,
1764809219.92847,,,,,,,0.10427999496459961,0.06224605441093445,-0.06461787223815918,0.24548552930355072,0.7911685109138489,1.1180638074874878
1764809219.935005,0.7698480619430541,-0.06218845288753509,-0.0033639234751462934,0.47865742444992065,0.15565082430839539,-0.912333607673645,,,,,,
1764809219.9385,,,,,,,0.10158026218414307,0.08986149728298187,-0.03879892826080322,0.09015745669603348,0.7294100522994995,1.0021542310714722
1764809219.945057,0.9821775380678475,0.07643032872974873,-0.08679799348711967,0.451052188873291,0.004054106771945953,-0.8835320472717285,,,,,,
1764809219.948531,,,,,,,0.08480274677276611,0.11174415051937103,-0.0018425285816192627,-0.035841524600982666,0.6736738681793213,0.8992165923118591
1764809219.955109,1.0627192476391791,0.2820949401378631,-0.06752806034982205,0.4585462808609009,-0.12851203978061676,-0.8380805253982544,,,,,,
1764809219.958561,,,,,,,0.05744278430938721,0.13096006214618683,0.035734862089157104,-0.1288614720106125,0.6514452695846558,0.8052501678466797
1764809219.965161,0.9987314902447163,0.502846646040678,-0.06979308267235755,0.48620718717575073,-0.20737649500370026,-0.7696133255958557,,,,,,
1764809219.968591,,,,,,,0.040340423583984375,0.15205782651901245,0.058068692684173584,-0.21218915283679962,0.6541864275932312,0.7240110039710999
1764809219.975213,0.7603932742469012,0.70810559925735,-0.11029285084307193,0.5172056555747986,-0.23292158544063568,-0.6784398555755615,,,,,,
1764809219.978621,,,,,,,0.03782719373703003,0.1704557240009308,0.062458962202072144,-0.2712612748146057,0.6557577252388,0.6455702781677246
1764809219.985266,0.41318712564259763,0.8358224631100892,-0.28120471329987046,0.5408068299293518,-0.19135841727256775,-0.559758722782135,,,,,,
1764809219.988651,,,,,,,0.042589545249938965,0.18944546580314636,0.05159264802932739,-0.29951798915863037,0.6427407264709473,0.5569494962692261
1764809219.995318,0.18239976341575384,0.8593763571768999,-0.543483192333579,0.5447702407836914,-0.09290634095668793,-0.3832921087741852,,,,,,
1764809219.998682,,,,,,,0.04003250598907471,0.2058837115764618,0.036822617053985596,-0.2992039918899536,0.6106045842170715,0.45805004239082336
1764809220.00537,0.2589921508394182,0.8661953895419836,-0.7496475699573755,0.5674630403518677,-0.05763836205005646,-0.27398720383644104,,,,,,
1764809220.008712,,,,,,,0.03105705976486206,0.2117656171321869,0.031684428453445435,-0.288775235414505,0.5930927395820618,0.363876074552536
1764809220.015423,-0.42281595473140476,0.526821395868063,-0.9398772963464259,0.5683923959732056,-0.025799337774515152,-0.27030521631240845,,,,,,
1764809220.018742,,,,,,,0.03399550914764404,0.20044414699077606,0.04032397270202637,-0.29498013854026794,0.5990912318229675,0.27595579624176025
1764809220.025474,-1.0483974384285508,0.28323768043220043,-0.9872639014214276,0.5466604232788086,0.05537620559334755,-0.24847154319286346,,,,,,
1764809220.028772,,,,,,,0.04143393039703369,0.17817801237106323,0.06709080934524536,-0.37226080894470215,0.5806765556335449,0.17167679965496063
1764809220.035527,-0.37668621784970163,0.45377603340148925,-1.1308002656966447,0.5643014311790466,0.08480885624885559,-0.20020145177841187,,,,,,
1764809220.038802,,,,,,,0.04016399383544922,0.1500418782234192,0.12255647778511047,-0.5198292136192322,0.5220822095870972,0.08640344440937042
1764809220.045579,0.2990162643224001,0.609955606150627,-1.154462880834937,0.6446122527122498,0.0849209725856781,-0.16190093755722046,,,,,,
1764809220.048833,,,,,,,0.0086326003074646,0.12588590383529663,0.1778305470943451,-0.7042831182479858,0.5080950260162354,0.013688432052731514
1764809220.055631,0.5492620679959654,0.6524234595239162,-0.9488882857978344,0.7609699368476868,0.16022534668445587,-0.13753487169742584,,,,,,
1764809220.058863,,,,,,,-0.04771435260772705,0.12712377309799194,0.19928795099258423,-0.8176591992378235,0.5648871660232544,-0.0687241479754448
1764809220.065683,0.4685569845564663,0.619353549093008,-0.7238999652385711,0.8602717518806458,0.27473247051239014,-0.10441447794437408,,,,,,
1764809220.068893,,,,,,,-0.09402114152908325,0.158846914768219,0.16018164157867432,-0.7848161458969116,0.6671959757804871,-0.1497182697057724
1764809220.075736,0.18237945128008723,0.47642216497361656,-0.5578641843855381,0.9175135493278503,0.3394030034542084,-0.049876924604177475,,,,,,
1764809220.078923,,,,,,,-0.09438198804855347,0.1972876936197281,0.08660507202148438,-0.6323592066764832,0.783008337020874,-0.21103543043136597
1764809220.085788,0.13575477048829196,0.214397368440032,-0.5167962609380483,0.9234910011291504,0.34891024231910706,0.025817569345235825,,,,,,
1764809220.088953,,,,,,,-0.05573004484176636,0.21611176431179047,0.02323979139328003,-0.44389957189559937,0.8522124290466309,-0.23671628534793854
1764809220.09584,0.41650267993137235,-0.09733224698305129,-0.5228086530953645,0.8907167911529541,0.325140118598938,0.09022553265094757,,,,,,
1764809220.098984,,,,,,,-0.00258028507232666,0.2037045657634735,-0.031606197357177734,-0.2824326455593109,0.8455782532691956,-0.27061593532562256
1764809220.105892,0.8058841287031769,-0.34171208123266694,-0.4555564870774746,0.8301038146018982,0.25991424918174744,0.1292661428451538,,,,,,
1764809220.109014,,,,,,,0.03247421979904175,0.17474550008773804,-0.051318466663360596,-0.1704241931438446,0.8072319030761719,-0.3146716058254242
1764809220.115944,1.1729410790726542,-0.4313707248479128,-0.38558161809742447,0.7687283754348755,0.1425788849592209,0.16122503578662872,,,,,,
1764809220.119044,,,,,,,0.04470604658126831,0.15132419764995575,-0.026603519916534424,-0.12664076685905457,0.7868816256523132,-0.3536565601825714
1764809220.125997,1.5462703877098858,-0.24244915844798087,-0.1589963837355375,0.7581489682197571,0.015490713529288769,0.19800542294979095,,,,,,
1764809220.129074,,,,,,,0.038877904415130615,0.13157790899276733,0.009723901748657227,-0.11937879770994186,0.7608028650283813,-0.36689865589141846
1764809220.136049,1.7390161885730921,0.04667933358848095,0.09047346712946891,0.7790347933769226,-0.09266254305839539,0.2330651730298996,,,,,,
1764809220.139104,,,,,,,0.012751162052154541,0.10762639343738556,0.009680837392807007,-0.12184195220470428,0.7463659048080444,-0.3632133901119232
1764809220.146101,1.4544794082410633,0.18896599006354808,0.16613281148672102,0.7944957613945007,-0.20951113104820251,0.26653552055358887,,,,,,
1764809220.149135,,,,,,,-0.016457736492156982,0.08298929035663605,0.017419248819351196,-0.16492311656475067,0.7790021300315857,-0.36168020963668823
1764809220.156153,1.012658308788389,0.1517255159497261,0.26519962717741724,0.8090811371803284,-0.2837235629558563,0.2988087832927704,,,,,,
1764809220.159165,,,,,,,-0.023721516132354736,0.05967023968696594,0.009445518255233765,-0.23398953676223755,0.8318389654159546,-0.36735913157463074
1764809220.166205,0.7090028403580189,0.04999883340001106,0.28950667769908905,0.8052352666854858,-0.3149650990962982,0.308368444442749,,,,,,
1764809220.169195,,,,,,,-0.011582434177398682,0.041268959641456604,-0.015949130058288574,-0.2864927053451538,0.8469843864440918,-0.3829493522644043
1764809220.176258,0.3536446572192013,-0.10685527760982513,0.19957623140513897,0.7804819941520691,-0.33799320459365845,0.30525368452072144,,,,,,
1764809220.179225,,,,,,,0.012089669704437256,0.03992258012294769,-0.02127113938331604,-0.3334466218948364,0.8525866270065308,-0.40521469712257385
1764809220.18631,0.11238061690255999,-0.13778583792448043,0.1406283678740263,0.7521366477012634,-0.3508717119693756,0.2999955415725708,,,,,,
1764809220.189255,,,,,,,0.035217881202697754,0.04160822927951813,-0.026659905910491943,-0.340912401676178,0.8345450162887573,-0.4225675165653229
1764809220.196362,0.03704290571510792,-0.03454524368047714,0.07877893768250942,0.7281026840209961,-0.37088543176651,0.2907832860946655,,,,,,
1764809220.199285,,,,,,,0.05015850067138672,0.026696130633354187,-0.034777283668518066,-0.35111871361732483,0.7877295613288879,-0.42949384450912476
1764809220.206414,0.01252060500755906,0.10811901393532752,0.024144261175394057,0.7252773642539978,-0.3957497477531433,0.28090402483940125,,,,,,
1764809220.209316,,,,,,,0.04934406280517578,-0.0014793574810028076,-0.024351567029953003,-0.4084278345108032,0.7355603575706482,-0.4461769759654999
1764809220.216466,0.1525039529763162,0.2054167741268873,0.03809212250709534,0.730317234992981,-0.42596301436424255,0.2666614055633545,,,,,,
1764809220.219346,,,,,,,0.03651082515716553,-0.028266355395317078,-0.02731490135192871,-0.5018438100814819,0.7041723728179932,-0.47095823287963867
1764809220.226519,0.21662162036076188,0.19861644646227358,0.04808832360357046,0.7352163791656494,-0.5026530027389526,0.2515040338039398,,,,,,
1764809220.229376,,,,,,,0.02899158000946045,-0.04468245804309845,0.004562437534332275,-0.657623827457428,0.7054892778396606,-0.4818759858608246
1764809220.236571,0.17670301307886838,0.17251637504398823,0.2005325092166662,0.7794913053512573,-0.48820140957832336,0.23819461464881897,,,,,,
1764809220.239406,,,,,,,0.017233550548553467,-0.0387546569108963,0.042051851749420166,-0.7664406299591064,0.7022029757499695,-0.48022615909576416
1764809220.246623,-0.013504647608846424,0.17753566451072691,0.4704658869177103,0.828747034072876,-0.37803706526756287,0.2259126454591751,,,,,,
1764809220.249437,,,,,,,-0.010354876518249512,-0.016297996044158936,0.0031113028526306152,-0.783007800579071,0.6966742277145386,-0.4821424186229706
1764809220.256675,-0.5862617190912366,0.1223240648984909,0.6154001352921128,0.8328388929367065,-0.2851836383342743,0.22934168577194214,,,,,,
1764809220.259467,,,,,,,-0.01648688316345215,0.016064181923866272,-0.04560369253158569,-0.6994777321815491,0.7710382342338562,-0.4658116400241852
1764809220.266728,-1.0418804577499627,0.07868307609260082,0.6066679627820849,0.8082219362258911,-0.19982613623142242,0.26546749472618103,,,,,,
1764809220.269497,,,,,,,0.01449209451675415,0.04865957796573639,-0.0803995430469513,-0.5800184607505798,0.8441513180732727,-0.4462548792362213
1764809220.27678,-1.0186310995876788,0.10024784216880797,0.47772360296100375,0.7834423780441284,-0.09121047705411911,0.3063526153564453,,,,,,
1764809220.279527,,,,,,,0.0603678822517395,0.053129687905311584,-0.10028761625289917,-0.4741162657737732,0.8155249953269958,-0.44564396142959595
1764809220.286832,-0.8980714140132069,0.10488076266646384,0.35611119346320624,0.7582853436470032,0.035075291991233826,0.3292168974876404,,,,,,
1764809220.289557,,,,,,,0.08271920680999756,0.024831756949424744,-0.10690021514892578,-0.3988330364227295,0.7508586645126343,-0.45989131927490234
1764809220.296884,-0.7525209334366023,0.0995803181707859,0.31488018840849397,0.7358852028846741,0.1380457729101181,0.3345060348510742,,,,,,
1764809220.299588,,,,,,,0.07205569744110107,-0.01516646146774292,-0.0928189754486084,-0.38254833221435547,0.7223180532455444,-0.46040078997612
1764809220.306936,-0.5318918310001493,0.17390519905388355,0.30423516801446676,0.71937495470047,0.1792464703321457,0.335340678691864,,,,,,
1764809220.309618,,,,,,,0.0542750358581543,-0.03777962923049927,-0.07111239433288574,-0.4266393482685089,0.7329770922660828,-0.45312756299972534
1764809220.316989,-0.24881693991422651,0.2685246799468994,0.3491325866222381,0.7063731551170349,0.14892275631427765,0.3304821848869324,,,,,,
1764809220.319648,,,,,,,0.047766268253326416,-0.050593018531799316,-0.05845719575881958,-0.5145108699798584,0.7507084608078003,-0.4530322253704071
1764809220.327041,0.006220628080517053,0.31098551905751226,0.36466099514365197,0.6970545053482056,0.08016633987426758,0.3126600384712219,,,,,,
1764809220.329678,,,,,,,0.056056320667266846,-0.06198945641517639,-0.034292250871658325,-0.6356865167617798,0.7458574771881104,-0.45682424306869507
1764809220.337093,0.22181144408881662,0.2960036385029554,0.3798199858307838,0.7062661051750183,0.014028329402208328,0.29004260897636414,,,,,,
1764809220.339708,,,,,,,0.06229829788208008,-0.07266479730606079,-0.010833561420440674,-0.7930008172988892,0.7034168243408203,-0.4632839858531952
1764809220.347145,0.28260668905228375,0.25830665279328824,0.42545682462900875,0.7271508574485779,-0.023670844733715057,0.2593347728252411,,,,,,
1764809220.349738,,,,,,,0.05070984363555908,-0.08146637678146362,0.009013161063194275,-0.9251403212547302,0.6717672944068909,-0.4558650851249695
1764809220.357197,0.1006409331396222,0.24834581527113914,0.5350383123323321,0.7644786834716797,0.008305070921778679,0.23821431398391724,,,,,,
1764809220.359769,,,,,,,0.02233678102493286,-0.07116040587425232,0.0069892555475234985,-0.982604444026947,0.6718671321868896,-0.43505167961120605
1764809220.36725,-0.210695299051702,0.233825122487545,0.6724880501702427,0.7905928492546082,0.05343100428581238,0.23446565866470337,,,,,,
1764809220.369799,,,,,,,-0.005345463752746582,-0.029265254735946655,-0.0258634090423584,-0.9243938326835632,0.7164971828460693,-0.42559632658958435
1764809220.377302,-0.5987254793450236,0.16880349200069902,0.6844993904814124,0.7889204025268555,0.08561845868825912,0.2544472813606262,,,,,,
1764809220.379829,,,,,,,-0.004597902297973633,0.028094202280044556,-0.060897767543792725,-0.7739638686180115,0.785111129283905,-0.40659070014953613
1764809220.387354,-0.7592866281792521,0.09581775076687335,0.6293748846307397,0.7648254632949829,0.1348629742860794,0.28797435760498047,,,,,,
1764809220.389859,,,,,,,0.024649441242218018,0.060051530599594116,-0.08826838433742523,-0.577919602394104,0.8094740509986877,-0.38338854908943176
1764809220.397407,-0.6910977658331394,0.04968552966713905,0.5256994061008096,0.7371042370796204,0.20662133395671844,0.30866676568984985,,,,,,
1764809220.399889,,,,,,,0.05719643831253052,0.05323490500450134,-0.10167168080806732,-0.4061241149902344,0.7765477895736694,-0.3632467985153198
1764809220.407458,-0.5559904994681477,0.04957096337676048,0.3841574305132031,0.7083532810211182,0.2814271152019501,0.31192725896835327,,,,,,
1764809220.40992,,,,,,,0.0726168155670166,0.013739913702011108,-0.10039208829402924,-0.29261526465415955,0.72808438539505,-0.34384381771087646
1764809220.417511,-0.3919631358280778,0.09031447717547417,0.31843788089007136,0.6797294616699219,0.31703758239746094,0.30618077516555786,,,,,,
1764809220.41995,,,,,,,0.06561553478240967,-0.027315765619277954,-0.08505301922559738,-0.23656022548675537,0.6948294639587402,-0.32278165221214294
1764809220.427563,-0.18824410552978516,0.1560918944656849,0.31985739229917526,0.6606934666633606,0.2870655655860901,0.29549911618232727,,,,,,
1764809220.42998,,,,,,,0.052005767822265625,-0.050170332193374634,-0.062189094722270966,-0.23541094362735748,0.6825141906738281,-0.3058912456035614
1764809220.437615,0.05891191543489694,0.16326631613969803,0.3118655167624354,0.6410670876502991,0.19838231801986694,0.2803688049316406,,,,,,
1764809220.44001,,,,,,,0.044857561588287354,-0.06476473808288574,-0.04258917272090912,-0.27209198474884033,0.6665485501289368,-0.30113428831100464
1764809220.447667,0.28095190758258104,0.14133973101377487,0.3484647703632712,0.6230518817901611,0.06461334973573685,0.25814497470855713,,,,,,
1764809220.45004,,,,,,,0.04977601766586304,-0.07505866885185242,-0.025376200675964355,-0.342907190322876,0.6311724781990051,-0.30687758326530457
1764809220.457719,0.445020187754929,0.1138759700268507,0.3561053482443094,0.6383757591247559,-0.04490348696708679,0.22473010420799255,,,,,,
1764809220.460071,,,,,,,0.04957956075668335,-0.0791231095790863,0.003268904983997345,-0.40489065647125244,0.5771872401237488,-0.30935966968536377
1764809220.467772,0.3869043911337852,0.088578447163105,0.4063742307573557,0.6703957319259644,-0.0798681303858757,0.18949009478092194,,,,,,
1764809220.470101,,,,,,,0.029116809368133545,-0.06478038430213928,-0.002727039158344269,-0.4737447202205658,0.5250380039215088,-0.30328333377838135
1764809220.477824,0.005302782583236694,0.10010054265260696,0.4920952426627278,0.6804697513580322,-0.08810222893953323,0.16555240750312805,,,,,,
1764809220.480131,,,,,,,0.003252863883972168,-0.048593670129776,-0.032190971076488495,-0.500891923904419,0.5278716087341309,-0.29944944381713867
1764809220.487877,-0.4676341706231236,0.02400631400942802,0.52819765265733,0.6611645221710205,-0.07820326089859009,0.17018097639083862,,,,,,
1764809220.490161,,,,,,,-0.0045662522315979,-0.04121065139770508,-0.057323157787323,-0.4952131509780884,0.5613784790039062,-0.285582959651947
1764809220.497929,-0.6919897462368011,-0.0590466477304697,0.47990386960953474,0.6313810348510742,-0.04340384528040886,0.1816451996564865,,,,,,
1764809220.500191,,,,,,,0.01371985673904419,-0.04091152548789978,-0.08491361141204834,-0.5253198742866516,0.5425896048545837,-0.28644874691963196
1764809220.507981,-0.7401815302148461,-0.09893792861402034,0.40427725847810503,0.5977607369422913,0.01905447244644165,0.1825738549232483,,,,,,
1764809220.510222,,,,,,,0.04442638158798218,-0.050809621810913086,-0.11054807901382446,-0.5767645835876465,0.4839036464691162,-0.30184391140937805
1764809220.518034,-0.6659808602333068,-0.10532616834640503,0.3635004269316792,0.5690050721168518,0.07199850678443909,0.17125004529953003,,,,,,
1764809220.520252,,,,,,,0.059222638607025146,-0.05212906002998352,-0.12039804458618164,-0.6491098999977112,0.43969491124153137,-0.307233601808548
1764809220.528086,-0.490013467952609,-0.06408581094145774,0.4225155104801058,0.5387874841690063,0.07547686249017715,0.15511421859264374,,,,,,
1764809220.530282,,,,,,,0.06342089176177979,-0.04238298535346985,-0.1241881251335144,-0.7171195149421692,0.41073381900787354,-0.2960556447505951
1764809220.538138,-0.3410457262784242,-0.0180120420306921,0.558599220661819,0.5061695575714111,0.024999598041176796,0.14095845818519592,,,,,,
1764809220.540312,,,,,,,0.061458468437194824,-0.0326763391494751,-0.12908810377120972,-0.7657251358032227,0.37839001417160034,-0.27459749579429626
1764809220.54819,-0.19425737446993588,-0.014121464332938193,0.7030823642678559,0.4611312448978424,-0.06587544828653336,0.13215990364551544,,,,,,
1764809220.550342,,,,,,,0.059275269508361816,-0.033110857009887695,-0.1272220015525818,-0.7963017225265503,0.34808269143104553,-0.2572684586048126
1764809220.558242,-0.05475216540694237,-0.02343698968887329,0.8339128300964832,0.41698598861694336,-0.1692930907011032,0.12980277836322784,,,,,,
1764809220.560373,,,,,,,0.058455586433410645,-0.04007112979888916,-0.12166202068328857,-0.8250865340232849,0.32136720418930054,-0.24742618203163147
1764809220.568295,0.11581745948344468,-0.03025017683506012,0.8652185073338449,0.37917760014533997,-0.27459287643432617,0.13083422183990479,,,,,,
1764809220.570403,,,,,,,0.058307528495788574,-0.045198798179626465,-0.12160980701446533,-0.8433754444122314,0.29315659403800964,-0.24284328520298004
1764809220.578347,0.21711714879274366,-0.008246434819698334,0.8884487224042416,0.34835562109947205,-0.3816201984882355,0.12745234370231628,,,,,,
1764809220.580433,,,,,,,0.05510294437408447,-0.046091049909591675,-0.11922210454940796,-0.832348108291626,0.2654980719089508,-0.23789247870445251
1764809220.588399,0.23266280070990322,-0.0033422961652278898,0.8853830512233078,0.3239653408527374,-0.4881328046321869,0.12326852977275848,,,,,,
1764809220.590463,,,,,,,0.0473899245262146,-0.0416831374168396,-0.1170806884765625,-0.8007980585098267,0.24543407559394836,-0.23475827276706696
1764809220.598451,0.12382628615498542,0.0035100539475679394,0.9431481347106396,0.3039405941963196,-0.5696799159049988,0.11073409020900726,,,,,,
1764809220.600493,,,,,,,0.041214823722839355,-0.029514342546463013,-0.11509305238723755,-0.7729927897453308,0.22973686456680298,-0.23176486790180206
1764809220.608503,-0.06224076759666204,-0.009168810361623763,0.950219680532068,0.2812834680080414,-0.6146058440208435,0.09718978404998779,,,,,,
1764809220.610524,,,,,,,0.03505420684814453,-0.022212982177734375,-0.1140947937965393,-0.7413806915283203,0.2192344218492508,-0.22244614362716675
1764809220.618556,-0.2709954539746046,-0.03823065419495106,0.9160147747218609,0.2641214430332184,-0.6293272376060486,0.08736070245504379,,,,,,
1764809220.620554,,,,,,,0.02925044298171997,-0.01798778772354126,-0.11554205417633057,-0.7099061012268066,0.21307772397994995,-0.21090959012508392
1764809220.628608,-0.46384968364834783,-0.0344295083463192,0.873156752987206,0.24643458425998688,-0.6147370934486389,0.07933712750673294,,,,,,
1764809220.630584,,,,,,,0.029888153076171875,-0.013908594846725464,-0.11758565902709961,-0.6815446019172668,0.21175919473171234,-0.19723385572433472
1764809220.63866,-0.6406190399616957,-0.02996902180612087,0.8369690027967095,0.22528739273548126,-0.5676932334899902,0.0766744390130043,,,,,,
1764809220.640614,,,,,,,0.03292030096054077,-0.018471211194992065,-0.12370717525482178,-0.6272798180580139,0.20509357750415802,-0.16958199441432953
