timestamp,phone_accel_x,phone_accel_y,phone_accel_z,phone_gyro_x,phone_gyro_y,phone_gyro_z,watch_accel_x,watch_accel_y,watch_accel_z,watch_gyro_x,watch_gyro_y,watch_gyro_z
1763596003.465054,-0.09595737843327223,0.21854396672546864,0.009295067089796065,-0.03789108246564865,-0.7277446985244751,-0.6250914335250854,,,,,,
1763596003.46773,,,,,,,0.031273484230041504,0.19230128824710846,0.05721026659011841,-0.05440439656376839,0.03398223966360092,0.7983331680297852
1763596003.475107,-0.007223631110601127,0.2694078925222158,-0.1297919165611267,0.02331901341676712,-0.7623913884162903,-0.5316445827484131,,,,,,
1763596003.477761,,,,,,,0.027138173580169678,0.22780440747737885,0.05552363395690918,-0.1086476594209671,0.038507480174303055,0.6775742769241333
1763596003.48516,0.03029927667379379,0.30102701962292194,-0.16153028612732886,0.04615337401628494,-0.7500355243682861,-0.4248722493648529,,,,,,
1763596003.487792,,,,,,,0.020497381687164307,0.2405904233455658,0.048916518688201904,-0.21167749166488647,0.02904020994901657,0.5441377758979797
1763596003.495213,0.22814846509061754,0.3195540254384279,-0.22228066903576255,0.04644925147294998,-0.6700658798217773,-0.3269118368625641,,,,,,
1763596003.497822,,,,,,,0.00927799940109253,0.2144831269979477,0.04215419292449951,-0.3502284586429596,0.020385470241308212,0.40165412425994873
1763596003.505266,0.3719544400874525,0.32577509191036225,-0.3746317695379257,0.04478705674409866,-0.5791545510292053,-0.2518537640571594,,,,,,
1763596003.507853,,,,,,,0.0013268589973449707,0.15633049607276917,0.048027992248535156,-0.5041643381118774,0.015812821686267853,0.2953244745731354
1763596003.515319,0.5060436154510826,0.3167775464624166,-0.45381241988912224,0.07931706309318542,-0.49768921732902527,-0.19433322548866272,,,,,,
1763596003.517884,,,,,,,-0.0037630796432495117,0.08965365588665009,0.06414681673049927,-0.6363756060600281,0.024716835469007492,0.2012464553117752
1763596003.525372,0.5809606535410509,0.23509879568517206,-0.32374811612740156,0.12619616091251373,-0.49380186200141907,-0.14647029340267181,,,,,,
1763596003.527914,,,,,,,-0.012554645538330078,0.07157965004444122,0.06386083364486694,-0.7767577171325684,0.05062752962112427,0.12425640225410461
1763596003.535425,0.521237092929706,0.1316957043558359,-0.12555895516648888,0.15955917537212372,-0.5670329332351685,-0.0991126298904419,,,,,,
1763596003.537945,,,,,,,-0.013675868511199951,0.11061447858810425,0.05218780040740967,-0.826748251914978,0.0664893165230751,0.07304967194795609
1763596003.545478,0.36332897935491054,0.04656067564487457,-0.07027239062190055,0.18723171949386597,-0.6542560458183289,-0.06515298038721085,,,,,,
1763596003.547975,,,,,,,-0.006758391857147217,0.15463779866695404,0.033508479595184326,-0.7882429957389832,0.07010375708341599,0.040910977870225906
1763596003.555531,0.1997049358187243,0.04125146332085133,-0.12754603733047842,0.20679476857185364,-0.6881751418113708,-0.046753738075494766,,,,,,
1763596003.558006,,,,,,,0.003670930862426758,0.18613606691360474,0.018912911415100098,-0.7106440663337708,0.04708685353398323,0.01945122703909874
1763596003.565584,0.10157784866355359,0.07516074718534946,-0.18806991800665854,0.2140551656484604,-0.6369267702102661,-0.03069929964840412,,,,,,
1763596003.568037,,,,,,,0.012092053890228271,0.1915358603000641,0.012515902519226074,-0.5895805954933167,0.00812507513910532,-0.0001262014266103506
1763596003.575637,0.045575025608390565,0.06853051539063454,-0.18497326716557144,0.20021550357341766,-0.5103936195373535,-0.013158654794096947,,,,,,
1763596003.578067,,,,,,,0.0008330345153808594,0.16342227160930634,0.010316133499145508,-0.43561530113220215,0.0032560178078711033,-0.020235463976860046
1763596003.58569,0.09826265970095992,-0.0010942249774932862,-0.11964476268664001,0.16542312502861023,-0.34896185994148254,0.017625723034143448,,,,,,
1763596003.588098,,,,,,,-0.019024670124053955,0.13665784895420074,0.0075740814208984375,-0.3130129873752594,0.03734687715768814,-0.03981709107756615
1763596003.595742,0.12581727730911224,-0.10662029981017113,-0.018247604352235793,0.11111807078123093,-0.21030598878860474,0.04587786644697189,,,,,,
1763596003.598129,,,,,,,-0.02874290943145752,0.13568399846553802,0.00492548942565918,-0.1987607181072235,0.06876552104949951,-0.04416629672050476
1763596003.605795,0.06039696636088192,-0.1373433548539877,0.05104410466924309,0.06446629762649536,-0.11621852964162827,0.06619466096162796,,,,,,
1763596003.608158,,,,,,,-0.01999032497406006,0.13154608011245728,-0.003326058853417635,-0.09261815994977951,0.07621358335018158,-0.048672500997781754
1763596003.615848,-0.011432298314198851,-0.11871288866400719,0.02246668335199356,0.034280430525541306,-0.06427090615034103,0.07722228020429611,,,,,,
1763596003.61819,,,,,,,-0.006498217582702637,0.12528184056282043,-0.007094741333276033,-0.037486471235752106,0.06510314345359802,-0.05173540115356445
1763596003.625901,-0.046340895414352413,-0.04698094688355922,-0.05943301669955253,0.025113914161920547,-0.02086835727095604,0.07630033791065216,,,,,,
1763596003.628221,,,,,,,-0.00038421154022216797,0.10504207015037537,-0.0030993223190307617,0.03518709912896156,0.0574239157140255,-0.060521967709064484
1763596003.635954,0.03515336564145982,0.023961890345811844,-0.13450550107955933,0.021014776080846786,0.01896986924111843,0.07230480015277863,,,,,,
1763596003.638251,,,,,,,-0.00544893741607666,0.07611368596553802,-0.0021160850301384926,0.042226895689964294,0.07397359609603882,-0.07347797602415085
1763596003.646007,0.1548429538505152,0.06954349182546138,-0.16730068622231484,0.02144959755241871,0.05599357932806015,0.06594721227884293,,,,,,
1763596003.648282,,,,,,,-0.010364532470703125,0.05830909311771393,0.004791022278368473,0.06086418032646179,0.08706969022750854,-0.0851040706038475
1763596003.65606,0.26093707436211405,0.08767185371220111,-0.1228803836070001,0.034305743873119354,0.06529572606086731,0.06133380904793739,,,,,,
1763596003.658313,,,,,,,-0.004982650279998779,0.04451768100261688,0.005556583404541016,0.06411217153072357,0.09085404127836227,-0.08821304887533188
1763596003.666113,0.29333675738126036,0.09451368243098258,-0.06097980775013566,0.04734120890498161,0.02683105506002903,0.06925415992736816,,,,,,
1763596003.668343,,,,,,,0.005247831344604492,0.04876407980918884,0.005918382667005062,0.06026412919163704,0.07368917018175125,-0.09554273635149002
1763596003.676166,0.30793617795687167,0.12213818693757056,-0.02539630706310272,0.0656866580247879,-0.03952000290155411,0.0844176709651947,,,,,,
1763596003.678374,,,,,,,0.011890649795532227,0.05713146924972534,0.005248904228210449,0.05419478565454483,0.05549232289195061,-0.10150555521249771
1763596003.686219,0.3220016743188724,0.15543196925222874,0.00012289572730660438,0.07847695052623749,-0.11078114807605743,0.09712310135364532,,,,,,
1763596003.688404,,,,,,,0.012095153331756592,0.05599905550479889,0.006518601439893246,0.011998873203992844,0.04299570620059967,-0.11639122664928436
1763596003.696272,0.3944916313923895,0.2014648216307163,-0.019863368985801932,0.08338222652673721,-0.17038987576961517,0.0980869010090828,,,,,,
1763596003.698435,,,,,,,0.006837427616119385,0.03489777445793152,0.01049661636352539,-0.05122510343790054,0.0337955504655838,-0.14788202941417694
1763596003.706326,0.5402186010470613,0.24316928941607474,-0.08173720296621322,0.10469872504472733,-0.21900376677513123,0.08425506204366684,,,,,,
1763596003.708466,,,,,,,0.0026288628578186035,-0.007222726941108704,0.012419342063367367,-0.1470944732427597,0.044358979910612106,-0.1764468401670456
1763596003.716379,0.5858661073697731,0.24344401470422744,-0.13966332223415373,0.1457127332687378,-0.309099018573761,0.07326871901750565,,,,,,
1763596003.718495,,,,,,,0.0016412138938903809,-0.03795814514160156,0.016878722235560417,-0.3066255450248718,0.05131515488028526,-0.19509455561637878
1763596003.726431,0.4926303359201178,0.23244506630599499,-0.12021525605097412,0.194391131401062,-0.4493739604949951,0.07310229539871216,,,,,,
1763596003.728527,,,,,,,0.008863627910614014,-0.04540106654167175,0.01545619871467352,-0.45595526695251465,0.05098385736346245,-0.20869672298431396
1763596003.736484,0.3049434624142945,0.22865502637326715,-0.07971037331372499,0.24039801955223083,-0.5984470844268799,0.07417475432157516,,,,,,
1763596003.738558,,,,,,,0.014798641204833984,-0.04371371865272522,0.01009452249854803,-0.5827712416648865,0.05677889660000801,-0.20112961530685425
1763596003.746537,0.1396137109387666,0.2076169145196676,-0.089911010941118,0.2666759490966797,-0.673994243144989,0.0746782049536705,,,,,,
1763596003.748588,,,,,,,0.0180433988571167,-0.030021697282791138,0.007937310263514519,-0.632571280002594,0.04660908505320549,-0.18617869913578033
1763596003.75659,0.024206695419736204,0.13147007890641688,-0.11312719748616218,0.2725040018558502,-0.6422221660614014,0.0715002566576004,,,,,,
1763596003.758619,,,,,,,0.013676881790161133,-0.014531955122947693,0.008275866508483887,-0.6549791693687439,0.03510396182537079,-0.1826699823141098
1763596003.766643,-0.0996822807079181,-0.032709844946861265,-0.09045812342986465,0.24469512701034546,-0.5503065586090088,0.0727953389286995,,,,,,
1763596003.76865,,,,,,,0.0006101727485656738,0.011110454797744751,0.00797128677368164,-0.6322566270828247,0.0254856888204813,-0.17680223286151886
1763596003.776696,-0.16480229353532194,-0.1752051757365465,-0.016414543706178664,0.2040126919746399,-0.44046953320503235,0.07589446008205414,,,,,,
1763596003.77868,,,,,,,-0.009479999542236328,0.019342541694641113,0.006037592887878418,-0.5347068905830383,0.02091330848634243,-0.166218563914299
1763596003.786749,-0.2620856598753482,-0.28540567212104795,0.05454173752665519,0.17118027806282043,-0.35720235109329224,0.0801205039024353,,,,,,
1763596003.788711,,,,,,,-0.01534426212310791,0.020301297307014465,-0.0033870935440063477,-0.44826334714889526,0.027432993054389954,-0.1567559540271759
1763596003.796802,-0.4156909251570701,-0.3067407210946083,0.12416077880635856,0.14760783314704895,-0.31042739748954773,0.0839724987745285,,,,,,
1763596003.79874,,,,,,,-0.01486426591873169,0.028554365038871765,-0.006823182106018066,-0.33252474665641785,0.026402615010738373,-0.14390593767166138
1763596003.806855,-0.5266050862362608,-0.27885727339088917,0.15214987884163855,0.13345098495483398,-0.2747986614704132,0.08402574062347412,,,,,,
1763596003.808772,,,,,,,-0.009645283222198486,0.03268401324748993,-0.011738184839487076,-0.23887339234352112,0.021788688376545906,-0.13593830168247223
1763596003.816908,-0.6203641874402761,-0.2605722596377134,0.13565247915759682,0.1122780591249466,-0.22075165808200836,0.07702215760946274,,,,,,
1763596003.818803,,,,,,,-0.007487237453460693,0.037226468324661255,-0.00902724452316761,-0.1729353964328766,0.016119884327054024,-0.13227592408657074
1763596003.826961,-0.5957515781007707,-0.19802140317857264,0.09985738154649734,0.07771788537502289,-0.13085833191871643,0.07331707328557968,,,,,,
1763596003.828833,,,,,,,-0.012132406234741211,0.023161187767982483,0.0029227714985609055,-0.132710263133049,0.01510415505617857,-0.14157773554325104
1763596003.837014,-0.3955615987114608,-0.13525719622969626,0.052542818794399496,0.04249491170048714,-0.009490100666880608,0.0610436350107193,,,,,,
1763596003.838864,,,,,,,-0.018436729907989502,-0.0037503838539123535,0.008036255836486816,-0.1586044430732727,0.04496724531054497,-0.1537017673254013
1763596003.847067,-0.1927823700139299,-0.10899988842308521,-0.011597937204688788,0.019407767802476883,0.06538509577512741,0.052312221378088,,,,,,
1763596003.848895,,,,,,,-0.01963496208190918,-0.024337053298950195,0.01174962893128395,-0.18197248876094818,0.06040053069591522,-0.1457444578409195
1763596003.85712,-0.06051233636885881,-0.05868015250563621,-0.014761661932617425,0.028300326317548752,0.06739391386508942,0.05137265846133232,,,,,,
1763596003.858924,,,,,,,-0.008173465728759766,-0.04473298788070679,0.009221319109201431,-0.16495248675346375,0.057456403970718384,-0.13108721375465393
1763596003.867172,-0.009175459298118948,-0.005244914916157722,0.030583354312181472,0.06514018774032593,0.0028710043989121914,0.05619069188833237,,,,,,
1763596003.868956,,,,,,,0.00020360946655273438,-0.04810589551925659,-0.003565313294529915,-0.14874862134456635,0.06526213139295578,-0.11281373351812363
1763596003.877225,0.02483584190243855,0.07003565925657748,0.12077288993373513,0.08639754354953766,-0.09965910017490387,0.06798610091209412,,,,,,
1763596003.878987,,,,,,,0.005007386207580566,-0.02567461133003235,-0.0093003511428833,-0.16143645346164703,0.06399419903755188,-0.09887528419494629
1763596003.887278,0.05683991320012137,0.07032032141685485,0.2134860988140106,0.09268660098314285,-0.18051698803901672,0.07105624675750732,,,,,,
1763596003.889016,,,,,,,0.009229123592376709,-0.003965064883232117,-0.013800861313939095,-0.19880959391593933,0.045661795884370804,-0.10928104817867279
1763596003.897331,0.12806699246466158,-0.010547697499394416,0.15445055699944496,0.09903078526258469,-0.2254626303911209,0.05847201496362686,,,,,,
1763596003.899048,,,,,,,0.007835149765014648,-0.013796567916870117,-0.015943769365549088,-0.24845117330551147,0.042899034917354584,-0.11325421929359436
1763596003.907384,0.2089017118995078,-0.07837035688161849,0.05912672722935676,0.119343101978302,-0.2731301784515381,0.04776289314031601,,,,,,
1763596003.909077,,,,,,,0.002470850944519043,-0.042406901717185974,-0.006320599466562271,-0.3101836144924164,0.04436963051557541,-0.11923295259475708
1763596003.917437,0.18341217359500006,-0.09658639705181121,0.05854337438344955,0.15679539740085602,-0.34827712178230286,0.051885999739170074,,,,,,
1763596003.919108,,,,,,,-0.0032883882522583008,-0.06266941130161285,0.0011951923370361328,-0.3860035240650177,0.038463007658720016,-0.12716437876224518
1763596003.92749,0.006724796476680785,-0.08683364932239056,0.09945888374820351,0.1908280998468399,-0.4438002109527588,0.052527863532304764,,,,,,
1763596003.92914,,,,,,,-0.00763779878616333,-0.05971112847328186,-0.0008979998528957367,-0.42182689905166626,0.03300858661532402,-0.12515322864055634
1763596003.937543,-0.18249584420137105,-0.05567337190508842,0.13250190617218613,0.20935066044330597,-0.5032539367675781,0.041213955730199814,,,,,,
1763596003.939169,,,,,,,-0.00953453779220581,-0.04375174641609192,-0.008002638816833496,-0.4085068106651306,0.0439605712890625,-0.1096072867512703
1763596003.947596,-0.3251523203695193,-0.07913608055710793,0.13057999819889665,0.20193015038967133,-0.4777362644672394,0.015011370182037354,,,,,,
1763596003.9492,,,,,,,-0.0066977739334106445,-0.023568615317344666,-0.014397621154785156,-0.3630979359149933,0.0437198206782341,-0.09404117614030838
1763596003.957649,-0.43106907502021635,-0.16926935594677925,0.15362886535301803,0.16389888525009155,-0.39014914631843567,-0.012562734074890614,,,,,,
1763596003.959231,,,,,,,0.0036760568618774414,-0.003238588571548462,-0.021970871835947037,-0.2972707152366638,0.023152494803071022,-0.06982532143592834
1763596003.967702,-0.5109292686007917,-0.25279402685165403,0.20153043421283362,0.11213421076536179,-0.2693651616573334,-0.02301676757633686,,,,,,
1763596003.969261,,,,,,,0.011654376983642578,0.005028977990150452,-0.02628636732697487,-0.21890012919902802,0.000883940199855715,-0.04914774000644684
1763596003.977755,-0.5268441922217607,-0.2819353656619787,0.22023257739953694,0.06135571748018265,-0.1431664675474167,-0.022308899089694023,,,,,,
1763596003.979292,,,,,,,0.007074117660522461,0.003925502300262451,-0.026977308094501495,-0.1296301633119583,-0.001147785340435803,-0.032868366688489914
1763596003.987808,-0.5072859436623752,-0.2452835050910711,0.25375278888121244,0.01759682223200798,-0.04869626834988594,-0.008630698546767235,,,,,,
1763596003.989324,,,,,,,-0.0021021366119384766,0.0025276243686676025,-0.021835092455148697,-0.05930143594741821,-0.001062031602486968,-0.018220117315649986
1763596003.99786,-0.45117578777521844,-0.16663608483374118,0.26069427858218547,-0.029609574005007744,0.02098267711699009,0.0006464230827987194,,,,,,
1763596003.999353,,,,,,,-0.00830221176147461,0.0007867515087127686,-0.01940441131591797,-0.03179097920656204,-0.007781187072396278,-0.02353179082274437
1763596004.007913,-0.3008027824129909,-0.1176788694411516,0.2218003381729126,-0.07189439982175827,0.07886682450771332,-0.008147495798766613,,,,,,
1763596004.009384,,,,,,,-0.010216832160949707,-0.01412460207939148,-0.016722436994314194,-0.0596906878054142,0.0037353867664933205,-0.02593635953962803
1763596004.017966,-0.008418978375010192,-0.04806348142325878,0.1785306668974459,-0.09663090109825134,0.11636226624250412,-0.037324558943510056,,,,,,
1763596004.019414,,,,,,,-0.006491482257843018,-0.04043653607368469,-0.011796712875366211,-0.15173938870429993,0.012329673394560814,-0.02828819677233696
1763596004.028019,0.32350298225991425,-0.020160159975290297,0.12993790090307591,-0.08987902849912643,0.08303691446781158,-0.07536483556032181,,,,,,
1763596004.029445,,,,,,,-0.004288733005523682,-0.06237877905368805,-0.013373613357543945,-0.23509792983531952,0.019994517788290977,-0.020502779632806778
1763596004.038072,0.6360203139945865,-0.00782265644967556,0.10988280873745679,-0.03673432022333145,-0.0631898045539856,-0.10234399139881134,,,,,,
1763596004.039476,,,,,,,-0.0025983452796936035,-0.07096277177333832,-0.022299762815237045,-0.318799763917923,0.02175380103290081,-0.00802906509488821
1763596004.048125,0.7424683990430087,0.051259647116065024,0.15052607703208923,0.04779129475355148,-0.3090544044971466,-0.0995272621512413,,,,,,
1763596004.049506,,,,,,,0.005688190460205078,-0.05311499536037445,-0.027866601943969727,-0.3884934186935425,0.0028586741536855698,0.004980476573109627
1763596004.058178,0.6690636286795139,0.14231179091632365,0.19299875271096825,0.13399621844291687,-0.5680162310600281,-0.08074319362640381,,,,,,
1763596004.059537,,,,,,,0.012021362781524658,-0.033418282866477966,-0.03023684397339821,-0.4044143259525299,-0.013913115486502647,0.028437599539756775
1763596004.068231,0.4934649235807359,0.1748217293769121,0.20823234300427138,0.1938021183013916,-0.7327096462249756,-0.06527198106050491,,,,,,
1763596004.069568,,,,,,,0.013534247875213623,-0.023611128330230713,-0.03236973658204079,-0.3995557427406311,-0.025830760598182678,0.04295801743865013
1763596004.078284,0.2403700871516019,0.13176760054826736,0.1979785869501531,0.2064899504184723,-0.7535904049873352,-0.06279470771551132,,,,,,
1763596004.079598,,,,,,,0.013402044773101807,-0.004895240068435669,-0.03026449680328369,-0.3821333348751068,-0.03553851693868637,0.05132966488599777
1763596004.088337,-0.08294150072205811,0.018384382474422454,0.18422478688582777,0.17747972905635834,-0.6503757238388062,-0.06997572630643845,,,,,,
1763596004.089629,,,,,,,0.014185786247253418,0.012399569153785706,-0.02881324291229248,-0.3338271379470825,-0.04726254940032959,0.05085422471165657
1763596004.09839,-0.39158009132724253,-0.0907663125962019,0.24575068421140311,0.10273810476064682,-0.5012972950935364,-0.07433905452489853,,,,,,
1763596004.09966,,,,,,,0.016048848628997803,0.020337611436843872,-0.030104879289865494,-0.3059864640235901,-0.05502752959728241,0.05421486869454384
1763596004.108443,-0.5387943038649857,-0.07551496745049953,0.38140396708659824,-0.001500002108514309,-0.3488506078720093,-0.08591100573539734,,,,,,
1763596004.10969,,,,,,,0.0186728835105896,0.026567280292510986,-0.02943289279937744,-0.2940836250782013,-0.06769698113203049,0.048925429582595825
1763596004.118495,-0.48396834256947036,-0.0050888475716114046,0.4011700862430036,-0.08101959526538849,-0.19699396193027496,-0.12141600251197815,,,,,,
1763596004.119721,,,,,,,0.019765257835388184,0.015359759330749512,-0.027632709592580795,-0.26206710934638977,-0.07829583436250687,0.05354654788970947
1763596004.128548,-0.30777894156854596,-0.005157236632704735,0.18456059471145272,-0.11119598150253296,-0.06670647859573364,-0.15581858158111572,,,,,,
1763596004.129751,,,,,,,0.012156426906585693,0.003618597984313965,-0.023388031870126724,-0.23310604691505432,-0.07395008951425552,0.06769372522830963
1763596004.138601,-0.09483807381344958,-0.046017070287466044,0.104672526743263,-0.10592985153198242,-0.014147398993372917,-0.16089670360088348,,,,,,
1763596004.139782,,,,,,,0.0036635994911193848,0.023602768778800964,-0.021865252405405045,-0.18233022093772888,-0.06495232880115509,0.08790126442909241
1763596004.148654,0.057637785579543556,-0.08689151698946952,0.12463402234129607,-0.08700667321681976,-0.0434989407658577,-0.12631045281887054,,,,,,
1763596004.149813,,,,,,,-0.0009945034980773926,0.05347554385662079,-0.027354955673217773,-0.08031119406223297,-0.06991247087717056,0.10377676039934158
1763596004.158707,0.12954891985179856,-0.0266302327722311,0.19082761921696365,-0.06953420490026474,-0.09638985246419907,-0.06718267500400543,,,,,,
1763596004.159843,,,,,,,0.002016603946685791,0.06777690351009369,-0.032352205365896225,0.03216235339641571,-0.07565717399120331,0.10319699347019196
1763596004.16876,0.16417197800884023,0.0836596954613924,0.20461086457148192,-0.06702397018671036,-0.1194184198975563,-0.008763806894421577,,,,,,
1763596004.169874,,,,,,,0.007250964641571045,0.06931096315383911,-0.029772400856018066,0.10457959771156311,-0.09019456803798676,0.08996274322271347
1763596004.178813,0.13248351199897004,0.1120329725086689,0.17558336139917372,-0.07570241391658783,-0.10001596063375473,0.023993074893951416,,,,,,
1763596004.179906,,,,,,,0.008891582489013672,0.06226465106010437,-0.020471934229135513,0.13506107032299042,-0.10701962560415268,0.06306189298629761
1763596004.188866,0.06464653183044865,0.052908583366870876,0.11447846596464514,-0.07785318046808243,-0.05907631665468216,0.024509254842996597,,,,,,
1763596004.189935,,,,,,,0.005908370018005371,0.042668506503105164,-0.011677388101816177,0.11490767449140549,-0.11296220123767853,0.03162107616662979
1763596004.198919,-0.012364428065158426,-0.037331075006723405,0.08393953531607985,-0.07175427675247192,-0.04425422474741936,0.010445632040500641,,,,,,
1763596004.199966,,,,,,,-0.001408398151397705,0.017148524522781372,0.0015271902084350586,0.05809418484568596,-0.09963627904653549,0.009269696660339832
1763596004.208972,-0.07000667062411084,-0.08456453534662724,0.09206585088744759,-0.061588823795318604,-0.07234229147434235,0.00011439621448516846,,,,,,
1763596004.209997,,,,,,,-0.009759664535522461,-0.0004913359880447388,0.008714672178030014,-0.0362115316092968,-0.07677436619997025,-0.008249042555689812
1763596004.219025,-0.049052857786789535,-0.05819032316207885,0.1239874680660665,-0.06372840702533722,-0.11297893524169922,-0.0008440753445029259,,,,,,
1763596004.220027,,,,,,,-0.013562679290771484,-0.00011175870895385742,0.007189750671386719,-0.1161617636680603,-0.055303964763879776,-0.01793815568089485
1763596004.229078,0.02898819407522678,-0.05225450337231159,0.016559212873876093,-0.0708894282579422,-0.1243390440940857,-0.0005652790423482656,,,,,,
1763596004.230058,,,,,,,-0.010224103927612305,0.006838664412498474,0.004378557205200195,-0.13417737185955048,-0.05297689512372017,-0.01915322244167328
1763596004.239131,0.07090170150138438,-0.03369768694043159,-0.1524715120114386,-0.07145241647958755,-0.09633990377187729,0.005781300365924835,,,,,,
1763596004.240088,,,,,,,0.0005959868431091309,0.01717492938041687,-0.0004860199987888336,-0.10139225423336029,-0.07589099556207657,-0.015634920448064804
1763596004.249183,0.1004383963048458,0.007111877831816673,-0.24298121949806809,-0.06921074539422989,-0.06121691316366196,0.023721259087324142,,,,,,
1763596004.250119,,,,,,,0.005982935428619385,0.02254509925842285,-0.0033311881124973297,-0.03748178854584694,-0.10157185792922974,-0.013995013199746609
1763596004.259236,0.053596821359358726,0.036221067938208576,-0.19034356202706693,-0.07467076182365417,-0.04632531479001045,0.04942689090967178,,,,,,
1763596004.26015,,,,,,,0.00322723388671875,0.028144925832748413,-0.00011801719665527344,0.0069618429988622665,-0.1093919649720192,-0.014512998051941395
1763596004.269289,-0.001306479488685727,0.0803875419229269,-0.09697218149900436,-0.08833706378936768,-0.06000271812081337,0.06645233929157257,,,,,,
1763596004.27018,,,,,,,0.0008226633071899414,0.03363920748233795,0.008329983800649643,-0.003082360839471221,-0.1180054321885109,-0.03023064136505127
1763596004.279342,-0.008839925467129797,0.11555004071891307,-0.08707491073235869,-0.09174138307571411,-0.0795266181230545,0.06805369257926941,,,,,,
1763596004.280211,,,,,,,0.0038900375366210938,0.025215446949005127,0.014178156852722168,-0.03249777480959892,-0.11954233795404434,-0.04421170428395271
1763596004.289395,0.017968860476091503,0.13535714947283267,-0.1370012634180486,-0.07119214534759521,-0.11268696188926697,0.06397834420204163,,,,,,
1763596004.290243,,,,,,,0.009651601314544678,0.002798303961753845,0.025354860350489616,-0.10924466699361801,-0.11836708337068558,-0.06373200565576553
1763596004.299448,-0.014198895217012612,0.15102525872588157,-0.17407997109889983,-0.03052780218422413,-0.16923412680625916,0.07265305519104004,,,,,,
1763596004.300272,,,,,,,0.01072460412979126,-0.008992359042167664,0.03870832920074463,-0.1786695420742035,-0.12122093141078949,-0.09160172194242477
1763596004.309501,-0.10739606995563954,0.1832914515584707,-0.14068272840976714,0.015912901610136032,-0.23429936170578003,0.08887076377868652,,,,,,
1763596004.310303,,,,,,,0.006242096424102783,-0.01417781412601471,0.04469406604766846,-0.20501436293125153,-0.1040339544415474,-0.10815013945102692
1763596004.319554,-0.21360935986749827,0.20438626203536986,-0.10507847719565033,0.04899042472243309,-0.2762260437011719,0.10679011046886444,,,,,,
1763596004.320334,,,,,,,0.00192183256149292,-0.0028600841760635376,0.04483366012573242,-0.20703677833080292,-0.08828428387641907,-0.12582553923130035
1763596004.329607,-0.3461302995337173,0.17368308073580263,-0.04567804759144783,0.06402497738599777,-0.27166587114334106,0.11385657638311386,,,,,,
1763596004.330364,,,,,,,0.0024937987327575684,0.012557730078697205,0.044445157051086426,-0.165514275431633,-0.07657329738140106,-0.13941745460033417
1763596004.33966,-0.45780463133044536,0.10224807607531547,-0.03958849854469299,0.054718293249607086,-0.21961943805217743,0.11379373073577881,,,,,,
1763596004.340395,,,,,,,0.004748642444610596,0.01622961461544037,0.036083340644836426,-0.12987957894802094,-0.05679373815655708,-0.14220312237739563
1763596004.349713,-0.5432474473489448,0.03782908765673637,0.0002618658065795898,0.027032306417822838,-0.14028488099575043,0.11341887712478638,,,,,,
1763596004.350425,,,,,,,0.007074713706970215,0.011626660823822021,0.03487801179289818,-0.0782821848988533,-0.04885405674576759,-0.13796204328536987
1763596004.359766,-0.572790973751992,0.027077392017841338,-0.02982230681180954,-0.002024644985795021,-0.049144309014081955,0.11163082718849182,,,,,,
1763596004.360456,,,,,,,0.00922393798828125,-0.0050622522830963135,0.03682529926300049,-0.026691429316997528,-0.035630129277706146,-0.13529302179813385
1763596004.369819,-0.5290030872887,0.03135550772845745,-0.04677124965563416,-0.028083432465791702,0.02659779042005539,0.11322177946567535,,,,,,
1763596004.370487,,,,,,,0.004532575607299805,-0.008343115448951721,0.03766465187072754,-0.0072250827215611935,-0.01928338035941124,-0.13375124335289001
1763596004.379871,-0.4690658108614385,0.07778758855760097,-0.09979542222619056,-0.041940659284591675,0.06726080179214478,0.1216040775179863,,,,,,
1763596004.380517,,,,,,,0.0034355521202087402,-0.0030857324600219727,0.040690064430236816,0.00356737757101655,-0.012854775413870811,-0.13389770686626434
1763596004.389924,-0.3723815429257229,0.1066343283355236,-0.15940627971068025,-0.03497001901268959,0.07946714758872986,0.12110525369644165,,,,,,
1763596004.390548,,,,,,,0.005599081516265869,-0.016447514295578003,0.03953886032104492,0.015629492700099945,-0.01958937756717205,-0.13621945679187775
1763596004.399977,-0.26694411449087785,0.07648644283115863,-0.19129881692528725,-0.011778680607676506,0.07443617284297943,0.11408942192792892,,,,,,
1763596004.400579,,,,,,,0.004288077354431152,-0.039342060685157776,0.03658008947968483,-0.0029918609652668238,-0.01837177947163582,-0.13095413148403168
1763596004.41003,-0.19364718841603024,0.03629237960875034,-0.19464009017720818,0.014150753617286682,0.04583997651934624,0.10117863863706589,,,,,,
1763596004.410609,,,,,,,-0.0011778473854064941,-0.050690293312072754,0.03394842520356178,-0.008437417447566986,-0.0074754562228918076,-0.11698983609676361
1763596004.420083,-0.16851872024256734,-0.03366203110516071,-0.12677110743522643,0.03228900954127312,0.001927645062096417,0.0848553255200386,,,,,,
1763596004.42064,,,,,,,-0.004671990871429443,-0.04859398305416107,0.02398514561355114,0.006330610252916813,0.004464027471840382,-0.09540411829948425
1763596004.430136,-0.17167824371941387,-0.08965104483067989,-0.032613837226480244,0.03373412787914276,-0.037200361490249634,0.07069455832242966,,,,,,
1763596004.430671,,,,,,,-0.00483858585357666,-0.032556429505348206,0.014430280774831772,0.02048451080918312,-0.00030702538788318634,-0.08289311826229095
1763596004.440189,-0.1631602254167199,-0.13887246411740778,0.027390695750713345,0.030133800581097603,-0.05239875614643097,0.05838729068636894,,,,,,
1763596004.440701,,,,,,,-0.001921534538269043,-0.020376548171043396,0.006351469084620476,0.03493029624223709,-0.009228881448507309,-0.07168333977460861
1763596004.450242,-0.1397808020008262,-0.21974515920877455,0.011205284625291823,0.024384571239352226,-0.03794211521744728,0.04931475222110748,,,,,,
1763596004.450732,,,,,,,-0.005551278591156006,-0.023489996790885925,0.0005583837628364563,0.0482470877468586,-0.014921121299266815,-0.0596688911318779
1763596004.460295,-0.10500823410418815,-0.2938029135882854,-0.008554039464145898,0.01880578137934208,-0.01827360689640045,0.04832245782017708,,,,,,
1763596004.460763,,,,,,,-0.019947409629821777,-0.029444009065628052,-0.0016312599182128906,0.04603905975818634,-0.001974696759134531,-0.055616624653339386
1763596004.470348,-0.09441087964363395,-0.3270657162427902,0.03804287653788924,0.010952144861221313,-0.014257491566240788,0.052547063678503036,,,,,,
1763596004.470793,,,,,,,-0.02980905771255493,-0.027784258127212524,-0.0012392997741699219,0.07101570069789886,0.014701484702527523,-0.05001932755112648
1763596004.480401,-0.12399468325814232,-0.3017342911094427,0.07591872594580054,0.005980821792036295,-0.023790009319782257,0.0590510368347168,,,,,,
1763596004.480824,,,,,,,-0.028548896312713623,-0.019964605569839478,-0.0023109912872314453,0.08861413598060608,0.018481574952602386,-0.04639929160475731
1763596004.490454,-0.18806633781008422,-0.23161796783208846,0.07862403938174248,0.002997612813487649,-0.041847217828035355,0.060411449521780014,,,,,,
1763596004.490855,,,,,,,-0.01883721351623535,-0.0027042031288146973,-0.006205558776855469,0.10616585612297058,-0.00022792955860495567,-0.04828773811459541
1763596004.500506,-0.27595755162769925,-0.1792921527892351,0.0004338613726198673,0.00430256174877286,-0.050636716187000275,0.050729528069496155,,,,,,
1763596004.500885,,,,,,,-0.007989287376403809,0.009552732110023499,-0.006639599800109863,0.12797342240810394,-0.022990500554442406,-0.04972744360566139
1763596004.510559,-0.2541282163311727,-0.12231705063581466,-0.06509571863636374,0.0020412716548889875,-0.027236584573984146,0.042196761816740036,,,,,,
1763596004.510916,,,,,,,-0.004194796085357666,0.007816493511199951,-0.006478309631347656,0.12204041332006454,-0.03318401426076889,-0.05956768989562988
1763596004.520612,-0.18985406147707254,-0.12935995488464833,-0.08832140366211533,-0.0018067625351250172,0.012369534000754356,0.03888172656297684,,,,,,
1763596004.520947,,,,,,,-0.00729447603225708,0.005849182605743408,-0.0033919773995876312,0.09989143908023834,-0.03713721036911011,-0.06830152869224548
1763596004.530665,-0.11635469903214835,-0.13386428056657312,-0.06760331754311918,-0.01907896064221859,0.04673789441585541,0.041598156094551086,,,,,,
1763596004.530977,,,,,,,-0.011721611022949219,0.005159690976142883,0.004007337614893913,0.053899817168712616,-0.05062825232744217,-0.0744435042142868
1763596004.540718,0.002970074452506378,-0.13021218779981136,-0.04574453695639968,-0.032481849193573,0.08818600326776505,0.044583290815353394,,,,,,
1763596004.541009,,,,,,,-0.017906248569488525,-0.002987310290336609,0.012345675379037857,0.038028180599212646,-0.05965796858072281,-0.0803740993142128
1763596004.550771,0.17279015048407018,-0.13064064234495162,-0.060627779442071913,-0.0377131849527359,0.12865597009658813,0.04052697867155075,,,,,,
1763596004.551039,,,,,,,-0.028667449951171875,-0.023231327533721924,0.017550349235534668,-0.003307461505755782,-0.02379131317138672,-0.07765168696641922
1763596004.560824,0.2530062813628465,-0.12986089014410973,-0.054946080543845886,-0.034779179841279984,0.12374883890151978,0.03558281809091568,,,,,,
1763596004.56107,,,,,,,-0.03564321994781494,-0.016186878085136414,0.01568901538848877,-0.032175060361623764,0.00854905042797327,-0.061507873237133026
1763596004.570877,0.2667540170125663,-0.0902384893298149,-0.013162263911962508,-0.025284921750426292,0.07327356934547424,0.030830783769488335,,,,,,
1763596004.5711,,,,,,,-0.026232123374938965,0.0016956180334091187,0.006922721862792969,0.001337265595793724,0.005817978642880917,-0.03873511031270027
1763596004.58093,0.2517886309350841,-0.052958267727494235,-0.07005728656649589,0.0032931934110820293,0.015828385949134827,0.026988906785845757,,,,,,
1763596004.581131,,,,,,,-0.012177348136901855,0.006676539778709412,-0.0012631434947252274,0.044598985463380814,-0.004206425976008177,-0.021608324721455574
1763596004.590983,0.2591010180413723,-0.015458850416541098,-0.05944017709270119,0.03017880581319332,-0.02644033171236515,0.02368277870118618,,,,,,
1763596004.591162,,,,,,,-0.010426878929138184,0.007948741316795349,0.0018887482583522797,0.07052575051784515,-0.00179892813321203,-0.0099573265761137
1763596004.601036,0.24873907063873482,-0.07128185992538928,-0.03676043551191687,0.03842581436038017,-0.04467020183801651,0.02339089661836624,,,,,,
1763596004.601192,,,,,,,-0.018446147441864014,0.012447476387023926,0.0023092012852430344,0.10563154518604279,0.012971495278179646,0.00668476615101099
1763596004.611089,0.18427777744838966,-0.14849018729031085,0.00931143370270729,0.029121149331331253,-0.049050793051719666,0.013928551226854324,,,,,,
1763596004.611223,,,,,,,-0.024853169918060303,0.018675804138183594,0.0015922784805297852,0.13475413620471954,0.02813819795846939,0.01155941653996706
1763596004.621141,0.12286600802177562,-0.17301964839100836,-0.030807518456876275,0.016214938834309578,-0.0389891043305397,-0.0008485314901918173,,,,,,
1763596004.621254,,,,,,,-0.02587413787841797,0.024985656142234802,0.004779098555445671,0.12174379080533981,0.016263429075479507,0.004962500184774399
1763596004.631194,0.07867543164226226,-0.1212386077493429,-0.11728300199136137,0.007261715829372406,-0.013059554621577263,-0.018969779834151268,,,,,,
1763596004.631284,,,,,,,-0.0173833966255188,0.014636263251304626,0.007944699376821518,0.0909072756767273,0.0029351068660616875,0.00024144770577549934
1763596004.641247,0.0892188730916474,-0.038923312634229656,-0.14370952888503669,0.012914009392261505,0.01823951117694378,-0.03072497248649597,,,,,,
1763596004.641315,,,,,,,-0.015704751014709473,-0.01267118752002716,0.010830163955688477,0.023420382291078568,0.020510638132691383,0.0058300914242863655
1763596004.6513,0.11437653996013104,-0.022093173864483832,-0.09552724338769912,0.020163223147392273,0.02532101422548294,-0.030252953991293907,,,,,,
1763596004.651346,,,,,,,-0.019159913063049316,-0.014953911304473877,0.011450294405221939,-0.032737355679273605,0.0376235768198967,0.011610815301537514
1763596004.661353,0.09987772108162753,-0.05422025048732757,-0.047570583339780564,0.01786065474152565,0.005005622282624245,-0.023620352149009705,,,,,,
1763596004.661376,,,,,,,-0.018211662769317627,0.001252695918083191,0.006007671356201172,-0.04614584147930145,0.038145292550325394,0.016448447480797768
1763596004.671406,0.08787166886692867,-0.06968494612276553,-0.037545010018348694,0.013962291181087494,-0.012594415806233883,-0.01887015998363495,,,,,,
1763596004.671407,,,,,,,-0.011096358299255371,0.012206599116325378,-0.0005443096160888672,-0.017106493934988976,0.022396156564354897,0.020012356340885162
1763596004.681438,,,,,,,-0.0060076117515563965,0.007436320185661316,1.9315630197525024e-05,0.011118220165371895,0.011126724071800709,0.028029002249240875
1763596004.681459,0.1383942338800989,-0.04369184221029281,-0.09895955592393875,0.017679531127214432,0.0029861419461667538,-0.017694374546408653,,,,,,
1763596004.691468,,,,,,,-0.007858037948608398,0.00852106511592865,0.0006263256072998047,0.026305070146918297,0.018165191635489464,0.03811153024435043
1763596004.691512,0.12086269624219276,-0.03946574894785881,-0.09204933814406395,0.023178040981292725,0.026604363694787025,-0.017398864030838013,,,,,,
1763596004.701499,,,,,,,-0.008647501468658447,0.020178601145744324,-0.0005445480346679688,0.059088051319122314,0.018947096541523933,0.043298035860061646
1763596004.701565,0.013006703457492403,-0.05426584319472313,-0.0022093466125428676,0.020464811474084854,0.030941586941480637,-0.016157032921910286,,,,,,
1763596004.711529,,,,,,,-0.005940854549407959,0.02205987274646759,-0.003626342862844467,0.07398667931556702,0.01754014752805233,0.03994119167327881
1763596004.711616,-0.1187359772786498,-0.046267830178141595,0.053256958413124084,0.015800226479768753,0.01881113089621067,-0.013783203437924385,,,,,,
1763596004.72156,,,,,,,-0.0033614039421081543,0.01820233464241028,-0.0018121004104614258,0.062184352427721024,0.016733210533857346,0.032988741993904114
1763596004.721669,-0.15921293082935734,-0.0432785852342844,0.06682824151739478,0.008797443471848965,0.019440967589616776,-0.01663544774055481,,,,,,
1763596004.731591,,,,,,,-0.003193378448486328,0.0035681873559951782,0.0021331310272216797,0.04326693341135979,0.022320788353681564,0.023882728070020676
1763596004.731721,-0.11785242677661589,-0.02855389431118965,0.0519230794608593,0.0037542760837823153,0.038346897810697556,-0.023299990221858025,,,,,,
1763596004.741621,,,,,,,-0.006088316440582275,-0.0036953389644622803,0.00501859188079834,0.026641087606549263,0.034959085285663605,0.015404021367430687
1763596004.741774,-0.06187908554426394,-0.03770049284100532,0.025546090797334907,-0.000870303250849247,0.0631268173456192,-0.026178335770964622,,,,,,
1763596004.751652,,,,,,,-0.007518768310546875,0.0010823160409927368,0.004940155893564224,0.03212735429406166,0.037250734865665436,0.014647617936134338
1763596004.751827,-0.0434046684325207,-0.03527063534557819,0.01909866822361946,-0.004094453528523445,0.07195389270782471,-0.02894412912428379,,,,,,
1763596004.761683,,,,,,,-0.0028714537620544434,0.00876888632774353,0.001911638304591179,0.047862909734249115,0.03420860692858696,0.015701165422797203
1763596004.76188,-0.051220548081537705,-0.031360768425464626,-0.0024630291126668453,-0.00018786266446113586,0.05713286250829697,-0.025119563564658165,,,,,,
1763596004.771713,,,,,,,0.002016425132751465,0.009349152445793152,0.0002944469451904297,0.056963443756103516,0.026006337255239487,0.018515393137931824
1763596004.771933,-0.04946959449467249,0.02092646817266941,-0.002716711612790823,0.011735295876860619,0.02494289167225361,-0.020086389034986496,,,,,,
1763596004.781744,,,,,,,0.004872262477874756,0.005464687943458557,0.0012614764273166656,0.06805205345153809,0.014751818962395191,0.017977168783545494
1763596004.781986,-0.055922912519634695,0.07041209135353564,-0.016942805363982915,0.01926005817949772,0.00046870799269527197,-0.013455651700496674,,,,,,
1763596004.791775,,,,,,,0.005130350589752197,-0.0016079694032669067,0.0013815201818943024,0.0751403197646141,0.013582690618932247,0.021399330347776413
1763596004.792039,-0.06233076570136472,0.06743979754447936,-0.062384852242469785,0.024333642795681953,0.0026371164713054895,-0.010342735797166824,,,,,,
1763596004.801805,,,,,,,0.004380226135253906,-0.003986269235610962,0.004939679056406021,0.07441327720880508,0.01765706203877926,0.02390536479651928
1763596004.802092,-0.07084907169842626,0.040782676765322684,-0.0745722797729075,0.026503853499889374,0.025544829666614532,-0.012934790924191475,,,,,,
1763596004.811836,,,,,,,0.0007390379905700684,-0.00014129281044006348,0.00697481632232666,0.0707983672618866,0.01699819602072239,0.022486167028546333
1763596004.812145,-0.11810242861546576,-0.01401274326145649,-0.05333060817122459,0.024220077320933342,0.046028509736061096,-0.013628105632960796,,,,,,
1763596004.821866,,,,,,,-0.002654433250427246,0.004315316677093506,0.006490468978881836,0.07091288268566132,0.011409019120037556,0.02132662571966648
1763596004.822198,-0.14958045761189423,-0.048532852500677105,0.013275807289034127,0.014792220667004585,0.057216983288526535,-0.016721898689866066,,,,,,
1763596004.831897,,,,,,,-0.0045166015625,-0.005455672740936279,0.007984161376953125,0.07276804745197296,0.0198816005140543,0.025906797498464584
1763596004.832251,-0.1547945115989074,-0.05295943677127361,0.04972659232988953,0.0007385381031781435,0.06503317505121231,-0.02228422835469246,,,,,,
1763596004.841928,,,,,,,-0.007241785526275635,-0.013099312782287598,0.008244279772043228,0.05449077486991882,0.041395679116249084,0.030261598527431488
1763596004.842303,-0.11310195344705135,-0.03000175503194332,0.007363952896744012,-0.011030769906938076,0.08318901062011719,-0.03337709233164787,,,,,,
1763596004.851958,,,,,,,-0.006501317024230957,-0.005788087844848633,0.005316738039255142,0.049913015216588974,0.04835744947195053,0.04058753699064255
1763596004.852356,-0.08882073148638009,-0.025770401072502135,-0.01981061588525772,-0.01891496405005455,0.09296470135450363,-0.043876927345991135,,,,,,
1763596004.861989,,,,,,,0.0014595985412597656,0.00021386146545410156,0.001256350427865982,0.06228499487042427,0.034174785017967224,0.04426136985421181
1763596004.862409,-0.07953989385133609,-0.004569792133569717,-0.07299509358406066,-0.016796421259641647,0.09206828474998474,-0.047480180859565735,,,,,,
1763596004.87202,,,,,,,0.0054084062576293945,0.0005452185869216919,0.004108194261789322,0.07652685046195984,0.018652550876140594,0.04293544963002205
1763596004.872462,-0.027306373901548792,0.03553659280538559,-0.11312953557372092,-0.004105720203369856,0.0837857648730278,-0.04095843434333801,,,,,,
1763596004.88205,,,,,,,0.0011876225471496582,-0.0008913278579711914,0.007475137710571289,0.075160913169384,0.017278360202908516,0.04403373599052429
1763596004.882515,0.0025809678203542715,0.025932898157835005,-0.09471709604859352,0.008921131491661072,0.0678214430809021,-0.028177659958600998,,,,,,
1763596004.892081,,,,,,,-0.0033740997314453125,0.004668310284614563,0.009825468063354492,0.06692273914813995,0.01766558364033699,0.03989584743976593
1763596004.892568,-0.015004681474831886,-0.005346037203073501,-0.05528992554545402,0.015714557841420174,0.044591017067432404,-0.019743839278817177,,,,,,
1763596004.902112,,,,,,,-0.007338047027587891,0.004350230097770691,0.010107997804880142,0.07025168836116791,0.011728598736226559,0.03665105253458023
1763596004.902621,-0.05923943035621196,-0.02634089443683624,-0.07929492438063025,0.018057607114315033,0.04475746303796768,-0.023656556382775307,,,,,,
1763596004.912142,,,,,,,-0.0076337456703186035,-0.002435058355331421,0.00880766287446022,0.05307910591363907,0.02674030512571335,0.03454083204269409
1763596004.912674,-0.0672305478411261,-0.04629764079451561,-0.08044321763291955,0.015406759455800056,0.06343802809715271,-0.03457571193575859,,,,,,
1763596004.922173,,,,,,,-0.007378935813903809,0.0025661885738372803,0.007596367970108986,0.03256583958864212,0.036035533994436264,0.03164517506957054
1763596004.922727,-0.060379334806068795,-0.03866904561221599,-0.02389160158857703,0.010530778206884861,0.07117211073637009,-0.03951241075992584,,,,,,
1763596004.932203,,,,,,,-0.005381524562835693,0.00854484736919403,0.004976153373718262,0.04122353345155716,0.0332525335252285,0.029488416388630867
1763596004.93278,-0.07751794130336492,-0.030342531293630598,0.014253127888590096,0.002104150829836726,0.06598284840583801,-0.037201568484306335,,,,,,
1763596004.942234,,,,,,,-0.0020601749420166016,0.01016409695148468,0.005052089691162109,0.04616396129131317,0.03432658687233925,0.026721125468611717
1763596004.942833,-0.03381742259627208,-0.0072737903952598566,-0.013883563923835754,-0.0011491668410599232,0.058289241045713425,-0.034310974180698395,,,,,,
1763596004.952265,,,,,,,-0.0015567541122436523,0.015042662620544434,0.009790420532226562,0.05616047605872154,0.030584311112761497,0.02474432811141014
1763596004.952886,0.008072681121411733,0.041370705786347384,-0.07861570994481444,0.002240474335849285,0.06269815564155579,-0.024669140577316284,,,,,,
1763596004.962295,,,,,,,-0.0015118718147277832,0.01735687255859375,0.012758135795593262,0.06827385723590851,0.029313983395695686,0.02618083730340004
1763596004.962938,0.028975489857280625,0.07065583698153495,-0.11882964691147208,0.005861308425664902,0.07824782282114029,-0.02152154967188835,,,,,,
1763596004.972326,,,,,,,-0.0010939240455627441,0.014574483036994934,0.009897828102111816,0.07685541361570358,0.0326479934155941,0.026187559589743614
1763596004.972991,0.02047570133102126,0.0813847362667322,-0.12072247492074965,0.003187437541782856,0.09888538718223572,-0.022240467369556427,,,,,,
1763596004.982357,,,,,,,-0.0018618106842041016,0.01269504427909851,0.007519248872995377,0.059660982340574265,0.0328887440264225,0.022504141554236412
1763596004.983044,0.05157122924930881,0.06286416019201278,-0.07994286689534782,-0.003667006269097328,0.10765544325113297,-0.026083940640091896,,,,,,
1763596004.992387,,,,,,,-0.0013995766639709473,0.014396563172340393,0.008795619010925293,0.05049193650484085,0.030455680564045906,0.02539067715406418
1763596004.993097,0.11282468000878579,0.07699965305030346,-0.0789246297635138,-0.002799561247229576,0.10018327832221985,-0.023489683866500854,,,,,,
1763596005.002418,,,,,,,-0.0019954442977905273,0.009344696998596191,0.009427662938833237,0.028130970895290375,0.03047538734972477,0.017489876598119736
1763596005.00315,0.17004116230318322,0.047804538226127624,-0.10392200063690543,0.009652048349380493,0.0706472247838974,-0.01671566814184189,,,,,,
1763596005.012449,,,,,,,-0.004552304744720459,0.006465598940849304,0.01128697395324707,0.0061434181407094,0.039050232619047165,0.01471406314522028
1763596005.013203,0.19098596985014155,0.04338847534954548,-0.09081818891391158,0.028437281027436256,0.024136152118444443,-0.012435968965291977,,,,,,
1763596005.022479,,,,,,,-0.004985511302947998,0.007132798433303833,0.009853716939687729,-0.001522490638308227,0.04596220329403877,0.018228372558951378
1763596005.023256,0.14442884700237774,0.07000526411831379,-0.09038929597735404,0.046672478318214417,-0.018088800832629204,-0.011645277962088585,,,,,,
1763596005.03251,,,,,,,0.0016522407531738281,0.014901265501976013,0.006294965744018555,0.008976863697171211,0.0379338376224041,0.013958391733467579
1763596005.033309,0.10742702221632934,0.11409165860414504,-0.08416194589510559,0.057276178151369095,-0.03849339485168457,-0.011323915794491768,,,,,,
1763596005.042541,,,,,,,0.005569100379943848,0.025196567177772522,0.0022876299917697906,0.01774878427386284,0.03625817596912384,0.009654989466071129
1763596005.043362,0.055883927649538964,0.08957154985368251,-0.03454538981094956,0.05964958667755127,-0.036123983561992645,-0.01482410915195942,,,,,,
1763596005.052571,,,,,,,0.0038433074951171875,0.03293418884277344,0.0010378398001194,0.018437156453728676,0.030747829005122185,-0.007055746391415596
1763596005.053415,0.019492645110422743,0.01930734253823757,-0.004261310706287622,0.05036033317446709,-0.022565463557839394,-0.008613106794655323,,,,,,
1763596005.062602,,,,,,,-0.0017113685607910156,0.031131058931350708,0.0037869177758693695,0.01154383085668087,0.03161042928695679,-0.021128157153725624
1763596005.063468,0.030429579389421268,-0.013004443001747131,-0.0013876549661159514,0.04546065255999565,-0.003200554521754384,0.005881680175662041,,,,,,
1763596005.072632,,,,,,,-0.00588834285736084,0.02179548144340515,0.007061362266540527,-0.0047762137837708,0.04514514282345772,-0.03466707095503807
1763596005.07352,0.01709479932161048,-0.027498832300305365,-0.013343684893473982,0.0480470173060894,0.011467636562883854,0.026435421779751778,,,,,,
1763596005.082663,,,,,,,-0.007541000843048096,0.021353676915168762,0.008894924074411392,-0.0356808677315712,0.05395914241671562,-0.056402191519737244
1763596005.083573,-0.00793450562658254,-0.01441664788722992,-0.008991115707159042,0.059686362743377686,0.013203751295804977,0.0478067584335804,,,,,,
1763596005.092694,,,,,,,-0.004327118396759033,0.029144108295440674,0.006339430809020996,-0.03721042349934578,0.05140756815671921,-0.07322271913290024
1763596005.093626,-0.043165662911720575,0.0013385551273822783,0.046031244943290944,0.07357829809188843,0.0009704108233563602,0.06447000056505203,,,,,,
1763596005.102724,,,,,,,-0.0015929341316223145,0.03366881608963013,0.0016200505197048187,-0.02257927879691124,0.05160757154226303,-0.0900014266371727
1763596005.103679,-0.08580085394224152,0.0016886837393045423,0.07197101123332977,0.08359604328870773,-0.011058821342885494,0.07277746498584747,,,,,,
1763596005.112755,,,,,,,-0.0010973215103149414,0.036802127957344055,-0.0007921457290649414,-0.003823912004008889,0.05149278789758682,-0.11129806190729141
1763596005.113732,-0.10732340657822786,-0.019897125124931334,0.08536708390116692,0.08881241828203201,-0.013040333054959774,0.08095835894346237,,,,,,
1763596005.122786,,,,,,,-0.0022629499435424805,0.03994482755661011,-0.004168391227722168,0.02015332505106926,0.05531362444162369,-0.13108907639980316
1763596005.123785,-0.10337654124912805,-0.03612637539207935,0.13125300208963453,0.08952188491821289,-0.0024279027711600065,0.09358441084623337,,,,,,
1763596005.132816,,,,,,,-0.0029268264770507812,0.04050914943218231,-0.007207751274108887,0.04809912294149399,0.05757251754403114,-0.1515318900346756
1763596005.133838,-0.1037686001734808,-0.04947276369929313,0.14892441398911177,0.08379708975553513,0.01682141423225403,0.11232782155275345,,,,,,
1763596005.142847,,,,,,,-0.0023314356803894043,0.04315096139907837,-0.007016662508249283,0.0769326388835907,0.06373321264982224,-0.17435678839683533
1763596005.143891,-0.10589681697436608,-0.05784545524716377,0.11012976923584937,0.08604932576417923,0.03619777411222458,0.13614287972450256,,,,,,
1763596005.152878,,,,,,,-0.002603471279144287,0.04493914544582367,-0.008023031055927277,0.11487004905939102,0.0649540051817894,-0.19791623950004578
1763596005.153944,-0.08175954266218469,-0.08016074742972851,0.10868819212540984,0.09215714037418365,0.04251542314887047,0.1619962751865387,,,,,,
1763596005.162908,,,,,,,-0.002136409282684326,0.047429367899894714,-0.012373566627502441,0.1412566602230072,0.0541897714138031,-0.22031928598880768
1763596005.163997,-0.041836916792299596,-0.06899462577104568,0.1125987896978855,0.09614282846450806,0.033712610602378845,0.1840618997812271,,,,,,
1763596005.172939,,,,,,,-0.0008069276809692383,0.04219628870487213,-0.009429220110177994,0.16511841118335724,0.035621147602796555,-0.23448464274406433
1763596005.17405,-0.03138864509636769,-0.0480973836928606,0.10081029835715889,0.09783931076526642,0.023784155026078224,0.19154925644397736,,,,,,
1763596005.18297,,,,,,,0.0005129575729370117,0.02196250855922699,-0.004207611083984375,0.18440289795398712,0.03248181194067001,-0.23431846499443054
1763596005.184102,-0.01128591668002773,0.0035088849037885664,0.037767274466902014,0.09970192611217499,0.04012184962630272,0.17695938050746918,,,,,,
1763596005.193,,,,,,,-0.004221916198730469,0.007381349802017212,-0.0007282495498657227,0.15949231386184692,0.04102523252367973,-0.22852714359760284
1763596005.194155,0.03219746127820108,0.0369043740272522,0.012446662988513707,0.09427423775196075,0.06951770931482315,0.15507523715496063,,,,,,
1763596005.203031,,,,,,,-0.006958365440368652,0.0066006481647491455,-0.0017799101769924164,0.17868146300315857,0.04977238550782204,-0.21294526755809784
1763596005.204208,0.08054547243099659,0.03972586118876934,0.03427285647988319,0.08504984527826309,0.09399189800024033,0.14038684964179993,,,,,,
1763596005.213061,,,,,,,-0.005518853664398193,-0.0017724931240081787,-0.011223196983337402,0.20144277811050415,0.056023892015218735,-0.19562526047229767
1763596005.214261,0.13382610398065298,-0.00400455946624279,0.08022446031570434,0.0749606043100357,0.09648625552654266,0.14259737730026245,,,,,,
1763596005.223092,,,,,,,0.0001621246337890625,-0.001520395278930664,-0.013359900563955307,0.22708502411842346,0.04629403352737427,-0.18200398981571198
1763596005.224314,0.15643124595526606,-0.025451836642622946,0.07645765512809156,0.06741054356098175,0.07871764153242111,0.1537962406873703,,,,,,
1763596005.233123,,,,,,,0.0033788084983825684,-0.0063315629959106445,-0.015733003616333008,0.2552289664745331,0.027551503852009773,-0.16600406169891357
1763596005.234367,0.176433950346522,-0.03972060049176216,0.02712298472523689,0.0570136234164238,0.0599084198474884,0.16062860190868378,,,,,,
1763596005.243153,,,,,,,0.0001518726348876953,-0.02422267198562622,-0.010913610458374023,0.2821199595928192,0.03687656298279762,-0.13794605433940887
1763596005.24442,0.18748316762726752,-0.00795943457186222,-0.030854718599468468,0.05424340069293976,0.0529027096927166,0.15271447598934174,,,,,,
1763596005.253184,,,,,,,-0.006182193756103516,-0.03370070457458496,-0.0035729482769966125,0.26956653594970703,0.049572914838790894,-0.11426869034767151
1763596005.254473,0.13730903245927764,0.02412614099681377,-0.05655139684863388,0.05338124930858612,0.05954853445291519,0.13157787919044495,,,,,,
1763596005.263215,,,,,,,-0.0016568303108215332,-0.03362110257148743,-0.003007657825946808,0.24533896148204803,0.04282686114311218,-0.09359749406576157
1763596005.264526,0.034254042181558905,0.03046761897802353,-0.06859481279850006,0.05245846509933472,0.051514577120542526,0.10314490646123886,,,,,,
1763596005.273245,,,,,,,0.00901329517364502,-0.03607487678527832,-0.008010033518075943,0.21333953738212585,0.03289859741926193,-0.06619569659233093
1763596005.274579,-0.09813859492987394,0.01225333237349987,-0.04016381421461701,0.050581611692905426,0.030652934685349464,0.07899719476699829,,,,,,
1763596005.283276,,,,,,,0.013147354125976562,-0.04235881567001343,-0.0075715817511081696,0.1430824249982834,0.025982635095715523,-0.05817852169275284
1763596005.284632,-0.15179554897863418,-0.005049684605002403,-0.012652706954628229,0.0442827045917511,0.0045805866830050945,0.06214923411607742,,,,,,
1763596005.293307,,,,,,,0.010180354118347168,-0.04492250084877014,-0.0058805979788303375,0.052552636712789536,0.009192204102873802,-0.054792240262031555
1763596005.294684,-0.1510890081444755,-0.005509118810296058,-0.027186113089323043,0.031632184982299805,-0.013442742638289928,0.05056654289364815,,,,,,
1763596005.303337,,,,,,,0.0043981075286865234,-0.05899173021316528,0.0021157264709472656,0.0027997279539704323,0.0036781285889446735,-0.044507380574941635
1763596005.304737,-0.11747963880831375,-0.035063130074739456,-0.07573883933424949,0.024717289954423904,0.005820700898766518,0.036715708673000336,,,,,,
1763596005.313368,,,,,,,-0.0030576586723327637,-0.06996104121208191,0.008448600769042969,-0.05773558095097542,0.02061316929757595,-0.03577660396695137
1763596005.31479,-0.07057493549874053,-0.019527707290649413,-0.0818728120446205,0.01965589076280594,0.03579282760620117,0.02303290367126465,,,,,,
1763596005.323398,,,,,,,-0.006811857223510742,-0.051771461963653564,0.010221600532531738,-0.07358325272798538,0.018245087936520576,-0.023773208260536194
1763596005.324843,-0.08137589537315071,-0.05226853189766407,-0.013348214938119054,0.010841360315680504,0.03855292871594429,0.012843916192650795,,,,,,
1763596005.333429,,,,,,,-0.002462029457092285,-0.03558221459388733,0.004132509231567383,-0.0359317809343338,0.005727697629481554,-0.0014440002851188183
1763596005.334896,-0.13900473046125844,-0.055504445078969,0.029791838608309626,0.011653981171548367,0.01900908537209034,0.0055928658694028854,,,,,,
1763596005.34346,,,,,,,0.004382491111755371,-0.02866983413696289,-0.00025582313537597656,0.0005122469738125801,0.0006610336131416261,0.01477598212659359
1763596005.344949,-0.17559315214082596,-0.02199263609945774,0.04801379706263542,0.017406675964593887,-0.010555463843047619,-0.0018472068477422,,,,,,
1763596005.35349,,,,,,,0.005156755447387695,-0.021623313426971436,-0.0013064183294773102,0.04432499036192894,-0.0008497775997966528,0.02851516380906105
1763596005.355002,-0.22026180349402127,-0.01651975764632225,0.05356792405843734,0.02059604786336422,-0.029174301773309708,-0.004903904162347317,,,,,,
1763596005.363521,,,,,,,0.00331956148147583,-0.01476094126701355,-0.004398465156555176,0.07284318655729294,0.006515726912766695,0.04096437618136406
1763596005.365055,-0.24196347555657846,-0.023497195443511008,0.04064896738305688,0.022379832342267036,-0.018337899819016457,-0.010156456381082535,,,,,,
1763596005.373552,,,,,,,0.0015868544578552246,-0.011205196380615234,-0.003818277269601822,0.07563220709562302,0.01658620499074459,0.03730745613574982
1763596005.375108,-0.2987630750126205,-0.05528992554545402,0.023886048630625007,0.013591933995485306,0.0035457652993500233,-0.01934138499200344,,,,,,
1763596005.383582,,,,,,,0.002183854579925537,-0.011932671070098877,0.0030933618545532227,0.07149392366409302,0.01651882566511631,0.03360326588153839
1763596005.385161,-0.35553332051001485,-0.0838642781227827,0.04066767208352685,0.0067795682698488235,0.03258700296282768,-0.0268605537712574,,,,,,
1763596005.393613,,,,,,,-1.6570091247558594e-05,-0.01232573390007019,0.011529210954904556,0.06807184964418411,0.01988559402525425,0.032852187752723694
1763596005.395214,-0.33808965295180676,-0.07601239557862281,0.06856456379070877,0.0011092845816165209,0.058104775846004486,-0.024358317255973816,,,,,,
1763596005.403644,,,,,,,-0.00295335054397583,-0.004561692476272583,0.016208413988351822,0.05897262692451477,0.02602577768266201,0.024372948333621025
1763596005.405266,-0.3181416378898546,-0.0417447997957468,0.052200142836570734,-0.007858377881348133,0.07821962982416153,-0.020915381610393524,,,,,,
1763596005.413674,,,,,,,-0.005065858364105225,0.0020804107189178467,0.015768051147460938,0.07852786779403687,0.02452215738594532,0.015059209428727627
1763596005.415319,-0.2826469479974359,-0.018176877203583717,-0.003554039219766855,-0.012148583307862282,0.10268507152795792,-0.015807857736945152,,,,,,
1763596005.423705,,,,,,,-0.006509661674499512,0.0017854571342468262,0.013425473123788834,0.10647349059581757,0.02981971763074398,0.00816055666655302
1763596005.425372,-0.18796300529977306,0.02593348267972469,-0.04065349742770195,-0.012785078957676888,0.13314975798130035,-0.009001617319881916,,,,,,
1763596005.433736,,,,,,,-0.005453228950500488,0.008348196744918823,0.008989453315734863,0.115486279129982,0.03949711099267006,0.005154913291335106
1763596005.435425,-0.12935904156919567,0.033117256703972815,-0.07482800809964538,-0.018208961933851242,0.15583987534046173,-0.0002916817320510745,,,,,,
1763596005.443766,,,,,,,0.0014317631721496582,0.01648154854774475,0.00647556409239769,0.13082635402679443,0.030197354033589363,0.004122672136873007
1763596005.445478,-0.09213909878674895,0.04503390446901321,-0.09345920494198799,-0.025074059143662453,0.1601019948720932,0.00796598196029663,,,,,,
1763596005.453797,,,,,,,0.006924808025360107,0.015782028436660767,0.008778095245361328,0.12888501584529877,0.02674030512571335,-0.004242250230163336
1763596005.455531,-0.048250272699631745,0.05908347260951995,-0.1416614372488111,-0.02291467785835266,0.17777349054813385,0.01784379966557026,,,,,,
1763596005.463827,,,,,,,0.0005683302879333496,0.023339420557022095,0.0131303071975708,0.09118850529193878,0.03849043697118759,-0.02455178275704384
1763596005.465584,0.022097776974365112,0.05028232651650905,-0.1753098051548004,0.0010790720116347075,0.2060655802488327,0.047553230077028275,,,,,,
1763596005.473858,,,,,,,-0.009362637996673584,0.03731369972229004,0.01537657156586647,0.03447076678276062,0.055233731865882874,-0.05617475509643555
1763596005.475637,0.04934521006317809,0.020471710142493247,-0.03862973651513457,0.022818218916654587,0.2138606607913971,0.08621842414140701,,,,,,
1763596005.483889,,,,,,,-0.013325154781341553,0.0464971661567688,0.013339757919311523,-0.01747285947203636,0.07631585001945496,-0.09703963249921799
1763596005.48569,0.013881171037349848,0.0094721772223711,0.17573519096001983,0.023961514234542847,0.19588379561901093,0.12757812440395355,,,,,,
1763596005.493919,,,,,,,-0.014733195304870605,0.05662098526954651,0.014407392591238022,-0.07298723608255386,0.0870281457901001,-0.15300416946411133
1763596005.495743,-0.037927049872186036,-0.04422024999856949,0.2117687004368752,0.02042039856314659,0.16749970614910126,0.16882233321666718,,,,,,
1763596005.50395,,,,,,,-0.010218918323516846,0.07473474740982056,0.013222333043813705,-0.12756791710853577,0.1055443063378334,-0.2342582792043686
1763596005.505795,-0.09987305403966457,-0.03339373555779457,0.1247813949227333,0.017726875841617584,0.1407940685749054,0.21432802081108093,,,,,,
1763596005.513981,,,,,,,-0.004207789897918701,0.10558781027793884,0.01671599969267845,-0.19357943534851074,0.11934081465005875,-0.3346562683582306
1763596005.515848,-0.16741388253951445,0.0015355390042066574,-0.04503390446901321,0.07849077135324478,0.15795165300369263,0.2837715744972229,,,,,,
1763596005.524011,,,,,,,0.006276726722717285,0.156487375497818,0.016849160194396973,-0.2227727323770523,0.11397853493690491,-0.4301273822784424
1763596005.525901,-0.22382121300864963,0.0717255120396614,-0.0044541298646479845,0.1558838188648224,0.14950597286224365,0.37883204221725464,,,,,,
1763596005.534042,,,,,,,0.01680159568786621,0.20019179582595825,0.01903081312775612,-0.22930148243904114,0.0840882807970047,-0.5552288293838501
1763596005.535954,-0.2678156548947096,0.14687749139666556,0.21614209321551023,0.21661530435085297,0.11719388514757156,0.49452832341194153,,,,,,
1763596005.544073,,,,,,,0.014053165912628174,0.22676509618759155,0.023492686450481415,-0.27797579765319824,0.08201394975185394,-0.7076333165168762
1763596005.546007,-0.2972612373486161,0.1719295150667429,0.26172427921704944,0.27808743715286255,0.11764635145664215,0.6173802018165588,,,,,,
1763596005.554103,,,,,,,0.002107381820678711,0.24241295456886292,0.03652656823396683,-0.39222753047943115,0.12084603309631348,-0.8619144558906555
1763596005.55606,-0.3139791479155421,0.15963994233608245,0.2622282101511955,0.3185369670391083,0.18581025302410126,0.7437481880187988,,,,,,
1763596005.564134,,,,,,,-0.0029264092445373535,0.24657994508743286,0.05547178536653519,-0.5151340365409851,0.14617988467216492,-1.0110876560211182
1763596005.566113,-0.30930399571135636,0.15354805520176887,0.30440146449208255,0.3418492078781128,0.31508275866508484,0.8544787168502808,,,,,,
1763596005.574165,,,,,,,0.012799501419067383,0.24488306045532227,0.061757445335388184,-0.5899192094802856,0.17614203691482544,-1.1421689987182617
1763596005.576166,-0.2514450964607298,0.21615561028420924,0.2686380041282624,0.3347660005092621,0.4619159996509552,0.9437425136566162,,,,,,
1763596005.584195,,,,,,,0.0272788405418396,0.2323671579360962,0.06231869012117386,-0.6207154393196106,0.22659721970558167,-1.2728604078292847
1763596005.586219,-0.10471424699313937,0.34210897159576414,0.11676058555245399,0.309885174036026,0.6098876595497131,1.0093969106674194,,,,,,
1763596005.594226,,,,,,,0.02841007709503174,0.2119068205356598,0.05879317969083786,-0.6097225546836853,0.28937458992004395,-1.373852252960205
1763596005.596272,0.12039755381532012,0.47065059583485125,-0.15925306191034613,0.3042435646057129,0.761391818523407,1.0548276901245117,,,,,,
1763596005.604256,,,,,,,0.03531384468078613,0.19697028398513794,0.053427331149578094,-0.55692458152771,0.3450154960155487,-1.4453935623168945
1763596005.606325,0.35678880046382544,0.5877127946823835,-0.31127310382723805,0.3117142617702484,0.8709899187088013,1.0906940698623657,,,,,,
1763596005.614287,,,,,,,0.045591652393341064,0.1950981318950653,0.0498124435544014,-0.4486633539199829,0.3713565468788147,-1.505982518196106
1763596005.616377,0.5863644488133489,0.6588309884786605,-0.3668868544995785,0.32169297337532043,0.9089851975440979,1.1144617795944214,,,,,,
1763596005.624318,,,,,,,0.05335438251495361,0.19846630096435547,0.053240902721881866,-0.34580570459365845,0.3834321200847626,-1.5610761642456055
1763596005.62643,0.8455778411880135,0.6835077490955591,-0.44267830080389975,0.35172200202941895,0.902777373790741,1.1347055435180664,,,,,,
1763596005.634348,,,,,,,0.055351197719573975,0.21090680360794067,0.062270037829875946,-0.2582497298717499,0.399874746799469,-1.5953140258789062
1763596005.636483,1.010623661155626,0.676894468435645,-0.45527474752664565,0.3971155285835266,0.8659576177597046,1.1570554971694946,,,,,,
1763596005.644379,,,,,,,0.054286956787109375,0.21323460340499878,0.06828867644071579,-0.17808297276496887,0.41868624091148376,-1.589637279510498
1763596005.646536,1.1411192690066994,0.6081365740299225,-0.36980011159777637,0.43231505155563354,0.805698037147522,1.1800631284713745,,,,,,
1763596005.65441,,,,,,,0.05078619718551636,0.1884152591228485,0.06970440596342087,-0.2450152188539505,0.4412682354450226,-1.6297235488891602
1763596005.656589,1.2073002986617385,0.5304290649712086,-0.42136772868447003,0.4702099561691284,0.7650293111801147,1.2104263305664062,,,,,,
1763596005.66444,,,,,,,0.04183393716812134,0.14837199449539185,0.0734407901763916,-0.43452948331832886,0.4799541234970093,-1.7022347450256348
1763596005.666642,1.1922165651679038,0.439652815502882,-0.4819791415136307,0.5080977082252502,0.7516535520553589,1.2481430768966675,,,,,,
1763596005.674471,,,,,,,0.03426468372344971,0.10377296805381775,0.0824822187423706,-0.6563757658004761,0.5444260835647583,-1.7172189950942993
1763596005.676695,1.1089780177280306,0.36184067702591416,-0.41009588162899013,0.5404812097549438,0.7402840852737427,1.2906020879745483,,,,,,
1763596005.684502,,,,,,,0.03691965341567993,0.07737317681312561,0.08754967153072357,-0.8160607814788818,0.5950897932052612,-1.724118947982788
1763596005.686748,0.9977804731301962,0.3250637287706136,-0.26311894844584166,0.5524438619613647,0.7052701711654663,1.327592372894287,,,,,,
1763596005.694532,,,,,,,0.03892642259597778,0.07795584201812744,0.09662210941314697,-0.9322302341461182,0.6422958970069885,-1.772617220878601
1763596005.696801,0.9094466483779251,0.3125555448532104,-0.22078330661747603,0.5738675594329834,0.6724045276641846,1.3602256774902344,,,,,,
1763596005.704563,,,,,,,0.03357577323913574,0.10187709331512451,0.11012721061706543,-0.9465412497520447,0.6826174855232239,-1.8144334554672241
1763596005.706854,0.777968532295525,0.3398813586741686,-0.28540216498970983,0.5983590483665466,0.6504776477813721,1.3874050378799438,,,,,,
1763596005.714593,,,,,,,0.03781580924987793,0.12525570392608643,0.1073589026927948,-0.89356529712677,0.7270193099975586,-1.8401588201522827
1763596005.716907,0.6540458000287414,0.4144961624145508,-0.3066226842055097,0.6264997720718384,0.6450433731079102,1.4197289943695068,,,,,,
1763596005.724624,,,,,,,0.050838470458984375,0.15663111209869385,0.1157674789428711,-0.8054556846618652,0.7692083120346069,-1.8608635663986206
1763596005.726959,0.4288021895341575,0.43353637844920156,-0.31682489273548126,0.6636015772819519,0.6666299104690552,1.4553202390670776,,,,,,
1763596005.734655,,,,,,,0.06592291593551636,0.17951452732086182,0.11778999865055084,-0.6370137929916382,0.7918699383735657,-1.8683682680130005
1763596005.737012,0.15595380116924643,0.4104401650220155,-0.26223292285893113,0.6823835372924805,0.6955152750015259,1.49211847782135,,,,,,
1763596005.744685,,,,,,,0.07665491104125977,0.17192953824996948,0.11245465278625488,-0.5404201745986938,0.8344717025756836,-1.922356367111206
1763596005.747065,-0.09877893866002559,0.3738742291688919,-0.287917983735539,0.6854411363601685,0.7618132829666138,1.5183173418045044,,,,,,
1763596005.754716,,,,,,,0.07223516702651978,0.1537197232246399,0.10629904270172119,-0.45336514711380005,0.9053754806518555,-1.9534088373184204
1763596005.757118,-0.20990560997873545,0.351320452055335,-0.30608373675690964,0.661943256855011,0.8627290725708008,1.5362498760223389,,,,,,
1763596005.764747,,,,,,,0.07740360498428345,0.1301581859588623,0.09417985379695892,-0.4574858546257019,0.9907428026199341,-1.9828940629959106
1763596005.767171,-0.19213672905415297,0.33959903460144997,-0.36567572514414787,0.6305267810821533,0.9854949116706848,1.546764612197876,,,,,,
1763596005.774777,,,,,,,0.09025514125823975,0.12393409013748169,0.09387385845184326,-0.47011226415634155,1.0619560480117798,-2.018524169921875
1763596005.777224,-0.09320289209336041,0.3714735977679491,-0.42558571170568466,0.6121922731399536,1.088904857635498,1.5565268993377686,,,,,,
1763596005.784808,,,,,,,0.11094743013381958,0.12045174837112427,0.10139954090118408,-0.48086902499198914,1.1200252771377563,-2.0394389629364014
1763596005.787277,0.061521513411402697,0.4134451920568943,-0.40975919702053065,0.6173228621482849,1.1381226778030396,1.5794981718063354,,,,,,
1763596005.794839,,,,,,,0.12915104627609253,0.12068814039230347,0.12134502828121185,-0.5229243040084839,1.1739134788513184,-2.07767915725708
1763596005.79733,0.23303163402229546,0.5119482363849878,-0.33114217190146444,0.6424252390861511,1.1155298948287964,1.6189416646957397,,,,,,
1763596005.804869,,,,,,,0.13978111743927002,0.11578834056854248,0.13254022598266602,-0.5446799397468567,1.2255290746688843,-2.1106884479522705
1763596005.807383,0.37125206397175786,0.6334253290653228,-0.21274024888277052,0.6824432015419006,1.0451395511627197,1.673976182937622,,,,,,
1763596005.8149,,,,,,,0.14339298009872437,0.09428846836090088,0.14388373494148254,-0.5463754534721375,1.2781379222869873,-2.132982015609741
1763596005.817436,0.43491351202130313,0.7340496033310889,-0.22477789267897605,0.7268466949462891,0.9772853851318359,1.7328922748565674,,,,,,
1763596005.824931,,,,,,,0.1445276141166687,0.08187872171401978,0.15055176615715027,-0.5030796527862549,1.3324288129806519,-2.1491622924804688
1763596005.827488,0.4212795389443636,0.7736129674345255,-0.20056933409571648,0.7579728960990906,0.9368661046028137,1.7921748161315918,,,,,,
1763596005.834961,,,,,,,0.14129412174224854,0.07173699140548706,0.129343181848526,-0.40311071276664734,1.3880090713500977,-2.160153865814209
1763596005.837541,0.3631450376227498,0.745243197518587,-0.19521862071752547,0.7628876566886902,0.9290171265602112,1.8352782726287842,,,,,,
1763596005.844992,,,,,,,0.13236016035079956,0.058333396911621094,0.1018449068069458,-0.33385947346687317,1.460559368133545,-2.1799936294555664
1763596005.847594,0.2716261530935764,0.6378086587160825,-0.2764092957168817,0.7635766267776489,0.9687991142272949,1.8593705892562866,,,,,,
1763596005.855022,,,,,,,0.128132164478302,0.05555981397628784,0.08832088112831116,-0.2573191523551941,1.5424822568893433,-2.1924755573272705
1763596005.857647,0.1225771628767252,0.481188356462121,-0.3008575082749128,0.7707771062850952,1.0288560390472412,1.8688230514526367,,,,,,
1763596005.865053,,,,,,,0.14131677150726318,0.06864607334136963,0.10710307955741882,-0.2807168960571289,1.6440304517745972,-2.1984055042266846
1763596005.8677,-0.09827829566150903,0.33424656765758987,-0.13299626556038854,0.7766781449317932,1.046805739402771,1.8741919994354248,,,,,,
1763596005.875084,,,,,,,0.17382025718688965,0.10292494297027588,0.13771072030067444,-0.20815125107765198,1.6807173490524292,-2.142911434173584
1763596005.877753,-0.35400428431183095,0.2548006904989481,0.07563946147984825,0.7751331925392151,1.0113835334777832,1.8824613094329834,,,,,,
1763596005.885114,,,,,,,0.21472549438476562,0.0936746597290039,0.11991679668426514,-0.11420558393001556,1.6785356998443604,-2.1323654651641846
1763596005.887806,-0.5528144997805357,0.26338205636143686,0.06882044738107361,0.7762565612792969,0.9784743785858154,1.8867896795272827,,,,,,
1763596005.895145,,,,,,,0.21424418687820435,0.04225814342498779,0.10284885764122009,-0.06153339892625809,1.7215081453323364,-2.165992259979248
1763596005.897859,-0.5932414949759841,0.3791027774721384,-0.11936170796155929,0.768237829208374,1.021342158317566,1.880352258682251,,,,,,
1763596005.905176,,,,,,,0.1895083785057068,-0.005257248878479004,0.09631633758544922,0.020192887634038925,1.7812082767486572,-2.174704074859619
1763596005.907912,-0.489015689086914,0.5475929657399654,-0.21831717223227023,0.7367542386054993,1.1164417266845703,1.879607081413269,,,,,,
1763596005.915206,,,,,,,0.1798970103263855,-0.016061902046203613,0.08334565162658691,0.07329531759023666,1.8424220085144043,-2.176135540008545
1763596005.917965,-0.3568237256467342,0.6016355215728283,-0.27156592907262966,0.702355682849884,1.2279735803604126,1.877610683441162,,,,,,
1763596005.925237,,,,,,,0.1859847903251648,0.008714854717254639,0.07823154330253601,0.1400304138660431,1.8812477588653564,-2.1623480319976807
1763596005.928017,-0.28506255777180195,0.5505202513635158,-0.3072147683471441,0.6820884943008423,1.2883110046386719,1.8751780986785889,,,,,,
1763596005.935268,,,,,,,0.204598069190979,0.0116957426071167,0.06869801878929138,0.15746907889842987,1.8889847993850708,-2.150364875793457
1763596005.93807,-0.26745968106389045,0.5196767848104238,-0.23205694377124308,0.6914414763450623,1.283482313156128,1.879117727279663,,,,,,
1763596005.945298,,,,,,,0.2180759310722351,-0.011409640312194824,0.0684434175491333,0.003943977411836386,1.9089702367782593,-2.200782299041748
1763596005.948123,-0.22070202154219148,0.5028238496869802,-0.19924422297179697,0.7197338342666626,1.234021782875061,1.877869963645935,,,,,,
1763596005.955329,,,,,,,0.21965903043746948,-0.046403706073760986,0.09653574228286743,-0.17466069757938385,1.9521938562393188,-2.1881582736968994
1763596005.958176,-0.14375789807140826,0.5606733965873718,-0.08753448193497024,0.7420775294303894,1.1501322984695435,1.8781784772872925,,,,,,
1763596005.965359,,,,,,,0.23278594017028809,-0.06934773921966553,0.12097686529159546,-0.34553658962249756,1.9633713960647583,-2.154615879058838
1763596005.968229,-0.08859072212278843,0.6010585984677076,-0.06633913825962226,0.7575454115867615,1.0767515897750854,1.8897392749786377,,,,,,
1763596005.97539,,,,,,,0.23601767420768738,-0.07488274574279785,0.10136348009109497,-0.4524182081222534,1.95951247215271,-2.158320665359497
1763596005.978282,-0.05847206271290779,0.6047036769717932,-0.13049276744001545,0.7523969411849976,1.0274372100830078,1.908670425415039,,,,,,
1763596005.985421,,,,,,,0.22472107410430908,-0.08200192451477051,0.0648128092288971,-0.5477039813995361,2.003706455230713,-2.1433911323547363
1763596005.988335,0.025198738664388654,0.6339478916347027,-0.3046662529081106,0.7480970025062561,1.0103650093078613,1.93683922290802,,,,,,
1763596005.995451,,,,,,,0.21441465616226196,-0.07005423307418823,0.03459060192108154,-0.5384711623191833,2.0072221755981445,-2.10725998878479
1763596005.998388,0.0947872386753559,0.6736696611702442,-0.49799803696572775,0.7547739744186401,1.0273876190185547,1.9603607654571533,,,,,,
1763596006.005482,,,,,,,0.21211591362953186,-0.05434638261795044,0.011620104312896729,-0.577122151851654,2.032527446746826,-2.095642328262329
1763596006.008441,0.06765080994665622,0.7005646823585033,-0.4702268174648285,0.7676597237586975,1.0304681062698364,1.9683175086975098,,,,,,
1763596006.015513,,,,,,,0.20887702703475952,-0.03885465860366821,0.04418051242828369,-0.5677300095558167,2.0479965209960938,-2.0408549308776855
1763596006.018494,-0.06686112087368964,0.6430886449456215,-0.21726561735272407,0.7862201929092407,0.9885013103485107,1.956671953201294,,,,,,
1763596006.025543,,,,,,,0.2167898416519165,-0.04206138849258423,0.06365060806274414,-0.5732515454292297,2.0505521297454834,-2.0083045959472656
1763596006.028546,-0.27986323556303977,0.5557160664409398,-0.10336159027516842,0.8183832168579102,0.9155858159065247,1.9251465797424316,,,,,,
1763596006.035574,,,,,,,0.22368879616260529,-0.03179985284805298,0.09593546390533447,-0.6485416889190674,2.0845491886138916,-1.9920930862426758
1763596006.038599,-0.46565293367803096,0.4939975691527128,-0.03283317906558513,0.8399080038070679,0.833091676235199,1.8936229944229126,,,,,,
1763596006.045605,,,,,,,0.2381339818239212,-0.01680833101272583,0.11300498247146606,-0.6581130623817444,2.07633900642395,-1.9347716569900513
1763596006.048652,-0.5593588068574666,0.48918520043492314,-0.061465399309992785,0.842821478843689,0.7924821972846985,1.8777772188186646,,,,,,
1763596006.055635,,,,,,,0.25008225440979004,-0.027576446533203125,0.07228630781173706,-0.6875313520431519,2.071005344390869,-1.927848219871521
1763596006.058705,-0.649962037846446,0.4866308397769928,-0.23992577745020388,0.8351664543151855,0.8282422423362732,1.8707305192947388,,,,,,
1763596006.065666,,,,,,,0.23530814051628113,-0.05672496557235718,0.013829290866851807,-0.661379337310791,2.08974289894104,-1.8983454704284668
1763596006.068758,-0.7119470771163702,0.4493430193901062,-0.2763672101408243,0.80299973487854,0.8948884010314941,1.8530492782592773,,,,,,
1763596006.075697,,,,,,,0.20977963507175446,-0.08115237951278687,-0.015237271785736084,-0.7055303454399109,2.167801856994629,-1.8756825923919678
1763596006.078811,-0.7373790400147437,0.40711715807914733,-0.20104513491392134,0.7623917460441589,0.9465089440345764,1.8155579566955566,,,,,,
1763596006.085727,,,,,,,0.19424456357955933,-0.050853729248046875,-0.01606607437133789,-0.6677592396736145,2.210644006729126,-1.8263646364212036
1763596006.088863,-0.6648252604573964,0.42839550842940805,-0.09953940163850784,0.7388563752174377,0.9572564363479614,1.7765629291534424,,,,,,
1763596006.095758,,,,,,,0.20691801607608795,-0.03336811065673828,-0.021777868270874023,-0.6637393236160278,2.255446434020996,-1.7672902345657349
1763596006.098917,-0.5965601180046797,0.4074620259940624,0.036484687310457224,0.7362083196640015,0.9147050380706787,1.746026873588562,,,,,,
1763596006.105788,,,,,,,0.22179943323135376,-0.02751833200454712,0.0011556744575500488,-0.65961754322052,2.2626452445983887,-1.71571946144104
1763596006.10897,-0.5315636219590902,0.3279635418653488,0.009042544500296935,0.7519345283508301,0.8971350789070129,1.7257769107818604,,,,,,
1763596006.115819,,,,,,,0.2278236299753189,-0.03791916370391846,0.03715705871582031,-0.752833902835846,2.2952330112457275,-1.695681095123291
1763596006.119023,-0.4557423650383949,0.28728724808394906,-0.07504442732930183,0.7645369172096252,0.9071916937828064,1.7175034284591675,,,,,,
1763596006.12585,,,,,,,0.2324034422636032,-0.031085968017578125,0.09713560342788696,-0.767327070236206,2.316319465637207,-1.6323461532592773
1763596006.129076,-0.4027034332901239,0.36567572514414787,0.010107543383305892,0.7773813605308533,0.8779251575469971,1.7281023263931274,,,,,,
1763596006.13588,,,,,,,0.24446332454681396,-0.02995741367340088,0.07469642162322998,-0.7425557971000671,2.292572021484375,-1.597969651222229
1763596006.139128,-0.4534153833955526,0.451958170324564,0.02099485723376274,0.7844933867454529,0.8502712249755859,1.733507752418518,,,,,,
1763596006.145911,,,,,,,0.23743414878845215,-0.026229441165924072,0.056034207344055176,-0.8165778517723083,2.37035870552063,-1.612227439880371
1763596006.149181,-0.4949602767050266,0.5735831470429897,-0.006947627180814743,0.7683008313179016,0.852958619594574,1.7190436124801636,,,,,,
1763596006.155942,,,,,,,0.2278205305337906,0.014373838901519775,0.07574284076690674,-0.6650565266609192,2.4166688919067383,-1.5132869482040405
1763596006.159234,-0.6452192272335291,0.5139484702914953,0.13235093512786553,0.7345581650733948,0.8261377811431885,1.7103065252304077,,,,,,
1763596006.165972,,,,,,,0.24486838281154633,0.023021936416625977,-0.024572789669036865,-0.4465087354183197,2.386247396469116,-1.447441816329956
1763596006.169287,-0.8547428521573543,0.3345721463501453,0.14574465144183485,0.6908794045448303,0.8073036074638367,1.6793997287750244,,,,,,
1763596006.176003,,,,,,,0.22736142575740814,0.005562424659729004,-0.09007143974304199,-0.3105704188346863,2.44126296043396,-1.4427943229675293
1763596006.179339,-0.8920750962078571,0.20835107401311395,0.08187045569075271,0.6503964066505432,0.8221151828765869,1.6106206178665161,,,,,,
1763596006.186034,,,,,,,0.1945270299911499,-0.015793263912200928,-0.07591545581817627,-0.14224424958229065,2.4600648880004883,-1.3792723417282104
1763596006.189393,-0.8483405838996172,0.08613105401098728,0.10432543033864349,0.6222792863845825,0.847888171672821,1.5262532234191895,,,,,,
1763596006.196064,,,,,,,0.19901958107948303,-0.0335659384727478,-0.08715522289276123,-0.0474868044257164,2.4249634742736816,-1.348391056060791
1763596006.199446,-0.7492910116046667,0.010867430973052978,0.02685523716714233,0.6042555570602417,0.8724924921989441,1.4386066198349,,,,,,
1763596006.206095,,,,,,,0.21185274422168732,-0.03251904249191284,-0.04680413007736206,-0.054801441729068756,2.4158976078033447,-1.312831997871399
1763596006.209499,-0.676383596304059,0.019871406161785125,0.09697915922906249,0.5978469252586365,0.8708211183547974,1.3836544752120972,,,,,,
1763596006.216126,,,,,,,0.22577592730522156,-0.04320347309112549,0.0031203031539916992,-0.07406672835350037,2.3588640689849854,-1.2386747598648071
1763596006.219552,-0.6334311742842197,0.08665332431942224,0.1993441396823153,0.5884872674942017,0.847671389579773,1.3987503051757812,,,,,,
1763596006.226156,,,,,,,0.2342023253440857,-0.07449835538864136,-0.022418618202209473,-0.14743627607822418,2.286437511444092,-1.2103744745254517
1763596006.229605,-0.4348720109671354,0.299068579031527,0.07244681205153465,0.5787158608436584,0.8532666563987732,1.4560823440551758,,,,,,
1763596006.236187,,,,,,,0.2171076536178589,-0.091713547706604,-0.030103027820587158,-0.24542175233364105,2.2754087448120117,-1.1873575448989868
1763596006.239657,-0.24994857429265974,0.49604807194173334,-0.0031085239419713613,0.5630048513412476,0.8652541637420654,1.5091726779937744,,,,,,
1763596006.246217,,,,,,,0.2039303481578827,-0.09057676792144775,-0.034716248512268066,-0.2943296432495117,2.250837564468384,-1.1548326015472412
1763596006.24971,-0.15599720191955566,0.6166539347454905,0.05750752852968871,0.5552353262901306,0.8399291038513184,1.5448806285858154,,,,,,
1763596006.256248,,,,,,,0.20173132419586182,-0.07508134841918945,-0.06310880184173584,-0.30718815326690674,2.2248876094818115,-1.107453465461731
1763596006.259763,-0.2247223630994558,0.5551672003865241,0.14338095451779662,0.549796998500824,0.7850371599197388,1.5382044315338135,,,,,,
1763596006.266279,,,,,,,0.20213547348976135,-0.0614396333694458,-0.0925106406211853,-0.3199010193347931,2.1882450580596924,-1.0885450839996338
1763596006.269816,-0.34166531948149204,0.411769075538218,0.2127156989634037,0.5371437668800354,0.72121262550354,1.4999436140060425,,,,,,
1763596006.276309,,,,,,,0.19905105233192444,-0.059343814849853516,-0.0976991057395935,-0.26613420248031616,2.1476197242736816,-1.0219374895095825
1763596006.279869,-0.5333849921673536,0.09906593890786171,0.23322781418152153,0.5236769318580627,0.6690976619720459,1.4315232038497925,,,,,,
1763596006.28634,,,,,,,0.1926390826702118,-0.05729037523269653,-0.11643660068511963,-0.24221260845661163,2.0924928188323975,-1.0013291835784912
1763596006.289922,-0.7514063963234424,-0.1532262759014964,0.10671733044385909,0.5124490261077881,0.6656216979026794,1.342645525932312,,,,,,
1763596006.296371,,,,,,,0.1800394058227539,-0.036976754665374756,-0.07811230421066284,-0.2525765001773834,2.0764710903167725,-0.9727980494499207
1763596006.299975,-0.8120347602874041,-0.18092296886146067,0.05144852075167,0.5038949251174927,0.6687967777252197,1.251742959022522,,,,,,
1763596006.306401,,,,,,,0.17539021372795105,-0.008413255214691162,-0.026478171348571777,-0.21064768731594086,2.0227267742156982,-0.926217257976532
1763596006.310028,-0.8224380808800459,-0.12057312957793473,0.1685959136646241,0.49373045563697815,0.6479037404060364,1.1824265718460083,,,,,,
1763596006.316432,,,,,,,0.1754225790500641,-0.0017237067222595215,-0.024683326482772827,-0.20818929374217987,1.9724212884902954,-0.9052899479866028
1763596006.320081,-0.7207067221552134,0.04362666801959276,0.16678038867525755,0.4758279025554657,0.634773850440979,1.1343175172805786,,,,,,
1763596006.326463,,,,,,,0.16812971234321594,-0.0032404661178588867,-0.02291455864906311,-0.21009664237499237,1.956687092781067,-0.8690520524978638
1763596006.330134,-0.6136252345740795,0.16774579964131117,0.21889745633825658,0.4491872489452362,0.613696277141571,1.1069245338439941,,,,,,
1763596006.336493,,,,,,,0.1601617932319641,-0.012899398803710938,-0.04264092445373535,-0.16679242253303528,1.925533413887024,-0.8412758111953735
1763596006.340186,-0.612369097033143,0.09803513455539942,0.3217933287978172,0.41018322110176086,0.5895355939865112,1.0830415487289429,,,,,,
1763596006.346524,,,,,,,0.14571452140808105,-0.026860296726226807,-0.0790829062461853,-0.1433454304933548,1.9399914741516113,-0.8114100694656372
1763596006.350239,-0.5966477962881326,0.021851766324043273,0.3486018407464027,0.3630506098270416,0.5905537009239197,1.0578017234802246,,,,,,
1763596006.356554,,,,,,,0.13275283575057983,-0.034261345863342285,-0.1135757565498352,-0.1767173558473587,1.953028678894043,-0.8399642705917358
1763596006.360292,-0.4286392540574073,0.06324468394219875,0.20437325642332432,0.32475754618644714,0.6191620230674744,1.0351903438568115,,,,,,
1763596006.366585,,,,,,,0.13363689184188843,-0.043884992599487305,-0.11730292439460754,-0.19498184323310852,1.9779835939407349,-0.8149427771568298
1763596006.370345,-0.3153764474928379,0.0703746819525957,0.15126608174443243,0.29165899753570557,0.6236624717712402,1.0243595838546753,,,,,,
1763596006.376616,,,,,,,0.15371251106262207,-0.03751415014266968,-0.10540032386779785,-0.22141027450561523,1.9576716423034668,-0.8091611862182617
1763596006.380398,-0.16398060188889502,0.20544073952436445,0.06261866099834441,0.2620324492454529,0.6089417934417725,1.0376932621002197,,,,,,
1763596006.386646,,,,,,,0.16287177801132202,0.002076089382171631,-0.07806277275085449,-0.20901939272880554,1.931344985961914,-0.7796043753623962
1763596006.390451,-0.002852466821670532,0.42372137913852925,0.10370821175575255,0.22308000922203064,0.567875325679779,1.0728131532669067,,,,,,
1763596006.396677,,,,,,,0.15255337953567505,0.021809935569763184,-0.06683045625686646,-0.11711522191762924,1.8983263969421387,-0.7285852432250977
1763596006.400504,-0.007510521760582923,0.4521849648177623,0.3157973032534122,0.15957476198673248,0.5319497585296631,1.121444821357727,,,,,,
1763596006.406708,,,,,,,0.12163287401199341,0.007877528667449951,-0.08990204334259033,0.035455938428640366,1.8762433528900146,-0.6977932453155518
1763596006.410557,-0.06775485484302043,0.44752749440073963,0.3841701438643038,0.08766674995422363,0.5531786680221558,1.1815589666366577,,,,,,
1763596006.416738,,,,,,,0.09190362691879272,-0.012815415859222412,-0.11118912696838379,0.2080121636390686,1.8582383394241333,-0.6888104677200317
1763596006.42061,-0.2110942352414131,0.38564240837395186,0.18749226424917578,0.02315419167280197,0.6203281283378601,1.2434083223342896,,,,,,
1763596006.426769,,,,,,,0.0873214602470398,-0.004495561122894287,-0.0929277241230011,0.3334648907184601,1.8382492065429688,-0.6701356172561646
1763596006.430663,-0.3259112855106592,0.5366165214344859,0.004178308597952127,-0.030076004564762115,0.6906099915504456,1.3428349494934082,,,,,,
1763596006.4368,,,,,,,0.10890030860900879,0.01906973123550415,-0.07957473397254944,0.48346948623657227,1.7466734647750854,-0.6172237396240234
1763596006.440715,-0.4133177662849426,0.8564541861198842,-0.12757175629362463,-0.09567741304636002,0.7767430543899536,1.470847487449646,,,,,,
1763596006.44683,,,,,,,0.13066929578781128,0.012348771095275879,-0.07757139205932617,0.5167773962020874,1.6545286178588867,-0.5793836712837219
1763596006.450768,-0.3618307401537895,1.2160104054704308,-0.0031190088033676146,-0.1786031872034073,0.832533061504364,1.6149605512619019,,,,,,
1763596006.456861,,,,,,,0.13237106800079346,-0.009513020515441895,-0.06443420052528381,0.5275521874427795,1.5437051057815552,-0.5345197916030884
1763596006.460821,-0.28670506428182124,1.5082812871858478,0.11000979611799121,-0.2534579932689667,0.8737855553627014,1.7526079416275024,,,,,,
1763596006.466892,,,,,,,0.11970055103302002,-0.045194804668426514,-0.06919336318969727,0.42685404419898987,1.4466558694839478,-0.5359826683998108
1763596006.470874,-0.128998720356822,1.7264537902504205,-0.05990516425594687,-0.31918027997016907,0.9257779121398926,1.9174884557724,,,,,,
1763596006.476922,,,,,,,0.10500210523605347,-0.048894643783569336,-0.026341408491134644,0.3109320402145386,1.4009929895401,-0.5073081254959106
1763596006.480927,-0.04951660284101963,1.8690720167674124,-0.1445999018535018,-0.3315621018409729,0.8587446212768555,2.0601134300231934,,,,,,
1763596006.486953,,,,,,,0.1040986180305481,-0.05846351385116577,-0.03165116906166077,0.14305329322814941,1.3128682374954224,-0.5232518911361694
1763596006.49098,-0.22304770788550377,1.0968364751659334,-0.35738340535610913,-0.27602988481521606,0.7173424363136292,2.084105968475342,,,,,,
1763596006.496983,,,,,,,0.10188150405883789,-0.08553427457809448,-0.04303881525993347,-0.003134980797767639,1.265918254852295,-0.5211092233657837
1763596006.501033,-0.2604196994245052,0.5396119038581848,-0.39694384685009715,-0.1837255209684372,0.5422810912132263,2.028954267501831,,,,,,
1763596006.507014,,,,,,,0.10093355178833008,-0.12770730257034302,-0.07988965511322021,-0.10284719616174698,1.1982300281524658,-0.570172131061554
1763596006.511086,-0.4528226781994104,-0.3108747521594167,-0.46407443231493234,-0.06635628640651703,0.3691442012786865,1.8442292213439941,,,,,,
1763596006.517045,,,,,,,0.10441559553146362,-0.12664693593978882,-0.06980288028717041,-0.23690234124660492,1.160323977470398,-0.6237325072288513
1763596006.521139,-0.6185094994843006,-0.9526029224067926,-0.48436990910768507,0.02189912647008896,0.21396379172801971,1.6097391843795776,,,,,,
1763596006.527075,,,,,,,0.11605936288833618,-0.06998246908187866,-0.04868093132972717,-0.20315396785736084,1.100494146347046,-0.5900027751922607
1763596006.531192,-0.9420721760421991,-1.501090791159868,-0.3259821587897837,0.05921853333711624,0.10416539013385773,1.330336570739746,,,,,,
1763596006.537106,,,,,,,0.12327611446380615,-0.058984458446502686,-0.09616714715957642,-0.16234850883483887,1.0079118013381958,-0.6053107380867004
1763596006.541244,-1.150244386357069,-1.8044532679930327,-0.3215855312660336,0.038789018988609314,0.08040156215429306,1.0595974922180176,,,,,,
1763596006.547138,,,,,,,0.10873574018478394,-0.04472607374191284,-0.10868853330612183,-0.05308593809604645,0.9652163982391357,-0.5761781334877014
1763596006.551297,-0.9800573310434818,-1.3965303464889525,-0.10362608643025159,0.0009436358232051134,0.07011536508798599,0.8676384687423706,,,,,,
1763596006.557168,,,,,,,0.09705716371536255,-0.03818410634994507,-0.12746454775333405,0.048259858042001724,0.8922916054725647,-0.5897213816642761
1763596006.56135,-0.717848410114646,-0.7235036593973636,-0.12690554746985436,-0.015943916514515877,-0.007428398821502924,0.767735481262207,,,,,,
1763596006.567199,,,,,,,0.09507429599761963,-0.015765488147735596,-0.10267890989780426,0.15167120099067688,0.8201431035995483,-0.5555493235588074
1763596006.571403,-0.510597406297922,-0.13052764695715158,-0.27620427466407416,-0.011622138321399689,-0.07649055868387222,0.7262135744094849,,,,,,
1763596006.57723,,,,,,,0.09663444757461548,-0.0038475394248962402,-0.0909484326839447,0.2048642486333847,0.7353606224060059,-0.5485461950302124
1763596006.581456,-0.34302024122178554,0.2749211760509759,-0.43203854110687967,-0.007927531376481056,-0.08032404631376266,0.7139291167259216,,,,,,
1763596006.58726,,,,,,,0.08363819122314453,-0.025260746479034424,-0.06780970096588135,0.23159626126289368,0.6712849140167236,-0.50066739320755
1763596006.591509,-0.31929449771940704,0.3887055222716182,-0.22715777355283498,-0.016464561223983765,-0.07963003218173981,0.7092320919036865,,,,,,
1763596006.597291,,,,,,,0.06856340169906616,-0.06703829765319824,-0.07787510752677917,0.21666549146175385,0.6005527377128601,-0.5080459713935852
1763596006.601562,-0.4125596413940191,0.29709819227401163,0.02620674666315317,-0.03353438898921013,-0.09153895825147629,0.6949058771133423,,,,,,
1763596006.607322,,,,,,,0.0529140830039978,-0.10801005363464355,-0.09047281742095947,0.17544962465763092,0.5489670038223267,-0.5050004124641418
1763596006.611615,-0.5066740953743457,0.11205613418854772,0.04006166901439428,-0.042841073125600815,-0.10109064728021622,0.655323326587677,,,,,,
1763596006.617352,,,,,,,0.04861414432525635,-0.12662315368652344,-0.09707681834697723,0.11987441033124924,0.4914968013763428,-0.49209827184677124
1763596006.621668,-0.5831172835856676,-0.11962167407199739,-0.07493073782175778,-0.0405682772397995,-0.10568631440401077,0.5980299711227417,,,,,,
1763596006.627383,,,,,,,0.05074220895767212,-0.12469518184661865,-0.10875403881072998,0.07608272135257721,0.4282880127429962,-0.4478543698787689
1763596006.631721,-0.6248579917281866,-0.3244275132263079,-0.1363254099830985,-0.03815225511789322,-0.10627700388431549,0.5285845994949341,,,,,,
1763596006.637413,,,,,,,0.05652552843093872,-0.11128926277160645,-0.11249549686908722,0.07082828879356384,0.35746869444847107,-0.3955534100532532
1763596006.641773,-0.6355266852587461,-0.4316760644700378,-0.05340162758082151,-0.043519407510757446,-0.11344153434038162,0.4602136015892029,,,,,,
1763596006.647444,,,,,,,0.0590132474899292,-0.09495407342910767,-0.12163615226745605,0.06799575686454773,0.2829853892326355,-0.3698669672012329
1763596006.651826,-0.6100421153903007,-0.4259427084498107,-0.027554069618880746,-0.05292009934782982,-0.11393661797046661,0.40633493661880493,,,,,,
1763596006.657475,,,,,,,0.05854898691177368,-0.06841206550598145,-0.1040620505809784,0.09229443222284317,0.21086007356643677,-0.33117422461509705
1763596006.661879,-0.5859171434372663,-0.34945538883581756,0.03793780872821808,-0.07025967538356781,-0.12438153475522995,0.36543384194374084,,,,,,
1763596006.667505,,,,,,,0.060063838958740234,-0.056915283203125,-0.11472579836845398,0.13554523885250092,0.13370484113693237,-0.3101842701435089
1763596006.671932,-0.5586018510103226,-0.26711137908287347,0.09078896281942725,-0.09270719438791275,-0.13359208405017853,0.3250635266304016,,,,,,
1763596006.677536,,,,,,,0.0576174259185791,-0.05085259675979614,-0.11380352079868317,0.1444733440876007,0.08298467099666595,-0.3075735569000244
1763596006.681985,-0.5538309833467007,-0.19948588624056426,0.11409034342989324,-0.11836906522512436,-0.14313116669654846,0.2872374355792999,,,,,,
1763596006.687567,,,,,,,0.05513375997543335,-0.04542076587677002,-0.11544442176818848,0.1538122445344925,0.03366345912218094,-0.2993220090866089
1763596006.692038,-0.6239940683752297,-0.19739161737505345,0.12492168017625808,-0.14308080077171326,-0.14596104621887207,0.23845046758651733,,,,,,
1763596006.697597,,,,,,,0.05609053373336792,-0.06198406219482422,-0.1408463716506958,0.13138340413570404,-0.01893104426562786,-0.30036550760269165
1763596006.702091,-0.6341857920438051,-0.2255350677218288,0.10201236762329935,-0.15698584914207458,-0.1390310674905777,0.17668184638023376,,,,,,
1763596006.707628,,,,,,,0.05419570207595825,-0.07846581935882568,-0.14372968673706055,0.08273755759000778,-0.059746649116277695,-0.2875615656375885
1763596006.712144,-0.6031815819710493,-0.2539865245718509,0.21866846988797187,-0.1733858585357666,-0.14188118278980255,0.1138906255364418,,,,,,
1763596006.717659,,,,,,,0.051358580589294434,-0.08363038301467896,-0.1398988664150238,0.07264071702957153,-0.10927931219339371,-0.25280705094337463
1763596006.722196,-0.623324206289649,-0.31765476768836376,0.39134471166878937,-0.20481406152248383,-0.1465679258108139,0.05717344954609871,,,,,,
1763596006.727689,,,,,,,0.04962146282196045,-0.08988761901855469,-0.14774788916110992,0.08485104888677597,-0.1622019112110138,-0.20911523699760437
1763596006.732249,-0.6813824275046586,-0.3590140022326261,0.4530088484212756,-0.23408673703670502,-0.1311817765235901,0.005752071738243103,,,,,,
1763596006.73772,,,,,,,0.04675942659378052,-0.09067720174789429,-0.14974847435951233,0.1277783364057541,-0.20961737632751465,-0.15190428495407104
1763596006.742301,-0.6889525704979896,-0.3767821525048464,0.4852572133362293,-0.2609531879425049,-0.11253192275762558,-0.04635683447122574,,,,,,
1763596006.74775,,,,,,,0.0506402850151062,-0.08697515726089478,-0.15199041366577148,0.13768555223941803,-0.27481287717819214,-0.10466726124286652
1763596006.752354,-0.6823223387032746,-0.3568281095609069,0.4544152080878615,-0.2832536995410919,-0.10012878477573395,-0.09657712280750275,,,,,,
1763596006.757781,,,,,,,0.058020591735839844,-0.08176684379577637,-0.15011204779148102,0.1674593836069107,-0.3467203676700592,-0.028872761875391006
1763596006.762408,-0.647173868432641,-0.2341038663636893,0.35509850928932424,-0.29456421732902527,-0.07101479172706604,-0.13846862316131592,,,,,,
1763596006.767812,,,,,,,0.05455052852630615,-0.09777694940567017,-0.14582158625125885,0.16825273633003235,-0.40870702266693115,0.027940453961491585
1763596006.77246,-0.582172696211934,-0.10648863625451922,0.24870427331998943,-0.2974574565887451,-0.04170697182416916,-0.1767805963754654,,,,,,
1763596006.777842,,,,,,,0.04434007406234741,-0.08715736865997314,-0.11524379253387451,0.17989258468151093,-0.45624953508377075,0.07854443788528442
1763596006.782513,-0.572006691506505,-0.04238912558127195,0.25907792942672964,-0.3002590537071228,-0.04107179120182991,-0.21157565712928772,,,,,,
1763596006.787873,,,,,,,0.03883582353591919,-0.06941068172454834,-0.09974339604377747,0.21149098873138428,-0.5046495199203491,0.11597330868244171
1763596006.792566,-0.6100041214674711,-0.020646262991800904,0.25054800149053336,-0.3026372492313385,-0.03299309313297272,-0.2450055181980133,,,,,,
1763596006.797904,,,,,,,0.03043055534362793,-0.07173210382461548,-0.10316327214241028,0.2471267729997635,-0.5230815410614014,0.152226984500885
1763596006.802619,-0.623560937654972,-0.024860702349059283,0.14883447068333625,-0.2988808751106262,-0.0056055509485304356,-0.28280091285705566,,,,,,
1763596006.807934,,,,,,,0.027563393115997314,-0.0824136734008789,-0.10584065318107605,0.26899024844169617,-0.5417338013648987,0.17758160829544067
1763596006.812672,-0.6501461622416973,-0.06423427950143813,0.12640519673228262,-0.29179102182388306,0.010983811691403389,-0.3259558379650116,,,,,,
1763596006.817965,,,,,,,0.03672522306442261,-0.08088117837905884,-0.10924005508422852,0.2933218479156494,-0.5713595747947693,0.2181665152311325
1763596006.822725,-0.6819815624415874,-0.07041190869044513,0.14072452172487973,-0.29259347915649414,0.012836490757763386,-0.3702670931816101,,,,,,
1763596006.827996,,,,,,,0.05020415782928467,-0.0734795331954956,-0.10830394923686981,0.2942262589931488,-0.6074787378311157,0.2497100681066513
1763596006.832778,-0.6363046838939189,-0.04722805351242423,0.05535071582198143,-0.285984605550766,0.020764455199241638,-0.41047364473342896,,,,,,
1763596006.838026,,,,,,,0.05703252553939819,-0.05731385946273804,-0.08312687277793884,0.2911660075187683,-0.6466309428215027,0.29913854598999023
1763596006.84283,-0.512509377399087,0.034807913204655046,0.0686848291695118,-0.2849281430244446,0.0154309356585145,-0.44467777013778687,,,,,,
1763596006.848057,,,,,,,0.05870532989501953,-0.044094741344451904,-0.07069715857505798,0.3452889025211334,-0.6844654083251953,0.3504802882671356
1763596006.852883,-0.45730946822464463,0.09174228148888797,0.20218816746920346,-0.30471599102020264,-0.0027818907983601093,-0.4712451994419098,,,,,,
1763596006.858087,,,,,,,0.04649233818054199,-0.0566481351852417,-0.09363274276256561,0.41476741433143616,-0.7113598585128784,0.38456469774246216
1763596006.862936,-0.48323301403224467,0.043803230162896216,0.1818438830986619,-0.3273342549800873,-0.007078517694026232,-0.5048143267631531,,,,,,
1763596006.868118,,,,,,,0.035366714000701904,-0.07623648643493652,-0.11409175395965576,0.4833936393260956,-0.7411518096923828,0.42072349786758423
1763596006.872989,-0.5048842893481255,-0.05262640542462468,0.07855769614726305,-0.33661484718322754,-0.0010733559029176831,-0.5618565678596497,,,,,,
1763596006.878149,,,,,,,0.03449201583862305,-0.07826393842697144,-0.12157058715820312,0.5067158341407776,-0.7631721496582031,0.45464229583740234
1763596006.883042,-0.5568769269138574,-0.16113785274364054,-0.04684621458798647,-0.334538072347641,0.0004952523158863187,-0.6311935186386108,,,,,,
1763596006.888179,,,,,,,0.039664268493652344,-0.08494961261749268,-0.1350494623184204,0.5371125936508179,-0.7994774580001831,0.5129399299621582
1763596006.893095,-0.6246569161981343,-0.24506829143781214,-0.06335954249352216,-0.3312770128250122,-0.0071637327782809734,-0.7033199071884155,,,,,,
1763596006.89821,,,,,,,0.05253636837005615,-0.1151963472366333,-0.15339650213718414,0.5368024706840515,-0.8538501262664795,0.5746742486953735
1763596006.903148,-0.6264391234397888,-0.23313098447723313,-0.04033683269396424,-0.33298730850219727,-0.01194776501506567,-0.7736619114875793,,,,,,
1763596006.908241,,,,,,,0.07431972026824951,-0.1321355700492859,-0.15732571482658386,0.4882093667984009,-0.9379860758781433,0.6183261275291443
1763596006.913201,-0.5576327137172222,-0.15389705130252987,-0.024877982277423143,-0.3285994827747345,0.0038615581579506397,-0.8327843546867371,,,,,,
1763596006.91827,,,,,,,0.08479231595993042,-0.13803714513778687,-0.143607497215271,0.4505818486213684,-1.0111761093139648,0.6719251871109009
1763596006.923254,-0.47203182106018066,-0.02018267548448639,0.00816445562466979,-0.3268430233001709,0.004109330475330353,-0.8769987225532532,,,,,,
1763596006.928302,,,,,,,0.08785754442214966,-0.13734334707260132,-0.12053325772285461,0.39557161927223206,-1.088447093963623,0.7161110043525696
1763596006.933306,-0.45077743610739707,0.11571735097668133,0.0016778700843453405,-0.31699252128601074,-0.021209606900811195,-0.9122651219367981,,,,,,
1763596006.938333,,,,,,,0.09211105108261108,-0.12299120426177979,-0.09318068623542786,0.34857985377311707,-1.1847097873687744,0.7455645799636841
1763596006.943359,-0.45474575521647925,0.1784385864335112,-0.10496639512330293,-0.29203301668167114,-0.03533239662647247,-0.941522479057312,,,,,,
1763596006.948363,,,,,,,0.08844870328903198,-0.10742563009262085,-0.05514204502105713,0.25235265493392944,-1.240863561630249,0.7549229264259338
1763596006.953412,-0.39883740551173685,0.22056666819211093,-0.23931115268319844,-0.26710689067840576,-0.05076195299625397,-0.9654741883277893,,,,,,
1763596006.958394,,,,,,,0.07578372955322266,-0.0735858678817749,-0.014822065830230713,0.25863513350486755,-1.273751974105835,0.7908893823623657
1763596006.963465,-0.35093174499869345,0.2573775187170133,-0.13168474457040427,-0.2670140564441681,-0.08652736991643906,-0.966685950756073,,,,,,
1763596006.968425,,,,,,,0.07026177644729614,-0.04258596897125244,-0.030799180269241333,0.3236927092075348,-1.294141173362732,0.8151739835739136
1763596006.973518,-0.3629541912257671,0.24198636324182152,-0.0580488688647747,-0.27963584661483765,-0.09699093550443649,-0.9635553956031799,,,,,,
1763596006.978455,,,,,,,0.06339335441589355,-0.03259521722793579,-0.06171724200248718,0.36530905961990356,-1.2857348918914795,0.8071445822715759
1763596006.983571,-0.37956104263365265,0.19763170974124222,-0.09420037869811057,-0.29636818170547485,-0.0701470598578453,-0.9780236482620239,,,,,,
1763596006.988486,,,,,,,0.06379002332687378,-0.04735523462295532,-0.07841852307319641,0.4665813446044922,-1.2787896394729614,0.8542423248291016
1763596006.993624,-0.45586686820089817,0.11979914953075349,0.030190263341367242,-0.3099476099014282,-0.0636361613869667,-1.012535572052002,,,,,,
1763596006.998516,,,,,,,0.07701277732849121,-0.06649202108383179,-0.11165580153465271,0.5708906650543213,-1.2928674221038818,0.8978778719902039
1763596007.003677,-0.6183411571800709,0.01920432055518031,0.05154314023256302,-0.31130215525627136,-0.07137052714824677,-1.0876597166061401,,,,,,
1763596007.008547,,,,,,,0.08560651540756226,-0.07232064008712769,-0.1197805106639862,0.6083661317825317,-1.3169716596603394,0.9476544857025146
1763596007.01373,-0.6285118380606174,-0.024234715937823056,0.024752017810195683,-0.2915457785129547,-0.06535124778747559,-1.1889269351959229,,,,,,
1763596007.018578,,,,,,,0.08546650409698486,-0.08802413940429688,-0.0838162899017334,0.5812487602233887,-1.3532068729400635,1.0079739093780518
1763596007.023782,-0.49873921072185035,0.030169805075228213,0.04612126131430268,-0.25903791189193726,-0.07532472908496857,-1.290053129196167,,,,,,
1763596007.028608,,,,,,,0.08134633302688599,-0.09665989875793457,-0.023160308599472046,0.5462404489517212,-1.382880687713623,1.0869903564453125
1763596007.033835,-0.37275545427203177,0.10165770896673201,0.08549787067398429,-0.23105424642562866,-0.11555230617523193,-1.3572808504104614,,,,,,
1763596007.038639,,,,,,,0.07756435871124268,-0.08446592092514038,0.017248302698135376,0.5554838180541992,-1.41571044921875,1.1536834239959717
1763596007.043888,-0.3061567837268114,0.16800773851312695,0.06988441421762108,-0.21362316608428955,-0.1552654653787613,-1.3733845949172974,,,,,,
1763596007.04867,,,,,,,0.06636130809783936,-0.08487248420715332,0.016622096300125122,0.6011399626731873,-1.4253857135772705,1.1947048902511597
1763596007.053941,-0.26313305003643034,0.24017653734087943,-0.022760259471088645,-0.20534873008728027,-0.1581248939037323,-1.3437728881835938,,,,,,
1763596007.0587,,,,,,,0.05502200126647949,-0.0789535641670227,0.014055252075195312,0.6580532193183899,-1.39529550075531,1.2491099834442139
1763596007.063994,-0.25894085904359815,0.25052491287589074,-0.10379004482030868,-0.20673415064811707,-0.12885184586048126,-1.2958523035049438,,,,,,
1763596007.068731,,,,,,,0.05557173490524292,-0.06401854753494263,-0.026552438735961914,0.7882099151611328,-1.3850452899932861,1.297368049621582
1763596007.074047,-0.3825497030556202,0.19030819845274088,-0.1690638965025544,-0.1964423507452011,-0.09818127751350403,-1.2729918956756592,,,,,,
1763596007.078762,,,,,,,0.06876164674758911,-0.07606017589569092,-0.09800288081169128,0.8412103652954102,-1.3853046894073486,1.3208024501800537
1763596007.0841,-0.46191374714970584,0.1178616786621511,-0.18136296771392224,-0.17690247297286987,-0.08730626106262207,-1.3125354051589966,,,,,,
1763596007.088792,,,,,,,0.08640462160110474,-0.07834255695343018,-0.08182346820831299,0.8052736520767212,-1.3895106315612793,1.3790713548660278
1763596007.094153,-0.4786217208445072,0.030595044749975202,-0.09013663639053701,-0.15587285161018372,-0.12275327742099762,-1.3984878063201904,,,,,,
1763596007.098823,,,,,,,0.09953838586807251,-0.08116048574447632,-0.048828572034835815,0.8991297483444214,-1.4112427234649658,1.50892972946167
1763596007.104206,-0.6493547196030617,-0.12375029830932617,0.03687280984520912,-0.14145292341709137,-0.16823382675647736,-1.5024667978286743,,,,,,
1763596007.108854,,,,,,,0.09005111455917358,-0.10768574476242065,-0.05995282530784607,0.8228924870491028,-1.418233871459961,1.4894945621490479
1763596007.114259,-0.7158528523832559,-0.17761472109630702,-0.10613295468464493,-0.13037070631980896,-0.1606379598379135,-1.6068224906921387,,,,,,
1763596007.118884,,,,,,,0.06395077705383301,-0.09579187631607056,0.014576703310012817,0.614660918712616,-1.3768211603164673,1.4939755201339722
1763596007.124311,-0.4905120651245117,-0.007100479654967785,-0.1555364525400102,-0.1154165044426918,-0.14623789489269257,-1.670379638671875,,,,,,
1763596007.128915,,,,,,,0.07715684175491333,-0.0811152458190918,0.06287941336631775,0.6411979794502258,-1.3758217096328735,1.619052767753601
1763596007.134364,-0.33109424110651015,0.1984127405837178,0.0649495881639421,-0.11296586692333221,-0.17858891189098358,-1.676210641860962,,,,,,
1763596007.138945,,,,,,,0.10659095644950867,-0.08669054508209229,0.006402254104614258,0.6917778253555298,-1.4137262105941772,1.6339507102966309
1763596007.144417,-0.32778292460143565,0.32170448147058484,0.039300913774967194,-0.12021022289991379,-0.21770530939102173,-1.6453871726989746,,,,,,
1763596007.148976,,,,,,,0.10596749186515808,-0.0554502010345459,-0.00767970085144043,0.7532997727394104,-1.398074984550476,1.6683422327041626
1763596007.15447,-0.3552297344535589,0.3796139418646693,-0.035100685606151816,-0.13082824647426605,-0.22727777063846588,-1.60495126247406,,,,,,
1763596007.159007,,,,,,,0.1013655960559845,-0.031232357025146484,-0.016241103410720825,0.8771879076957703,-1.3908964395523071,1.7374681234359741
1763596007.164523,-0.36079672093093396,0.37972500102370976,-0.06256605402827263,-0.14330756664276123,-0.2015928328037262,-1.5897456407546997,,,,,,
1763596007.169037,,,,,,,0.09460648894309998,-0.03907662630081177,-0.059985190629959106,1.1110296249389648,-1.3882426023483276,1.8024234771728516
1763596007.174576,-0.4921013801425695,0.27644904320538044,0.0006697159551084041,-0.1539282500743866,-0.1807842254638672,-1.605790138244629,,,,,,
1763596007.179068,,,,,,,0.08351311087608337,-0.07732599973678589,-0.08267736434936523,1.3349955081939697,-1.37969970703125,1.8717001676559448
1763596007.184629,-0.6021382103979587,0.09124182115346192,0.07550371540412307,-0.16592499613761902,-0.18224743008613586,-1.658638834953308,,,,,,
1763596007.189099,,,,,,,0.07891318202018738,-0.06675446033477783,-0.03676846623420715,1.4166711568832397,-1.36489737033844,1.939010739326477
1763596007.194682,-0.6729694039463997,-0.10119769023954868,0.059159606585651635,-0.16264398396015167,-0.19962163269519806,-1.739654541015625,,,,,,
1763596007.199129,,,,,,,0.08439028263092041,-0.033294498920440674,-0.012565523386001587,1.617937445640564,-1.377150058746338,2.089064836502075
1763596007.204735,-0.738559189710021,-0.24342677130848167,-0.013515315133333206,-0.1458730548620224,-0.21144889295101166,-1.841574788093567,,,,,,
1763596007.20916,,,,,,,0.08741798996925354,-0.07458984851837158,-0.03279697895050049,1.5216783285140991,-1.3596093654632568,2.0929880142211914
1763596007.214788,-0.5779682302594185,-0.2045695096477866,-0.07456292742267251,-0.12767595052719116,-0.2049177587032318,-1.954137921333313,,,,,,
1763596007.219191,,,,,,,0.07450136542320251,-0.11531215906143188,0.013824939727783203,1.3802348375320435,-1.2914700508117676,2.181386947631836
1763596007.22484,-0.2968365821957588,-0.05896101527363062,-0.00964344213604927,-0.11501297354698181,-0.22494074702262878,-2.043945789337158,,,,,,
1763596007.229221,,,,,,,0.09496673941612244,-0.1580081582069397,0.02861154079437256,1.2410979270935059,-1.2890063524246216,2.275110960006714
1763596007.234893,-0.12022095513939857,0.14019786750227212,0.04196516454815864,-0.10443063825368881,-0.27328482270240784,-2.096356153488159,,,,,,
1763596007.239252,,,,,,,0.11253620684146881,-0.1556345820426941,0.007884681224822998,1.156135082244873,-1.316265344619751,2.31670880317688
1763596007.244946,-0.053498950475454325,0.2535296476498246,-0.025455928295850753,-0.0923534408211708,-0.33067968487739563,-2.1128127574920654,,,,,,
1763596007.249282,,,,,,,0.10018028318881989,-0.14323121309280396,0.012233316898345947,1.0734071731567383,-1.275819182395935,2.3348817825317383
1763596007.254999,-0.008710545200109481,0.3003147797003388,-0.09205635240674018,-0.07596967369318008,-0.3784237802028656,-2.100247621536255,,,,,,
1763596007.259313,,,,,,,0.08385369181632996,-0.08950388431549072,0.055299311876297,1.232437252998352,-1.211567997932434,2.4522457122802734
1763596007.265052,-0.1721300060749054,0.24387656090259552,-0.03976385511159897,-0.08080517500638962,-0.39771124720573425,-2.0598418712615967,,,,,,
1763596007.269343,,,,,,,0.0923570841550827,-0.02521038055419922,0.04781201481819153,1.9327234029769897,-1.227576494216919,2.6626272201538086
1763596007.275105,-0.48702480753064153,0.00957066916078329,0.03763721834644675,-0.12851890921592712,-0.363285094499588,-2.0257866382598877,,,,,,
1763596007.279374,,,,,,,0.09179596602916718,0.05781739950180054,0.024478912353515625,2.64542818069458,-1.2615011930465698,2.737795829772949
1763596007.285158,-0.8457032211333513,-0.2661956524774432,-0.11635025118589401,-0.19374066591262817,-0.25930288434028625,-2.027702569961548,,,,,,
1763596007.289405,,,,,,,0.0673699602484703,0.21033918857574463,0.06785830855369568,3.479990243911743,-1.2370814085006714,2.8960938453674316
1763596007.295211,-1.022998647147417,-0.42841304408609865,-0.24277765974998472,-0.25410813093185425,-0.11014055460691452,-2.0852105617523193,,,,,,
1763596007.299436,,,,,,,0.058017000555992126,0.2786538600921631,0.07112585008144379,4.1965813636779785,-1.2275975942611694,3.06966233253479
1763596007.305264,-0.9363871161431073,-0.373693027383089,-0.3343628875136375,-0.2939404249191284,0.07257014513015747,-2.201127529144287,,,,,,
1763596007.309466,,,,,,,0.03589683026075363,0.21323680877685547,0.07626952230930328,4.275463104248047,-1.1524945497512817,3.0306220054626465
1763596007.315316,-0.4792565116167068,-0.01177227085828781,-0.34803573129624127,-0.29542994499206543,0.22984790802001953,-2.3627007007598877,,,,,,
1763596007.319497,,,,,,,-0.010826105251908302,0.042405009269714355,0.14124250411987305,3.688404083251953,-0.9359468817710876,2.9605605602264404
1763596007.325369,0.17104104179441929,0.49023383270502086,-0.2479566698230803,-0.23474112153053284,0.2586252689361572,-2.5116944313049316,,,,,,
1763596007.329528,,,,,,,-0.030542708933353424,-0.19495761394500732,0.1728459596633911,2.743637800216675,-0.6563866138458252,2.9701037406921387
1763596007.335422,0.6952788509100675,0.8073954100489615,-0.030610388449579477,-0.13267254829406738,0.06855174899101257,-2.589475393295288,,,,,,
1763596007.339558,,,,,,,-0.015019290149211884,-0.3451043963432312,0.17381596565246582,1.4932012557983398,-0.4185442328453064,2.9106926918029785
1763596007.345475,0.92929511205554,0.887161020681262,0.035005846929550166,-0.004204433877021074,-0.26849400997161865,-2.5497710704803467,,,,,,
1763596007.349589,,,,,,,0.02203088253736496,-0.3530071973800659,0.13886606693267822,0.7103860378265381,-0.2946571707725525,2.853627920150757
1763596007.355528,1.0017489383697509,0.7304080319583416,-0.07161094574928284,0.08981234580278397,-0.5633538961410522,-2.391282796859741,,,,,,
1763596007.35962,,,,,,,0.06725811958312988,-0.32096338272094727,0.07521557807922363,0.43293270468711853,-0.2791264057159424,2.8345298767089844
1763596007.365581,0.9656371760249137,0.4405319364249706,-0.281404181394726,0.10939940810203552,-0.6674312949180603,-2.1611571311950684,,,,,,
1763596007.36965,,,,,,,0.08088745176792145,-0.17995262145996094,0.036439597606658936,0.47043612599372864,-0.305681049823761,2.7115073204040527
1763596007.375634,0.8711901290893554,0.14942717587947846,-0.48766412834748624,0.04920877143740654,-0.5666583180427551,-1.9400063753128052,,,,,,
1763596007.37968,,,,,,,0.0577525794506073,-0.01402592658996582,0.016912341117858887,0.9509223103523254,-0.2983810603618622,2.6692163944244385
1763596007.385687,0.5619564221352339,-0.12646014178991316,-0.5162099854826927,-0.05079350993037224,-0.35700157284736633,-1.7977378368377686,,,,,,
1763596007.389711,,,,,,,0.05100080370903015,0.09980887174606323,-0.0010313987731933594,1.6079236268997192,-0.3015579581260681,2.7406065464019775
1763596007.39574,0.08064999225139617,-0.40438218015730376,-0.35874110357537864,-0.15276354551315308,-0.14882095158100128,-1.7756788730621338,,,,,,
1763596007.399742,,,,,,,0.06481339037418365,0.20267468690872192,0.00548500195145607,2.0186660289764404,-0.3490823209285736,2.7378859519958496
1763596007.405793,-0.23697627999484538,-0.48574645815789697,-0.1656781995870173,-0.21634680032730103,-0.019253764301538467,-1.8450281620025635,,,,,,
1763596007.409773,,,,,,,0.08751583099365234,0.25171327590942383,0.03961396962404251,2.1037380695343018,-0.36078664660453796,2.712923765182495
1763596007.415845,-0.33521453590691086,-0.34363515824973584,0.12589286329597235,-0.23825103044509888,-0.04177025705575943,-1.9470815658569336,,,,,,
1763596007.419803,,,,,,,0.1159672737121582,0.197398841381073,0.05600481480360031,2.064800500869751,-0.3327281177043915,2.824476718902588
1763596007.425898,-0.44277533143758774,-0.2620025847017765,0.2650444366157055,-0.22594256699085236,-0.16307136416435242,-2.039849281311035,,,,,,
1763596007.429834,,,,,,,0.134152352809906,0.08759433031082153,0.03357821702957153,1.8496081829071045,-0.32542598247528076,2.8871421813964844
1763596007.435951,-0.5617465787768363,-0.26292612928748127,0.04205415800586343,-0.2032947838306427,-0.2583076059818268,-2.1073157787323,,,,,,
1763596007.439865,,,,,,,0.10100984573364258,-0.015659689903259277,0.01253712922334671,1.483918309211731,-0.26045897603034973,2.7831997871398926
1763596007.446004,-0.4320400024116039,-0.16027473310828208,-0.16942264681234956,-0.2027537226676941,-0.2542720437049866,-2.1388773918151855,,,,,,
1763596007.449895,,,,,,,0.030804455280303955,-0.10011744499206543,0.013663649559020996,1.2197905778884888,-0.11561550945043564,2.715022563934326
1763596007.456057,-0.03582710018455982,0.06573825432360172,-0.1847873892046511,-0.24072027206420898,-0.1584392786026001,-2.12558913230896,,,,,,
1763596007.459926,,,,,,,-0.014597713947296143,-0.15349197387695312,0.017386257648468018,0.9649510979652405,0.008865167386829853,2.653482437133789
1763596007.46611,0.4845563715904951,0.28371991099119187,-0.11361249678507447,-0.287221759557724,-0.05310647189617157,-2.084679365158081,,,,,,
1763596007.469957,,,,,,,-0.026525497436523438,-0.12559962272644043,0.043748319149017334,0.7531991600990295,0.11351461708545685,2.5795984268188477
1763596007.476163,0.8336299215018749,0.3924187706410885,0.01761632071137428,-0.30288591980934143,-0.016906654462218285,-2.0383729934692383,,,,,,
1763596007.479987,,,,,,,-0.003786325454711914,-0.0752408504486084,0.059904858469963074,0.9884501099586487,0.19344620406627655,2.6702730655670166
1763596007.486216,0.9318547334104775,0.322258023700118,0.14106748994365334,-0.27407464385032654,-0.10822201520204544,-2.001739501953125,,,,,,
1763596007.490018,,,,,,,0.04559639096260071,-0.00408172607421875,0.0619349330663681,1.1996190547943115,0.2286398708820343,2.6847422122955322
1763596007.496269,0.7915829238891601,0.26863106293082234,0.10493556159362197,-0.19439846277236938,-0.276210755109787,-1.954408884048462,,,,,,
1763596007.500048,,,,,,,0.0858677327632904,0.19121325016021729,0.07626533508300781,1.333695888519287,0.2575695216655731,2.6407310962677
1763596007.506321,0.4312368693351745,0.2555798581779003,0.08738967576995492,-0.09529807418584824,-0.4641881585121155,-1.8878177404403687,,,,,,
1763596007.510079,,,,,,,0.14610591530799866,0.3216080069541931,0.06529271602630615,1.583179235458374,0.19511839747428894,2.680793285369873
1763596007.516374,-0.050931730335950845,0.3137543992489576,0.038636750777810806,-0.04881579428911209,-0.5823912024497986,-1.8064565658569336,,,,,,
1763596007.52011,,,,,,,0.19514179229736328,0.2642766237258911,0.019601494073867798,1.629543423652649,0.09033206105232239,2.5699143409729004
1763596007.526428,-0.3475783429175615,0.5668938785374165,0.0011478548608720301,-0.0761449784040451,-0.5289872288703918,-1.7262558937072754,,,,,,
1763596007.53014,,,,,,,0.17722034454345703,0.14910656213760376,0.003673553466796875,1.4234490394592285,0.11452741175889969,2.4187772274017334
1763596007.53648,-0.48761166750788687,0.8297656472891569,-0.07608604533672332,-0.14685536921024323,-0.3293817341327667,-1.6564428806304932,,,,,,
1763596007.540171,,,,,,,0.11961609125137329,0.049340784549713135,0.02819313108921051,1.1716878414154053,0.23728369176387787,2.3084897994995117
1763596007.546533,-0.47236003010123967,0.945847018405795,-0.016773294015973807,-0.2355813980102539,-0.10075646638870239,-1.608547329902649,,,,,,
1763596007.550201,,,,,,,0.06396836042404175,-0.002522706985473633,0.046998634934425354,1.021305799484253,0.3494344651699066,2.2654011249542236
1763596007.556586,-0.38102059379220005,0.9050830463409423,0.09427183649912475,-0.30256497859954834,0.06647859513759613,-1.5932061672210693,,,,,,
1763596007.560231,,,,,,,0.029972374439239502,0.005646407604217529,0.06073355674743652,0.8437780737876892,0.41849130392074585,2.1713922023773193
1763596007.566639,-0.24803806449621915,0.7099041731119156,0.05901902907118201,-0.3224283456802368,0.13647080957889557,-1.6055476665496826,,,,,,
1763596007.570262,,,,,,,0.01969325542449951,0.022612273693084717,0.07528826594352722,0.8627608418464661,0.4793298840522766,2.1358742713928223
1763596007.576692,-0.043593642532825466,0.5078291106283664,-0.07285232411250471,-0.29083314538002014,0.12906616926193237,-1.6413496732711792,,,,,,
1763596007.580293,,,,,,,0.03177332878112793,0.00282442569732666,0.07187429070472717,0.9824237823486328,0.5131882429122925,2.161245346069336
1763596007.586745,0.23894991815537212,0.37229075936973094,-0.2643454945661127,-0.2222515195608139,0.061926715075969696,-1.6737775802612305,,,,,,
1763596007.590323,,,,,,,0.04789942502975464,0.05336064100265503,0.059184253215789795,0.957388162612915,0.5320919156074524,2.0928521156311035
1763596007.596797,0.4728530743151903,0.3022702976822853,-0.34419907574281094,-0.13692116737365723,-0.04649350419640541,-1.675768256187439,,,,,,
1763596007.600354,,,,,,,0.07133060693740845,0.1618262529373169,0.03861969709396362,0.9860195517539978,0.5281341671943665,2.0839898586273193
1763596007.60685,0.5130643809333444,0.2285913134872913,-0.24546543752923605,-0.07259077578783035,-0.17829589545726776,-1.6369984149932861,,,,,,
1763596007.610385,,,,,,,0.1131860613822937,0.17629510164260864,0.005707681179046631,1.074501872062683,0.4607769548892975,2.094890832901001
1763596007.616903,0.4465975200742483,0.20197218663096428,-0.13730521480068564,-0.06144304573535919,-0.2760469913482666,-1.574997901916504,,,,,,
1763596007.620415,,,,,,,0.1294826865196228,0.10914331674575806,-0.016748279333114624,1.051239252090454,0.4006481170654297,2.069913864135742
1763596007.626956,0.3804349028587341,0.25444471666812896,-0.13153276887908577,-0.09404408186674118,-0.28592509031295776,-1.5053234100341797,,,,,,
1763596007.630446,,,,,,,0.09988552331924438,0.028606176376342773,-0.0031495094299316406,0.8155317902565002,0.40419039130210876,1.9778114557266235
1763596007.637009,0.3638175300568342,0.33654841485917564,-0.19934519912824034,-0.14283904433250427,-0.21316778659820557,-1.4457699060440063,,,,,,
1763596007.640476,,,,,,,0.046361446380615234,-0.05180448293685913,0.02448326349258423,0.49853551387786865,0.47618842124938965,1.9015904664993286
1763596007.647062,0.39504502749145026,0.37225510353446006,-0.1703882769741118,-0.19645576179027557,-0.12259935587644577,-1.4040874242782593,,,,,,
1763596007.650507,,,,,,,0.008275866508483887,-0.11946815252304077,0.0472165048122406,0.2231854498386383,0.5685756206512451,1.885797381401062
1763596007.657115,0.4266322981491685,0.32919103783369064,-0.1370787125684321,-0.2249680906534195,-0.07410212606191635,-1.3918616771697998,,,,,,
1763596007.660538,,,,,,,-0.0003922581672668457,-0.13903933763504028,0.06193411350250244,0.008500764146447182,0.6223030090332031,1.8926334381103516
1763596007.667168,0.3878331964164972,0.17627134366333483,-0.13434081203714013,-0.21926090121269226,-0.1017816886305809,-1.4097026586532593,,,,,,
1763596007.670568,,,,,,,0.010426163673400879,-0.11502951383590698,0.06625837087631226,-0.1462789624929428,0.628128170967102,1.880242109298706
1763596007.677221,0.3677235975846648,-0.008440496087074279,-0.17992168286442756,-0.18136678636074066,-0.20516107976436615,-1.4533716440200806,,,,,,
1763596007.680599,,,,,,,0.02679300308227539,-0.0935063362121582,0.06908020377159119,-0.24286150932312012,0.6072590947151184,1.8729689121246338
1763596007.687274,0.3505450837686658,-0.14680091902911663,-0.2657144448317587,-0.13064411282539368,-0.3606701195240021,-1.5125871896743774,,,,,,
1763596007.69063,,,,,,,0.0419577956199646,-0.07686495780944824,0.06330431997776031,-0.31081417202949524,0.5840853452682495,1.8924717903137207
1763596007.697326,0.2729904271841049,-0.25983400849103927,-0.3149566146455705,-0.08761594444513321,-0.5353015661239624,-1.5768170356750488,,,,,,
1763596007.70066,,,,,,,0.05808514356613159,-0.06369996070861816,0.05656611919403076,-0.3169434368610382,0.578376054763794,1.9138431549072266
1763596007.707379,0.22815321433097122,-0.26605565948486326,-0.35934199207797646,-0.051332153379917145,-0.6791635751724243,-1.636358618736267,,,,,,
1763596007.710691,,,,,,,0.07419788837432861,-0.039196908473968506,0.03423823416233063,-0.3013157248497009,0.5718289017677307,1.9566292762756348
1763596007.717432,0.14749796138256788,-0.21174071645140646,-0.35725393375754355,-0.023521028459072113,-0.7823597192764282,-1.6693037748336792,,,,,,
1763596007.720722,,,,,,,0.09654068946838379,0.006759524345397949,0.01742894947528839,-0.2934989333152771,0.5278587937355042,1.9851075410842896
