timestamp,phone_accel_x,phone_accel_y,phone_accel_z,phone_gyro_x,phone_gyro_y,phone_gyro_z,watch_accel_x,watch_accel_y,watch_accel_z,watch_gyro_x,watch_gyro_y,watch_gyro_z
1763596027.582002,-0.2633161515183747,0.4365758922755718,0.15061127109751105,,,,,,,,,
1763596027.591402,,,,,,,0.0715751051902771,0.27174773812294006,0.023294448852539062,-0.3347913324832916,-0.23919576406478882,0.6887161135673523
1763596027.592055,-0.32561734406538306,0.30352526617944237,0.2180279800273478,-0.09900785237550735,-0.5158557891845703,-0.5109352469444275,,,,,,
1763596027.601432,,,,,,,0.04272526502609253,0.2819206118583679,0.027246825397014618,-0.34268659353256226,-0.22399364411830902,0.5073508024215698
1763596027.602108,-0.33069800833053886,0.2245049209564924,0.26935820816159245,-0.0652562826871872,-0.49998602271080017,-0.4124416708946228,,,,,,
1763596027.611463,,,,,,,0.019512295722961426,0.2920995056629181,0.03474796563386917,-0.3626677691936493,-0.18975551426410675,0.34036579728126526
1763596027.612161,-0.3050593438789248,0.17989128772616386,0.23469474492892622,-0.047073110938072205,-0.4191206693649292,-0.310491144657135,,,,,,
1763596027.621494,,,,,,,0.0052106380462646484,0.30019673705101013,0.034843094646930695,-0.38105952739715576,-0.17504741251468658,0.18077580630779266
1763596027.622214,-0.18992256013602019,0.1266845981955528,0.1886111122112721,-0.05181646719574928,-0.28158360719680786,-0.21034644544124603,,,,,,
1763596027.631524,,,,,,,-0.006607711315155029,0.2936328947544098,0.028745174407958984,-0.39505523443222046,-0.1591145098209381,0.03140788897871971
1763596027.632267,-0.029888869241997598,0.04247077598273754,0.15740487676039336,-0.07559508085250854,-0.129147469997406,-0.11215070635080338,,,,,,
1763596027.641555,,,,,,,-0.014389097690582275,0.27535340189933777,0.019836775958538055,-0.39230164885520935,-0.13868753612041473,-0.0962454080581665
1763596027.64232,0.14936117970487103,-0.04814472996592521,0.09738134682178497,-0.0989970788359642,0.006626075133681297,-0.011427026242017746,,,,,,
1763596027.651586,,,,,,,-0.023432254791259766,0.2512136995792389,0.0112990140914917,-0.3768356144428253,-0.12147366255521774,-0.20270952582359314
1763596027.652373,0.34879765557944775,-0.1342886434584856,-0.019248305827379224,-0.11281397193670273,0.1003020629286766,0.08629657328128815,,,,,,
1763596027.661616,,,,,,,-0.03269004821777344,0.22566759586334229,0.012402303516864777,-0.34944218397140503,-0.11088120937347412,-0.29378849267959595
1763596027.662426,0.5086035655995831,-0.12662789957225323,-0.11980477555394171,-0.1066167950630188,0.15148988366127014,0.170511856675148,,,,,,
1763596027.671647,,,,,,,-0.04072976112365723,0.20216259360313416,0.02012467384338379,-0.3094625473022461,-0.08847283571958542,-0.3649106025695801
1763596027.672479,0.6215730517733842,-0.05913432601392269,-0.23021628434062003,-0.08251649141311646,0.1668514758348465,0.22813507914543152,,,,,,
1763596027.681677,,,,,,,-0.04677748680114746,0.17873278260231018,0.02440023422241211,-0.2496158480644226,-0.07636397331953049,-0.41113996505737305
1763596027.682531,0.682786522148922,0.012027706924080847,-0.3490471002958715,-0.050215546041727066,0.15055479109287262,0.25477731227874756,,,,,,
1763596027.691708,,,,,,,-0.04444319009780884,0.15398594737052917,0.022462375462055206,-0.20610831677913666,-0.06396190077066422,-0.444204181432724
1763596027.692584,0.7519375805906952,0.04826514147520065,-0.4011621221322566,-0.0145710539072752,0.12104015797376633,0.25677311420440674,,,,,,
1763596027.701739,,,,,,,-0.03968089818954468,0.1304299533367157,0.014556534588336945,-0.1667029857635498,-0.04460817575454712,-0.4572644531726837
1763596027.702637,0.8290440550163388,0.06299333952963351,-0.34444830126352605,0.005255114287137985,0.09405408054590225,0.24867282807826996,,,,,,
1763596027.711769,,,,,,,-0.032364726066589355,0.10540181398391724,0.008032560348510742,-0.11672636866569519,-0.04172610491514206,-0.44961532950401306
1763596027.71269,0.9000898411635309,0.04670563707351684,-0.24747516991645097,0.005653582513332367,0.06258345395326614,0.24152781069278717,,,,,,
1763596027.7218,,,,,,,-0.026812732219696045,0.08832493424415588,0.008901961147785187,-0.07988806813955307,-0.047719549387693405,-0.4342961013317108
1763596027.722743,0.9495682308860123,0.024077041158080098,-0.2493007779084146,-0.0002647601068019867,0.03356272354722023,0.24295392632484436,,,,,,
1763596027.731831,,,,,,,-0.027407407760620117,0.0738171637058258,0.011650800704956055,-0.04201818257570267,-0.04887988790869713,-0.4145737886428833
1763596027.732795,0.9362073756620287,0.013365093007683753,-0.3363805109463632,-0.0001673479564487934,0.011485435999929905,0.25419703125953674,,,,,,
1763596027.741861,,,,,,,-0.028826653957366943,0.058189958333969116,0.005504973232746124,0.004381062462925911,-0.034553412348032,-0.383267343044281
1763596027.742848,0.9186430773988365,0.016411036574840544,-0.33976036264300347,0.012375341728329659,-0.0205308198928833,0.27029290795326233,,,,,,
1763596027.751892,,,,,,,-0.028267383575439453,0.04688921570777893,-0.002478480339050293,0.05588952451944351,-0.023656290024518967,-0.3517618775367737
1763596027.752902,0.8167157577104867,0.003776595929265022,-0.2995616963107139,0.030593402683734894,-0.07478362321853638,0.2861969769001007,,,,,,
1763596027.761922,,,,,,,-0.02396869659423828,0.04193681478500366,-0.0022684335708618164,0.09450835734605789,-0.04249655827879906,-0.3234710991382599
1763596027.762954,0.6317253932796418,-0.02844634228348732,-0.23356340281143784,0.0471755750477314,-0.15046054124832153,0.28803136944770813,,,,,,
1763596027.771953,,,,,,,-0.02236384153366089,0.02916616201400757,0.000975489616394043,0.14256615936756134,-0.0808335617184639,-0.2924359440803528
1763596027.773006,0.43427126859501003,-0.09047171356379985,-0.21010179013796149,0.051545679569244385,-0.2088722288608551,0.27403128147125244,,,,,,
1763596027.781984,,,,,,,-0.029484808444976807,-0.007971316576004028,0.009991876780986786,0.18649539351463318,-0.092127226293087,-0.2622126638889313
1763596027.78306,0.3094008436819538,-0.09064297847747803,-0.2628654120761901,0.04959731176495552,-0.21589712798595428,0.2414264678955078,,,,,,
1763596027.792014,,,,,,,-0.04136127233505249,-0.04179316759109497,0.01800476759672165,0.20311245322227478,-0.07057666033506393,-0.22404664754867554
1763596027.793113,0.1965170995628461,-0.10566986721754074,-0.3219700736042112,0.04082441329956055,-0.18913964927196503,0.2000759243965149,,,,,,
1763596027.802045,,,,,,,-0.039488792419433594,-0.04812812805175781,0.012064814567565918,0.2056201845407486,-0.05615724250674248,-0.17412355542182922
1763596027.803165,0.014381667905393986,-0.19072832356095312,-0.29536124894618987,0.02452852949500084,-0.16356930136680603,0.14761005342006683,,,,,,
1763596027.812076,,,,,,,-0.020371317863464355,-0.04155120253562927,-0.0034055784344673157,0.22011177241802216,-0.06025664508342743,-0.12804155051708221
1763596027.813219,-0.1399523865749128,-0.22831892628669737,-0.18215557939633725,0.0016349204815924168,-0.15958967804908752,0.09252960979938507,,,,,,
1763596027.822106,,,,,,,0.0005267858505249023,-0.041620463132858276,-0.011462107300758362,0.24157734215259552,-0.08383706957101822,-0.08541800081729889
1763596027.823272,-0.2287606056395918,-0.19028876309990883,-0.0673698010481894,-0.01762532815337181,-0.16776958107948303,0.05288313329219818,,,,,,
1763596027.832137,,,,,,,0.008309781551361084,-0.045571088790893555,-0.004712216556072235,0.26120349764823914,-0.10309891402721405,-0.044703591614961624
1763596027.833324,-0.22973051011767237,-0.1356038177102804,-0.018887071299552916,-0.038802653551101685,-0.17411765456199646,0.034708742052316666,,,,,,
1763596027.842167,,,,,,,-0.00012218952178955078,-0.0438617467880249,0.00593913346529007,0.2833046615123749,-0.10662414133548737,-0.00939426850527525
1763596027.843378,-0.19989282307364045,-0.11440203972756861,-0.07201061259135604,-0.05034186318516731,-0.16767387092113495,0.040292855352163315,,,,,,
1763596027.852198,,,,,,,-0.00930696725845337,-0.03831830620765686,0.008643507957458496,0.3097139000892639,-0.10720950365066528,0.011317134834825993
1763596027.853431,-0.24872833004901185,-0.14622048879265784,-0.1342353058360517,-0.053838711231946945,-0.1523086577653885,0.05433417856693268,,,,,,
1763596027.862229,,,,,,,-0.012576043605804443,-0.039414167404174805,0.010244131088256836,0.32053428888320923,-0.1089235171675682,0.011275789700448513
1763596027.863483,-0.27998594862725584,-0.16472820538580416,-0.17885303071960806,-0.046498507261276245,-0.13590864837169647,0.06489095091819763,,,,,,
1763596027.872259,,,,,,,-0.009753525257110596,-0.04632309079170227,0.017540454864501953,0.3021499514579773,-0.11391907185316086,0.01164410449564457
1763596027.873536,-0.3647600350713357,-0.14385375966131686,-0.1624304498374462,-0.02896425873041153,-0.1335851103067398,0.06352292001247406,,,,,,
1763596027.88229,,,,,,,-0.008050978183746338,-0.05938553810119629,0.030482877045869827,0.25262778997421265,-0.11563947796821594,0.013702995143830776
1763596027.883589,-0.4812269349068403,-0.1365226861208677,-0.06402976990528404,-0.007631273008882999,-0.15283283591270447,0.05064893513917923,,,,,,
1763596027.89232,,,,,,,-0.009537577629089355,-0.06181216239929199,0.03640543296933174,0.17689202725887299,-0.10474927723407745,0.006574245169758797
1763596027.893641,-0.5919961710900068,-0.14257774837613105,0.053387891316413874,0.00296151009388268,-0.18832163512706757,0.019253162667155266,,,,,,
1763596027.902351,,,,,,,-0.011325240135192871,-0.06374478340148926,0.03749953955411911,0.13347026705741882,-0.08420858532190323,-0.0006182873621582985
1763596027.903695,-0.6354051047056913,-0.11734218483269214,0.0996761797606945,0.007778635714203119,-0.20528250932693481,-0.019205812364816666,,,,,,
1763596027.912382,,,,,,,-0.013601422309875488,-0.06914877891540527,0.037186261266469955,0.0950578972697258,-0.06112217158079147,-0.0027605341747403145
1763596027.913748,-0.5470700743770226,-0.04343582162261009,0.02386953588724136,0.01267973892390728,-0.18299756944179535,-0.04778116196393967,,,,,,
1763596027.922412,,,,,,,-0.012003421783447266,-0.06292262673377991,0.039274685084819794,0.06308512389659882,-0.04004751518368721,-0.00046668690629303455
1763596027.9238,-0.44088571829870343,0.027688801914453505,-0.0309960267663002,0.012788396328687668,-0.1439518928527832,-0.053491778671741486,,,,,,
1763596027.932443,,,,,,,-0.007372915744781494,-0.05342331528663635,0.03908491134643555,0.06040997430682182,-0.026637166738510132,0.012721286155283451
1763596027.933854,-0.3551359917555004,0.02028817026913166,-0.040808980250358576,0.012391174212098122,-0.10794592648744583,-0.04047120362520218,,,,,,
1763596027.942474,,,,,,,-0.003920376300811768,-0.04613819718360901,0.03324676305055618,0.08083111047744751,-0.02132442593574524,0.02457854524254799
1763596027.943907,-0.3378304174937308,-0.011766425639390945,-0.06508651241660118,0.01063588447868824,-0.0830078199505806,-0.020161405205726624,,,,,,
1763596027.952504,,,,,,,-0.0021902918815612793,-0.04144716262817383,0.02256941795349121,0.1266111135482788,-0.01795073412358761,0.04276926442980766
1763596027.953959,-0.33585038612503554,-0.030618425625562665,-0.11007716226577759,0.012098903767764568,-0.06562592089176178,-0.0027148849330842495,,,,,,
1763596027.962535,,,,,,,-0.0027497410774230957,-0.03672638535499573,0.016566388309001923,0.17768388986587524,-0.006714857183396816,0.067264623939991
1763596027.964013,-0.35287334405314175,-0.05230418773293495,-0.09795052501186728,0.012996921315789223,-0.04987332597374916,0.00757343927398324,,,,,,
1763596027.972565,,,,,,,-0.0038670897483825684,-0.029702335596084595,0.016507979482412338,0.22944587469100952,0.0023910230956971645,0.08121532201766968
1763596027.974065,-0.39834797802697863,-0.07097907758653163,-0.0394704251229763,0.007115091197192669,-0.04176006838679314,-0.0011794378515332937,,,,,,
1763596027.982596,,,,,,,-0.005671322345733643,-0.02225056290626526,0.019105195999145508,0.27780553698539734,0.005737284664064646,0.09539984911680222
1763596027.984118,-0.4424715261854231,-0.10875672731697558,-0.006340966524556279,0.0010750421788543463,-0.03125070035457611,-0.021965675055980682,,,,,,
1763596027.992627,,,,,,,-0.00328826904296875,-0.024096637964248657,0.015260815620422363,0.31889572739601135,0.01119756419211626,0.1135018914937973
1763596027.99417,-0.4619279218055308,-0.1168558626204729,-0.005600888746976852,-0.008508725091814995,-0.01544520165771246,-0.05203593149781227,,,,,,
1763596028.002657,,,,,,,-0.003168642520904541,-0.02919575572013855,0.012514941394329071,0.34314098954200745,0.017709258943796158,0.12914162874221802
1763596028.004224,-0.44085539622567593,-0.09573650222420692,-0.003946545668691397,-0.013733313418924809,0.007996474392712116,-0.07585816830396652,,,,,,
1763596028.012688,,,,,,,-0.006192147731781006,-0.03266993165016174,0.017531633377075195,0.3462507724761963,0.017450666055083275,0.13792286813259125
1763596028.014277,-0.39490035832375286,-0.08986088818907738,-0.04477539966329932,-0.015423977747559547,0.031051037833094597,-0.09156054258346558,,,,,,
1763596028.022719,,,,,,,-0.008506953716278076,-0.030891329050064087,0.01716042309999466,0.3531077206134796,0.02121105045080185,0.14752638339996338
1763596028.024329,-0.3307334815027192,-0.10119418310821056,-0.07313325994573533,-0.014546731486916542,0.048905666917562485,-0.10098147392272949,,,,,,
1763596028.032749,,,,,,,-0.013759434223175049,-0.02994316816329956,0.013908151537179947,0.36068040132522583,0.03583766147494316,0.1586458683013916
1763596028.034383,-0.2552489091904834,-0.09967676428258418,-0.07810732203125953,-0.013481439091265202,0.05457521602511406,-0.1017933338880539,,,,,,
1763596028.04278,,,,,,,-0.016507446765899658,-0.028787612915039062,0.012501958757638931,0.36339816451072693,0.04708366096019745,0.163059800863266
1763596028.044436,-0.15142124490668066,-0.05732756885290145,-0.043433483535051345,-0.009065917693078518,0.04856765642762184,-0.09695091098546982,,,,,,
1763596028.05281,,,,,,,-0.01292341947555542,-0.029127001762390137,0.015270356088876724,0.35830700397491455,0.047346245497465134,0.16677969694137573
1763596028.054488,-0.09490251735178754,-0.030589784052968024,-0.030948242101818322,-0.0009742602705955505,0.03590596467256546,-0.0942625105381012,,,,,,
1763596028.062841,,,,,,,-0.00661998987197876,-0.027920842170715332,0.012752652168273926,0.3499595522880554,0.04620082303881645,0.16994985938072205
1763596028.064541,-0.11646452521532773,-0.02999474076926708,-0.04857150401063263,0.010706097818911076,0.007251152768731117,-0.09917764365673065,,,,,,
1763596028.072872,,,,,,,-0.0016226768493652344,-0.02883809804916382,0.00516081228852272,0.34429341554641724,0.04725516587495804,0.17674066126346588
1763596028.074594,-0.13324263240373693,-0.033275662136077876,-0.07392550630196928,0.024778448045253754,-0.027337398380041122,-0.10395771265029907,,,,,,
1763596028.082902,,,,,,,-4.2378902435302734e-05,-0.026977121829986572,-0.0012545548379421234,0.3160218298435211,0.05551575869321823,0.17744119465351105
1763596028.084646,-0.14777305199690163,-0.016812603113055227,-0.0661141749639064,0.03973688930273056,-0.05296792834997177,-0.10938683152198792,,,,,,
1763596028.092933,,,,,,,0.0006449222564697266,-0.02661055326461792,0.002514481544494629,0.26442015171051025,0.057352542877197266,0.16946075856685638
1763596028.0947,-0.20100452890889717,-0.02368015079498291,-0.06344736690744757,0.05001625418663025,-0.06681421399116516,-0.11174263805150986,,,,,,
1763596028.102964,,,,,,,-0.0007678866386413574,-0.028736144304275513,0.007623199373483658,0.20645788311958313,0.06443841755390167,0.16863572597503662
1763596028.104753,-0.23348038243679328,-0.030293431454896925,0.001958075265213847,0.04973528906702995,-0.06609968841075897,-0.11754726618528366,,,,,,
1763596028.112994,,,,,,,-0.003669559955596924,-0.03265354037284851,0.010658502578735352,0.14765262603759766,0.07155677676200867,0.1666141152381897
1763596028.114805,-0.23868472788054496,-0.03442658573687076,0.04143317656330764,0.0372801274061203,-0.048188816756010056,-0.11485407501459122,,,,,,
1763596028.123025,,,,,,,-0.0037946105003356934,-0.03231820464134216,0.015129685401916504,0.09567327052354813,0.06777908653020859,0.15474414825439453
1763596028.124859,-0.2322535257892683,-0.021174889975786208,0.04819032267332077,0.021977337077260017,-0.018389379605650902,-0.11463223397731781,,,,,,
1763596028.133055,,,,,,,-0.0033524632453918457,-0.025189489126205444,0.012508627027273178,0.06633349508047104,0.06535188108682632,0.14813338220119476
1763596028.134912,-0.22676128504853693,-0.024354689055681226,0.012328881827741861,0.006479400675743818,0.012865288183093071,-0.11582998186349869,,,,,,
1763596028.143086,,,,,,,-0.0016750097274780273,-0.016214340925216675,0.0032598935067653656,0.059663400053977966,0.062225326895713806,0.1459614336490631
1763596028.144964,-0.20245934909339994,-0.04984276605546474,-0.022694646888971326,-0.0011992915533483028,0.026798946782946587,-0.11838661879301071,,,,,,
1763596028.153117,,,,,,,0.00466001033782959,-0.006651818752288818,-0.007481571286916733,0.06183760613203049,0.05678236111998558,0.14569377899169922
1763596028.155018,-0.16241740769278257,-0.03127309014201164,0.0006593406915664673,-4.171300679445267e-05,0.013960765674710274,-0.12097247689962387,,,,,,
1763596028.163147,,,,,,,0.009086191654205322,-0.00040143728256225586,-0.013240691274404526,0.07799702137708664,0.050129782408475876,0.13913275301456451
1763596028.16507,-0.15410265687722713,-0.006306991189718246,0.027162659148499368,0.008651111274957657,-0.009475583210587502,-0.12045076489448547,,,,,,
1763596028.173178,,,,,,,0.00923234224319458,0.0030988752841949463,-0.007045026868581772,0.09722744673490524,0.03986968845129013,0.13790583610534668
1763596028.175122,-0.13862957700593395,0.002808043158054352,0.004730900979414582,0.02489030547440052,-0.031607113778591156,-0.11126258224248886,,,,,,
1763596028.183209,,,,,,,0.005552947521209717,0.005378216505050659,-0.0060645341873168945,0.11983077228069305,0.02956804819405079,0.1334230750799179
1763596028.185175,-0.131602856706921,0.0023509470403194426,-0.004666968897730112,0.036650292575359344,-0.045691508799791336,-0.09934599697589874,,,,,,
1763596028.193239,,,,,,,0.0019297599792480469,0.00716710090637207,-0.006156321614980698,0.12532168626785278,0.037845153361558914,0.13119933009147644
1763596028.195229,-0.15155137409237213,0.0075122753262519834,0.02041610749773681,0.03722221776843071,-0.0455511212348938,-0.09668566286563873,,,,,,
1763596028.20327,,,,,,,0.0007841587066650391,0.004580765962600708,-0.005163315683603287,0.12406086921691895,0.048738546669483185,0.12783277034759521
1763596028.205281,-0.14363690204024315,0.020347206979990005,0.07140636308789253,0.03155900537967682,-0.029778817668557167,-0.09882631152868271,,,,,,
1763596028.2133,,,,,,,0.0038213729858398438,0.0010643303394317627,-0.00276053324341774,0.12168478965759277,0.04975054785609245,0.12522579729557037
1763596028.215334,-0.12803181155342608,0.04781739770770073,0.10227372197322547,0.01866099424660206,-0.009426822885870934,-0.09995868802070618,,,,,,
1763596028.223331,,,,,,,0.007617056369781494,6.595253944396973e-05,-0.0012104585766792297,0.11861789226531982,0.045422911643981934,0.12056712806224823
1763596028.225388,-0.12582542408294975,0.05881693062782287,0.12588022301010787,0.008469609543681145,0.005800066981464624,-0.10220612585544586,,,,,,
1763596028.233362,,,,,,,0.007672250270843506,0.0017091333866119385,-0.0013701915740966797,0.11789324879646301,0.04372994229197502,0.11736574023962021
1763596028.23544,-0.09518324312246404,0.05404898557364941,0.10142623829841613,0.004280426073819399,0.01178764645010233,-0.09617895632982254,,,,,,
1763596028.243392,,,,,,,0.0055672526359558105,0.0034915506839752197,-0.0037559308111667633,0.12575802206993103,0.043456435203552246,0.11139985918998718
1763596028.245493,-0.07715603092210367,0.028012042519450185,0.019431772635504604,0.01233915239572525,0.007796366699039936,-0.084404855966568,,,,,,
1763596028.253423,,,,,,,0.0038057565689086914,0.005577743053436279,-0.0065612830221652985,0.13750948011875153,0.03938525915145874,0.10572812706232071
1763596028.255546,-0.08593828051839955,-0.0083393738001585,-0.041142230792716145,0.02835889533162117,-0.007769004907459021,-0.07798760384321213,,,,,,
1763596028.263453,,,,,,,0.004045963287353516,0.009301066398620605,-0.008578900247812271,0.1456269919872284,0.03928592428565025,0.10531047731637955
1763596028.265599,-0.11848399354526773,-0.016121698239445686,-0.021689123108237982,0.04190240055322647,-0.02276233583688736,-0.07961773127317429,,,,,,
1763596028.273484,,,,,,,0.003271639347076416,0.008672863245010376,-0.01105952262878418,0.14821584522724152,0.04806556552648544,0.1030515804886818
1763596028.275651,-0.10269615776953286,0.03361585387587547,0.04942234868630767,0.0476234033703804,-0.029940087348222733,-0.08793611079454422,,,,,,
1763596028.283515,,,,,,,0.001476883888244629,0.0034453272819519043,-0.005387190729379654,0.14701396226882935,0.050196096301078796,0.09726986289024353
1763596028.285705,-0.08119095812714658,0.04189619096517563,0.10671031618118286,0.046674519777297974,-0.021168166771531105,-0.09654078632593155,,,,,,
1763596028.293545,,,,,,,0.000636756420135498,0.0018326938152313232,0.0005282163619995117,0.14299391210079193,0.050011537969112396,0.09914419054985046
1763596028.295758,-0.08364778582789004,0.014323708906769752,0.12940277111306786,0.040639203041791916,-0.0021190564148128033,-0.10103030502796173,,,,,,
1763596028.303576,,,,,,,-0.0009002685546875,0.002338618040084839,0.0011228285729885101,0.14007742702960968,0.05581510066986084,0.10060287266969681
1763596028.30581,-0.04728536405707709,0.022325813576579093,0.13730061169080435,0.029336215928196907,0.020376931875944138,-0.10168171674013138,,,,,,
1763596028.313607,,,,,,,-0.004273056983947754,0.0005981624126434326,-0.0018074512481689453,0.14735984802246094,0.06892770528793335,0.10074827820062637
1763596028.315864,-0.02967685219282284,0.04122866696715355,0.11051087750792503,0.019226081669330597,0.04169541224837303,-0.10128526389598846,,,,,,
1763596028.323637,,,,,,,-0.0038604736328125,0.002142488956451416,-0.005017641931772232,0.1546073853969574,0.07327424734830856,0.10696469247341156
1763596028.325917,-0.0017604886001907289,0.05810206035673618,0.07290142395123839,0.016683030873537064,0.050615668296813965,-0.09968604147434235,,,,,,
1763596028.333668,,,,,,,0.001707613468170166,0.004883021116256714,-0.011712193489074707,0.1547168344259262,0.07559439539909363,0.11342046409845352
1763596028.335969,0.0115828309671022,0.06300678353309631,0.013087445110082625,0.021997759118676186,0.04865561053156853,-0.09902811795473099,,,,,,
1763596028.343698,,,,,,,0.003804147243499756,0.0060769617557525635,-0.01956653967499733,0.15866854786872864,0.07846688479185104,0.1162366271018982
1763596028.346023,0.03102377328975126,0.05603635999858379,0.05033434896469116,0.026812488213181496,0.03301166743040085,-0.09534522891044617,,,,,,
1763596028.353729,,,,,,,0.007245242595672607,0.002533555030822754,-0.02412426471710205,0.15814843773841858,0.07377785444259644,0.11267491430044174
1763596028.356075,0.0633465916804038,0.018237082958221434,0.09527114973478018,0.02639152854681015,0.01373852789402008,-0.09393472224473953,,,,,,
1763596028.36376,,,,,,,0.005782663822174072,0.001162111759185791,-0.018214106559753418,0.1571543663740158,0.06244530528783798,0.11379843205213547
1763596028.366128,0.08892426492609083,-0.00578092148900032,0.0916156229019165,0.024784045293927193,0.0068337502889335155,-0.09189900010824203,,,,,,
1763596028.37379,,,,,,,0.0008152127265930176,0.006232202053070068,-0.015562176704406738,0.15350636839866638,0.05564971640706062,0.1168709248304367
1763596028.37618,0.080726528086327,-0.023780688560009002,0.052106765464693304,0.0208464115858078,0.0059384931810200214,-0.09372622519731522,,,,,,
1763596028.383821,,,,,,,-0.0027364492416381836,0.008246898651123047,-0.01620519533753395,0.14222237467765808,0.052956197410821915,0.11676772683858871
1763596028.386234,0.08328015809189528,-0.0327431626945734,0.057950596122071145,0.014277726411819458,0.008645596913993359,-0.09549243003129959,,,,,,
1763596028.393852,,,,,,,-0.0031298398971557617,0.005546391010284424,-0.01584017276763916,0.12161590158939362,0.043079596012830734,0.11483001708984375
1763596028.396286,0.06693997652987017,-0.020670447584986686,0.05778334979638457,0.008707637898623943,0.014648002572357655,-0.10055923461914062,,,,,,
1763596028.403882,,,,,,,-0.002835869789123535,0.0023203492164611816,-0.01630532369017601,0.10649635642766953,0.037435825914144516,0.11725841462612152
1763596028.406339,0.0730423119929619,-0.022308277919888497,0.024065789111703633,0.007043162360787392,0.016773205250501633,-0.10375796258449554,,,,,,
1763596028.413913,,,,,,,-0.0031456351280212402,0.003069281578063965,-0.02004670724272728,0.08944493532180786,0.037016645073890686,0.11879771947860718
1763596028.416393,0.10723742706151679,-0.03079378219246864,0.04344743899516761,0.004266756121069193,0.009020465426146984,-0.10412566363811493,,,,,,
1763596028.423943,,,,,,,-0.0030748844146728516,0.006152451038360596,-0.024606820195913315,0.07892580330371857,0.03463950753211975,0.11763571947813034
1763596028.426445,0.13932426300551742,-0.045079497176408766,0.0811922824345529,0.0033519603312015533,-0.006579799111932516,-0.09865313768386841,,,,,,
1763596028.433974,,,,,,,-0.0013987421989440918,0.011075496673583984,-0.022733211517333984,0.08238951861858368,0.02217644639313221,0.11193308979272842
1763596028.436498,0.14638351560095325,-0.04888298111259937,0.06499196600094437,0.0012622973881661892,-0.019668743014335632,-0.08894602954387665,,,,,,
1763596028.444005,,,,,,,-0.00188446044921875,0.01372295618057251,-0.022665735334157944,0.08457648009061813,0.01411132887005806,0.11147941648960114
1763596028.446551,0.12073199166776612,-0.043400750309228894,0.026611089680343866,-0.0010027210228145123,-0.025150062516331673,-0.08517578989267349,,,,,,
1763596028.454035,,,,,,,-0.003507375717163086,0.015010446310043335,-0.019668694585561752,0.08183901757001877,0.019022198393940926,0.11367546021938324
1763596028.456604,0.11486510892836377,0.007910919255018235,0.04470299201421439,-0.005633159074932337,-0.022444823756814003,-0.08355791866779327,,,,,,
1763596028.464066,,,,,,,-0.004262447357177734,0.015925943851470947,-0.015135403722524643,0.07431504875421524,0.013921178877353668,0.10917119681835175
1763596028.466656,0.12762361434502525,0.026656536257266997,0.05853402203321457,-0.01219412311911583,-0.015174658969044685,-0.08207746595144272,,,,,,
1763596028.474096,,,,,,,-0.003581702709197998,0.015189588069915771,-0.013380289077758789,0.06696738302707672,0.008922158740460873,0.10817277431488037
1763596028.47671,0.10762896539606154,0.023157003703713416,0.04951134214401245,-0.014826864935457706,-0.007426574360579252,-0.07997356355190277,,,,,,
1763596028.484127,,,,,,,-0.0014119744300842285,0.013515114784240723,-0.015430573374032974,0.06590582430362701,0.010197547264397144,0.10714193433523178
1763596028.486763,0.12581888474430888,0.009662731358408927,0.03679199969395995,-0.018207482993602753,-0.012314273975789547,-0.0809866264462471,,,,,,
1763596028.494158,,,,,,,-0.0021581649780273438,0.015501707792282104,-0.01739645004272461,0.06389380246400833,0.008113090880215168,0.10067205131053925
1763596028.496815,0.1419132565854117,-0.006366612422466278,0.036076837161928416,-0.016623079776763916,-0.02251002937555313,-0.07283458858728409,,,,,,
1763596028.504188,,,,,,,-0.0022995471954345703,0.021122395992279053,-0.01612735167145729,0.06275543570518494,0.0018607877427712083,0.09219494462013245
1763596028.506868,0.16278649673350154,-0.0009375731110572815,0.04360175277404487,-0.009497259743511677,-0.03803412616252899,-0.05649849399924278,,,,,,
1763596028.514219,,,,,,,0.00012260675430297852,0.023497551679611206,-0.012560255825519562,0.06014927104115486,-0.006042941939085722,0.08376231044530869
1763596028.516922,0.1309314419850707,-0.023916297638416288,0.0282592222135514,-0.0006838883273303509,-0.0518500953912735,-0.03904975205659866,,,,,,
1763596028.52425,,,,,,,-0.0011920332908630371,0.02299770712852478,-0.006887558847665787,0.05684087052941322,-0.01435014046728611,0.07221124321222305
1763596028.526974,0.06628193274624646,-0.03073065382838249,0.04438625421524048,0.006534609943628311,-0.057303715497255325,-0.024740323424339294,,,,,,
1763596028.53428,,,,,,,-0.003189265727996826,0.021014481782913208,-0.006819721311330795,0.04585586488246918,-0.015991179272532463,0.0605737641453743
1763596028.537028,-0.03417487599812448,-0.03640694589912891,0.011925415593385696,0.006405184045433998,-0.053236737847328186,-0.021094491705298424,,,,,,
1763596028.544311,,,,,,,-0.003103196620941162,0.02018803358078003,-0.005337119102478027,0.026032716035842896,-0.010846485383808613,0.047875743359327316
1763596028.54708,-0.05737619376759976,-0.017959435060620307,0.012256401113420724,-0.001003463752567768,-0.033781811594963074,-0.026515090838074684,,,,,,
1763596028.554341,,,,,,,-0.003124237060546875,0.0194455087184906,-0.0036948882043361664,0.013714797794818878,-0.01019534282386303,0.03786705061793327
1763596028.557132,-0.06597242840565741,-0.003443418452143669,0.05494388858675956,-0.008613212034106255,-0.009874622337520123,-0.03101086989045143,,,,,,
1763596028.564372,,,,,,,-0.0027406811714172363,0.021175801753997803,-0.0024353228509426117,0.00203407253138721,-0.01644924283027649,0.028188593685626984
1763596028.567185,-0.05205499874483794,-0.03922960210442543,0.03973565193042159,-0.018251724541187286,0.0117467837408185,-0.036573413759469986,,,,,,
1763596028.574403,,,,,,,-0.0054923295974731445,0.021788448095321655,-0.004474755376577377,0.006199256516993046,-0.010758334770798683,0.024387463927268982
1763596028.577239,-0.0005700184402987361,-0.03481938444674015,0.01539155733399093,-0.028421979397535324,0.029363546520471573,-0.033344537019729614,,,,,,
1763596028.584433,,,,,,,-0.007960319519042969,0.02144715189933777,-0.002942923456430435,0.014973592013120651,-0.0017571166390553117,0.018076438456773758
1763596028.587291,0.09331625280734152,0.022480711877346037,0.0003403378702700138,-0.032699283212423325,0.044957421720027924,-0.026055995374917984,,,,,,
1763596028.594464,,,,,,,-0.008124828338623047,0.022866636514663696,0.00010061264038085938,0.026235567405819893,-0.00020422739908099174,0.016546718776226044
1763596028.597344,0.13300580057371406,0.05040975228846073,-0.01931596423611045,-0.030321992933750153,0.05311911180615425,-0.009076185524463654,,,,,,
1763596028.604495,,,,,,,-0.003953754901885986,0.024397581815719604,-0.000933770090341568,0.044727623462677,-0.006893022917211056,0.013805991970002651
1763596028.607398,0.15933737919293342,0.04276420597136021,-0.023233795266970992,-0.0246523916721344,0.04794831946492195,0.006792526692152023,,,,,,
1763596028.614525,,,,,,,-0.0002976059913635254,0.022456079721450806,-0.002644535154104233,0.054601557552814484,-0.00788052286952734,0.01181661058217287
1763596028.61745,0.12625760495513677,0.06582827069461346,-0.0427425786614418,-0.017022527754306793,0.03364206477999687,0.019857438281178474,,,,,,
1763596028.624556,,,,,,,6.771087646484375e-05,0.01680782437324524,-0.0020970068871974945,0.05820774659514427,-0.005152380559593439,0.010041081346571445
1763596028.627504,0.09201090582981705,0.07216916415393353,-0.03765957630872726,-0.009283116087317467,0.014369567856192589,0.027185391634702682,,,,,,
1763596028.634586,,,,,,,0.0008984208106994629,0.014708518981933594,-0.0005229748785495758,0.059074871242046356,-0.0037318505346775055,0.007789911702275276
1763596028.637557,0.0538532072732225,0.06239537363648414,-0.018356179293245078,-0.0009681624360382557,-0.00441263522952795,0.027153264731168747,,,,,,
1763596028.644617,,,,,,,0.005171597003936768,0.01535564661026001,0.0003229379653930664,0.0521000511944294,-0.009490137919783592,0.0018776939250528812
1763596028.647609,-0.0018764613963663578,0.051366614621877665,-0.013552578403800725,0.004600507207214832,-0.008183671161532402,0.019690288230776787,,,,,,
1763596028.654648,,,,,,,0.004201292991638184,0.013521403074264526,0.003951668739318848,0.04224662110209465,-0.00899079442024231,-0.0048326728865504265
1763596028.657661,-0.032686281408183276,0.0695078359901905,0.00148695062212646,0.0059459637850522995,0.00680054584518075,0.010392263531684875,,,,,,
1763596028.664678,,,,,,,0.0015822649002075195,0.008366435766220093,0.008288625627756119,0.03539750352501869,-0.005813643801957369,-0.006330435164272785
1763596028.667715,-0.024050883803516623,0.09669102647006511,-0.00978372738957405,0.0012140590697526932,0.027703696861863136,-0.003592794295400381,,,,,,
1763596028.674709,,,,,,,-0.00036150217056274414,0.008217155933380127,0.004846096038818359,0.032142478972673416,0.0034946370869874954,-0.005764579400420189
1763596028.677768,-0.00435169240348041,0.09747487032413482,0.014205050963163376,-0.004244587849825621,0.04101850837469101,-0.01200433075428009,,,,,,
1763596028.68474,,,,,,,0.0017260313034057617,0.012521833181381226,-0.002228621393442154,0.03990129381418228,0.008339992724359035,-0.007480188272893429
1763596028.68782,0.03919610169362277,0.04052957878708839,0.0451999086856842,-0.00493301497772336,0.036424823105335236,-0.0013769867364317179,,,,,,
1763596028.69477,,,,,,,0.0038635730743408203,0.01528051495552063,-0.009297136217355728,0.056832604110240936,0.004564695060253143,-0.010280768387019634
1763596028.697874,0.09960179935023188,-0.009880173501372337,0.031109350947663185,-0.0036748843267560005,0.023993538692593575,0.019899049773812294,,,,,,
1763596028.704801,,,,,,,0.0023381710052490234,0.014766007661819458,-0.007600311189889908,0.06889500468969345,0.0010003203060477972,-0.014363661408424377
1763596028.707927,0.09135715462882071,-0.04201192629933357,-0.002971855417639017,0.000684710219502449,0.013034363277256489,0.0440501943230629,,,,,,
1763596028.714831,,,,,,,-0.002521812915802002,0.012150853872299194,-0.002968311309814453,0.07653801143169403,0.0013944681268185377,-0.018094750121235847
1763596028.717979,0.06233198954407125,-0.06032207449376583,-0.0078116235990077255,0.0020150532945990562,0.013229591771960258,0.06035888195037842,,,,,,
1763596028.724862,,,,,,,-0.005489706993103027,0.011527657508850098,-0.0013464689254760742,0.07866858690977097,-0.001632746891118586,-0.025892086327075958
1763596028.728033,-0.016617738128080962,-0.040966801160573954,-0.03374795582294464,0.003128254786133766,0.030646398663520813,0.06529691815376282,,,,,,
1763596028.734893,,,,,,,-0.0061386823654174805,0.009178578853607178,-0.0036771260201931,0.07868350297212601,-0.005786213092505932,-0.03151055425405502
1763596028.738086,-0.09303838571403175,-0.03955167366564274,-0.007435118436813354,0.002022388158366084,0.047117821872234344,0.056027092039585114,,,,,,
1763596028.744923,,,,,,,-0.004355907440185547,0.006383806467056274,-0.002007722854614258,0.07486995309591293,-0.012114150449633598,-0.035196639597415924
1763596028.748139,-0.12036598963327705,-0.07591127329170703,0.046784109137207264,-0.0051287319511175156,0.05784290283918381,0.044003721326589584,,,,,,
1763596028.754954,,,,,,,-0.005493640899658203,0.0060363709926605225,-0.0023374557495117188,0.06556379795074463,-0.02060830220580101,-0.03958100080490112
1763596028.758192,-0.11274868302997201,-0.103906949198246,0.06399930170178413,-0.013803414069116116,0.06196042522788048,0.027023235335946083,,,,,,
1763596028.764985,,,,,,,-0.0070778727531433105,0.002409309148788452,-0.0010174475610256195,0.061440397053956985,-0.020561430603265762,-0.040561575442552567
1763596028.768245,-0.06267744198087602,-0.0755026924908161,0.06440729798078537,-0.020747873932123184,0.0662451833486557,0.016618531197309494,,,,,,
1763596028.775015,,,,,,,-0.00792241096496582,-0.0001696944236755371,-0.00170135498046875,0.05478036776185036,-0.010792156681418419,-0.041102197021245956
1763596028.778298,0.015962233361415563,-0.04660860643982887,0.02676167713217437,-0.018934227526187897,0.06692249327898026,0.016079826280474663,,,,,,
1763596028.785046,,,,,,,-0.0067955851554870605,0.001163184642791748,-0.007003430277109146,0.052061066031455994,-0.0028455504216253757,-0.040966443717479706
1763596028.788351,0.08987856997624039,-0.029126141241192817,0.014751140538603066,-0.016867348924279213,0.05794977396726608,0.026128998026251793,,,,,,
1763596028.795076,,,,,,,-0.0019331574440002441,-0.002219080924987793,-0.010260704904794693,0.05611998960375786,-0.008188917301595211,-0.04044366255402565
1763596028.798404,0.09506437511630356,-0.0033376199901103973,0.019579291347414252,-0.013376126065850258,0.04528547078371048,0.04325566813349724,,,,,,
1763596028.805107,,,,,,,0.00014656782150268555,-0.0065933167934417725,-0.0059133730828762054,0.058091215789318085,-0.011531450785696507,-0.03567533940076828
1763596028.808457,0.10791534458938985,0.027909751188755032,0.022114947304874656,-0.010870089754462242,0.03992000222206116,0.05902557447552681,,,,,,
1763596028.815138,,,,,,,-0.0007557868957519531,-0.007267385721206665,-0.0006312094628810883,0.05734233558177948,-0.0061907474882900715,-0.02917882427573204
1763596028.81851,0.06914742344627156,0.028116671937704084,-0.0009163841925561427,-0.007647192105650902,0.04120049998164177,0.06264378130435944,,,,,,
1763596028.825168,,,,,,,-0.003673851490020752,-0.005041211843490601,0.001628279685974121,0.05641310289502144,-0.004191778600215912,-0.025859927758574486
1763596028.828562,4.539177799597382e-05,-0.011966332125663757,-0.00920855785012245,-0.002258019521832466,0.04043510928750038,0.057931579649448395,,,,,,
1763596028.835199,,,,,,,-0.0022662878036499023,-0.005353003740310669,-0.00047660619020462036,0.06206859275698662,-0.0038192025385797024,-0.02354297786951065
1763596028.838615,-0.05362241245834157,-0.00881692818403244,-0.001875146222114563,-0.0010521681979298592,0.032056596130132675,0.04746469110250473,,,,,,
1763596028.845229,,,,,,,0.00013840198516845703,-0.007725328207015991,-0.0011988915503025055,0.06600745022296906,-0.00811727810651064,-0.023586252704262733
1763596028.848668,-0.11251485600778832,-0.03466623971164226,0.0484626368086785,-0.0008492353372275829,0.02497391775250435,0.030464936047792435,,,,,,
1763596028.85526,,,,,,,0.000856935977935791,-0.005453884601593018,-0.0006436072289943695,0.06387106329202652,-0.009471229277551174,-0.02037448063492775
1763596028.858721,-0.12657565792836248,-0.05448445438146591,0.055093526190519326,-0.0006381063722074032,0.019117945805191994,0.018496191129088402,,,,,,
1763596028.865291,,,,,,,0.0007597804069519043,-0.004353582859039307,-0.0019797049462795258,0.06778024137020111,-0.008140713907778263,-0.01859695464372635
1763596028.868774,-0.12061413744175806,-0.05613572871983051,0.04958163090124726,-0.0064592440612614155,0.022809086367487907,0.012030567973852158,,,,,,
1763596028.875321,,,,,,,-0.001800537109375,-0.007050186395645142,-0.002640962600708008,0.0780981257557869,-0.006882636342197657,-0.02028433419764042
1763596028.878827,-0.09744348880518228,-0.03796177412569523,0.029076456880569455,-0.013744029216468334,0.043119292706251144,0.016216430813074112,,,,,,
1763596028.885352,,,,,,,-0.002891361713409424,-0.005851119756698608,-0.001463174819946289,0.08412134647369385,-0.007402485236525536,-0.016091318801045418
1763596028.88888,-0.06645157195841893,-0.050529579275846476,0.016089549535512924,-0.023635808378458023,0.06850028783082962,0.026991581544280052,,,,,,
1763596028.895383,,,,,,,-0.0035771727561950684,-0.004735589027404785,0.00010776519775390625,0.08528142422437668,-0.011195626109838486,-0.016805311664938927
1763596028.898933,-0.07703645966304466,-0.07664952443838119,0.0053308396339416505,-0.031917788088321686,0.08641727268695831,0.03477364405989647,,,,,,
1763596028.905413,,,,,,,-0.0049294233322143555,-0.005023062229156494,0.002293109893798828,0.08843154460191727,-0.008131658658385277,-0.014424114488065243
1763596028.908986,-0.09242885724725201,-0.08266367016136646,-0.03752864340543747,-0.03416416421532631,0.09695672988891602,0.03453528881072998,,,,,,
1763596028.915444,,,,,,,-0.0054013729095458984,-0.006147563457489014,-0.001260753720998764,0.09292136877775192,-0.0024423478171229362,-0.01157533098012209
1763596028.919039,-0.07909463430186733,-0.05156184493303299,0.018557254823297262,-0.03265971690416336,0.09303616732358932,0.027006184682250023,,,,,,
1763596028.925474,,,,,,,-0.001715540885925293,-0.005748122930526733,-0.0007700882852077484,0.09178350120782852,-0.0021320898085832596,-0.012943929061293602
1763596028.929091,-0.07383433915348724,-0.027495325168967244,0.06409859735779463,-0.02954062446951866,0.0781238004565239,0.01941511034965515,,,,,,
1763596028.935505,,,,,,,-0.001892685890197754,-0.005650550127029419,0.0034911632537841797,0.0916101336479187,-0.005397125147283077,-0.016745060682296753
1763596028.939144,-0.07291225587250665,-0.04477437674999237,0.01918035515770316,-0.021990688517689705,0.06537549197673798,0.015321441926062107,,,,,,
1763596028.945536,,,,,,,-0.0033472776412963867,-0.00508078932762146,0.008330821990966797,0.09525185078382492,-0.0024886871688067913,-0.015449365600943565
1763596028.949197,-0.050323663173895326,-0.02350245614051819,0.0038334406830370423,-0.017458520829677582,0.06056395545601845,0.01658298261463642,,,,,,
1763596028.955565,,,,,,,-0.006495535373687744,-0.007356524467468262,0.006899956613779068,0.09559939056634903,0.0037566921673715115,-0.010491890832781792
1763596028.95925,-0.021204974586796013,-0.005396890607476234,-0.022280878456309435,-0.017232824116945267,0.06889301538467407,0.019120031967759132,,,,,,
1763596028.965597,,,,,,,-0.008591890335083008,-0.006615757942199707,0.00649285688996315,0.09237410128116608,0.010117651894688606,-0.007924603298306465
1763596028.969303,-0.021096290047932415,-0.0035948096215724945,-0.04040332205891609,-0.020341265946626663,0.08458409458398819,0.021709956228733063,,,,,,
1763596028.975627,,,,,,,-0.005726873874664307,-0.00821077823638916,0.006204843521118164,0.10086771845817566,0.010787969455122948,0.0007415893487632275
1763596028.979356,-0.005773395769670606,0.005883212819695473,-0.06476619442105293,-0.02621205896139145,0.09585889428853989,0.023316483944654465,,,,,,
1763596028.985658,,,,,,,-0.002888023853302002,-0.009281039237976074,0.0030465107411146164,0.10453116148710251,0.008800985291600227,0.004521946422755718
1763596028.989409,-0.004482698372006416,0.01002513493001461,-0.03691840255260467,-0.03149950131773949,0.10333918035030365,0.024267762899398804,,,,,,
1763596028.995689,,,,,,,-0.003156423568725586,-0.008157849311828613,0.00310492143034935,0.10303499549627304,0.009140271693468094,0.008021606132388115
1763596028.999462,-0.02833893638625741,-0.00478314262330532,-0.02852006510682404,-0.035295359790325165,0.10266951471567154,0.021271703764796257,,,,,,
1763596029.005719,,,,,,,-0.0011504888534545898,-0.0077509284019470215,0.0018477384001016617,0.1038411408662796,0.008279272355139256,0.013235809281468391
1763596029.009515,-0.077884637457598,-0.03090542587339878,-0.05294270483218133,-0.03566873446106911,0.09520946443080902,0.011973808519542217,,,,,,
1763596029.01575,,,,,,,-0.00090789794921875,-0.0072370171546936035,-0.0009672679007053375,0.10204669833183289,0.007944779470562935,0.01473010890185833
1763596029.019567,-0.062110766275133934,-0.009594342297315596,-0.06876198605895043,-0.031095851212739944,0.08409056067466736,0.0034483603667467833,,,,,,
1763596029.025781,,,,,,,-0.0012045502662658691,-0.00809025764465332,0.0009913407266139984,0.0946793183684349,0.00857727974653244,0.017853930592536926
1763596029.02962,-0.0117333818863146,0.008511807757616043,-0.030259383054822682,-0.024095997214317322,0.06757150590419769,0.003536244621500373,,,,,,
1763596029.035811,,,,,,,-0.0007615089416503906,-0.007930934429168701,0.0037498455494642258,0.0813203677535057,-0.0006468447390943766,0.009294797666370869
1763596029.039673,0.007577504315879196,-0.0030979660153388974,-0.006487023931741714,-0.015782445669174194,0.046961430460214615,0.008836445398628712,,,,,,
1763596029.045842,,,,,,,-0.0008671879768371582,-0.007963955402374268,0.00548398494720459,0.07117152214050293,-0.0061811599880456924,0.0057628462091088295
1763596029.049726,-0.002394311258010566,-0.019611293920874594,-0.035361236238479615,-0.007516792975366116,0.030911624431610107,0.01770184189081192,,,,,,
1763596029.055872,,,,,,,-0.0019872188568115234,-0.010050743818283081,0.005733370780944824,0.05171899497509003,-0.008889861404895782,0.0010804766789078712
1763596029.059779,-0.03224345127781853,-0.050175943532586094,-0.07228314592242241,0.003699527820572257,0.016355222091078758,0.02524447999894619,,,,,,
1763596029.065903,,,,,,,-0.004995107650756836,-0.010045617818832397,0.007476687431335449,0.031498849391937256,-0.009128746576607227,-0.006645886227488518
1763596029.069832,-0.06828837719783186,-0.05599076729118824,-0.049570817246288056,0.006692121736705303,0.006670103408396244,0.026598431169986725,,,,,,
1763596029.075934,,,,,,,-0.005411803722381592,-0.011630803346633911,0.0064173974096775055,0.019678670912981033,-0.0056304181925952435,-0.008481869474053383
1763596029.079885,-0.11712945539746433,-0.057940147793293,-0.029429508101940154,0.009404877200722694,0.005152582190930843,0.018435010686516762,,,,,,
1763596029.085964,,,,,,,-0.005071580410003662,-0.0102938711643219,0.002733711153268814,0.007778060622513294,0.00035690065124072134,-0.012634336948394775
1763596029.089938,-0.15748966896701602,-0.059705988422036164,0.005578676915168762,0.006856231950223446,0.006076698657125235,0.008100613951683044,,,,,,
1763596029.095995,,,,,,,-0.004110932350158691,-0.009701907634735107,0.0024985074996948242,0.00516869593411684,0.003031779546290636,-0.012802914716303349
1763596029.099991,-0.17650573694109917,-0.06574702215194701,0.04606617012619972,-0.0005445699207484722,0.006288913078606129,0.0034945702645927668,,,,,,
1763596029.106026,,,,,,,-0.00246584415435791,-0.0087662935256958,0.0028190594166517258,0.012273955158889294,0.0009973908308893442,-0.01246995385736227
1763596029.110043,-0.15206512316763401,-0.08037935861647129,0.03782558052539825,-0.005261294078081846,0.014750841073691845,0.0019038643222302198,,,,,,
1763596029.116056,,,,,,,-0.0036416053771972656,-0.00527527928352356,0.004909634590148926,0.02365603856742382,0.00257398234680295,-0.012457969598472118
1763596029.120096,-0.13593359765391796,-0.05649520968198776,-0.010272387689352035,-0.011829450726509094,0.031165435910224915,0.006022481247782707,,,,,,
1763596029.126087,,,,,,,-0.005891621112823486,-0.003367125988006592,0.006426215171813965,0.038437824696302414,0.005493339151144028,-0.011505023576319218
1763596029.130149,-0.10707693927017971,-0.03917816417813301,-0.050646556719020006,-0.010858729481697083,0.0467691607773304,0.009059017524123192,,,,,,
1763596029.136117,,,,,,,-0.0052353739738464355,-0.00552406907081604,0.007516264915466309,0.04533780738711357,0.0037857205606997013,-0.008817893452942371
1763596029.140202,-0.10949015615805983,-0.014707155266404152,-0.06645780076980591,-0.009850604459643364,0.05410047620534897,0.015636425465345383,,,,,,
1763596029.146148,,,,,,,-0.0028295516967773438,-0.01027601957321167,0.008439186960458755,0.04638331010937691,0.0021550669334828854,-0.004758104681968689
1763596029.150255,-0.12106357997599988,-0.02558627667725086,-0.044385158236697315,-0.006147744599729776,0.052529480308294296,0.019067641347646713,,,,,,
1763596029.156179,,,,,,,-0.003422975540161133,-0.01253160834312439,0.009278297424316406,0.04556465521454811,0.0017244338523596525,-0.005444134585559368
1763596029.160308,-0.13163602832416071,-0.050883215019106864,-0.009111527216434477,-0.004024716094136238,0.047172922641038895,0.017725374549627304,,,,,,
1763596029.166209,,,,,,,-0.005574464797973633,-0.014079511165618896,0.009841317310929298,0.03792038932442665,0.004354571923613548,-0.004845655523240566
1763596029.170361,-0.15327259926125406,-0.058522331595420835,-0.04051102021709084,-0.000795366708189249,0.04192596301436424,0.011339913122355938,,,,,,
1763596029.17624,,,,,,,-0.006586611270904541,-0.012557417154312134,0.009768962860107422,0.03022065758705139,0.008071811869740486,-0.007844907231628895
1763596029.180414,-0.12907542058853433,-0.07395546304881573,-0.02960501079931855,0.0031028955709189177,0.03262171894311905,0.0013959992211312056,,,,,,
1763596029.18627,,,,,,,-0.007889747619628906,-0.013559907674789429,0.008867144584655762,0.020735882222652435,0.009802600368857384,-0.005950002931058407
1763596029.190467,-0.11076850553080439,-0.05993745909035206,-0.0450770129583776,0.008510977029800415,0.025055943056941032,-0.004321274813264608,,,,,,
1763596029.196301,,,,,,,-0.007095754146575928,-0.016439586877822876,0.009885314851999283,0.009651540778577328,0.011904367245733738,-0.007338308729231358
1763596029.20052,-0.08515833652131259,-0.07052198146879672,-0.027899229794740674,0.013582073152065277,0.01055394671857357,-0.00689604552462697,,,,,,
1763596029.206332,,,,,,,-0.009238600730895996,-0.017156213521957397,0.010525345802307129,-0.0010922029614448547,0.01633613370358944,-0.0069474889896810055
1763596029.210572,-0.05094935732418671,-0.06517419070005416,-0.05448211629390716,0.02335001528263092,-0.0027173839043825865,-0.005607607774436474,,,,,,
1763596029.216362,,,,,,,-0.01005643606185913,-0.015601813793182373,0.011252284049987793,-0.004301045555621386,0.017224030569195747,-0.006733371410518885
1763596029.220625,-0.03705472401706501,-0.07236848611831664,-0.07051094861812889,0.032275840640068054,-0.012187727726995945,-0.0009336658986285329,,,,,,
1763596029.226393,,,,,,,-0.012272238731384277,-0.017278671264648438,0.013355731964111328,-0.012707874178886414,0.019870413467288017,-0.0059748366475105286
1763596029.230678,-0.03279151361463591,-0.08116203342676162,-0.0815453336559236,0.040640830993652344,-0.018124978989362717,0.0016493340954184532,,,,,,
1763596029.236424,,,,,,,-0.013563275337219238,-0.01769566535949707,0.01388406753540039,-0.018425149843096733,0.022737041115760803,-0.0034118101466447115
1763596029.240731,-0.06579526347415521,-0.08043605723977089,-0.04463409149646759,0.04563738405704498,-0.021811936050653458,-0.0010201135883107781,,,,,,
1763596029.246454,,,,,,,-0.01449352502822876,-0.015829473733901978,0.012278202921152115,-0.02183450758457184,0.031220806762576103,-0.0007639620453119278
1763596029.250784,-0.07817896249536424,-0.11132511650025843,-0.0546808537364006,0.049569275230169296,-0.025272713974118233,-0.007103838957846165,,,,,,
1763596029.256485,,,,,,,-0.012095212936401367,-0.014575481414794922,0.00998413935303688,-0.02484920620918274,0.03281417489051819,-0.004044976085424423
1763596029.260837,-0.10815507162939757,-0.13057283780574797,-0.041107086414098735,0.05393553152680397,-0.03291752189397812,-0.012213412672281265,,,,,,
1763596029.266515,,,,,,,-0.011781096458435059,-0.014742493629455566,0.010571960359811783,-0.02710387483239174,0.03618600592017174,-0.0028194566257297993
1763596029.27089,-0.13559117742441593,-0.13266016547381876,-0.03299984086938202,0.06044456362724304,-0.037897367030382156,-0.014597475528717041,,,,,,
1763596029.276546,,,,,,,-0.012799441814422607,-0.012736111879348755,0.010964278131723404,-0.03522438183426857,0.04150939732789993,-0.003885253332555294
1763596029.280943,-0.16276218427615238,-0.1226549042880535,-0.028468407984822988,0.06197826936841011,-0.040303926914930344,-0.019041694700717926,,,,,,
1763596029.286577,,,,,,,-0.011164426803588867,-0.013968884944915771,0.013327360153198242,-0.03781357407569885,0.0477028451859951,-0.007646103389561176
1763596029.290996,-0.19208421341562643,-0.0890098243176937,-0.004486790025234222,0.06368029862642288,-0.03457733243703842,-0.023854292929172516,,,,,,
1763596029.296607,,,,,,,-0.010617673397064209,-0.014981776475906372,0.015465378761291504,-0.03977206349372864,0.05598580837249756,-0.008435198105871677
1763596029.301048,-0.19869298229720442,-0.030071313136816023,-0.0002291325807571411,0.06349237263202667,-0.01760125905275345,-0.029613874852657318,,,,,,
1763596029.306638,,,,,,,-0.008057594299316406,-0.014394938945770264,0.014759182929992676,-0.03836670517921448,0.0634855329990387,-0.005137604661285877
1763596029.311101,-0.21578621071623638,-0.010900164198875427,-0.005203267731517553,0.06082841381430626,0.0035719373263418674,-0.03563102334737778,,,,,,
1763596029.316669,,,,,,,-0.0031600594520568848,-0.013409435749053955,0.012379880994558334,-0.03037882037460804,0.06846458464860916,0.0014880734961479902
1763596029.321154,-0.20678504853909835,0.022123569002747534,0.0015842004515230655,0.05460064858198166,0.02529514767229557,-0.04474509879946709,,,,,,
1763596029.326699,,,,,,,-0.0009556412696838379,-0.011160314083099365,0.011598944664001465,-0.01084507629275322,0.07168380916118622,0.014822986908257008
1763596029.331207,-0.1581282225988805,0.04220364947915077,0.004065934264659881,0.0485835000872612,0.04579589515924454,-0.05016329884529114,,,,,,
1763596029.33673,,,,,,,0.0005958676338195801,-0.008820414543151855,0.012002464383840561,0.007319546304643154,0.08161021023988724,0.02938222326338291
1763596029.34126,-0.11483451286070048,0.08154372622072696,0.004559270739555359,0.04168384149670601,0.06437405198812485,-0.0599677599966526,,,,,,
1763596029.34676,,,,,,,0.0028304457664489746,-0.007313370704650879,0.008906960487365723,0.026871152222156525,0.0870441272854805,0.03957633674144745
1763596029.351313,-0.06933887263145297,0.07757073093652725,0.02151961176022887,0.03858019411563873,0.07955273985862732,-0.06762168556451797,,,,,,
1763596029.356791,,,,,,,0.0016954541206359863,-0.008647948503494263,0.007140636444091797,0.047879498451948166,0.08689605444669724,0.05202821269631386
1763596029.361366,-0.0049785555975511665,0.06599719752073288,0.004259995532035828,0.0371517688035965,0.08818159997463226,-0.06861472129821777,,,,,,
1763596029.366822,,,,,,,0.0011338591575622559,-0.008703470230102539,0.005966782569885254,0.05784625932574272,0.09265327453613281,0.062215469777584076
1763596029.371419,0.03485803595669568,0.0641577071338892,-0.013735095363855362,0.039237555116415024,0.08776428550481796,-0.06528869271278381,,,,,,
1763596029.376852,,,,,,,-0.000623166561126709,-0.0071430206298828125,0.002348184585571289,0.056485116481781006,0.0948980525135994,0.06848987936973572
1763596029.381472,0.05807645099144429,0.029543489870429037,-0.0030862755775451656,0.040333881974220276,0.07572811096906662,-0.06913352012634277,,,,,,
1763596029.386883,,,,,,,0.0014624595642089844,-0.007594406604766846,-0.0027824677526950836,0.04820193350315094,0.09356727451086044,0.07395581156015396
1763596029.391525,0.05093059782478958,0.017492402070760724,-0.00413505397811532,0.04637153446674347,0.06195610389113426,-0.07131092250347137,,,,,,
1763596029.396913,,,,,,,0.002270996570587158,-0.010084003210067749,-0.004590515047311783,0.036741554737091064,0.08953870832920074,0.0783577561378479
1763596029.401577,0.07404588127862662,0.021876316243410108,0.007053864034265279,0.05029289424419403,0.04698770493268967,-0.0771598219871521,,,,,,
1763596029.406944,,,,,,,0.0039871931076049805,-0.009249985218048096,-0.0051650963723659515,0.02045365236699581,0.08375831693410873,0.0790485143661499
1763596029.41163,0.07272928225472569,0.02925882771015167,0.05163432564735412,0.05033497139811516,0.031754955649375916,-0.08321425318717957,,,,,,
1763596029.416975,,,,,,,0.0016916990280151367,-0.0057759881019592285,-0.008735060691833496,0.010623658075928688,0.0823441818356514,0.08096226304769516
1763596029.421683,0.04044716120064258,0.008403086686134337,0.05623794698528945,0.04780837520956993,0.023008719086647034,-0.08862899243831635,,,,,,
1763596029.427005,,,,,,,0.0017979741096496582,-0.001645117998123169,-0.013960838317871094,0.00740621006116271,0.08030978590250015,0.08571320027112961
1763596029.431736,0.02250131627395749,0.0004804769933223724,0.05198986108675599,0.04311082512140274,0.021161550655961037,-0.09612792730331421,,,,,,
1763596029.437036,,,,,,,0.003920018672943115,0.002421766519546509,-0.01853501796722412,0.00947042740881443,0.07637710124254227,0.08875666558742523
1763596029.441789,0.060454432169161736,0.015990180814266203,0.08104410613551735,0.037954945117235184,0.030487142503261566,-0.1006007045507431,,,,,,
1763596029.447067,,,,,,,0.005343735218048096,0.006738901138305664,-0.022853851318359375,0.012900659814476967,0.07248382270336151,0.09225193411111832
1763596029.451842,0.090962163961865,0.011249708288908004,0.10741634555868804,0.02740509808063507,0.03659643232822418,-0.09984196722507477,,,,,,
1763596029.457097,,,,,,,0.007050812244415283,0.009482532739639282,-0.026098493486642838,0.024558914825320244,0.07057753205299377,0.09310734272003174
1763596029.461895,0.1080648360626772,0.014973112726211548,0.13277999246120453,0.01885463483631611,0.040845610201358795,-0.09450146555900574,,,,,,
1763596029.467128,,,,,,,0.005185902118682861,0.012402176856994629,-0.0248718298971653,0.03818338364362717,0.06286156177520752,0.09352412819862366
1763596029.471948,0.12158877289388328,-0.012206570622324943,0.129125561606884,0.010750102810561657,0.04516978561878204,-0.08414629846811295,,,,,,
1763596029.477158,,,,,,,0.0025841593742370605,0.014087170362472534,-0.02312374860048294,0.04391743242740631,0.054822538048028946,0.09421122074127197
1763596029.482001,0.14310513325110077,0.009575053074955939,0.10691036879792809,0.004658945370465517,0.05159001052379608,-0.07321172207593918,,,,,,
1763596029.487189,,,,,,,0.0007026791572570801,0.016640961170196533,-0.021542314440011978,0.044044915586709976,0.051811836659908295,0.09021740406751633
1763596029.492053,0.11420801499281077,0.022695231410861015,0.08907894403114915,0.003588887397199869,0.057142700999975204,-0.06905799359083176,,,,,,
1763596029.49722,,,,,,,0.0009392499923706055,0.017607390880584717,-0.021922707557678223,0.0435226708650589,0.046707622706890106,0.08628018945455551
1763596029.502106,0.0953825742200017,0.012636778733134268,0.0905611454129219,0.0002813069149851799,0.0633479431271553,-0.06734275817871094,,,,,,
1763596029.50725,,,,,,,0.001890718936920166,0.014383882284164429,-0.024105310440063477,0.04187421128153801,0.039353035390377045,0.08386683464050293
1763596029.512159,0.10398096428252757,-0.0002402384966611862,0.12317293681278824,-0.0026327241212129593,0.0638749822974205,-0.06447692960500717,,,,,,
1763596029.517281,,,,,,,0.0021065473556518555,0.017065078020095825,-0.024480696767568588,0.03430230915546417,0.038395628333091736,0.0789722129702568
1763596029.522212,0.08393204612936823,0.015638883158564567,0.1375309863805771,-0.0071657560765743256,0.06101067736744881,-0.06342194229364395,,,,,,
1763596029.527312,,,,,,,0.004325151443481445,0.018122047185897827,-0.025873184204101562,0.033405907452106476,0.0325249582529068,0.07411080598831177
1763596029.532265,0.06803166249040514,0.030209844824671744,0.14392814007177948,-0.010736255906522274,0.0599382221698761,-0.058142486959695816,,,,,,
1763596029.537342,,,,,,,0.0068489909172058105,0.01838943362236023,-0.027266982942819595,0.03527997434139252,0.03253134712576866,0.06669310480356216
1763596029.542318,0.10198357992023228,0.03118424281477928,0.17879603983536363,-0.01615126058459282,0.060567792505025864,-0.05149790272116661,,,,,,
1763596029.547373,,,,,,,0.006450057029724121,0.018992483615875244,-0.02353060245513916,0.04089675471186638,0.02962717041373253,0.06221959739923477
1763596029.552371,0.1427490132898092,0.020355974808335304,0.1625600675664842,-0.021656546741724014,0.06610797345638275,-0.03992247208952904,,,,,,
1763596029.557403,,,,,,,0.0051991939544677734,0.018691182136535645,-0.01965009793639183,0.04251861944794655,0.024500586092472076,0.055674079805612564
1763596029.562424,0.13672902234792708,0.03183013950288296,0.12400281176567077,-0.0260641947388649,0.0669073536992073,-0.02825566567480564,,,,,,
1763596029.567434,,,,,,,0.005529463291168213,0.01941743493080139,-0.019852276891469955,0.0406428724527359,0.020654715597629547,0.04498608037829399
1763596029.572477,0.10716850827746092,0.048531683456897734,0.11355967061929403,-0.026763007044792175,0.05970696359872818,-0.025018326938152313,,,,,,
1763596029.577465,,,,,,,0.008158862590789795,0.01591479778289795,-0.018177270889282227,0.032788679003715515,0.014439696446061134,0.037429627031087875
1763596029.582529,0.07595507590081542,0.07329144618213176,0.08816358275189995,-0.021621979773044586,0.04187178611755371,-0.027189143002033234,,,,,,
1763596029.587495,,,,,,,0.011363804340362549,0.014416664838790894,-0.018906239420175552,0.014836236834526062,0.009518174454569817,0.031193837523460388
1763596029.592582,0.040606881806999444,0.0825742383122444,0.04854446987323462,-0.01189584843814373,0.021119901910424232,-0.03155725821852684,,,,,,
1763596029.597526,,,,,,,0.011995136737823486,0.012064337730407715,-0.02197396382689476,-0.00792686641216278,0.013466044329106808,0.024140188470482826
1763596029.602635,0.06484393583238124,0.10243103142678738,0.06824307675138115,-0.009888126514852047,0.003936049994081259,-0.030527472496032715,,,,,,
1763596029.607556,,,,,,,0.007927775382995605,0.012487918138504028,-0.01931941881775856,-0.037133701145648956,0.012169884517788887,0.007939048111438751
1763596029.612688,0.1437514317980036,0.09428396532833576,0.07938041070699692,-0.011044205166399479,0.004222339950501919,-0.015235600993037224,,,,,,
1763596029.617587,,,,,,,0.006658434867858887,0.014567315578460693,-0.01593923568725586,-0.05729436129331589,0.010786904953420162,0.000510959536768496
1763596029.622741,0.15271262729093432,0.04683949258625507,0.06580328238382935,-0.01417501736432314,0.01767769455909729,0.010501986369490623,,,,,,
1763596029.627618,,,,,,,0.005526185035705566,0.01813754439353943,-0.012537479400634766,-0.07397879660129547,0.005894944071769714,-0.01480228453874588
1763596029.632794,0.13316219671182333,0.007550269249081611,0.09287928616218269,-0.019108258187770844,0.029929833486676216,0.03479107841849327,,,,,,
1763596029.637648,,,,,,,0.0020632147789001465,0.02702254056930542,-0.011727571487426758,-0.07717379182577133,-0.014838296920061111,-0.03687003254890442
1763596029.642847,0.057305649282038205,-0.04675649047791958,0.08328282497301698,-0.02360479161143303,0.035954415798187256,0.05346667021512985,,,,,,
1763596029.647679,,,,,,,0.002171456813812256,0.03532904386520386,-0.01119672879576683,-0.03262762725353241,-0.038200344890356064,-0.04396442696452141
1763596029.6529,-0.04322462655734271,-0.082561963352561,0.047675943410396576,-0.021938718855381012,0.026569968089461327,0.06681682914495468,,,,,,
1763596029.657709,,,,,,,0.010182380676269531,0.05776703357696533,-0.023514743894338608,-0.006247686222195625,-0.06496697664260864,-0.07983481138944626
1763596029.662953,-0.1400483760289848,-0.09571195230484009,0.009353665409237146,-0.014218931086361408,0.01596841961145401,0.07924895733594894,,,,,,
1763596029.66774,,,,,,,0.014910519123077393,0.08395653963088989,-0.015567068010568619,-0.0023975290823727846,-0.08753220736980438,-0.14095009863376617
1763596029.673005,-0.20736779859680682,-0.09190671480298042,-0.005731821650266647,0.013250243850052357,0.012057035230100155,0.09544683992862701,,,,,,
1763596029.677771,,,,,,,0.014136433601379395,0.09332120418548584,-0.00964319333434105,0.025888437405228615,-0.11236405372619629,-0.18893493711948395
1763596029.683058,-0.262966570895724,-0.04805296002924442,0.025250176590681076,0.040105175226926804,-0.0032980500254780054,0.1144128367304802,,,,,,
1763596029.687801,,,,,,,0.01454240083694458,0.08930301666259766,-0.017372015863656998,0.0649978443980217,-0.13175399601459503,-0.25754788517951965
1763596029.693111,-0.29546927589792754,-0.03008943331539631,-0.07074585335254668,0.06528696417808533,-0.01611371338367462,0.12700319290161133,,,,,,
1763596029.697832,,,,,,,0.0199507474899292,0.09714514017105103,-0.014977335929870605,0.11426419764757156,-0.15367181599140167,-0.31622371077537537
1763596029.703164,-0.3026003333542496,-0.016315174984931943,-0.09246654064282775,0.09285979717969894,-0.0014908165903761983,0.1341198831796646,,,,,,
1763596029.707863,,,,,,,0.0208737850189209,0.0992082953453064,-0.015291094779968262,0.11769875884056091,-0.1297808587551117,-0.37284964323043823
1763596029.713217,-0.33439872601199894,-0.0009258826732635498,0.05307809471487999,0.09804097563028336,0.03160428628325462,0.1429205685853958,,,,,,
1763596029.717893,,,,,,,0.012276649475097656,0.07444870471954346,-0.008611202239990234,0.09151776134967804,-0.11169134080410004,-0.44911590218544006
1763596029.72327,-0.3085573785951361,0.04924655372798443,0.17854937159791587,0.07318080961704254,0.08812673389911652,0.16532674431800842,,,,,,
1763596029.727924,,,,,,,0.003353714942932129,0.051970064640045166,-0.00319039449095726,0.0016730304341763258,-0.09821068495512009,-0.5182583332061768
1763596029.733323,-0.10391399999354034,0.16777122634351252,0.23879954989925026,0.027409061789512634,0.17389170825481415,0.204192653298378,,,,,,
1763596029.737954,,,,,,,0.002785205841064453,0.044834792613983154,0.010029081255197525,-0.06709085404872894,-0.0783562883734703,-0.577934980392456
1763596029.743376,0.10156634088885039,0.23307108924984932,0.17700009632930158,-0.013981047086417675,0.266187846660614,0.2502155601978302,,,,,,
1763596029.747985,,,,,,,0.0017873644828796387,0.03514644503593445,0.015900377184152603,-0.10389852523803711,-0.07213274389505386,-0.6516830325126648
1763596029.753429,0.30379571715127673,0.26157354563474655,-0.02633621826171875,-0.027048379182815552,0.3449854552745819,0.30330806970596313,,,,,,
1763596029.758016,,,,,,,0.004536449909210205,0.039057403802871704,0.003683328628540039,-0.12711969017982483,-0.05852585658431053,-0.7040026783943176
1763596029.763482,0.4553876698492095,0.290532513615489,-0.16648454753383993,-0.00820485781878233,0.35598665475845337,0.36471015214920044,,,,,,
1763596029.768046,,,,,,,0.011753380298614502,0.048507481813430786,-0.009740713983774185,-0.17387399077415466,-0.018611464649438858,-0.7499149441719055
1763596029.773534,0.48276525039002294,0.32571722424328325,-0.019712416207790375,0.027242615818977356,0.2787472605705261,0.4260544776916504,,,,,,
1763596029.778077,,,,,,,0.012551963329315186,0.04774749279022217,-0.005723956972360611,-0.25686368346214294,0.030283641070127487,-0.8230479955673218
1763596029.783587,0.43719709291383624,0.3453010456353426,0.2466390113532543,0.06913802027702332,0.15142524242401123,0.48756974935531616,,,,,,
1763596029.788108,,,,,,,0.0064125657081604,0.05594480037689209,0.023724079132080078,-0.4168512225151062,0.07359728962182999,-0.9162985682487488
1763596029.79364,0.24571243456024675,0.2256722111701965,0.3118902858775109,0.15112076699733734,0.05259426683187485,0.5619502067565918,,,,,,
1763596029.798138,,,,,,,0.009447813034057617,0.1149025559425354,0.05060743913054466,-0.5564507246017456,0.08072204887866974,-1.052760124206543
1763596029.803693,-0.03608573285443708,0.15677636959850788,0.35528292594552036,0.2248551994562149,-0.04209188371896744,0.6559978723526001,,,,,,
1763596029.808169,,,,,,,0.02744925022125244,0.1684495210647583,0.04786956310272217,-0.6116758584976196,0.05827372893691063,-1.1762280464172363
1763596029.813746,-0.26285059809954836,0.23660160146355627,0.19817403645701706,0.2694338858127594,-0.07808077335357666,0.75248122215271,,,,,,
1763596029.818199,,,,,,,0.04575538635253906,0.19258803129196167,0.03467988967895508,-0.6544464826583862,0.042172789573669434,-1.3208832740783691
1763596029.823799,-0.48168655177522446,0.31381928117871283,-0.17324293575286864,0.3072921335697174,0.005590775981545448,0.8347280621528625,,,,,,
1763596029.82823,,,,,,,0.056985318660736084,0.19657248258590698,0.02941298484802246,-0.7054420709609985,0.031010417267680168,-1.4532275199890137
1763596029.833853,-0.6564981616169214,0.3763812435537576,-0.2454630263764411,0.31152307987213135,0.16846917569637299,0.9029185771942139,,,,,,
1763596029.838261,,,,,,,0.06605726480484009,0.18454661965370178,0.022630460560321808,-0.7593159675598145,0.013544341549277306,-1.5851924419403076
1763596029.843905,-0.6646363137565553,0.4682178157299757,-0.050447746211290355,0.2676338851451874,0.344320148229599,0.9665663242340088,,,,,,
1763596029.848291,,,,,,,0.07341510057449341,0.1751156449317932,0.027582522481679916,-0.8201884031295776,0.005685086827725172,-1.6908345222473145
1763596029.853958,-0.49205505678281186,0.5467798957914114,0.027272695394232868,0.21651317179203033,0.524583101272583,1.0391026735305786,,,,,,
1763596029.858322,,,,,,,0.0750465989112854,0.18021884560585022,0.04265619069337845,-0.9109662771224976,0.012105169706046581,-1.771783471107483
1763596029.86401,-0.23382618193347005,0.5831839190810918,-0.04018354182839393,0.17955493927001953,0.6707615256309509,1.1254268884658813,,,,,,
1763596029.868352,,,,,,,0.07436633110046387,0.18258851766586304,0.04533541202545166,-1.0022794008255005,0.03813011199235916,-1.8588899374008179
1763596029.874064,0.09749076201301067,0.650864539644122,-0.15291326442956923,0.1731172800064087,0.7664137482643127,1.226940631866455,,,,,,
1763596029.878383,,,,,,,0.06972366571426392,0.16066530346870422,0.045504696667194366,-1.090580701828003,0.0855676680803299,-1.9245957136154175
1763596029.884116,0.4348120244082063,0.7356020934700965,-0.1984031690377742,0.19837260246276855,0.7976678609848022,1.337321162223816,,,,,,
1763596029.888414,,,,,,,0.06988173723220825,0.13959267735481262,0.049192190170288086,-1.1169599294662476,0.1269473284482956,-1.9579768180847168
1763596029.894169,0.6628242228332907,0.7522890243768692,-0.14697686011791228,0.2438380867242813,0.7533767819404602,1.4385699033737183,,,,,,
1763596029.898444,,,,,,,0.0693809986114502,0.13495931029319763,0.048085570335388184,-1.0718891620635986,0.1613905280828476,-1.9949830770492554
1763596029.904222,0.7817220396101474,0.7359697577387094,-0.0940203459560871,0.29457366466522217,0.6616560816764832,1.5094786882400513,,,,,,
1763596029.908475,,,,,,,0.06316977739334106,0.1449238657951355,0.054434895515441895,-0.9773421883583069,0.19787077605724335,-2.0256412029266357
1763596029.914275,0.8156891911417246,0.6735124247819185,-0.09579152034707367,0.3515027165412903,0.5673724412918091,1.5481128692626953,,,,,,
1763596029.918506,,,,,,,0.056420207023620605,0.15409302711486816,0.06010544300079346,-0.878925621509552,0.22349198162555695,-2.057288885116577
1763596029.924329,0.7196983488302677,0.5479103611260652,-0.15028408496975898,0.4038638472557068,0.4933466613292694,1.5598560571670532,,,,,,
1763596029.928536,,,,,,,0.05682075023651123,0.15576159954071045,0.0598912239074707,-0.8544307947158813,0.24351708590984344,-2.101954460144043
1763596029.934381,0.5461532883256673,0.40648412087261676,-0.11341602436490356,0.44175100326538086,0.43848952651023865,1.548067331314087,,,,,,
1763596029.938567,,,,,,,0.061607182025909424,0.13570892810821533,0.06370270252227783,-0.9166254997253418,0.2823145389556885,-2.1427500247955322
1763596029.944434,0.3223264127612114,0.2913637037426233,-0.057378933713957664,0.46122899651527405,0.40538132190704346,1.529451608657837,,,,,,
1763596029.948597,,,,,,,0.06806975603103638,0.10245096683502197,0.07541404664516449,-1.000087857246399,0.32151174545288086,-2.171610116958618
1763596029.954486,0.1283801500670612,0.17924539103806017,0.026262568503618237,0.45953309535980225,0.3866792619228363,1.5147266387939453,,,,,,
1763596029.958628,,,,,,,0.07483696937561035,0.08917480707168579,0.07435190677642822,-1.1261858940124512,0.35011303424835205,-2.223353385925293
1763596029.964539,0.03297185688391328,0.1696896271854639,-0.022711086567118764,0.4567158818244934,0.40124762058258057,1.517423391342163,,,,,,
1763596029.968659,,,,,,,0.07777833938598633,0.10531967878341675,0.0668959766626358,-1.2404510974884033,0.4105721116065979,-2.254917860031128
1763596029.974592,0.03512333582937717,0.18135843766927717,-0.07012165703959762,0.4521450996398926,0.44458097219467163,1.5443048477172852,,,,,,
1763596029.978689,,,,,,,0.07930928468704224,0.10622698068618774,0.05054807662963867,-1.214544415473938,0.4835784137248993,-2.2510573863983154
1763596029.984645,0.13970920720249413,0.2086187850385904,-0.06593991437554358,0.4353470504283905,0.5092498660087585,1.5845463275909424,,,,,,
1763596029.98872,,,,,,,0.07354456186294556,0.09126168489456177,0.028630733489990234,-1.114486813545227,0.5741035342216492,-2.2344744205474854
1763596029.994698,0.3228634422473609,0.2612958977371454,-0.1314438119539991,0.42060166597366333,0.6004255414009094,1.6342374086380005,,,,,,
1763596029.99875,,,,,,,0.06524980068206787,0.09653353691101074,0.014320850372314453,-0.917336642742157,0.6409640312194824,-2.194936513900757
1763596030.004751,0.4640183182135224,0.21902152110934256,-0.1508440569400787,0.40660521388053894,0.7103639841079712,1.6680428981781006,,,,,,
1763596030.008781,,,,,,,0.061232805252075195,0.09289461374282837,-0.0014595836400985718,-0.7176212668418884,0.6882420778274536,-2.148794412612915
1763596030.014804,0.5250529248908162,0.142850135576725,-0.0640835093865171,0.38334357738494873,0.8113329410552979,1.6817859411239624,,,,,,
1763596030.018812,,,,,,,0.05157601833343506,0.0727766752243042,-0.004352688789367676,-0.6300868988037109,0.7780124545097351,-2.1245832443237305
1763596030.024857,0.5040913854047656,0.026869302225112912,0.1210299334347248,0.35502755641937256,0.8768264651298523,1.67226243019104,,,,,,
1763596030.028842,,,,,,,0.042947471141815186,0.04155755043029785,0.02366529405117035,-0.5659040808677673,0.886809766292572,-2.0650429725646973
1763596030.03491,0.41047348276972767,-0.07874328184723854,0.28209841073658315,0.3408779203891754,0.8917210102081299,1.6524831056594849,,,,,,
1763596030.038873,,,,,,,0.04605835676193237,0.018898487091064453,0.05271470546722412,-0.505850613117218,0.9616944193840027,-2.000545024871826
1763596030.044962,0.29417379272729155,-0.12612404170334338,0.33244916284680365,0.34431055188179016,0.8345862030982971,1.6297789812088013,,,,,,
1763596030.048904,,,,,,,0.05647850036621094,0.015304744243621826,0.05638110637664795,-0.46587294340133667,0.9944414496421814,-2.034125566482544
1763596030.055015,0.19864976420998573,-0.0738216075360775,0.11475330085065215,0.3686736822128296,0.7501791715621948,1.602081298828125,,,,,,
1763596030.058934,,,,,,,0.06825655698776245,0.015134751796722412,0.06094658374786377,-0.5406739115715027,1.0307047367095947,-2.0992274284362793
1763596030.065068,0.09028203621059655,0.0823000975459814,-0.20881807047035544,0.4191475510597229,0.6851791739463806,1.5882223844528198,,,,,,
1763596030.068965,,,,,,,0.09189653396606445,0.012031495571136475,0.06816351413726807,-0.6891137361526489,1.0637284517288208,-2.165600299835205
1763596030.075121,-0.04209229805916548,0.25602526385784147,-0.3538917273154482,0.46718379855155945,0.6289212107658386,1.5853970050811768,,,,,,
1763596030.078995,,,,,,,0.11820226907730103,-0.0034492015838623047,0.059259265661239624,-0.8844608664512634,1.0963425636291504,-2.237945079803467
1763596030.085174,-0.15851649126410483,0.43455636914670465,-0.3090239001283422,0.4941684603691101,0.5925154089927673,1.5945937633514404,,,,,,
1763596030.089026,,,,,,,0.13576388359069824,-0.0066481828689575195,0.06065356731414795,-1.069803237915039,1.1366769075393677,-2.2576889991760254
1763596030.095227,-0.20332856967598198,0.5849380692720413,-0.1947334675490856,0.4909020960330963,0.582613468170166,1.622187852859497,,,,,,
1763596030.099057,,,,,,,0.1461889147758484,0.00850975513458252,0.05692237615585327,-1.1402376890182495,1.1655447483062744,-2.280647039413452
1763596030.10528,-0.23429653939157724,0.6760398974329233,-0.19414545679436995,0.473598837852478,0.5948398113250732,1.657503366470337,,,,,,
1763596030.109087,,,,,,,0.1481831669807434,0.03487282991409302,0.04944071173667908,-1.1485185623168945,1.1999536752700806,-2.318406343460083
1763596030.115333,-0.23750205743461847,0.7366185770362615,-0.2807236517846584,0.4599701166152954,0.6235079765319824,1.696567177772522,,,,,,
1763596030.119118,,,,,,,0.15316826105117798,0.06452441215515137,0.03542691469192505,-1.133710265159607,1.2176120281219482,-2.3508100509643555
1763596030.125386,-0.1962812815129757,0.7743062103956937,-0.31241876673102376,0.4508083462715149,0.6467923521995544,1.7384698390960693,,,,,,
1763596030.129149,,,,,,,0.1607329249382019,0.05385541915893555,0.019963890314102173,-1.1493109464645386,1.2533435821533203,-2.3575096130371094
1763596030.135438,-0.11239128442704677,0.7571107454448938,-0.2628419581353664,0.4528142213821411,0.654593288898468,1.7844771146774292,,,,,,
1763596030.139179,,,,,,,0.1622198224067688,0.02857983112335205,0.04233923554420471,-1.2421056032180786,1.3115731477737427,-2.3236918449401855
1763596030.145491,-0.07798515695631504,0.6997562885850668,-0.1355541516159661,0.4517931342124939,0.6382759809494019,1.8336056470870972,,,,,,
1763596030.14921,,,,,,,0.15877041220664978,0.015431880950927734,0.04516950249671936,-1.2807000875473022,1.3389948606491089,-2.2977240085601807
1763596030.155544,-0.11956307575255631,0.5477198069900274,-0.07632920644283295,0.4455608129501343,0.6112140417098999,1.8504363298416138,,,,,,
1763596030.15924,,,,,,,0.15200668573379517,-0.008677423000335693,0.03340411186218262,-1.3294713497161865,1.383428692817688,-2.2843925952911377
1763596030.165597,-0.1564844009146094,0.42039048115015026,-0.19339962512943892,0.4439109265804291,0.6143729090690613,1.8420296907424927,,,,,,
1763596030.169271,,,,,,,0.14363762736320496,-0.022056162357330322,0.04968494176864624,-1.3143609762191772,1.4252288341522217,-2.2472846508026123
1763596030.17565,-0.18705752609372137,0.33737259072363374,-0.25541151587367056,0.4476097822189331,0.6311126947402954,1.8170326948165894,,,,,,
1763596030.179302,,,,,,,0.14085903763771057,-0.017154335975646973,0.07039773464202881,-1.297943353652954,1.4492851495742798,-2.2213666439056396
1763596030.185703,-0.24747195504605768,0.26636837869584556,-0.18570260435342786,0.4566923677921295,0.6195915341377258,1.782799482345581,,,,,,
1763596030.189332,,,,,,,0.1481616497039795,0.006718933582305908,0.055412232875823975,-1.2420347929000854,1.4730645418167114,-2.1945815086364746
1763596030.195756,-0.32457039229571816,0.2651169173300266,-0.07001404107981361,0.46711573004722595,0.5775186419487,1.7463003396987915,,,,,,
1763596030.199363,,,,,,,0.15576040744781494,0.01505368947982788,0.044681549072265625,-1.233730435371399,1.5124316215515137,-2.1685614585876465
1763596030.205809,-0.3791156369537115,0.2516296592473984,-0.04429621957791969,0.47087782621383667,0.5329800844192505,1.7072622776031494,,,,,,
1763596030.209393,,,,,,,0.15746265649795532,0.015271365642547607,0.0421409010887146,-1.229970932006836,1.551186203956604,-2.1569597721099854
1763596030.215862,-0.38007600641846656,0.2898556372672319,-0.09932780471444129,0.4792603850364685,0.5203023552894592,1.6755563020706177,,,,,,
1763596030.219424,,,,,,,0.1528160572052002,-0.015788733959197998,0.020521700382232666,-1.2227181196212769,1.590401291847229,-2.1161532402038574
1763596030.225914,-0.3387883027404546,0.35428222447037694,-0.11396189474463463,0.48587650060653687,0.539665162563324,1.6540087461471558,,,,,,
1763596030.229455,,,,,,,0.14560478925704956,-0.04814058542251587,0.01945638656616211,-1.2792860269546509,1.6457772254943848,-2.0898213386535645
1763596030.235967,-0.2843663922011852,0.40272798320949077,-0.09268411978310905,0.4853726327419281,0.5621576905250549,1.6405606269836426,,,,,,
1763596030.239485,,,,,,,0.13970686495304108,-0.04415935277938843,0.04953742027282715,-1.3491060733795166,1.7003557682037354,-2.0755386352539062
1763596030.24602,-0.2665606863975525,0.4841980596721172,-0.04835983402132988,0.4796418249607086,0.5797122716903687,1.6390982866287231,,,,,,
1763596030.249516,,,,,,,0.14733178913593292,-0.01797407865524292,0.07856589555740356,-1.3573423624038696,1.7325000762939453,-2.0004613399505615
1763596030.256073,-0.2544482237994671,0.5110755452036857,-0.06929391011171974,0.46874523162841797,0.5779460668563843,1.6549108028411865,,,,,,
1763596030.259546,,,,,,,0.15967980027198792,0.00975877046585083,0.0680047869682312,-1.327887773513794,1.7706013917922974,-1.982520341873169
1763596030.266126,-0.2772819868981838,0.4861901102721691,-0.15323592051267623,0.4609406888484955,0.5743885636329651,1.67093026638031,,,,,,
1763596030.269577,,,,,,,0.1580130010843277,0.0206720232963562,0.04095745086669922,-1.2638893127441406,1.8061790466308594,-1.9627087116241455
1763596030.276179,-0.28242694857120515,0.41973815472126,-0.2554711371064186,0.4539578855037689,0.5899683237075806,1.685804009437561,,,,,,
1763596030.279608,,,,,,,0.1574729084968567,0.01529461145401001,0.022387146949768066,-1.2144975662231445,1.8415677547454834,-1.9476969242095947
1763596030.286232,-0.3161480163872242,0.34802667120695113,-0.23148820397257802,0.4442472457885742,0.60987788438797,1.6880320310592651,,,,,,
1763596030.289638,,,,,,,0.15185441076755524,0.011946678161621094,0.011530458927154541,-1.1175999641418457,1.876434087753296,-1.8745217323303223
1763596030.296285,-0.3580564823120832,0.20012100580632686,-0.10913140584826468,0.423339307308197,0.6140893697738647,1.6697355508804321,,,,,,
1763596030.299669,,,,,,,0.1482042670249939,0.006252169609069824,-0.016976475715637207,-1.0180754661560059,1.9132627248764038,-1.8347734212875366
1763596030.306338,-0.43514907434284683,0.06803367178440094,-0.05246668481826782,0.40346503257751465,0.6216599941253662,1.6258617639541626,,,,,,
1763596030.3097,,,,,,,0.14044111967086792,0.0061454176902771,-0.018048465251922607,-0.9568604826927185,1.9400490522384644,-1.7825433015823364
1763596030.316391,-0.4710796349018812,-0.0206043966114521,0.015413878763653337,0.38695260882377625,0.5991362929344177,1.5658406019210815,,,,,,
1763596030.31973,,,,,,,0.14980077743530273,0.014060556888580322,0.0055634379386901855,-0.9122812747955322,1.945784091949463,-1.7207733392715454
1763596030.326443,-0.4477168794929981,-0.03180383601784706,0.07018938851356506,0.3772585690021515,0.5633944869041443,1.5200252532958984,,,,,,
1763596030.329761,,,,,,,0.16506265103816986,0.022465229034423828,0.029551804065704346,-0.8351983428001404,1.9348393678665161,-1.6443374156951904
1763596030.336496,-0.41508302239179606,-0.013420038065314293,0.0952057563483715,0.3584505319595337,0.5529506206512451,1.4864879846572876,,,,,,
1763596030.339791,,,,,,,0.16700930893421173,0.0021138787269592285,0.014182806015014648,-0.8065776228904724,1.9410929679870605,-1.6611599922180176
1763596030.346549,-0.35105391007363795,0.06930676046013831,0.029878439179528503,0.3419632017612457,0.5615833401679993,1.4747686386108398,,,,,,
1763596030.349822,,,,,,,0.1533980369567871,-0.03184306621551514,0.00025850534439086914,-0.8199677467346191,1.9449244737625122,-1.6511462926864624
1763596030.356602,-0.26635201208293435,0.18083645962178707,-0.08269698790907859,0.34871378540992737,0.5791676640510559,1.4760671854019165,,,,,,
1763596030.359853,,,,,,,0.14295026659965515,-0.06132322549819946,0.0002211928367614746,-0.8701605796813965,1.9759050607681274,-1.5946928262710571
1763596030.366655,-0.23454466893374917,0.21875088747441768,-0.13807461000429466,0.36335015296936035,0.5817379355430603,1.477102279663086,,,,,,
1763596030.369883,,,,,,,0.13900572061538696,-0.04949462413787842,0.0007888674736022949,-0.8966096639633179,2.0242807865142822,-1.5620754957199097
1763596030.376709,-0.34353228239715095,0.06682254242897033,-0.013823906158469616,0.3587322235107422,0.5516745448112488,1.4549543857574463,,,,,,
1763596030.379914,,,,,,,0.1441495418548584,-0.01414722204208374,0.0005849003791809082,-0.8438984751701355,2.04592227935791,-1.5228554010391235
1763596030.386761,-0.4088081799060106,-0.04460428088009357,0.09816109902262687,0.33932459354400635,0.522671639919281,1.4315005540847778,,,,,,
1763596030.389945,,,,,,,0.1527397483587265,-0.004179060459136963,-0.02900749444961548,-0.7767637968063354,2.0511069297790527,-1.4777131080627441
1763596030.396814,-0.39758360605835913,-0.020111060136556624,0.14737080960525198,0.3061789274215698,0.5063288807868958,1.4113436937332153,,,,,,
1763596030.399975,,,,,,,0.15673556923866272,0.0022614598274230957,-0.03339499235153198,-0.6450039148330688,2.0544610023498535,-1.3793479204177856
1763596030.406868,-0.42155484875440596,-0.058116673403978344,0.135199913084507,0.26337218284606934,0.50834721326828,1.388157606124878,,,,,,
1763596030.410006,,,,,,,0.14997929334640503,0.000976860523223877,-0.07517939805984497,-0.508396327495575,2.0461533069610596,-1.3608347177505493
1763596030.416919,-0.36672611097991464,0.04473638282716274,0.13081713142301887,0.23675839602947235,0.5248761177062988,1.3535362482070923,,,,,,
1763596030.420036,,,,,,,0.13631296157836914,0.006587803363800049,-0.0424504280090332,-0.4073951244354248,2.0505759716033936,-1.314008116722107
1763596030.426972,-0.35958033087849617,0.08903905041217804,0.15945640246272086,0.21979373693466187,0.5156441330909729,1.3252402544021606,,,,,,
1763596030.430067,,,,,,,0.1385442018508911,0.0015447735786437988,-0.03905981779098511,-0.3054959177970886,2.0206212997436523,-1.2681149244308472
1763596030.437025,-0.43240357502698895,0.027690555480122565,0.07037172281052917,0.20901326835155487,0.5069438815116882,1.3051167726516724,,,,,,
1763596030.440098,,,,,,,0.14248478412628174,-0.01869058609008789,-0.02201002836227417,-0.30271318554878235,1.9915026426315308,-1.2491390705108643
1763596030.447078,-0.447254522678256,-0.014238953232765196,0.05213000020980835,0.19021587073802948,0.4983338415622711,1.2992490530014038,,,,,,
1763596030.450128,,,,,,,0.14390763640403748,-0.006352066993713379,0.032163143157958984,-0.250034362077713,1.9578120708465576,-1.18563711643219
1763596030.457131,-0.4956184483528137,-0.029214988568425176,0.08405424773693085,0.15345147252082825,0.49218910932540894,1.3216716051101685,,,,,,
1763596030.460159,,,,,,,0.14317044615745544,-0.005264937877655029,-0.02542722225189209,-0.20286153256893158,1.9320718050003052,-1.1528486013412476
1763596030.467184,-0.4823743513762951,-0.013685411003232001,0.01775660596489906,0.11695288121700287,0.5178055167198181,1.3397194147109985,,,,,,
1763596030.470189,,,,,,,0.13829728960990906,-0.006283581256866455,-0.07197469472885132,-0.1687588095664978,1.931857705116272,-1.1282923221588135
1763596030.477237,-0.3542547519415617,0.06995499523580073,-0.0028501287341117856,0.07866727560758591,0.5443620681762695,1.3386698961257935,,,,,,
1763596030.48022,,,,,,,0.1438981294631958,-0.0006250143051147461,-0.07502937316894531,-0.06508620828390121,1.8932149410247803,-1.0861402750015259
1763596030.48729,-0.2862935608714819,0.13387597100436688,0.1610112306892872,0.05014221370220184,0.5154634118080139,1.3080676794052124,,,,,,
1763596030.490251,,,,,,,0.14670893549919128,-0.009161591529846191,-0.08870911598205566,0.001478657592087984,1.860200047492981,-1.0612857341766357
1763596030.497343,-0.2697849091410637,0.1102805758833885,0.2556007913680747,0.036379262804985046,0.4527660012245178,1.259848713874817,,,,,,
1763596030.500281,,,,,,,0.13848823308944702,-0.023892879486083984,-0.06969088315963745,0.039020705968141556,1.8125629425048828,-1.0458135604858398
1763596030.507396,-0.2519359487175941,-0.07360591895878314,0.13929273535609243,0.029432203620672226,0.4060533046722412,1.209761619567871,,,,,,
1763596030.510312,,,,,,,0.140537828207016,-0.03810304403305054,-0.04724085330963135,0.007382993586361408,1.760004997253418,-1.0138050317764282
1763596030.517448,-0.35294074673354625,-0.20317454815804958,-0.012604703094437718,0.022186007350683212,0.4017125964164734,1.1697207689285278,,,,,,
1763596030.520343,,,,,,,0.14152127504348755,-0.04650968313217163,-0.043926239013671875,-0.04629781097173691,1.7187488079071045,-0.9847881197929382
1763596030.527501,-0.4341881203562021,-0.1813862024590373,0.0009784896433353424,0.005347220227122307,0.41351741552352905,1.1522231101989746,,,,,,
1763596030.530373,,,,,,,0.13784486055374146,-0.0590628981590271,-0.05318582057952881,-0.052333611994981766,1.6683173179626465,-0.9424521923065186
1763596030.537555,-0.5323188242405653,-0.1009305637359619,0.1239794308900833,-0.014096518978476524,0.38995909690856934,1.1269021034240723,,,,,,
1763596030.540404,,,,,,,0.1329326033592224,-0.054017066955566406,-0.07634204626083374,-0.02792121097445488,1.6157801151275635,-0.9299284219741821
1763596030.547607,-0.572573677739501,-0.0035308044746518133,0.1355003573358059,-0.02635466866195202,0.35745877027511597,1.0951625108718872,,,,,,
1763596030.550434,,,,,,,0.13088297843933105,-0.026365578174591064,-0.06943172216415405,0.023836083710193634,1.558510661125183,-0.9092551469802856
1763596030.55766,-0.5628390501886605,0.10793109014779328,0.05785363855361938,-0.042039625346660614,0.365824818611145,1.0507644414901733,,,,,,
1763596030.560465,,,,,,,0.13358107209205627,-0.020061731338500977,-0.07150614261627197,0.04434322565793991,1.4971051216125488,-0.8954794406890869
1763596030.567713,-0.4723199903517961,0.23632658391445874,-0.017397636459395287,-0.06688614189624786,0.3956151008605957,1.0206401348114014,,,,,,
1763596030.570496,,,,,,,0.13157451152801514,-0.026366055011749268,-0.04624444246292114,0.05301622301340103,1.4343863725662231,-0.869271457195282
1763596030.577766,-0.43514965886473655,0.33614772510379554,0.08357961596250534,-0.11594635993242264,0.4040495753288269,1.0231925249099731,,,,,,
1763596030.580526,,,,,,,0.12295264005661011,-0.04438835382461548,-0.05866056680679321,0.049118418246507645,1.3922103643417358,-0.8448968529701233
1763596030.587819,-0.38402386726140975,0.2917415971443057,0.14992876872606575,-0.16300450265407562,0.3989771008491516,1.0377000570297241,,,,,,
1763596030.590557,,,,,,,0.11195844411849976,-0.04836148023605347,-0.09741127490997314,0.07001550495624542,1.3702846765518188,-0.8100557923316956
1763596030.597872,-0.2918354129076004,0.2609299870342016,0.08537409816384316,-0.19069206714630127,0.41592225432395935,1.052498459815979,,,,,,
1763596030.600587,,,,,,,0.11024028062820435,-0.0471530556678772,-0.11367553472518921,0.0849960520863533,1.3105666637420654,-0.8040341138839722
1763596030.607924,-0.19047054940760136,0.3009291122063994,-0.03776113698706031,-0.20285148918628693,0.4200795292854309,1.073404312133789,,,,,,
1763596030.610618,,,,,,,0.11647546291351318,-0.040952324867248535,-0.0876237154006958,0.09451685100793839,1.2532352209091187,-0.770021915435791
1763596030.617977,-0.15067220750451088,0.42509822044968604,-0.10693126545548438,-0.21220876276493073,0.42362871766090393,1.1181620359420776,,,,,,
1763596030.620649,,,,,,,0.11874663829803467,-0.03859865665435791,-0.052696168422698975,0.02985822781920433,1.1674561500549316,-0.7920134663581848
1763596030.62803,-0.09801730663776397,0.6598977409273385,-0.10964929224252701,-0.2340857833623886,0.4380214512348175,1.1940641403198242,,,,,,
1763596030.630679,,,,,,,0.11864793300628662,-0.026206672191619873,0.01715642213821411,-0.014343734830617905,1.092185616493225,-0.7703937888145447
1763596030.638084,-0.10170914689302443,0.8049155759319663,0.029801117893308398,-0.2880176901817322,0.4562273621559143,1.29128098487854,,,,,,
1763596030.64071,,,,,,,0.0978766679763794,-0.04462677240371704,-0.0014372467994689941,-0.06846209615468979,1.0741016864776611,-0.7863091230392456
1763596030.648136,-0.14114333165884016,0.8442626669362187,0.019764950112625957,-0.3396151065826416,0.47355201840400696,1.3816405534744263,,,,,,
1763596030.65074,,,,,,,0.07055819034576416,-0.03706943988800049,-0.029199957847595215,-0.0748620554804802,1.091134786605835,-0.7652090191841125
1763596030.658189,-0.21084932056963443,0.792879393440485,-0.059302083796262735,-0.37066569924354553,0.4733373820781708,1.4526464939117432,,,,,,
1763596030.660771,,,,,,,0.07242119312286377,-0.013554811477661133,-0.05785083770751953,-0.01660407893359661,1.0891133546829224,-0.7624289393424988
1763596030.668242,-0.3601753741621971,0.6687681528642774,-0.22049802340269087,-0.37666594982147217,0.46727412939071655,1.4959653615951538,,,,,,
1763596030.670802,,,,,,,0.083690345287323,0.007617294788360596,-0.07153379917144775,0.04867945984005928,1.0579826831817627,-0.7548482418060303
1763596030.678295,-0.4998585701406002,0.36898236547410485,-0.20642507438659666,-0.36184704303741455,0.4250377118587494,1.46764075756073,,,,,,
1763596030.680833,,,,,,,0.09414094686508179,-0.002640366554260254,-0.05323803424835205,0.09395799040794373,1.010619878768921,-0.7187666893005371
1763596030.688349,-0.7306371645390987,-0.22768033612221478,-0.2083284237898886,-0.34738588333129883,0.3998723030090332,1.3432420492172241,,,,,,
1763596030.690863,,,,,,,0.09406757354736328,-0.018021583557128906,-0.0399814248085022,0.06907417625188828,0.9480193257331848,-0.7020130157470703
1763596030.6984,-0.7168295884609222,-0.4650938384905457,-0.2131472222484648,-0.3402094542980194,0.36864086985588074,1.2058719396591187,,,,,,
1763596030.700894,,,,,,,0.09777176380157471,-0.008724868297576904,0.002175569534301758,0.07736299932003021,0.9019860625267029,-0.6621430516242981
1763596030.708453,-0.5450894584864378,-0.276651287779212,-0.04107566836252809,-0.33068758249282837,0.27362188696861267,1.1235084533691406,,,,,,
1763596030.710924,,,,,,,0.08983254432678223,-0.03459709882736206,-0.027272164821624756,0.0735139548778534,0.8630841970443726,-0.6739638447761536
1763596030.718506,-0.31417116335630413,0.02354337267279625,-0.1585305197894573,-0.3040061593055725,0.19992265105247498,1.1088621616363525,,,,,,
1763596030.720955,,,,,,,0.07679975032806396,-0.046003639698028564,-0.035298943519592285,0.059457797557115555,0.8433722853660583,-0.657336413860321
1763596030.72856,-0.18127952721416948,0.1872656158864498,-0.35589418971166015,-0.27109596133232117,0.17021459341049194,1.1099950075149536,,,,,,
1763596030.730985,,,,,,,0.08122915029525757,-0.04427117109298706,-0.04850888252258301,0.06531320512294769,0.8187132477760315,-0.6319175362586975
1763596030.738611,-0.3400198903620243,0.046587855912744995,-0.27460283081680537,-0.2573370039463043,0.15484708547592163,1.0821248292922974,,,,,,
1763596030.741016,,,,,,,0.08004742860794067,-0.06781184673309326,-0.08897554874420166,0.05321313068270683,0.7948060631752014,-0.6255309581756592
1763596030.748664,-0.550928247642517,-0.14080781609416007,-0.10960355340465902,-0.24483834207057953,0.12132059037685394,1.0171878337860107,,,,,,
1763596030.751047,,,,,,,0.08624672889709473,-0.08539837598800659,-0.09338071942329407,0.0431007519364357,0.7350780367851257,-0.6091543436050415
1763596030.758717,-0.7902356009334325,-0.34621421495750543,-0.07312368839979172,-0.22372454404830933,0.07433630526065826,0.9100467562675476,,,,,,
1763596030.761077,,,,,,,0.1019940972328186,-0.09757417440414429,-0.09261518716812134,0.012158814817667007,0.6438804864883423,-0.5992162227630615
1763596030.76877,-0.9040402592897414,-0.3842429168395698,-0.23050050810948014,-0.20085343718528748,0.05916617810726166,0.7983730435371399,,,,,,
1763596030.771108,,,,,,,0.10603529214859009,-0.10301089286804199,-0.0727558434009552,-0.06287752091884613,0.5956242680549622,-0.570239245891571
1763596030.778823,-0.8306225563794374,-0.2127341114029288,-0.2695467164710164,-0.19094567000865936,0.05152396857738495,0.7158393263816833,,,,,,
1763596030.781138,,,,,,,0.09976840019226074,-0.09276348352432251,-0.06084543466567993,-0.1281563937664032,0.5368778705596924,-0.5478255152702332
1763596030.788875,-0.6007207448154688,0.08621654033735394,-0.25220278296023607,-0.1888788938522339,0.05988128110766411,0.676356315612793,,,,,,
1763596030.791169,,,,,,,0.08848541975021362,-0.07438647747039795,-0.06059473752975464,-0.1719428300857544,0.5117975473403931,-0.5384853482246399
1763596030.798928,-0.2837473835200071,0.33983591209724545,-0.13263035485744476,-0.18935106694698334,0.034708283841609955,0.6633185148239136,,,,,,
1763596030.8012,,,,,,,0.07305288314819336,-0.05625581741333008,-0.04979586601257324,-0.15529701113700867,0.4902355372905731,-0.5211034417152405
1763596030.808981,-0.12492694087326527,0.34567703934088345,0.020389292556047437,-0.19602589309215546,-0.017035504803061485,0.6462708115577698,,,,,,
1763596030.81123,,,,,,,0.05774050951004028,-0.04549163579940796,-0.055579304695129395,-0.13037528097629547,0.5044592022895813,-0.5112810730934143
1763596030.819034,-0.1836544396519661,0.17470044108480215,-0.07351166480407119,-0.1928599327802658,-0.03711387515068054,0.611508309841156,,,,,,
1763596030.821261,,,,,,,0.04379153251647949,-0.021419227123260498,-0.032287418842315674,-0.06487376242876053,0.5054576396942139,-0.4803159832954407
1763596030.829087,-0.3823696703135967,-0.001439531283825636,-0.1108732810795307,-0.18909253180027008,-0.05839544162154198,0.5674527287483215,,,,,,
1763596030.831292,,,,,,,0.04316067695617676,-0.013476133346557617,-0.02564549446105957,0.015346929430961609,0.495926171541214,-0.44836291670799255
1763596030.83914,-0.5214093076914549,-0.16780395956933497,-0.08220613565221428,-0.1875273883342743,-0.05963167920708656,0.5127865076065063,,,,,,
1763596030.841322,,,,,,,0.03451818227767944,-0.023630201816558838,-0.047990381717681885,0.07186320424079895,0.4960867464542389,-0.42788082361221313
1763596030.849193,-0.5017810626357794,-0.2279214514017105,-0.18823343800529838,-0.1776689887046814,-0.02282668650150299,0.46392887830734253,,,,,,
1763596030.851353,,,,,,,0.03026527166366577,-0.035152316093444824,-0.04557234048843384,0.12925222516059875,0.48166707158088684,-0.38400182127952576
1763596030.859246,-0.42639001382589337,-0.21786723650768397,-0.14122282663583755,-0.16415850818157196,-0.014200440607964993,0.4226965010166168,,,,,,
1763596030.861383,,,,,,,0.027948200702667236,-0.055573463439941406,-0.05565387010574341,0.15410856902599335,0.4835547208786011,-0.34871092438697815
1763596030.869299,-0.33015900608301163,-0.19349983410090207,-0.03395852983370423,-0.1557721048593521,-0.020982014015316963,0.38714656233787537,,,,,,
1763596030.871414,,,,,,,0.022024810314178467,-0.0728069543838501,-0.07633346319198608,0.15827596187591553,0.46934276819229126,-0.3130183517932892
1763596030.879351,-0.2664811914205551,-0.1982018743120134,-0.06233911340460181,-0.13753823935985565,-0.009130680002272129,0.3475903570652008,,,,,,
1763596030.881445,,,,,,,0.029374122619628906,-0.0881529450416565,-0.0721280574798584,0.13197937607765198,0.42237257957458496,-0.27586403489112854
1763596030.889404,-0.23337679419815538,-0.19185718146041034,-0.08436404433846473,-0.12240879237651825,8.765875827521086e-05,0.311126172542572,,,,,,
1763596030.891475,,,,,,,0.040560245513916016,-0.08604639768600464,-0.04479968547821045,0.08710915595293045,0.37872764468193054,-0.24935372173786163
1763596030.899457,-0.22162439708411694,-0.17484905577525495,0.00406578813418746,-0.1155138686299324,-0.022601675242185593,0.2829989194869995,,,,,,
1763596030.901506,,,,,,,0.03639709949493408,-0.08845329284667969,-0.033996373414993286,0.04155711829662323,0.353401780128479,-0.23071134090423584
1763596030.90951,-0.24658114368617534,-0.1551895387984812,-0.023758622858673334,-0.1044270321726799,-0.032564010471105576,0.26882773637771606,,,,,,
1763596030.911536,,,,,,,0.024203896522521973,-0.09079158306121826,-0.03851071000099182,-0.005246458575129509,0.32089442014694214,-0.21827751398086548
1763596030.919563,-0.2845189524143934,-0.09201762783154845,-0.1444096399784088,-0.0830192118883133,-0.027200933545827866,0.26335227489471436,,,,,,
1763596030.921567,,,,,,,0.02451246976852417,-0.0673379898071289,-0.03337395191192627,-0.007806289009749889,0.30491572618484497,-0.199334979057312
1763596030.929616,-0.31073709725439547,-0.09330825216397642,-0.2917337060987949,-0.05188985913991928,-0.008666742593050003,0.2541234493255615,,,,,,
1763596030.931598,,,,,,,0.020954906940460205,-0.04805147647857666,-0.038015931844711304,-0.030202528461813927,0.26530998945236206,-0.21420620381832123
1763596030.939669,-0.19809388389289379,-0.06192191090583801,-0.3579517067633569,-0.016808567568659782,0.007966561242938042,0.24239970743656158,,,,,,
1763596030.941628,,,,,,,0.021502375602722168,-0.03307950496673584,0.0028819143772125244,-0.0640406534075737,0.23043563961982727,-0.2113236039876938
1763596030.949722,-0.036165538358688354,0.046037966945022345,-0.14555983292683958,-0.013234921731054783,-0.017568176612257957,0.2469387650489807,,,,,,
1763596030.951659,,,,,,,0.013228952884674072,-0.03149205446243286,0.030822277069091797,-0.10664044320583344,0.24075192213058472,-0.2238309234380722
1763596030.959775,0.1363666187763214,0.13476079101487992,-0.02069222102537751,-0.028932657092809677,-0.04550740122795105,0.2639046907424927,,,,,,
1763596030.96169,,,,,,,-0.009943902492523193,-0.011299848556518555,0.028466105461120605,-0.11966250836849213,0.2699896991252899,-0.23181375861167908
1763596030.969827,0.24829613091051578,0.15677300859764218,-0.08191387470737099,-0.04050210863351822,-0.05900973081588745,0.29404202103614807,,,,,,
1763596030.97172,,,,,,,-0.016771912574768066,0.025528371334075928,0.033614516258239746,-0.06595750898122787,0.3028815984725952,-0.23273766040802002
1763596030.97988,0.1838151831716299,0.06286182210445404,-0.10252060940638184,-0.04430590197443962,-0.07803881168365479,0.32313039898872375,,,,,,
1763596030.981751,,,,,,,-0.017732858657836914,0.04278689622879028,0.02584099769592285,-0.030392330139875412,0.3158980906009674,-0.24506597220897675
1763596030.989933,0.14280805000066757,-0.018621259970217942,-0.18369521005377173,-0.04235362634062767,-0.09038804471492767,0.34118783473968506,,,,,,
1763596030.991781,,,,,,,-0.01004040241241455,0.05387258529663086,0.04619932174682617,0.007174496538937092,0.322467565536499,-0.2512705624103546
1763596030.999986,0.13080138586461543,-0.0172626849681139,-0.11047332197651266,-0.05546703189611435,-0.10277174413204193,0.36036980152130127,,,,,,
1763596031.001812,,,,,,,-0.006826043128967285,0.042992591857910156,0.05416393280029297,0.029106957837939262,0.34455740451812744,-0.2660689353942871
1763596031.010039,0.18075696464478969,0.030595483141392467,-0.006127104578167199,-0.07323389500379562,-0.09701389074325562,0.37562981247901917,,,,,,
1763596031.011843,,,,,,,-0.018906831741333008,0.029129981994628906,0.04270097613334656,0.04024931788444519,0.3605009615421295,-0.28623226284980774
1763596031.020092,0.2801198406726122,0.10177190993092954,-0.05170563731789589,-0.09172075986862183,-0.10267150402069092,0.3911541700363159,,,,,,
1763596031.021873,,,,,,,-0.015336811542510986,0.04627019166946411,0.043228864669799805,0.09095857292413712,0.3787630498409271,-0.2823168635368347
1763596031.030145,0.26619068404138085,0.14190861694291232,-0.006890490166097879,-0.10216432809829712,-0.14301267266273499,0.4082219898700714,,,,,,
1763596031.031904,,,,,,,-0.01367276906967163,0.04333692789077759,0.01732894778251648,0.08920154720544815,0.37935376167297363,-0.2998062074184418
1763596031.040198,0.24350889663398265,0.05949607199840247,-0.073982935577631,-0.09922659397125244,-0.16328251361846924,0.4274798333644867,,,,,,
1763596031.041934,,,,,,,-0.007763981819152832,0.03758525848388672,0.020547837018966675,0.08015905320644379,0.37314990162849426,-0.28595322370529175
1763596031.050251,0.14517068747878073,-0.02677643630988896,-0.09046747578009963,-0.10711590200662613,-0.17269699275493622,0.44746002554893494,,,,,,
1763596031.051965,,,,,,,0.005420863628387451,0.023688852787017822,0.023010343313217163,0.0677785873413086,0.3527517020702362,-0.2718866765499115
1763596031.060303,-0.0016103578060865402,-0.10581760512515902,0.04800093758106232,-0.13000470399856567,-0.17668214440345764,0.4651479423046112,,,,,,
1763596031.061996,,,,,,,0.013372242450714111,0.01790565252304077,-0.0035921037197113037,0.07907810807228088,0.31989628076553345,-0.2457866370677948
1763596031.070356,-0.1341840140402317,-0.16027772878296673,0.10311799077764153,-0.15537984669208527,-0.1802898645401001,0.4603969156742096,,,,,,
1763596031.072026,,,,,,,0.026560723781585693,0.0072321295738220215,-0.03622019290924072,0.09496726840734482,0.273863822221756,-0.20782366394996643
1763596031.080409,-0.32260172257125375,-0.23718794998414813,0.16904475341066716,-0.17867664992809296,-0.19346824288368225,0.42704030871391296,,,,,,
1763596031.082057,,,,,,,0.04355651140213013,-0.01141279935836792,-0.07060039043426514,0.10944900661706924,0.19890594482421875,-0.13452547788619995
1763596031.090462,-0.5869271972626448,-0.32642566477358337,0.22567454925775526,-0.19857974350452423,-0.19138836860656738,0.3652305006980896,,,,,,
1763596031.092088,,,,,,,0.06611984968185425,-0.042266905307769775,-0.11216595768928528,0.1432497203350067,0.10307715088129044,-0.06783107668161392
1763596031.100515,-0.7826110974043607,-0.417550581549108,0.17228914215937255,-0.2097596973180771,-0.15603916347026825,0.277410626411438,,,,,,
1763596031.102118,,,,,,,0.08395171165466309,-0.06717544794082642,-0.1524982750415802,0.17948150634765625,-0.010311190038919449,0.00014237803407013416
1763596031.110568,-0.8869441630601882,-0.42316235701628024,0.24147768306732176,-0.21608825027942657,-0.12984661757946014,0.1793619692325592,,,,,,
1763596031.112149,,,,,,,0.09517103433609009,-0.10120910406112671,-0.19060009717941284,0.22461745142936707,-0.09448891878128052,0.029711855575442314
1763596031.120622,-1.0056015221446752,-0.4685272470053285,0.2957248215615749,-0.21125008165836334,-0.11629430949687958,0.06422179937362671,,,,,,
1763596031.122179,,,,,,,0.0992271900177002,-0.14698976278305054,-0.22690290212631226,0.2523193955421448,-0.17646074295043945,0.033336419612169266
1763596031.130674,-1.223544600367546,-0.4805505700152367,0.21719196759462356,-0.19092348217964172,-0.0914364904165268,-0.058242689818143845,,,,,,
1763596031.13221,,,,,,,0.0990096926689148,-0.1894676685333252,-0.2393714189529419,0.18975724279880524,-0.2491418719291687,0.0476982481777668
1763596031.140727,-1.2946896821707485,-0.37252836751788854,0.05814253849759698,-0.16708526015281677,-0.0479033961892128,-0.17239722609519958,,,,,,
1763596031.142241,,,,,,,0.10132426023483276,-0.19111233949661255,-0.22842562198638916,0.09934132546186447,-0.32064110040664673,0.04984581843018532
1763596031.150779,-1.1633113732010125,-0.1539890039023012,0.07218377720117569,-0.15598396956920624,-0.020673591643571854,-0.25206705927848816,,,,,,
1763596031.152271,,,,,,,0.10728621482849121,-0.1674697995185852,-0.2128068208694458,0.0370185412466526,-0.4186001420021057,0.09716147184371948
1763596031.160832,-0.9956348394036293,-0.0865497908797115,0.33039982910156246,-0.17753799259662628,-0.019003789871931076,-0.30826056003570557,,,,,,
1763596031.162302,,,,,,,0.11262208223342896,-0.141390860080719,-0.20439615845680237,0.03326880931854248,-0.5035097002983093,0.1266312152147293
1763596031.170885,-0.8606868552535771,-0.11838117249161004,0.42296456942185756,-0.20827814936637878,-0.0029288388323038816,-0.36025092005729675,,,,,,
1763596031.172332,,,,,,,0.1128150224685669,-0.10787612199783325,-0.20392552018165588,0.0761512815952301,-0.6118859648704529,0.1631014049053192
1763596031.180938,-0.8758604589879512,-0.17837635311856864,0.2836567826271057,-0.22399000823497772,0.011381391435861588,-0.4174915552139282,,,,,,
1763596031.182364,,,,,,,0.12116050720214844,-0.0645032525062561,-0.18288853764533997,0.12525063753128052,-0.7060162425041199,0.20519240200519562
1763596031.190991,-0.9178262080579995,-0.2001126033041626,0.2432337329544127,-0.23968425393104553,0.004875963553786278,-0.4691687226295471,,,,,,
1763596031.192394,,,,,,,0.11985313892364502,-0.04580420255661011,-0.15666010975837708,0.14534339308738708,-0.7864985466003418,0.23868991434574127
1763596031.201044,-0.8560346455335617,-0.12935498644858598,0.2900735178016126,-0.26390624046325684,-0.0054275402799248695,-0.5145223736763,,,,,,
1763596031.202424,,,,,,,0.10871320962905884,-0.036146461963653564,-0.13811933994293213,0.15779021382331848,-0.8404395580291748,0.26548635959625244
1763596031.211098,-0.7451794846326112,-0.07722754352204501,0.32068960533961655,-0.2959304749965668,-0.006590535864233971,-0.5517734885215759,,,,,,
1763596031.212455,,,,,,,0.09300351142883301,-0.03403174877166748,-0.1452854871749878,0.21735313534736633,-0.8677521347999573,0.29449591040611267
1763596031.22115,-0.6924994493246078,-0.12475889082998036,0.3486030097901821,-0.32644122838974,-0.005364682991057634,-0.6040129661560059,,,,,,
1763596031.222485,,,,,,,0.07894140481948853,-0.04287618398666382,-0.1741955280303955,0.30115216970443726,-0.8780058026313782,0.335195928812027
1763596031.231203,-0.7533762350916862,-0.26227153783626855,0.3285271670974791,-0.34976667165756226,-0.020888619124889374,-0.6751548647880554,,,,,,
1763596031.232516,,,,,,,0.07685905694961548,-0.05820202827453613,-0.21252986788749695,0.40439891815185547,-0.9147276282310486,0.40790075063705444
1763596031.241255,-0.922426395329833,-0.45063978120237586,0.2826443907141685,-0.3596475422382355,-0.02849673666059971,-0.7726619243621826,,,,,,
1763596031.242547,,,,,,,0.09342843294143677,-0.07790404558181763,-0.24882662296295166,0.521504282951355,-0.9846648573875427,0.5122902393341064
1763596031.251308,-1.1127157429516314,-0.6348031932897865,0.20918518674969672,-0.3533778786659241,-0.011617083102464676,-0.8895408511161804,,,,,,
1763596031.252577,,,,,,,0.111611008644104,-0.11509394645690918,-0.27141809463500977,0.5834375023841858,-1.0995965003967285,0.5952330827713013
1763596031.261361,-1.1431997285425661,-0.6628533758625388,0.10563377299085258,-0.3329745829105377,0.013037662953138351,-1.0129059553146362,,,,,,
1763596031.262608,,,,,,,0.1361173391342163,-0.15301984548568726,-0.2509891986846924,0.5818670392036438,-1.238405704498291,0.7023574113845825
1763596031.271414,-1.0864975981116294,-0.5756688672758639,0.10846621993780135,-0.305210143327713,0.012891831807792187,-1.1249374151229858,,,,,,
1763596031.272639,,,,,,,0.14839321374893188,-0.18360263109207153,-0.2363426685333252,0.5273370742797852,-1.3553235530853271,0.7865796685218811
1763596031.281467,-0.9787333889633416,-0.3944118441544473,0.027100480632483957,-0.2678057849407196,0.01992497406899929,-1.2165318727493286,,,,,,
1763596031.282669,,,,,,,0.1468367576599121,-0.210033118724823,-0.22823816537857056,0.4226951003074646,-1.4786756038665771,0.8515245914459229
1763596031.29152,-0.804815330427885,-0.18242767433598636,-0.09753902160152793,-0.2230730801820755,0.018765738233923912,-1.291832685470581,,,,,,
1763596031.292701,,,,,,,0.16339176893234253,-0.19235050678253174,-0.17955738306045532,0.33422306180000305,-1.5961625576019287,0.9066647291183472
1763596031.301573,-0.7578197704970836,-0.006821808844059705,0.005374240384250879,-0.1901574730873108,-0.04486357048153877,-1.3474498987197876,,,,,,
1763596031.30273,,,,,,,0.1662793755531311,-0.1623339056968689,-0.16353166103363037,0.2945763170719147,-1.650316596031189,0.9546825885772705
1763596031.311626,-0.7751181113004684,0.08156433061733842,0.06929507002234458,-0.18567167222499847,-0.10496938973665237,-1.386709451675415,,,,,,
1763596031.312761,,,,,,,0.1464322805404663,-0.15596002340316772,-0.18826144933700562,0.29429158568382263,-1.699474573135376,0.9971573352813721
1763596031.321679,-0.7544856576383113,0.08388049860522151,0.028780688804388044,-0.19230933487415314,-0.12026792019605637,-1.4271043539047241,,,,,,
1763596031.322792,,,,,,,0.15407198667526245,-0.12129926681518555,-0.1891782283782959,0.38627317547798157,-1.7576289176940918,1.0813506841659546
1763596031.331731,-0.8892389959990977,-0.03524374733865261,0.04461640970930457,-0.20567192137241364,-0.12608592212200165,-1.4807586669921875,,,,,,
1763596031.332822,,,,,,,0.16197431087493896,-0.09952288866043091,-0.2064075469970703,0.5196902751922607,-1.8029903173446655,1.1660186052322388
1763596031.341784,-1.0556664065182209,-0.25966508166491986,0.022859628192335366,-0.21062380075454712,-0.13475504517555237,-1.5631542205810547,,,,,,
1763596031.342853,,,,,,,0.1616140604019165,-0.10045009851455688,-0.21718955039978027,0.6350004076957703,-1.8959410190582275,1.2661744356155396
1763596031.351837,-1.1006383516669274,-0.4457549317702651,7.233458384871482e-05,-0.20096369087696075,-0.16288313269615173,-1.6678450107574463,,,,,,
1763596031.352883,,,,,,,0.17863816022872925,-0.11071479320526123,-0.20084869861602783,0.7761238813400269,-1.9783307313919067,1.395006775856018
1763596031.36189,-1.1307663634270428,-0.5791027872473001,0.013110825985670089,-0.1874934285879135,-0.19760729372501373,-1.7867964506149292,,,,,,
1763596031.362914,,,,,,,0.18003863096237183,-0.13468211889266968,-0.21307387948036194,0.8765756487846375,-2.0751631259918213,1.4977794885635376
1763596031.371943,-1.0141296965152025,-0.6178910753250122,-0.06448226291313768,-0.16684508323669434,-0.19203932583332062,-1.9107733964920044,,,,,,
1763596031.372945,,,,,,,0.1872037649154663,-0.1249699592590332,-0.16023123264312744,0.8251874446868896,-2.192687749862671,1.5528724193572998
1763596031.381996,-0.7955261085569858,-0.47325376407057046,-0.14353183423057198,-0.13930107653141022,-0.18524427711963654,-2.019334316253662,,,,,,
1763596031.382975,,,,,,,0.20040571689605713,-0.1243124008178711,-0.07240939140319824,0.7188431620597839,-2.254382848739624,1.6178641319274902
1763596031.392049,-0.6164911453992128,-0.2303328964576125,-0.07597966235280036,-0.11313240230083466,-0.22853457927703857,-2.0800232887268066,,,,,,
1763596031.393006,,,,,,,0.17559576034545898,-0.18370985984802246,-0.07944422960281372,0.45948681235313416,-2.2491981983184814,1.6181483268737793
1763596031.402102,-0.3166442754715681,0.05103489844948053,-0.1665748561657965,-0.0784444659948349,-0.2714919149875641,-2.102583408355713,,,,,,
1763596031.403037,,,,,,,0.15673327445983887,-0.2003687024116516,-0.06230568885803223,0.1303856074810028,-2.3022587299346924,1.5763845443725586
1763596031.412155,0.024022680622339247,0.3432312536239624,-0.33685426593795414,-0.026915546506643295,-0.29883578419685364,-2.0941872596740723,,,,,,
1763596031.413067,,,,,,,0.17853114008903503,-0.1585332155227661,0.021262526512145996,-0.08812946826219559,-2.360969305038452,1.5872385501861572
1763596031.422208,0.10583762499988078,0.4817018589422106,-0.2515114396952092,0.00951569713652134,-0.3735174834728241,-2.0522658824920654,,,,,,
1763596031.423098,,,,,,,0.16554659605026245,-0.11736190319061279,0.027003228664398193,-0.16507963836193085,-2.3752551078796387,1.5788456201553345
1763596031.43226,0.03107961339652538,0.4078130313888192,-0.1118703292928636,0.005324610974639654,-0.451731413602829,-1.9850704669952393,,,,,,
1763596031.433128,,,,,,,0.12542274594306946,-0.08308368921279907,-0.012030065059661865,-0.11729918420314789,-2.3889288902282715,1.610648512840271
1763596031.442313,-0.06191957281827926,0.1681687012284994,-0.17263722494468092,-0.02224310114979744,-0.4670957326889038,-1.9314608573913574,,,,,,
1763596031.443159,,,,,,,0.12612903118133545,-0.015483260154724121,-0.018307924270629883,0.05732482299208641,-2.4492878913879395,1.664395809173584
1763596031.452366,-0.26349428456425666,-0.12024258244931697,-0.16202479164600372,-0.0678429901599884,-0.4479575753211975,-1.9113215208053589,,,,,,
1763596031.45319,,,,,,,0.14608553051948547,0.06476587057113647,-0.004825949668884277,0.35914841294288635,-2.509059429168701,1.793620228767395
1763596031.46242,-0.5006412449508905,-0.4212576193735003,-0.03746653795465827,-0.12073948979377747,-0.42092037200927734,-1.944650650024414,,,,,,
1763596031.463221,,,,,,,0.14568474888801575,0.09709322452545166,-0.0063422322273254395,0.501996636390686,-2.5782811641693115,1.8313218355178833
1763596031.472472,-0.5777344215035438,-0.574677372020483,-0.038822920999675985,-0.16554421186447144,-0.40438464283943176,-2.0195353031158447,,,,,,
1763596031.473251,,,,,,,0.14515921473503113,0.12806451320648193,0.11211252212524414,0.6584028005599976,-2.649775266647339,2.000624895095825
1763596031.482525,-0.5866513029307127,-0.47751434412449595,0.09299977073669433,-0.20011869072914124,-0.43859028816223145,-2.0947704315185547,,,,,,
1763596031.483281,,,,,,,0.15019601583480835,0.14297300577163696,0.14055496454238892,0.7658094167709351,-2.658649444580078,2.108342409133911
1763596031.492579,-0.4715063358813524,-0.21364976494312285,0.15577975977659225,-0.241127148270607,-0.47026339173316956,-2.145092248916626,,,,,,
1763596031.493312,,,,,,,0.11701896786689758,0.13050991296768188,0.1264151930809021,0.8033314943313599,-2.6038999557495117,2.1349544525146484
1763596031.502631,-0.13832885875999926,0.19269173258841035,0.13047683008536695,-0.2838895618915558,-0.4626169502735138,-2.1619505882263184,,,,,,
1763596031.503343,,,,,,,0.0937594473361969,0.09821242094039917,0.1314471960067749,0.8512739539146423,-2.535388231277466,2.1778976917266846
1763596031.512684,0.22259411889910696,0.6632622489243746,0.14401216509342193,-0.3054802715778351,-0.4776133894920349,-2.1490156650543213,,,,,,
1763596031.513373,,,,,,,0.0810655802488327,0.05188864469528198,0.07927316427230835,0.8006329536437988,-2.44413685798645,2.0881597995758057
1763596031.522736,0.6114753630638122,1.0450321997791527,-0.020078326910734176,-0.2840458154678345,-0.5103055834770203,-2.1149721145629883,,,,,,
1763596031.523404,,,,,,,0.057164981961250305,0.0004284977912902832,0.10294204950332642,0.5910826921463013,-2.327921152114868,1.9856948852539062
1763596031.532789,0.8629378490507602,1.3344371706694365,-0.2012554166637361,-0.2251216471195221,-0.5431672930717468,-2.0489988327026367,,,,,,
1763596031.533435,,,,,,,0.05170315504074097,-0.022824466228485107,0.18285727500915527,0.4659876227378845,-2.2182323932647705,1.9833143949508667
1763596031.542842,0.7967208712995052,1.3210633098334073,-0.27135361976251005,-0.17288348078727722,-0.5969511866569519,-1.9477572441101074,,,,,,
1763596031.543465,,,,,,,0.051930204033851624,-0.02795588970184326,0.1539352536201477,0.43069007992744446,-2.1404268741607666,1.9185713529586792
1763596031.552895,0.5972387479186058,1.0216437254071236,-0.3321430195070803,-0.15299169719219208,-0.6082762479782104,-1.8268693685531616,,,,,,
1763596031.553496,,,,,,,0.03417334705591202,-0.03532058000564575,0.09763431549072266,0.50086510181427,-2.063931465148926,1.8679616451263428
1763596031.562948,0.39813539472222326,0.5694938319027424,-0.37842524353675544,-0.16299133002758026,-0.5344829559326172,-1.7283025979995728,,,,,,
1763596031.563526,,,,,,,0.01954280585050583,-0.050963521003723145,0.04686540365219116,0.6191243529319763,-2.0041086673736572,1.861344814300537
1763596031.573001,0.0967044704735279,-0.044295653322339056,-0.3686965342700481,-0.197856143116951,-0.42358604073524475,-1.6953734159469604,,,,,,
1763596031.573557,,,,,,,0.02260826900601387,-0.033310770988464355,0.0028653740882873535,0.7347636818885803,-1.9494082927703857,1.8762370347976685
1763596031.583054,-0.22869009768664836,-0.6280073956698179,-0.1982020204424858,-0.24157245457172394,-0.3517531156539917,-1.7529337406158447,,,,,,
1763596031.583588,,,,,,,0.038123562932014465,-0.010946035385131836,-0.0038412809371948242,0.7457433342933655,-1.9207733869552612,1.8838512897491455
1763596031.593107,-0.40911622294187544,-0.9893944837093352,-0.020302783316373824,-0.26009589433670044,-0.3406304717063904,-1.8745746612548828,,,,,,
1763596031.593618,,,,,,,0.06342171132564545,-0.0016037821769714355,0.04540836811065674,0.7779263257980347,-1.916613221168518,1.9810926914215088
1763596031.60316,-0.478058826264739,-1.113293250578642,0.17688918330073355,-0.25950971245765686,-0.37749579548835754,-2.0265305042266846,,,,,,
1763596031.603649,,,,,,,0.08691739290952682,-0.018327414989471436,0.044961512088775635,0.7827679514884949,-1.9305554628372192,2.0290091037750244
1763596031.613212,-0.38817046554684637,-0.9246984319150447,0.18980477897524833,-0.25581762194633484,-0.47579362988471985,-2.170346975326538,,,,,,
1763596031.613679,,,,,,,0.08396666496992111,-0.047632813453674316,0.055866777896881104,0.723717212677002,-1.9098821878433228,2.019580364227295
1763596031.623266,-0.17893208730518817,-0.5340595304280519,0.11192666258998214,-0.23955558240413666,-0.5869202017784119,-2.2585928440093994,,,,,,
1763596031.62371,,,,,,,0.0844680592417717,-0.028318703174591064,0.12389731407165527,0.5738611221313477,-1.8486597537994385,2.046374559402466
1763596031.633318,-0.11786124027073383,-0.08748363766372204,-0.09597031098008155,-0.21649502217769623,-0.6566450595855713,-2.2681047916412354,,,,,,
1763596031.63374,,,,,,,0.09402242302894592,0.025883138179779053,0.10428822040557861,0.6059094667434692,-1.8218727111816406,2.0477938652038574
1763596031.643371,-0.10634265191256999,0.27505729658603667,-0.23780688560009,-0.2219851315021515,-0.6594549417495728,-2.217620611190796,,,,,,
1763596031.643771,,,,,,,0.0867549479007721,0.014829695224761963,0.039289116859436035,0.6531779170036316,-1.7839527130126953,2.049251079559326
1763596031.653425,0.025716040536761284,0.536310524225235,-0.3345977922480553,-0.2512754797935486,-0.5958435535430908,-2.135225296020508,,,,,,
1763596031.653802,,,,,,,0.07021641731262207,-0.0032657980918884277,0.03655368089675903,0.7109576463699341,-1.728821039199829,2.0446722507476807
1763596031.663477,0.11400514936447143,0.6408627855896949,-0.2830325132489204,-0.29854869842529297,-0.5071855783462524,-2.05920672416687,,,,,,
1763596031.663832,,,,,,,0.058534011244773865,0.0032241344451904297,0.024863243103027344,0.866458535194397,-1.6981693506240845,2.0818417072296143
1763596031.67353,0.1509486863583326,0.5389683452576398,-0.21256839944720268,-0.3369808793067932,-0.4225214719772339,-2.019378662109375,,,,,,
1763596031.673863,,,,,,,0.05808812379837036,0.018980741500854492,0.02301037311553955,0.8534385561943054,-1.6545659303665161,2.0511152744293213
1763596031.683583,0.18851532368659973,0.4092629379361868,-0.24719087308235466,-0.3412185311317444,-0.3696713149547577,-2.0098016262054443,,,,,,
1763596031.683894,,,,,,,0.05805408954620361,0.03091961145401001,0.09617304801940918,0.7846727967262268,-1.6171737909317017,2.0745482444763184
1763596031.693636,0.22262919021248817,0.34680151332616804,-0.06179916130900383,-0.31974974274635315,-0.41893693804740906,-2.0133323669433594,,,,,,
1763596031.693923,,,,,,,0.07581377029418945,0.009290456771850586,0.13260617852210999,0.6661827564239502,-1.5992518663406372,2.1393349170684814
1763596031.703688,0.27322832759320737,0.43512218633592126,-0.017726283891871572,-0.2821618914604187,-0.5445569157600403,-2.00681471824646,,,,,,
1763596031.703955,,,,,,,0.09556877613067627,0.010856389999389648,0.18384701013565063,0.3994399905204773,-1.5745842456817627,2.0594284534454346
1763596031.713741,0.3089695030599832,0.6795896988689899,-0.05661335616894066,-0.22251565754413605,-0.6595949530601501,-1.9519981145858765,,,,,,
1763596031.713986,,,,,,,0.10943695902824402,0.07580024003982544,0.2337910532951355,0.3037818968296051,-1.559073805809021,2.101015567779541
1763596031.723794,0.18058686877489089,0.8164946623057127,-0.05628251677937805,-0.19919967651367188,-0.7370122671127319,-1.8462154865264893,,,,,,
1763596031.724016,,,,,,,0.13122865557670593,0.13099586963653564,0.18630945682525635,0.47795048356056213,-1.5758678913116455,2.102841854095459
1763596031.733847,0.07541852133870125,0.9021458238452672,-0.10774733107872307,-0.24195657670497894,-0.7055928707122803,-1.715037226676941,,,,,,
1763596031.734047,,,,,,,0.11276629567146301,0.15844464302062988,0.11537235975265503,0.7791972160339355,-1.5293246507644653,2.0576553344726562
1763596031.743899,0.03855331027805805,0.903695975896716,-0.20700148603506385,-0.318397581577301,-0.5520299673080444,-1.593658685684204,,,,,,
1763596031.744077,,,,,,,0.0696662962436676,0.17342287302017212,0.08299386501312256,1.1424697637557983,-1.4152183532714844,1.9963393211364746
1763596031.753953,-0.052851884743571276,0.7927437843620777,-0.20318105096407232,-0.39292359352111816,-0.36179929971694946,-1.523053765296936,,,,,,
1763596031.754108,,,,,,,0.036784231662750244,0.17295491695404053,0.0848204493522644,1.513648509979248,-1.2852981090545654,1.9909393787384033
1763596031.764005,-0.2812076359093189,0.552716884624958,-0.14928813273496924,-0.435600221157074,-0.21872149407863617,-1.5100171566009521,,,,,,
1763596031.764139,,,,,,,0.03566485643386841,0.17836493253707886,0.11943972110748291,1.8054693937301636,-1.179430365562439,2.0480551719665527
1763596031.774058,-0.49005759935528037,0.3508119180113077,1.0448328778147698e-05,-0.4456850290298462,-0.1584472954273224,-1.5354998111724854,,,,,,
1763596031.774169,,,,,,,0.05377817153930664,0.19733059406280518,0.1560213565826416,1.9534944295883179,-1.1259194612503052,2.084933042526245
1763596031.78411,-0.5980424655169249,0.23814298568665979,0.08604162216186523,-0.44256752729415894,-0.16668978333473206,-1.5665696859359741,,,,,,
1763596031.7842,,,,,,,0.06734210252761841,0.19616276025772095,0.16150498390197754,2.105391263961792,-1.0928988456726074,2.1615519523620605
1763596031.794163,-0.5107476284235716,0.29114333899021144,-0.0015630115330219267,-0.4208788573741913,-0.18913160264492035,-1.5896130800247192,,,,,,
1763596031.79423,,,,,,,0.06773686408996582,0.1429956555366516,0.1300565004348755,2.1460256576538086,-1.0289158821105957,2.190455913543701
1763596031.804216,-0.31916064220666884,0.35252164453864093,-0.33662374511770904,-0.3749784827232361,-0.17480406165122986,-1.6114007234573364,,,,,,
1763596031.80426,,,,,,,0.041157543659210205,0.09346699714660645,0.10958969593048096,1.8698705434799194,-0.8884299397468567,2.0957720279693604
1763596031.814269,-0.0517138206243515,0.4982628253817558,-0.43488655094914136,-0.331909716129303,-0.13833476603031158,-1.6145745515823364,,,,,,
1763596031.814292,,,,,,,0.012069761753082275,0.029966533184051514,0.09585431218147278,1.6544597148895264,-0.7141020894050598,2.085411548614502
1763596031.824322,0.2409250176206231,0.6101455757647752,-0.22574125781841575,-0.3038221597671509,-0.12801314890384674,-1.5989702939987183,0.006129086017608643,-0.04837244749069214,0.09430655837059021,1.4152536392211914,-0.577202558517456,2.0776402950286865
1763596031.834353,,,,,,,0.00698089599609375,-0.03856301307678223,0.12287211418151855,1.2207748889923096,-0.47075095772743225,2.0525195598602295
1763596031.834375,0.44582039822191,0.7299106038302182,-0.07371179048605263,-0.2915290892124176,-0.16053855419158936,-1.5588207244873047,,,,,,
1763596031.844384,,,,,,,0.019621849060058594,0.03257095813751221,0.13514576852321625,1.1325483322143555,-0.4284956455230713,2.031872034072876
1763596031.844428,0.5740685924723744,0.8164858944773673,-0.015554127484560011,-0.27124112844467163,-0.21541592478752136,-1.4908350706100464,,,,,,
1763596031.854414,,,,,,,0.03941148519515991,0.08912122249603271,0.12305435538291931,0.9981082677841187,-0.424892395734787,1.9170091152191162
1763596031.854481,0.5497919370889663,0.8350204990774392,-0.22510412895865736,-0.2356458455324173,-0.28302833437919617,-1.401531457901001,,,,,,
1763596031.864445,,,,,,,0.048543691635131836,0.09517079591751099,0.10168382525444031,0.9848321676254272,-0.41374707221984863,1.9170098304748535
1763596031.864534,0.45587738959491253,0.7230547465860844,-0.5041700035989284,-0.1851954460144043,-0.3100721836090088,-1.3066327571868896,,,,,,
1763596031.874475,,,,,,,0.052032291889190674,0.06404989957809448,0.07883110642433167,0.9859499931335449,-0.40151917934417725,1.9238717555999756
1763596031.874586,0.37504181164354083,0.6442582732468843,-0.5671371127087622,-0.16101059317588806,-0.29123595356941223,-1.2232611179351807,,,,,,
1763596031.884506,,,,,,,0.03480112552642822,0.06591278314590454,0.06437459588050842,1.0294742584228516,-0.3960109353065491,1.8848463296890259
1763596031.88464,0.31672756984084843,0.5574129334867001,-0.4554547072034329,-0.1704123616218567,-0.23989367485046387,-1.1693084239959717,,,,,,
1763596031.894537,,,,,,,0.008132994174957275,0.06161093711853027,0.05458866059780121,1.0771393775939941,-0.37267446517944336,1.845886468887329
1763596031.894692,0.27150778741091486,0.3724538409769535,-0.2831950103342533,-0.2035273164510727,-0.16304166615009308,-1.1559110879898071,,,,,,
1763596031.904567,,,,,,,-0.013647496700286865,0.037156879901885986,0.05691339075565338,1.1681805849075317,-0.34140363335609436,1.8674625158309937
1763596031.904745,0.265681273214519,0.14656009601056574,-0.14548990949578583,-0.24055591225624084,-0.08454979211091995,-1.1811392307281494,,,,,,
1763596031.914598,,,,,,,-0.023000121116638184,0.01413416862487793,0.0601203590631485,1.2301024198532104,-0.2988761365413666,1.913237452507019
1763596031.914798,0.3402583752930164,-0.02595978616476059,-0.08549107560701667,-0.272156298160553,-0.0434696264564991,-1.2312654256820679,,,,,,
1763596031.924628,,,,,,,-0.02504652738571167,0.01224130392074585,0.057545676827430725,1.2289648056030273,-0.2935285270214081,1.9292871952056885
1763596031.924851,0.3999856987640261,-0.1839016924113035,-0.14797186250463126,-0.2748604714870453,-0.05023006349802017,-1.2989132404327393,,,,,,
1763596031.934659,,,,,,,-0.023009121417999268,-0.0075432658195495605,0.04003918170928955,1.2098182439804077,-0.28728634119033813,1.9455963373184204
1763596031.934904,0.49888767928183075,-0.31373978620171544,-0.23753566744327545,-0.2532587945461273,-0.08657635003328323,-1.3646330833435059,,,,,,
1763596031.94469,,,,,,,-0.019102632999420166,-0.057475924491882324,0.026883110404014587,1.1110529899597168,-0.2507469654083252,1.992250680923462
1763596031.944957,0.6012734102621674,-0.3781470841825008,-0.27575996496267613,-0.2256639003753662,-0.14057353138923645,-1.4232043027877808,,,,,,
1763596031.95472,,,,,,,-0.022258460521697998,-0.08545482158660889,0.03155314922332764,0.9307900667190552,-0.20969140529632568,1.9920989274978638
1763596031.955009,0.7284360012330114,-0.3711795832574367,-0.27678046711683274,-0.20752066373825073,-0.20285318791866302,-1.463941216468811,,,,,,
1763596031.964751,,,,,,,-0.022505462169647217,-0.0856049656867981,0.032867446541786194,0.7793946862220764,-0.15609262883663177,2.0243070125579834
1763596031.965062,0.804542212574929,-0.321592253267765,-0.18820421191081405,-0.1991114616394043,-0.2849688231945038,-1.4866909980773926,,,,,,
1763596031.974781,,,,,,,-0.01107633113861084,-0.07256746292114258,0.0294339656829834,0.6449688673019409,-0.1197308897972107,2.0486199855804443
1763596031.975115,0.7820088937275111,-0.24348726932406425,-0.11428908087238669,-0.19358551502227783,-0.3731915056705475,-1.4887752532958984,,,,,,
1763596031.984812,,,,,,,0.007925570011138916,-0.0312345027923584,0.031032457947731018,0.6066536903381348,-0.11512655019760132,2.072643756866455
1763596031.985168,0.6740821874938905,-0.147134096506238,-0.11126849094219506,-0.17358385026454926,-0.4550733268260956,-1.4706553220748901,,,,,,
1763596031.994843,,,,,,,0.028815090656280518,0.007585406303405762,0.027357690036296844,0.6754759550094604,-0.1257091611623764,2.100193738937378
1763596031.995222,0.5857249818660318,-0.03461713987290859,-0.06803250274062156,-0.16003575921058655,-0.5372787714004517,-1.4331910610198975,,,,,,
1763596032.004873,,,,,,,0.04523181915283203,0.04379779100418091,0.027258992195129395,0.7993147969245911,-0.14169664680957794,2.113483428955078
1763596032.005274,0.4770981645390391,0.14077391382455826,-0.04389876295924187,-0.14786404371261597,-0.6004241704940796,-1.3850187063217163,,,,,,
1763596032.014904,,,,,,,0.055566608905792236,0.07749783992767334,0.0269697904586792,0.8952826261520386,-0.17159195244312286,2.11112904548645
1763596032.015327,0.2919102317094803,0.2721013693898916,-0.09984817532673478,-0.14140135049819946,-0.6300699710845947,-1.3426257371902466,,,,,,
1763596032.024935,,,,,,,0.06132560968399048,0.08867686986923218,0.017462603747844696,0.8570705056190491,-0.19718866050243378,2.0436296463012695
1763596032.02538,0.043158758246898646,0.31177871526181694,-0.1775334725536406,-0.1409592628479004,-0.6228882074356079,-1.3137669563293457,,,,,,
1763596032.034965,,,,,,,0.064849853515625,0.05212604999542236,0.010822288691997528,0.6660229563713074,-0.18998588621616364,1.9915790557861328
1763596032.035433,-0.14200930083841085,0.30668869864642617,-0.2914917140364647,-0.1375737190246582,-0.5745697617530823,-1.30177903175354,,,,,,
1763596032.044996,,,,,,,0.06830102205276489,-0.014851927757263184,0.021048545837402344,0.2682178318500519,-0.15201932191848755,1.9241739511489868
1763596032.045485,-0.3006197539962828,0.2251718604326248,-0.40518005253672595,-0.11566522717475891,-0.5089321732521057,-1.2960600852966309,,,,,,
1763596032.055026,,,,,,,0.06982386112213135,-0.05672413110733032,0.03481518477201462,-0.24338607490062714,-0.13088367879390717,1.8277446031570435
1763596032.055538,-0.3317860958281904,0.1414689103513956,-0.3342367038507014,-0.09727039933204651,-0.4979155957698822,-1.2864352464675903,,,,,,
1763596032.065057,,,,,,,0.07544529438018799,-0.0789550244808197,0.04401445388793945,-0.7261583209037781,-0.14872179925441742,1.7336061000823975
1763596032.065591,-0.3069796444170177,0.12340075421929358,-0.10099391129575669,-0.09148041903972626,-0.5664070844650269,-1.2649680376052856,,,,,,
1763596032.075088,,,,,,,0.08597087860107422,-0.0787942111492157,0.04522036015987396,-1.078750729560852,-0.1900620460510254,1.6681365966796875
1763596032.075644,-0.20485285663381217,0.12408289126455783,0.021085969583317637,-0.09743660688400269,-0.6685613393783569,-1.2478632926940918,,,,,,
1763596032.085118,,,,,,,0.08930188417434692,-0.04355180263519287,0.04752527177333832,-1.258064866065979,-0.21993471682071686,1.59553861618042
1763596032.085698,-0.09053601097166537,0.24364742832183836,-0.067917936450243,-0.1071384996175766,-0.766523540019989,-1.2643221616744995,,,,,,
1763596032.095149,,,,,,,0.10147535800933838,0.015733838081359863,0.04077089577913284,-1.2745646238327026,-0.2997869551181793,1.5109082460403442
1763596032.09575,0.12320165145061909,0.5039326877117156,-0.24823950535245237,-0.09442614018917084,-0.859222412109375,-1.3050590753555298,,,,,,
1763596032.105179,,,,,,,0.1230815052986145,0.06905171275138855,0.020476222038269043,-1.1959699392318726,-0.41118139028549194,1.4609135389328003
1763596032.105803,0.3032114144572988,0.6159381876915693,-0.3604455694057047,-0.03998686373233795,-0.9918699264526367,-1.3425933122634888,,,,,,
1763596032.11521,,,,,,,0.1375206708908081,0.10752546787261963,-0.0005501434206962585,-1.0771886110305786,-0.5037118196487427,1.4313997030258179
1763596032.115856,0.4158945579703897,0.5679401727199554,-0.21522665887102482,0.04001656919717789,-1.1813359260559082,-1.348317265510559,,,,,,
1763596032.125241,,,,,,,0.13296037912368774,0.12626805901527405,0.0009210109710693359,-0.9491974115371704,-0.5521992444992065,1.4031773805618286
1763596032.125908,0.4725499997153878,0.43254736741185185,0.042880671957880256,0.11928955465555191,-1.377036452293396,-1.292283058166504,,,,,,
1763596032.135271,,,,,,,0.1046304702758789,0.12671080231666565,0.019255511462688446,-0.8552368879318237,-0.5430131554603577,1.375583291053772
1763596032.135961,0.5087744651870801,0.3806880008369684,0.3486649691104889,0.167166069149971,-1.5097644329071045,-1.177761197090149,,,,,,
1763596032.145302,,,,,,,0.06551480293273926,0.12255030870437622,0.0396813228726387,-0.803215503692627,-0.4891938865184784,1.3378982543945312
1763596032.146014,0.41900030543338507,0.3298141381680965,0.5799661260783672,0.17131899297237396,-1.5392948389053345,-1.0295888185501099,,,,,,
1763596032.155332,,,,,,,0.03098505735397339,0.11712765693664551,0.051510222256183624,-0.768360435962677,-0.42247718572616577,1.2716929912567139
1763596032.156067,0.23889437030954286,0.25152678339481355,0.6369103947021066,0.13925619423389435,-1.4517971277236938,-0.8903042078018188,,,,,,
1763596032.165363,,,,,,,0.0037328004837036133,0.10382691025733948,0.056624531745910645,-0.7223212718963623,-0.31430676579475403,1.2037231922149658
1763596032.16612,0.06838009233558551,0.22136370032131672,0.6058662179451435,0.08385364711284637,-1.2959142923355103,-0.7849926948547363,,,,,,
1763596032.175394,,,,,,,-0.011524498462677002,0.08692404627799988,0.05699026584625244,-0.6710420250892639,-0.18977069854736328,1.145283579826355
1763596032.176174,-0.09180171092539094,0.18309739029109476,0.531005549684912,0.0363454706966877,-1.1278440952301025,-0.7252122759819031,,,,,,
1763596032.185424,,,,,,,-0.009609341621398926,0.07869631052017212,0.05862652510404587,-0.6003385782241821,-0.1100417748093605,1.0957427024841309
1763596032.186226,-0.21924816947206854,0.1014145478606224,0.46892903273925185,0.020430419594049454,-0.9927504658699036,-0.6957600712776184,,,,,,
1763596032.195455,,,,,,,0.006759703159332275,0.09142348170280457,0.05976711958646774,-0.5313490629196167,-0.06091444566845894,1.0631847381591797
1763596032.196279,-0.34503691480644044,-0.00035538930892944334,0.4553189519945532,0.024095334112644196,-0.9157835245132446,-0.6861348152160645,,,,,,
1763596032.205486,,,,,,,0.01854604482650757,0.12145236134529114,0.05587185174226761,-0.4092976748943329,-0.0225225817412138,1.0428106784820557
1763596032.206332,-0.4812242314931005,-0.06809504658281802,0.5167652082126587,0.021563999354839325,-0.8917631506919861,-0.6829097270965576,,,,,,
1763596032.215516,,,,,,,0.022826969623565674,0.15021982789039612,0.035526759922504425,-0.2272532731294632,0.0052722967229783535,1.0281091928482056
1763596032.216384,-0.512494508623518,-0.06552256574630737,0.439051853935048,0.013849494978785515,-0.8419915437698364,-0.6677396893501282,,,,,,
1763596032.225547,,,,,,,0.022397339344024658,0.17566391825675964,0.01642000675201416,-0.038373902440071106,0.02651899680495262,1.006494164466858
1763596032.226437,-0.5398910130605101,-0.09245324276983738,0.22192659490108488,0.0005251665133982897,-0.736084520816803,-0.6520092487335205,,,,,,
1763596032.235577,,,,,,,0.023394882678985596,0.19251590967178345,0.003762364387512207,0.1281971037387848,0.03338036313652992,0.9702636003494263
1763596032.23649,-0.5599516947166994,-0.06412731199562549,0.034996713775023815,-0.029900308698415756,-0.5790749192237854,-0.6241542100906372,,,,,,
1763596032.245608,,,,,,,0.02764517068862915,0.18655896186828613,-0.0005458593368530273,0.23725222051143646,0.019966553896665573,0.9257294535636902
1763596032.246543,-0.5131052609330042,-0.03440495842695236,-0.007258665891364216,-0.07951260358095169,-0.4008377492427826,-0.5993079543113708,,,,,,
1763596032.255639,,,,,,,0.02310466766357422,0.15756995975971222,0.0003664568066596985,0.2824004590511322,0.038573529571294785,0.8820124864578247
1763596032.256596,-0.3390761067058891,0.04111819233000278,0.04600318789258599,-0.13183897733688354,-0.21920134127140045,-0.5699210166931152,,,,,,
1763596032.265669,,,,,,,0.015073060989379883,0.12760451436042786,0.011615030467510223,0.2537831962108612,0.07018471509218216,0.8385390043258667
1763596032.266649,-0.12803287099935112,0.13294775024354458,0.10561726024746894,-0.1605481207370758,-0.08039499074220657,-0.5442817211151123,,,,,,
1763596032.2757,,,,,,,0.01273435354232788,0.12325555086135864,0.019544482231140137,0.16552895307540894,0.07224254310131073,0.7670807242393494
