timestamp,phone_accel_x,phone_accel_y,phone_accel_z,phone_gyro_x,phone_gyro_y,phone_gyro_z,watch_accel_x,watch_accel_y,watch_accel_z,watch_gyro_x,watch_gyro_y,watch_gyro_z
1763596018.544426,-0.029285642651841044,-0.013346972829103469,0.13680851732492447,0.032423295080661774,-0.08358758687973022,0.008761417120695114,,,,,,
1763596018.553804,,,,,,,-0.0036277174949645996,0.0057413578033447266,-0.015130773186683655,0.018107566982507706,0.0016804917249828577,-0.008409031666815281
1763596018.554479,-0.09789389945380389,0.023953122517466542,0.07759053161554039,0.03377964347600937,-0.06683577597141266,-0.0021207924000918865,,,,,,
1763596018.563835,,,,,,,-0.00606614351272583,-0.007731720805168152,-0.013535849750041962,-0.015365173108875751,0.028654051944613457,0.005000250414013863
1763596018.564532,-0.09103796914443373,0.03449965097308159,0.017898060262203214,0.019136449322104454,-0.017843617126345634,-0.01903882808983326,,,,,,
1763596018.573865,,,,,,,0.004064619541168213,0.0018039196729660034,-0.018517374992370605,-0.003144846996292472,0.020024077966809273,0.019613947719335556
1763596018.574585,-0.07179375497028231,0.00024549919366836546,0.07781871434822678,-0.014371177181601524,0.02340422011911869,-0.025147320702672005,,,,,,
1763596018.583896,,,,,,,0.018309473991394043,0.00909830629825592,-0.02827727049589157,0.033148445188999176,-0.014044143259525299,0.02451576292514801
1763596018.584638,-0.04886829500012099,-0.019106267008185386,0.14157931192331016,-0.047766707837581635,0.053683292120695114,-0.017169099301099777,,,,,,
1763596018.593926,,,,,,,0.021378815174102783,0.016575798392295837,-0.02552925795316696,0.05213962495326996,-0.041886426508426666,0.023913953453302383
1763596018.594691,0.026095176047459243,-0.006589315262436867,0.05662745775952935,-0.06188518553972244,0.0765281543135643,-5.003251135349274e-05,,,,,,
1763596018.603957,,,,,,,0.010676562786102295,0.021847635507583618,-0.015341877937316895,0.06103910878300667,-0.04981119558215141,0.018860870972275734
1763596018.604744,0.0944996539056301,0.016761165186762808,-0.035075843425840136,-0.05743977054953575,0.07819344103336334,0.019267959520220757,,,,,,
1763596018.613988,,,,,,,-0.005066037178039551,0.015142560005187988,-0.007886052131652832,0.04952984303236008,-0.038086097687482834,0.010235026478767395
1763596018.614797,0.09940634984336792,-0.003964227455854416,-0.015375117655843495,-0.04070872813463211,0.055949389934539795,0.025529850274324417,,,,,,
1763596018.624018,,,,,,,-0.0118446946144104,0.009729728102684021,-0.003685593605041504,-0.003096349071711302,-0.03892126306891441,-0.004167082253843546
1763596018.624849,0.0675568480528891,-0.01111176112294197,0.05776479122638702,-0.027691438794136047,0.0012250361032783985,0.01998051442205906,,,,,,
1763596018.634049,,,,,,,-0.00754624605178833,-0.0005927234888076782,0.00048779696226119995,-0.020592957735061646,-0.04949001967906952,-0.013801399618387222
1763596018.634902,0.04471490164771676,0.0503501310557127,0.054770870107412335,-0.013050979003310204,-0.036780402064323425,0.010647732764482498,,,,,,
1763596018.64408,,,,,,,-0.0028048157691955566,-0.01934722065925598,-0.0017251968383789062,-0.07979289442300797,-0.027420934289693832,-0.011012005619704723
1763596018.644955,0.12765885005518793,0.0949438905417919,0.01711713901758194,0.0008349011186510324,-0.048757392913103104,0.007439570501446724,,,,,,
1763596018.65411,,,,,,,-0.0018610358238220215,-0.012240245938301086,-0.0036481693387031555,-0.1140843853354454,-0.01573365181684494,-0.009943479672074318
1763596018.655008,0.17184578230604527,0.030925299617648123,0.019976766232401133,0.00547386147081852,-0.07006881386041641,0.013411709107458591,,,,,,
1763596018.664141,,,,,,,0.002852797508239746,-0.00211276113986969,-0.010086782276630402,-0.0956912636756897,-0.025403857231140137,-0.00911363773047924
1763596018.665061,0.10231756111495197,-0.03623275837600231,0.018905776000022887,0.01183299720287323,-0.10114037245512009,0.026226120069622993,,,,,,
1763596018.674171,,,,,,,0.008739888668060303,0.007176220417022705,-0.009526260197162628,-0.07577501237392426,-0.04032528027892113,-0.013479357585310936
1763596018.675114,0.007517974414676427,-0.016770517536997796,0.014567454534769058,0.0195391196757555,-0.12500709295272827,0.035208433866500854,,,,,,
1763596018.684202,,,,,,,0.00755465030670166,0.013010308146476746,-0.001544952392578125,-0.05690279230475426,-0.052398454397916794,-0.015660753473639488
1763596018.685167,-0.07241349430382252,0.03938157779574394,0.007023615026473999,0.025943174958229065,-0.1334916651248932,0.03582240268588066,,,,,,
1763596018.694233,,,,,,,0.0008799433708190918,0.013202562928199768,0.0024118423461914062,-0.049699462950229645,-0.04499140754342079,-0.019381921738386154
1763596018.69522,-0.1605091263860464,0.009943886387348175,0.02609408006891608,0.024505335837602615,-0.12235432118177414,0.027445964515209198,,,,,,
1763596018.704263,,,,,,,-0.00467836856842041,0.011466994881629944,0.006231434643268585,-0.06259848177433014,-0.03673267737030983,-0.02651626244187355
1763596018.705273,-0.23404760613180695,-0.05902092876732349,0.04402370451316237,0.013604635372757912,-0.10013667494058609,0.020291639491915703,,,,,,
1763596018.714294,,,,,,,-0.005397379398345947,0.010284408926963806,0.009483098983764648,-0.050106506794691086,-0.043199364095926285,-0.032733745872974396
1763596018.715326,-0.24429252129234372,-0.07508768194913863,0.028511954865604636,-0.002889918629080057,-0.06377040594816208,0.015722453594207764,,,,,,
1763596018.724325,,,,,,,-0.004516422748565674,0.001772761344909668,0.009559400379657745,-0.05814818665385246,-0.03659738972783089,-0.03343362361192703
1763596018.725379,-0.18452983424700795,-0.07077683301270007,0.00016147417202591895,-0.013119097799062729,-0.01967443898320198,0.01526268757879734,,,,,,
1763596018.734355,,,,,,,-0.004649758338928223,0.005559563636779785,0.011958003044128418,-0.0639423057436943,-0.024732740595936775,-0.0371246337890625
1763596018.735433,-0.10409633429050445,-0.03703706049621105,0.002757920406013727,-0.02118821069598198,0.0023693442344665527,0.018494699150323868,,,,,,
1763596018.744386,,,,,,,-0.005891561508178711,0.008540570735931396,0.008849985897541046,-0.04581709951162338,-0.024078400805592537,-0.04009352624416351
1763596018.745486,-0.09658413202948868,-0.04805646716058254,0.0029107728801667687,-0.018495948985219002,-0.007258770056068897,0.02224465273320675,,,,,,
1763596018.754416,,,,,,,-0.0046250224113464355,0.006551176309585571,0.008097052574157715,-0.029829809442162514,-0.022367587313055992,-0.03684693202376366
1763596018.755539,-0.07573460155054926,-0.028193828827142713,-0.029367548781633376,-0.007606017403304577,-0.021720800548791885,0.024686237797141075,,,,,,
1763596018.764447,,,,,,,-0.004277229309082031,0.005772337317466736,0.009054891765117645,-0.02747024968266487,-0.016167746856808662,-0.03709487244486809
1763596018.765592,-0.04488105199486017,0.03222118464708328,-0.07225976504683494,0.0034955739974975586,-0.0354585200548172,0.024388879537582397,,,,,,
1763596018.774478,,,,,,,-0.0026210546493530273,0.00508466362953186,0.012975573539733887,-0.015874002128839493,-0.018892694264650345,-0.02860138565301895
1763596018.775644,-0.03072422408759594,0.05139700976014137,-0.050310968089103694,0.010738573037087917,-0.03975952789187431,0.02229803241789341,,,,,,
1763596018.784508,,,,,,,-0.0011303424835205078,-0.0011991709470748901,0.012889139354228973,-0.015299292281270027,-0.013360776007175446,-0.02709856443107128
1763596018.785697,-0.020146642906591294,0.03674012337625027,-0.041516251736879346,0.01155315712094307,-0.030506199225783348,0.015873044729232788,,,,,,
1763596018.794539,,,,,,,-0.004078924655914307,-0.005340591073036194,0.011569850146770477,-0.029263809323310852,-0.008161219768226147,-0.022922927513718605
1763596018.79575,-0.0037652708176523445,0.01349251877963543,-0.06113850544318557,0.007529387250542641,-0.020188583061099052,0.009045498445630074,,,,,,
1763596018.80457,,,,,,,-0.00652766227722168,-0.00669252872467041,0.012111902236938477,-0.031620439141988754,-0.001243659178726375,-0.013997608795762062
1763596018.805803,0.007775237111374736,-0.01911386579275131,-0.06558810526318848,0.0075047798454761505,-0.013351937755942345,0.0024556592106819153,,,,,,
1763596018.8146,,,,,,,-0.0088997483253479,-0.00920228660106659,0.009557612240314484,-0.04216746240854263,0.007290972862392664,-0.01133724395185709
1763596018.815856,0.034432942412421105,-0.027018939828872678,-0.05934080837145447,0.01286146230995655,-0.022687913849949837,-0.0012863483279943466,,,,,,
1763596018.824631,,,,,,,-0.00727391242980957,0.0013141483068466187,0.008531205356121063,-0.036099717020988464,0.007894977927207947,-0.010016316547989845
1763596018.825909,0.02100654767155647,-0.019729367342591283,-0.03992416023984551,0.022906316444277763,-0.046080414205789566,-0.000282117398455739,,,,,,
1763596018.834662,,,,,,,-0.0057901740074157715,0.006164059042930603,0.006355054676532745,-0.025430873036384583,0.0031079459004104137,-0.011554159224033356
1763596018.835962,-0.01170483164526522,-0.019635259318351743,-0.0610192629776895,0.03906211629509926,-0.06890822947025299,0.0017365587409585714,,,,,,
1763596018.844692,,,,,,,-0.005912840366363525,0.012585923075675964,0.007115840911865234,-0.028768613934516907,0.0016914106672629714,-0.02042754553258419
1763596018.846015,-0.030647578654810784,-0.042160979381203646,-0.0466107983969152,0.04857520014047623,-0.08238081634044647,0.006043844856321812,,,,,,
1763596018.854723,,,,,,,-0.007431507110595703,0.01665276288986206,0.00870763510465622,-0.021056320518255234,-0.006642952095717192,-0.0234580896794796
1763596018.856068,-0.06331760304793715,-0.057125908800959586,-0.05466572923250496,0.04810062423348427,-0.07608138024806976,0.0064110951498150826,,,,,,
1763596018.864753,,,,,,,-0.010094285011291504,0.007246777415275574,0.010965704917907715,-0.029383225366473198,0.003873871173709631,-0.02454732172191143
1763596018.866121,-0.07489142872467637,-0.0744178198635578,-0.055376580915600056,0.04248218983411789,-0.05302724614739418,-0.001135888509452343,,,,,,
1763596018.874784,,,,,,,-0.012980163097381592,0.005765005946159363,0.011468179523944855,-0.03644143044948578,0.016355307772755623,-0.023388780653476715
1763596018.876174,-0.07610087757967413,-0.044100423011183734,-0.05048164848089218,0.028169292956590652,-0.02443661168217659,-0.007101103197783232,,,,,,
1763596018.884815,,,,,,,-0.00910872220993042,0.004421904683113098,0.01039433479309082,-0.028578180819749832,0.015953969210386276,-0.021763719618320465
1763596018.886227,-0.036944340711459515,0.0006003039807081222,-0.03530519520230591,0.016916008666157722,0.007955852895975113,-0.009684817865490913,,,,,,
1763596018.894845,,,,,,,-0.004037380218505859,0.005785390734672546,0.007318265736103058,-0.028174886479973793,0.019604897126555443,-0.01630324125289917
1763596018.89628,-0.004091507097333669,0.01352992818057537,-0.021116291656345126,0.00919950008392334,0.03272777795791626,-0.005597930401563644,,,,,,
1763596018.904876,,,,,,,-0.0021257400512695312,0.007823958992958069,0.004644274711608887,-0.015141110867261887,0.020938875153660774,-0.009609385393559933
1763596018.906333,0.009981953375414014,0.009162380620837211,-0.029791984738782046,0.0036592232063412666,0.03778662532567978,-0.003893165150657296,,,,,,
1763596018.914907,,,,,,,-0.0031065940856933594,0.007085159420967102,0.003345496952533722,0.005342079326510429,0.019868284463882446,-0.003685582662001252
1763596018.916386,0.04912650754489004,0.002527472651004791,-0.055341436536982654,0.008307238109409809,0.038772523403167725,-0.0008893858175724745,,,,,,
1763596018.924937,,,,,,,-0.0059372782707214355,0.005748927593231201,0.005572192370891571,0.013695882633328438,0.032667968422174454,0.003118793712928891
1763596018.926439,0.06815817494690418,0.01402443369925022,-0.05885550907254219,0.02091948315501213,0.03814002871513367,0.0010186485014855862,,,,,,
1763596018.934968,,,,,,,-0.008205652236938477,0.010885387659072876,0.0061196088790893555,0.020347971469163895,0.0375245101749897,0.008955243974924088
1763596018.936491,0.05980192307718098,0.021384148812294005,0.010190554624795914,0.02488998882472515,0.0245033148676157,0.0011693835258483887,,,,,,
1763596018.944998,,,,,,,-0.005983889102935791,0.010478690266609192,0.004017233848571777,0.03235563263297081,0.03765047714114189,0.010368583723902702
1763596018.946544,0.023415946900844573,0.03818272339999675,0.024715046800673008,0.025500698015093803,0.01808098703622818,-0.005457657389342785,,,,,,
1763596018.955029,,,,,,,-0.002921581268310547,0.008493319153785706,0.0013391971588134766,0.02896733023226261,0.03578706458210945,0.006219378672540188
1763596018.956597,0.02454663143120706,0.03928980785906314,0.01515548355579376,0.026429874822497368,0.014585054479539394,-0.006539433263242245,,,,,,
1763596018.96506,,,,,,,7.021427154541016e-05,0.012669637799263,-0.0008578374981880188,0.020016444846987724,0.025504065677523613,-0.0007687557954341173
1763596018.96665,0.02049129162579775,-0.002861234650015831,-0.01739778258986771,0.02726731263101101,0.011505273170769215,-0.004567897878587246,,,,,,
1763596018.97509,,,,,,,-0.0023859739303588867,0.007573336362838745,-0.005747675895690918,0.0236720759421587,0.028876425698399544,0.0009264127584174275
1763596018.976703,0.036734570418298244,-0.03397124318480491,-0.04247019146084785,0.031692154705524445,0.018988756462931633,-0.0016019351314753294,,,,,,
1763596018.985121,,,,,,,-0.007981061935424805,0.0010436177253723145,-0.003643512725830078,0.014505209401249886,0.04226014390587807,0.0030180595349520445
1763596018.986756,0.04903415308631956,-0.02313771448135376,-0.04169511543512344,0.03413766250014305,0.0333343930542469,0.006144973915070295,,,,,,
1763596018.995152,,,,,,,-0.007396876811981201,0.00761057436466217,-0.004936575889587402,0.013406775891780853,0.03247355669736862,0.0029686579946428537
1763596018.996809,0.024964418451860544,-0.0650239685744047,0.036025399235635996,0.027794811874628067,0.027323372662067413,0.012650011107325554,,,,,,
1763596019.005182,,,,,,,-0.0022122859954833984,0.012400269508361816,-0.007472507655620575,0.024829605594277382,0.010418855585157871,-0.001364837633445859
1763596019.006862,-0.04611044765934348,-0.07899228817224502,0.06172317346334457,0.01718537136912346,0.026796547695994377,0.011973797343671322,,,,,,
1763596019.015213,,,,,,,-0.0004944205284118652,0.007161244750022888,-0.008744128048419952,0.02596851997077465,0.006594290025532246,-0.0014150384813547134
1763596019.016915,-0.05387114478871226,-0.0800952809780836,-0.003636749067157507,0.008986828848719597,0.04123540595173836,0.0019203638657927513,,,,,,
1763596019.025243,,,,,,,-0.003613114356994629,0.004447773098945618,-0.007353194057941437,0.005836086347699165,0.011417008005082607,-0.0033436997327953577
1763596019.026968,-0.015657222532853482,-0.053203766921162604,0.028951369196176528,0.0029506245627999306,0.05430861935019493,-0.00641229934990406,,,,,,
1763596019.035274,,,,,,,-0.0056896209716796875,0.006734475493431091,-0.007040031254291534,0.004130240064114332,0.010883044451475143,-0.007042231038212776
1763596019.037021,-0.008777546021714806,-0.05302139609158039,0.08265972463861107,0.0012810889165848494,0.050368472933769226,-0.005567810498178005,,,,,,
1763596019.045305,,,,,,,-0.0030684471130371094,0.006731867790222168,-0.008941061794757843,0.0037739090621471405,0.0018826256273314357,-0.01682109199464321
1763596019.047074,0.022063363248109816,-0.039890111839771265,0.09684585170559584,0.004097955767065287,0.028511667624115944,0.008095581084489822,,,,,,
1763596019.055335,,,,,,,-0.001958131790161133,0.005920439958572388,-0.007007479667663574,-0.0012369838077574968,-0.0068584019318223,-0.019860757514834404
1763596019.057126,0.03087356943041086,-0.017348609685897826,0.05096672858409583,0.01030498556792736,0.00649185199290514,0.02269716188311577,,,,,,
1763596019.065366,,,,,,,-0.002289414405822754,0.0014637112617492676,-0.0033042430877685547,-0.013654239475727081,-0.0017746934900060296,-0.015116071328520775
1763596019.06718,0.039328094042837616,0.025553543451428413,0.009271832344681024,0.013691477477550507,0.004875112324953079,0.025537695735692978,,,,,,
1763596019.075397,,,,,,,-0.0031238198280334473,-0.006132945418357849,-0.0035783052444458008,-0.00821706559509039,0.010334433056414127,-0.007275723852217197
1763596019.077233,0.018026728143170474,0.056067924180626866,0.01967486067637801,0.013432618230581284,0.02141786925494671,0.014106608927249908,,,,,,
1763596019.085427,,,,,,,-0.0012227892875671387,-0.004751294851303101,-0.005177736282348633,-0.002068891655653715,0.01833323761820793,0.004285590723156929
1763596019.087285,0.017787877885997293,0.054690206086635586,0.04977569216862321,0.00798957422375679,0.03234933316707611,0.0036095238756388426,,,,,,
1763596019.095458,,,,,,,0.0061609745025634766,0.00452074408531189,-0.007189154624938965,0.018703393638134003,0.004628877155482769,0.009339005686342716
1763596019.097337,-0.004620280211791396,0.022778818041086196,0.08842040705718099,-0.0019594626501202583,0.028637154027819633,-0.00013727729674428701,,,,,,
1763596019.105489,,,,,,,0.010137796401977539,0.004477739334106445,-0.007593758404254913,0.02778610587120056,-0.0053233555518090725,0.009720636531710625
1763596019.107391,-0.039943303331732745,0.005319149196147919,0.07044190196990967,-0.0058950879611074924,0.021592479199171066,0.0020199972204864025,,,,,,
1763596019.115519,,,,,,,0.006258726119995117,0.003259599208831787,-0.005051612854003906,0.02367580309510231,-0.0053481231443583965,0.00886795949190855
1763596019.117444,-0.009156608467176556,0.0013023147702217101,0.02653846283555031,-0.0012769000604748726,0.015936192125082016,0.0062315198592841625,,,,,,
1763596019.12555,,,,,,,-2.473592758178711e-05,0.004167675971984863,-0.003960371017456055,0.001171027310192585,-0.003048216924071312,0.001966643612831831
1763596019.127497,-0.040290728529915214,0.0009176993668079376,0.015978490376472473,0.005080876871943474,0.008246786892414093,0.011625035665929317,,,,,,
1763596019.13558,,,,,,,-0.0048103928565979,-0.002473011612892151,-0.00027358531951904297,-0.0010939720086753368,0.0023545376025140285,-0.0017560562118887901
1763596019.13755,-0.05279094833657145,-0.006140402451157569,0.03628236967138946,0.012958773411810398,0.006359138526022434,0.010081468150019646,,,,,,
1763596019.145611,,,,,,,-0.00633770227432251,-0.009609222412109375,-0.002287626266479492,-0.019039150327444077,0.013010910712182522,-0.004299375228583813
1763596019.147602,-0.004591638639196753,-0.024956162080168723,0.08414426410794258,0.015498848631978035,-8.199072908610106e-05,0.013392957858741283,,,,,,
1763596019.155642,,,,,,,-0.0038950443267822266,0.0014453083276748657,-0.0032364055514335632,-0.009991034865379333,0.007084045559167862,-0.009140735492110252
1763596019.157656,-0.055256315536797045,-0.07191489713191986,0.12178966576084493,0.01183140929788351,-0.013899535872042179,0.016790086403489113,,,,,,
1763596019.165672,,,,,,,0.0002556443214416504,0.005041256546974182,-0.009597182273864746,0.01692606694996357,0.0026842369697988033,-0.0068384334444999695
1763596019.167709,-0.10969751529842614,-0.0980593922138214,0.08988543810844421,0.01220469269901514,-0.015692267566919327,0.015976108610630035,,,,,,
1763596019.175703,,,,,,,0.0019864439964294434,0.008940577507019043,-0.014075763523578644,0.02577659673988819,0.0013497271575033665,-0.012164155952632427
1763596019.177762,-0.13119104276932775,-0.0710673403918743,0.05712181714773178,0.010047798976302147,-0.008783760480582714,0.016442961990833282,,,,,,
1763596019.185735,,,,,,,0.0020755529403686523,0.012785017490386963,-0.00993085652589798,0.03859119862318039,-0.004706833977252245,-0.0169591773301363
1763596019.187815,-0.14181078259162605,-0.04014730147123337,0.062410571205615994,0.005131104029715061,0.0006797257228754461,0.01656721718609333,,,,,,
1763596019.195764,,,,,,,0.0025205016136169434,0.00329609215259552,-0.006499536335468292,0.03474434092640877,-0.00899132713675499,-0.021414246410131454
1763596019.197868,-0.14711546487100421,-0.025884967362880706,0.07037745843157171,-0.009481128305196762,0.01767735183238983,0.014741620048880577,,,,,,
1763596019.205795,,,,,,,0.0016987323760986328,-0.004909977316856384,-0.00032961368560791016,0.02279100939631462,-0.01802237331867218,-0.018149210140109062
1763596019.207921,-0.12509550237320363,-0.019942717832326887,0.06050714873708784,-0.025802355259656906,0.04736106097698212,0.008045936934649944,,,,,,
1763596019.215825,,,,,,,-0.003259122371673584,-0.014808759093284607,0.0031125545501708984,0.012580275535583496,-0.010294412262737751,-0.011212541721761227
1763596019.217974,-0.05716098011434078,-0.033548633858561515,-0.005328501546382904,-0.037177782505750656,0.07706595957279205,0.0029861971270292997,,,,,,
1763596019.225856,,,,,,,-0.007445394992828369,-0.014424234628677368,0.00021969527006149292,0.0017598522827029228,0.0005965851014479995,0.003382379887625575
1763596019.228027,0.021528525719046593,-0.03803834649324417,-0.040340047564357516,-0.04350834712386131,0.08799285441637039,-0.0046958038583397865,,,,,,
1763596019.235887,,,,,,,-0.002417623996734619,-0.009559407830238342,-0.006158702075481415,0.02180611900985241,-0.009289601817727089,0.011899035423994064
1763596019.23808,0.033319647408276795,-0.02780921342372894,-0.018753800308704376,-0.03839747607707977,0.06857361644506454,-0.004577825777232647,,,,,,
1763596019.245918,,,,,,,0.0037793517112731934,-0.006007134914398193,-0.010524630546569824,0.0353565476834774,-0.02319210208952427,0.016600048169493675
1763596019.248132,0.057958048776164645,-0.021885668593645095,-0.005030395382642746,-0.02505473606288433,0.027461277320981026,-0.0029475518967956305,,,,,,
1763596019.255948,,,,,,,0.0032132863998413086,-0.0037777870893478394,-0.002979747951030731,0.043387144804000854,-0.03004494681954384,0.021937089040875435
1763596019.258185,0.034699119067937136,-0.010020458754897116,0.006132803666591644,-0.008178018033504486,-0.01135935541242361,0.0011507866438478231,,,,,,
1763596019.265979,,,,,,,-0.0019921064376831055,-0.0059686750173568726,0.0010633543133735657,0.028235619887709618,-0.02283337339758873,0.022492092102766037
1763596019.268238,-0.010302636697143316,-0.018558569997549054,-0.011148001480102539,0.007251488044857979,-0.03289182111620903,0.0020960543770343065,,,,,,
1763596019.276009,,,,,,,-0.005941569805145264,-0.004263043403625488,0.003591291606426239,0.015397532843053341,-0.014398342929780483,0.017787951976060867
1763596019.278291,-0.0647707975309342,-0.03402326563298702,0.0027193419612944122,0.005404319614171982,-0.03954679146409035,-0.0021234580781310797,,,,,,
1763596019.28604,,,,,,,-0.006939232349395752,-0.004494860768318176,0.00555419921875,0.019829299300909042,-0.017131546512246132,0.016134927049279213
1763596019.288344,-0.10441314515471457,-0.009473346266150474,0.016371289086341858,-0.00031673768535256386,-0.020701022818684578,-0.007342761382460594,,,,,,
1763596019.29607,,,,,,,-0.004309892654418945,-0.00756894052028656,0.008543498814105988,0.007462469395250082,-0.015641506761312485,0.012113220058381557
1763596019.298397,-0.11009352887868881,-0.02029460000991821,0.028419454276561736,-0.007066785823553801,0.007025678642094135,-0.008367545902729034,,,,,,
1763596019.306101,,,,,,,-0.004021823406219482,-0.001030251383781433,0.010038726031780243,0.0038773221895098686,-0.010488023981451988,0.0135124446824193
1763596019.30845,-0.13740567950047552,-0.0315928236156702,0.0046517713285982604,-0.019777659326791763,0.021736549213528633,-0.012429662048816681,,,,,,
1763596019.316132,,,,,,,-0.002863168716430664,0.0027212798595428467,0.005568273365497589,0.017723197117447853,-0.007062399759888649,0.01612420752644539
1763596019.318503,-0.15142163763232527,-0.011284195080399512,0.007603606871515512,-0.030003132298588753,0.03075188212096691,-0.020774144679307938,,,,,,
1763596019.326162,,,,,,,0.001271367073059082,-0.00021269917488098145,-0.0005174875259399414,0.019200719892978668,-0.0015091762179508805,0.016929281875491142
1763596019.328556,-0.058251113438606256,0.03903729440271854,-0.013508008609712123,-0.028132272884249687,0.0372639037668705,-0.022654417902231216,,,,,,
1763596019.336193,,,,,,,0.00164109468460083,-1.627206802368164e-05,0.004024982452392578,0.01953423023223877,-0.005457312799990177,0.017505189403891563
1763596019.338609,-0.009936725994199513,0.038424715462327,-0.023822774136066434,-0.022992106154561043,0.033564243465662,-0.014894233085215092,,,,,,
1763596019.346224,,,,,,,0.0028418302536010742,-0.0022011101245880127,0.007375344634056091,0.024215001612901688,-0.014634299091994762,0.018776848912239075
1763596019.348662,0.0005601181007921695,0.021798574832081793,-0.025737667846679687,-0.01529727317392826,0.01602923311293125,-0.0038523422554135323,,,,,,
1763596019.356255,,,,,,,-5.97834587097168e-05,-0.004631370306015015,0.009215585887432098,0.02190246805548668,-0.011122921481728554,0.016129866242408752
1763596019.358715,-0.018261779008060693,0.03404489294290542,-0.06677461163401603,-0.006970900110900402,0.004491887520998716,0.006106282584369183,,,,,,
1763596019.366285,,,,,,,-0.0032889842987060547,-0.002677053213119507,0.010834455490112305,0.006655072793364525,-0.0076970309019088745,0.017338410019874573
1763596019.368768,-0.058711424426734445,0.019819968235492706,-0.07323460142835975,0.00025259144604206085,-0.00027045083697885275,0.0038024848327040672,,,,,,
1763596019.376316,,,,,,,-0.0025892257690429688,0.0001949220895767212,0.008229494094848633,0.006764116231352091,-0.01146300695836544,0.01964510604739189
1763596019.378821,-0.10882825818322599,-0.013714052575826644,-0.07088613860607147,0.004544808063656092,1.903472002595663e-05,-0.00815324392169714,,,,,,
1763596019.386346,,,,,,,-0.000633537769317627,-0.004701688885688782,0.0042716339230537415,0.005241852719336748,-0.0058682383969426155,0.01783309131860733
1763596019.388874,-0.11645254251658915,-0.03470423363447189,0.0020808979272842407,-0.0018631555140018463,0.006248928606510162,-0.020586276426911354,,,,,,
1763596019.396377,,,,,,,-0.002690553665161133,-0.0020224153995513916,0.006172187626361847,0.0063530439510941505,-0.010387622751295567,0.02364983595907688
1763596019.398926,-0.09058189594000578,-0.039812370428442954,0.02323021507039666,-0.007482958026230335,0.014848275110125542,-0.029982442036271095,,,,,,
1763596019.406407,,,,,,,-0.005160391330718994,0.001871451735496521,0.00760340690612793,0.021319210529327393,-0.0030066720210015774,0.02724217250943184
1763596019.408979,-0.05032740776725113,-0.05605857183039188,-0.008837970972061156,-0.012027386575937271,0.024929732084274292,-0.03138573840260506,,,,,,
1763596019.416438,,,,,,,-0.008386433124542236,0.0036428123712539673,0.0071157291531562805,0.02793973684310913,0.0020964774303138256,0.023641111329197884
1763596019.419032,-0.036210984935611486,-0.06004384207427501,-0.01825447248443961,-0.011083828285336494,0.026630692183971405,-0.027034930884838104,,,,,,
1763596019.426469,,,,,,,-0.007751405239105225,0.005931064486503601,0.008266448974609375,0.038308221846818924,0.005956463050097227,0.026853416115045547
1763596019.429084,-0.038880204144865274,-0.05959726735055446,-0.012956366076320409,-0.008557727560400963,0.009870778769254684,-0.01877502351999283,,,,,,
1763596019.436499,,,,,,,-0.006724834442138672,0.0068197101354599,0.003448493778705597,0.040900975465774536,0.0125754838809371,0.021012838929891586
1763596019.439138,-0.05890329373702406,-0.05780570775866508,-0.011872881688550115,0.0015811929479241371,-0.014170908369123936,-0.009492574259638786,,,,,,
1763596019.44653,,,,,,,-0.006323099136352539,0.009540647268295288,0.0009267330169677734,0.037707578390836716,0.011171997524797916,0.015058809891343117
1763596019.449191,-0.07189034721255302,-0.060061377730965614,-0.011719736953452228,0.009723993018269539,-0.028401337563991547,-0.004405262414366007,,,,,,
1763596019.456561,,,,,,,-0.00538867712020874,0.006210580468177795,0.006826162338256836,0.025872360914945602,0.01043616607785225,0.010077167302370071
1763596019.459244,-0.07833587009012699,-0.05400689999759197,-0.01764905393719673,0.008008916862308979,-0.021950095891952515,-0.003026011399924755,,,,,,
1763596019.466591,,,,,,,-0.008954942226409912,-0.0020093023777008057,0.012483365833759308,0.026611920446157455,0.01940702460706234,0.013061505742371082
1763596019.469297,-0.0463468867637217,-0.009843348622322083,0.004590834921598434,-0.0015300619415938854,0.008606204763054848,-0.0072654495015740395,,,,,,
1763596019.476622,,,,,,,-0.01181882619857788,-0.009376347064971924,0.016800887882709503,0.01401599496603012,0.03414948657155037,0.02182510495185852
1763596019.47935,-0.02738404681421816,0.010539514192938804,-0.03383103099651635,-0.010516899637877941,0.046143196523189545,-0.015923386439681053,,,,,,
1763596019.486652,,,,,,,-0.0086861252784729,-0.003838762640953064,0.015114910900592804,0.04429054260253906,0.02392188087105751,0.031409818679094315
1763596019.489403,-0.06561871959716081,-0.00215630125105381,-0.06656403762325644,-0.01746239885687828,0.0648183524608612,-0.020077310502529144,,,,,,
1763596019.496683,,,,,,,0.0017812848091125488,0.0005781352519989014,-0.00037717074155807495,0.07219301164150238,0.009391408413648605,0.03565436601638794
1763596019.499456,-0.07113404895253479,-0.003441664886474609,-0.11649886587634682,-0.015038657002151012,0.06599307060241699,-0.019899144768714905,,,,,,
1763596019.506714,,,,,,,0.009058654308319092,0.009404584765434265,-0.00808417797088623,0.07554007321596146,0.003041367046535015,0.03516727313399315
1763596019.509509,-0.06754281952753663,0.004320201286673545,-0.1060253295917064,-0.0035773501731455326,0.05312131345272064,-0.02034628763794899,,,,,,
1763596019.516744,,,,,,,0.004020392894744873,0.002452746033668518,0.0013526678085327148,0.06187165528535843,0.009757326915860176,0.041268240660429
1763596019.519562,-0.07067607605196535,0.0019353519767522811,-0.010498232334479688,0.004551150370389223,0.03612795099616051,-0.019420307129621506,,,,,,
1763596019.526775,,,,,,,-0.0015927553176879883,-0.004978731274604797,0.003886580467224121,0.050729528069496155,0.0183809082955122,0.03740053251385689
1763596019.529615,-0.04648066921122372,-0.00035188217759132384,0.045845366982370614,0.0060410816222429276,0.024227922782301903,-0.020289678126573563,,,,,,
1763596019.536806,,,,,,,-0.006119132041931152,-0.008197009563446045,0.013425707817077637,0.03764662146568298,0.021022764965891838,0.02983902208507061
1763596019.539668,-0.08503850953392685,0.02119534824192524,0.03163658969216049,0.003295362461358309,0.04277338087558746,-0.027273019775748253,,,,,,
1763596019.546836,,,,,,,-0.00545501708984375,-0.0033808499574661255,0.014748811721801758,0.030542371794581413,0.02458926849067211,0.03405293822288513
1763596019.54972,-0.06565357171483338,0.05078209273219108,0.005211597168445587,-0.0019135107286274433,0.07001311331987381,-0.034756049513816833,,,,,,
1763596019.556867,,,,,,,-0.0013892054557800293,-0.000951036810874939,0.009316325187683105,0.04393796995282173,0.03047725185751915,0.042496759444475174
1763596019.559773,-0.049114378715679044,0.0587590629607439,0.01690320400595665,-0.006188683211803436,0.08912502229213715,-0.03707166761159897,,,,,,
1763596019.566897,,,,,,,0.0021269917488098145,0.004436120390892029,-0.0009920597076416016,0.06026927009224892,0.035748180001974106,0.04408879578113556
1763596019.569826,-0.04612842170745134,0.05072422506511211,0.013552578403800725,-0.0019712219946086407,0.0840533897280693,-0.033628880977630615,,,,,,
1763596019.576928,,,,,,,0.006000518798828125,0.011398538947105408,-0.007019035518169403,0.08231274038553238,0.030013596639037132,0.045700475573539734
1763596019.579879,-0.04615859765000641,0.017131752064824105,0.052576501868292685,0.0038432576693594456,0.06657186895608902,-0.023978115990757942,,,,,,
1763596019.586959,,,,,,,0.0077574849128723145,0.010731711983680725,-0.0062012746930122375,0.09694494307041168,0.029864991083741188,0.03880901634693146
1763596019.589932,-0.034000688474997875,0.0007312368839979171,0.06619125878810882,0.012946116738021374,0.05349798873066902,-0.012280561029911041,,,,,,
1763596019.596989,,,,,,,0.002512037754058838,0.008658498525619507,-0.002417333424091339,0.09363735467195511,0.03244692459702492,0.03203413262963295
1763596019.599985,-0.07876498222239316,-0.0071317515760660165,0.08631861247234046,0.01382682379335165,0.05096106231212616,-0.006633061915636063,,,,,,
1763596019.60702,,,,,,,-0.0015772581100463867,0.006430342793464661,0.003250718116760254,0.08221612125635147,0.031099099665880203,0.023828666657209396
1763596019.610038,-0.13071509582065044,-0.03127309014201164,0.08000964852124452,0.004822225775569677,0.06757860630750656,-0.010215776041150093,,,,,,
1763596019.617051,,,,,,,-0.0018246769905090332,0.003589540719985962,0.0011935308575630188,0.07517528533935547,0.025322170928120613,0.018555274233222008
1763596019.620091,-0.1397939628764987,-0.023836218139529228,0.035412674164772034,-0.005643465090543032,0.10214777290821075,-0.015633177012205124,,,,,,
1763596019.627081,,,,,,,-0.0014257431030273438,-0.0011517703533172607,-0.0027614831924438477,0.058679401874542236,0.024954121559858322,0.020940136164426804
1763596019.630144,-0.09740750417634844,-0.0015010522127151488,0.0168846454359591,-0.02127300575375557,0.13917650282382965,-0.027184225618839264,,,,,,
1763596019.637112,,,,,,,-7.43865966796875e-05,-0.002952173352241516,-0.005691409111022949,0.058385223150253296,0.028894802555441856,0.02766035683453083
1763596019.640197,-0.022220307375490665,0.0020598551392555235,0.034860812435671684,-0.032437507063150406,0.15880613029003143,-0.03617026284337044,,,,,,
1763596019.647143,,,,,,,-0.00018596649169921875,-0.0036665350198745728,-0.009516112506389618,0.06232829764485359,0.027549905702471733,0.035390179604291916
1763596019.65025,0.06409004872515797,-0.010265373426675797,0.06112564596161246,-0.0342598520219326,0.14700721204280853,-0.034617677330970764,,,,,,
1763596019.657173,,,,,,,0.001411736011505127,0.0021847933530807495,-0.01419580727815628,0.08304963260889053,0.015821345150470734,0.04051663354039192
1763596019.660303,0.12199154500849545,-0.008323007187247275,0.060196402287483214,-0.026620041579008102,0.11753400415182114,-0.022181514650583267,,,,,,
1763596019.667204,,,,,,,0.005465149879455566,0.002975955605506897,-0.014653690159320831,0.09136615693569183,0.007831594906747341,0.041855938732624054
1763596019.670356,0.13481383637636898,-0.012758359286189078,0.07519757206439971,-0.011855728924274445,0.07802394777536392,-0.009956801310181618,,,,,,
1763596019.677234,,,,,,,0.003625333309173584,0.0030730515718460083,-0.01218772679567337,0.08428778499364853,0.0018799625104293227,0.03643320873379707
1763596019.680409,0.10287066495306789,-0.023417115944623947,0.05155950684547424,0.0003391527570784092,0.05139926075935364,-0.0020344301592558622,,,,,,
1763596019.687265,,,,,,,-0.000876307487487793,-0.002580985426902771,-0.009874694049358368,0.06546136736869812,0.007368471007794142,0.03520229458808899
1763596019.690462,0.03732179572172463,-0.018637480452656743,0.0791629685640335,0.004095467738807201,0.03758756443858147,-0.003024026984348893,,,,,,
1763596019.697296,,,,,,,-0.003510415554046631,-0.004278525710105896,-0.011818766593933105,0.04968743026256561,0.00963055994361639,0.031663551926612854
1763596019.700514,-0.04327646634243428,-0.03552256428003311,0.09105915806293487,0.0010591978207230568,0.03525250405073166,-0.012272385880351067,,,,,,
1763596019.707326,,,,,,,-0.0008057355880737305,-0.004872992634773254,-0.012256018817424774,0.03755806386470795,0.005176423117518425,0.031784724444150925
1763596019.710567,-0.07134389231093227,-0.04293897801637649,0.10717194234356284,-0.008218904957175255,0.04492771625518799,-0.025764983147382736,,,,,,
1763596019.717357,,,,,,,0.0022873878479003906,-0.0005067884922027588,-0.014032833278179169,0.03220050781965256,0.0042411210015416145,0.033613987267017365
1763596019.720619,-0.0525509290356189,-0.043241175833344456,0.10125687308087944,-0.01939086616039276,0.05407940596342087,-0.03691590577363968,,,,,,
1763596019.727388,,,,,,,0.0031328797340393066,0.005010947585105896,-0.015712976455688477,0.04273544251918793,0.00030923006124794483,0.03413330018520355
1763596019.730672,-0.03447042487859726,-0.03977379198372364,0.12853636354207992,-0.029286257922649384,0.057470034807920456,-0.03964492306113243,,,,,,
1763596019.737418,,,,,,,0.0027247071266174316,0.005118519067764282,-0.01525939255952835,0.05778399482369423,-0.007064796984195709,0.0334317572414875
1763596019.740725,-0.00952273836582899,-0.029670331120491025,0.07835735126957297,-0.03258831053972244,0.060418955981731415,-0.031059157103300095,,,,,,
1763596019.747449,,,,,,,0.0008611083030700684,0.007665291428565979,-0.01145327091217041,0.07111737877130508,-0.010943691246211529,0.033797409385442734
1763596019.750778,0.03903992475122213,-0.019227847561240196,0.06420622245073318,-0.028437292203307152,0.06649574637413025,-0.01753338612616062,,,,,,
1763596019.75748,,,,,,,-0.00022143125534057617,0.01107838749885559,-0.00933849811553955,0.07325033843517303,-0.014413257129490376,0.02725175954401493
1763596019.760831,0.01987995479442179,-0.04471884717047214,0.052462154773622746,-0.024833235889673233,0.0665775015950203,-0.004344081040471792,,,,,,
1763596019.76751,,,,,,,-0.0017703771591186523,0.009370431303977966,-0.008073203265666962,0.07052139937877655,-0.01909882202744484,0.02369643934071064
1763596019.770884,-0.02407989070229232,-0.06615618747472762,0.07761281651258468,-0.021385516971349716,0.06092953309416771,0.0034668995067477226,,,,,,
1763596019.777541,,,,,,,-0.006010532379150391,0.006596550345420837,-0.006507508456707001,0.059899505227804184,-0.014422844164073467,0.015660485252738
1763596019.780937,-0.025592048830911516,-0.06748012955486773,0.097311350325495,-0.019861921668052673,0.053515028208494186,0.007109038066118956,,,,,,
1763596019.787571,,,,,,,-0.008944034576416016,0.00548100471496582,-0.005415923893451691,0.04202170670032501,-0.008573743514716625,0.0038560233078897
1763596019.79099,-0.046157355540990826,-0.1122153433382511,0.09742803550772368,-0.02059691771864891,0.04752831161022186,0.010121144354343414,,,,,,
1763596019.797602,,,,,,,-0.009142398834228516,0.008208796381950378,-0.005680203437805176,0.046213436871767044,-0.013537876307964325,-0.0013649710454046726
1763596019.801043,-0.049743616529926656,-0.13017010222375391,0.10457914937138557,-0.02204594388604164,0.044711221009492874,0.009770406410098076,,,,,,
1763596019.807633,,,,,,,-0.01081925630569458,0.005977153778076172,-0.005112051963806152,0.0470438115298748,-0.008099168539047241,-0.009071359410881996
1763596019.811096,-0.05251666143983602,-0.12998890043795108,0.09241188784614204,-0.028103988617658615,0.04074208438396454,0.009891850873827934,,,,,,
1763596019.817663,,,,,,,-0.010162949562072754,0.006528884172439575,-0.005644455552101135,0.048242758959531784,-0.0071428269147872925,-0.009415507316589355
1763596019.821149,-0.06916669440232216,-0.11593933229744434,0.0778701522745192,-0.034488651901483536,0.03749542310833931,0.0049982923083007336,,,,,,
1763596019.827694,,,,,,,-0.006918609142303467,0.0033513307571411133,-0.008989103138446808,0.06559911370277405,-0.004564887378364801,-0.00350888236425817
1763596019.831202,-0.042853857016190884,-0.07845452803373336,0.01753448764681816,-0.03522251546382904,0.051008522510528564,0.0005309546831995249,,,,,,
1763596019.837725,,,,,,,-0.003980278968811035,-0.0014974921941757202,-0.007762797176837921,0.06107081100344658,-0.004700175952166319,-0.003483049338683486
1763596019.841255,0.005264861725643277,-0.04484159676730633,0.004281184450536966,-0.03751709312200546,0.05893462523818016,0.00627113226801157,,,,,,
1763596019.847755,,,,,,,-0.00462418794631958,-1.9416213035583496e-05,-0.004451639950275421,0.05492636561393738,-0.01101293321698904,-0.009717775508761406
1763596019.851307,0.04527231633476913,-0.061553077593445776,0.03479556517973542,-0.04086259752511978,0.05050290375947952,0.01570327952504158,,,,,,
1763596019.857786,,,,,,,-0.004846453666687012,-0.006650552153587341,-0.0033081844449043274,0.03211895376443863,-0.012737596407532692,-0.018246015533804893
1763596019.86136,0.06441277787350118,-0.08029401842057704,0.029099837756156918,-0.03516290336847305,0.03154252842068672,0.025221416726708412,,,,,,
1763596019.867816,,,,,,,-0.00626683235168457,-0.011697575449943542,0.0016486644744873047,0.0024116579443216324,-0.005180343985557556,-0.02767973206937313
1763596019.871413,0.0511386510848999,-0.06331365752518177,-0.021067191817611453,-0.017658337950706482,-0.0027597430162131786,0.028448455035686493,,,,,,
1763596019.877847,,,,,,,-0.005984187126159668,-0.008430033922195435,0.007384531199932098,-0.036629803478717804,-0.014522712677717209,-0.040845803916454315
1763596019.881466,0.005929755375161766,-0.032390111473202705,-0.04248772711753845,0.008490440435707569,-0.05037945881485939,0.028687605634331703,,,,,,
1763596019.887878,,,,,,,-0.0027239322662353516,-0.004643380641937256,0.008120894432067871,-0.06608995795249939,-0.021616041660308838,-0.05586922541260719
1763596019.891519,-0.04895429278314113,-0.02464519643485546,-0.06196297356858849,0.035158757120370865,-0.09862729907035828,0.02393043413758278,,,,,,
1763596019.897908,,,,,,,-0.0024358630180358887,-0.0029007941484451294,0.0075147151947021484,-0.10147605091333389,-0.01513577252626419,-0.06936053186655045
1763596019.901572,-0.08277246429808437,-0.012758943808078765,-0.06422478102073073,0.049649547785520554,-0.13400205969810486,0.014077803120017052,,,,,,
1763596019.907939,,,,,,,-0.0024778246879577637,-0.0014199763536453247,0.0055561065673828125,-0.12819048762321472,-0.024171344935894012,-0.06865586340427399
1763596019.911625,-0.11337605768069624,0.0054740474969148635,-0.03287921016439795,0.04655779153108597,-0.13639892637729645,0.001729757059365511,,,,,,
1763596019.91797,,,,,,,-0.004185855388641357,-0.013796821236610413,0.010768420994281769,-0.12908883392810822,-0.015945106744766235,-0.05822412669658661
1763596019.921678,-0.0117661333784461,0.08422200551927089,-0.05716740985512733,0.03211493417620659,-0.07759074121713638,-0.011266735382378101,,,,,,
1763596019.928,,,,,,,-0.009412765502929688,-0.02052198350429535,0.014778494834899902,-0.14430533349514008,0.011987989768385887,-0.04036710038781166
1763596019.931731,0.06024973990991711,0.06048340253531932,-0.036870471757650375,0.0035768665838986635,-0.008219825103878975,-0.014635984785854816,,,,,,
1763596019.93803,,,,,,,-0.009488284587860107,-0.0038420110940933228,0.01336861401796341,-0.10464347153902054,0.013409319333732128,-0.015912622213363647
1763596019.941784,0.056749622834473844,-0.0028115502893924713,-0.04246902241706848,-0.027065463364124298,0.03728587552905083,-0.01722324639558792,,,,,,
1763596019.948062,,,,,,,0.0005587935447692871,0.006119191646575928,0.0035594776272773743,-0.04574313759803772,0.0036823898553848267,0.00405256450176239
1763596019.951837,0.0435486343473196,-0.0043611178189516065,-0.08669044145941734,-0.04354563727974892,0.05861539766192436,-0.013644489459693432,,,,,,
1763596019.958092,,,,,,,0.005716681480407715,0.011863678693771362,0.00024688243865966797,-0.012046130374073982,-0.0053728907369077206,0.018070846796035767
1763596019.96189,0.06722571640238166,0.048335868623852724,-0.13669161294698715,-0.04474807158112526,0.05621228367090225,-0.009302082471549511,,,,,,
1763596019.968123,,,,,,,0.0019582509994506836,0.014797553420066833,0.004791490733623505,-0.01052280142903328,-0.0017464639386162162,0.023522868752479553
1763596019.971943,0.0517374937608838,0.08431962067484855,-0.1838658904455602,-0.032039038836956024,0.04229796677827835,-0.009038357064127922,,,,,,
1763596019.978153,,,,,,,0.00019437074661254883,0.01943439245223999,0.009879343211650848,-0.0387081541121006,-0.0010175567585974932,0.00994880311191082
1763596019.981996,0.010205021541565657,0.08480769645273685,-0.1899801355421543,-0.010829622857272625,0.02382335439324379,-0.012043202295899391,,,,,,
1763596019.988184,,,,,,,-0.0033582448959350586,0.02089788019657135,0.013519287109375,-0.0816393792629242,0.008589264005422592,-0.007755625993013382
1763596019.992048,-0.0006716887164860963,0.06335866571068763,-0.14184578083977104,0.011189471930265427,0.011149995028972626,-0.011394338682293892,,,,,,
1763596019.998215,,,,,,,-0.003312528133392334,0.023759737610816956,0.01160942018032074,-0.14491654932498932,0.014241291210055351,-0.03665105625987053
1763596020.002101,0.0378981343049556,0.05604395878314972,-0.07674874702915549,0.02275824174284935,-0.0025093574076890945,-0.002287126611918211,,,,,,
1763596020.008245,,,,,,,-0.0012314915657043457,0.037735119462013245,0.01418757438659668,-0.23761799931526184,0.01281862985342741,-0.0888250395655632
1763596020.012154,0.05063545080311596,0.0523281531304121,-0.03697575876303017,0.03593301400542259,-0.015293699689209461,0.024860262870788574,,,,,,
1763596020.018276,,,,,,,0.0050664544105529785,0.06285595893859863,0.013492584228515625,-0.3836158514022827,0.01285005547106266,-0.14543719589710236
1763596020.022207,0.04219590456411242,0.02688157718479633,-0.06911255306228994,0.05229015275835991,-0.020232267677783966,0.06952174007892609,,,,,,
1763596020.028307,,,,,,,0.008574843406677246,0.06841044127941132,0.012699715793132782,-0.46921783685684204,0.012213293462991714,-0.20757938921451569
1763596020.03226,0.013887582511827349,0.02653261761665344,-0.021608605217933653,0.0701306164264679,-0.02406536228954792,0.11992883682250977,,,,,,
1763596020.038337,,,,,,,0.004980921745300293,0.05532541871070862,0.009364254772663116,-0.5380308628082275,0.009947475977241993,-0.26957085728645325
1763596020.042313,0.02975947070866823,0.06209843651652336,0.07253551324829459,0.07601886987686157,-0.022405680269002914,0.1774539053440094,,,,,,
1763596020.048368,,,,,,,-0.0013784170150756836,0.07863523066043854,0.010276541113853455,-0.5824361443519592,0.03488025814294815,-0.3476720452308655
1763596020.052366,0.11393939065188169,0.1054495024651289,0.11499401427134871,0.0733933076262474,-0.012176204472780228,0.23093032836914062,,,,,,
1763596020.058398,,,,,,,-0.005131781101226807,0.11396488547325134,0.009785883128643036,-0.5317286849021912,0.033934835344552994,-0.4031708538532257
1763596020.062419,0.16545578900799154,0.08876549416780471,0.09959887674078345,0.06520222127437592,-0.002167512197047472,0.2810036242008209,,,,,,
1763596020.068429,,,,,,,-0.0015149116516113281,0.1422419250011444,0.0021370574831962585,-0.45096561312675476,0.03728242591023445,-0.4665048122406006
1763596020.072472,0.1698396301154047,0.05771861399710178,0.037727380847930904,0.07307697832584381,0.008476557210087776,0.32907363772392273,,,,,,
1763596020.07846,,,,,,,0.0036202669143676758,0.17271077632904053,0.001600608229637146,-0.34129798412323,0.029737692326307297,-0.516228437423706
1763596020.082525,0.21387107954360543,0.08423544952273368,-0.03032389965839684,0.0977059006690979,0.02161765843629837,0.38829541206359863,,,,,,
1763596020.08849,,,,,,,0.01274961233139038,0.18634994328022003,-0.0026095956563949585,-0.2224658727645874,0.016364630311727524,-0.5616515874862671
1763596020.092578,0.23561434399187564,0.1936614544034004,-0.017725041782855985,0.12213700264692307,0.028470657765865326,0.45221346616744995,,,,,,
1763596020.098521,,,,,,,0.016289591789245605,0.1850942224264145,-0.0010617971420288086,-0.13852226734161377,0.009047061204910278,-0.6185569763183594
1763596020.102631,0.2624718827139586,0.2572778942674398,0.0006209083773195743,0.14156289398670197,0.05077197030186653,0.5155396461486816,,,,,,
1763596020.108552,,,,,,,0.011112093925476074,0.16627860069274902,0.004216670989990234,-0.1145695298910141,0.017222965136170387,-0.6782833933830261
1763596020.112684,0.2707753084179014,0.2470265493661165,-0.003138736417144537,0.14447392523288727,0.0938364639878273,0.5678704977035522,,,,,,
1763596020.118582,,,,,,,0.0028291940689086914,0.13595952093601227,0.014505021274089813,-0.12368423491716385,0.04268039017915726,-0.7262170910835266
1763596020.122737,0.2836384067201987,0.21740473356246948,0.022152137510105967,0.1331499069929123,0.14451748132705688,0.6104515194892883,,,,,,
1763596020.128613,,,,,,,-0.0007408857345581055,0.10874375700950623,0.020822398364543915,-0.1405913084745407,0.06539954990148544,-0.7667224407196045
1763596020.13279,0.32660087521001696,0.17745441596806047,-0.005488733609393239,0.1234612688422203,0.19307948648929596,0.6416693925857544,,,,,,
1763596020.138644,,,,,,,0.0023502111434936523,0.10195338726043701,0.02612769603729248,-0.14095766842365265,0.07752172648906708,-0.8063521385192871
1763596020.142842,0.40605062482617793,0.14861118332147596,-0.02859481084346771,0.12086255848407745,0.2081199586391449,0.6657640933990479,,,,,,
1763596020.148674,,,,,,,0.0047533512115478516,0.10654085874557495,0.02451278269290924,-0.08836555480957031,0.07273975759744644,-0.8452049493789673
1763596020.152895,0.4629644252464175,0.16357260560989378,-0.10661796172261237,0.13674339652061462,0.18359413743019104,0.6967117786407471,,,,,,
1763596020.158705,,,,,,,0.007051944732666016,0.11357840895652771,0.02121710777282715,-0.008336530067026615,0.07456694543361664,-0.8699369430541992
1763596020.162948,0.4750513880770653,0.16278583914637565,-0.14334332592114804,0.171922966837883,0.13814516365528107,0.7298039197921753,,,,,,
1763596020.168735,,,,,,,0.00833117961883545,0.11681440472602844,0.019567742943763733,0.09613661468029022,0.06512045115232468,-0.8875713348388672
1763596020.173001,0.4917077777151018,0.19177695583105087,-0.05890811604261398,0.18909642100334167,0.06502163410186768,0.762566089630127,,,,,,
1763596020.178766,,,,,,,0.006613016128540039,0.11041870713233948,0.015406131744384766,0.1895139068365097,0.07136556506156921,-0.9201444387435913
1763596020.183054,0.44546800458766517,0.18603110565543174,-0.08180866076722741,0.19724702835083008,0.0066331615671515465,0.7902411222457886,,,,,,
1763596020.188797,,,,,,,0.003708481788635254,0.10123637318611145,0.020058289170265198,0.2508252263069153,0.08751284331083298,-0.9471691250801086
1763596020.193107,0.3503650875592604,0.17717676807045935,-0.17312486233115196,0.2202524095773697,-0.006910025142133236,0.8094146251678467,,,,,,
1763596020.198827,,,,,,,0.010469436645507812,0.09637537598609924,0.02431666851043701,0.2908673584461212,0.09240799397230148,-0.972019374370575
1763596020.20316,0.19661718067014589,0.1829915918290615,-0.17450542996935545,0.23847003281116486,-0.024801939725875854,0.8266809582710266,,,,,,
1763596020.208858,,,,,,,0.028571605682373047,0.0887870192527771,0.026726365089416504,0.3153727054595947,0.08206987380981445,-1.0103241205215454
1763596020.213213,0.09068127379440702,0.25002631570398803,-0.08614099088311195,0.2514152228832245,-0.05241890251636505,0.8453095555305481,,,,,,
1763596020.218889,,,,,,,0.03845548629760742,0.08474168181419373,0.03917191922664642,0.2824392318725586,0.09018585830926895,-1.0574804544448853
1763596020.223266,-0.03615870675910264,0.31406653393805023,-0.13076236902847885,0.2878645658493042,-0.04646807163953781,0.8731616735458374,,,,,,
1763596020.228919,,,,,,,0.041316211223602295,0.09486985206604004,0.053129903972148895,0.21798193454742432,0.08748061954975128,-1.1311376094818115
1763596020.233319,-0.22799871788900344,0.32420623515844343,-0.14120171078257263,0.3198513984680176,-0.04210583493113518,0.9091832041740417,,,,,,
1763596020.23895,,,,,,,0.04521876573562622,0.09392198920249939,0.05226194113492966,0.1536649763584137,0.08612187206745148,-1.2146486043930054
1763596020.243372,-0.3763524558506906,0.3679699735611677,-0.08285831595063209,0.3334124982357025,-0.027570299804210663,0.9531000852584839,,,,,,
1763596020.248981,,,,,,,0.049765169620513916,0.09165385365486145,0.06066560000181198,0.031338803470134735,0.11359051614999771,-1.326407551765442
1763596020.253425,-0.46346905030030755,0.4377618871897459,-0.12521978633999825,0.36457839608192444,0.045492373406887054,1.0168519020080566,,,,,,
1763596020.259011,,,,,,,0.053076088428497314,0.11952024698257446,0.06749044358730316,-0.11667485535144806,0.13102729618549347,-1.4463562965393066
1763596020.263478,-0.5364922740003094,0.42856092812418933,-0.07216974867582321,0.4018053710460663,0.11699984967708588,1.0999021530151367,,,,,,
1763596020.269042,,,,,,,0.0652344822883606,0.1425803303718567,0.06552541255950928,-0.26778608560562134,0.1398141235113144,-1.5905659198760986
1763596020.273531,-0.6217695241935551,0.4110825545787811,0.07939911540746689,0.4239490032196045,0.1538410782814026,1.1854827404022217,,,,,,
1763596020.279072,,,,,,,0.07863640785217285,0.14356374740600586,0.07292832434177399,-0.3930915892124176,0.16201770305633545,-1.7181602716445923
1763596020.283584,-0.6275875628225505,0.44052083050906654,0.0865909266076982,0.433065801858902,0.2067359834909439,1.2711817026138306,,,,,,
1763596020.289103,,,,,,,0.08401000499725342,0.13229569792747498,0.07919894903898239,-0.5298539996147156,0.19855228066444397,-1.845874547958374
1763596020.293636,-0.5397566460911184,0.5386971271008253,-0.0340508112270385,0.44323351979255676,0.31348296999931335,1.3428006172180176,,,,,,
1763596020.299134,,,,,,,0.08418989181518555,0.12642884254455566,0.08142055571079254,-0.6441821455955505,0.24310429394245148,-1.9657201766967773
1763596020.303689,-0.41432628574036057,0.5802870285958052,-0.10730185233354568,0.4333755671977997,0.43611249327659607,1.4039560556411743,,,,,,
1763596020.309164,,,,,,,0.08798485994338989,0.12343794107437134,0.07211506366729736,-0.7455303072929382,0.2891692519187927,-2.0708417892456055
1763596020.313742,-0.3020294015984982,0.5983744739502668,-0.208763161945343,0.4225552976131439,0.5586313605308533,1.4494541883468628,,,,,,
1763596020.319195,,,,,,,0.09219896793365479,0.12454470992088318,0.06967319548130035,-0.8501660227775574,0.33947238326072693,-2.1812562942504883
1763596020.323795,-0.19753274287879466,0.5869722054481507,-0.29237668017745017,0.4331943690776825,0.6596488356590271,1.4901901483535767,,,,,,
1763596020.329226,,,,,,,0.09820353984832764,0.1280745565891266,0.07336507737636566,-0.9153844714164734,0.395696222782135,-2.254640579223633
1763596020.333848,-0.041035044091194864,0.6066431206017733,-0.16990177209880203,0.44786983728408813,0.6919509768486023,1.5370134115219116,,,,,,
1763596020.339256,,,,,,,0.10756200551986694,0.1371985673904419,0.08316861093044281,-1.005041241645813,0.45057839155197144,-2.3296871185302734
1763596020.343901,0.07821560471132397,0.6379413451850414,-0.046124622315168375,0.49263039231300354,0.6733914017677307,1.6008354425430298,,,,,,
1763596020.349287,,,,,,,0.11875098943710327,0.16148239374160767,0.08938799798488617,-1.1027145385742188,0.5003089308738708,-2.4221248626708984
1763596020.353954,0.12390680404528975,0.662433396884799,-0.003995864703133702,0.54482501745224,0.6129849553108215,1.6703295707702637,,,,,,
1763596020.359318,,,,,,,0.13179409503936768,0.16173040866851807,0.09218144416809082,-1.1082772016525269,0.552979052066803,-2.493124485015869
1763596020.364007,0.14517624043673277,0.6999094333201646,0.030259529185295102,0.5948042869567871,0.5534480810165405,1.7435930967330933,,,,,,
1763596020.369348,,,,,,,0.13856571912765503,0.14721965789794922,0.10093164443969727,-1.112884521484375,0.6270778179168701,-2.5700714588165283
1763596020.37406,0.1517019889436662,0.7184440379202366,0.0035375082100741564,0.6461447477340698,0.5444958806037903,1.810729742050171,,,,,,
1763596020.379379,,,,,,,0.14125990867614746,0.16523593664169312,0.10883891582489014,-1.1377661228179932,0.6988401412963867,-2.671422004699707
1763596020.384113,0.04676028987020254,0.7149597029358148,0.0658090180048719,0.669902503490448,0.5674198269844055,1.8638484477996826,,,,,,
1763596020.389409,,,,,,,0.1536184549331665,0.17744380235671997,0.10077288746833801,-1.1417092084884644,0.7896962761878967,-2.759286642074585
1763596020.394166,-0.05388327361792326,0.7438976281285286,0.17913842353224754,0.6648482084274292,0.6080992817878723,1.9067845344543457,,,,,,
1763596020.39944,,,,,,,0.17254120111465454,0.16466301679611206,0.0876932442188263,-1.1531646251678467,0.892110288143158,-2.8001251220703125
1763596020.404219,-0.14243483277410268,0.7795815204501152,0.20002101603057235,0.6489310264587402,0.6661916375160217,1.9439177513122559,,,,,,
1763596020.409471,,,,,,,0.18964862823486328,0.1529824137687683,0.08557939529418945,-1.1508662700653076,0.984909176826477,-2.844189405441284
1763596020.414272,-0.17506021430790422,0.7888923696309328,0.14294366821222937,0.6235188841819763,0.7191895246505737,1.9734076261520386,,,,,,
1763596020.419501,,,,,,,0.1954072117805481,0.14141082763671875,0.07433703541755676,-1.0960537195205688,1.0783874988555908,-2.8643109798431396
1763596020.424325,-0.10095306782871484,0.7772019318372011,0.07007365317940711,0.5970169305801392,0.7698125243186951,2.0002963542938232,,,,,,
1763596020.429532,,,,,,,0.19860029220581055,0.1391446590423584,0.06516492366790771,-0.9760193824768066,1.1790422201156616,-2.8432669639587402
1763596020.434377,0.044976329062879086,0.7885925099015235,-0.017166238856315612,0.5787786245346069,0.8256503939628601,2.0287415981292725,,,,,,
1763596020.439563,,,,,,,0.19639623165130615,0.15169459581375122,0.07342958450317383,-0.7745378017425537,1.2542234659194946,-2.819126844406128
1763596020.44443,0.21480156532675027,0.7738315786212683,-0.009593173253536223,0.5622140169143677,0.8677195906639099,2.051266670227051,,,,,,
1763596020.449593,,,,,,,0.19842910766601562,0.17158955335617065,0.07246279716491699,-0.4801461398601532,1.3059005737304688,-2.801957368850708
1763596020.454483,0.33051556443572044,0.7160264553844928,0.015286417600727872,0.5400694012641907,0.87510085105896,2.0687854290008545,,,,,,
1763596020.459624,,,,,,,0.2029963731765747,0.18619227409362793,0.07187578082084656,-0.2017042189836502,1.3778730630874634,-2.774873733520508
1763596020.464536,0.38156478367149826,0.6492103426963091,0.08946399782598018,0.5279152989387512,0.8508543968200684,2.0981056690216064,,,,,,
1763596020.469655,,,,,,,0.21499651670455933,0.20124709606170654,0.0804879367351532,0.08695235103368759,1.4213818311691284,-2.7600197792053223
1763596020.474589,0.33778058700263497,0.573189179289341,0.15159750565588473,0.5228136777877808,0.797890305519104,2.130890369415283,,,,,,
1763596020.479685,,,,,,,0.22992157936096191,0.18507802486419678,0.07592809200286865,0.24080689251422882,1.4761404991149902,-2.814464807510376
1763596020.484642,0.25783991206437346,0.5559066205769777,0.10469136844105087,0.5263556838035583,0.7581855058670044,2.163898229598999,,,,,,
1763596020.489716,,,,,,,0.23757797479629517,0.15195119380950928,0.10576555132865906,0.3384423851966858,1.5350074768066406,-2.87239933013916
1763596020.494695,0.1933583798035979,0.5694622677206993,0.038189153140783305,0.5222867727279663,0.7514052987098694,2.198362350463867,,,,,,
1763596020.499746,,,,,,,0.24247115850448608,0.10729086399078369,0.09575042128562927,0.31444427371025085,1.5969188213348389,-2.9516782760620117
1763596020.504748,0.14104104032814502,0.5505740273773669,-0.12298338732374832,0.5233714580535889,0.7817930579185486,2.2290616035461426,,,,,,
1763596020.509777,,,,,,,0.23159265518188477,0.05537229776382446,0.07123193144798279,0.10267451405525208,1.7054399251937866,-3.0781943798065186
1763596020.514801,0.14694091202169657,0.5499041652917862,-0.3087923929274082,0.5261273980140686,0.8425359129905701,2.2592902183532715,,,,,,
1763596020.519808,,,,,,,0.2074766755104065,0.005899310111999512,0.08060821890830994,-0.28019073605537415,1.8540337085723877,-3.150331497192383
1763596020.524854,0.19476678529679775,0.5970540390014648,-0.2861521065741777,0.5284467339515686,0.906204879283905,2.290257692337036,,,,,,
1763596020.529838,,,,,,,0.1961139738559723,-0.028052985668182373,0.09937337040901184,-0.6378653049468994,1.994092583656311,-3.1471505165100098
1763596020.534907,0.2748772638440132,0.5931687220007181,-0.12038930657678283,0.5216352939605713,0.9177212715148926,2.324720859527588,,,,,,
1763596020.539869,,,,,,,0.20069730281829834,-0.04438978433609009,0.1163230836391449,-0.8673437237739563,2.0741491317749023,-3.088182210922241
1763596020.54496,0.38459611419141293,0.5698702639997005,-0.034760347735881804,0.5116831064224243,0.8927464485168457,2.3499069213867188,,,,,,
1763596020.5499,,,,,,,0.20857152342796326,-0.009220778942108154,0.1398756206035614,-0.901885986328125,2.0971884727478027,-3.0220940113067627
1763596020.555013,0.49213528241217136,0.5601859053313731,-0.2081277866512537,0.5222307443618774,0.8798813819885254,2.381103515625,,,,,,
1763596020.55993,,,,,,,0.2148430049419403,0.029879093170166016,0.13002020120620728,-0.752081036567688,2.0689074993133545,-2.992666482925415
1763596020.565066,0.5425684155762195,0.549126751178503,-0.4615244555711746,0.5302644371986389,0.8923407196998596,2.3987321853637695,,,,,,
1763596020.569961,,,,,,,0.21564406156539917,0.043396055698394775,0.10839706659317017,-0.6271045207977295,2.0652036666870117,-2.946305513381958
1763596020.575119,0.5092413155138492,0.5358277091443538,-0.5104173735558987,0.5359227657318115,0.902093231678009,2.4070136547088623,,,,,,
1763596020.579992,,,,,,,0.22335860133171082,0.06697618961334229,0.085293710231781,-0.478681355714798,2.062903881072998,-2.8232409954071045
1763596020.585172,0.32619770123660563,0.39678456463515754,-0.3523497951030731,0.5332862734794617,0.8808199167251587,2.394465923309326,,,,,,
1763596020.590022,,,,,,,0.22960031032562256,0.056381165981292725,0.06323283910751343,-0.38277798891067505,2.0505330562591553,-2.7630224227905273
1763596020.595224,0.03906710501909256,0.16265315267741678,-0.20163667106628416,0.5136272311210632,0.8383324146270752,2.365201234817505,,,,,,
1763596020.600053,,,,,,,0.22223737835884094,0.00311887264251709,0.036147892475128174,-0.3974633514881134,2.06192684173584,-2.723874807357788
1763596020.605277,-0.15982172864377497,0.03471767763793468,-0.15753157187998293,0.49821019172668457,0.82334303855896,2.327577829360962,,,,,,
1763596020.610083,,,,,,,0.2175332009792328,-0.07322782278060913,0.022229671478271484,-0.47311335802078247,2.0771524906158447,-2.6890928745269775
1763596020.61533,-0.24119828160405157,-0.007141688448190689,-0.15741057584881782,0.49253636598587036,0.8423957824707031,2.2828752994537354,,,,,,
1763596020.620114,,,,,,,0.2133801430463791,-0.11791843175888062,0.06414037942886353,-0.5988996028900146,2.1078293323516846,-2.6736814975738525
1763596020.625383,-0.2761445073008537,-0.011471242085099219,-0.11260580396056175,0.48256176710128784,0.8440684676170349,2.2338387966156006,,,,,,
1763596020.630145,,,,,,,0.21762928366661072,-0.09813505411148071,0.08939236402511597,-0.6744623184204102,2.112774133682251,-2.5933597087860107
1763596020.635436,-0.41510055804848667,-0.050180619707703586,-0.06105331137776374,0.47137537598609924,0.8151174187660217,2.1894381046295166,,,,,,
1763596020.640175,,,,,,,0.23075708746910095,-0.08302098512649536,0.027989864349365234,-0.7340151071548462,2.122421979904175,-2.538442373275757
1763596020.645489,-0.524150715354085,-0.07491115633845329,-0.22359715846180914,0.465610146522522,0.7902906537055969,2.144991874694824,,,,,,
1763596020.650206,,,,,,,0.2274894267320633,-0.10146552324295044,-0.024860084056854248,-0.7436597347259521,2.135746479034424,-2.4596595764160156
1763596020.655542,-0.5383756400614976,-0.05391629910469055,-0.2678103941977024,0.4598781168460846,0.7805467844009399,2.087756872177124,,,,,,
1763596020.660237,,,,,,,0.22062720358371735,-0.11376994848251343,-0.03332206606864929,-0.7614002227783203,2.1489827632904053,-2.418745994567871
1763596020.665595,-0.5182786084502935,0.046420974913239474,-0.1723603076994419,0.4621013104915619,0.7577706575393677,2.025390386581421,,,,,,
1763596020.670267,,,,,,,0.2173880636692047,-0.07969099283218384,0.026407450437545776,-0.73676997423172,2.1663219928741455,-2.3348541259765625
1763596020.675648,-0.5060106630295514,0.131531453704834,0.07767945200800895,0.46226465702056885,0.7035868167877197,1.9686030149459839,,,,,,
1763596020.680298,,,,,,,0.22391143441200256,-0.05743616819381714,0.035402655601501465,-0.6418195962905884,2.13736891746521,-2.239750623703003
1763596020.685701,-0.5949608661144972,0.07299509358406066,0.11784193278206512,0.44103100895881653,0.6822186708450317,1.913840413093567,,,,,,
1763596020.690329,,,,,,,0.2250824272632599,-0.09773421287536621,-0.02635324001312256,-0.6040000319480896,2.114879846572876,-2.1975560188293457
1763596020.695754,-0.6347083546131849,0.11210077704787254,-0.10013212510095909,0.4156125485897064,0.7098084688186646,1.8602259159088135,,,,,,
1763596020.700359,,,,,,,0.22693341970443726,-0.11360710859298706,-0.0385565459728241,-0.6711800694465637,2.1312460899353027,-2.1136796474456787
1763596020.705807,-0.5964227553606033,0.1354436587125063,-0.1678898842871189,0.39512673020362854,0.7168765068054199,1.809837818145752,,,,,,
1763596020.71039,,,,,,,0.2349543422460556,-0.08528447151184082,-0.049127042293548584,-0.6588853597640991,2.106041669845581,-2.0447938442230225
1763596020.71586,-0.6436971322327852,0.09279518807530403,-0.10107437438713386,0.39007821679115295,0.6821562647819519,1.7604098320007324,,,,,,
1763596020.72042,,,,,,,0.23284994065761566,-0.1015201210975647,-0.04502195119857788,-0.7078207731246948,2.1129310131073,-1.9733707904815674
1763596020.725913,-0.7119383092880248,0.0538093315988779,-0.005258358919620514,0.40013885498046875,0.6204180717468262,1.716965913772583,,,,,,
1763596020.730451,,,,,,,0.23118190467357635,-0.10060685873031616,-0.0236203670501709,-0.6887416243553162,2.095884084701538,-1.8800987005233765
1763596020.735966,-0.8321902440875768,-0.027252748584747313,0.06364157430529593,0.40452608466148376,0.5635921359062195,1.6671421527862549,,,,,,
1763596020.740482,,,,,,,0.23042573034763336,-0.1151924729347229,-0.05808144807815552,-0.5936009287834167,2.0667526721954346,-1.8134381771087646
1763596020.746018,-0.8944926787436008,-0.01630582263469696,0.05621697726249694,0.3849177658557892,0.5476254224777222,1.6189658641815186,,,,,,
1763596020.750512,,,,,,,0.2241772711277008,-0.11929953098297119,-0.07567566633224487,-0.49594631791114807,2.0584607124328613,-1.7701929807662964
1763596020.756071,-0.8415519466727972,0.11636603327691554,0.05273790297508239,0.3443596363067627,0.5583984851837158,1.573193073272705,,,,,,
1763596020.760543,,,,,,,0.21820861101150513,-0.09305024147033691,-0.09239274263381958,-0.40803802013397217,2.0745975971221924,-1.7034794092178345
1763596020.766124,-0.8541478088736534,0.20448563075661658,0.08554364604447036,0.29675430059432983,0.5723335146903992,1.5314600467681885,,,,,,
1763596020.770574,,,,,,,0.21378770470619202,-0.085784912109375,-0.12566310167312622,-0.32836395502090454,2.0753109455108643,-1.6534459590911865
1763596020.776177,-0.8379980535835028,0.2929056724876165,0.09524904750082641,0.2709048092365265,0.5773099064826965,1.4979392290115356,,,,,,
1763596020.780604,,,,,,,0.20756599307060242,-0.09861445426940918,-0.10461002588272095,-0.3337431848049164,2.060167074203491,-1.5955331325531006
1763596020.78623,-0.7720511249452829,0.3247419494703412,0.04221296529676765,0.25960901379585266,0.5602177381515503,1.458612084388733,,,,,,
1763596020.790635,,,,,,,0.20394325256347656,-0.10451483726501465,-0.09027737379074097,-0.39161553978919983,2.026204824447632,-1.5232785940170288
1763596020.796283,-0.7334165661245584,0.32462562961429353,0.004420117997191846,0.26116982102394104,0.557615339756012,1.4124215841293335,,,,,,
1763596020.800666,,,,,,,0.19572481513023376,-0.151461660861969,-0.0949864387512207,-0.455875426530838,1.964725375175476,-1.436666488647461
1763596020.806336,-0.6423182450950146,0.2459571665689349,-0.05500475192852318,0.2599327862262726,0.5687997937202454,1.362321376800537,,,,,,
1763596020.810696,,,,,,,0.18093329668045044,-0.17595624923706055,-0.06690776348114014,-0.5227423906326294,1.9233683347702026,-1.3451735973358154
1763596020.816389,-0.6290642112463712,0.1563438234001398,0.10246548168566078,0.2467123121023178,0.5423053503036499,1.323396921157837,,,,,,
1763596020.820727,,,,,,,0.16628405451774597,-0.14650338888168335,-0.06618380546569824,-0.49769455194473267,1.8549705743789673,-1.2646886110305786
1763596020.826442,-0.6784171479582786,0.10510200420171022,0.07882628395557403,0.2481759786605835,0.5262590050697327,1.2866425514221191,,,,,,
1763596020.830757,,,,,,,0.15958911180496216,-0.1336190104484558,-0.06186223030090332,-0.5503056049346924,1.785714030265808,-1.2508004903793335
1763596020.836495,-0.6464496458113194,0.17402882543355225,-0.11575396579317748,0.27151405811309814,0.5093038082122803,1.2426279783248901,,,,,,
1763596020.840788,,,,,,,0.16623061895370483,-0.09998613595962524,-0.004648089408874512,-0.5310994982719421,1.7036114931106567,-1.1607232093811035
1763596020.846548,-0.675688015255332,0.15879180107414723,-0.16193594431877134,0.27409547567367554,0.4892187714576721,1.1985859870910645,,,,,,
1763596020.850819,,,,,,,0.16429749131202698,-0.126631498336792,-0.07110947370529175,-0.5667685270309448,1.6246966123580933,-1.1317079067230225
1763596020.856601,-0.735871558061242,0.09781915371716023,-0.1929985335152596,0.2588449716567993,0.5055242776870728,1.158138632774353,,,,,,
1763596020.860849,,,,,,,0.14614632725715637,-0.13493937253952026,-0.087344229221344,-0.6163418889045715,1.6013790369033813,-1.0808924436569214
1763596020.866654,-0.6846744547873735,0.1659124467343092,-0.12830956904888152,0.23110973834991455,0.5417385101318359,1.1354883909225464,,,,,,
1763596020.87088,,,,,,,0.1394476294517517,-0.12279129028320312,-0.08968216180801392,-0.6446589827537537,1.5546989440917969,-1.06754732131958
1763596020.876707,-0.6700958943367004,0.1972980573400855,-0.07106507536955177,0.20923055708408356,0.5343164205551147,1.1146990060806274,,,,,,
1763596020.880911,,,,,,,0.13935011625289917,-0.09003490209579468,-0.07009744644165039,-0.6802167892456055,1.528324842453003,-1.0274412631988525
1763596020.88676,-0.6678858170717954,0.15762480312138796,-0.09687873106189071,0.19986660778522491,0.4868146479129791,1.0982638597488403,,,,,,
1763596020.890941,,,,,,,0.13968044519424438,-0.06728971004486084,-0.07868236303329468,-0.6793371438980103,1.5053327083587646,-0.9878067970275879
1763596020.896812,-0.6177490365058184,0.2202794122159481,-0.19121004266329109,0.18587687611579895,0.45851951837539673,1.0948998928070068,,,,,,
1763596020.900972,,,,,,,0.128562331199646,-0.09785646200180054,-0.12687432765960693,-0.6780896782875061,1.4848068952560425,-0.9547430872917175
1763596020.906865,-0.5566659145116806,0.23663433468937872,-0.2110171514172107,0.1715991497039795,0.46269774436950684,1.0894153118133545,,,,,,
1763596020.911002,,,,,,,0.1224435567855835,-0.10220372676849365,-0.11784729361534119,-0.6928366422653198,1.4602019786834717,-0.9416738748550415
1763596020.916918,-0.5215180287629365,0.27111411191821094,-0.12010068976059556,0.14479482173919678,0.4521442651748657,1.0896731615066528,,,,,,
1763596020.921033,,,,,,,0.12281829118728638,-0.07090473175048828,-0.08830952644348145,-0.6481536030769348,1.4195517301559448,-0.9067625403404236
1763596020.926971,-0.6040612874150276,0.24158786544352767,-0.13949512606039643,0.12036590278148651,0.4343934953212738,1.0883431434631348,,,,,,
1763596020.931064,,,,,,,0.12755906581878662,-0.060597777366638184,-0.06086874008178711,-0.6113625764846802,1.3385101556777954,-0.8726732730865479
1763596020.937024,-0.64844403449893,0.3196756059914827,-0.22212072923369705,0.09399128705263138,0.4316456615924835,1.1089116334915161,,,,,,
1763596020.941094,,,,,,,0.12500602006912231,-0.05256372690200806,-0.046025991439819336,-0.5914463996887207,1.2749950885772705,-0.8426823616027832
1763596020.947077,-0.5435790539234876,0.5661147108584642,-0.2946761892914772,0.060709770768880844,0.44809839129447937,1.1452733278274536,,,,,,
1763596020.951125,,,,,,,0.11981141567230225,-0.04896420240402222,-0.0690329372882843,-0.590302050113678,1.2272286415100098,-0.8556609749794006
1763596020.95713,-0.37152211308479305,0.7574217110902071,-0.37602877685427666,0.03579355776309967,0.49912890791893005,1.19392991065979,,,,,,
1763596020.961156,,,,,,,0.10931450128555298,-0.06371349096298218,-0.05197015404701233,-0.6318801045417786,1.1844961643218994,-0.902245819568634
1763596020.967183,-0.2303168221056461,0.9102449591487646,-0.33330614500232036,0.021917693316936493,0.4977845251560211,1.2569442987442017,,,,,,
1763596020.971186,,,,,,,0.10276645421981812,-0.06595158576965332,-0.016979724168777466,-0.6994839310646057,1.1437444686889648,-0.9076632261276245
1763596020.977236,-0.2804237920552492,0.8766270594462752,-0.31603235411830244,0.011152662336826324,0.4746287763118744,1.322496771812439,,,,,,
1763596020.981217,,,,,,,0.0893930196762085,-0.07686656713485718,-0.036451637744903564,-0.792986273765564,1.1393486261367798,-0.9104346036911011
1763596020.987289,-0.27790333366692066,0.8392500994712114,-0.41315066608972845,-0.0018899030983448029,0.4631848931312561,1.3885477781295776,,,,,,
1763596020.991248,,,,,,,0.08435219526290894,-0.05838829278945923,-0.047132909297943115,-0.8036532998085022,1.137974739074707,-0.898945689201355
1763596020.997342,-0.3496265076190233,0.7675698878780007,-0.4018167135834694,-0.005442851688712835,0.41406020522117615,1.4294819831848145,,,,,,
1763596021.001278,,,,,,,0.0900735855102539,-0.02585756778717041,-0.07305389642715454,-0.7127814292907715,1.1462241411209106,-0.8812774419784546
1763596021.007395,-0.6038783320635557,0.23977204819321632,-0.18976254726871847,-0.016180450096726418,0.3364591598510742,1.3687355518341064,,,,,,
1763596021.011308,,,,,,,0.0880352258682251,-0.01776367425918579,-0.10757279396057129,-0.613521933555603,1.1417685747146606,-0.8804076313972473
1763596021.017448,-0.8373691080301999,-0.30374285445287824,-0.16170783465132116,-0.01415268611162901,0.2750260829925537,1.2224323749542236,,,,,,
1763596021.021339,,,,,,,0.08326524496078491,-0.030379176139831543,-0.11013609170913696,-0.5230976343154907,1.1579580307006836,-0.8468176126480103
1763596021.027501,-0.9299258111745119,-0.5302623301021755,-0.12560191752538083,-0.007020208984613419,0.1957603096961975,1.0533945560455322,,,,,,
1763596021.03137,,,,,,,0.08852237462997437,-0.033727824687957764,-0.10566538572311401,-0.4660218358039856,1.1638544797897339,-0.8455169200897217
1763596021.037554,-0.9391045584082602,-0.45805619493871924,-0.12149769707694649,0.012972748838365078,0.10974980890750885,0.9237145781517029,,,,,,
1763596021.041401,,,,,,,0.09043633937835693,-0.055032193660736084,-0.09924614429473877,-0.4580792188644409,1.15144681930542,-0.8520632386207581
1763596021.047606,-0.7642413279771805,-0.28703736497610804,-0.29005042918697,0.04647877439856529,0.07026125490665436,0.823056161403656,,,,,,
1763596021.051431,,,,,,,0.09237873554229736,-0.07831341028213501,-0.0726889967918396,-0.5091440081596375,1.1656025648117065,-0.8597038984298706
1763596021.057659,-0.5507242495030165,-0.09092179541885852,-0.31150910454019903,0.08337845653295517,0.057865243405103683,0.7551055550575256,,,,,,
1763596021.061462,,,,,,,0.08382028341293335,-0.09326225519180298,-0.038344383239746094,-0.6020861864089966,1.1309233903884888,-0.8999980092048645
1763596021.067712,-0.39204292306602,0.19143705635219813,-0.42923678155913947,0.1228742003440857,0.05565721541643143,0.723092257976532,,,,,,
1763596021.071493,,,,,,,0.07080477476119995,-0.0630529522895813,0.015189260244369507,-0.7387782335281372,1.090988039970398,-0.9022561311721802
1763596021.077765,-0.09934183323979377,0.48708033711016174,-0.47875265374779696,0.15856558084487915,0.025805100798606873,0.7176424264907837,,,,,,
1763596021.081523,,,,,,,0.07140135765075684,0.007215976715087891,0.09324729442596436,-0.775984525680542,1.0342607498168945,-0.8419592976570129
1763596021.087818,0.047016602718830104,0.6072492698013782,-0.21209712867364286,0.15773627161979675,-0.029069334268569946,0.7372744679450989,,,,,,
1763596021.091554,,,,,,,0.055327773094177246,0.04828161001205444,0.07117563486099243,-0.6540908217430115,0.964817225933075,-0.8224421143531799
1763596021.097871,0.13359715406298636,0.5208377914138138,0.15970570104867218,0.1108967736363411,-0.06665175408124924,0.7566574215888977,,,,,,
1763596021.101585,,,,,,,0.036345720291137695,0.09167897701263428,0.04154077172279358,-0.45343032479286194,0.9121769070625305,-0.7663506269454956
1763596021.107924,0.08130173415839671,0.3168251849964261,0.47280777386873957,0.04304102808237076,-0.09012804925441742,0.7714688181877136,,,,,,
1763596021.111615,,,,,,,0.03032761812210083,0.08339202404022217,0.010740846395492554,-0.3053306043148041,0.8768431544303894,-0.7010480761528015
1763596021.117977,-0.12310907779633998,-0.021356530153006315,0.3545066808760166,-0.005186616443097591,-0.09639471769332886,0.7578077912330627,,,,,,
1763596021.121645,,,,,,,0.03379940986633301,0.06535059213638306,-0.013679862022399902,-0.22063766419887543,0.8760700225830078,-0.6170101165771484
1763596021.12803,-0.299611307606101,-0.1280798519462347,0.054789428677409886,-0.002938908990472555,-0.09156987071037292,0.7386868596076965,,,,,,
1763596021.131677,,,,,,,0.04538947343826294,0.033045291900634766,-0.02415052056312561,-0.13193602859973907,0.84474116563797,-0.5651160478591919
1763596021.138083,-0.4442044874578714,-0.17394699236899613,-0.023305033872276542,0.022160604596138,-0.08680932968854904,0.7103059887886047,,,,,,
1763596021.141707,,,,,,,0.05505102872848511,0.01380842924118042,-0.04129788279533386,-0.08255115896463394,0.7883380651473999,-0.5447457432746887
1763596021.148136,-0.4049778079628944,-0.1769130025677383,-0.005112228447198867,0.04435938224196434,-0.06738929450511932,0.6734446287155151,,,,,,
1763596021.151738,,,,,,,0.049431562423706055,0.020100951194763184,0.00471147894859314,-0.051036641001701355,0.7681435942649841,-0.5040992498397827
1763596021.158189,-0.3804237969428301,-0.13967325910627842,0.06731456372961402,0.05225580558180809,-0.029700398445129395,0.6328115463256836,,,,,,
1763596021.161768,,,,,,,0.022558271884918213,-0.00471574068069458,0.013146758079528809,-0.09737768769264221,0.7447876334190369,-0.5161349177360535
1763596021.168242,-0.19931085846722124,-0.0309737418692559,0.05551672003865242,0.05158974975347519,-0.0029915552586317062,0.6153579950332642,,,,,,
1763596021.171799,,,,,,,0.02105814218521118,0.009647071361541748,0.05221948027610779,-0.0936838835477829,0.7087889313697815,-0.49632078409194946
1763596021.178295,-0.01748129615485668,0.09047083678096532,0.18010770695582032,0.04385059326887131,-0.03059915453195572,0.6230067610740662,,,,,,
1763596021.18183,,,,,,,0.016130685806274414,0.013620495796203613,0.05449414253234863,-0.03600697219371796,0.6756376028060913,-0.5028910636901855
1763596021.188348,0.060202832028269766,0.1132947360727936,0.2155916927911341,0.031132137402892113,-0.06384313106536865,0.6526040434837341,,,,,,
1763596021.19186,,,,,,,-0.0011491179466247559,0.055376142263412476,0.03204178810119629,0.07069417089223862,0.6851989030838013,-0.47308149933815
1763596021.1984,0.14852935025691985,0.11608911603167653,0.09648001406788825,0.020571766421198845,-0.05921086296439171,0.6916816830635071,,,,,,
1763596021.201891,,,,,,,-0.0057408809661865234,0.07391265034675598,0.0042455196380615234,0.5276365280151367,0.7682785987854004,-0.3596131503582001
1763596021.208453,0.15196692349016666,0.07396021228916942,0.1279636782206595,0.023331068456172943,-0.05447310209274292,0.7331529259681702,,,,,,
1763596021.211922,,,,,,,-0.039734065532684326,-0.016261547803878784,-0.1671842336654663,0.1979675441980362,0.8442492485046387,-0.612798810005188
1763596021.218506,0.005821253499388695,-0.10229878334924578,0.02178746891617775,0.024815211072564125,-0.0921822041273117,0.7223467826843262,,,,,,
1763596021.221952,,,,,,,0.06965970993041992,0.1466054916381836,0.08805397152900696,-0.07916921377182007,0.8221125602722168,-0.4602270722389221
1763596021.228559,-0.3405465445846319,-0.24231384163051842,-0.12755772776827215,0.032270196825265884,-0.10303937643766403,0.7020902633666992,,,,,,
1763596021.231983,,,,,,,0.04605865478515625,-0.047397613525390625,0.12434437870979309,-0.09571649879217148,0.7459245324134827,-0.5618602633476257
1763596021.238612,0.031684593552350995,-0.05955883503630757,0.15436185580268502,-0.015571811236441135,-0.07011689245700836,0.7400113344192505,,,,,,
1763596021.242013,,,,,,,-0.005479633808135986,0.0009167790412902832,0.002160996198654175,0.14937196671962738,0.7480375170707703,-0.5804100632667542
1763596021.248665,0.5448796151280403,0.1809063099876046,0.4668320604600012,-0.07450170814990997,-0.1029193103313446,0.7807936072349548,,,,,,
1763596021.252044,,,,,,,0.0023078322410583496,0.14559394121170044,-0.023089587688446045,0.2658996284008026,0.8077125549316406,-0.47761446237564087
1763596021.258718,0.004251227703690528,-0.020256167695671318,0.36352819172143935,-0.09793957322835922,-0.19562533497810364,0.77119380235672,,,,,,
1763596021.262075,,,,,,,0.02511078119277954,0.06789982318878174,-0.06610703468322754,0.3904057741165161,0.7449213266372681,-0.4444071650505066
1763596021.268771,-0.6249275498330593,-0.40397367242164905,0.29667627706751226,-0.09793344885110855,-0.2071847766637802,0.7106103301048279,,,,,,
1763596021.272105,,,,,,,0.0858113169670105,-0.017305374145507812,-0.13772115111351013,0.45484790205955505,0.6405131816864014,-0.4044208824634552
1763596021.278824,-0.84648881855309,-0.6529592469010501,0.15166720989122986,-0.1093062162399292,-0.11585525423288345,0.6182684898376465,,,,,,
1763596021.282136,,,,,,,0.10104870796203613,-0.034352391958236694,-0.13021045923233032,0.42002496123313904,0.5857309103012085,-0.35535454750061035
1763596021.288877,-0.9211293412566185,-0.5952794670769944,0.23670681540369987,-0.12503351271152496,-0.040843334048986435,0.5163360238075256,,,,,,
1763596021.292167,,,,,,,0.08489155769348145,-0.08067205548286438,-0.12061348557472229,0.34338000416755676,0.4920904040336609,-0.3188881576061249
1763596021.29893,-0.8894137680441141,-0.430335244320333,0.401440208421275,-0.1362338364124298,-0.049933601170778275,0.42589184641838074,,,,,,
1763596021.302197,,,,,,,0.10979163646697998,-0.11384952068328857,-0.1332552134990692,0.2814887762069702,0.37387987971305847,-0.2866381108760834
1763596021.308983,-0.6703770493656397,-0.22850467638345434,0.44866497399806976,-0.14748035371303558,-0.08385295420885086,0.35627999901771545,,,,,,
1763596021.312228,,,,,,,0.12146401405334473,-0.11190134286880493,-0.1613112837076187,0.24503543972969055,0.2910926043987274,-0.2490188479423523
1763596021.319036,-0.6175105515748261,-0.1134550594673492,0.3159118695437908,-0.15083089470863342,-0.08657917380332947,0.2989942729473114,,,,,,
1763596021.322259,,,,,,,0.11429274082183838,-0.1151418685913086,-0.19494524598121643,0.21186327934265137,0.20123034715652466,-0.20433944463729858
1763596021.329089,-0.8118120574474335,-0.17747659126725046,0.21870938642024992,-0.1460886001586914,-0.07577072829008102,0.22828707098960876,,,,,,
1763596021.332289,,,,,,,0.12863415479660034,-0.11321496963500977,-0.20677804946899414,0.2053377330303192,0.09390576183795929,-0.14020892977714539
1763596021.339142,-1.1299877802699803,-0.3488172005301341,0.3361725672841072,-0.16209006309509277,-0.07066561281681061,0.13245277106761932,,,,,,
1763596021.34232,,,,,,,0.14112001657485962,-0.12815049290657043,-0.23164638876914978,0.24069008231163025,-0.020938001573085785,-0.06586932390928268
1763596021.349194,-1.3768120850622654,-0.496384829615429,0.5011396959923208,-0.20148593187332153,-0.040505848824977875,0.015617762692272663,,,,,,
1763596021.35235,,,,,,,0.1523386836051941,-0.12754857540130615,-0.26471540331840515,0.31573688983917236,-0.15003952383995056,0.016737399622797966
1763596021.359247,-1.4805693966567515,-0.5458535747267306,0.6098036304593086,-0.25332555174827576,-0.013030587695538998,-0.11747725307941437,,,,,,
1763596021.362381,,,,,,,0.16427373886108398,-0.134145587682724,-0.2852206230163574,0.3740781545639038,-0.2642262876033783,0.11554527282714844
1763596021.3693,-1.4960978051781653,-0.49249308287389576,0.5994248597860335,-0.29525622725486755,0.00957938376814127,-0.2399536371231079,,,,,,
1763596021.372412,,,,,,,0.16509956121444702,-0.15196454524993896,-0.30630454421043396,0.42537301778793335,-0.3871370255947113,0.22078940272331238
1763596021.379353,-1.4171961178988217,-0.3683635759886354,0.4304628892879933,-0.3113558292388916,0.04002458229660988,-0.35002759099006653,,,,,,
1763596021.382442,,,,,,,0.1797037124633789,-0.14965718984603882,-0.31619903445243835,0.4905720055103302,-0.5403034090995789,0.3279741108417511
1763596021.389406,-1.3498796544730662,-0.3138202310267836,0.27709245567545293,-0.31326824426651,0.0649576261639595,-0.4567258059978485,,,,,,
1763596021.392473,,,,,,,0.19121778011322021,-0.14426672458648682,-0.2969534397125244,0.5276514887809753,-0.6841365098953247,0.41420432925224304
1763596021.399459,-1.3179092297166586,-0.2570266594527289,0.268768863966316,-0.3175462782382965,0.08209848403930664,-0.558428943157196,,,,,,
1763596021.402504,,,,,,,0.18789142370224,-0.13151061534881592,-0.27024731040000916,0.4823981821537018,-0.8480607271194458,0.46214374899864197
1763596021.409512,-1.1588859579741955,-0.16162527093440293,0.1317313601911068,-0.3122937083244324,0.09366459399461746,-0.6450027227401733,,,,,,
1763596021.412534,,,,,,,0.18746578693389893,-0.10682237148284912,-0.19333669543266296,0.3638981580734253,-0.9687495827674866,0.4790814518928528
1763596021.419565,-0.9343553180545567,0.08087733473386614,0.11069324833750724,-0.3127222955226898,0.09184357523918152,-0.6969136595726013,,,,,,
1763596021.422565,,,,,,,0.15776073932647705,-0.10569208860397339,-0.12595877051353455,0.2385759800672531,-1.0575555562973022,0.455662339925766
1763596021.429618,-0.6367740549713373,0.33720249485373494,0.15519056171178816,-0.33212557435035706,0.07556766271591187,-0.7071574926376343,,,,,,
1763596021.432596,,,,,,,0.13072651624679565,-0.05382624268531799,-0.10285696387290955,0.17742660641670227,-1.1286581754684448,0.45106521248817444
1763596021.439671,-0.3139548902571201,0.4379144474029541,0.16700506427660583,-0.36232486367225647,0.03149490803480148,-0.7010050415992737,,,,,,
1763596021.442626,,,,,,,0.11372929811477661,0.0098646879196167,-0.08143433928489685,0.18701300024986267,-1.167278528213501,0.45754992961883545
1763596021.449724,-0.17969255028367043,0.34504575570002194,0.26713819402456285,-0.4013870358467102,-0.015841182321310043,-0.6972388029098511,,,,,,
1763596021.452657,,,,,,,0.08832460641860962,0.03961190581321716,-0.08225616812705994,0.25166577100753784,-1.1916712522506714,0.4931817054748535
1763596021.459777,-0.22310440650880337,0.0900675897423178,0.2854500957846641,-0.45246484875679016,-0.05252356082201004,-0.7094660997390747,,,,,,
1763596021.462687,,,,,,,0.07659924030303955,0.0630597174167633,-0.09174337983131409,0.374999463558197,-1.219348430633545,0.5778646469116211
1763596021.46983,-0.3753086458861828,-0.1920048463027924,0.29658655295744535,-0.5075462460517883,-0.06514587998390198,-0.7386650443077087,,,,,,
1763596021.472718,,,,,,,0.07588732242584229,0.07027125358581543,-0.11433497071266174,0.5806633830070496,-1.256616473197937,0.7169597148895264
1763596021.479883,-0.5727665699630975,-0.4551603273667395,0.4139690698005259,-0.5750840902328491,-0.06865040957927704,-0.7824183106422424,,,,,,
1763596021.482749,,,,,,,0.07877922058105469,0.05639010667800903,-0.15196171402931213,0.8843123912811279,-1.3153103590011597,0.911693811416626
1763596021.489936,-0.801333333531022,-0.665116571554169,0.549969631743431,-0.6412830352783203,-0.05672690272331238,-0.8537486791610718,,,,,,
1763596021.492779,,,,,,,0.08927905559539795,0.019628942012786865,-0.20788204669952393,1.2630658149719238,-1.3675671815872192,1.0491493940353394
1763596021.499988,-1.036553709769249,-0.83505403602086,0.5126981779694557,-0.6590731143951416,-0.014709988608956337,-0.9525532126426697,,,,,,
1763596021.50281,,,,,,,0.08406955003738403,-0.07498753070831299,-0.22899380326271057,1.4673409461975098,-1.454176902770996,1.1231498718261719
1763596021.510041,-1.2412550291031599,-0.8955142768763005,0.1880946140564978,-0.5977804660797119,0.06188518553972244,-1.0824609994888306,,,,,,
1763596021.512841,,,,,,,0.08309793472290039,-0.18272525072097778,-0.17215552926063538,1.3352115154266357,-1.4993579387664795,1.1498163938522339
1763596021.520094,-1.2104250065535307,-0.753750475231558,-0.4338531893134117,-0.4599016308784485,0.15862132608890533,-1.216254711151123,,,,,,
1763596021.522871,,,,,,,0.09143918752670288,-0.24218636751174927,-0.055168479681015015,0.8961173892021179,-1.5748639106750488,1.0790705680847168
1763596021.530147,-0.7761071223378181,-0.32124884665757414,-0.7673920470930635,-0.3006688356399536,0.19139179587364197,-1.3084594011306763,,,,,,
1763596021.532902,,,,,,,0.09939712285995483,-0.2847708463668823,0.0791979730129242,0.400106281042099,-1.6225537061691284,1.0193281173706055
1763596021.5402,-0.12332301280796527,0.38984570528268814,-0.4836250820897519,-0.20302027463912964,0.13882380723953247,-1.3105671405792236,,,,,,
1763596021.542933,,,,,,,0.05820685625076294,-0.30310022830963135,0.08612695336341858,0.03888382390141487,-1.5837745666503906,0.9235529899597168
1763596021.550253,0.5493482849746942,1.0693969718374312,-0.2809868327654898,-0.17112624645233154,0.07689838856458664,-1.2193927764892578,,,,,,
1763596021.552963,,,,,,,0.007762789726257324,-0.19749844074249268,0.026348620653152466,-0.06516242027282715,-1.503735899925232,0.8764941692352295
1763596021.560306,0.8718278424710035,1.323586252439767,-0.312950827781111,-0.1634422391653061,0.03695336729288101,-1.0986928939819336,,,,,,
1763596021.562994,,,,,,,0.008761584758758545,-0.044504642486572266,-0.029092460870742798,0.06531447917222977,-1.4542487859725952,0.8881127834320068
1763596021.570359,0.629459932565689,1.0331835026837886,-0.24167276724800466,-0.17151054739952087,-0.020624440163373947,-1.0188626050949097,,,,,,
1763596021.573025,,,,,,,0.03186380863189697,0.03865593671798706,-0.07953685522079468,0.29662758111953735,-1.4034810066223145,0.9539317488670349
1763596021.580412,0.06922726548314094,0.3961500661239028,0.0598736000739038,-0.20733864605426788,-0.08934418857097626,-1.0121421813964844,,,,,,
1763596021.583056,,,,,,,0.04680359363555908,0.032434821128845215,-0.13294202089309692,0.557989239692688,-1.391351342201233,1.0515027046203613
1763596021.590465,-0.5004401694208384,-0.29970453884750603,0.23220234359130262,-0.24865706264972687,-0.10105011612176895,-1.080525279045105,,,,,,
1763596021.593086,,,,,,,0.07081043720245361,-0.01328742504119873,-0.1652781367301941,0.756445050239563,-1.442057728767395,1.1358745098114014
1763596021.600518,-0.9379583109825849,-0.832298088376224,0.07759513472542166,-0.2547980844974518,-0.06718678027391434,-1.2059686183929443,,,,,,
1763596021.603117,,,,,,,0.10281962156295776,-0.03539854288101196,-0.12850427627563477,0.7954578399658203,-1.5274710655212402,1.2237136363983154
1763596021.610571,-1.1473328828245402,-1.099004174593836,-0.12158975927457212,-0.22295202314853668,-0.04807912930846214,-1.3652887344360352,,,,,,
1763596021.613147,,,,,,,0.12461471557617188,-0.06914806365966797,-0.0503714382648468,0.7384241223335266,-1.5833418369293213,1.3169682025909424
1763596021.620624,-1.1076619666934013,-1.0553579250909388,-0.1597686832822859,-0.19038864970207214,-0.05668944492936134,-1.509033203125,,,,,,
1763596021.623178,,,,,,,0.10887330770492554,-0.13974237442016602,-0.05348840355873108,0.602051317691803,-1.6258230209350586,1.33420729637146
1763596021.630677,-0.7549334014058112,-0.7088331828795373,-0.13017784713879227,-0.1643381416797638,-0.06919964402914047,-1.607434630393982,,,,,,
1763596021.633209,,,,,,,0.10351234674453735,-0.11908447742462158,-0.024169504642486572,0.4874105155467987,-1.6651314496994019,1.3477281332015991
1763596021.64073,-0.2637649181991815,-0.2095516819745302,-0.02929521419778466,-0.15070770680904388,-0.10232740640640259,-1.6427708864212036,,,,,,
1763596021.643239,,,,,,,0.10418486595153809,-0.08656364679336548,0.024449080228805542,0.36942058801651,-1.6232059001922607,1.3672881126403809
1763596021.650782,0.08312778054177761,0.30795155818909403,0.0910999284647405,-0.13853733241558075,-0.15928921103477478,-1.6239732503890991,,,,,,
1763596021.65327,,,,,,,0.06993800401687622,-0.10148686170578003,0.007265627384185791,0.3355523645877838,-1.5698527097702026,1.3389935493469238
1763596021.660835,0.2442828036159277,0.6675096772357821,0.015544775134325027,-0.12906751036643982,-0.19178122282028198,-1.5653235912322998,,,,,,
1763596021.663301,,,,,,,0.051031649112701416,-0.09954571723937988,-0.027757883071899414,0.3925201892852783,-1.535751461982727,1.3541568517684937
1763596021.670888,0.21147592803537843,0.7649810404285788,-0.08898644344210624,-0.12149960547685623,-0.18545886874198914,-1.4989908933639526,,,,,,
1763596021.673331,,,,,,,0.061745524406433105,-0.07848280668258667,-0.060657620429992676,0.4444805681705475,-1.5243700742721558,1.4065226316452026
1763596021.680941,0.008544540983438492,0.5841632855072617,-0.1966764183104038,-0.09720934182405472,-0.17193584144115448,-1.4603476524353027,,,,,,
1763596021.683362,,,,,,,0.0800885558128357,-0.05661886930465698,-0.06795662641525269,0.42793792486190796,-1.5942010879516602,1.4390383958816528
1763596021.690994,-0.19735738631188868,0.22897972828298807,-0.1627051751255989,-0.07741300016641617,-0.19916824996471405,-1.4709392786026,,,,,,
1763596021.693393,,,,,,,0.11347627639770508,-0.03834456205368042,-0.007465630769729614,0.45225790143013,-1.6311208009719849,1.5335174798965454
1763596021.701047,-0.4184370089948177,-0.12378332379609346,-0.017263123359531164,-0.07587307691574097,-0.23914016783237457,-1.521894097328186,,,,,,
1763596021.703424,,,,,,,0.10461384057998657,-0.08222591876983643,-0.02836853265762329,0.3873770833015442,-1.6355477571487427,1.517265796661377
1763596021.7111,-0.5405331103563309,-0.3767252346858382,-0.016234510964155197,-0.09213382005691528,-0.24766068160533905,-1.5909544229507446,,,,,,
1763596021.713454,,,,,,,0.09587860107421875,-0.057305991649627686,-0.015294909477233887,0.3450717031955719,-1.6487452983856201,1.5732976198196411
1763596021.721153,-0.5184802685022354,-0.4314133949458599,-0.045884968340396876,-0.10691478848457336,-0.24652250111103058,-1.656270980834961,,,,,,
1763596021.723485,,,,,,,0.11026313900947571,-0.03292721509933472,0.006660789251327515,0.34947577118873596,-1.642907977104187,1.5930200815200806
1763596021.731206,-0.5221288541376591,-0.38929187079221006,-0.0403602135695517,-0.1155058741569519,-0.2754921019077301,-1.714625358581543,,,,,,
1763596021.733516,,,,,,,0.09427779912948608,-0.04452931880950928,-0.02612251043319702,0.4419971704483032,-1.6305195093154907,1.6392192840576172
1763596021.741258,-0.4516290845006704,-0.30023557698428627,0.003011456775665283,-0.12257137149572372,-0.3153689503669739,-1.7591629028320312,,,,,,
1763596021.743546,,,,,,,0.08450779318809509,-0.05290788412094116,-0.06976306438446045,0.5603316426277161,-1.6279313564300537,1.687474012374878
1763596021.751312,-0.3041477819919586,-0.19564765978455542,0.06546038723029196,-0.13527438044548035,-0.3305574953556061,-1.7971125841140747,,,,,,
1763596021.753577,,,,,,,0.08871832489967346,-0.05902618169784546,-0.0877513587474823,0.6815438270568848,-1.6515430212020874,1.7919836044311523
1763596021.761365,-0.18292437181174753,-0.15453735850006342,0.09370799207128584,-0.1506512463092804,-0.32779330015182495,-1.8390003442764282,,,,,,
1763596021.763608,,,,,,,0.10097834467887878,-0.08648514747619629,-0.10440623760223389,0.7641831040382385,-1.681991457939148,1.8871088027954102
1763596021.771418,-0.1911211222708225,-0.22671002978533505,0.044987069652602074,-0.14723095297813416,-0.3340282738208771,-1.8880810737609863,,,,,,
1763596021.773638,,,,,,,0.10666188597679138,-0.1262805461883545,-0.1010010838508606,0.6109256148338318,-1.769187092781067,1.8661123514175415
1763596021.781471,-0.2535556588739157,-0.32023323987424374,-0.13248897362537682,-0.11287947744131088,-0.3712961673736572,-1.9433733224868774,,,,,,
1763596021.783669,,,,,,,0.13810351490974426,-0.11146658658981323,0.028813272714614868,0.3939302861690521,-1.861698865890503,1.9112634658813477
1763596021.791523,-0.36747839065194127,-0.2799909535959363,-0.1993476833462715,-0.058510780334472656,-0.441057950258255,-1.9891666173934937,,,,,,
1763596021.793699,,,,,,,0.15417030453681946,-0.11553895473480225,0.0951852798461914,0.2153000831604004,-1.8912690877914429,1.9009865522384644
1763596021.801576,-0.4726525833070278,-0.09480594337582587,-0.1722422342777252,-0.03174355626106262,-0.49739718437194824,-2.007371187210083,,,,,,
1763596021.803729,,,,,,,0.11334773898124695,-0.10800677537918091,0.055965811014175415,0.02834801748394966,-1.841939091682434,1.8204163312911987
1763596021.811629,-0.3480348545134067,0.205603821131587,-0.1820984423816204,-0.04014396294951439,-0.49040186405181885,-1.9845658540725708,,,,,,
1763596021.813761,,,,,,,0.09284299612045288,-0.056046247482299805,0.07062941789627075,-0.20185722410678864,-1.8241254091262817,1.7262163162231445
1763596021.821682,-0.1352086809128523,0.5651426509559154,-0.25979426100254055,-0.056316010653972626,-0.4519828259944916,-1.9325246810913086,,,,,,
1763596021.823791,,,,,,,0.10988934338092804,0.009856879711151123,0.13443684577941895,-0.2508774995803833,-1.802502989768982,1.7170028686523438
1763596021.831735,-0.09582067337632179,0.7658171989917755,-0.1503273395895958,-0.07567958533763885,-0.4419269859790802,-1.8573365211486816,,,,,,
1763596021.833822,,,,,,,0.10166539251804352,0.048510193824768066,0.11642295122146606,-0.19162721931934357,-1.7277075052261353,1.6688199043273926
1763596021.841788,-0.1559217985957861,0.749734079197049,-0.05988302548937499,-0.11343571543693542,-0.4295155107975006,-1.7775200605392456,,,,,,
1763596021.843853,,,,,,,0.06276169419288635,0.07015526294708252,0.05672818422317505,-0.011434998363256454,-1.6613514423370361,1.6770769357681274
1763596021.851841,-0.1346761814713478,0.5632844558686018,-0.14457206399850547,-0.1606152057647705,-0.366728276014328,-1.7165762186050415,,,,,,
1763596021.853883,,,,,,,0.056003227829933167,0.0823129415512085,0.013251781463623047,0.26073846220970154,-1.635453462600708,1.7411890029907227
1763596021.861894,-0.06330956587195397,0.2360813769817352,-0.23573175982646644,-0.21048709750175476,-0.2748923599720001,-1.7088216543197632,,,,,,
1763596021.863914,,,,,,,0.06148028373718262,0.09073573350906372,-0.018256783485412598,0.5334094762802124,-1.6257222890853882,1.8367308378219604
1763596021.871947,-0.049439445951581,-0.1160673425912857,-0.1325800859749317,-0.25877928733825684,-0.2203042209148407,-1.7598164081573486,,,,,,
1763596021.873945,,,,,,,0.06078702211380005,0.05135387182235718,-0.03465026617050171,0.6731879115104675,-1.6377140283584595,1.9044729471206665
1763596021.882,0.02504033323228359,-0.3641477849245071,0.06818097130060195,-0.2678772807121277,-0.23635679483413696,-1.8613100051879883,,,,,,
1763596021.883975,,,,,,,0.07300520688295364,-0.005371570587158203,0.013637304306030273,0.7503650784492493,-1.661289930343628,2.03175950050354
1763596021.892053,0.06135317110717296,-0.4407014477729797,0.26362295244522393,-0.2433152198791504,-0.3175555169582367,-1.9763809442520142,,,,,,
1763596021.894006,,,,,,,0.09000059217214584,-0.037136614322662354,0.03074336051940918,0.7135972380638123,-1.6576045751571655,2.0450029373168945
1763596021.902106,0.040138533642888066,-0.44652971553504467,0.1531634397983551,-0.1903943121433258,-0.4278462827205658,-2.0735888481140137,,,,,,
1763596021.904036,,,,,,,0.07306563854217529,-0.07524740695953369,0.044356852769851685,0.5071038603782654,-1.6299303770065308,1.9909168481826782
1763596021.912159,0.043321255332231516,-0.2646475462526083,-0.12133863405771553,-0.13282503187656403,-0.5287057757377625,-2.1242434978485107,,,,,,
1763596021.914066,,,,,,,0.07700899243354797,-0.0750589370727539,0.14156025648117065,0.2719145715236664,-1.615634560585022,1.9960381984710693
1763596021.922212,-0.021042203506827353,0.07887246118485927,-0.19157237316966055,-0.09003879874944687,-0.6106499433517456,-2.1094155311584473,,,,,,
1763596021.924098,,,,,,,0.09263509511947632,-0.027099788188934326,0.17766296863555908,0.14467255771160126,-1.5719547271728516,1.9569664001464844
1763596021.932265,-0.16717559853792188,0.3535276067107916,-0.21850487682409583,-0.08843263983726501,-0.6498940587043762,-2.037055492401123,,,,,,
1763596021.934128,,,,,,,0.07225695997476578,0.0006258487701416016,0.11378723382949829,0.14870430529117584,-1.496846318244934,1.9420052766799927
1763596021.942317,-0.185726569750905,0.5505599988520145,-0.243542287446931,-0.13846996426582336,-0.5898274183273315,-1.9322824478149414,,,,,,
1763596021.944159,,,,,,,0.057962603867053986,0.03402024507522583,0.039678096771240234,0.2707713544368744,-1.4439918994903564,1.9455339908599854
1763596021.95237,-0.077367901840806,0.5739841290593147,-0.24892456500716506,-0.22060184180736542,-0.44688117504119873,-1.8396742343902588,,,,,,
1763596021.95419,,,,,,,0.06247010827064514,0.07574039697647095,0.0020231008529663086,0.4921000003814697,-1.4191739559173584,1.9981974363327026
1763596021.962423,-0.03660977499485016,0.39713878490030763,-0.119291601867415,-0.3038540482521057,-0.3084660470485687,-1.7967506647109985,,,,,,
1763596021.96422,,,,,,,0.06814215332269669,0.08443200588226318,0.0024957656860351562,0.6897367835044861,-1.4067788124084473,2.065251111984253
1763596021.972476,-0.13642273287773132,0.11031564719676971,0.0623309300981462,-0.35242050886154175,-0.23191186785697937,-1.8153693675994873,,,,,,
1763596021.974251,,,,,,,0.07022443413734436,0.056855082511901855,0.013240605592727661,0.8646324276924133,-1.401345133781433,2.1690430641174316
1763596021.982529,-0.24087270291149615,-0.2033861450821161,0.22579605674557388,-0.36958786845207214,-0.24382008612155914,-1.8873344659805298,,,,,,
1763596021.984282,,,,,,,0.07226380705833435,0.0031384825706481934,0.012674093246459961,1.020823359489441,-1.3951858282089233,2.2603507041931152
1763596021.992582,-0.2300210540294647,-0.35018589506745335,0.25748656858205793,-0.36954766511917114,-0.3163968324661255,-1.9879399538040161,,,,,,
1763596021.994312,,,,,,,0.07525449991226196,-0.004697263240814209,0.026728332042694092,1.2076244354248047,-1.3894938230514526,2.3893563747406006
1763596022.002635,-0.18270166897177695,-0.3248860341161489,0.21468546466641128,-0.3600105941295624,-0.3926801383495331,-2.080526351928711,,,,,,
1763596022.004343,,,,,,,0.07561132311820984,0.014548838138580322,0.022989392280578613,1.410447359085083,-1.3571350574493408,2.483599901199341
1763596022.012688,-0.12437281412184238,-0.2884323264658451,0.11515541537813842,-0.35485416650772095,-0.43373143672943115,-2.1498401165008545,,,,,,
1763596022.014373,,,,,,,0.06163892149925232,0.0054354071617126465,0.011705636978149414,1.5954794883728027,-1.3148552179336548,2.5821595191955566
1763596022.02274,-0.03470598720014095,-0.2521989835679531,0.08295885371565818,-0.37088966369628906,-0.4340296983718872,-2.1923184394836426,,,,,,
1763596022.024404,,,,,,,0.0579887330532074,-0.022368907928466797,0.013972878456115723,1.7962592840194702,-1.266252875328064,2.721022844314575
1763596022.032794,0.01308686058819294,-0.20135142438411713,0.13888123194575308,-0.4087611436843872,-0.4129851460456848,-2.2113196849823,,,,,,
1763596022.034435,,,,,,,0.06168144941329956,-0.035196006298065186,0.021969318389892578,2.0501937866210938,-1.2195910215377808,2.8869717121124268
1763596022.042847,-0.02231295409500599,-0.17207096936404703,0.2063571967821568,-0.4495558440685272,-0.39519819617271423,-2.2191712856292725,,,,,,
1763596022.044465,,,,,,,0.06573617458343506,-0.010615050792694092,0.025453269481658936,2.4024717807769775,-1.1604944467544556,3.071131706237793
