timestamp,phone_accel_x,phone_accel_y,phone_accel_z,phone_gyro_x,phone_gyro_y,phone_gyro_z,watch_accel_x,watch_accel_y,watch_accel_z,watch_gyro_x,watch_gyro_y,watch_gyro_z
1763595998.447999,0.5475559947304427,0.058500119763612746,0.041242695492506025,0.009188675321638584,-0.37748876214027405,-0.1585288643836975,,,,,,
1763595998.452409,,,,,,,0.03598970174789429,0.19894914329051971,-0.03610575199127197,0.05583066865801811,0.16100703179836273,0.5576080679893494
1763595998.458052,0.4042984473966062,0.09848550867140292,-0.04324190648570656,0.034081507474184036,-0.37392839789390564,-0.08634014427661896,,,,,,
1763595998.462439,,,,,,,0.017701447010040283,0.19620946049690247,-0.023187994956970215,-0.03480815514922142,0.13750196993350983,0.4432162940502167
1763595998.468104,0.3953646878998726,0.2029173585265875,-0.05938040972948074,0.059461165219545364,-0.32713985443115234,-0.027886157855391502,,,,,,
1763595998.47247,,,,,,,0.00014227628707885742,0.18035630881786346,-0.008150218985974789,-0.1395135521888733,0.13811956346035004,0.33020269870758057
1763595998.478157,0.40864064131937916,0.1795803220808506,-0.03499620231837034,0.08304966241121292,-0.28182658553123474,0.019463900476694107,,,,,,
1763595998.482501,,,,,,,-0.011680126190185547,0.1642635315656662,0.0031723971478641033,-0.23812001943588257,0.14369754493236542,0.2337169200181961
1763595998.48821,0.2662949481334537,0.021456045004725456,0.031054186694324016,0.10512673854827881,-0.27596205472946167,0.041045889258384705,,,,,,
1763595998.492531,,,,,,,-0.014711856842041016,0.1569252908229828,0.006170867942273617,-0.31211236119270325,0.14390979707241058,0.13071756064891815
1763595998.498263,0.09376322938986122,-0.10982231072187423,0.06648351973295212,0.13158752024173737,-0.29810285568237305,0.045738380402326584,,,,,,
1763595998.502562,,,,,,,-0.011550843715667725,0.15987899899482727,0.0010240068659186363,-0.3481641113758087,0.12633027136325836,0.03369754180312157
1763595998.508316,0.06268047418817878,-0.06394318760037422,-0.00461801518946886,0.14064545929431915,-0.3316038250923157,0.03228408843278885,,,,,,
1763595998.512592,,,,,,,-0.0004565119743347168,0.1607462763786316,-0.004973053932189941,-0.3754321336746216,0.08305071294307709,-0.03694872930645943
1763595998.518369,0.07542085942625999,0.0857727420926094,-0.0998807624220848,0.13927990198135376,-0.3186782896518707,0.005995417945086956,,,,,,
1763595998.522623,,,,,,,0.008260488510131836,0.13706736266613007,-0.008643269538879395,-0.3899194598197937,0.052424896508455276,-0.09813672304153442
1763595998.528422,0.20540639886334539,0.23661621451079845,-0.18029826109185815,0.134389266371727,-0.2428937703371048,-0.016362618654966354,,,,,,
1763595998.532654,,,,,,,0.00957942008972168,0.11371399462223053,-0.012728331610560417,-0.4264867901802063,0.05663188919425011,-0.1293622851371765
1763595998.538475,0.3667634473156184,0.26431495329737664,-0.24378186835646629,0.1173883005976677,-0.16071884334087372,-0.013554924167692661,,,,,,
1763595998.542684,,,,,,,0.008365094661712646,0.1090572327375412,-0.0145342368632555,-0.41539472341537476,0.046087637543678284,-0.14834795892238617
1763595998.548528,0.4961213563736528,0.21698680041134355,-0.26725729035958645,0.09869903326034546,-0.10955845564603806,0.01724320277571678,,,,,,
1763595998.552715,,,,,,,0.010973632335662842,0.105889692902565,-0.021033169701695442,-0.39529603719711304,0.028299851343035698,-0.16271159052848816
1763595998.558581,0.6047741849247366,0.16841420042216776,-0.2820107689857483,0.09561246633529663,-0.08479484915733337,0.061512283980846405,,,,,,
1763595998.562746,,,,,,,0.016281306743621826,0.1002650260925293,-0.020467398688197136,-0.36945056915283203,0.005882693454623222,-0.16950131952762604
1763595998.568634,0.7027852079521865,0.15395429791510104,-0.2956289599716663,0.11348813772201538,-0.09050253033638,0.11148383468389511,,,,,,
1763595998.572776,,,,,,,0.014589667320251465,0.09111380577087402,-0.01504981517791748,-0.36281391978263855,-0.020745987072587013,-0.17382855713367462
1763595998.578687,0.6979532577510923,0.1406277833521366,-0.19447876213565468,0.13417233526706696,-0.12960253655910492,0.1538737416267395,,,,,,
1763595998.582807,,,,,,,0.005570411682128906,0.07905928790569305,-0.006273508071899414,-0.35960322618484497,-0.044707246124744415,-0.18857581913471222
1763595998.58874,0.5993270254347473,0.11043898131549358,-0.10173501198664307,0.15627896785736084,-0.17904172837734222,0.17146658897399902,,,,,,
1763595998.592838,,,,,,,-0.009262681007385254,0.05800679326057434,0.0021218061447143555,-0.3420681655406952,-0.041396405547857285,-0.19391657412052155
1763595998.598793,0.5030214180856943,0.041592824104428286,-0.0320842603944242,0.17372490465641022,-0.21220411360263824,0.16606269776821136,,,,,,
1763595998.602868,,,,,,,-0.024723827838897705,0.03998516499996185,0.006042955443263054,-0.3469305634498596,-0.003129976335912943,-0.19783595204353333
1763595998.608846,0.41752252449840305,-0.03842120833098888,0.025786621554940936,0.18144141137599945,-0.2384122908115387,0.14925308525562286,,,,,,
1763595998.612899,,,,,,,-0.0280492901802063,0.04232563078403473,0.002469301223754883,-0.35287904739379883,0.016976622864603996,-0.20794138312339783
1763595998.618899,0.27746505184751,-0.13765724310874938,0.08050868408456444,0.18686465919017792,-0.27651140093803406,0.12725183367729187,,,,,,
1763595998.62293,,,,,,,-0.01627892255783081,0.04421494901180267,-0.005288483574986458,-0.35544875264167786,0.0109203290194273,-0.21837005019187927
1763595998.628951,0.10629420966096222,-0.17415303633511064,0.088551413025707,0.19379474222660065,-0.31866443157196045,0.11102360486984253,,,,,,
1763595998.63296,,,,,,,-0.0056847333908081055,0.032075926661491394,-0.01099693775177002,-0.36264756321907043,0.011630860157310963,-0.22118008136749268
1763595998.639004,0.05350676845572889,-0.11021394038796424,0.09937354355230926,0.19525684416294098,-0.3385888338088989,0.10695037990808487,,,,,,
1763595998.642991,,,,,,,-0.009805858135223389,0.01563863456249237,-0.007756592705845833,-0.3666308522224426,0.033512189984321594,-0.2213369458913803
1763595998.649057,0.03208784059099853,-0.018086860832571983,0.09671952191218733,0.1915033906698227,-0.30803385376930237,0.11147881299257278,,,,,,
1763595998.653022,,,,,,,-0.015508711338043213,-0.002135753631591797,-0.002948760986328125,-0.3532818853855133,0.060118500143289566,-0.2156844586133957
1763595998.65911,0.00703044662605971,-0.007650222492218017,0.0702139384329319,0.1784888207912445,-0.24968750774860382,0.11964581161737442,,,,,,
1763595998.663052,,,,,,,-0.01521158218383789,-0.002930089831352234,-0.0033917445689439774,-0.3437158167362213,0.0723796933889389,-0.2108369767665863
1763595998.669163,-0.09983454866018146,-0.04998480487465858,0.049897272721678015,0.15411023795604706,-0.20041103661060333,0.12378436326980591,,,,,,
1763595998.673083,,,,,,,-0.0008453130722045898,0.009147390723228455,-0.010944966226816177,-0.28627583384513855,0.06684485077857971,-0.1875024288892746
1763595998.679216,-0.2209127051508054,-0.07393500478267669,0.05995251052901148,0.13303719460964203,-0.1573360562324524,0.1173289492726326,,,,,,
1763595998.683114,,,,,,,0.016997456550598145,0.01652170717716217,-0.02162468433380127,-0.23364590108394623,0.03139737620949745,-0.17239484190940857
1763595998.689269,-0.32100977720469237,-0.06665653821229935,0.04971957806721329,0.1144946739077568,-0.1211857795715332,0.1092718169093132,,,,,,
1763595998.693144,,,,,,,0.021315693855285645,0.019681483507156372,-0.018456336110830307,-0.17050518095493317,-0.004226932302117348,-0.1695934534072876
1763595998.699322,-0.3126246280340478,-0.05623802005052566,-0.003317600115388632,0.1067359670996666,-0.063210129737854,0.09683963656425476,,,,,,
1763595998.703175,,,,,,,0.00846719741821289,0.0036148130893707275,-0.01275479793548584,-0.11979247629642487,0.0022512071300297976,-0.15081018209457397
1763595998.709374,-0.23210348632670938,-0.07836684975028038,-0.016655366724729538,0.0956614762544632,0.005692237988114357,0.08579470962285995,,,,,,
1763595998.713205,,,,,,,-0.00954669713973999,-0.007469251751899719,-0.00745844841003418,-0.09456870704889297,0.020593728870153427,-0.13723525404930115
1763595998.719428,-0.19763006577342748,-0.14586568400561808,0.07232187049761414,0.08040719479322433,0.06126051023602486,0.07623419910669327,,,,,,
1763595998.723236,,,,,,,-0.014024198055267334,-0.007984325289726257,-0.007562991231679916,-0.055340614169836044,0.023900575935840607,-0.12590830028057098
1763595998.729481,-0.14890559969078748,-0.20688217050433158,0.19491481546536088,0.06094960495829582,0.08923834562301636,0.06511017680168152,,,,,,
1763595998.733267,,,,,,,-0.010911107063293457,-0.010963916778564453,-0.010530706495046616,-0.01597982831299305,0.025407392531633377,-0.10817617177963257
1763595998.739533,-0.11016213713549076,-0.18452771535515783,0.24573183338046073,0.04747263342142105,0.08922088891267776,0.056345485150814056,,,,,,
1763595998.743297,,,,,,,-0.007442295551300049,-0.012350544333457947,-0.008262401446700096,0.01046189945191145,0.031066343188285828,-0.09328803420066833
1763595998.749587,-0.05945084461718797,-0.10542027637064456,0.23274507216587662,0.040699414908885956,0.06993001699447632,0.04986894130706787,,,,,,
1763595998.753328,,,,,,,-0.004155933856964111,-0.010521993041038513,-0.008258219808340073,0.015410109423100948,0.023030521348118782,-0.08611787855625153
1763595998.75964,-0.011057108326256275,-0.03461363274157047,0.1852875938117504,0.04469407722353935,0.048491884022951126,0.04225093498826027,,,,,,
1763595998.763359,,,,,,,-0.003035604953765869,-0.02030782401561737,-0.012027144432067871,0.030829278752207756,0.03602994233369827,-0.07747725397348404
1763595998.769692,0.06107987059112638,0.006288871011137962,0.11160393344163894,0.058242909610271454,0.03719368949532509,0.040047433227300644,,,,,,
1763595998.773389,,,,,,,-0.004594624042510986,-0.03361573815345764,-0.01860821433365345,0.0077789765782654285,0.06021570786833763,-0.06709098815917969
1763595998.779746,0.08247651355881243,-0.013766659545898436,0.0788766989685595,0.06927528977394104,0.009191079996526241,0.04700379818677902,,,,,,
1763595998.78342,,,,,,,0.0008538961410522461,-0.025550812482833862,-0.018199440091848373,-0.0174960196018219,0.054630789905786514,-0.06358680129051208
1763595998.789798,0.03314677505940199,-0.07752630727291107,0.15482596618309616,0.07542452961206436,-0.034081026911735535,0.054789818823337555,,,,,,
1763595998.793451,,,,,,,0.009963929653167725,-0.020994946360588074,-0.018467308953404427,-0.026907648891210556,0.041280098259449005,-0.06283912062644958
1763595998.79985,-0.04650843400098383,-0.07704232314825057,0.16230302406549452,0.07982532680034637,-0.07182210683822632,0.05597187951207161,,,,,,
1763595998.803481,,,,,,,0.010193467140197754,-0.023715272545814514,-0.013992782682180405,-0.03848307952284813,0.03853091597557068,-0.06584449112415314
1763595998.809904,-0.0731269763354212,-0.03006488339602947,0.1402795544363558,0.08080989867448807,-0.0880705788731575,0.05181708186864853,,,,,,
1763595998.813512,,,,,,,0.005998194217681885,-0.01737697422504425,-0.006597157567739487,-0.06021934002637863,0.028890274465084076,-0.06673512607812881
1763595998.819957,-0.15935359967537224,0.007594108390808105,0.10928791158422826,0.07273244857788086,-0.08354263007640839,0.0391521155834198,,,,,,
1763595998.823543,,,,,,,0.0050643086433410645,-0.011903166770935059,-0.002154465764760971,-0.043330371379852295,0.008116819895803928,-0.06809200346469879
1763595998.830009,-0.2050501327715814,0.015860416954755784,0.0634570115186274,0.06170616298913956,-0.04865654930472374,0.019680414348840714,,,,,,
1763595998.833573,,,,,,,0.002020716667175293,-0.019215941429138184,-0.004713054746389389,-0.04226478934288025,0.008582872338593006,-0.06354818493127823
1763595998.840063,-0.17522837394904345,0.0022568390160799027,0.04316211924776435,0.04584576562047005,-0.0009668461279943585,0.0036074002273380756,,,,,,
1763595998.843604,,,,,,,-0.0027704834938049316,-0.017221763730049133,-0.0040310584008693695,-0.0423249751329422,0.025332024320960045,-0.04995274916291237
1763595998.850116,-0.12590798779986798,-0.016533786171674728,0.062196636193990705,0.024519173428416252,0.03943703696131706,-0.004242533817887306,,,,,,
1763595998.853635,,,,,,,0.0006234049797058105,-0.011756762862205505,-0.009476423263549805,-0.01659436523914337,0.03142879903316498,-0.03023037314414978
1763595998.860168,-0.05777863708864897,-0.01807867752611637,0.08325564470514654,0.006200861185789108,0.05878369137644768,-0.006350326351821423,,,,,,
1763595998.863665,,,,,,,0.009975731372833252,-0.01093512773513794,-0.01780998706817627,-0.00698488112539053,0.020115692168474197,-0.016587533056735992
1763595998.870222,-0.019418401697278022,-0.006399345648288726,0.092777506288141,-0.004626752343028784,0.05399958789348602,0.003372075967490673,,,,,,
1763595998.873695,,,,,,,0.01427316665649414,-0.0059999823570251465,-0.016822218894958496,0.01345740258693695,0.005413444247096777,-0.004347644746303558
1763595998.880275,0.04154854657128453,0.013669628912210463,0.037984570479393,-0.0006253630854189396,0.04670245945453644,0.01720081828534603,,,,,,
1763595998.883726,,,,,,,0.009440958499908447,-0.011891260743141174,-0.010595083236694336,0.035879623144865036,-0.0004961098311468959,0.0007328675128519535
1763595998.890327,0.058664333881996565,-0.004635258585214614,0.002315729596465826,0.015013784170150757,0.037309758365154266,0.029554955661296844,,,,,,
1763595998.893757,,,,,,,-0.00048476457595825195,-0.012230470776557922,-0.0034154653549194336,0.02358817867934704,0.006729844957590103,0.0016120434738695621
1763595998.900381,-0.0028758476972579957,-0.03003916443288326,0.04343333740457892,0.021797792986035347,0.016605976969003677,0.03440137580037117,,,,,,
1763595998.903788,,,,,,,-0.005790591239929199,-0.0028080642223358154,0.0038007497787475586,0.023447297513484955,0.0066321068443357944,-0.003274058224633336
1763595998.910434,-0.08679057736564427,-0.046075522476434705,0.0899697553910315,0.022608991712331772,-0.007295627146959305,0.02747449092566967,,,,,,
1763595998.913818,,,,,,,-0.006626486778259277,-0.006807863712310791,0.0031517688184976578,0.014874960295855999,-0.0056368098594248295,-0.0061358241364359856
1763595998.920486,-0.11462426764350384,-0.0413572617828846,0.06408800289854406,0.014260039664804935,-0.013494719751179218,0.011119447648525238,,,,,,
1763595998.923849,,,,,,,-0.00486379861831665,-0.012370333075523376,0.0035108327865600586,0.0057837264612317085,-0.00938600767403841,-0.007171793840825558
1763595998.93054,-0.07532222135737537,-0.05424889205992221,0.01878185735940933,0.007642616983503103,0.0015545370988547802,-0.012169631198048592,,,,,,
1763595998.93388,,,,,,,-0.004926860332489014,-0.012465983629226685,-0.0011303424835205078,-0.020848140120506287,0.007771939970552921,-0.006154932547360659
1763595998.940593,-0.012709917034581302,-0.034952070915699004,-0.010633622217178344,0.0012190372217446566,0.009914255701005459,-0.02164371684193611,,,,,,
1763595998.94391,,,,,,,-0.006238877773284912,-0.008129775524139404,-0.004401087760925293,-0.03068132884800434,0.019547106698155403,-0.004527208395302296
1763595998.950645,0.03528952270913869,-0.022318799313902852,-0.002868687304109335,0.001377495238557458,-0.0054133012890815735,-0.016506478190422058,,,,,,
1763595998.953941,,,,,,,0.000690460205078125,-0.009097829461097717,-0.0074157677590847015,-0.03603251278400421,0.005668309051543474,-0.0053415363654494286
1763595998.960697,0.049326888955198225,-0.02898001076877117,0.002588116797059774,0.009623821824789047,-0.04038683697581291,0.007322342600673437,,,,,,
1763595998.963972,,,,,,,0.006777465343475342,-0.006322026252746582,-0.0033245086669921875,-0.046893682330846786,-0.013085671700537205,-0.01136827003210783
1763595998.970751,0.03182177353333682,0.0048024318456649775,-0.00753682524561882,0.024417415261268616,-0.07251521199941635,0.032285746186971664,,,,,,
1763595998.974002,,,,,,,0.0015692710876464844,-0.008181065320968628,0.007334232330322266,-0.05240257456898689,-0.01784181036055088,-0.019001290202140808
1763595998.980803,-0.021820311739854513,-0.0009101005822420119,-0.035702743152529,0.036590494215488434,-0.08728569000959396,0.046475764364004135,,,,,,
1763595998.984033,,,,,,,-0.0060419440269470215,-0.007562905550003052,0.012101292610168457,-0.08142250776290894,-0.01374773308634758,-0.027302628383040428
1763595998.990856,-0.09733272190708667,-0.01930383540689945,-0.04652794241905212,0.03699396550655365,-0.08638208359479904,0.043691426515579224,,,,,,
1763595998.994064,,,,,,,-0.010014176368713379,-0.005941286683082581,0.012824419885873795,-0.07855485379695892,-0.01149416621774435,-0.03014395385980606
1763595999.00091,-0.1925874319637194,-0.05322364066541194,-0.023740794941037893,0.034415051341056824,-0.07622569799423218,0.025347156450152397,,,,,,
1763595999.004094,,,,,,,-0.004221081733703613,-0.009008362889289856,0.009713411331176758,-0.09214736521244049,-0.007552954368293285,-0.03476400673389435
1763595999.010962,-0.2317830222006887,-0.037598786032199856,-0.0003213409088551998,0.028045302256941795,-0.07299048453569412,0.006616080645471811,,,,,,
1763595999.014125,,,,,,,0.0028033852577209473,-0.0009042173624038696,0.00897204875946045,-0.09481505304574966,-0.006713259499520063,-0.03948712348937988
1763595999.021015,-0.22840123427528886,-0.004175239858031273,0.008452332655340433,0.022455522790551186,-0.07536245137453079,-7.196329534053802e-05,,,,,,
1763595999.024156,,,,,,,0.008397400379180908,0.0036686360836029053,0.006733059883117676,-0.08075462281703949,-0.012728008441627026,-0.03836886212229729
1763595999.031069,-0.22275259739644823,0.04352934512495994,0.001879676266759634,0.02037958987057209,-0.06979857385158539,0.0022862658370286226,,,,,,
1763595999.034186,,,,,,,0.009608030319213867,-0.0003750622272491455,0.011487722396850586,-0.06000261381268501,-0.01561168022453785,-0.03920622542500496
1763595999.041121,-0.15781586871407924,0.08478431557714938,-0.04292494949102402,0.02142488583922386,-0.03979107737541199,0.00926745031028986,,,,,,
1763595999.044217,,,,,,,0.004394888877868652,-0.004683881998062134,0.018339160829782486,-0.06380507349967957,-0.007236038334667683,-0.03519283980131149
1763595999.051174,-0.11757628584951162,0.07964870625436306,-0.07105930321589111,0.017161428928375244,-0.0028695457149297,0.021146481856703758,,,,,,
1763595999.054247,,,,,,,-0.0016649365425109863,0.0019444525241851807,0.019870880991220474,-0.04324416071176529,-0.0032282467000186443,-0.028262631967663765
1763595999.061228,-0.12879917919673026,0.030390462088584896,-0.09089169254153967,0.014809263870120049,0.02491227351129055,0.029847359284758568,,,,,,
1763595999.064278,,,,,,,-0.0003288388252258301,0.0029931217432022095,0.01765143871307373,-0.004748964216560125,-0.006065045949071646,-0.027306023985147476
1763595999.07128,-0.12719064802154897,-0.025953356423974037,-0.10306158441528677,0.018816255033016205,0.0341036431491375,0.03876388818025589,,,,,,
1763595999.074309,,,,,,,-0.0007314085960388184,0.005148395895957947,0.010232452303171158,0.004095172043889761,-0.0002303263172507286,-0.027520008385181427
1763595999.081333,-0.14700626887548715,-0.033598318219184874,-0.03941431102156639,0.02207307144999504,0.028707100078463554,0.04220893234014511,,,,,,
1763595999.084339,,,,,,,-0.0018225312232971191,0.008507251739501953,0.009073853492736816,0.02727053314447403,0.006950354669243097,-0.0265096053481102
1763595999.091387,-0.1631717697240412,-0.02213642848432064,0.03590367255210876,0.024323441088199615,0.02020043134689331,0.0389351062476635,,,,,,
1763595999.09437,,,,,,,-0.002827286720275879,0.0020030587911605835,0.011089447885751724,0.0358416773378849,0.01540935318917036,-0.02667905017733574
1763595999.101439,-0.19635270278137176,-0.02213642848432064,0.07085004437938332,0.016646599397063255,0.02059689164161682,0.030074596405029297,,,,,,
1763595999.104401,,,,,,,-0.005198538303375244,-0.0010103285312652588,0.01816296949982643,0.03793385624885559,0.01765359938144684,-0.026667864993214607
1763595999.111493,-0.19504556570556014,-0.02044365309178829,0.04564896762743592,0.003920684102922678,0.033492717891931534,0.02135913446545601,,,,,,
1763595999.114431,,,,,,,-0.0053331851959228516,-0.0017087608575820923,0.021425489336252213,0.054272156208753586,0.01603359915316105,-0.026680581271648407
1763595999.121546,-0.12214143834058194,0.002066284880042076,-0.06304550810828805,0.0007756424602121115,0.057883914560079575,0.010830139741301537,,,,,,
1763595999.124462,,,,,,,-0.003776729106903076,-0.005066677927970886,0.016437290236353874,0.05284470319747925,0.019624071195721626,-0.026078706607222557
1763595999.131598,-0.08978132014684378,-0.005791442883014679,-0.14772139487490057,0.006049766670912504,0.060538019984960556,0.009664740413427353,,,,,,
1763595999.134493,,,,,,,-0.0009324550628662109,-0.0029154419898986816,0.009548306465148926,0.05093388259410858,0.016800587996840477,-0.024483205750584602
1763595999.14165,-0.05586988085787743,0.002397124269604683,-0.13368833947777747,0.016165344044566154,0.043188486248254776,0.014956293627619743,,,,,,
1763595999.144523,,,,,,,0.0031081438064575195,-0.004876121878623962,0.005802631378173828,0.057633064687252045,0.013239676132798195,-0.019675401970744133
1763595999.151704,-0.0206064059054479,0.03177110279202461,-0.076849430924654,0.028798582032322884,0.016588032245635986,0.01800587959587574,,,,,,
1763595999.154554,,,,,,,0.004052221775054932,-0.010730251669883728,0.009145375341176987,0.0422302782535553,0.012085195630788803,-0.020915836095809937
1763595999.161757,-0.01952032770179212,0.0334796602755785,-0.0017876140691339968,0.03290947899222374,-0.004896746948361397,0.020591413602232933,,,,,,
1763595999.164585,,,,,,,-0.0002670884132385254,-0.007577255368232727,0.01632058247923851,0.049259960651397705,0.010178372263908386,-0.014804413542151451
1763595999.171809,-0.036676995012164114,0.008683657193183899,0.02208309086188674,0.0334562286734581,-0.0062597524374723434,0.014493838883936405,,,,,,
1763595999.174615,,,,,,,-0.0048010945320129395,-0.011559978127479553,0.016097307205200195,0.05815654247999191,0.018636837601661682,-0.0113503597676754
1763595999.181863,-0.06985533425360918,-0.030125089150667188,-0.029219226352125406,0.030813055112957954,0.008944174274802208,0.011971116997301579,,,,,,
1763595999.184646,,,,,,,-0.007786214351654053,-0.007217094302177429,0.013413306325674057,0.0674389898777008,0.025932567194104195,-0.004812566563487053
1763595999.191916,-0.11782225996721535,-0.0317845467954874,-0.07377703774198889,0.028463881462812424,0.027171114459633827,0.011681631207466125,,,,,,
1763595999.194677,,,,,,,-0.004876911640167236,0.002955824136734009,0.008124113082885742,0.10397988557815552,0.023245172575116158,0.002783501520752907
1763595999.201968,-0.14516597477104515,-0.0341851781964302,-0.04726926230564713,0.02587854117155075,0.04548349231481552,0.013102655299007893,,,,,,
1763595999.204707,,,,,,,0.0012025833129882812,0.0066083818674087524,0.0013290643692016602,0.14229637384414673,0.013379225507378578,0.008467486128211021
1763595999.212022,-0.1634767074873671,-0.056177814295887946,-0.015542437046766281,0.027224503457546234,0.06645109504461288,0.011152688413858414,,,,,,
1763595999.214738,,,,,,,-0.0005434751510620117,0.006558656692504883,0.004439592361450195,0.19072376191616058,0.014715067110955715,0.01876692846417427
1763595999.222075,-0.1489739887518808,-0.05149053326249122,0.03804536075592041,0.021593399345874786,0.09265563637018204,0.0072461762465536594,,,,,,
1763595999.224768,,,,,,,-0.008746206760406494,0.003561928868293762,0.006152983754873276,0.2277640700340271,0.03641956299543381,0.02675854228436947
1763595999.232127,-0.12809866624455898,-0.06879588832855224,0.061900868117809295,0.009257371537387371,0.11507252603769302,0.0015432832296937704,,,,,,
1763595999.234799,,,,,,,-0.011912226676940918,0.007315501570701599,0.005827184766530991,0.2781636118888855,0.04192405194044113,0.038112930953502655
1763595999.242181,-0.15315960387345404,-0.10498363851904868,0.0458088343642652,0.007410912774503231,0.1334351897239685,-0.004138716496527195,,,,,,
1763595999.24483,,,,,,,-0.007298529148101807,0.01419396698474884,0.0019557438790798187,0.3426720201969147,0.03772131726145744,0.051644984632730484
1763595999.252234,-0.1296602530054748,-0.08395838614702224,0.033211218597739935,0.004980245605111122,0.14231230318546295,6.961054168641567e-05,,,,,,
1763595999.25486,,,,,,,-0.0014085173606872559,0.01809607446193695,-0.0021957196295261383,0.4003952145576477,0.030097218230366707,0.05494637042284012
1763595999.262286,-0.11102006913907825,-0.0075409168988466255,0.043249797531217334,0.0012938573490828276,0.14620690047740936,0.004283399321138859,,,,,,
1763595999.264891,,,,,,,0.00013434886932373047,0.01923462748527527,0.0005824528634548187,0.45039045810699463,0.02139187790453434,0.05521721392869949
1763595999.272339,-0.06704973878096789,0.01697159306704998,0.0282652866281569,0.0009076988790184259,0.15818074345588684,0.006820326671004295,,,,,,
1763595999.274922,,,,,,,-0.0027849674224853516,0.010104343295097351,0.0002478361129760742,0.4572048485279083,0.0354648195207119,0.05669693648815155
1763595999.282393,-0.06260262317899615,-0.02692074015140533,0.008618190741539002,0.00015821168199181557,0.1708258092403412,0.00890605989843607,,,,,,
1763595999.284952,,,,,,,-0.005012869834899902,0.0005695372819900513,0.0005668383091688156,0.440794974565506,0.043208759278059006,0.05572780966758728
1763595999.292445,-0.06940108768008649,-0.05103694427609443,0.002762158189713955,-0.00041303597390651703,0.17733165621757507,0.007665825076401234,,,,,,
1763595999.294983,,,,,,,-0.001452803611755371,-0.008002668619155884,0.003177165985107422,0.40672773122787476,0.04156718775629997,0.051200367510318756
1763595999.302499,-0.021900646967068314,-0.010644143611192702,-0.00420519660487771,-0.0014447285793721676,0.1795172542333603,0.008473657071590424,,,,,,
1763595999.305014,,,,,,,0.0006341338157653809,-0.009611353278160095,0.0027409791946411133,0.329150915145874,0.04536272585391998,0.029765384271740913
1763595999.312551,0.008043203865177928,-5.377601385116577e-05,1.505143865942955e-05,0.001163305016234517,0.1629427969455719,0.008980989456176758,,,,,,
1763595999.315044,,,,,,,0.0015264153480529785,-0.009923160076141357,0.000905986875295639,0.25633490085601807,0.057402078062295914,0.010372178629040718
1763595999.322603,0.024648959294520316,0.010026888495683669,-0.005313450107723474,0.008844847790896893,0.13055002689361572,0.008480284363031387,,,,,,
1763595999.325075,,,,,,,0.003285646438598633,-0.019393250346183777,-0.004645109176635742,0.19870170950889587,0.051401443779468536,-0.01076746080070734
1763595999.332657,0.0855783154990524,0.031768764704465866,-0.01374912388920784,0.021571028977632523,0.09291289746761322,0.010647831484675407,,,,,,
1763595999.335105,,,,,,,0.001838088035583496,-0.024221107363700867,-0.0072175282984972,0.10978912562131882,0.04714757576584816,-0.027353694662451744
1763595999.34271,0.13576540148016064,0.023978256958723066,0.030806641674041745,0.0334165096282959,0.05113621801137924,0.019670596346259117,,,,,,
1763595999.345136,,,,,,,0.0021414756774902344,-0.024956151843070984,-0.0021044015884399414,0.02875739522278309,0.040257178246974945,-0.041985902935266495
1763595999.352762,0.13950330936685204,0.001340308693051338,0.09009016690030694,0.040427278727293015,0.010461758822202682,0.03340744972229004,,,,,,
1763595999.355167,,,,,,,2.9325485229492188e-05,-0.01964595913887024,0.001935962587594986,-0.04798008129000664,0.04770763963460922,-0.060103654861450195
1763595999.362816,0.09232979905325919,-0.024714170017838478,0.09649871876835822,0.044196717441082,-0.0328202024102211,0.043059010058641434,,,,,,
1763595999.365198,,,,,,,-0.0008359551429748535,-0.007048055529594421,-0.0014636553823947906,-0.07986078411340714,0.04375976696610451,-0.08224410563707352
1763595999.372869,0.05333594193346798,-0.016299977415800092,0.02720350261554122,0.050907328724861145,-0.053977154195308685,0.042061325162649155,,,,,,
1763595999.375228,,,,,,,0.0011196136474609375,-0.01058700680732727,-0.0034381188452243805,-0.07500270754098892,0.03270179033279419,-0.0802021250128746
1763595999.382921,0.01889269732274115,-0.010346621969342232,-0.01463423616066575,0.05730636045336723,-0.04917541891336441,0.037182051688432693,,,,,,
1763595999.385259,,,,,,,-0.00044852495193481445,-0.010328873991966248,-0.007375720888376236,-0.0944371223449707,0.046107612550258636,-0.08805445581674576
1763595999.392975,-0.0345044367460534,-0.017272037318348882,0.014789426722377538,0.057001691311597824,-0.041852522641420364,0.026588793843984604,,,,,,
1763595999.39529,,,,,,,-0.0042555928230285645,0.0016180425882339478,-0.005375027656555176,-0.09173360466957092,0.061022110283374786,-0.11816968768835068
1763595999.403028,-0.09293927272111177,-0.04668634785115718,0.08272168395891785,0.046620119363069534,-0.04637238383293152,0.024579543620347977,,,,,,
1763595999.40532,,,,,,,-0.0021893978118896484,-7.207691669464111e-05,-0.007738351821899414,-0.06479839980602264,0.0504581518471241,-0.10691623389720917
1763595999.413081,-0.08315448588561267,-0.038052375018596644,0.09596329671740532,0.0325639545917511,-0.04090491309762001,0.02664855308830738,,,,,,
1763595999.415351,,,,,,,0.005952656269073486,-0.003829061985015869,-0.006757739931344986,-0.05880572274327278,0.029172036796808243,-0.10538817942142487
1763595999.423134,-0.058401299031637606,-0.019098083701729773,0.04402867294922471,0.02497919648885727,-0.009999146685004234,0.028620069846510887,,,,,,
1763595999.425381,,,,,,,0.0010075569152832031,0.004225894808769226,0.0010873042047023773,-0.04786599054932594,0.03386798873543739,-0.09874971956014633
1763595999.433187,-0.05329144520461559,-0.03419277698099613,0.0335667540371418,0.020977530628442764,0.0269604679197073,0.03526145964860916,,,,,,
1763595999.435412,,,,,,,-0.009058356285095215,0.011438250541687012,0.0031017065048217773,-0.0516446977853775,0.05438524857163429,-0.0858539491891861
1763595999.443239,-0.04833740299381315,-0.045834699457883835,0.024250498028844592,0.017752766609191895,0.04000357165932655,0.04851673170924187,,,,,,
1763595999.445443,,,,,,,-0.01154392957687378,0.021309450268745422,0.001851797103881836,-0.041059162467718124,0.05172261968255043,-0.07636670768260956
1763595999.453293,-0.05494699385929852,-0.048503626406192775,-0.006286094532161951,0.01923934370279312,0.04069439694285393,0.0651194155216217,,,,,,
1763595999.455473,,,,,,,-0.0012402534484863281,0.024425342679023743,-0.005258556455373764,-0.0005860945675522089,0.0351036973297596,-0.062465738505125046
1763595999.463345,-0.051687042215280234,-0.016100070929527283,-0.018623890318721532,0.021218258887529373,0.040290918201208115,0.07332968711853027,,,,,,
1763595999.465504,,,,,,,0.005767822265625,0.01935124397277832,-0.007356047630310059,0.026298783719539642,0.02493761107325554,-0.0687263011932373
1763595999.473398,-0.03173458844022825,-0.009763853645324706,-0.004019026383012533,0.02234664000570774,0.0420701764523983,0.07172566652297974,,,,,,
1763595999.475535,,,,,,,0.0006799697875976562,0.011892691254615784,-0.008148431777954102,0.050401706248521805,0.02260654605925083,-0.06664463877677917
1763595999.483452,-0.03570193943493068,-0.021373627418279646,0.019443682269006966,0.022266991436481476,0.049313172698020935,0.06865417212247849,,,,,,
1763595999.485565,,,,,,,-0.003059208393096924,0.004275962710380554,-0.0030481815338134766,0.04182286188006401,0.03258088231086731,-0.06088981404900551
1763595999.493505,-0.058212900320068,-0.05569909086823463,0.054203883874416346,0.01856093667447567,0.04713603854179382,0.0643872544169426,,,,,,
1763595999.495596,,,,,,,-0.005399823188781738,0.005531832575798035,-0.000560760498046875,0.036510176956653595,0.037608399987220764,-0.05980757623910904
1763595999.503557,-0.09431744747282937,-0.05774900913536548,0.08550371589288115,0.013680052012205124,0.037444960325956345,0.06007671356201172,,,,,,
1763595999.505627,,,,,,,-0.0033203959465026855,0.008960723876953125,-0.00012218952178955078,0.03495915234088898,0.03293481841683388,-0.06396716088056564
1763595999.513611,-0.10363352081803605,-0.041650107249617575,0.052068040889501566,0.013400153256952763,0.03651631623506546,0.06034356355667114,,,,,,
1763595999.515657,,,,,,,-0.0008228421211242676,0.005014345049858093,0.001408696174621582,0.02518077753484249,0.036938346922397614,-0.07299195230007172
1763595999.523664,-0.046850452371686696,0.01227729777097702,-0.004671645072847604,0.01751933991909027,0.04775374382734299,0.06543847918510437,,,,,,
1763595999.525688,,,,,,,-0.0015212297439575195,-0.0011493116617202759,0.0019698143005371094,0.026036450639367104,0.041584763675928116,-0.09085989743471146
1763595999.533716,-0.0023303426437079906,-0.014604863935708999,-0.019420009132474658,0.011197529733181,0.05613524466753006,0.07329747080802917,,,,,,
1763595999.53572,,,,,,,-0.003923237323760986,-0.004861265420913696,-0.0006889142096042633,0.026280608028173447,0.02494054101407528,-0.09590379893779755
1763595999.543768,-0.00020080153541639445,-0.03329728944599628,-0.02822992305383086,0.00131305493414402,0.06510945409536362,0.07443748414516449,,,,,,
1763595999.54575,,,,,,,-0.005024969577789307,-0.016081437468528748,0.0010690651834011078,0.027189545333385468,0.025217242538928986,-0.08800273388624191
1763595999.553821,0.052965756914205846,-0.025543022057414055,-0.010260697251558303,-0.003209791611880064,0.07901594787836075,0.06270785629749298,,,,,,
1763595999.555781,,,,,,,-0.006944894790649414,-0.020948022603988647,0.004811286926269531,0.010187670588493347,0.042244430631399155,-0.07268182933330536
1763595999.563874,0.06553323327079415,-2.3380875587463377e-05,0.02573079971447587,-0.008729631081223488,0.0661221444606781,0.053929403424263,,,,,,
1763595999.56581,,,,,,,-0.008431196212768555,-0.010521069169044495,0.00657045841217041,-0.023053906857967377,0.04860725253820419,-0.0655035451054573
1763595999.573927,0.051938806752953676,0.0008557400465011596,0.03741305420175194,-0.008855864405632019,0.026493780314922333,0.05637924373149872,,,,,,
1763595999.575841,,,,,,,-0.0006978511810302734,-0.005533292889595032,0.004405617713928223,-0.03209049254655838,0.0352160818874836,-0.05640785023570061
1763595999.583981,0.041546628608834,-0.005222703084349632,0.02082972979992628,0.0004705816973000765,-0.0199634600430727,0.06789227575063705,,,,,,
1763595999.585873,,,,,,,0.005688309669494629,-0.008605524897575378,-0.0014575682580471039,-0.021049026399850845,0.02019372209906578,-0.04986552894115448
1763595999.594033,0.01695053201271221,0.015122750329971313,-0.0634907676577568,0.020081033930182457,-0.0463830828666687,0.07502661645412445,,,,,,
1763595999.595902,,,,,,,0.007466495037078857,-0.005159705877304077,6.949901580810547e-05,-0.01560164988040924,0.011237511411309242,-0.04891704395413399
1763595999.604086,-0.06130726787252351,0.036978608307242394,-0.08664367970824241,0.035902779549360275,-0.05117545276880264,0.07692646980285645,,,,,,
1763595999.605933,,,,,,,0.005179405212402344,0.002343416213989258,0.005773063749074936,-0.012675369158387184,0.010562666691839695,-0.052923236042261124
1763595999.61414,-0.13384144768025724,0.03444996661245823,-0.030301760891824958,0.04308878630399704,-0.047042760998010635,0.07267259806394577,,,,,,
1763595999.615965,,,,,,,0.001631617546081543,0.007002249360084534,0.006276130676269531,-0.007894610986113548,0.010456939227879047,-0.07071162015199661
1763595999.624192,-0.1694588141042739,0.006198270118236542,0.049842035403102634,0.03739091753959656,-0.03738149628043175,0.06928698718547821,,,,,,
1763595999.625994,,,,,,,0.00013720989227294922,0.0009407699108123779,0.005783438682556152,-0.00066759018227458,0.011965619400143623,-0.08579257130622864
1763595999.634246,-0.1696538982849568,-0.01326455524265766,0.11377499387040733,0.029494110494852066,-0.023640647530555725,0.06882600486278534,,,,,,
1763595999.636025,,,,,,,-0.002484560012817383,-0.005521401762962341,0.009090308099985123,0.0034774201922118664,0.01088783796876669,-0.09025289863348007
1763595999.644299,-0.19889276091931388,-0.039921091499924656,0.10490662776008247,0.021241450682282448,-0.0004101081285625696,0.06194310262799263,,,,,,
1763595999.646057,,,,,,,-0.006632089614868164,-0.004784435033798218,0.011891011148691177,-0.0015804554568603635,0.020820097997784615,-0.09074105322360992
1763595999.654351,-0.19234374113464728,-0.07845043638050556,0.06632701399698854,0.014989146962761879,0.019765466451644897,0.05550011619925499,,,,,,
1763595999.656086,,,,,,,-0.011530101299285889,0.0002292245626449585,0.010677099227905273,-0.011785752139985561,0.039104562252759933,-0.09157569706439972
1763595999.664405,-0.1741982819826342,-0.0923825156211853,0.022526304584741592,0.015050055459141731,0.02667822316288948,0.052861202508211136,,,,,,
1763595999.666117,,,,,,,-0.010401427745819092,0.005759149789810181,0.008529182523488998,0.0018861177377402782,0.044586148113012314,-0.0911455899477005
1763595999.674458,-0.16156265402697026,-0.052314709126949306,-0.0006079027652740478,0.019840549677610397,0.022678688168525696,0.05425403639674187,,,,,,
1763595999.676149,,,,,,,-0.004754483699798584,0.005420371890068054,0.006918907165527344,0.041669271886348724,0.033817388117313385,-0.08783960342407227
1763595999.68451,-0.1606769389673136,-0.027266192588210104,-0.039337008001655335,0.022912636399269104,0.018771667033433914,0.049753036350011826,,,,,,
1763595999.686178,,,,,,,-0.0005480647087097168,0.0026631951332092285,0.006136894226074219,0.08111601322889328,0.03276437520980835,-0.08470852673053741
1763595999.694564,-0.0989508063619025,0.05087152458131313,-0.061759413820505135,0.026530541479587555,0.037237755954265594,0.048100546002388,,,,,,
1763595999.696209,,,,,,,-0.0014647245407104492,0.0018242895603179932,0.009359356015920639,0.10744781047105789,0.039301902055740356,-0.0794866681098938
1763595999.704617,-0.05068716272404417,0.07870528792440891,-0.07182239654287695,0.025083649903535843,0.057683974504470825,0.047765761613845825,,,,,,
1763595999.706241,,,,,,,-0.0004545450210571289,-0.0008542090654373169,0.00307285413146019,0.1288849264383316,0.021845681592822075,-0.0663415715098381
1763595999.71467,-0.05914090188518166,0.034062428599596024,-0.06019172611236572,0.016255537047982216,0.07033638656139374,0.04141705110669136,,,,,,
1763595999.71627,,,,,,,0.0017505884170532227,-0.006430387496948242,0.0027580298483371735,0.18954327702522278,0.023821480572223663,-0.04675642028450966
1763595999.724723,-0.040495238126069304,-0.013633973076939582,-0.04411488992795348,0.013772938400506973,0.08712601661682129,0.03010074608027935,,,,,,
1763595999.726301,,,,,,,-0.0014886260032653809,-0.00861862301826477,0.004328608512878418,0.21509630978107452,0.037849415093660355,-0.020091786980628967
1763595999.734776,-0.039078978119976814,-0.005458265405893325,-0.01973681999668479,0.011910589411854744,0.09446702152490616,0.0157721396535635,,,,,,
1763595999.736333,,,,,,,-0.003573000431060791,0.0028788000345230103,0.00677359476685524,0.261252224445343,0.04721708223223686,0.0017492631450295448
1763595999.744829,-0.07041221921769902,0.03353402081131935,0.004857523033767938,0.014611644670367241,0.08890975266695023,0.006213280372321606,,,,,,
1763595999.746362,,,,,,,0.005086839199066162,-0.001087486743927002,0.003823641687631607,0.2879940867424011,0.051034457981586456,0.01260776910930872
1763595999.754882,-0.03775406792545691,0.04215104250907898,0.01725406327024102,0.01508408971130848,0.08630091696977615,-0.00031359551940113306,,,,,,
1763595999.756393,,,,,,,0.006301999092102051,-0.0022630393505096436,0.0016323365271091461,0.2986733019351959,0.04155440255999565,0.003230246715247631
1763595999.764935,0.0008920900015160441,0.022684710016846656,0.010504881270974873,0.008772779256105423,0.09035015106201172,-0.0024793597403913736,,,,,,
1763595999.766423,,,,,,,0.0004506707191467285,-0.02026188373565674,-0.0009938441216945648,0.3516291677951813,0.052106913179159164,0.036854252219200134
1763595999.774988,0.03730411393456161,-0.01525660584270954,0.037919104027748105,0.00431757653132081,0.10011995583772659,-0.002289476338773966,,,,,,
1763595999.776454,,,,,,,-0.008477330207824707,-0.027135461568832397,0.004194371402263641,0.33948516845703125,0.0832778811454773,0.03898032009601593
1763595999.78504,0.035106256830412894,-0.0741220517873764,0.08562441966310143,0.0017670851666480303,0.0979856476187706,0.004796762019395828,,,,,,
1763595999.786485,,,,,,,-0.01563882827758789,-0.0007761567831039429,0.008183952420949936,0.33513543009757996,0.092527836561203,0.030112793669104576
1763595999.795093,-0.03925941272079944,-0.09253215322494507,0.09187295866385102,-0.002576264087110758,0.07764735072851181,0.007846347987651825,,,,,,
1763595999.796516,,,,,,,-0.0075304508209228516,-0.007223114371299744,0.003620259463787079,0.3062489628791809,0.0868835374712944,0.028170816600322723
1763595999.805146,-0.13693355021039022,-0.0802519328445196,0.03241626882776618,-0.001468464732170105,0.06057979166507721,0.006547732278704643,,,,,,
1763595999.806546,,,,,,,0.0023089051246643066,-0.023290365934371948,0.000815514475107193,0.26342400908470154,0.07463938742876053,0.03062199056148529
1763595999.815199,-0.1410007265840657,-0.03339548912346363,3.3610008656978604e-06,-0.0028554387390613556,0.06647363305091858,-0.0001474549062550068,,,,,,
1763595999.816577,,,,,,,0.0015163421630859375,-0.023307472467422485,-0.00342559814453125,0.20419642329216003,0.08811072260141373,0.007510545663535595
1763595999.825252,-0.10508541839309037,-0.03375497008562088,0.0001344400346279144,-0.010628406889736652,0.08374955505132675,-0.006246360018849373,,,,,,
1763595999.826607,,,,,,,-0.005564451217651367,-0.01681677997112274,-0.005959868431091309,0.15658657252788544,0.09158055484294891,0.00624474510550499
1763595999.835305,-0.07166914220992475,-0.08787468280792236,0.0372898662135005,-0.016110258176922798,0.0943627879023552,-0.011245645582675934,,,,,,
1763595999.836638,,,,,,,0.0003942251205444336,-0.01594187319278717,-0.005383726209402084,0.09925348311662674,0.08269412070512772,0.0029076714999973774
1763595999.845358,-0.062333012457378205,-0.09538578909039497,0.07455927416086197,-0.02018696814775467,0.07940781861543655,-0.01014291774481535,,,,,,
1763595999.846669,,,,,,,0.001486361026763916,-0.006535947322845459,-0.0024703815579414368,0.05967944115400314,0.07485270500183105,-0.025835292413830757
1763595999.855411,-0.018201043530460446,-0.074462243527174,0.09437208200320601,-0.0176034364849329,0.049929019063711166,-0.006305302958935499,,,,,,
1763595999.856699,,,,,,,-0.0009065866470336914,-0.008291184902191162,0.0009083785116672516,0.03860723227262497,0.06629464030265808,-0.04371342808008194
1763595999.865464,-0.012196725081745534,-0.030855156990885733,0.05792714218124747,-0.010211355984210968,0.023310983553528786,0.003296544775366783,,,,,,
1763595999.86673,,,,,,,-0.0017131567001342773,-0.014417245984077454,0.0016807317733764648,0.013986838981509209,0.05956083536148071,-0.059935539960861206
1763595999.875517,-0.009051540657505392,0.003767828100919723,0.02571779410243034,-0.0015861764550209045,0.013390442356467247,0.011649816296994686,,,,,,
1763595999.876761,,,,,,,0.0012543201446533203,-0.011946290731430054,-0.001147989183664322,0.0013849269598722458,0.04702959582209587,-0.06186686456203461
1763595999.88557,-0.03184265192458406,0.02079962692260742,0.001340747084468603,0.000585189089179039,0.011417318135499954,0.018594831228256226,,,,,,
1763595999.886791,,,,,,,0.004573822021484375,0.0025867223739624023,-0.005182504653930664,0.013109227642416954,0.02391229383647442,-0.057701144367456436
1763595999.895623,-0.09355276497695594,0.017220599392056463,0.020543606334924698,-0.004580811131745577,0.016716476529836655,0.01161974761635065,,,,,,
1763595999.896822,,,,,,,0.00783538818359375,0.010837599635124207,-0.0015732049942016602,0.019917849451303482,0.01718674600124359,-0.045267846435308456
1763595999.905676,-0.08838539054272695,0.00831540840268135,0.025253829852491617,-0.007915539667010307,0.025184625759720802,-0.0031335139647126198,,,,,,
1763595999.906853,,,,,,,0.0011162161827087402,0.010903880000114441,0.003825545310974121,-0.006541721522808075,0.027734728530049324,-0.045632168650627136
1763595999.915729,-0.0702244415606372,0.0006967500925064087,0.02171747241988778,-0.012926010414958,0.02294677123427391,-0.014639968052506447,,,,,,
1763595999.916883,,,,,,,-0.002549886703491211,0.0014248192310333252,0.001822836697101593,-0.02706805430352688,0.01886906661093235,-0.03477698937058449
1763595999.925782,-0.018676168495230374,0.017095511707663536,0.029544951175153253,-0.01651041954755783,0.01498403213918209,-0.01695745624601841,,,,,,
1763595999.926914,,,,,,,0.004140913486480713,-0.014178559184074402,-0.003085605800151825,-0.06179860234260559,0.007990851998329163,-0.036872897297143936
1763595999.935835,0.012708254800457506,0.010146130961179733,0.0038742110848426817,-0.014467773959040642,0.01134402398020029,-0.016332678496837616,,,,,,
1763595999.936944,,,,,,,0.006092667579650879,-0.01553046703338623,-0.0032497644424438477,-0.08747411519289017,-0.001505181542597711,-0.04327114298939705
1763595999.945888,0.048549785369168964,0.01737725125849247,0.003274491626024246,-0.010734325274825096,0.005196644924581051,-0.012897585518658161,,,,,,
1763595999.946975,,,,,,,0.0032779574394226074,-0.001674845814704895,-0.003285888582468033,-0.08061274886131287,-0.006838427856564522,-0.02595020830631256
1763595999.955941,0.05922958481563255,-0.03259703222215175,0.02659472306743264,-0.009879449382424355,0.0013427843805402517,-0.010931107215583324,,,,,,
1763595999.957006,,,,,,,-0.0031293630599975586,0.008604034781455994,-0.004337672144174576,-0.06464611738920212,6.528449011966586e-05,-0.0209575816988945
1763595999.965994,0.05333864534720778,-0.08259177396893501,0.050916386636346574,-0.007138848304748535,-0.004393877927213907,-0.010515611618757248,,,,,,
1763595999.967036,,,,,,,-0.008819758892059326,0.00870947539806366,-0.006497148424386978,-0.04030642658472061,-0.003882319200783968,-0.012445319443941116
1763595999.976047,0.04064953363863751,-0.08441255965530872,0.020064152254909276,-0.008025147952139378,-0.0029765437357127666,-0.005714199505746365,,,,,,
1763595999.977067,,,,,,,-0.008954763412475586,0.008141294121742249,-0.005676150321960449,-0.02707543969154358,-3.591564018279314e-05,3.618444316089153e-05
1763595999.9861,0.05951543428599834,-0.06678279494047165,0.007888561292737722,-0.008427856490015984,0.006861167959868908,-0.0018546039937064052,,,,,,
1763595999.987098,,,,,,,-0.007017612457275391,-0.0033318251371383667,-0.007367253303527832,-0.03599409759044647,0.00824571680277586,0.012803644873201847
1763595999.996153,0.01892066304190084,-0.04255202452540397,0.028936025496572253,-0.012897972948849201,0.013543571345508099,0.0008953760843724012,,,,,,
1763595999.997128,,,,,,,-0.003954768180847168,-0.0006911307573318481,-0.00873410701751709,-0.06990614533424377,0.01398962177336216,0.013150455430150032
1763596000.006206,-0.03998241149941459,-0.05311316602826118,0.10777297697663306,-0.01869426667690277,0.0004637325182557106,0.0012908314820379019,,,,,,
1763596000.007159,,,,,,,-0.0022158026695251465,0.006791040301322937,-0.009705908596515656,-0.048605386167764664,0.0051620420999825,0.01874043047428131
1763596000.016259,-0.11959427460841834,-0.09771335525512695,0.11155731782093643,-0.021002162247896194,-0.020537156611680984,-0.005535116419196129,,,,,,
1763596000.01719,,,,,,,0.004845380783081055,0.004384666681289673,-0.012700557708740234,-0.07206989824771881,-0.012049968354403973,-0.003761416533961892
1763596000.026312,-0.11057455386128276,-0.05959609830677509,0.003897591960430145,-0.013029228895902634,-0.020788565278053284,-0.017166323959827423,,,,,,
1763596000.02722,,,,,,,-0.00927126407623291,0.007663413882255554,0.0017331838607788086,-0.06816304475069046,0.014033830724656582,0.011274258606135845
1763596000.036365,-0.05897480633696541,-0.009573884031176566,-0.016093202797323465,-0.008383343927562237,-0.012278965674340725,-0.022297171875834465,,,,,,
1763596000.037251,,,,,,,-0.012086153030395508,-0.009476587176322937,-0.00636696070432663,-0.055693626403808594,0.021186016499996185,0.015572533942759037
1763596000.046417,-0.06667374507542699,0.013600655329227447,-0.0065780632160604,-0.005074997898191214,-0.003811011090874672,-0.0203029066324234,,,,,,
1763596000.047282,,,,,,,0.0003892183303833008,0.008400633931159973,-0.011617057025432587,-0.028820203617215157,0.01395979430526495,-0.0018610514234751463
1763596000.05647,-0.06457346659423784,0.0036889176458120344,0.04763604979142547,-0.006923231761902571,0.000238858163356781,-0.0176413431763649,,,,,,
1763596000.057312,,,,,,,0.006444156169891357,0.009765058755874634,-0.007290005683898926,-0.032823532819747925,-0.0015909353969618678,0.0007838004967197776
1763596000.066523,-0.06188422751026228,-0.011828384959697723,0.1091733452938497,-0.017434122040867805,0.0002760915085673332,-0.013565627858042717,,,,,,
1763596000.067343,,,,,,,0.0012522339820861816,-0.0037036091089248657,0.0004596710205078125,-0.02917846478521824,0.004464293830096722,0.013456452637910843
1763596000.076576,-0.029118578989244994,-0.019585574957728384,0.12160729493126272,-0.024793235585093498,-0.003640619572252035,-0.013748587109148502,,,,,,
1763596000.077374,,,,,,,-0.009006977081298828,-0.010295107960700989,0.0019960403442382812,-0.050121113657951355,0.019815020263195038,0.010681837797164917
1763596000.086629,-0.01108076319647953,-0.028595979887247085,0.10916428520455956,-0.027417108416557312,-0.007462417706847191,-0.016414914280176163,,,,,,
1763596000.087404,,,,,,,-0.009803712368011475,-0.004725426435470581,0.0029389820992946625,-0.0652230978012085,0.016805915161967278,0.008372078649699688
1763596000.096682,-0.03154346804860979,-0.031389409998059274,-0.004517331293970346,-0.014403575100004673,-0.011482725851237774,-0.018641583621501923,,,,,,
1763596000.097435,,,,,,,0.00141143798828125,-0.01235973834991455,-0.0023627281188964844,-0.06800171732902527,0.008680344559252262,0.01408635638654232
1763596000.106735,-0.0069074230345897375,-0.004020926079154014,-0.0432360612668097,-0.001662575639784336,-0.02308681048452854,-0.016188938170671463,,,,,,
1763596000.107466,,,,,,,0.006496608257293701,-0.005044758319854736,-0.006103634834289551,-0.05160995572805405,0.004619556479156017,0.024093717336654663
1763596000.116788,-0.0630276071254164,0.016582301488518712,0.05527458184584975,-0.009263504296541214,-0.048510678112506866,-0.019215621054172516,,,,,,
1763596000.117496,,,,,,,0.004203200340270996,0.009916871786117554,-0.006058219820261002,-0.033202894032001495,-0.006609662435948849,0.03533778339624405
1763596000.126841,-0.10068247072640805,0.04423018687069416,0.08676862126216292,-0.019640568643808365,-0.04109665006399155,-0.03393673524260521,,,,,,
1763596000.127527,,,,,,,0.003360748291015625,0.001772657036781311,-0.001024007797241211,-0.028518125414848328,-0.010549543425440788,0.06061411276459694
1763596000.136894,-0.020492570267431436,0.06803191821873188,-0.0030780922710895537,-0.03242826834321022,0.009928183630108833,-0.05129362270236015,,,,,,
1763596000.137558,,,,,,,-0.0003619194030761719,-0.012977972626686096,0.0057065486907958984,-0.02374788373708725,-0.0048088328912854195,0.09198848158121109
1763596000.146947,0.04380576917985454,0.034112697482109065,-0.06982786172479391,-0.04241519421339035,0.05987469479441643,-0.05732085183262825,,,,,,
1763596000.147588,,,,,,,-0.003305375576019287,-0.005181014537811279,0.003306739032268524,0.0016267166938632727,-0.009393731132149696,0.11236006021499634
1763596000.157,0.049363275442831214,-0.08004676566123962,-0.06588979162350296,-0.04564986750483513,0.07242883741855621,-0.05378337576985359,,,,,,
1763596000.157619,,,,,,,-0.003843069076538086,0.0022298693656921387,-0.002868540585041046,0.030373645946383476,-0.009290932677686214,0.1250080168247223
1763596000.167053,0.059837962504941965,-0.12496551931798458,-0.032264585397392506,-0.037971120327711105,0.04746910557150841,-0.04300294071435928,,,,,,
1763596000.16765,,,,,,,-0.00458371639251709,0.0005904883146286011,-0.005667809396982193,0.043797314167022705,-0.014956807717680931,0.12236243486404419
1763596000.177106,0.01899752767039463,-0.11830080073177814,0.03361351578831673,-0.022186297923326492,-0.004131503868848085,-0.04026254639029503,,,,,,
1763596000.17768,,,,,,,-0.003781914710998535,-0.0016540735960006714,-0.0004122331738471985,0.046084873378276825,-0.02236066199839115,0.11652778089046478
1763596000.187159,-0.05732901189131662,-0.07847966247498989,0.0930968013703823,-0.009142385795712471,-0.05291922017931938,-0.045763567090034485,,,,,,
1763596000.187711,,,,,,,-0.004357576370239258,0.002914920449256897,-0.0022478103637695312,0.03854919224977493,-0.028688333928585052,0.11123261600732803
1763596000.197212,-0.12446933329887687,-0.02651215935051441,0.09848375510573387,0.00035604415461421013,-0.07241569459438324,-0.0636213943362236,,,,,,
1763596000.197742,,,,,,,-0.006018400192260742,0.0054000914096832275,0.0005736351013183594,0.010743278078734875,-0.020990466699004173,0.0861654058098793
1763596000.207265,-0.14095350817516444,-0.02575403445959091,0.07873992084637284,-0.0009013083763420582,-0.05927986279129982,-0.07276882976293564,,,,,,
1763596000.207772,,,,,,,-0.007537901401519775,0.0021415799856185913,0.005197532474994659,-0.010652557946741581,-0.01272188313305378,0.06684444099664688
1763596000.217318,-0.13994047694141046,-0.05365326425433158,0.047600978478044266,-0.008798645809292793,-0.03610876575112343,-0.07293980568647385,,,,,,
1763596000.217803,,,,,,,-0.00698167085647583,0.00017663836479187012,0.005210991948843002,-0.03425180912017822,-0.018814662471413612,0.05592268332839012
1763596000.227371,-0.10249567589452489,-0.04709375960826873,0.042873365434259174,-0.025408703833818436,-0.009454688057303429,-0.06958864629268646,,,,,,
1763596000.227834,,,,,,,-0.004168450832366943,0.004940927028656006,0.004225250333547592,-0.04398886114358902,-0.027783656492829323,0.0417751744389534
1763596000.237424,-0.03707963926261291,-0.02165069079399109,-0.00030643560066819186,-0.036057353019714355,0.015671970322728157,-0.06493636965751648,,,,,,
1763596000.237864,,,,,,,-0.004175543785095215,0.005373343825340271,0.0022062137722969055,-0.05274585261940956,-0.01916034147143364,0.041592683643102646
1763596000.247477,0.04429696849659085,0.02096563113927841,-0.04155015400648117,-0.03989249840378761,0.03640735149383545,-0.06168254092335701,,,,,,
1763596000.247895,,,,,,,-0.005540609359741211,0.007232144474983215,0.002282150089740753,-0.04261944815516472,-0.00791194848716259,0.04444625973701477
1763596000.25753,0.08506755296532065,0.006239771172404289,-0.07763838934525848,-0.032376792281866074,0.043484434485435486,-0.05535433813929558,,,,,,
1763596000.257926,,,,,,,-0.006174743175506592,0.007501587271690369,-0.002002112567424774,-0.010982150211930275,-0.0007142227841541171,0.061480436474084854
1763596000.267583,0.11220104081826283,-0.025380524972081184,-0.045925738742202515,-0.025042548775672913,0.033850084990262985,-0.04444994404911995,,,,,,
1763596000.267956,,,,,,,-0.00505220890045166,0.008909359574317932,-0.0030063390731811523,0.013789242133498192,0.0029497542418539524,0.06364186108112335
1763596000.277636,0.057382678307313466,-0.026546646142005918,-0.014186492393165826,-0.02423880621790886,0.012579684145748615,-0.039736416190862656,,,,,,
1763596000.277987,,,,,,,-0.002696096897125244,0.01915217936038971,0.0006532669067382812,0.030471069738268852,-0.004527603276073933,0.06614569574594498
1763596000.287689,0.007450042011309415,0.009506664013862609,-0.007818418665975331,-0.019161026924848557,0.004772145766764879,-0.04134897142648697,,,,,,
1763596000.288018,,,,,,,0.0010700225830078125,0.014629706740379333,0.004375815391540527,0.02950194664299488,-0.006109254434704781,0.0680096447467804
1763596000.297742,-0.004895736152306198,0.05640168617963791,-0.02712181568145752,-0.013712733052670956,0.017411507666110992,-0.048426587134599686,,,,,,
1763596000.298048,,,,,,,-0.0032252073287963867,0.0062779635190963745,0.009046193212270737,0.023545678704977036,0.007967416197061539,0.07183540612459183
1763596000.307795,-0.021500888793449847,0.03552899402081966,-0.013892916274070738,-0.01740347221493721,0.026611503213644028,-0.0545656755566597,,,,,,
1763596000.308079,,,,,,,-0.008095264434814453,0.011780336499214172,0.00786435604095459,0.026571564376354218,0.011698771268129349,0.05935290455818176
1763596000.317848,-0.05634738044282421,-0.006501636978983879,-0.026374942836910484,-0.022053884342312813,0.03191518783569336,-0.06154022738337517,,,,,,
1763596000.31811,,,,,,,-0.0035957694053649902,0.014328300952911377,0.006513472646474838,0.03761427104473114,-0.00013285467866808176,0.055617086589336395
1763596000.327901,-0.0063958385169506065,-0.0004389759391546249,-0.06469955892562866,-0.022830752655863762,0.043894145637750626,-0.06361574679613113,,,,,,
1763596000.32814,,,,,,,-0.0007305145263671875,0.011269345879554749,0.008155819028615952,0.03646857663989067,0.004886937327682972,0.05473504960536957
1763596000.337954,0.04697280010972172,0.011436170771718025,-0.06312003464922308,-0.018757980316877365,0.053989656269550323,-0.06288817524909973,,,,,,
1763596000.338171,,,,,,,-0.003191649913787842,0.016012519598007202,0.007888443768024445,0.042408984154462814,0.012107299640774727,0.048349056392908096
1763596000.348006,0.05991561258472502,-0.000990180081129074,-0.047437604609876866,-0.016640767455101013,0.0498574934899807,-0.05281902477145195,,,,,,
1763596000.348202,,,,,,,-0.006138026714324951,0.022699445486068726,0.005077004432678223,0.058485157787799835,0.0055854846723377705,0.05001699551939964
1763596000.358059,0.04833290948178619,-0.025115152034163472,-0.031931261789798736,-0.01902349665760994,0.04047144949436188,-0.04546816647052765,,,,,,
1763596000.358232,,,,,,,-0.004269421100616455,0.024365440011024475,0.0059525929391384125,0.06109495460987091,-5.722092464566231e-05,0.0428813174366951
1763596000.368112,0.0488568237580359,-0.0027390695750713345,-0.07528978039249777,-0.014981232583522797,0.0511913076043129,-0.03933173790574074,,,,,,
1763596000.368263,,,,,,,-0.00503993034362793,0.01815943419933319,0.009665131568908691,0.06024940311908722,0.006429440341889858,0.046174317598342896
1763596000.378165,0.07350669636800884,0.0290004690349102,-0.07831672699823976,-0.01349625363945961,0.07064862549304962,-0.03526429086923599,,,,,,
1763596000.378294,,,,,,,-0.005758166313171387,0.017766252160072327,0.008797645568847656,0.06256555020809174,0.013601332902908325,0.05071660503745079
1763596000.388218,0.04693736347015947,0.0219943896651268,-0.04309665279611945,-0.014645406976342201,0.08054173737764359,-0.031417086720466614,,,,,,
1763596000.388324,,,,,,,-0.0058234333992004395,0.024796947836875916,0.002336740493774414,0.07806861400604248,0.016242656856775284,0.04124826937913895
1763596000.398271,0.04472012581210583,-0.010609656819701194,-0.043683805034309624,-0.015636103227734566,0.08867795765399933,-0.023897387087345123,,,,,,
1763596000.398355,,,,,,,-0.002733170986175537,0.024574413895606995,-0.00010371208190917969,0.10041892528533936,0.01173898484557867,0.0401635617017746
1763596000.408324,0.07547273574396968,0.008971826484799385,-0.06568287087455392,-0.013300832360982895,0.10086703300476074,-0.015929434448480606,,,,,,
1763596000.408386,,,,,,,-0.0052411556243896484,0.018638744950294495,0.005182147026062012,0.09994328767061234,0.022967670112848282,0.036537934094667435
1763596000.418377,0.0761547266587615,0.006960486662387848,-0.045278088488429784,-0.013114677742123604,0.10459119826555252,-0.011849471367895603,,,,,,
1763596000.418416,,,,,,,-0.01087886095046997,0.01781865954399109,0.010491248220205307,0.09940772503614426,0.031837329268455505,0.03718588128685951
1763596000.42843,0.045034525523521,-0.006872223857045173,-0.015616232935339211,-0.012502303346991539,0.09817101061344147,-0.01598837412893772,,,,,,
1763596000.428447,,,,,,,-0.00901705026626587,0.022002995014190674,0.007498852908611298,0.09936629980802536,0.03149990737438202,0.033742282539606094
1763596000.438478,,,,,,,-0.0047089457511901855,0.02937638759613037,0.0006407424807548523,0.10767845064401627,0.02247205562889576,0.016388259828090668
1763596000.438483,0.020306217382475733,-0.0352571913421154,-0.03306888751760125,-0.007416998501867056,0.0896100178360939,-0.01772182434797287,,,,,,
1763596000.448508,,,,,,,0.0013583898544311523,0.029465436935424805,-0.0005288198590278625,0.10858391970396042,0.011639915406703949,0.002475107554346323
1763596000.448536,0.02462488429918885,-0.006279518660902977,-0.060698944982141255,0.0022214516066014767,0.07124976068735123,-0.0157841257750988,,,,,,
1763596000.458539,,,,,,,0.0007777810096740723,0.03207908570766449,0.001409292221069336,0.09330391883850098,0.004295981954783201,-0.011648101732134819
1763596000.458589,0.05115176629479974,0.008391396248340606,-0.031067484567314386,0.0033010970801115036,0.06049777939915657,-0.006180235184729099,,,,,,
1763596000.46857,,,,,,,-0.006310999393463135,0.02489592134952545,0.005297541618347168,0.06664220988750458,0.008447850123047829,-0.017279354855418205
1763596000.468642,0.10107636541482061,0.05070844297409057,-0.037462007910013195,0.0032424512319266796,0.06681698560714722,0.0013738637790083885,,,,,,
1763596000.478599,,,,,,,-0.011472582817077637,0.014996141195297241,0.008441679179668427,0.05130448564887047,0.015567811205983162,-0.017191804945468903
1763596000.478695,0.13628401852678507,0.05863455979824066,-0.05908230356574058,-0.005124668125063181,0.08477388322353363,0.0037842909805476665,,,,,,
1763596000.488631,,,,,,,-0.010805845260620117,0.011844426393508911,0.008111711591482162,0.04461941868066788,0.020040590316057205,-0.016007231548428535
1763596000.488748,0.19262085930928588,0.03099251963496208,-0.10100538253784179,-0.0011159987188875675,0.10190641134977341,0.005928741302341223,,,,,,
1763596000.498662,,,,,,,-0.005663096904754639,0.01572057604789734,0.0014303922653198242,0.06582766771316528,0.014541694894433022,-0.008885670453310013
1763596000.498801,0.1974181765884161,-0.010182955840229987,-0.0701566552877426,0.0012041472364217043,0.09659846872091293,0.012503020465373993,,,,,,
1763596000.508692,,,,,,,-0.0004051327705383301,0.022910654544830322,-0.0021635331213474274,0.0933557003736496,0.008281935006380081,-0.009989285841584206
1763596000.508854,0.16755941022373735,-0.031283027014136315,-0.04702697798237204,0.010448930785059929,0.06169278919696808,0.024893995374441147,,,,,,
1763596000.518723,,,,,,,0.0006666183471679688,0.029277145862579346,-0.0011531151831150055,0.11584746837615967,0.0020733079873025417,-0.015334716066718102
1763596000.518907,0.11907653434462845,0.0015758710145950317,-0.02381795183047652,0.023300016298890114,0.023301992565393448,0.03663241118192673,,,,,,
1763596000.528753,,,,,,,-0.0016117095947265625,0.02703380584716797,0.0022162161767482758,0.10756343603134155,0.0029391017742455006,-0.024078140035271645
1763596000.52896,0.04353866094257682,0.014799509724974631,-0.023620383431762454,0.03170877695083618,0.014207987114787102,0.04051728919148445,,,,,,
1763596000.538783,,,,,,,-0.004542052745819092,0.024597391486167908,0.0031499825417995453,0.09074103832244873,0.0023345639929175377,-0.044023483991622925
1763596000.539013,-0.028327245948463677,0.021503975799679755,-0.08091185805797577,0.03211277723312378,0.03285277634859085,0.040358562022447586,,,,,,
1763596000.548814,,,,,,,-0.00379025936126709,0.020557016134262085,0.0021816492080688477,0.07841566205024719,-0.005935882683843374,-0.05496055260300636
1763596000.549066,-0.04086385224275291,0.001679331389069557,-0.05004223415032029,0.01844075508415699,0.06641622632741928,0.036665208637714386,,,,,,
1763596000.558844,,,,,,,-0.0025224685668945312,0.014531195163726807,0.0032895877957344055,0.04868144914507866,-0.010948484763503075,-0.0687745064496994
1763596000.559119,-0.018844255071133374,-0.013824527212977408,0.017327420767396687,-0.003214207012206316,0.09438873827457428,0.033040113747119904,,,,,,
1763596000.568875,,,,,,,-0.004997670650482178,0.010391280055046082,0.008500583469867706,0.029521601274609566,-0.0017382082296535373,-0.06325191259384155
1763596000.569172,0.03418561658784747,0.005658171892166137,-0.002679594472795725,-0.013832099735736847,0.1105087473988533,0.026246359571814537,,,,,,
1763596000.578906,,,,,,,-0.006609201431274414,0.005432590842247009,0.0049190521240234375,0.024864980950951576,0.011741647496819496,-0.057386428117752075
1763596000.579225,0.11716785117909312,0.033868367332220074,-0.054281040763854975,-0.006664202082902193,0.10791695863008499,0.026054078713059425,,,,,,
1763596000.588936,,,,,,,0.0006600618362426758,0.014816716313362122,-0.004194013774394989,0.05276478826999664,0.0069519528187811375,-0.0568961426615715
1763596000.589278,0.17985022506341336,0.04721826277077198,-0.07170110825076699,0.008830150589346886,0.07699935138225555,0.03997427597641945,,,,,,
1763596000.598967,,,,,,,0.008266031742095947,0.018951445817947388,-0.01261698454618454,0.07783491164445877,-0.009852061048150063,-0.05963080748915672
1763596000.599331,0.1727194598680362,0.0444026208281517,-0.06745952515825629,0.02450445108115673,0.037648752331733704,0.06276907026767731,,,,,,
1763596000.608998,,,,,,,0.007248938083648682,0.01436777412891388,-0.009814150631427765,0.08524089306592941,-0.01395625900477171,-0.06010378524661064
1763596000.609384,0.16956578161008656,0.02588262927532196,-0.031809827367216346,0.03847626969218254,0.012898348271846771,0.0848030224442482,,,,,,
1763596000.619028,,,,,,,-0.002016127109527588,0.009213283658027649,-0.0017445124685764313,0.075643390417099,-0.004729470703750849,-0.0666453018784523
1763596000.619437,0.0907751900224015,4.6761751174926755e-06,0.011973492518812417,0.04009414091706276,0.010626139119267464,0.09637419134378433,,,,,,
1763596000.629059,,,,,,,-0.007954716682434082,0.008400648832321167,0.0033360719680786133,0.0610245019197464,-0.002480697352439165,-0.07552322000265121
1763596000.62949,-0.015618351827189325,-0.050097033077478405,0.06863456028699874,0.035996560007333755,0.019685203209519386,0.09612741321325302,,,,,,
1763596000.63909,,,,,,,-0.00833284854888916,0.005991846323013306,0.003548145294189453,0.04243367165327072,-0.009527687914669514,-0.0799105167388916
1763596000.639543,-0.09389215299915522,-0.08174187914133071,0.07253814359679818,0.01839333213865757,0.025199012830853462,0.08135911822319031,,,,,,
1763596000.64912,,,,,,,-0.006588459014892578,-0.007302984595298767,0.004457481205463409,0.02582113817334175,0.00030470266938209534,-0.07534132897853851
1763596000.649596,-0.09321876551592723,-0.03677285660207271,0.06243497499451041,0.0030318915378302336,0.04531744122505188,0.05973663553595543,,,,,,
1763596000.659151,,,,,,,-0.004403233528137207,-0.011784389615058899,0.004395253956317902,0.027349235489964485,0.007016401272267103,-0.06569135934114456
1763596000.659649,-0.035506343797594306,0.010035656324028969,-3.492518290877342e-05,0.001586327562108636,0.06678412109613419,0.037266477942466736,,,,,,
1763596000.669181,,,,,,,0.0010483860969543457,0.00019234418869018555,-0.0038880109786987305,0.05262582749128342,-0.0004295308608561754,-0.05540170893073082
1763596000.669702,-0.019941347859147935,0.02082709945142269,-0.028073417317867277,0.003435207298025489,0.06107605993747711,0.031690265983343124,,,,,,
1763596000.679212,,,,,,,0.00801175832748413,0.008190914988517761,-0.010426517575979233,0.08182446658611298,-0.01432004664093256,-0.056219432502985
1763596000.679755,-0.0017537117995321749,-0.007929623955488204,0.0017009586989879606,0.0068464502692222595,0.0334356427192688,0.04218152537941933,,,,,,
1763596000.689243,,,,,,,0.010021388530731201,0.003644973039627075,-0.009308457374572754,0.10027404874563217,-0.024435797706246376,-0.05139271914958954
1763596000.689807,0.010673570635076611,-0.014068272840976715,-0.017653730112314223,0.01431102491915226,0.01857999712228775,0.05792027339339256,,,,,,
1763596000.699273,,,,,,,0.0048754215240478516,-0.004505828022956848,-0.007604479789733887,0.09860071539878845,-0.023111673071980476,-0.046200621873140335
1763596000.69986,-0.0071270754009485245,-0.03964695073366165,-0.003773673319816589,0.020305799320340157,0.023495126515626907,0.07220733165740967,,,,,,
1763596000.709304,,,,,,,-0.00505673885345459,-0.0018562674522399902,-0.003024224191904068,0.09112602472305298,-0.014907272532582283,-0.05002465471625328
1763596000.709916,-0.030868454863876103,-0.058823360368609426,0.02623348853960633,0.015667548403143883,0.050438378006219864,0.07857195287942886,,,,,,
1763596000.719335,,,,,,,-0.010109663009643555,-8.341670036315918e-05,0.0007290802896022797,0.07821232825517654,-0.01161027979105711,-0.05734774470329285
1763596000.719969,-0.07623146342309191,-0.09781506206393241,0.07422025146484375,0.006455141119658947,0.07391520589590073,0.07948914170265198,,,,,,
1763596000.729365,,,,,,,-0.008684217929840088,-0.001107931137084961,0.001012563705444336,0.07789168506860733,-0.014305398799479008,-0.06876417994499207
1763596000.730022,-0.13508224152158946,-0.13439210383296013,0.10484788331016898,-0.00416633440181613,0.0777992233633995,0.07464298605918884,,,,,,
1763596000.739396,,,,,,,-0.004375040531158447,-0.003394022583961487,0.0035400353372097015,0.08135651797056198,-0.010423575527966022,-0.07410795241594315
1763596000.740075,-0.17784135119272396,-0.10934534085988998,0.08782090679407119,-0.006437211763113737,0.07632516324520111,0.06326515972614288,,,,,,
1763596000.749427,,,,,,,-0.003533005714416504,-0.0006970614194869995,0.0018134117126464844,0.08837634325027466,-0.005157707259058952,-0.07020189613103867
1763596000.750128,-0.14344917918210848,-0.024277532166242597,0.05535787621513009,-0.003419640939682722,0.07371744513511658,0.05217580124735832,,,,,,
1763596000.759456,,,,,,,0.00037741661071777344,0.006802693009376526,-0.0011862516403198242,0.10278302431106567,-0.011843306943774223,-0.07525484263896942
1763596000.760181,-0.1262686378058046,0.03131283763051033,0.04056012005582452,-0.003641481976956129,0.06792666763067245,0.04493013769388199,,,,,,
1763596000.769488,,,,,,,0.006019890308380127,0.00919361412525177,-0.00382864847779274,0.09611579775810242,-0.023847505450248718,-0.0815068781375885
1763596000.770234,-0.08461794603429734,0.02809504462778568,0.0015454758763313293,-0.004413168877363205,0.0676615759730339,0.049145251512527466,,,,,,
1763596000.779519,,,,,,,0.005646765232086182,0.0017517060041427612,-0.0021883249282836914,0.08001486212015152,-0.030977319926023483,-0.07974113523960114
1763596000.780287,-0.006496632010303437,0.028972411984205245,-0.04005596992596984,-0.012224753387272358,0.0777064859867096,0.05897737666964531,,,,,,
1763596000.789549,,,,,,,-0.00025093555450439453,-0.020097851753234863,0.006095174700021744,0.058404117822647095,-0.012444647960364819,-0.06061484292149544
1763596000.790339,0.08024009627625346,0.039653380474448205,-0.0975111106812954,-0.013916954398155212,0.111960269510746,0.062953419983387,,,,,,
1763596000.79958,,,,,,,-0.007033169269561768,-0.026021689176559448,0.011788371950387955,0.04650086909532547,0.012230071239173412,-0.041439417749643326
1763596000.800393,0.1418617455938831,0.060762803998589514,-0.10671046231165528,-0.009759494103491306,0.13828295469284058,0.0676477774977684,,,,,,
1763596000.809611,,,,,,,-0.004255712032318115,-0.014545008540153503,0.006471280008554459,0.07124695926904678,0.007255552802234888,-0.033247001469135284
1763596000.810446,0.13096636716797946,0.06371522406339646,0.004892448216676712,-0.006132603157311678,0.12426450848579407,0.06611745059490204,,,,,,
1763596000.819641,,,,,,,0.007358908653259277,-0.009773388504981995,-0.003807429224252701,0.10242163389921188,-0.007674394175410271,-0.020081333816051483
1763596000.820499,0.050081963372509926,0.015296937853097915,0.07757306902408599,-0.0022355993278324604,0.07748875021934509,0.061817243695259094,,,,,,
1763596000.829672,,,,,,,0.007739603519439697,-0.0033965855836868286,-0.0053713396191596985,0.11328360438346863,-0.007612342946231365,-0.015000022947788239
1763596000.830552,-0.03446074373479932,-0.04069558300375938,0.06170549167618155,0.008288364857435226,0.032831527292728424,0.05440577119588852,,,,,,
1763596000.839702,,,,,,,-0.003047943115234375,0.0005057007074356079,-0.0009371042251586914,0.11524230241775513,0.0011475931387394667,-0.013904863968491554
1763596000.840605,-0.09647875369256362,-0.08200316042602061,0.026851766568422315,0.017019804567098618,0.0024214244913309813,0.04897904768586159,,,,,,
1763596000.849733,,,,,,,-0.00999307632446289,0.005394488573074341,0.0023312531411647797,0.10738704353570938,0.0008879349334165454,-0.024636337533593178
1763596000.850658,-0.15641087902067227,-0.11290274108052253,0.0373803209759295,0.019832979887723923,0.003851964371278882,0.04634897783398628,,,,,,
1763596000.859764,,,,,,,-0.010443150997161865,0.0036229491233825684,0.0043858252465724945,0.08126331865787506,-0.004775277338922024,-0.04178416356444359
1763596000.860711,-0.20013572845142333,-0.1373117906719446,-0.004921528180688619,0.01108742505311966,0.030199948698282242,0.04819934442639351,,,,,,
1763596000.869794,,,,,,,-0.006570875644683838,-0.0060138702392578125,0.006221655756235123,0.05231768637895584,-0.008644317276775837,-0.06175254285335541
1763596000.870764,-0.19191981663415209,-0.08401099311709403,-0.015176234082877636,-0.006462584249675274,0.0684310719370842,0.05245884135365486,,,,,,
1763596000.879825,,,,,,,-0.005809187889099121,-0.00958220660686493,0.005373597145080566,0.026163317263126373,-0.012148771435022354,-0.07424943149089813
1763596000.880817,-0.1432976966811344,-0.06909633257985115,-0.011031243232637643,-0.021376552060246468,0.09816420078277588,0.051938194781541824,,,,,,
1763596000.889856,,,,,,,-0.006821632385253906,-0.00999993085861206,0.005597356706857681,0.022121436893939972,-0.011383645236492157,-0.06707300990819931
1763596000.89087,-0.11495203829314558,-0.06692658732533455,-0.04922375737428665,-0.02168128453195095,0.10859617590904236,0.04751811921596527,,,,,,
1763596000.899886,,,,,,,-0.005935192108154297,-0.005715176463127136,0.004216194152832031,0.021351132541894913,-0.015089699998497963,-0.07036035507917404
1763596000.900923,-0.05557414931431413,-0.058956631359457966,-0.047035453549772496,-0.0161962378770113,0.09446198493242264,0.04409435763955116,,,,,,
1763596000.909917,,,,,,,-0.004386961460113525,0.0005983263254165649,0.005127668380737305,0.035502105951309204,-0.028153836727142334,-0.06830119341611862
1763596000.910976,-0.006931077904812991,-0.05722410847842693,-0.05687164177894592,-0.006892831530421972,0.05972689390182495,0.04304400831460953,,,,,,
1763596000.919948,,,,,,,-0.0027138590812683105,-0.011134430766105652,0.006352424621582031,0.03426770120859146,-0.02277185395359993,-0.05349554866552353
1763596000.921029,0.05246275756182149,-0.010599719947576523,-0.06052855685129761,0.002941956277936697,0.03722451627254486,0.04751332849264145,,,,,,
1763596000.929978,,,,,,,-0.006976187229156494,-0.016617655754089355,0.009060267359018326,0.031403470784425735,-0.008468815125524998,-0.04423120990395546
1763596000.931082,0.0862800157613121,0.0026700959920883177,-0.07081131980419159,0.010208247229456902,0.02304260805249214,0.0504581555724144,,,,,,
1763596000.940009,,,,,,,-0.007705628871917725,-0.013255402445793152,0.008880853652954102,0.04556356370449066,-0.007274121046066284,-0.032542597502470016
1763596000.941135,0.039171862301509826,-0.020925883650779725,-0.05276946715712547,0.01345011219382286,0.013015806674957275,0.05288749188184738,,,,,,
1763596000.95004,,,,,,,-0.0021532177925109863,-0.008444234728813171,0.007632248103618622,0.056470006704330444,-0.007094358094036579,-0.0328587144613266
1763596000.951188,-0.03303021774133667,-0.032278467792272565,-0.039527562137693165,0.014243703335523605,0.004427906591445208,0.05725923180580139,,,,,,
1763596000.96007,,,,,,,0.0005881786346435547,-0.004946529865264893,0.009308695793151855,0.05995679646730423,-0.005718835163861513,-0.028870366513729095
1763596000.961241,-0.11932524840869009,-0.02240706211924553,-0.05352247748151421,0.016480758786201477,0.00642820680513978,0.05851944163441658,,,,,,
1763596000.970101,,,,,,,-0.001189112663269043,-0.0014877170324325562,0.010539770126342773,0.05187862738966942,0.005725300405174494,-0.03311730921268463
1763596000.971294,-0.21750119794057682,-0.012242810979485512,-0.054104369022697205,0.014052544720470905,0.021354371681809425,0.05587674304842949,,,,,,
1763596000.980131,,,,,,,-0.002016782760620117,0.007436931133270264,0.012369155883789062,0.05524883419275284,0.01664053276181221,-0.050572000443935394
1763596000.981347,-0.30339188559073954,0.020226795470714567,-0.03701660223007202,0.01597215235233307,0.04180212318897247,0.055499639362096786,,,,,,
1763596000.990162,,,,,,,-0.0012319087982177734,0.01349388062953949,0.01330125704407692,0.06513848155736923,0.01401891652494669,-0.06491205096244812
1763596000.9914,-0.33825299028735606,0.006954056921601295,-0.03475450251698494,0.028476685285568237,0.06781406700611115,0.05941847339272499,,,,,,
1763596001.000193,,,,,,,0.0022274255752563477,0.025016367435455322,0.015574932098388672,0.07047087699174881,0.010650817304849625,-0.09550131857395172
1763596001.001453,-0.3394008451482281,-0.011260814204812048,0.033012627285718917,0.03469889238476753,0.0768914520740509,0.07577613741159439,,,,,,
1763596001.010223,,,,,,,-0.0012223124504089355,0.03328074514865875,0.017971277236938477,0.08447058498859406,0.005563114304095507,-0.12384400516748428
1763596001.011506,-0.3115523591600358,0.008218377768993377,0.10867883977517485,0.02763409912586212,0.08279216289520264,0.09153156727552414,,,,,,
1763596001.020254,,,,,,,-0.006697416305541992,0.019431501626968384,0.023372527211904526,0.06935490667819977,0.017994217574596405,-0.14121773838996887
1763596001.021559,-0.2480502481243573,0.014735212317109107,0.04474851165637374,0.02726205624639988,0.11086374521255493,0.10141988098621368,,,,,,
1763596001.030285,,,,,,,-0.011218428611755371,0.01791052520275116,0.024463534355163574,0.039350397884845734,0.03629705682396889,-0.1619912087917328
1763596001.031611,-0.1915747843224555,-0.004979541978240013,-0.03604308102279901,0.03448234125971794,0.14887408912181854,0.10632269084453583,,,,,,
1763596001.040315,,,,,,,-0.009562075138092041,0.023008763790130615,0.01794254779815674,0.023064635694026947,0.04870925471186638,-0.17116233706474304
1763596001.041664,-0.18933482337594032,-0.025658172869682312,-0.08730433557406067,0.03838866204023361,0.1769493967294693,0.11695003509521484,,,,,,
1763596001.050346,,,,,,,-0.00022655725479125977,0.023145020008087158,0.011323690414428711,0.020907476544380188,0.04972817748785019,-0.18715861439704895
1763596001.051717,-0.1777465490487404,-0.012018939095735549,-0.056777095363289114,0.04609398543834686,0.1956125646829605,0.13323765993118286,,,,,,
1763596001.060377,,,,,,,0.004095137119293213,0.027813106775283813,0.008451823145151138,0.029370468109846115,0.05059263855218887,-0.20973581075668335
1763596001.06177,-0.1419230290607549,0.033840894803404804,-0.02528539403453469,0.049598708748817444,0.2135889083147049,0.1590130627155304,,,,,,
1763596001.070407,,,,,,,0.0020954012870788574,0.035252735018730164,0.009729385375976562,0.05470558628439903,0.06780491769313812,-0.22597964107990265
1763596001.071823,-0.09910480961352586,0.08018763543665408,-0.019557079515606163,0.04365859925746918,0.23826384544372559,0.19852906465530396,,,,,,
1763596001.080438,,,,,,,-0.0024863481521606445,0.0540226548910141,0.0064885616302490234,0.07731357216835022,0.08783695101737976,-0.262097030878067
1763596001.081876,-0.12501021697623654,0.048398412466049194,0.0038556525148451324,0.05433441326022148,0.2884950637817383,0.24879808723926544,,,,,,
1763596001.090469,,,,,,,-0.002196669578552246,0.0774897038936615,-0.0027557648718357086,0.12863215804100037,0.09466423094272614,-0.3050817549228668
1763596001.091929,-0.1865651577332057,-0.009431845211982726,0.1666119733057916,0.06410728394985199,0.31794092059135437,0.3005553185939789,,,,,,
1763596001.100499,,,,,,,0.00673907995223999,0.08678565919399261,-0.008756399154663086,0.1445567011833191,0.10315971076488495,-0.36324942111968994
1763596001.101982,-0.20865668762987477,0.0019014497071504592,0.3374526702225208,0.062095269560813904,0.3173963129520416,0.34830179810523987,,,,,,
1763596001.110529,,,,,,,0.005119740962982178,0.09781838953495026,-0.005838751792907715,0.04433448985219002,0.14257529377937317,-0.46991461515426636
1763596001.112035,-0.2239931355094537,0.001619125634431839,0.31072482229471204,0.07576319575309753,0.3112954795360565,0.3959028422832489,,,,,,
1763596001.12056,,,,,,,0.005230426788330078,0.1097935140132904,-0.004058480262756348,-0.09515629708766937,0.17511139810085297,-0.5721189975738525
1763596001.122088,-0.32679179467223585,-0.021931845822930333,0.2601378137432039,0.11575349420309067,0.30975961685180664,0.45197436213493347,,,,,,
1763596001.130591,,,,,,,0.018908143043518066,0.11401164531707764,-0.004083514213562012,-0.20985303819179535,0.18072640895843506,-0.679224967956543
1763596001.132141,-0.4044978424262255,0.014164134430885314,0.41737551724314687,0.15742087364196777,0.2877403199672699,0.5187481641769409,,,,,,
1763596001.140622,,,,,,,0.031756579875946045,0.12698248028755188,0.00029241666197776794,-0.2992984652519226,0.17332841455936432,-0.8206695914268494
1763596001.142194,-0.38225682105626907,0.1936836662352085,0.5398749387085438,0.1813773512840271,0.2610860764980316,0.5905190110206604,,,,,,
1763596001.150652,,,,,,,0.0345613956451416,0.14816755056381226,0.012950297445058823,-0.3729892075061798,0.16247870028018951,-0.9558135271072388
1763596001.152247,-0.23823429896561427,0.3661848437100649,0.4432828425683081,0.20442402362823486,0.27745145559310913,0.6591624021530151,,,,,,
1763596001.160683,,,,,,,0.03354322910308838,0.15473270416259766,0.02858089655637741,-0.42801761627197266,0.158669576048851,-1.0760525465011597
1763596001.1623,-0.05837274879058823,0.5032172329187393,0.23839491462111473,0.22551652789115906,0.35131025314331055,0.7186534404754639,,,,,,
1763596001.170714,,,,,,,0.03533124923706055,0.15608105063438416,0.0373690091073513,-0.4929683804512024,0.16669288277626038,-1.1930556297302246
1763596001.172353,0.06417542545367032,0.5490016634941101,0.03692424777150154,0.257393479347229,0.45378607511520386,0.774860143661499,,,,,,
1763596001.180744,,,,,,,0.034754395484924316,0.1647612452507019,0.031108375638723373,-0.5257028937339783,0.19173938035964966,-1.2830332517623901
1763596001.182406,0.1489651113256812,0.5549404058933258,0.02172901672720909,0.28779906034469604,0.528942346572876,0.8319225907325745,,,,,,
1763596001.190775,,,,,,,0.039375364780426025,0.18181228637695312,0.01861560344696045,-0.5709212422370911,0.2272462397813797,-1.3771158456802368
1763596001.193088,0.21412278928235173,0.5338035098403692,0.10762209726385771,0.3269795775413513,0.5648459196090698,0.908435583114624,,,,,,
1763596001.200806,,,,,,,0.04813450574874878,0.19950228929519653,0.013121016323566437,-0.588478147983551,0.24891531467437744,-1.458156704902649
1763596001.20314,0.2406656725646928,0.5016571439951658,0.1999836431622505,0.3572930097579956,0.5668312907218933,0.9881280064582825,,,,,,
1763596001.210836,,,,,,,0.056401729583740234,0.19631725549697876,0.014055602252483368,-0.5955978631973267,0.27045443654060364,-1.544091820716858
1763596001.213194,0.29751338547877965,0.5065162744641304,0.2619055540680885,0.3673771023750305,0.5718865394592285,1.0665544271469116,,,,,,
1763596001.220866,,,,,,,0.05646878480911255,0.1931963860988617,0.020247824490070343,-0.6443648338317871,0.3057889938354492,-1.6554698944091797
1763596001.223247,0.3953947907771915,0.5029430921524762,0.1475636470299214,0.37529200315475464,0.6260136961936951,1.14115571975708,,,,,,
1763596001.230898,,,,,,,0.048969268798828125,0.19206023216247559,0.027606599032878876,-0.6675894856452942,0.35984209179878235,-1.728600263595581
1763596001.2333,0.4781517652451992,0.46863691792488094,0.0016577040791511534,0.38689643144607544,0.7055963277816772,1.2037547826766968,,,,,,
1763596001.240928,,,,,,,0.04902166128158569,0.2002866566181183,0.02989005297422409,-0.745225191116333,0.4039160907268524,-1.8591707944869995
1763596001.243353,0.43267895790226757,0.42507191696465013,-0.050624125691503284,0.4101514220237732,0.7610966563224792,1.2658463716506958,,,,,,
1763596001.250959,,,,,,,0.05664646625518799,0.2165038287639618,0.029864780604839325,-0.800665020942688,0.43633314967155457,-1.971204400062561
1763596001.253406,0.3813557440306991,0.3674737144768238,-0.030707272952795028,0.44605326652526855,0.770167350769043,1.3361812829971313,,,,,,
1763596001.260989,,,,,,,0.07605612277984619,0.205805242061615,0.040017127990722656,-0.8419897556304932,0.4542942941188812,-2.0638046264648438
1763596001.263458,0.31664281416684387,0.3605757716566324,0.11128471142463385,0.4881834089756012,0.7441253662109375,1.4134759902954102,,,,,,
1763596001.27102,,,,,,,0.08166348934173584,0.20170935988426208,0.0589447021484375,-0.9015628099441528,0.4829072952270508,-2.185408115386963
1763596001.273511,0.2999099982917309,0.43048400514125823,0.16734627892971038,0.5214289426803589,0.72216796875,1.4825462102890015,,,,,,
1763596001.281051,,,,,,,0.07952970266342163,0.20856091380119324,0.06795834004878998,-0.9310963153839111,0.5101948380470276,-2.283967971801758
1763596001.283564,0.3221865658991039,0.4942839848786592,0.11803601231575012,0.5369048118591309,0.7388212084770203,1.5376981496810913,,,,,,
1763596001.291081,,,,,,,0.08223068714141846,0.2004116177558899,0.06481468677520752,-0.9936978816986084,0.5558422207832336,-2.3858158588409424
1763596001.293617,0.3655047524914145,0.5385626870661974,-0.020265446980670093,0.5308594107627869,0.8054318428039551,1.5716558694839478,,,,,,
1763596001.301112,,,,,,,0.08597588539123535,0.18700304627418518,0.06385742127895355,-1.050428867340088,0.5994094014167786,-2.4636013507843018
1763596001.30367,0.4375906222760677,0.5349947654515504,-0.14702245282530785,0.5234574675559998,0.8931062817573547,1.59629487991333,,,,,,
1763596001.311143,,,,,,,0.10042601823806763,0.16517233848571777,0.060204148292541504,-1.0515340566635132,0.6483444571495056,-2.503818988800049
1763596001.313723,0.488476759904623,0.4937444711744785,-0.1864216393429786,0.5083861351013184,0.9479365348815918,1.614370584487915,,,,,,
1763596001.321173,,,,,,,0.11491960287094116,0.16967689990997314,0.057543396949768066,-1.0752493143081665,0.6847618818283081,-2.5555684566497803
1763596001.323776,0.5936531445167958,0.45175592575073237,-0.19224932258315383,0.5058042407035828,0.9596269726753235,1.6362056732177734,,,,,,
1763596001.331204,,,,,,,0.12534666061401367,0.18430876731872559,0.053283944725990295,-1.0712060928344727,0.7069520950317383,-2.5844244956970215
1763596001.333829,0.7250069035671651,0.4489893836468458,-0.24544768267683684,0.5136300325393677,0.9411386847496033,1.6683964729309082,,,,,,
1763596001.341235,,,,,,,0.13438314199447632,0.16022413969039917,0.044250234961509705,-1.1101127862930298,0.7447511553764343,-2.6232638359069824
1763596001.343882,0.8469554131515323,0.45385202124714846,-0.23841018525548277,0.5249457955360413,0.9192730784416199,1.7101483345031738,,,,,,
1763596001.351265,,,,,,,0.1347387433052063,0.1301424503326416,0.05627131462097168,-1.183114767074585,0.7886129021644592,-2.6495919227600098
1763596001.353935,0.9581228548720478,0.4842945057839155,-0.20227270394749938,0.5272888541221619,0.9008485078811646,1.755380630493164,,,,,,
1763596001.361296,,,,,,,0.1278744339942932,0.10989326238632202,0.07662904262542725,-1.2304695844650269,0.8501087427139282,-2.6778717041015625
1763596001.363988,1.0010632941931485,0.5341659134119748,-0.1193618540920317,0.5294933915138245,0.88512122631073,1.8029710054397583,,,,,,
1763596001.371327,,,,,,,0.126784086227417,0.12022608518600464,0.1032019853591919,-1.251518964767456,0.9163029193878174,-2.6888933181762695
1763596001.374041,0.9203428670540451,0.5572627113610505,-0.0406734442371875,0.5430099964141846,0.8569236993789673,1.8589218854904175,,,,,,
1763596001.381357,,,,,,,0.13256072998046875,0.1489732265472412,0.11157643795013428,-1.2150670289993286,0.953910768032074,-2.7039237022399902
1763596001.384094,0.7672451859682798,0.5693465323865413,-0.005700184402987361,0.5650601983070374,0.7952763438224792,1.9156142473220825,,,,,,
1763596001.391388,,,,,,,0.14341217279434204,0.14529359340667725,0.10736057162284851,-1.194777250289917,1.0107429027557373,-2.737586259841919
1763596001.394146,0.6009580607026815,0.5918710834056139,-0.08197101172208786,0.5929420590400696,0.732374906539917,1.96900475025177,,,,,,
1763596001.401418,,,,,,,0.15191632509231567,0.13327765464782715,0.12182891368865967,-1.1759477853775024,1.0636184215545654,-2.747093915939331
1763596001.4042,0.46018210105150936,0.6608358985602856,-0.14690554844737053,0.6239465475082397,0.7109370231628418,2.012862205505371,,,,,,
1763596001.411449,,,,,,,0.16227388381958008,0.13215970993041992,0.13101625442504883,-1.0891304016113281,1.1155508756637573,-2.756301164627075
1763596001.414253,0.30603491091281176,0.7120394315749407,-0.1465454829633236,0.6385670304298401,0.7413302659988403,2.0496084690093994,,,,,,
1763596001.42148,,,,,,,0.16861426830291748,0.1345401406288147,0.13809284567832947,-1.05021071434021,1.2174750566482544,-2.7811694145202637
1763596001.424306,0.1286672964453697,0.7481728212296962,-0.09461074959728866,0.6417250037193298,0.8072155117988586,2.0797293186187744,,,,,,
1763596001.43151,,,,,,,0.1726420521736145,0.15355592966079712,0.16107085347175598,-1.0253440141677856,1.3190217018127441,-2.7948577404022217
1763596001.434359,-0.04347323102355003,0.7651981903105973,-0.06690908820126205,0.6374751329421997,0.894383430480957,2.1141138076782227,,,,,,
1763596001.441541,,,,,,,0.19594234228134155,0.1391180157661438,0.1538386046886444,-1.013724684715271,1.406003475189209,-2.828831434249878
1763596001.444412,-0.22560206854343412,0.7755319527983665,-0.043539866518974304,0.6152268648147583,0.9572020769119263,2.1498911380767822,,,,,,
1763596001.451572,,,,,,,0.21711915731430054,0.09419947862625122,0.14733538031578064,-1.0243510007858276,1.5058659315109253,-2.8219733238220215
1763596001.454465,-0.3312584917575121,0.7790373305708169,-0.11218852839656174,0.5953919887542725,1.0113675594329834,2.1799049377441406,,,,,,
1763596001.461602,,,,,,,0.22745728492736816,0.08112609386444092,0.13166892528533936,-1.0124174356460571,1.5989662408828735,-2.81021785736084
1763596001.464518,-0.3007669073820114,0.8039818022131919,-0.2923486231267452,0.5765999555587769,1.074035406112671,2.2106738090515137,,,,,,
1763596001.471633,,,,,,,0.22490191459655762,0.08735710382461548,0.10512614250183105,-0.9691948294639587,1.7185829877853394,-2.79970645904541
1763596001.474571,-0.1799956248834729,0.8362123392105102,-0.3724071157583967,0.5529064536094666,1.1395469903945923,2.251387596130371,,,,,,
1763596001.481664,,,,,,,0.21781602501869202,0.0819692611694336,0.09852689504623413,-0.9072930812835693,1.8345146179199219,-2.780240774154663
1763596001.484624,0.0078068743586540215,0.8036205676853656,-0.3435363740503788,0.5183977484703064,1.1820826530456543,2.2631876468658447,,,,,,
1763596001.491694,,,,,,,0.21724209189414978,0.071652352809906,0.1072639524936676,-0.8540109992027283,1.926926612854004,-2.769071102142334
1763596001.494677,0.15559271277189254,0.7340443426340818,-0.29340657121445984,0.5023582577705383,1.1904975175857544,2.2585043907165527,,,,,,
1763596001.501725,,,,,,,0.22742867469787598,0.060573577880859375,0.12887042760849,-0.7562465667724609,2.001206636428833,-2.7030670642852783
1763596001.50473,0.267055776438117,0.6592950988590717,-0.25605675497464836,0.5067516565322876,1.1563267707824707,2.2501220703125,,,,,,
1763596001.511756,,,,,,,0.23962372541427612,0.05042409896850586,0.12586522102355957,-0.6878270506858826,2.038658618927002,-2.6614582538604736
1763596001.514783,0.33640462247431274,0.5742962637484074,-0.14497432465646415,0.5007134079933167,1.0870791673660278,2.247714042663574,,,,,,
1763596001.521786,,,,,,,0.23504739999771118,0.03367990255355835,0.1153235137462616,-0.6856793761253357,2.1056065559387207,-2.6423895359039307
1763596001.524836,0.3413216206103563,0.45918987514376636,-0.1656979272007942,0.494864821434021,1.0242913961410522,2.2375073432922363,,,,,,
1763596001.531817,,,,,,,0.2259412705898285,0.0093919038772583,0.12399929761886597,-0.7254605889320374,2.16684627532959,-2.590287208557129
1763596001.534889,0.2804360670149326,0.36939679149389265,-0.2815747156560421,0.5022459626197815,0.9897662997245789,2.228959321975708,,,,,,
1763596001.541847,,,,,,,0.22618743777275085,-0.012746334075927734,0.10616597533226013,-0.888646125793457,2.2207283973693848,-2.623124361038208
1763596001.544942,0.2577349903851747,0.3838981950551271,-0.40595991433542217,0.5132365226745605,0.9681251645088196,2.2238919734954834,,,,,,
1763596001.551878,,,,,,,0.22171372175216675,-0.045364201068878174,0.10716304183006287,-0.9869921207427979,2.2880771160125732,-2.545487880706787
1763596001.554995,0.23600422009229657,0.39524142684638497,-0.38608956761956215,0.5197442770004272,0.9531573057174683,2.228994846343994,,,,,,
1763596001.561909,,,,,,,0.22538621723651886,-0.08090430498123169,0.07740539312362671,-1.0060038566589355,2.3141417503356934,-2.455644369125366
1763596001.565048,0.2100707374125719,0.28111761953830716,-0.3049905164264142,0.5034904479980469,0.9418148994445801,2.237196683883667,,,,,,
1763596001.571939,,,,,,,0.21371205151081085,-0.07398080825805664,0.05348086357116699,-1.0400888919830322,2.393383741378784,-2.4353301525115967
1763596001.575101,0.1749965014219284,0.14921967060863972,-0.2882079431254417,0.47733062505722046,0.9216517210006714,2.231448173522949,,,,,,
1763596001.58197,,,,,,,0.20396097004413605,-0.027180790901184082,0.08052247762680054,-0.9289780855178833,2.413358688354492,-2.3431873321533203
1763596001.585154,0.028643326160311698,0.04617255311012268,-0.2718764015275985,0.4609103798866272,0.8801417946815491,2.2072951793670654,,,,,,
1763596001.592001,,,,,,,0.2235843390226364,-0.0049610137939453125,0.06854575872421265,-0.8851208686828613,2.4198436737060547,-2.368138551712036
1763596001.595207,-0.14522270992696285,0.03345803296566009,-0.40560916466899216,0.4551982283592224,0.8403317928314209,2.170168876647949,,,,,,
1763596001.602031,,,,,,,0.23565371334552765,-0.0031453967094421387,0.07995587587356567,-0.7072635889053345,2.413898229598999,-2.252506971359253
1763596001.60526,-0.31261925773918625,0.005047931039333343,-0.39771461202688513,0.45483338832855225,0.7938194274902344,2.1184513568878174,,,,,,
1763596001.612062,,,,,,,0.2470172941684723,-0.04401940107345581,0.026695609092712402,-0.6021624803543091,2.3968355655670166,-2.229156732559204
1763596001.615313,-0.5102993001341819,-0.06894669497609138,-0.3498317478675395,0.44232940673828125,0.7427731156349182,2.0521397590637207,,,,,,
1763596001.622093,,,,,,,0.22859640419483185,-0.03711044788360596,0.01831108331680298,-0.4801967144012451,2.4235434532165527,-2.187756299972534
1763596001.625366,-0.6751940942585468,-0.12840543063879012,-0.2990378185670823,0.41077283024787903,0.712908148765564,1.9828901290893555,,,,,,
1763596001.632123,,,,,,,0.21857424080371857,-0.024510741233825684,-0.0031300783157348633,-0.34405723214149475,2.4224236011505127,-2.1275076866149902
1763596001.635419,-0.7844798138856888,-0.25727321809232234,-0.22075652820840477,0.36066725850105286,0.7024383544921875,1.9256727695465088,,,,,,
1763596001.642154,,,,,,,0.22381971776485443,-0.02791529893875122,-0.05558556318283081,-0.2140692174434662,2.4078786373138428,-2.069241762161255
1763596001.645472,-0.8364818038016557,-0.37717443975806236,-0.2913959255117923,0.30542051792144775,0.7157658338546753,1.8691085577011108,,,,,,
1763596001.652185,,,,,,,0.22964340448379517,-0.06607091426849365,-0.11158478260040283,-0.12269270420074463,2.383141279220581,-2.0084407329559326
1763596001.655524,-0.7207698505192994,-0.40483284653425217,-0.30092246326990424,0.25347334146499634,0.7226453423500061,1.7979077100753784,,,,,,
1763596001.662215,,,,,,,0.232430100440979,-0.09731370210647583,-0.11297392845153809,-0.1332847625017166,2.3701059818267822,-1.9911820888519287
1763596001.665578,-0.5501701227515936,-0.32153906177580355,-0.23298107287883757,0.22550135850906372,0.7129221558570862,1.7163180112838745,,,,,,
1763596001.672246,,,,,,,0.23386186361312866,-0.09899914264678955,-0.07352370023727417,-0.19278377294540405,2.325068235397339,-1.9648667573928833
1763596001.67563,-0.3997194490432739,-0.06552022765874863,-0.15435593751855195,0.23294949531555176,0.6520823836326599,1.654274344444275,,,,,,
1763596001.682276,,,,,,,0.244278222322464,-0.10891115665435791,-0.021977245807647705,-0.240418940782547,2.2668747901916504,-1.8701744079589844
1763596001.685683,-0.3001742021858692,0.06422142001986503,-0.06831672650948166,0.24431826174259186,0.5264472365379333,1.6292816400527954,,,,,,
1763596001.692307,,,,,,,0.2512195110321045,-0.13083767890930176,-0.03346651792526245,-0.37700310349464417,2.1796040534973145,-1.8700662851333618
1763596001.695736,-0.23604046044945715,0.1726788721293211,-0.2276851584278047,0.2583783268928528,0.452854186296463,1.637010097503662,,,,,,
1763596001.702338,,,,,,,0.23549796640872955,-0.13189542293548584,-0.02054673433303833,-0.4851008951663971,2.154445171356201,-1.8270329236984253
1763596001.705786,-0.15706336984634398,0.3062088061749935,-0.37824177672863,0.27412691712379456,0.44105157256126404,1.6545382738113403,,,,,,
1763596001.712368,,,,,,,0.22161473333835602,-0.1359153389930725,-0.03720909357070923,-0.4737185537815094,2.0939559936523438,-1.7572203874588013
1763596001.715838,-0.2718202143609524,0.14831599976718424,-0.23642390680909156,0.2560397684574127,0.44053059816360474,1.6638202667236328,,,,,,
1763596001.722399,,,,,,,0.21509990096092224,-0.09278297424316406,-0.04675215482711792,-0.4695489704608917,2.098153829574585,-1.736286997795105
1763596001.725892,-0.5117909999966621,0.007855974197387695,-0.0456360350806266,0.23726819455623627,0.3981991112232208,1.6551580429077148,,,,,,
1763596001.73243,,,,,,,0.2153545320034027,-0.029665648937225342,-0.047444045543670654,-0.27927303314208984,2.0633747577667236,-1.638871192932129
1763596001.735945,-0.754426620927453,-0.041380058136582375,0.07278130470290779,0.20339088141918182,0.35014593601226807,1.6218738555908203,,,,,,
1763596001.74246,,,,,,,0.22988614439964294,-0.04876822233200073,-0.10993087291717529,-0.10159871727228165,2.018183946609497,-1.5958857536315918
1763596001.745997,-0.9337778104275465,-0.008689502412080764,0.07204115386009216,0.16766829788684845,0.32830801606178284,1.5517874956130981,,,,,,
1763596001.752491,,,,,,,0.2327079474925995,-0.03668069839477539,-0.11841809749603271,0.00678208889439702,1.993811011314392,-1.5853660106658936
1763596001.756051,-1.0820809507131577,0.0628986469835043,-0.017625819192081688,0.13893167674541473,0.3439652919769287,1.4533555507659912,,,,,,
1763596001.762522,,,,,,,0.2277260422706604,-0.032910287380218506,-0.12122774124145508,0.04377475753426552,1.9497884511947632,-1.5606732368469238
1763596001.766104,-1.1132570102214812,0.10469108531326055,-0.14198628528900445,0.11900776624679565,0.36239567399024963,1.3540366888046265,,,,,,
1763596001.772552,,,,,,,0.22373521327972412,-0.052931785583496094,-0.09844136238098145,0.004528550431132317,1.946953296661377,-1.5302255153656006
1763596001.776156,-1.1470797848463057,0.039839258435368535,-0.031737273587659,0.09636721014976501,0.32612210512161255,1.2849092483520508,,,,,,
1763596001.782583,,,,,,,0.21402832865715027,-0.07341569662094116,-0.08399200439453125,0.017693907022476196,1.9054635763168335,-1.4479804039001465
1763596001.78621,-1.1189525915145873,0.041590778277814384,0.1316821872871369,0.06741198897361755,0.29505684971809387,1.244186520576477,,,,,,
1763596001.792613,,,,,,,0.2056160271167755,-0.10790097713470459,-0.10330212116241455,-0.054830893874168396,1.8527793884277344,-1.4516574144363403
1763596001.796263,-0.8972826017230748,0.2177113152936101,0.1057762502014637,0.04569392651319504,0.2910127341747284,1.2035161256790161,,,,,,
1763596001.802644,,,,,,,0.1960403323173523,-0.09174925088882446,-0.08748143911361694,-0.060364145785570145,1.8134721517562866,-1.411484718322754
1763596001.806315,-0.6394692854046822,0.3220800367847085,0.01989595608115196,0.02494470775127411,0.31571221351623535,1.172753930091858,,,,,,
1763596001.812675,,,,,,,0.19282233715057373,-0.08502805233001709,-0.10083609819412231,-0.06846494972705841,1.7474393844604492,-1.3802212476730347
1763596001.816369,-0.435495695823431,0.36860534885525703,-0.10044657961130142,0.011830201372504234,0.3080349862575531,1.1548752784729004,,,,,,
1763596001.822705,,,,,,,0.19096294045448303,-0.06653696298599243,-0.08264988660812378,-0.052080187946558,1.7160135507583618,-1.3248271942138672
1763596001.826421,-0.443938529998064,0.40172552816867824,0.07107406239360571,-0.00670087244361639,0.2584863305091858,1.1753618717193604,,,,,,
1763596001.832736,,,,,,,0.1932907998561859,-0.07003623247146606,-0.09840059280395508,0.010118203237652779,1.6174709796905518,-1.2686326503753662
1763596001.836474,-0.5705804580956697,0.26580256150662895,0.15870952961817383,-0.036912400275468826,0.2552480101585388,1.1728756427764893,,,,,,
1763596001.842767,,,,,,,0.1886647343635559,-0.09012150764465332,-0.10699978470802307,0.011057527735829353,1.545876145362854,-1.2424399852752686
1763596001.846528,-0.636933044925332,0.18412731786072253,0.17596081640943884,-0.06033516302704811,0.2563020884990692,1.1265931129455566,,,,,,
1763596001.852797,,,,,,,0.1820850372314453,-0.06671059131622314,-0.0789247453212738,0.06758764386177063,1.4807075262069702,-1.2065174579620361
1763596001.85658,-0.7726058362185955,0.14903876108378172,0.1519455884411931,-0.0678592398762703,0.24004381895065308,1.048500895500183,,,,,,
1763596001.862828,,,,,,,0.17024719715118408,-0.0646316409111023,-0.07225978374481201,0.01500130444765091,1.3968099355697632,-1.2253236770629883
1763596001.866633,-0.9413941306501626,0.032817104713618754,-0.10778481354489922,-0.05805961415171623,0.21254374086856842,0.9696795344352722,,,,,,
1763596001.872859,,,,,,,0.1586310863494873,-0.060168564319610596,-0.030572950839996338,-0.00613167742267251,1.3925864696502686,-1.1467769145965576
1763596001.876687,-1.0242150371998548,0.06899930194616317,-0.10054273346215487,-0.06436850130558014,0.20187769830226898,0.9320138692855835,,,,,,
1763596001.882889,,,,,,,0.1476021409034729,-0.09021300077438354,-0.07815814018249512,-0.04331745207309723,1.319340467453003,-1.1545466184616089
1763596001.886739,-0.9316659328401088,0.16423691473752258,-0.13355842948779462,-0.0814066082239151,0.2380697876214981,0.8812447190284729,,,,,,
1763596001.89292,,,,,,,0.14165478944778442,-0.08896017074584961,-0.10483101010322571,-0.10345669090747833,1.2820615768432617,-1.1535433530807495
1763596001.896792,-0.689597298142314,0.3538590306222439,-0.03609057342633605,-0.10491842031478882,0.2529290020465851,0.8293233513832092,,,,,,
1763596001.902951,,,,,,,0.1385478377342224,-0.07055819034576416,-0.08667802810668945,-0.09661369770765305,1.2586944103240967,-1.0989192724227905
1763596001.906846,-0.48705461814701556,0.4203536562711,0.05509791010469198,-0.12667538225650787,0.21236559748649597,0.8027077317237854,,,,,,
1763596001.912981,,,,,,,0.12970763444900513,-0.0504765510559082,-0.09929811954498291,-0.07650736719369888,1.1968432664871216,-1.0782462358474731
1763596001.916898,-0.31094694061279293,0.3668304481372237,-0.08150675521120429,-0.13940927386283875,0.16622605919837952,0.8087936639785767,,,,,,
1763596001.923012,,,,,,,0.12768036127090454,-0.02202904224395752,-0.07573539018630981,-0.020600341260433197,1.1630898714065552,-1.0052158832550049
1763596001.926951,-0.25420155556201934,0.2684226808771491,-0.09788535082116723,-0.15797336399555206,0.1698274463415146,0.8410037755966187,,,,,,
1763596001.933042,,,,,,,0.12713360786437988,-0.006427407264709473,-0.05208861827850342,0.017132125794887543,1.0993865728378296,-1.0254729986190796
1763596001.937005,-0.33437750056087967,0.23326164338588712,-0.0919828487791121,-0.18805749714374542,0.20983798801898956,0.8755753636360168,,,,,,
1763596001.943073,,,,,,,0.11932623386383057,0.015149116516113281,-0.012411385774612427,0.08117542415857315,1.0676906108856201,-0.9895618557929993
1763596001.947057,-0.3896270940959453,0.34211335550993677,0.10777546119466423,-0.24323612451553345,0.24421991407871246,0.9159548282623291,,,,,,
1763596001.953104,,,,,,,0.10140067338943481,-0.034227728843688965,-0.02805045247077942,0.11474616080522537,0.9965817928314209,-1.0091155767440796
1763596001.957111,-0.3595663023531437,0.4961772512793541,0.049190878017991775,-0.3024050295352936,0.31401240825653076,0.9567962288856506,,,,,,
1763596001.963134,,,,,,,0.08414667844772339,-0.04894953966140747,-0.038346827030181885,0.0761350616812706,0.9959934949874878,-1.0158921480178833
1763596001.967164,-0.19769582448601722,0.736011551053822,-0.15190072638615965,-0.3586946725845337,0.3709377646446228,1.0234200954437256,,,,,,
1763596001.973165,,,,,,,0.08200240135192871,-0.025050759315490723,-0.04621708393096924,0.09809655696153641,0.9916222095489502,-0.9764746427536011
1763596001.977216,-0.06757716018855571,0.8361693768516183,-0.18999884024262428,-0.4140353798866272,0.44369831681251526,1.1104791164398193,,,,,,
1763596001.983196,,,,,,,0.07981544733047485,-0.027201831340789795,-0.07402080297470093,-0.014000548049807549,0.9566008448600769,-1.0391145944595337
1763596001.987268,0.2426829672038555,1.0861170743614434,-0.22769567982181904,-0.47336047887802124,0.5013493299484253,1.252328634262085,,,,,,
1763596001.993226,,,,,,,0.07938265800476074,-0.009936094284057617,-0.009661316871643066,-0.07470677047967911,0.9779425859451294,-0.9722711443901062
1763596001.997322,0.4448480460584163,1.4795195953428744,0.05991787760704755,-0.5572166442871094,0.502475380897522,1.4913183450698853,,,,,,
1763596002.003257,,,,,,,0.07091116905212402,-0.059590935707092285,-0.02864176034927368,-0.10110797733068466,0.9315884113311768,-0.9649043083190918
1763596002.007375,0.33675358204245565,1.4606648188777267,0.10189619389772414,-0.6101869344711304,0.47126394510269165,1.7031924724578857,,,,,,
1763596002.013288,,,,,,,0.06204956769943237,-0.05508321523666382,-0.05745360255241394,-0.07414054125547409,0.9164922833442688,-0.9261167049407959
1763596002.017427,0.06792027453780174,1.1639810891561209,-0.1612989615894854,-0.6261687278747559,0.5077571868896484,1.8530718088150024,,,,,,
1763596002.023318,,,,,,,0.06592369079589844,-0.02198970317840576,-0.058902233839035034,-0.036092132329940796,0.8886225819587708,-0.9092979431152344
1763596002.027481,-0.21304887644052503,1.3515057943701743,-0.37800241501480336,-0.6300654411315918,0.5393974184989929,1.9753258228302002,,,,,,
1763596002.033349,,,,,,,0.06659120321273804,-0.003727734088897705,-0.0371575653553009,0.012091908603906631,0.8781300187110901,-0.8405588269233704
1763596002.037534,-0.5995300737261772,0.9868079743474721,-0.36757395998090503,-0.6044773459434509,0.46949777007102966,1.9543884992599487,,,,,,
1763596002.04338,,,,,,,0.06576728820800781,-0.04261285066604614,-0.037970930337905884,0.027642473578453064,0.8188967704772949,-0.8243364691734314
1763596002.047586,-0.9775123227357864,-0.1007799032188952,-0.3331894598200917,-0.5272004008293152,0.35973745584487915,1.7870365381240845,,,,,,
1763596002.05341,,,,,,,0.060809195041656494,-0.06403899192810059,-0.033705562353134155,0.043118901550769806,0.7968884110450745,-0.7729052901268005
1763596002.05764,-0.916844211283326,-0.49833223735615606,-0.2535505443073809,-0.43400418758392334,0.22410213947296143,1.5807294845581055,,,,,,
1763596002.063441,,,,,,,0.057722270488739014,-0.06702667474746704,-0.03848239779472351,0.0909535214304924,0.7644659876823425,-0.7520049214363098
1763596002.067693,-0.8652700913906097,-0.9458576859302819,-0.44505102128461,-0.33704113960266113,0.1129564493894577,1.3706670999526978,,,,,,
1763596002.073471,,,,,,,0.05795431137084961,-0.06780070066452026,-0.03841152787208557,0.0918416827917099,0.7482976913452148,-0.7118276357650757
1763596002.077745,-0.7444248668730259,-1.2681781073421239,-0.5660746711090207,-0.2442217618227005,0.010315551422536373,1.167464017868042,,,,,,
1763596002.083502,,,,,,,0.06736159324645996,-0.069205641746521,-0.03456345200538635,0.1255498230457306,0.7275391817092896,-0.6590511202812195
1763596002.087799,-0.6790420018583536,-1.3766007803991436,-0.28677666821330783,-0.17831571400165558,-0.06520397216081619,0.9803971648216248,,,,,,
1763596002.093533,,,,,,,0.06844747066497803,-0.1070590615272522,-0.0672515332698822,0.12173803895711899,0.6890133619308472,-0.6182541847229004
1763596002.097851,-0.6884609875887632,-1.4208051021762191,-0.20800883644670246,-0.15220150351524353,-0.0750584602355957,0.7963622808456421,,,,,,
1763596002.103563,,,,,,,0.07901227474212646,-0.09269261360168457,-0.07066026329994202,0.1265448033809662,0.6553671956062317,-0.5665708780288696
1763596002.107904,-0.6753413937747478,-1.122693677739054,-0.14629881472587586,-0.13796663284301758,-0.09213331341743469,0.6495749950408936,,,,,,
1763596002.113594,,,,,,,0.08506506681442261,-0.07215327024459839,-0.05742564797401428,0.17872118949890137,0.6329809427261353,-0.4914172291755676
1763596002.117958,-0.70901920697093,-0.55450588693358,-0.07788754180073737,-0.13045445084571838,-0.14299331605434418,0.559276819229126,,,,,,
1763596002.123625,,,,,,,0.0728844404220581,-0.0883447527885437,-0.07236683368682861,0.23027662932872772,0.5873940587043762,-0.44149255752563477
1763596002.128011,-0.6814923176199197,0.024090046770125627,-0.13414105168133975,-0.11434178799390793,-0.1586897224187851,0.5126057267189026,,,,,,
1763596002.133655,,,,,,,0.06688165664672852,-0.08488327264785767,-0.07568037509918213,0.2839057743549347,0.5423224568367004,-0.3965780735015869
1763596002.138063,-0.6466437070786952,0.3449319200620055,-0.21263737303018568,-0.09288652241230011,-0.11951594054698944,0.47650855779647827,,,,,,
1763596002.143686,,,,,,,0.06128793954849243,-0.09119951725006104,-0.07773849368095398,0.30609437823295593,0.49598902463912964,-0.3525123596191406
1763596002.148117,-0.6837567554205656,0.38705439406372605,-0.22600655769109726,-0.06932953000068665,-0.05782461166381836,0.42932772636413574,,,,,,
1763596002.153717,,,,,,,0.05392658710479736,-0.11915665864944458,-0.08301684260368347,0.2368718683719635,0.4464273154735565,-0.3153945505619049
1763596002.15817,-0.6574626227349043,0.26494784437343477,-0.21839695947021245,-0.03537030145525932,-0.02531594969332218,0.37492796778678894,,,,,,
1763596002.163747,,,,,,,0.05823361873626709,-0.11223280429840088,-0.046248048543930054,0.1310415118932724,0.3967449963092804,-0.25748762488365173
1763596002.168222,-0.5284656559437513,0.11945610824674367,-0.13536489438787103,-0.00503556290641427,-0.04090476036071777,0.3276368975639343,,,,,,
1763596002.173778,,,,,,,0.06067699193954468,-0.11980092525482178,-0.027330785989761353,0.049722157418727875,0.33300888538360596,-0.2086402028799057
1763596002.178276,-0.3737672616630792,0.022846111123636364,-0.03647854983061552,0.012097632512450218,-0.046111833304166794,0.3161584734916687,,,,,,
1763596002.183809,,,,,,,0.052998244762420654,-0.12342208623886108,-0.0458071231842041,-0.03062250278890133,0.2579199969768524,-0.19369839131832123
1763596002.188329,-0.14716449164450168,0.056324675420671697,-0.06659925506711006,0.02299422211945057,-0.02532532997429371,0.323123961687088,,,,,,
1763596002.193839,,,,,,,0.056718409061431885,-0.08491092920303345,-0.032201141119003296,-0.04759402945637703,0.2131780982017517,-0.15072375535964966
1763596002.198381,-0.07937573453187942,0.06469966852348298,0.0010329963095486163,0.03459693863987923,-0.04453262314200401,0.32810690999031067,,,,,,
1763596002.20387,,,,,,,0.04573178291320801,-0.08273833990097046,-0.04563331604003906,-0.05806424468755722,0.16760234534740448,-0.15578056871891022
1763596002.208435,-0.19819851331114768,0.06314257527459412,0.02650134569555521,0.042823173105716705,-0.07373231649398804,0.3138672709465027,,,,,,
1763596002.2139,,,,,,,0.03256446123123169,-0.07311815023422241,-0.05899009108543396,-0.06445130705833435,0.15314458310604095,-0.1381310075521469
1763596002.218488,-0.3742664433568716,-0.04835508478097617,-0.05672054287046194,0.051807478070259094,-0.0753820464015007,0.27169638872146606,,,,,,
1763596002.223931,,,,,,,0.030798614025115967,-0.05723083019256592,-0.07395121455192566,-0.052640434354543686,0.14369675517082214,-0.11753745377063751
1763596002.228539,-0.5422936902880668,-0.1834018896630034,-0.0012634440645575523,0.05840226262807846,-0.05628744512796402,0.20202329754829407,,,,,,
1763596002.233962,,,,,,,0.03343552350997925,-0.046703457832336426,-0.09232404828071594,-0.02511586621403694,0.1173732653260231,-0.09843006730079651
1763596002.238593,-0.591863484621048,-0.29256237547527997,0.08980477408766746,0.0553860105574131,-0.05412096157670021,0.12446977198123932,,,,,,
1763596002.243992,,,,,,,0.04053795337677002,-0.03640371561050415,-0.09069550037384033,-0.0008960705017670989,0.08316735923290253,-0.0797095075249672
1763596002.248646,-0.5286351672917604,-0.28576807569265367,0.22068974658250806,0.04227659851312637,-0.07299477607011795,0.05951661244034767,,,,,,
1763596002.254023,,,,,,,0.04013264179229736,-0.03313291072845459,-0.0804034173488617,0.029679683968424797,0.05763297155499458,-0.04660721495747566
1763596002.258698,-0.46833530462980266,-0.24497235678266732,0.2645432090952992,0.020178714767098427,-0.06794729828834534,0.016554366797208786,,,,,,
1763596002.264054,,,,,,,0.03427290916442871,-0.03441965579986572,-0.08599317073822021,0.06181681901216507,0.013828501105308533,-0.01888284645974636
1763596002.268752,-0.3672217855423689,-0.21078790923859922,0.18081337100714445,-0.0020112767815589905,-0.03642585501074791,-0.008951259776949883,,,,,,
1763596002.274084,,,,,,,0.03681069612503052,-0.017688989639282227,-0.08200785517692566,0.07396429777145386,-0.02253376692533493,0.00934826023876667
1763596002.278805,-0.2694657601892948,-0.21019798052143304,0.1740060290798545,-0.01903594471514225,-0.016981814056634903,-0.031082633882761,,,,,,
1763596002.284115,,,,,,,0.038366615772247314,-0.014675259590148926,-0.07183501124382019,0.06151079386472702,-0.06038367748260498,0.0365322083234787
1763596002.288857,-0.22666122220754623,-0.18707615772895514,0.2533472768202424,-0.034172821789979935,-0.03226516395807266,-0.045310042798519135,,,,,,
1763596002.294146,,,,,,,0.03277945518493652,-0.042505621910095215,-0.07894331216812134,0.04097036272287369,-0.08907338231801987,0.038076840341091156
1763596002.298911,-0.24781799200475216,-0.13305906513091176,0.2726072730854153,-0.04461343586444855,-0.03848576545715332,-0.058056849986314774,,,,,,
1763596002.304176,,,,,,,0.027923166751861572,-0.07186490297317505,-0.09546205401420593,0.04010295495390892,-0.11658357083797455,0.060368701815605164
1763596002.308964,-0.35746611520349975,-0.1599070688396692,0.2515653618395328,-0.056025609374046326,-0.01755332201719284,-0.08478406816720963,,,,,,
1763596002.314207,,,,,,,0.03335106372833252,-0.08112341165542603,-0.12070414423942566,0.04966050758957863,-0.15186353027820587,0.08581573516130447
1763596002.319016,-0.52374973333776,-0.2297671888662502,0.25955665285438295,-0.06612628698348999,0.005480792839080095,-0.1355222910642624,,,,,,
1763596002.324238,,,,,,,0.047829508781433105,-0.064242422580719,-0.14402377605438232,0.09358032792806625,-0.19941267371177673,0.13804858922958374
1763596002.32907,-0.6773422122031449,-0.29385376699268817,0.2871700514450669,-0.07749026268720627,0.00874423049390316,-0.20360307395458221,,,,,,
1763596002.334268,,,,,,,0.05494856834411621,-0.07125365734100342,-0.16087248921394348,0.15194112062454224,-0.27015793323516846,0.1916007548570633
1763596002.339123,-0.7569412340968846,-0.2940816939970478,0.3530672957226634,-0.09022077172994614,0.006773747503757477,-0.27139297127723694,,,,,,
1763596002.344299,,,,,,,0.06009012460708618,-0.07564634084701538,-0.16167381405830383,0.21582163870334625,-0.3360738456249237,0.2584523558616638
1763596002.349175,-0.7749404166460037,-0.2686280307235196,0.35541619693636894,-0.11027543991804123,0.02694532833993435,-0.3289494812488556,,,,,,
1763596002.354329,,,,,,,0.06649625301361084,-0.08057898283004761,-0.16048991680145264,0.2903834879398346,-0.41030174493789673,0.32568544149398804
1763596002.359229,-0.8343243335068226,-0.26080369377341117,0.3054527271106839,-0.13283774256706238,0.06276990473270416,-0.3795250356197357,,,,,,
1763596002.36436,,,,,,,0.07595610618591309,-0.07544821500778198,-0.16923800110816956,0.3627568781375885,-0.4882436692714691,0.3909381628036499
1763596002.369282,-0.915169556069374,-0.25910543848816303,0.2603811209797859,-0.15553666651248932,0.09377442300319672,-0.43420320749282837,,,,,,
1763596002.374391,,,,,,,0.0904952883720398,-0.062455832958221436,-0.17064979672431946,0.40748360753059387,-0.5732365846633911,0.4468613564968109
1763596002.379334,-0.9179021959036588,-0.19645751486271618,0.29984190149158235,-0.17144577205181122,0.09739387780427933,-0.4949253797531128,,,,,,
1763596002.384421,,,,,,,0.10094183683395386,-0.06331068277359009,-0.166359543800354,0.4417645335197449,-0.6503300666809082,0.5189024209976196
1763596002.389388,-0.8888035271912813,-0.12164302383176982,0.3014101737216115,-0.18835312128067017,0.08842355757951736,-0.5611467361450195,,,,,,
1763596002.394452,,,,,,,0.10593259334564209,-0.07234877347946167,-0.16940763592720032,0.4533149302005768,-0.734184980392456,0.5383403301239014
1763596002.399441,-0.7892360685020685,-0.03903517551086843,0.22459946737214923,-0.19684141874313354,0.09777556359767914,-0.6276611089706421,,,,,,
1763596002.404483,,,,,,,0.1039968729019165,-0.06839466094970703,-0.15036699175834656,0.44852524995803833,-0.8148478865623474,0.564146101474762
1763596002.409493,-0.6554249794274568,0.03519340539090335,0.13929229696467518,-0.20123271644115448,0.11370739340782166,-0.6906816363334656,,,,,,
1763596002.414513,,,,,,,0.09426552057266235,-0.08356666564941406,-0.12750288844108582,0.4361415505409241,-0.8682093620300293,0.5850571990013123
1763596002.419547,-0.5737497357815504,0.07595080158449709,0.176183373118937,-0.20473936200141907,0.10663722455501556,-0.7405503392219543,,,,,,
1763596002.424544,,,,,,,0.0780077576637268,-0.08988040685653687,-0.12600460648536682,0.423595130443573,-0.9172394871711731,0.6047860980033875
1763596002.4296,-0.5063520238131285,0.0862473738670349,0.146413234885782,-0.2098933756351471,0.09415791928768158,-0.7808039784431458,,,,,,
1763596002.434575,,,,,,,0.08071327209472656,-0.06447243690490723,-0.1206209659576416,0.4560856819152832,-0.9699474573135376,0.6572626233100891
1763596002.439652,-0.4636509462058544,0.04387326319180429,0.14588526548892258,-0.2230609655380249,0.0739172026515007,-0.8146788477897644,,,,,,
1763596002.444605,,,,,,,0.09307575225830078,-0.04095703363418579,-0.12432026863098145,0.5473800897598267,-1.0236870050430298,0.7167401313781738
1763596002.449704,-0.5677735839813948,-0.045120340643450614,0.16945435712486503,-0.24008682370185852,0.0626741349697113,-0.8529455065727234,,,,,,
1763596002.454636,,,,,,,0.08971810340881348,-0.045441508293151855,-0.14833712577819824,0.5999207496643066,-1.1070234775543213,0.723533034324646
1763596002.459758,-0.5913520279675721,-0.12949198376648127,0.02632555073723197,-0.24704547226428986,0.07848788797855377,-0.9028894901275635,,,,,,
1763596002.464666,,,,,,,0.09162193536758423,-0.02343618869781494,-0.10014429688453674,0.6396222710609436,-1.166513204574585,0.796848475933075
1763596002.46981,-0.5062754514455795,-0.12641031129881738,0.013453209682554005,-0.25098615884780884,0.07578131556510925,-0.9547606706619263,,,,,,
1763596002.474697,,,,,,,0.0845036506652832,-0.018896639347076416,-0.05989685654640198,0.6975803971290588,-1.2085418701171875,0.8521308898925781
1763596002.479863,-0.488359271004796,-0.12662497696280478,0.006043956339359283,-0.2551807761192322,0.06300197541713715,-0.9974865913391113,,,,,,
1763596002.484728,,,,,,,0.05751246213912964,-0.031649231910705566,-0.060045093297958374,0.6950997114181519,-1.255151391029358,0.8693129420280457
1763596002.489917,-0.3935977512925863,-0.09026245472729205,-0.10216273587942123,-0.254753053188324,0.050119999796152115,-1.020959734916687,,,,,,
1763596002.494758,,,,,,,0.058558642864227295,-0.008766412734985352,-0.02058890461921692,0.7409532070159912,-1.277256727218628,0.9464988112449646
1763596002.499969,-0.2824982602417469,-0.034203152244538064,-0.022806582830846307,-0.2550216317176819,0.01773074083030224,-1.0263943672180176,,,,,,
1763596002.504789,,,,,,,0.06494122743606567,-0.012575387954711914,-0.03095066547393799,0.8015996217727661,-1.2905741930007935,0.9634369611740112
1763596002.510022,-0.3160767047166824,-0.018880495428293943,0.004031155212223529,-0.26752835512161255,0.0009989000391215086,-1.0175566673278809,,,,,,
1763596002.51482,,,,,,,0.04791879653930664,-0.04651719331741333,-0.0755557119846344,0.8673235177993774,-1.2714550495147705,0.9824878573417664
1763596002.520076,-0.37124388066530223,-0.0388277433052659,-0.09674670218005776,-0.2732361853122711,0.024297459051012993,-1.0118505954742432,,,,,,
1763596002.52485,,,,,,,0.045285701751708984,-0.10132420063018799,-0.1022225022315979,0.8499717116355896,-1.275084137916565,0.9530094265937805
1763596002.530128,-0.4704471822172403,-0.08825228394865989,-0.3218798380374908,-0.24149824678897858,0.07231718301773071,-1.033982753753662,,,,,,
1763596002.534881,,,,,,,0.06263303756713867,-0.09475958347320557,-0.05310061573982239,0.748623251914978,-1.289125680923462,0.9649978876113892
1763596002.540181,-0.42801498467922205,-0.13851356767714024,-0.45106618992090225,-0.19555144011974335,0.06587515771389008,-1.079049825668335,,,,,,
1763596002.544912,,,,,,,0.08063548803329468,-0.051675617694854736,0.010204285383224487,0.7189484238624573,-1.2937339544296265,1.0304503440856934
1763596002.550235,-0.3792635209918022,-0.1165082182265818,-0.29396979458779093,-0.16172103583812714,-0.006320212967693806,-1.1325665712356567,,,,,,
1763596002.554942,,,,,,,0.064858078956604,-0.06276315450668335,-0.007896870374679565,0.7245490550994873,-1.3181594610214233,1.0552114248275757
1763596002.560287,-0.22678981702327727,-0.04612286874949932,-0.21857874577790498,-0.16139988601207733,-0.06679608672857285,-1.181813359260559,,,,,,
1763596002.564973,,,,,,,0.04869735240936279,-0.05106043815612793,-0.005959123373031616,0.746826171875,-1.3300259113311768,1.1050465106964111
1763596002.570341,0.08210895888805389,0.07538622650429606,-0.17324381253570317,-0.18250517547130585,-0.07949909567832947,-1.2136290073394775,,,,,,
1763596002.575003,,,,,,,0.051052749156951904,-0.023244500160217285,-0.0004363059997558594,0.8385584950447083,-1.3425796031951904,1.1569643020629883
1763596002.580394,0.25007892267405984,0.3051031830206513,-0.019404665432870387,-0.22038398683071136,-0.11007095128297806,-1.2221156358718872,,,,,,
1763596002.585035,,,,,,,0.04552173614501953,-0.03930783271789551,-0.04259803891181946,0.930151104927063,-1.352933645248413,1.2150204181671143
1763596002.590447,0.2981628623634577,0.4205491788432002,-0.030748189485073088,-0.2526649832725525,-0.16936063766479492,-1.2259005308151245,,,,,,
1763596002.595065,,,,,,,0.0498310923576355,-0.06374067068099976,-0.0633622407913208,0.9422365427017212,-1.3514965772628784,1.291641116142273
1763596002.6005,0.1991431006848812,0.3847466285780072,-0.2167792951405048,-0.2528631091117859,-0.21462585031986237,-1.2417939901351929,,,,,,
1763596002.605095,,,,,,,0.06736409664154053,-0.08350402116775513,-0.0725925862789154,0.9232446551322937,-1.3894599676132202,1.3378874063491821
1763596002.610553,0.015654080727696418,0.2706201909214258,-0.5039630828499794,-0.21493302285671234,-0.23455454409122467,-1.2734265327453613,,,,,,
1763596002.615126,,,,,,,0.08597099781036377,-0.10161316394805908,-0.029149264097213745,0.743077278137207,-1.4527359008789062,1.3733710050582886
1763596002.620605,-0.11803893492519855,0.15402823993414638,-0.6044599313437938,-0.15794143080711365,-0.2752510607242584,-1.3109464645385742,,,,,,
1763596002.625157,,,,,,,0.09996157884597778,-0.07764327526092529,0.048014312982559204,0.5120152235031128,-1.4736974239349365,1.4008361101150513
1763596002.630659,-0.21158874076008796,0.1308344113513827,-0.46375616014599796,-0.11331724375486374,-0.3521841764450073,-1.3297126293182373,,,,,,
1763596002.635187,,,,,,,0.08717548847198486,-0.09055626392364502,0.05722630023956299,0.32460135221481323,-1.5063713788986206,1.4128379821777344
1763596002.640711,-0.23180559935867784,0.1530006504520774,-0.34696634849905966,-0.09095368534326553,-0.40620723366737366,-1.32680344581604,,,,,,
1763596002.645218,,,,,,,0.064472496509552,-0.14712446928024292,0.030363887548446655,0.2134774625301361,-1.5008416175842285,1.4477870464324951
1763596002.650764,-0.1886772362500429,0.19809388389289379,-0.28413462927192445,-0.09230630844831467,-0.39718177914619446,-1.3026645183563232,,,,,,
1763596002.655249,,,,,,,0.0432666540145874,-0.1765020489692688,-0.0200156569480896,0.20107272267341614,-1.4747189283370972,1.4342560768127441
1763596002.660816,-0.24570026919841764,0.12539397386312484,-0.24711437378004192,-0.09937818348407745,-0.3497709035873413,-1.284942626953125,,,,,,
1763596002.665279,,,,,,,0.03343519568443298,-0.1753748655319214,-0.08644706010818481,0.3428401052951813,-1.4551199674606323,1.461355209350586
1763596002.67087,-0.4502992972016334,-0.07846183455735445,-0.1882161946095526,-0.09293439984321594,-0.30132293701171875,-1.301311731338501,,,,,,
1763596002.67531,,,,,,,0.04293408989906311,-0.16925185918807983,-0.13420027494430542,0.41521069407463074,-1.4508663415908813,1.4280635118484497
1763596002.680923,-0.7775637508869171,-0.38111440955549475,-0.1899241675712168,-0.06755154579877853,-0.2869855761528015,-1.364390254020691,,,,,,
1763596002.685341,,,,,,,0.06528240442276001,-0.10579735040664673,-0.08249452710151672,0.48235782980918884,-1.428541660308838,1.5116758346557617
1763596002.690975,-1.1224983012974261,-0.6135244045481085,-0.08940160011425614,-0.042423028498888016,-0.30601999163627625,-1.4692221879959106,,,,,,
1763596002.695371,,,,,,,0.10071012377738953,-0.052768588066101074,-0.06415238976478577,0.5911282896995544,-1.4522759914398193,1.597485899925232
1763596002.701029,-1.438674959257245,-0.7788590513944625,0.016324819596111772,-0.03400081768631935,-0.32250797748565674,-1.5997836589813232,,,,,,
1763596002.705402,,,,,,,0.11239424347877502,-0.05315130949020386,-0.0752650797367096,0.5984721779823303,-1.4829350709915161,1.6290795803070068
1763596002.711084,-1.4097756125092507,-0.7453039877951144,0.08606471077650785,-0.051781948655843735,-0.3186655640602112,-1.7354475259780884,,,,,,
1763596002.715432,,,,,,,0.11783641576766968,-0.036150336265563965,-0.019996166229248047,0.5502846240997314,-1.4857196807861328,1.7038944959640503
1763596002.721137,-1.0390127933591604,-0.40888855166584254,0.29919249767214057,-0.0813114121556282,-0.3052676320075989,-1.8410041332244873,,,,,,
1763596002.725463,,,,,,,0.12364479899406433,-0.022273659706115723,-0.009124577045440674,0.6021483540534973,-1.5057159662246704,1.7692476511001587
1763596002.73119,-0.5856073468357325,0.006095102004706859,0.43343832490220663,-0.12198719382286072,-0.2874324321746826,-1.8916538953781128,,,,,,
1763596002.735494,,,,,,,0.1091943085193634,-0.04957985877990723,-0.05992591381072998,0.6461219191551208,-1.516553521156311,1.7655770778656006
1763596002.741243,-0.17594342688322065,0.33158027105778454,0.39485491174682974,-0.15809546411037445,-0.27914223074913025,-1.892613410949707,,,,,,
1763596002.745524,,,,,,,0.0769321620464325,-0.10721850395202637,-0.0947372317314148,0.6940932273864746,-1.4872483015060425,1.780835509300232
1763596002.751296,0.13120295240283011,0.49154754565209147,0.2980043108008802,-0.1641661375761032,-0.2814945876598358,-1.8598078489303589,,,,,,
1763596002.755555,,,,,,,0.055923908948898315,-0.17654776573181152,-0.1377761960029602,0.7163550853729248,-1.4491240978240967,1.833738923072815
1763596002.761349,0.23770634783506392,0.3961313614234328,0.20382848202213644,-0.14009448885917664,-0.3010404407978058,-1.827769160270691,,,,,,
1763596002.765586,,,,,,,0.05420243740081787,-0.19411081075668335,-0.14934498071670532,0.6336386203765869,-1.439463496208191,1.8796195983886719
1763596002.771402,0.16499357832372188,0.07426350608468055,0.10263400665298103,-0.09337011724710464,-0.35160723328590393,-1.8191050291061401,,,,,,
1763596002.775616,,,,,,,0.08003821969032288,-0.17365223169326782,-0.132124662399292,0.6231018304824829,-1.4647595882415771,2.004103899002075
1763596002.781455,-0.006963993793725967,-0.29942133799195286,0.11272270833849907,-0.042890239506959915,-0.4018273949623108,-1.8511205911636353,,,,,,
1763596002.785647,,,,,,,0.11490748822689056,-0.16119354963302612,-0.08815565705299377,0.5568437576293945,-1.5089824199676514,2.0702850818634033
1763596002.791508,-0.21701251937448976,-0.5522697253793478,0.22769100364670156,-0.010538158006966114,-0.4541204273700714,-1.915549397468567,,,,,,
1763596002.795678,,,,,,,0.14091427624225616,-0.08242553472518921,0.042802631855010986,0.4437004327774048,-1.5694427490234375,2.158857583999634
1763596002.801561,-0.4088280536502599,-0.5632990689158439,0.44880160598978397,0.0008727677632123232,-0.5060465931892395,-1.9890133142471313,,,,,,
1763596002.805708,,,,,,,0.17030265927314758,0.008522093296051025,0.10452032089233398,0.43956807255744934,-1.6479262113571167,2.236262083053589
1763596002.811614,-0.6742290486186743,-0.39345278986394405,0.4870082947872579,-0.02177235670387745,-0.5044450163841248,-2.046062469482422,,,,,,
1763596002.815739,,,,,,,0.15971693396568298,-0.009832620620727539,0.0634775161743164,0.4103934168815613,-1.681102991104126,2.2018797397613525
1763596002.821666,-0.75635320507586,-0.06275485459864139,0.3085805037423968,-0.07506939768791199,-0.4293971359729767,-2.075490713119507,,,,,,
1763596002.82577,,,,,,,0.11565080285072327,-0.06522947549819946,0.04641926288604736,0.3240966200828552,-1.6174873113632202,2.194244146347046
1763596002.831719,-0.584047257912159,0.341801513081789,0.15786986392363905,-0.1329292356967926,-0.31781041622161865,-2.0759239196777344,,,,,,
1763596002.8358,,,,,,,0.09106255322694778,-0.0688704252243042,0.027059853076934814,0.2983955144882202,-1.5656989812850952,2.1916964054107666
1763596002.841772,-0.3815782276749611,0.5358271246224642,0.01344751059412956,-0.16633786261081696,-0.22976253926753998,-2.0690927505493164,,,,,,
1763596002.845831,,,,,,,0.0804530680179596,-0.060280561447143555,-0.029826700687408447,0.2672936022281647,-1.5264623165130615,2.177159070968628
1763596002.851825,-0.36403380315601824,0.4054021708548069,-0.13362871824502945,-0.1742309331893921,-0.1936924159526825,-2.079387903213501,,,,,,
1763596002.855861,,,,,,,0.07823234796524048,-0.07400864362716675,-0.07296687364578247,0.31696581840515137,-1.4806767702102661,2.2413408756256104
1763596002.861878,-0.354401466935873,0.049368134281039235,-0.14883914685845373,-0.1709984540939331,-0.21870285272598267,-2.1249167919158936,,,,,,
1763596002.865892,,,,,,,0.09083257615566254,-0.08465886116027832,-0.0740295946598053,0.34196165204048157,-1.4681267738342285,2.249588966369629
1763596002.871931,-0.3545154487043619,-0.3237175748586654,-0.1496596694611013,-0.15397578477859497,-0.2957046926021576,-2.2003896236419678,,,,,,
1763596002.875923,,,,,,,0.12053210288286209,0.0158957839012146,0.05574089288711548,0.3362947106361389,-1.4596716165542603,2.3010709285736084
1763596002.881984,-0.4075806839376688,-0.4835001405358314,-0.05457330170869827,-0.1354922652244568,-0.38729149103164673,-2.2764511108398438,,,,,,
1763596002.885953,,,,,,,0.17311838269233704,0.15466928482055664,0.13365930318832397,0.5861663222312927,-1.5325281620025635,2.416146755218506
1763596002.892037,-0.5507347708970308,-0.3578016307681799,0.04536006768345833,-0.14115947484970093,-0.4414633810520172,-2.323239803314209,,,,,,
1763596002.895984,,,,,,,0.18903814256191254,0.16966837644577026,0.11300930380821228,0.6926975846290588,-1.6126192808151245,2.3510870933532715
1763596002.90209,-0.5427355888366698,0.05958382334709167,-0.09481880285739898,-0.1910039335489273,-0.43707746267318726,-2.3213868141174316,,,,,,
1763596002.906015,,,,,,,0.15006095170974731,0.1767621636390686,0.17403057217597961,0.7046679258346558,-1.5675718784332275,2.3839409351348877
1763596002.912143,-0.28270810360014437,0.7231172904282808,-0.2435794776521623,-0.2518449127674103,-0.37397387623786926,-2.2497148513793945,,,,,,
1763596002.916045,,,,,,,0.12874062359333038,0.23003458976745605,0.2000705897808075,0.8184150457382202,-1.536525845527649,2.4459731578826904
1763596002.922196,-0.014716507616639136,1.3186854747861623,-0.3465608364380896,-0.30910593271255493,-0.287628173828125,-2.1203737258911133,,,,,,
1763596002.926076,,,,,,,0.11084876954555511,0.2725619077682495,0.13799944519996643,0.8794829249382019,-1.5234787464141846,2.3924293518066406
1763596002.932249,0.20550562145411966,1.5842846226751803,-0.4651109357558191,-0.345971018075943,-0.1932753026485443,-1.9749411344528198,,,,,,
1763596002.936107,,,,,,,0.07318855822086334,0.20376330614089966,0.06545984745025635,0.7910031080245972,-1.4757142066955566,2.257500410079956
1763596002.942302,0.5093734174609184,1.5845447349160908,-0.5695476079165935,-0.3502599000930786,-0.0870758593082428,-1.8469792604446411,,,,,,
1763596002.946137,,,,,,,0.021930038928985596,-0.007385730743408203,0.018427014350891113,0.6056542992591858,-1.3827112913131714,2.1825034618377686
1763596002.952355,0.8705687823206186,1.316608668512106,-0.4858230305254459,-0.3336944878101349,-0.022788748145103455,-1.7611889839172363,,,,,,
1763596002.956168,,,,,,,-0.012961402535438538,-0.2153121829032898,0.0061567723751068115,0.28463873267173767,-1.2716675996780396,2.1261351108551025
1763596002.962408,1.0128256281793118,0.7532657604545354,-0.38001185514107344,-0.289342999458313,-0.05618898198008537,-1.745749831199646,,,,,,
1763596002.966198,,,,,,,-0.01922859251499176,-0.27919459342956543,0.029199570417404175,-0.09346035867929459,-1.2080824375152588,2.0498275756835938
1763596002.972461,1.0296090051978826,0.1496037014901638,-0.3521931432366371,-0.21437740325927734,-0.1776757389307022,-1.7817062139511108,,,,,,
1763596002.976229,,,,,,,0.010460466146469116,-0.2179187536239624,0.07198134064674377,-0.3501073122024536,-1.2004469633102417,2.0976593494415283
1763596002.982513,0.9607359599798917,-0.30145313608050345,-0.26778248327746984,-0.126600444316864,-0.36551859974861145,-1.8373985290527344,,,,,,
1763596002.98626,,,,,,,0.06504642963409424,-0.11311280727386475,0.08461067080497742,-0.3925381302833557,-1.2854191064834595,2.127708911895752
1763596002.992566,0.7784323504149914,-0.5546627579957246,-0.22028408839106559,-0.058192361146211624,-0.5974527597427368,-1.8828924894332886,,,,,,
1763596002.99629,,,,,,,0.09582534432411194,-0.010097205638885498,0.09921255707740784,-0.35035449266433716,-1.3381187915802002,2.1812963485717773
1763596003.002619,0.5168015216350555,-0.5525315911859273,-0.1862098232232034,-0.02640596590936184,-0.7841477990150452,-1.8868461847305298,,,,,,
1763596003.006321,,,,,,,0.11036118865013123,0.09397017955780029,0.1029742956161499,-0.14068017899990082,-1.4183709621429443,2.2665765285491943
1763596003.012672,0.2813525973379612,-0.3291179725974798,-0.17747838136553765,-0.06250617653131485,-0.8525207042694092,-1.852756381034851,,,,,,
1763596003.016352,,,,,,,0.10556483268737793,0.14344370365142822,0.06322118639945984,0.14282210171222687,-1.500442385673523,2.345707416534424
1763596003.022725,0.10018880545794963,-0.0849187556117773,-0.24207959448322652,-0.14865612983703613,-0.7769500017166138,-1.7953112125396729,,,,,,
1763596003.026382,,,,,,,0.0880468487739563,0.1544927954673767,0.027500629425048828,0.3372838795185089,-1.535241723060608,2.3498246669769287
1763596003.032778,-0.0015758710145950317,0.10027940635085106,-0.3634169864319265,-0.2409495711326599,-0.6159480214118958,-1.740403413772583,,,,,,
1763596003.036413,,,,,,,0.05768471956253052,0.13562732934951782,0.0370025634765625,0.4116731584072113,-1.5062819719314575,2.368783950805664
1763596003.042831,-0.04870996263325214,0.14949965659379957,-0.3544843229137361,-0.31264400482177734,-0.4771290719509125,-1.7197893857955933,,,,,,
1763596003.046444,,,,,,,0.04116538166999817,0.09409201145172119,0.043506473302841187,0.2861855626106262,-1.462630033493042,2.3934261798858643
1763596003.052884,-0.10716215160191059,0.10757307049036026,-0.3015279548823833,-0.3634619116783142,-0.41079238057136536,-1.7567766904830933,,,,,,
1763596003.056474,,,,,,,0.03686809539794922,0.006099104881286621,0.029335349798202515,0.001187935471534729,-1.4337488412857056,2.3358521461486816
1763596003.062937,0.02485299396663904,0.07854220631718635,-0.2660626737475395,-0.38382190465927124,-0.4277052879333496,-1.8603525161743164,,,,,,
1763596003.066505,,,,,,,0.033768266439437866,-0.13821345567703247,0.008408427238464355,-0.3078594505786896,-1.3883968591690063,2.3317034244537354
1763596003.07299,0.34459465093165637,0.09638415247797966,-0.32126156000867484,-0.33865708112716675,-0.48247718811035156,-2.000324010848999,,,,,,
1763596003.076535,,,,,,,0.04594796895980835,-0.24122190475463867,0.012338042259216309,-0.6300073862075806,-1.3779224157333374,2.2975077629089355
1763596003.083043,0.6881316095039248,0.0678957246184349,-0.4929110890902579,-0.2024773508310318,-0.593002438545227,-2.1120517253875732,,,,,,
1763596003.086566,,,,,,,0.054904162883758545,-0.2331424355506897,0.060789674520492554,-0.8963481187820435,-1.3830572366714478,2.2257120609283447
1763596003.093096,0.8719318873673677,0.05290098458230495,-0.35023046486154197,-0.04285226762294769,-0.8254684805870056,-2.1418538093566895,,,,,,
1763596003.096597,,,,,,,0.06928735971450806,-0.15081894397735596,0.10875582695007324,-0.9349319934844971,-1.4162462949752808,2.2124338150024414
1763596003.103149,0.8247346673846244,0.05432604894936084,0.022273644997924565,0.050711870193481445,-1.113722801208496,-2.0692172050476074,,,,,,
1763596003.106627,,,,,,,0.09045141935348511,-0.05148357152938843,0.12207460403442383,-0.8310851454734802,-1.4729503393173218,2.225287675857544
1763596003.113202,0.5723284708067774,0.11628770734369755,0.20451967915669084,0.05460194870829582,-1.2899208068847656,-1.9298762083053589,,,,,,
1763596003.116658,,,,,,,0.1030389666557312,0.05788308382034302,0.10234621167182922,-0.607469916343689,-1.5399943590164185,2.217613697052002
