timestamp,phone_accel_x,phone_accel_y,phone_accel_z,phone_gyro_x,phone_gyro_y,phone_gyro_z,watch_accel_x,watch_accel_y,watch_accel_z,watch_gyro_x,watch_gyro_y,watch_gyro_z
1763596076.800667,0.10460596431307494,0.10026830043494701,-0.08689867738261818,-0.18787768483161926,-0.23865541815757751,-0.8150750994682312,,,,,,
1763596076.801526,,,,,,,0.04355323314666748,0.046077579259872437,-0.01997452974319458,0.2775907814502716,0.31956949830055237,1.2600882053375244
1763596076.810719,-0.00301339300442487,0.10052665911018847,-0.1395699448622763,-0.16579988598823547,-0.2510094940662384,-0.7982769012451172,,,,,,
1763596076.811557,,,,,,,0.04437500238418579,0.0807536244392395,-0.028694987297058105,0.2016618549823761,0.26575928926467896,1.1754863262176514
1763596076.820772,-0.06016681086681783,0.07123568269610404,-0.07911401485577226,-0.13671258091926575,-0.2813844382762909,-0.772731602191925,,,,,,
1763596076.821587,,,,,,,0.034340739250183105,0.10314679145812988,-0.02768886089324951,0.05622503161430359,0.20414598286151886,1.0682450532913208
1763596076.830826,-0.04787358487434685,-0.0045113399446010585,-0.006764379568397998,-0.10409267246723175,-0.32583263516426086,-0.7485703825950623,,,,,,
1763596076.831618,,,,,,,0.01890087127685547,0.08756563067436218,-0.012148736976087093,-0.08440155535936356,0.17069587111473083,0.9561100602149963
1763596076.840878,0.0629709085021168,0.015707856741547583,0.05269464835524559,-0.06700895726680756,-0.37335753440856934,-0.7216591238975525,,,,,,
1763596076.841647,,,,,,,-0.0012685060501098633,0.06359443068504333,0.0027173757553100586,-0.213621586561203,0.1807626336812973,0.8722497820854187
1763596076.85093,0.10661913076639175,0.05607552296519279,0.050196547929197546,-0.02913520112633705,-0.4261420965194702,-0.6946077346801758,,,,,,
1763596076.851679,,,,,,,-0.010595500469207764,0.09022867679595947,-0.001331329345703125,-0.23794852197170258,0.17295503616333008,0.795009970664978
1763596076.860984,0.11456409842148423,0.08414075697660446,-0.00479644049629569,0.011153633706271648,-0.47778159379959106,-0.6577882170677185,,,,,,
1763596076.86171,,,,,,,0.0035538077354431152,0.1347234845161438,-0.014234602451324463,-0.25017109513282776,0.1269228309392929,0.7199482321739197
1763596076.871037,0.10308284639902413,0.15297931540310383,0.0064272565685212606,0.03181169554591179,-0.5126217007637024,-0.6098007559776306,,,,,,
1763596076.871739,,,,,,,0.026040196418762207,0.14600813388824463,-0.017626464366912842,-0.2603839933872223,0.07718031108379364,0.6516289710998535
1763596076.881089,0.15802191268019378,0.28706045359075066,0.010558511154353618,0.03440374881029129,-0.48280102014541626,-0.5664761662483215,,,,,,
1763596076.881771,,,,,,,0.02018970251083374,0.09920430183410645,-0.008929669857025146,-0.22505344450473785,0.12546688318252563,0.6499612927436829
1763596076.891141,0.21316380805708468,0.3172761436343193,-0.03009220979437232,0.019294198602437973,-0.40172556042671204,-0.5266849398612976,,,,,,
1763596076.8918,,,,,,,-0.0019527673721313477,0.08859014511108398,-0.024301528930664062,-0.09942139685153961,0.15908636152744293,0.6498048305511475
1763596076.901195,0.24182145500369367,0.19429390708804128,-0.07252177698388695,-0.004155468195676804,-0.30905476212501526,-0.4890552759170532,,,,,,
1763596076.901831,,,,,,,0.001527249813079834,0.13898402452468872,-0.04211127758026123,0.08001280575990677,0.13717439770698547,0.6320817470550537
1763596076.911248,0.20054887582957742,0.03267477363348007,-0.006245177999883889,-0.023368539288640022,-0.23383834958076477,-0.43970802426338196,,,,,,
1763596076.911861,,,,,,,0.02267932891845703,0.16722863912582397,-0.05199599266052246,0.17764025926589966,0.09252890199422836,0.5988017916679382
1763596076.9213,0.10793605858385562,-0.04614040440618992,0.10674188036322593,-0.03574557974934578,-0.1864367425441742,-0.3964364230632782,,,,,,
1763596076.921892,,,,,,,0.016660094261169434,0.13121259212493896,-0.0355299711227417,0.14331690967082977,0.10880348086357117,0.5554953217506409
1763596076.931353,0.014065715557709335,-0.04141512944996357,0.17094576472640036,-0.04326603561639786,-0.14823448657989502,-0.36808454990386963,,,,,,
1763596076.931923,,,,,,,-0.014988183975219727,0.08490315079689026,-0.012782096862792969,0.06434127688407898,0.1557409018278122,0.5067651271820068
1763596076.941406,-0.07572678357027471,-0.0019067104041576384,0.15641104341745377,-0.052155666053295135,-0.11347143352031708,-0.3588540554046631,,,,,,
1763596076.941953,,,,,,,-0.03277170658111572,0.07293272018432617,-0.007399082183837891,-0.017882218584418297,0.1770789474248886,0.4446253478527069
1763596076.951458,-0.07313873983845114,0.042485389029979705,0.014720745400339364,-0.06302862614393234,-0.0745515450835228,-0.3608185648918152,,,,,,
1763596076.951984,,,,,,,-0.021157681941986084,0.09291616082191467,-0.01771247386932373,-0.09483002126216888,0.16039982438087463,0.3817574381828308
1763596076.961512,0.059588353391736744,0.10331132139265536,-0.0843618523813784,-0.07035551965236664,-0.043690573424100876,-0.3567918539047241,,,,,,
1763596076.962014,,,,,,,0.00402754545211792,0.09741109609603882,-0.030647993087768555,-0.1813337504863739,0.11338038742542267,0.33294862508773804
1763596076.971565,0.29470965316966174,0.21465105094015596,-0.11184694841727613,-0.07556820660829544,-0.03049369901418686,-0.3330383896827698,,,,,,
1763596076.972045,,,,,,,0.013415634632110596,0.083871990442276,-0.028276681900024414,-0.2071056216955185,0.0761195719242096,0.2998388111591339
1763596076.981616,0.5285419360503554,0.25897593035697936,-0.11736249696835875,-0.05208577588200569,-0.02741854637861252,-0.3003653883934021,,,,,,
1763596076.982076,,,,,,,0.002759218215942383,0.06792029738426208,-0.025234460830688477,-0.16635340452194214,0.07809697091579437,0.2928900718688965
1763596076.991669,0.7001094859369099,0.18854981047809122,-0.11852817974686622,-0.025664787739515305,-0.07109877467155457,-0.25775355100631714,,,,,,
1763596076.992106,,,,,,,0.0008144378662109375,0.09049752354621887,-0.05197465419769287,-0.02500200644135475,0.05544199049472809,0.3120007812976837
1763596077.001723,0.6968488767057657,0.1600520302683115,-0.08229834398031234,0.011648228392004967,-0.14445288479328156,-0.2183166742324829,,,,,,
1763596077.002137,,,,,,,0.013446986675262451,0.12683691084384918,-0.060309410095214844,0.14922305941581726,0.011427927762269974,0.30545127391815186
1763596077.011775,0.6178536659240722,0.19305296711623668,0.033384383207559584,0.059786245226860046,-0.20743043720722198,-0.1889912188053131,,,,,,
1763596077.012167,,,,,,,0.00914609432220459,0.12846489250659943,-0.04930245876312256,0.24166163802146912,0.026590900495648384,0.3062884509563446
1763596077.021828,0.4274129271328449,0.12031214055418968,0.16439546630010007,0.08502662181854248,-0.25180724263191223,-0.16633784770965576,,,,,,
1763596077.022198,,,,,,,0.0032538175582885742,0.10180707275867462,-0.05122840404510498,0.24662922322750092,0.07319115847349167,0.28493282198905945
1763596077.031881,0.22106983194127677,0.03739128076136112,0.30405908079519867,0.0754355639219284,-0.266403466463089,-0.1401737481355667,,,,,,
1763596077.032228,,,,,,,-0.003079235553741455,0.07940161228179932,-0.056449174880981445,0.2001427859067917,0.09697558730840683,0.23137134313583374
1763596077.041934,0.07919350983276963,0.05476444036662578,0.29701895302534104,0.04270690679550171,-0.22121228277683258,-0.11378341913223267,,,,,,
1763596077.042259,,,,,,,-0.004351139068603516,0.0687057375907898,-0.038706183433532715,0.11767879128456116,0.06912824511528015,0.17902451753616333
1763596077.051986,0.03314005305767059,0.0994797804057598,0.15162117879241704,0.007786819711327553,-0.12365735322237015,-0.09067828953266144,,,,,,
1763596077.052291,,,,,,,-0.006532430648803711,0.06217992305755615,-0.011998413130640984,0.01034064032137394,0.057832177728414536,0.12297549098730087
1763596077.06204,0.029241292053461074,0.054608373022079465,0.017354601035267113,-0.018902314826846123,-0.03019796870648861,-0.06500035524368286,,,,,,
1763596077.06232,,,,,,,-0.01357269287109375,0.05326858162879944,-0.013853312470018864,-0.11352058500051498,0.04449373483657837,0.07162228226661682
1763596077.072093,0.042310763115435836,-0.058552726733684536,-0.07917217478379607,-0.028739264234900475,-0.003738472005352378,-0.0356888473033905,,,,,,
1763596077.072351,,,,,,,-0.004762828350067139,0.04090949892997742,-0.03348672389984131,-0.24923740327358246,-0.002800809219479561,0.01709652692079544
1763596077.082144,0.07890738636776805,-0.06465221265256405,-0.1118237136721611,-0.01372542604804039,-0.040521517395973206,0.006025844253599644,,,,,,
1763596077.082381,,,,,,,0.0065056681632995605,0.029912039637565613,-0.03132903575897217,-0.40806567668914795,-0.05826087296009064,-0.052612777799367905
1763596077.092197,0.1373757958188653,-0.03860124107301235,-0.059398091516643756,0.019144810736179352,-0.10806916654109955,0.05045801028609276,,,,,,
1763596077.092412,,,,,,,0.002090632915496826,0.016699418425559998,-0.01767563633620739,-0.5774520039558411,-0.08746562898159027,-0.1040598526597023
1763596077.102251,0.1355126322954893,0.020621932268142698,-0.030164982769638297,0.04851841181516647,-0.17025849223136902,0.07715167105197906,,,,,,
1763596077.102443,,,,,,,-0.003568708896636963,0.0012134462594985962,-0.00938880443572998,-0.6857113838195801,-0.10353221744298935,-0.1420796811580658
1763596077.112304,0.15059855774641037,0.016797990065813062,-0.042908729008585215,0.06636746227741241,-0.2004173994064331,0.08403970301151276,,,,,,
1763596077.112473,,,,,,,-0.004415333271026611,0.0008071362972259521,-0.016117094084620476,-0.7007567286491394,-0.12342362850904465,-0.15771569311618805
1763596077.122356,0.15126958887577055,0.02460018824934959,-0.055551791352033614,0.07503924518823624,-0.20653201639652252,0.07792055606842041,,,,,,
1763596077.122504,,,,,,,0.00511544942855835,0.025595009326934814,-0.027193067595362663,-0.645814061164856,-0.14405088126659393,-0.16424629092216492
1763596077.132409,0.1511496157579124,0.041222237226366996,0.028817952074855564,0.07447527348995209,-0.2029285430908203,0.0792957991361618,,,,,,
1763596077.132535,,,,,,,0.010633647441864014,0.052473247051239014,-0.03046250157058239,-0.5617963075637817,-0.15810544788837433,-0.16634073853492737
1763596077.142462,0.11883330017328261,0.041053894922137256,0.13790391134619712,0.07078279554843903,-0.1988845318555832,0.08710578083992004,,,,,,
1763596077.142565,,,,,,,0.00736391544342041,0.046781957149505615,-0.025989532470703125,-0.5071908831596375,-0.1519351601600647,-0.16401579976081848
1763596077.152514,0.038916882893443104,0.027638533031940457,0.1841581513904035,0.06259254366159439,-0.17775839567184448,0.08831223100423813,,,,,,
1763596077.152596,,,,,,,-0.004731655120849609,0.015333175659179688,-0.009126069955527782,-0.4661591351032257,-0.1020222008228302,-0.14382730424404144
1763596077.162568,-0.04621799968704581,-0.0367255103290081,0.17339038139954208,0.049864500761032104,-0.14614373445510864,0.07922898977994919,,,,,,
1763596077.162627,,,,,,,-0.016696691513061523,0.005785495042800903,-0.006896613165736198,-0.39480826258659363,-0.039535120129585266,-0.11211305856704712
1763596077.172621,-0.12201163794845342,-0.051693946880102155,0.1510205825507641,0.026969987899065018,-0.1222032904624939,0.06809083372354507,,,,,,
1763596077.172657,,,,,,,-0.011067986488342285,0.024091824889183044,-0.014026524499058723,-0.25547173619270325,-0.04080891236662865,-0.0921161100268364
1763596077.182673,-0.1716853310473263,-0.040729485273361205,0.06461626455634832,0.012981735169887543,-0.09455088526010513,0.05601685866713524,,,,,,
1763596077.182688,,,,,,,0.0055062174797058105,0.03992342948913574,-0.014284610748291016,-0.1673373579978943,-0.06743253022432327,-0.0793803408741951
1763596077.192719,,,,,,,0.010269999504089355,0.032881513237953186,-0.0018051862716674805,-0.11742952466011047,-0.06123002991080284,-0.06642193347215652
1763596077.192725,-0.22694982989057896,-0.013882394880056381,-0.026048487361520527,0.006841348018497229,-0.06124570965766907,0.043236054480075836,,,,,,
1763596077.202748,,,,,,,-0.006293654441833496,-0.005070209503173828,0.006676197052001953,-0.10836891829967499,-0.034478046000003815,-0.042121920734643936
1763596077.202779,-0.23374767333716154,-0.005577507871389388,-0.04530380745157599,-0.0018599983304738998,-0.02691090665757656,0.025468243286013603,,,,,,
1763596077.21278,,,,,,,-0.01449054479598999,-0.03056076169013977,0.007501721382141113,-0.11759424954652786,-0.006064513232558966,-0.020487066358327866
1763596077.212831,-0.19272592711895703,-0.04829261400401592,-0.0416273108959198,-0.019563844427466393,0.000445694662630558,0.011921320110559464,,,,,,
1763596077.222811,,,,,,,-0.007313728332519531,-0.025989636778831482,0.007312655448913574,-0.08330072462558746,-0.009943141601979733,0.0014296837616711855
1763596077.222884,-0.13234481591433286,-0.07797580460608006,-0.045742491129785776,-0.03830663859844208,0.024417607113718987,0.0034530004486441612,,,,,,
1763596077.232841,,,,,,,0.0018025636672973633,-0.014746516942977905,0.001512886956334114,-0.02647193893790245,-0.03319226950407028,0.015568804927170277
1763596077.232937,-0.08001096369549632,-0.09585632921159266,-0.06873743613958358,-0.04477335885167122,0.03353293240070343,0.005389710888266563,,,,,,
1763596077.242872,,,,,,,0.0046446919441223145,-0.0020827502012252808,0.00021457672119140625,0.028014205396175385,-0.04926178604364395,0.036351047456264496
1763596077.24299,-0.08508154495805502,-0.1126952358096838,-0.08649521114826202,-0.04229635372757912,0.022662974894046783,0.008540497161448002,,,,,,
1763596077.252902,,,,,,,-0.001904129981994629,-0.001638263463973999,0.0051081180572509766,0.0496613048017025,-0.03556887432932854,0.04758825525641441
1763596077.253042,-0.1408959327690303,-0.07952361856997013,-0.08258256774917244,-0.030736025422811508,0.0017080445541068912,0.004307213239371777,,,,,,
1763596077.262933,,,,,,,-0.009242713451385498,-0.00903862714767456,0.005787014961242676,0.027133356779813766,-0.013329883106052876,0.05949418619275093
1763596077.263096,-0.20583412275612353,-0.08082184168696403,-0.08511939275041222,-0.019711602479219437,-0.009572306647896767,-0.011562297120690346,,,,,,
1763596077.272963,,,,,,,-0.007738053798675537,-0.013803154230117798,0.009166838601231575,0.027383824810385704,0.0012104437919333577,0.04230687394738197
1763596077.273148,-0.2515450497038662,-0.08829378500282764,-0.03244914818406105,-0.016565250232815742,-0.014645205810666084,-0.030331112444400787,,,,,,
1763596077.282994,,,,,,,-0.007009625434875488,-0.016763746738433838,0.011676788330078125,0.03453041613101959,0.000895658100489527,0.026144417002797127
1763596077.283201,-0.19832447777837514,-0.0891711523592472,0.012133359255641699,-0.013829383999109268,-0.005900450050830841,-0.041988033801317215,,,,,,
1763596077.293025,,,,,,,-0.009349524974822998,-0.0002813488245010376,0.013904571533203125,0.05337882786989212,-0.006091677583754063,0.021212177351117134
1763596077.293253,-0.15918503817543386,-0.10996785667240619,0.005675561418384313,-0.012394348159432411,0.00018284074030816555,-0.03581797331571579,,,,,,
1763596077.303055,,,,,,,-0.01475435495376587,0.017314404249191284,0.01729905605316162,0.11009909957647324,-0.00878732930868864,0.01198245957493782
1763596077.303307,-0.1568212316535413,-0.11544482677876948,-0.028537381567806004,-0.006596647202968597,-0.0024795213248580694,-0.011603979393839836,,,,,,
1763596077.313086,,,,,,,-0.019202351570129395,0.02281762659549713,0.01615142822265625,0.13740955293178558,-0.0073960935696959496,0.014155598357319832
1763596077.313359,-0.1828079058252275,-0.09766133280694485,-0.10136091797724366,0.007175086997449398,0.002002510940656066,0.013611186295747757,,,,,,
1763596077.323116,,,,,,,-0.014112472534179688,0.021447643637657166,0.015232682228088379,0.1583518534898758,-0.0006196805043146014,0.013829894363880157
1763596077.323411,-0.24810806099250912,-0.06328793856203556,-0.10844035484418273,0.01383272372186184,0.020165270194411278,0.027074264362454414,,,,,,
1763596077.333147,,,,,,,-0.007830977439880371,0.006959244608879089,0.009823085740208626,0.14717233180999756,0.011056683026254177,0.016934340819716454
1763596077.333465,-0.30049831957370043,-0.06322714828550816,-0.04363792006596923,0.000412417808547616,0.052013855427503586,0.02937236800789833,,,,,,
1763596077.343178,,,,,,,-0.0060572028160095215,0.0026197582483291626,0.013437747955322266,0.13298779726028442,0.01387643814086914,0.01474282518029213
1763596077.343518,-0.3441680960826576,-0.06861351749897003,-0.03919467692151665,-0.02926824614405632,0.10130017250776291,0.027059413492679596,,,,,,
1763596077.353208,,,,,,,-0.0055130720138549805,-0.002365902066230774,0.020883677527308464,0.12617351114749908,0.019213944673538208,0.005173089448362589
1763596077.35357,-0.3203304166384041,-0.04668693237304687,-0.09292246771678328,-0.05810360983014107,0.16541139781475067,0.01223246194422245,,,,,,
1763596077.363239,,,,,,,-0.004272580146789551,-0.006846189498901367,0.019221898168325424,0.11536294966936111,0.03542034700512886,0.003554153721779585
1763596077.363624,-0.2930329521290958,-0.016107669714093206,-0.15981076885834336,-0.07353716343641281,0.2292657345533371,-0.004322279244661331,,,,,,
1763596077.373268,,,,,,,0.00131303071975708,-0.0004566013813018799,0.005899546667933464,0.11421781778335571,0.031411223113536835,0.004954776726663113
1763596077.373676,-0.2186559026673436,-0.02066635593175888,-0.1278233929671347,-0.078855961561203,0.2485930323600769,-0.010869686491787434,,,,,,
1763596077.3833,,,,,,,0.0006698966026306152,0.01198326051235199,0.008380529470741749,0.11520452052354813,0.008529342710971832,-0.002593686804175377
1763596077.383728,-0.09243307676464319,-0.013712883532047271,-0.09432079020738601,-0.07108751684427261,0.225160151720047,-0.0010756452102214098,,,,,,
1763596077.39333,,,,,,,-0.006582081317901611,0.011513829231262207,0.020072219893336296,0.0831039622426033,0.0029508196748793125,-0.011528459377586842
1763596077.393781,0.03383987189009786,0.046374797683954236,-0.0844049608707428,-0.05132542550563812,0.18901656568050385,0.01461917906999588,,,,,,
1763596077.403361,,,,,,,-0.015743255615234375,0.0015059113502502441,0.028795959427952766,0.048371821641922,0.015093236230313778,-0.01732908934354782
1763596077.403835,0.07049597024470568,0.07622866867780685,-0.15326149334535002,-0.0251271091401577,0.15242792665958405,0.025980757549405098,,,,,,
1763596077.413392,,,,,,,-0.019947171211242676,-0.019955962896347046,0.024070980027318,-0.0007949275895953178,0.045136090368032455,-0.006439425051212311
1763596077.413888,0.11179492596909403,0.07164952419400215,-0.16944135151281953,-0.0013200631365180016,0.12938417494297028,0.019207969307899475,,,,,,
1763596077.423422,,,,,,,-0.01110529899597168,-0.01797434687614441,0.010283591225743294,-0.003298032796010375,0.055182334035634995,-0.0008702222257852554
1763596077.423939,0.11527049312517046,0.0393745635330677,-0.12854454684853553,0.009592238813638687,0.10041405260562897,0.00831537414342165,,,,,,
1763596077.433453,,,,,,,0.0034756064414978027,-0.008625611662864685,-0.0002545136958360672,0.014130226336419582,0.04413767158985138,0.0006310016615316272
1763596077.433993,0.107885935831815,-0.001578209102153778,-0.03466682423353195,0.013290820643305779,0.0635189488530159,0.004730922169983387,,,,,,
1763596077.443482,,,,,,,0.008379757404327393,0.00438651442527771,-0.005032658576965332,0.03460540622472763,0.03480914980173111,0.007087303325533867
1763596077.444046,0.08694280878528952,0.006869885769486427,-0.01905877460464835,0.01426660269498825,0.03261136636137962,0.016291970387101173,,,,,,
1763596077.453514,,,,,,,0.004739284515380859,0.012290224432945251,-0.0014278870075941086,0.04789005592465401,0.006938370410352945,-0.0008736844174563885
1763596077.454098,-0.003729688047617674,-0.009551672199368475,-0.08368482990264892,0.01787913590669632,0.019183162599802017,0.024994779378175735,,,,,,
1763596077.463545,,,,,,,-0.0006101131439208984,0.010005369782447815,0.00366378016769886,0.044085543602705,0.001621635863557458,-0.011264939792454243
1763596077.464152,-0.11229849157705903,0.00239420166015625,-0.12063830376863478,0.03191053122282028,0.028673604130744934,0.024189703166484833,,,,,,
1763596077.473574,,,,,,,-0.005867660045623779,0.003099575638771057,-0.0007584113627672195,-0.0017310191178694367,0.012793862260878086,-0.02251632884144783
1763596077.474204,-0.15992285093069075,-0.052096097940206525,-0.10072831916213035,0.03824317827820778,0.027772968634963036,0.01801810786128044,,,,,,
1763596077.483605,,,,,,,-0.007479846477508545,0.0027326196432113647,-0.006114603951573372,-0.021705524995923042,0.008374347351491451,-0.04518169164657593
1763596077.484257,-0.15672084001898764,-0.0925654709726572,0.02052358646020293,0.03315148130059242,0.009887711144983768,0.013997000642120838,,,,,,
1763596077.493635,,,,,,,-0.005945026874542236,-0.0036757439374923706,-0.0005490798503160477,-0.06096233054995537,0.007026521023362875,-0.06062143296003342
1763596077.494309,-0.10873466161563992,-0.03919979148805141,0.06676657445803284,0.03145346790552139,0.008471113629639149,0.023410314694046974,,,,,,
1763596077.503666,,,,,,,-0.002066671848297119,0.0019307732582092285,0.005611300468444824,-0.10532926023006439,0.007061941083520651,-0.07364988327026367
1763596077.504363,-0.05398103490397334,0.018281506621837616,0.037934155466407535,0.026354577392339706,0.010380333289504051,0.03523341938853264,,,,,,
1763596077.513696,,,,,,,-0.004010438919067383,-0.0017042458057403564,0.005322100594639778,-0.07398387789726257,0.02188296429812908,-0.08080892264842987
1763596077.514415,-0.05943477026522159,0.05443593906462192,-0.018122808928787707,0.02408064715564251,0.02507016621530056,0.04355504736304283,,,,,,
1763596077.523727,,,,,,,-0.0025603175163269043,-0.008971691131591797,-0.003631591796875,-0.01299988105893135,0.01567061059176922,-0.0515730157494545
1763596077.524467,-0.0027365853570401667,0.11081365984678268,-0.06654650196656585,0.028074854984879494,0.03657102584838867,0.05165478587150574,,,,,,
1763596077.533758,,,,,,,0.007393002510070801,0.011021718382835388,-0.011895177885890007,0.08381391316652298,0.010374381206929684,-0.03087412752211094
1763596077.534521,0.02645867559760809,0.09609832127392291,-0.06284560162201523,0.03330577537417412,0.029850590974092484,0.05594277009367943,,,,,,
1763596077.543788,,,,,,,0.013837575912475586,0.02652941644191742,-0.01810443215072155,0.14922434091567993,0.016190990805625916,-0.010146744549274445
1763596077.544574,-0.01958250621780753,0.009300912308692932,0.01664586824402213,0.04262896627187729,0.005094645079225302,0.049118686467409134,,,,,,
1763596077.553819,,,,,,,0.013444066047668457,0.014871224761009216,-0.018367767333984375,0.1442926675081253,0.01464875414967537,-0.003733852645382285
1763596077.554626,-0.0849538269251585,-0.03184299898445606,0.09045578534230589,0.04214784875512123,-0.023099681362509727,0.0398157499730587,,,,,,
1763596077.563849,,,,,,,0.0039820075035095215,-0.009201481938362122,-7.295794785022736e-05,0.09982267022132874,0.014382438734173775,-0.005754658952355385
1763596077.564678,-0.1595445191375911,-0.005787351229786872,0.12054361122250556,0.026101237162947655,-0.03098636493086815,0.028417155146598816,,,,,,
1763596077.57388,,,,,,,-0.007621705532073975,-0.03573437035083771,0.024422047659754753,0.032597996294498444,0.03729600831866264,-0.0013800845481455326
1763596077.574732,-0.1727532525397837,0.08388298282325267,0.046426235610246655,0.015085961669683456,0.012712668627500534,0.004655905999243259,,,,,,
1763596077.583911,,,,,,,-0.00855189561843872,-0.03827694058418274,0.013895153999328613,-0.02994500659406185,0.055348511785268784,0.00894046388566494
1763596077.584784,-0.12484262359067796,0.05835457381308078,-0.03878989551290869,0.008107148110866547,0.05967511609196663,-0.01696763001382351,,,,,,
1763596077.593941,,,,,,,0.002394378185272217,-0.022765740752220154,-0.006906269118189812,-0.042022671550512314,0.03510875627398491,-0.010234562680125237
1763596077.594837,-0.08627864578813314,-0.043536359387636184,-0.06630217181667686,0.004616609308868647,0.058913733810186386,-0.02039044350385666,,,,,,
1763596077.603972,,,,,,,0.014753758907318115,-0.013037443161010742,-0.014112234115600586,-0.058752913028001785,-0.0008580334251746535,-0.03362137824296951
1763596077.604891,-0.048639527745544905,-0.084274027967453,-0.03841843185201287,0.0182794239372015,0.008297430351376534,-0.0013056996976956725,,,,,,
1763596077.614002,,,,,,,0.01140683889389038,-0.010663405060768127,-0.0037527084350585938,-0.06513334810733795,-0.015295030549168587,-0.039006490260362625
1763596077.614943,-0.015625439155101777,-0.04737549915909767,0.02289104624390602,0.042888786643743515,-0.04959812015295029,0.019742576405405998,,,,,,
1763596077.624033,,,,,,,-0.006788313388824463,-0.016593188047409058,0.0024248361587524414,-0.08562050759792328,0.010369054973125458,-0.030237765982747078
1763596077.624995,-0.04657528869211673,-0.0218330616235733,0.05479205902591348,0.06799360364675522,-0.08125005662441254,0.021209711208939552,,,,,,
1763596077.634063,,,,,,,-0.011345744132995605,-0.0084896981716156,-0.009343743324279785,-0.06829281896352768,0.01772204227745533,-0.024629680439829826
1763596077.635049,-0.10589622331932186,-0.08069792304635047,0.050053632327169174,0.07161539793014526,-0.07977862656116486,0.009534835815429688,,,,,,
1763596077.644094,,,,,,,0.0003314018249511719,-0.0034440457820892334,-0.023425577208399773,-0.05246138945221901,0.010926720686256886,-0.028595926240086555
1763596077.645102,-0.10702946513295172,-0.1460959856301546,0.11834668570011854,0.0543661005795002,-0.061296019703149796,0.00807941798120737,,,,,,
1763596077.654125,,,,,,,0.0066762566566467285,0.001700669527053833,-0.0226821918040514,-0.04732140898704529,0.0028877025470137596,-0.03261077404022217
1763596077.655154,-0.12334610142260789,-0.1707528725028038,0.17807707791104913,0.028055956587195396,-0.03752676770091057,0.01904350519180298,,,,,,
1763596077.664155,,,,,,,-0.002003490924835205,0.0027823597192764282,-0.011913299560546875,-0.026174310594797134,0.006569256540387869,-0.03911314904689789
1763596077.665206,-0.14558204475864767,-0.1296826109677553,0.1489792859815061,0.01574070192873478,0.00015003804583102465,0.031065547838807106,,,,,,
1763596077.674186,,,,,,,-0.011397957801818848,0.00028020143508911133,-0.008767245337367058,-0.026832930743694305,0.026161333546042442,-0.04338312894105911
1763596077.67526,-0.16791443420648575,-0.07616612483561039,0.0628277737043798,0.010941912420094013,0.03187180683016777,0.036092840135097504,,,,,,
1763596077.684216,,,,,,,-0.007110416889190674,0.0056588053703308105,-0.011567709967494011,-0.010774333961308002,0.01916174776852131,-0.054222725331783295
1763596077.685313,-0.22892492935582995,-0.09611410336494446,0.05421674335598945,0.008824699558317661,0.03380126506090164,0.03791683912277222,,,,,,
1763596077.694247,,,,,,,0.004586577415466309,0.005843013525009155,-0.014859555289149284,-0.007766220718622208,-0.002528368029743433,-0.06661488115787506
1763596077.695365,-0.21637290629670022,-0.08642916017472743,0.0814824975527823,0.009245009161531925,0.02162976935505867,0.03761161491274834,,,,,,
1763596077.704277,,,,,,,0.007393002510070801,0.006093829870223999,-0.008553624153137207,-0.03418051823973656,-0.018481502309441566,-0.076024629175663
1763596077.705419,-0.14520035196468234,-0.030824177330732342,0.0460593019939959,0.008977361023426056,0.015901310369372368,0.040660932660102844,,,,,,
1763596077.714308,,,,,,,7.867813110351562e-06,-0.0019767582416534424,-0.0013977307826280594,-0.0750177800655365,-0.015935786068439484,-0.08334605395793915
1763596077.715471,-0.08833850092738867,0.007851298022270203,0.01984349524155259,0.007026171311736107,0.019763654097914696,0.04405843839049339,,,,,,
1763596077.724339,,,,,,,-0.003384828567504883,-0.007183164358139038,-0.00013828463852405548,-0.1313428431749344,-0.02301313728094101,-0.09666265547275543
1763596077.725523,-0.03585369593054056,0.017627426627278328,-0.027459669333696365,0.00480456231161952,0.024947229772806168,0.0492931492626667,,,,,,
1763596077.734369,,,,,,,0.0009559392929077148,-0.01463821530342102,0.0025119781494140625,-0.188150092959404,-0.030331769958138466,-0.0996052548289299
1763596077.735577,-0.00261880419626832,0.04862403791546821,-0.07519172684550285,0.004674429073929787,0.025392334908246994,0.05346357449889183,,,,,,
1763596077.7444,,,,,,,0.006562173366546631,-0.019673973321914673,0.0028300266712903976,-0.23315271735191345,-0.03283460810780525,-0.09223176538944244
1763596077.74563,0.02317000931575894,0.10204349341392517,-0.07259191961064934,0.01432439312338829,0.014429698698222637,0.06357266753911972,,,,,,
1763596077.75443,,,,,,,0.010215163230895996,-0.009504169225692749,-0.007139682769775391,-0.24395805597305298,-0.04388672858476639,-0.10052897036075592
1763596077.755682,0.042849107775837184,0.07221884851455689,-0.052343935221433636,0.028632134199142456,-0.019689146429300308,0.07574010640382767,,,,,,
1763596077.764461,,,,,,,0.008765041828155518,0.012375563383102417,-0.01197982206940651,-0.26987701654434204,-0.07038890570402145,-0.1099962443113327
1763596077.765734,0.02853343604505062,0.0010264204382896423,-0.04718509115353226,0.03979663923382759,-0.057816557586193085,0.08884499222040176,,,,,,
1763596077.774492,,,,,,,0.004088044166564941,0.015200048685073853,-0.0002186298370361328,-0.30783551931381226,-0.07540363818407059,-0.13608457148075104
1763596077.775786,0.03592661503627896,0.008853753063082694,-0.08492635439634323,0.055307984352111816,-0.07884586602449417,0.0873270258307457,,,,,,
1763596077.784522,,,,,,,-0.010479509830474854,-0.013873875141143799,0.01364755630493164,-0.3703385591506958,-0.05479343608021736,-0.15199775993824005
1763596077.785839,0.05210442737713456,0.013431143981218337,-0.05866743915453553,0.06341198086738586,-0.08076387643814087,0.07526716589927673,,,,,,
1763596077.794553,,,,,,,-0.016633152961730957,-0.030865490436553955,0.013652442023158073,-0.4323294758796692,-0.03385406732559204,-0.16835255920886993
1763596077.795892,0.051935354420542715,-0.014395020577311514,0.019568477692455052,0.06730514764785767,-0.08113561570644379,0.06366951763629913,,,,,,
1763596077.804583,,,,,,,-0.012365758419036865,-0.018944770097732544,0.005000708624720573,-0.4709082841873169,-0.03589058667421341,-0.17692208290100098
1763596077.805945,0.005907543543353677,-0.07159867078959942,0.04136208408847451,0.06592589616775513,-0.09874976426362991,0.058270495384931564,,,,,,
1763596077.814614,,,,,,,-0.003415524959564209,-0.0012243986129760742,-0.003546355292201042,-0.47851911187171936,-0.05069642886519432,-0.17631147801876068
1763596077.815997,-0.00887019274123013,-0.07934943104684353,-0.00240574596747756,0.06232606992125511,-0.12444248795509338,0.06258700788021088,,,,,,
1763596077.824644,,,,,,,-0.0007793903350830078,0.006120115518569946,-0.006074069067835808,-0.485272616147995,-0.06572038680315018,-0.17748087644577026
1763596077.82605,-0.007820099166408181,-0.04161152880489826,-0.07816241321936249,0.06989371031522751,-0.14185263216495514,0.0756964161992073,,,,,,
1763596077.834675,,,,,,,-0.002523481845855713,0.010217726230621338,-0.007776971906423569,-0.482195109128952,-0.07805135846138,-0.17600707709789276
1763596077.836103,-0.05564611857198178,-0.04971241767406463,-0.0974045815669,0.0735895037651062,-0.14941930770874023,0.08021415024995804,,,,,,
1763596077.844706,,,,,,,-0.005582094192504883,0.001286327838897705,-0.0014249086380004883,-0.4867746829986572,-0.07159798592329025,-0.1723281890153885
1763596077.846156,-0.08777531408667563,-0.012316460737586021,-0.09979074605107306,0.07372292876243591,-0.12745408713817596,0.07244411110877991,,,,,,
1763596077.854736,,,,,,,-0.01026827096939087,-0.005043059587478638,0.00022983551025390625,-0.491119921207428,-0.06182444840669632,-0.15623843669891357
1763596077.856208,-0.03634111412130296,0.004036123648285866,-0.05593874484300613,0.06341797113418579,-0.09149705618619919,0.059437286108732224,,,,,,
1763596077.864767,,,,,,,-0.006234526634216309,0.0024704933166503906,-0.0033065080642700195,-0.4624169170856476,-0.061136819422245026,-0.15219682455062866
1763596077.866261,0.0004896832130849361,-0.029461656805872916,0.03483633558154106,0.04045752435922623,-0.07105808705091476,0.04762643203139305,,,,,,
1763596077.874797,,,,,,,-0.003992915153503418,0.007263004779815674,-0.0030946731567382812,-0.43263673782348633,-0.05726458504796028,-0.14796839654445648
1763596077.876314,0.03378573055006563,-0.05188917719125748,0.020489976451545953,0.025867344811558723,-0.055735670030117035,0.03938256949186325,,,,,,
1763596077.884828,,,,,,,-0.004457533359527588,0.005379140377044678,-0.0012259520590305328,-0.41453468799591064,-0.04887509346008301,-0.13467149436473846
1763596077.886367,0.05122209158465266,-0.020555881294608114,-0.03606733868122101,0.020955409854650497,-0.05565844103693962,0.042847342789173126,,,,,,
1763596077.894859,,,,,,,-0.00655519962310791,0.003110140562057495,0.002738712355494499,-0.381552517414093,-0.03564450889825821,-0.12489376217126846
1763596077.89642,0.02076565158776939,0.05048340204656124,-0.06410904568657279,0.032820627093315125,-0.0597725473344326,0.045762285590171814,,,,,,
1763596077.904889,,,,,,,-0.00986933708190918,0.0016054213047027588,0.0042768679559230804,-0.35175999999046326,-0.017147524282336235,-0.10904157161712646
1763596077.906472,0.007051672077178954,0.1004302129983902,-0.05827464044466615,0.05338822305202484,-0.06809119880199432,0.04530049487948418,,,,,,
1763596077.91492,,,,,,,-0.0042136311531066895,0.008316993713378906,-0.002604486420750618,-0.2968955338001251,-0.007571596652269363,-0.0917368084192276
1763596077.916525,-0.0005013005856424569,0.05631809954941273,-0.011420534811168908,0.060883186757564545,-0.08100798726081848,0.046157803386449814,,,,,,
1763596077.92495,,,,,,,0.00102919340133667,0.017382025718688965,-0.009425997734069824,-0.23506172001361847,-0.0069734505377709866,-0.0903216078877449
1763596077.926578,-0.03801540400907397,0.013120762857794762,0.012449001076072453,0.05706581100821495,-0.08899586647748947,0.0417899526655674,,,,,,
1763596077.934981,,,,,,,0.0017253756523132324,0.02542904019355774,-0.0024007558822631836,-0.19532684981822968,-0.016248442232608795,-0.08254025131464005
1763596077.936631,-0.047410643537715076,0.00438099156320095,0.030781945624202486,0.04851587116718292,-0.07277339696884155,0.032265473157167435,,,,,,
1763596077.945011,,,,,,,-0.0024017691612243652,0.0166645348072052,0.00764155387878418,-0.1723746657371521,-0.005749461706727743,-0.07980091869831085
1763596077.946684,-0.03329619346745312,0.052281975901126855,-0.00922273250594735,0.04519064724445343,-0.035516563802957535,0.02110256627202034,,,,,,
1763596077.955042,,,,,,,-0.007835805416107178,0.0024310052394866943,0.006749626249074936,-0.17171558737754822,0.017010711133480072,-0.06782674789428711
1763596077.956736,-0.05010791979767382,0.06309037016332149,-0.03879486394897103,0.04180411994457245,-0.014429006725549698,0.010800967924296856,,,,,,
1763596077.965073,,,,,,,-0.005137920379638672,0.001910477876663208,-0.004969004541635513,-0.1511450707912445,0.0240491796284914,-0.06617745757102966
1763596077.966789,-0.04763327331244945,-0.00606850625872612,0.030424510488659143,0.04149386286735535,-0.025767147541046143,0.010201755911111832,,,,,,
1763596077.975103,,,,,,,-0.0016803145408630371,0.004493147134780884,-0.006496552377939224,-0.1502522975206375,0.010618858970701694,-0.06551852077245712
1763596077.976842,-0.024802725084125996,-0.03410159156620502,0.04440159791484475,0.03785285726189613,-0.055959854274988174,0.020969245582818985,,,,,,
1763596077.985134,,,,,,,-0.0010020732879638672,0.006546884775161743,-0.0018703900277614594,-0.14109821617603302,0.004661634098738432,-0.056223828345537186
1763596077.986895,0.03239054986461997,-0.005056698867678642,-0.007948474786430597,0.03729625791311264,-0.06722795218229294,0.030549168586730957,,,,,,
1763596077.995164,,,,,,,-0.004875063896179199,-0.005496799945831299,0.00017536059021949768,-0.13817830383777618,0.02108907699584961,-0.037778373807668686
1763596077.996948,0.03564071076698601,0.03651099079549312,-0.09212751794680953,0.037329498678445816,-0.04669319838285446,0.030683882534503937,,,,,,
1763596078.005195,,,,,,,-0.0036998391151428223,-0.009971290826797485,-0.005415439605712891,-0.13707707822322845,0.021533824503421783,-0.01505574956536293
1763596078.007,0.004557078782469034,0.012823825737833977,-0.11797756012678146,0.030348287895321846,-0.021802494302392006,0.01662532053887844,,,,,,
1763596078.015226,,,,,,,0.003749847412109375,-0.009666889905929565,-0.0144808329641819,-0.10048990696668625,0.011981864459812641,-0.014040151610970497
1763596078.017053,-0.0289437704116106,-0.018331190982460974,-0.055748190706968306,0.020670734345912933,-0.013675365597009659,0.000702923396602273,,,,,,
1763596078.025256,,,,,,,0.009830832481384277,-0.007019460201263428,-0.01633894443511963,-0.07708045095205307,0.005604925565421581,-0.0016170390881597996
1763596078.027106,-0.02016198660619557,-0.03441723338663578,0.02647416542768478,0.01740117184817791,-0.022920528426766396,-0.009151305072009563,,,,,,
1763596078.035287,,,,,,,0.0059430599212646484,0.005236566066741943,-0.014681816101074219,-0.05284591764211655,-0.0006226099794730544,-0.00024384679272770882
1763596078.037159,-0.0333919089268893,-0.06161854404509067,0.08994520547166467,0.017045017331838608,-0.05000729486346245,-0.014486421830952168,,,,,,
1763596078.045317,,,,,,,-0.0003756880760192871,0.009770333766937256,-0.0074846744537353516,-0.04534032940864563,-0.007479717023670673,-0.010544953867793083
1763596078.047212,-0.07186937748976051,-0.05595569597780704,0.09087444914579391,0.028624972328543663,-0.07690256088972092,-0.014425435103476048,,,,,,
1763596078.055348,,,,,,,-0.005100905895233154,0.005786091089248657,-0.0015901364386081696,-0.058688364923000336,0.003383583389222622,-0.02300335466861725
1763596078.057264,-0.09537629060968757,-0.0339589682251215,0.04326762544885278,0.04488935321569443,-0.08569061756134033,-0.00985180027782917,,,,,,
1763596078.065378,,,,,,,-0.0069640278816223145,0.005538433790206909,-0.0029566287994384766,-0.0705237165093422,0.009850537404417992,-0.03578360006213188
1763596078.067317,-0.10536080126836896,-0.01645955189168453,0.06560556785464286,0.0559912733733654,-0.09106513857841492,0.0010855358559638262,,,,,,
1763596078.075409,,,,,,,-0.002659022808074951,0.013022303581237793,-0.00810527428984642,-0.07666677981615067,-0.002097468823194504,-0.054667338728904724
1763596078.07737,-0.1341145290005952,-0.030417934617400166,0.13377119545564053,0.05051037669181824,-0.09992996603250504,0.018425267189741135,,,,,,
1763596078.08544,,,,,,,-0.001360177993774414,0.016322970390319824,-0.004715442657470703,-0.07923140376806259,-0.015039898455142975,-0.06902177631855011
1763596078.087423,-0.13484079744853078,-0.035440146693587304,0.11273089164495467,0.042008236050605774,-0.08022736757993698,0.03167449310421944,,,,,,
1763596078.09547,,,,,,,-0.0027960538864135742,0.006822168827056885,-0.0006246566772460938,-0.10320576280355453,-0.0010716189863160253,-0.06363386660814285
1763596078.097477,-0.13834580989480016,-0.012001403439044952,0.06685922117754817,0.030722087249159813,-0.035852495580911636,0.034842830151319504,,,,,,
1763596078.105501,,,,,,,-0.00482553243637085,0.0019603073596954346,-0.005592226982116699,-0.10707639902830124,0.014244486577808857,-0.06070626154541969
1763596078.107528,-0.13372531048730016,-0.0372615169018507,0.04323839935436845,0.009925995022058487,0.007647845894098282,0.03841066733002663,,,,,,
1763596078.115531,,,,,,,0.00016117095947265625,0.004142403602600098,-0.016029473394155502,-0.08254238963127136,-0.0006835963577032089,-0.06143050268292427
1763596078.117581,-0.11361702682971954,-0.034085224953293795,0.07574015450850129,-0.010506371036171913,0.036615099757909775,0.03868313133716583,,,,,,
1763596078.125562,,,,,,,0.007443606853485107,0.003819018602371216,-0.014673110097646713,-0.05764103680849075,-0.008448575623333454,-0.05236084386706352
1763596078.127634,-0.06572707534246146,-0.020038579422235487,0.05596548671945929,-0.022570490837097168,0.056952860206365585,0.038757167756557465,,,,,,
1763596078.135593,,,,,,,0.007172644138336182,0.007694721221923828,-0.013623833656311035,-0.02959398366510868,-0.012893124483525753,-0.045041147619485855
1763596078.137687,-0.0028523937564343214,0.009733458507061005,0.041986353466659784,-0.02736358717083931,0.055134937167167664,0.03389527648687363,,,,,,
1763596078.145623,,,,,,,0.0034918785095214844,0.008974194526672363,-0.015247106552124023,-0.013277861289680004,-0.01747828908264637,-0.04141205549240112
1763596078.147739,0.025805472385883328,0.0021457798570394516,0.04410787566527724,-0.02181888371706009,0.04050326347351074,0.02892262302339077,,,,,,
1763596078.155654,,,,,,,0.001049816608428955,-0.0017241835594177246,-0.010894771665334702,-0.02266339212656021,-0.015185041353106499,-0.03708748146891594
1763596078.157792,0.04636807568222284,0.029812954461574552,0.038087154071033,-0.009961817413568497,0.02130809985101223,0.018735017627477646,,,,,,
1763596078.165684,,,,,,,-0.0002726316452026367,-0.01211288571357727,-0.0012148618698120117,-0.03615203872323036,-0.008779605850577354,-0.023471804335713387
1763596078.167845,0.10223594724610448,0.06936696621477603,0.07435469149947166,-0.0009760451503098011,-0.00224942434579134,0.016437508165836334,,,,,,
1763596078.175715,,,,,,,-0.002617359161376953,-0.012433528900146484,-0.004291176795959473,-0.03370334208011627,-0.001142459106631577,-0.018429774791002274
1763596078.177898,0.117204895253852,0.041670565515756604,0.10998699976429342,0.0027992120012640953,-0.032323382794857025,0.011920666322112083,,,,,,
1763596078.185745,,,,,,,0.0008993744850158691,-0.003270179033279419,-0.012925386428833008,-0.03332917019724846,-0.009793737903237343,-0.019287312403321266
1763596078.187951,0.10238441580608487,0.0049169981360435485,0.04432999398335814,0.007833652198314667,-0.05473547801375389,0.016641385853290558,,,,,,
1763596078.195776,,,,,,,0.004607081413269043,-0.000989675521850586,-0.011204004287719727,-0.035847216844558716,-0.020322810858488083,-0.017077088356018066
1763596078.198003,0.07407097918726503,-0.003971826240420341,-0.017071692440658807,0.017852578312158585,-0.0682925432920456,0.0134307025000453,,,,,,
1763596078.205807,,,,,,,0.002579629421234131,-0.00986596941947937,-0.007266636937856674,-0.0573732815682888,0.002868794370442629,-0.009560316801071167
1763596078.208057,0.03524119005538523,-0.006510989329218864,0.03442103277891874,0.02553100325167179,-0.0767320990562439,0.006644701585173607,,,,,,
1763596078.215837,,,,,,,-0.0012732148170471191,-0.00859832763671875,-0.01315152645111084,-0.046357423067092896,0.011258283630013466,-0.002056194469332695
1763596078.218109,-0.019907646518945693,0.006824293062090874,0.1060989062845707,0.021260108798742294,-0.08591580390930176,0.002677762182429433,,,,,,
1763596078.225868,,,,,,,0.00430530309677124,0.0009038150310516357,-0.020463228225708008,-0.024739481508731842,-0.008886132389307022,-0.008632337674498558
1763596078.228162,-0.08801562564857304,-0.02427051790356636,0.1363537592947483,0.009539538063108921,-0.08395811170339584,0.0017589714843779802,,,,,,
1763596078.235898,,,,,,,0.008198797702789307,0.013679206371307373,-0.013946890830993652,-0.01669647917151451,-0.032730214297771454,-0.012104367837309837
1763596078.238215,-0.08285831595063209,-0.03960895681083202,0.10714169333577156,-0.008057407103478909,-0.054806578904390335,0.007880935445427895,,,,,,
1763596078.245929,,,,,,,0.0005649328231811523,0.015958726406097412,-0.002136591821908951,-0.020142875611782074,-0.03998253121972084,-0.01100235152989626
1763596078.248267,-0.08439860419519245,-0.025439561682939527,0.05529343267679214,-0.018886351957917213,-0.009918466210365295,0.011720147915184498,,,,,,
1763596078.25596,,,,,,,-0.009873390197753906,0.004790991544723511,-0.001440051943063736,-0.03788146376609802,-0.026396149769425392,-0.011712150648236275
1763596078.25832,-0.07416874047331512,-0.06459376046359538,0.01752498916611075,-0.02613832801580429,0.029863454401493073,0.017641233280301094,,,,,,
1763596078.26599,,,,,,,-0.012483298778533936,0.0010559558868408203,-0.007353786379098892,-0.046025678515434265,-0.018232762813568115,-0.01957886293530464
1763596078.268373,-0.04310922001674771,-0.10270224958360194,0.039850218220800156,-0.026783611625432968,0.03530509024858475,0.02369965799152851,,,,,,
1763596078.276021,,,,,,,-0.007455766201019287,0.0012558698654174805,-0.014189839363098145,-0.04109060391783714,-0.026491224765777588,-0.027505960315465927
1763596078.278426,-0.015799261352047324,-0.1289291622519493,0.1017101698063314,-0.023156732320785522,0.006529748905450106,0.028351323679089546,,,,,,
1763596078.286051,,,,,,,-0.0056691765785217285,0.0041589438915252686,-0.009234905242919922,-0.034127235412597656,-0.018403736874461174,-0.03352576866745949
1763596078.288479,0.012641601038724184,-0.08287292899787425,0.11397110096439718,-0.015168046578764915,-0.02294665016233921,0.03479457646608353,,,,,,
1763596078.296082,,,,,,,-0.006707251071929932,0.010100781917572021,-0.009281162172555923,-0.017928263172507286,-0.02072042226791382,-0.022659873589873314
1763596078.298531,-0.03908412921912968,-0.07362637722492217,0.04857040803208947,-0.010078918188810349,-0.03901873528957367,0.033397126942873,,,,,,
1763596078.306112,,,,,,,-0.0036060214042663574,0.009115934371948242,-0.005459196865558624,-0.004076363518834114,-0.03203858807682991,-0.02371395193040371
1763596078.308584,-0.11971527063958347,-0.025712533405423163,-0.010231471157073974,-0.011911172419786453,-0.025416109710931778,0.023308275267481804,,,,,,
1763596078.316143,,,,,,,-0.002358734607696533,0.001087099313735962,-0.001755841076374054,-0.014397758059203625,-0.026607604697346687,-0.011844577267765999
1763596078.318637,-0.08773644338101148,0.04379530258476734,-0.05509571814760565,-0.020995911210775375,0.016208192333579063,0.010631563141942024,,,,,,
1763596078.326174,,,,,,,-0.0021905899047851562,-0.0017957091331481934,0.0015211068093776703,-0.01280758436769247,-0.01976940594613552,-0.00046568806283175945
1763596078.32869,-0.04696764901056885,0.04416881207227707,0.00972162193879485,-0.036755435168743134,0.04423876106739044,0.0016657651867717505,,,,,,
1763596078.336204,,,,,,,-0.002026498317718506,-0.0030138790607452393,-0.0002470053732395172,0.0020055416971445084,-0.02886117249727249,0.004048037342727184
1763596078.338743,0.016520926690101623,-0.0034983635097742076,0.052419923067092894,-0.04928136616945267,0.05270601063966751,0.0027620636392384768,,,,,,
1763596078.346235,,,,,,,-0.0017266273498535156,0.0008031129837036133,0.0017852820456027985,0.005221575498580933,-0.02271805889904499,0.0076957689598202705
1763596078.348795,0.10040390951335429,-0.014788988330960273,-0.0013047989882528782,-0.04659983143210411,0.05244395509362221,0.009704126045107841,,,,,,
1763596078.356265,,,,,,,-0.004371702671051025,0.0028973519802093506,0.003789663314819336,0.007457783445715904,-0.01446838490664959,0.0009291425812989473
1763596078.358848,0.07734861261844635,-0.02614800221323967,-0.03578662204369902,-0.03225437179207802,0.027636693790555,0.01897023431956768,,,,,,
1763596078.366296,,,,,,,-0.007269799709320068,0.004329204559326172,-0.0017439164221286774,0.010620287619531155,-0.015303285792469978,-0.012403707019984722
1763596078.368901,0.022089009146019814,-0.07481237213909625,-0.024832827961444853,-0.008994856849312782,-0.014022601768374443,0.02528086118400097,,,,,,
1763596078.376326,,,,,,,-0.009602487087249756,0.003849804401397705,-0.0006288290023803711,0.0011267270892858505,-0.011506949551403522,-0.031230390071868896
1763596078.378954,0.0013674158956855534,-0.09449848486185074,-0.022183920887857676,0.017436733469367027,-0.056002214550971985,0.03475894778966904,,,,,,
1763596078.386357,,,,,,,-0.01231992244720459,0.009517133235931396,0.007227536290884018,-0.015417627990245819,-0.010550607927143574,-0.03345972299575806
1763596078.389006,-0.07877842622585594,-0.06734568952023982,-0.0065747022151947014,0.03279545158147812,-0.08682031184434891,0.04378972575068474,,,,,,
1763596078.396388,,,,,,,-0.010170400142669678,0.015125125646591187,0.00808727741241455,-0.016882477328181267,-0.023109544068574905,-0.04145326837897301
1763596078.399059,-0.18261552505828438,-0.04138590335547924,-0.038515608616173265,0.03323982283473015,-0.08083322644233704,0.040722720324993134,,,,,,
1763596078.406418,,,,,,,-0.008289098739624023,0.013121604919433594,0.014647964388132095,-0.021096397191286087,-0.0178399458527565,-0.049684565514326096
1763596078.409113,-0.22127492605932056,0.02112988179028034,-0.08624035960435866,0.020825764164328575,-0.028227267786860466,0.02403641678392887,,,,,,
1763596078.416449,,,,,,,-0.007747769355773926,0.005680710077285767,0.012459516525268555,-0.032497115433216095,-0.006381163373589516,-0.03433616831898689
1763596078.419165,-0.17117745459042488,0.055424950101971626,-0.04048997742906212,-0.005914266686886549,0.033027492463588715,0.0038333768025040627,,,,,,
1763596078.426479,,,,,,,-0.006134986877441406,-1.4215707778930664e-05,0.01130974292755127,-0.01933710277080536,-0.0017597797559574246,-0.02607451193034649
1763596078.429218,-0.06788944100812078,0.019897125124931334,-0.011221797368675469,-0.03824158012866974,0.07991031557321548,-0.008289332501590252,,,,,,
1763596078.43651,,,,,,,-0.004105031490325928,-0.004843801259994507,0.010445836931467056,-0.006412196904420853,0.008398582227528095,-0.00981997512280941
1763596078.43927,0.05040149591676891,-0.007705752071738243,-0.029803455980867144,-0.0583566278219223,0.11108536273241043,0.00033388775773346424,,,,,,
1763596078.446541,,,,,,,-0.006702780723571777,-0.00023570656776428223,0.008151765912771225,0.022896157577633858,0.012353908270597458,0.00742133054882288
1763596078.449323,0.1731752042789012,-0.025299860951304435,-0.09530059502497315,-0.05528094246983528,0.1083870455622673,0.018925948068499565,,,,,,
1763596078.456571,,,,,,,-0.007414519786834717,0.010095596313476562,0.0019476376473903656,0.05419027432799339,0.008428676053881645,0.002814128063619137
1763596078.459376,0.17024404619783162,-0.04541092108786106,-0.1793393529318273,-0.027076229453086853,0.06894130259752274,0.03849801793694496,,,,,,
1763596078.466602,,,,,,,-0.005328714847564697,0.014485329389572144,0.00016045942902565002,0.06300108134746552,-0.0037986962124705315,-0.0059039960615336895
1763596078.469429,0.0853744634900242,-0.04230126463472843,-0.163468706844002,0.01108766719698906,0.001996617764234543,0.050198350101709366,,,,,,
1763596078.476632,,,,,,,-0.0067983269691467285,0.011247366666793823,0.005944252014160156,0.025117242708802223,-0.00959639810025692,-0.017071163281798363
1763596078.479482,-0.039633287534490226,-0.022753683599829672,-0.08987024053931236,0.04461205378174782,-0.06854459643363953,0.045792046934366226,,,,,,
1763596078.486663,,,,,,,-0.013651669025421143,0.003920614719390869,0.015235181897878647,-0.014262121170759201,-0.006986233405768871,-0.027606096118688583
1763596078.489534,-0.10670666291937231,-0.008973580050468444,-0.03751242292299867,0.055716369301080704,-0.10437024384737015,0.0275706984102726,,,,,,
1763596078.496693,,,,,,,-0.01786971092224121,-0.003161132335662842,0.0174558125436306,-0.05219300091266632,0.009757858701050282,-0.028786208480596542
1763596078.499587,-0.1210933540597558,0.018466800060868264,-0.042712037392705675,0.04997918754816055,-0.08618729561567307,-0.0012609753757715225,,,,,,
1763596078.506724,,,,,,,-0.011588752269744873,-0.002930760383605957,0.015602707862854004,-0.054689981043338776,0.007748237811028957,-0.025294803082942963
1763596078.50964,-0.06013634266331792,0.047882864159345624,-0.08206336618065833,0.025356929749250412,-0.038872238248586655,-0.013197530061006546,,,,,,
1763596078.516755,,,,,,,-0.00010973215103149414,-0.0021228790283203125,0.010850552469491959,-0.04853082448244095,0.0035042245872318745,-0.02179114893078804
1763596078.519693,0.022527838954702017,0.06996084045469761,-0.10135624180212616,0.00020524859428405762,0.009824328124523163,-0.009483292698860168,,,,,,
1763596078.526785,,,,,,,0.004442274570465088,0.001978069543838501,0.003899339586496353,-0.045080699026584625,0.011724337004125118,-0.02324630133807659
1763596078.529746,0.12034954995512961,0.055306292158365244,-0.09245718829259277,-0.01383573655039072,0.029507486149668694,0.0029387562535703182,,,,,,
1763596078.536816,,,,,,,0.0009273290634155273,-0.0004417300224304199,0.004294276237487793,-0.03823939338326454,0.010461466386914253,-0.023631129413843155
1763596078.539798,0.1390242936782539,0.03824351367652416,-0.10740224396809935,0.0015575771685689688,0.007059961091727018,0.022480640560388565,,,,,,
1763596078.546846,,,,,,,-0.00036084651947021484,-0.004559636116027832,0.008816603571176529,-0.042837608605623245,0.008544789627194405,-0.02551877684891224
1763596078.549851,0.05698730404786765,0.025509704309701918,-0.12483882419839501,0.03859549015760422,-0.042525168508291245,0.03958985209465027,,,,,,
1763596078.556877,,,,,,,-0.0055013298988342285,0.0033463239669799805,0.01164388656616211,-0.03640180081129074,0.01771591790020466,-0.022613734006881714
1763596078.559904,-0.07637056136652827,0.013756138151884078,-0.06563260199204086,0.0696621835231781,-0.10712723433971405,0.041126009076833725,,,,,,
1763596078.566907,,,,,,,-0.0041574835777282715,0.016923606395721436,0.006807923316955566,-0.022778134793043137,0.009154386818408966,-0.030030369758605957
1763596078.569957,-0.21015731971748172,0.015017536389827727,-0.009220102157443762,0.08372261375188828,-0.13786837458610535,0.035232964903116226,,,,,,
1763596078.576938,,,,,,,0.000885307788848877,0.022477418184280396,0.007130146026611328,-0.019052807241678238,-0.005273288115859032,-0.04479540139436722
1763596078.58001,-0.2841908164385706,-0.01781739624142647,-0.05469137513041496,0.08132045716047287,-0.114323690533638,0.018920673057436943,,,,,,
1763596078.586969,,,,,,,-0.0019861459732055664,0.019138753414154053,0.010630134493112564,-0.030058320611715317,-0.0002811927115544677,-0.05604672431945801
1763596078.590062,-0.2873173509612679,-0.015679799690842627,-0.05358794393315911,0.0644189715385437,-0.057906489819288254,0.012488607317209244,,,,,,
1763596078.596999,,,,,,,-0.007509112358093262,0.009633094072341919,0.01587868109345436,-0.029447153210639954,0.017459187656641006,-0.05960550531744957
1763596078.600115,-0.2588067843351513,-0.003759644794464111,-0.009229600638151168,0.04141431674361229,0.013632144778966904,0.017372312024235725,,,,,,
1763596078.60703,,,,,,,-0.010261952877044678,0.004602491855621338,0.01001429557800293,-0.00980846956372261,0.04172031953930855,-0.056215036660432816
1763596078.610168,-0.18693740684539079,-0.022688801670074463,0.02949862781539559,0.013612247072160244,0.07086826860904694,0.033687371760606766,,,,,,
1763596078.617059,,,,,,,-0.0038586854934692383,0.018707066774368286,-0.00028932467103004456,0.03637487441301346,0.03494497016072273,-0.05661550909280777
1763596078.620221,-0.08871398317627609,-0.058903439867496486,0.08520809394717216,-0.010578032582998276,0.10130061209201813,0.05526209622621536,,,,,,
1763596078.62709,,,,,,,-0.0012612342834472656,0.025234907865524292,-0.0008497238159179688,0.07476753741502762,0.018159067258238792,-0.06027815490961075
1763596078.630274,-0.05741627004966139,-0.055854573690891265,0.027637217857688665,-0.017187999561429024,0.11443745344877243,0.07097554206848145,,,,,,
1763596078.637121,,,,,,,-0.006326615810394287,0.012475043535232544,0.004091385751962662,0.08379194140434265,0.033822447061538696,-0.0520336739718914
1763596078.640326,-0.053525546221435065,-0.05503156687021255,-0.052487581475824115,-0.007771350909024477,0.11916270107030869,0.07225214689970016,,,,,,
1763596078.647151,,,,,,,-0.012191593647003174,-0.0013408362865447998,0.0024067163467407227,0.07328177988529205,0.05341638997197151,-0.0441880002617836
1763596078.650379,-0.09151851920299231,-0.046433249872922897,-0.08616217980161309,0.005325542762875557,0.09513992071151733,0.06571488082408905,,,,,,
1763596078.657182,,,,,,,-0.0035562515258789062,-0.0035437047481536865,-0.006504300981760025,0.0804799497127533,0.03570424020290375,-0.057731907814741135
1763596078.660432,-0.10907485335543751,-0.03534545414745807,-0.026751082672923802,0.014844367280602455,0.04901500418782234,0.055358629673719406,,,,,,
1763596078.667212,,,,,,,0.007835686206817627,-0.003503173589706421,-0.007790092378854752,0.0636327937245369,0.006408667657524347,-0.06955181807279587
1763596078.670485,-0.07472184431143104,-0.008182137411832808,-0.03918167130947113,0.028194792568683624,0.017566269263625145,0.04400211200118065,,,,,,
1763596078.677243,,,,,,,0.006416440010070801,-0.006623268127441406,-0.0005967654287815094,0.025993572548031807,0.01242634654045105,-0.07003311067819595
1763596078.680537,-0.019360607095435262,0.026911972323060033,-0.02357362168058753,0.04044540971517563,-0.0053908945992589,0.044937312602996826,,,,,,
1763596078.687274,,,,,,,-0.0029413700103759766,-0.011934280395507812,0.001682281494140625,0.011950990185141563,0.024203909561038017,-0.07069037854671478
1763596078.69059,-0.013292685358598828,-0.006844751328229904,0.01754252482280135,0.046562690287828445,-0.023071620613336563,0.05286208167672157,,,,,,
1763596078.697304,,,,,,,-8.004903793334961e-05,-0.008049488067626953,-0.004101518541574478,0.022425062954425812,0.011087574996054173,-0.07840662449598312
1763596078.700643,-0.03398541784062981,-0.02833995929956436,0.032674919763952495,0.048508886247873306,-0.025422871112823486,0.06837716698646545,,,,,,
1763596078.707335,,,,,,,0.006745457649230957,0.003988832235336304,-0.005941268056631088,0.014553291723132133,-0.0047848643735051155,-0.0880587175488472
1763596078.710696,-0.07138510110415518,-0.008917465949058533,0.04468918268457055,0.03763706609606743,-0.026477213948965073,0.08203838765621185,,,,,,
1763596078.717366,,,,,,,0.007117033004760742,0.010598540306091309,0.0037571191787719727,0.008109627291560173,-0.020091649144887924,-0.08980216085910797
1763596078.720749,-0.12827537451833484,0.029951486149430273,0.06026186873912811,0.026867475360631943,-0.006130805239081383,0.07897660881280899,,,,,,
1763596078.727397,,,,,,,-0.001713097095489502,-0.008854776620864868,0.008371714502573013,-0.02030550129711628,-0.001272421213798225,-0.08774060755968094
1763596078.730801,-0.11130451210364699,0.05177168829143047,-9.92225907742977e-05,0.021458327770233154,0.027319030836224556,0.07103931903839111,,,,,,
1763596078.737427,,,,,,,-0.008031725883483887,-0.018782883882522583,0.0018156766891479492,-0.027223899960517883,0.013050591573119164,-0.07095443457365036
1763596078.740855,-0.10509981224462389,-0.025574001717567442,-0.0010382570065557955,0.016595423221588135,0.0387754924595356,0.057416219264268875,,,,,,
1763596078.747458,,,,,,,-0.000807344913482666,-0.016373157501220703,-0.0032862387597560883,0.005910617299377918,0.009843080304563046,-0.06325816363096237
1763596078.750907,-0.0901675429854542,-0.06578852320611477,0.018479221151024103,0.015494474209845066,0.023938219994306564,0.05154820904135704,,,,,,
1763596078.757488,,,,,,,0.005705118179321289,-0.007190227508544922,-0.005752921104431152,0.03741325065493584,0.013906531035900116,-0.05706924572587013
1763596078.76096,-0.06456899134851991,-0.017338088291883467,0.01655263700261712,0.02589656412601471,0.002186932135373354,0.05353177711367607,,,,,,
1763596078.767519,,,,,,,0.006926059722900391,-0.003321021795272827,-0.008104920387268066,0.07227668911218643,0.007263276260346174,-0.054864946752786636
1763596078.771013,-0.09281688845045864,-0.04538870925605297,0.045389439908415076,0.03456515446305275,-0.01993168517947197,0.05826741084456444,,,,,,
1763596078.77755,,,,,,,0.003733813762664795,-0.0072975754737854,-0.008188247680664062,0.07179944962263107,0.012503578327596188,-0.05493824928998947
1763596078.781065,-0.1830037937235087,-0.08564473179876804,0.06750657917037606,0.03367620334029198,-0.02518969401717186,0.059459902346134186,,,,,,
1763596078.78758,,,,,,,-0.0015120506286621094,-0.005535721778869629,-0.0011677742004394531,0.06399132311344147,0.013141404837369919,-0.057859472930431366
1763596078.791117,-0.23924583236202596,-0.11267302397787571,0.06166369836106896,0.02629871293902397,-0.00783227663487196,0.058600232005119324,,,,,,
1763596078.797611,,,,,,,-0.005065441131591797,0.0006268918514251709,0.0012600384652614594,0.061191659420728683,0.006433168891817331,-0.06798068434000015
1763596078.80117,-0.24086196232177315,-0.08806231433451175,0.08767711440920829,0.015228740870952606,0.016260938718914986,0.05745594576001167,,,,,,
1763596078.807641,,,,,,,-0.0038676857948303223,0.004938900470733643,0.0008678436279296875,0.06443113088607788,0.004048574715852737,-0.08250316977500916
1763596078.811224,-0.18377653166167437,-0.036378888848423954,0.08390826339498161,0.006968147121369839,0.04131542518734932,0.06187306344509125,,,,,,
1763596078.817672,,,,,,,-0.0018477439880371094,0.00510057806968689,-0.0007647313177585602,0.06573571264743805,0.002311927266418934,-0.08601773530244827
1763596078.821276,-0.12416567417718469,-0.020095862567424773,0.05575169783830643,0.0005240966565907001,0.05251162126660347,0.0680215060710907,,,,,,
1763596078.827703,,,,,,,-0.0009772181510925293,0.009696274995803833,-0.003715161234140396,0.08530168980360031,0.006747954525053501,-0.09973780810832977
1763596078.831329,-0.055365036608278746,-0.03406944286227226,0.0263655904866755,0.0037126992829144,0.0448254719376564,0.07973621785640717,,,,,,
1763596078.837733,,,,,,,0.0001469254493713379,0.01352277398109436,-0.007495403289794922,0.09289149194955826,-0.0026508732698857784,-0.11621032655239105
1763596078.841382,-0.0025559680931270122,-0.023009704187512397,-0.010356412710994481,0.018390536308288574,0.02349943295121193,0.09563077241182327,,,,,,
1763596078.847764,,,,,,,0.004288434982299805,0.012423306703567505,-0.00532054528594017,0.09004537016153336,-0.003058070782572031,-0.13328438997268677
1763596078.851434,-0.006089622111991048,0.020088263782858846,-0.015144816031306981,0.04241731017827988,-0.013689213432371616,0.11098042875528336,,,,,,
1763596078.857794,,,,,,,0.0036165714263916016,0.01100417971611023,0.002455472946166992,0.06113242730498314,-0.004881271161139011,-0.14523611962795258
1763596078.861487,-0.041566009162738914,0.04689969834089279,0.005197422512620687,0.06290845572948456,-0.058808889240026474,0.1208357959985733,,,,,,
1763596078.867825,,,,,,,0.0017993450164794922,0.012413620948791504,0.002322319895029068,0.06273458153009415,0.00305494898930192,-0.15591806173324585
1763596078.871541,-0.12396825190894305,0.05368132130503654,-0.007570873645693063,0.07478615641593933,-0.08440027385950089,0.12484891712665558,,,,,,
1763596078.877854,,,,,,,0.005856513977050781,0.017088383436203003,-0.004225611686706543,0.04075600206851959,0.00025037419982254505,-0.17976991832256317
1763596078.881593,-0.14210713518969714,0.05888064351379871,-0.029716069958359,0.07323253154754639,-0.07591096311807632,0.12560255825519562,,,,,,
1763596078.887886,,,,,,,0.008569180965423584,0.03090357780456543,-0.0042839087545871735,0.03690720349550247,0.0003782059357035905,-0.20410482585430145
1763596078.891645,-0.09822532336525619,0.1012093806773424,-0.04509235665798187,0.05214375630021095,-0.05169164389371872,0.1308377981185913,,,,,,
1763596078.897917,,,,,,,0.010453104972839355,0.03744801878929138,-0.0028172731399536133,-0.004170740954577923,-0.004052495118230581,-0.23250657320022583
1763596078.901698,0.015697043086588383,0.12716156805753706,-0.06315057591795921,0.041512057185173035,-0.021768921986222267,0.1392403393983841,,,,,,
1763596078.907947,,,,,,,0.005756735801696777,0.037595003843307495,0.009303327649831772,-0.04449686035513878,-0.03260131552815437,-0.26974451541900635
1763596078.911752,0.11611425047293304,0.14629180046319962,-0.15130948249474166,0.05346618965268135,-0.01474243775010109,0.15545019507408142,,,,,,
1763596078.917978,,,,,,,0.0007367730140686035,0.03657826781272888,0.014905095100402832,-0.09766252338886261,-0.034117721021175385,-0.3189515769481659
1763596078.921804,0.21902663567587732,0.17262334254980086,-0.2103109759092331,0.08083206415176392,-0.04507896304130554,0.18086983263492584,,,,,,
1763596078.928008,,,,,,,-0.010927140712738037,0.041337430477142334,0.01440393552184105,-0.17949214577674866,-0.016003163531422615,-0.36426740884780884
1763596078.931856,0.31462899012640116,0.20921850449740886,-0.24432664275765417,0.11703001707792282,-0.10497798770666122,0.220889151096344,,,,,,
1763596078.938039,,,,,,,-0.013607680797576904,0.046531081199645996,0.00894593819975853,-0.2797158658504486,0.0004037722828797996,-0.41230788826942444
1763596078.94191,0.3267503666833043,0.15306465559899807,-0.18004910863637924,0.18005560338497162,-0.16804435849189758,0.27903351187705994,,,,,,
1763596078.94807,,,,,,,-0.006415843963623047,0.06430923938751221,-0.001593705266714096,-0.3405781388282776,-0.013849466107785702,-0.4917396008968353
1763596078.951962,0.28637802428454157,0.10650222638845443,0.0005108721315860748,0.23138590157032013,-0.2591542899608612,0.34351688623428345,,,,,,
1763596078.9581,,,,,,,-0.005803585052490234,0.08649179339408875,-0.010251641273498535,-0.38093820214271545,-0.0007331311935558915,-0.5788350105285645
1763596078.962015,0.2138999403119087,0.008921557602286339,0.12594210926517843,0.24943038821220398,-0.34982454776763916,0.4128693640232086,,,,,,
1763596078.968131,,,,,,,-0.015625357627868652,0.11691319942474365,-0.01569044589996338,-0.3614228069782257,0.016844265162944794,-0.658300518989563
1763596078.972067,0.05925806199144572,-0.10568155765533446,0.030105069275945424,0.2892731726169586,-0.36647942662239075,0.4862988293170929,,,,,,
1763596078.978161,,,,,,,-0.013730525970458984,0.162482351064682,-0.026237010955810547,-0.3450876772403717,0.0024349652230739594,-0.7692204713821411
1763596078.982121,-0.1789701177606359,-0.19443536138534545,0.03638049628362059,0.33853378891944885,-0.34579190611839294,0.5671482086181641,,,,,,
1763596078.988192,,,,,,,0.002398848533630371,0.20342692732810974,-0.02990412339568138,-0.31748294830322266,-0.019090566784143448,-0.9073197245597839
1763596078.992173,-0.4108383705593645,-0.10306173054575919,0.26735782812461256,0.35773783922195435,-0.3197946548461914,0.6583044528961182,,,,,,
1763596078.998222,,,,,,,0.008431553840637207,0.2052730917930603,-0.017925262451171875,-0.2964251637458801,-0.028027070686221123,-1.0202229022979736
1763596079.002226,-0.5773540073512121,0.01966857706606388,0.3976233535468578,0.34808340668678284,-0.25999367237091064,0.7475863695144653,,,,,,
1763596079.008253,,,,,,,0.0038217902183532715,0.20149508118629456,-0.010557170957326889,-0.2846049964427948,-0.020332930609583855,-1.1447645425796509
1763596079.01228,-0.6578756605152041,0.08017594499886035,0.3493700486399233,0.31714919209480286,-0.14268358051776886,0.8322147130966187,,,,,,
1763596079.018284,,,,,,,0.001456618309020996,0.21997055411338806,-0.005836959928274155,-0.3075334131717682,-0.01776937209069729,-1.2596560716629028
1763596079.022331,-0.576233807682246,0.17975567864775657,0.13884864485040307,0.2852758765220642,0.030524082481861115,0.9126172065734863,,,,,,
1763596079.028314,,,,,,,0.0109902024269104,0.22528991103172302,0.017701026052236557,-0.3317599296569824,-0.04570140317082405,-1.3912184238433838
1763596079.032384,-0.3761898857001215,0.31478608038425443,-0.045569326519966126,0.2698761522769928,0.22806325554847717,0.9868016839027405,,,,,,
1763596079.038345,,,,,,,0.019723474979400635,0.21203529834747314,0.04399561509490013,-0.44572341442108154,-0.03617421165108681,-1.5312985181808472
1763596079.042437,-0.16444270297531038,0.44512744752168654,-0.09492993508167565,0.29444581270217896,0.3961724638938904,1.0669437646865845,,,,,,
1763596079.048374,,,,,,,0.013667047023773193,0.2083550989627838,0.049395568668842316,-0.6302258968353271,0.036694932729005814,-1.6845283508300781
1763596079.05249,-0.0911942648178432,0.5065846635252237,0.06007365269064903,0.34358644485473633,0.46328067779541016,1.1699862480163574,,,,,,
1763596079.058406,,,,,,,0.017666339874267578,0.21731272339820862,0.03984355553984642,-0.7378067374229431,0.10193519294261932,-1.8167287111282349
1763596079.062543,-0.05656624735789373,0.6028326224029064,0.2379342383068055,0.41220036149024963,0.445127010345459,1.2916806936264038,,,,,,
1763596079.068435,,,,,,,0.05048024654388428,0.2552572786808014,0.028988957405090332,-0.7004979848861694,0.07164306193590164,-1.9469584226608276
1763596079.072595,-0.13591580626890062,0.6136497844934463,0.22493322937116025,0.4816449284553528,0.39852169156074524,1.4154292345046997,,,,,,
1763596079.078467,,,,,,,0.06935781240463257,0.2896270751953125,0.01875138282775879,-0.5198328495025635,0.07004250586032867,-2.056074857711792
1763596079.082649,-0.18604677814859896,0.6050181497484445,0.083707041734457,0.5083552002906799,0.4298512637615204,1.5119539499282837,,,,,,
1763596079.088498,,,,,,,0.057224273681640625,0.2995359003543854,0.007622726261615753,-0.3533088266849518,0.12859715521335602,-2.111746311187744
1763596079.092701,-0.03248622879143804,0.6573141541749239,-0.13240341423377394,0.4779815971851349,0.6052276492118835,1.556913137435913,,,,,,
1763596079.098527,,,,,,,0.0528109073638916,0.28142040967941284,0.0002315044403076172,-0.2124033272266388,0.2071249932050705,-2.1280503273010254
1763596079.102754,0.23325755173265933,0.6769687027156353,-0.26055881563425065,0.3967467248439789,0.8716287016868591,1.551514983177185,,,,,,
1763596079.108559,,,,,,,0.06520122289657593,0.23859024047851562,0.005136117339134216,-0.0750393345952034,0.2765738368034363,-2.149998188018799
1763596079.112808,0.5710853388778865,0.6230787070959806,-0.20204700543284415,0.3096001148223877,1.1172126531600952,1.5357890129089355,,,,,,
1763596079.118588,,,,,,,0.08473271131515503,0.2353900671005249,0.012035854160785675,0.013706434518098831,0.3261539041996002,-2.184414863586426
1763596079.122859,0.7818640784293412,0.540116930770874,-0.04799859949350357,0.26789337396621704,1.2204785346984863,1.5520484447479248,,,,,,
1763596079.128619,,,,,,,0.11320430040359497,0.251038134098053,0.019768960773944855,0.11763416975736618,0.30049729347229004,-2.235178232192993
1763596079.132912,0.7940949067100882,0.47531274242699145,0.12568280074186622,0.2590964138507843,1.1169122457504272,1.6125251054763794,,,,,,
1763596079.138651,,,,,,,0.1337261199951172,0.20983415842056274,0.03300189971923828,0.09889010339975357,0.26682135462760925,-2.3302505016326904
1763596079.142965,0.8067040667839348,0.5370972906887531,-0.024989552893117068,0.31044426560401917,0.9408507943153381,1.6958154439926147,,,,,,
1763596079.14868,,,,,,,0.11446720361709595,0.1540706753730774,0.061409108340740204,0.014417028054594994,0.27644601464271545,-2.3718676567077637
1763596079.153018,0.8929410653874278,0.6520645630836487,-0.40982108327560124,0.4184785783290863,0.8035688400268555,1.7809100151062012,,,,,,
1763596079.158711,,,,,,,0.0809096097946167,0.1245536208152771,0.07688652724027634,-0.0938592404127121,0.328818142414093,-2.424647808074951
1763596079.163071,0.9146163061007857,0.7513549583971499,-0.5302945518713444,0.5170395374298096,0.7005035877227783,1.842424750328064,,,,,,
1763596079.168741,,,,,,,0.06697613000869751,0.11966663599014282,0.06550966948270798,-0.21585971117019653,0.3832787275314331,-2.4694461822509766
1763596079.173123,0.8701667773909866,0.7444727976679801,-0.3799380592525005,0.5730814933776855,0.6315415501594543,1.8704180717468262,,,,,,
1763596079.178772,,,,,,,0.09286713600158691,0.1039576530456543,0.05805552750825882,-0.3587999641895294,0.39438650012016296,-2.5002834796905518
1763596079.183177,0.7940797091409564,0.6200888776302337,-0.22374796510934827,0.5764918327331543,0.5785268545150757,1.8709548711776733,,,,,,
1763596079.188802,,,,,,,0.12146639823913574,0.08104473352432251,0.04849981516599655,-0.47885578870773315,0.38260573148727417,-2.567220449447632
1763596079.193229,0.6736471570774912,0.44641164211332796,-0.1243898383218795,0.5303999781608582,0.5253781080245972,1.8541936874389648,,,,,,
1763596079.198833,,,,,,,0.12950164079666138,0.055131375789642334,0.03154563903808594,-0.5318156480789185,0.387024462223053,-2.606463670730591
1763596079.203282,0.607216244314611,0.28036533986628054,-0.28142741613984107,0.4804138243198395,0.49795421957969666,1.8278781175613403,,,,,,
1763596079.208864,,,,,,,0.13339132070541382,0.04937899112701416,0.023592352867126465,-0.5664665699005127,0.3862614631652832,-2.6271650791168213
1763596079.213334,0.5960550910919904,0.2209410909950733,-0.5735387599119917,0.4666077196598053,0.4820399582386017,1.8183131217956543,,,,,,
1763596079.218894,,,,,,,0.1426790952682495,0.06901413202285767,0.016480937600135803,-0.6513217091560364,0.3476901054382324,-2.6793055534362793
1763596079.223387,0.5354691049650311,0.23992636197209358,-0.669039078760147,0.4907686412334442,0.4411984384059906,1.8196766376495361,,,,,,
1763596079.228925,,,,,,,0.15695559978485107,0.05942195653915405,0.02754399925470352,-0.7926314473152161,0.29733210802078247,-2.6744117736816406
1763596079.23344,0.4072735176846385,0.3183423115611076,-0.49033553951382636,0.5336769223213196,0.35712191462516785,1.833048939704895,,,,,,
1763596079.238955,,,,,,,0.15633666515350342,-0.00040650367736816406,0.053747281432151794,-0.9318978786468506,0.2681278884410858,-2.6894729137420654
1763596079.243493,0.3054126873612404,0.38491526314318175,-0.2894330279409885,0.5698345303535461,0.2645012438297272,1.847496509552002,,,,,,
1763596079.248986,,,,,,,0.11972355842590332,-0.03344815969467163,0.06381915509700775,-1.0157183408737183,0.29542794823646545,-2.666517496109009
1763596079.253546,0.2774444839835167,0.4426975900262594,-0.19232293580863624,0.5913411378860474,0.21042338013648987,1.8512479066848755,,,,,,
1763596079.259017,,,,,,,0.08861690759658813,-0.009876072406768799,0.0491049587726593,-0.9168580770492554,0.36217397451400757,-2.621959686279297
1763596079.263598,0.2919672225937247,0.40164778675734997,-0.14737554057929664,0.5784707069396973,0.20860067009925842,1.8432533740997314,,,,,,
1763596079.269047,,,,,,,0.07863837480545044,0.01864302158355713,0.008571520447731018,-0.751457154750824,0.4451005458831787,-2.582334041595459
1763596079.273651,0.28659400512278077,0.2934247279256582,-0.14852003443930298,0.5451894402503967,0.24214132130146027,1.8254445791244507,,,,,,
1763596079.279078,,,,,,,0.09377866983413696,0.04244774580001831,-0.007817521691322327,-0.6121430397033691,0.5042719841003418,-2.5036017894744873
1763596079.283705,0.24859160672575234,0.16364450180232523,-0.1018763566860929,0.5037726163864136,0.27279871702194214,1.8111677169799805,,,,,,
1763596079.289109,,,,,,,0.1299511194229126,0.04253208637237549,-0.00921177864074707,-0.460501104593277,0.5281245708465576,-2.4303104877471924
1763596079.293757,0.11433423518836498,0.05558510909974575,0.039499687750078734,0.46595221757888794,0.27704378962516785,1.7989134788513184,,,,,,
1763596079.299139,,,,,,,0.15024212002754211,0.007908463478088379,-0.0020078271627426147,-0.3255813717842102,0.5240480899810791,-2.4000167846679688
1763596079.30381,-0.07007540674507617,0.04526186800599098,0.08002921173823997,0.437152236700058,0.2517320513725281,1.7808400392532349,,,,,,
1763596079.309169,,,,,,,0.14850783348083496,-0.021313846111297607,0.00659024715423584,-0.24335521459579468,0.5455144643783569,-2.3648719787597656
1763596079.313862,-0.22165157735198734,0.0819207428395748,0.005992518413066863,0.4251999855041504,0.2299380600452423,1.7627723217010498,,,,,,
1763596079.319201,,,,,,,0.14390432834625244,-0.014126062393188477,0.01566872000694275,-0.23436208069324493,0.5704624652862549,-2.339245319366455
1763596079.323915,-0.3718576286494732,0.19281857383847237,-0.109727618175745,0.43365252017974854,0.224269837141037,1.7358404397964478,,,,,,
1763596079.329232,,,,,,,0.14794528484344482,-0.020677268505096436,0.00874301791191101,-0.30416139960289,0.5613970756530762,-2.346795082092285
1763596079.333968,-0.5110854820758104,0.2867494879454374,-0.1341968735218048,0.4432090222835541,0.21827958524227142,1.708724856376648,,,,,,
1763596079.339262,,,,,,,0.15158075094223022,-0.06536102294921875,0.00934910774230957,-0.43574258685112,0.5603741407394409,-2.3445804119110107
1763596079.344021,-0.5718322117224335,0.3643897769868374,-0.07842880907058715,0.45052263140678406,0.21028059720993042,1.6840720176696777,,,,,,
1763596079.349293,,,,,,,0.1443423330783844,-0.09669363498687744,0.02193129062652588,-0.5302390456199646,0.555888295173645,-2.333237409591675
1763596079.354074,-0.5312406736150384,0.3922551045119762,-0.06720131261348725,0.4546145498752594,0.21504712104797363,1.6568502187728882,,,,,,
1763596079.359323,,,,,,,0.1325918734073639,-0.0817447304725647,0.025598272681236267,-0.616736650466919,0.5477981567382812,-2.3361995220184326
1763596079.364126,-0.46388475496172904,0.4127209694355726,-0.026395844061044043,0.45461273193359375,0.236220583319664,1.6307976245880127,,,,,,
1763596079.369354,,,,,,,0.1277834177017212,-0.04799485206604004,0.03392624855041504,-0.6669835448265076,0.5657260417938232,-2.289241075515747
1763596079.374179,-0.37052141160964963,0.4312848001301288,0.03449380347089609,0.4527820646762848,0.2789824306964874,1.6086803674697876,,,,,,
1763596079.379384,,,,,,,0.12992101907730103,-0.02730846405029297,0.04450976848602295,-0.6968321204185486,0.5989782214164734,-2.2703561782836914
1763596079.384233,-0.2864934673577547,0.44864159312248225,0.13430091841816902,0.43305420875549316,0.3083277940750122,1.598454236984253,,,,,,
1763596079.389415,,,,,,,0.13563069701194763,0.020923972129821777,0.051235392689704895,-0.6854844093322754,0.6174044013023376,-2.233887195587158
1763596079.394286,-0.2328413721472025,0.484515455058217,0.24122867674231527,0.4009138345718384,0.3175884187221527,1.6079257726669312,,,,,,
1763596079.399446,,,,,,,0.14627298712730408,0.06901496648788452,0.038147807121276855,-0.5475305318832397,0.644959032535553,-2.2483444213867188
1763596079.404338,-0.20720190397799013,0.4730220011413097,0.1554939285725355,0.37921610474586487,0.32690146565437317,1.6358603239059448,,,,,,
1763596079.409476,,,,,,,0.13562482595443726,0.06992113590240479,0.014534443616867065,-0.45811834931373596,0.697030246257782,-2.2719078063964844
1763596079.41439,-0.1773141307145357,0.4825730888187885,-0.07392272982299328,0.38148221373558044,0.36594367027282715,1.6799430847167969,,,,,,
1763596079.419507,,,,,,,0.12468674778938293,0.06022924184799194,0.014106154441833496,-0.4452880024909973,0.7800572514533997,-2.2748446464538574
1763596079.424443,-0.1992909847229719,0.44614451560974117,-0.07935118461251259,0.39546704292297363,0.3965170979499817,1.7308204174041748,,,,,,
1763596079.429537,,,,,,,0.125108003616333,0.026884257793426514,0.02133616805076599,-0.49142858386039734,0.8424921035766602,-2.291978359222412
1763596079.434496,-0.2595575296372175,0.4153331977605819,0.097754271787405,0.4097719192504883,0.40034806728363037,1.7747995853424072,,,,,,
1763596079.439568,,,,,,,0.13624760508537292,-0.0043097734451293945,0.04877379536628723,-0.5643671154975891,0.8692094683647156,-2.2897655963897705
1763596079.444549,-0.3450555464416742,0.436573554188013,0.2512450438439846,0.42235422134399414,0.38718894124031067,1.8036894798278809,,,,,,
1763596079.449599,,,,,,,0.14913854002952576,-0.006188869476318359,0.06492280960083008,-0.573720395565033,0.9013383984565735,-2.2927427291870117
1763596079.454602,-0.4030974010437727,0.4545581236898899,0.3092939127087593,0.40992656350135803,0.37112900614738464,1.81685471534729,,,,,,
1763596079.459629,,,,,,,0.14800968766212463,0.0008880496025085449,0.058449387550354004,-0.5820549726486206,0.9569851160049438,-2.2803449630737305
1763596079.464654,-0.4472404941529035,0.45470308511853214,0.17976386195421218,0.3893536925315857,0.38855090737342834,1.8050123453140259,,,,,,
1763596079.46966,,,,,,,0.15695752203464508,0.029826045036315918,0.05083262920379639,-0.5485321879386902,1.015321969985962,-2.2382125854492188
1763596079.474707,-0.5322919362336397,0.4614624962508678,0.05274490810460411,0.36504411697387695,0.4182177186012268,1.7766257524490356,,,,,,
1763596079.479689,,,,,,,0.18119585514068604,0.051833152770996094,0.01520317792892456,-0.3991144895553589,1.0487159490585327,-2.21461820602417
1763596079.484761,-0.6238274796366691,0.46302609230577946,0.09230536786490119,0.3384707272052765,0.4131171405315399,1.754154086112976,,,,,,
1763596079.489721,,,,,,,0.20736390352249146,0.05285578966140747,-0.017540961503982544,-0.2173585444688797,1.0377445220947266,-2.2077524662017822
1763596079.494813,-0.7490747385054827,0.48076282452642916,0.21296119815707207,0.32337379455566406,0.39189016819000244,1.7415831089019775,,,,,,
1763596079.499751,,,,,,,0.23076799511909485,0.07392847537994385,-0.004892706871032715,-0.10550954937934875,1.0178629159927368,-2.182766914367676
1763596079.504866,-0.8332938214153051,0.577308889567852,0.31010172196030616,0.30690905451774597,0.375007301568985,1.730719804763794,,,,,,
1763596079.509782,,,,,,,0.23324517905712128,0.07771897315979004,0.01773086190223694,-0.12443690747022629,1.0095722675323486,-2.19657564163208
1763596079.514918,-0.8934493071705102,0.6475847873210907,0.3632026130288839,0.2809600234031677,0.37790217995643616,1.7188056707382202,,,,,,
1763596079.519813,,,,,,,0.21368619799613953,0.028937578201293945,0.028273284435272217,-0.22931216657161713,1.016047477722168,-2.20023250579834
1763596079.524971,-0.9052519731670617,0.7135726324915885,0.24913725790977476,0.25379887223243713,0.4398926794528961,1.7082804441452026,,,,,,
1763596079.529843,,,,,,,0.1918836385011673,-0.043937623500823975,0.021646231412887573,-0.36076152324676514,1.0126404762268066,-2.2289063930511475
1763596079.535024,-0.7865408380687237,0.7240069327443838,0.0451695135474205,0.23634476959705353,0.5352716445922852,1.7006480693817139,,,,,,
1763596079.539874,,,,,,,0.1643584966659546,-0.08108800649642944,0.013601034879684448,-0.46758022904396057,1.0266494750976562,-2.215945243835449
1763596079.545077,-0.5385720394164324,0.67433017090559,0.015518469366000499,0.22552868723869324,0.5979841351509094,1.6983495950698853,,,,,,
1763596079.549904,,,,,,,0.13815699517726898,-0.06337946653366089,0.019946783781051636,-0.5223749876022339,1.0632812976837158,-2.1865222454071045
1763596079.55513,-0.2853548187166452,0.537778258690238,0.09294716376662254,0.23186753690242767,0.6086814999580383,1.6967543363571167,,,,,,
1763596079.559935,,,,,,,0.12572374939918518,-0.004052519798278809,0.04734957218170166,-0.5526653528213501,1.0865315198898315,-2.180779457092285
1763596079.565182,-0.13206395314633845,0.3693634737461805,0.2266623912513256,0.23709683120250702,0.553261935710907,1.687320351600647,,,,,,
1763596079.569965,,,,,,,0.14264492690563202,0.05458950996398926,0.06145480275154114,-0.5610596537590027,1.111487627029419,-2.1676979064941406
1763596079.575235,-0.10397767634689807,0.14516659582555294,0.3509223926484585,0.22681356966495514,0.4820958375930786,1.6639831066131592,,,,,,
1763596079.579996,,,,,,,0.15963225066661835,0.05279892683029175,0.017144203186035156,-0.5014835000038147,1.136708378791809,-2.1944191455841064
1763596079.585289,-0.08260346440672874,-0.06657002897262573,0.2544377024054527,0.18726825714111328,0.45371395349502563,1.6334753036499023,,,,,,
1763596079.590026,,,,,,,0.15533795952796936,0.049775004386901855,-0.010678023099899292,-0.4659646451473236,1.1661375761032104,-2.1762897968292236
1763596079.595342,-0.04189209931194782,-0.15783026256561278,0.08596563431620598,0.14672189950942993,0.4845011532306671,1.6121186017990112,,,,,,
1763596079.600057,,,,,,,0.15003074705600739,0.08896702527999878,-0.011000066995620728,-0.3373827040195465,1.183283805847168,-2.1634812355041504
1763596079.605393,-0.040594460716843604,-0.10502046339809894,0.09948561649150214,0.12104730308055878,0.5092276930809021,1.6015266180038452,,,,,,
1763596079.610088,,,,,,,0.1395309865474701,0.08111155033111572,-0.014680802822113037,-0.2949223220348358,1.2138772010803223,-2.1576900482177734
1763596079.615446,-0.058571431434154504,-0.03184066089689731,0.3061865760768763,0.09885305166244507,0.4940335750579834,1.6049555540084839,,,,,,
1763596079.620118,,,,,,,0.1333252191543579,0.05295217037200928,-0.006269365549087524,-0.2840576171875,1.2381651401519775,-2.135082721710205
1763596079.625499,-0.05265314730107784,-0.001838321343064308,0.42509588236212725,0.06877947598695755,0.48296236991882324,1.6081010103225708,,,,,,
1763596079.630149,,,,,,,0.13047605752944946,0.016451597213745117,-0.004407286643981934,-0.31367889046669006,1.2611794471740723,-2.11834454536438
1763596079.635552,-0.03154021664559841,0.04099076655805111,0.37928335820343345,0.03476051986217499,0.4795306324958801,1.6297065019607544,,,,,,
1763596079.64018,,,,,,,0.1319216787815094,0.021879076957702637,0.030035734176635742,-0.28845852613449097,1.2486796379089355,-2.11926007270813
1763596079.645605,-0.016037527087330816,0.11924480358362197,0.24118187845852224,0.0011208506766706705,0.4893103837966919,1.6554718017578125,,,,,,
1763596079.65021,,,,,,,0.1328493058681488,0.03420895338058472,0.025821536779403687,-0.22572670876979828,1.2448761463165283,-2.0938918590545654
1763596079.655658,0.050261283728480335,0.18794190771281719,0.0319499299576506,-0.036556489765644073,0.5181390643119812,1.6839426755905151,,,,,,
1763596079.660241,,,,,,,0.13024035096168518,0.03379708528518677,-0.01957753300666809,-0.12606915831565857,1.270983338356018,-2.0381693840026855
1763596079.66571,0.11589666219949722,0.25010873329043387,-0.020487492233514783,-0.07176253944635391,0.5381477475166321,1.7185313701629639,,,,,,
1763596079.670271,,,,,,,0.13459885120391846,0.013276934623718262,-0.06241992115974426,-0.0027890391647815704,1.2819515466690063,-2.0003275871276855
1763596079.675763,0.09934300228357315,0.291414557147026,0.12104162387251853,-0.10669628530740738,0.5290639400482178,1.7412017583847046,,,,,,
1763596079.680302,,,,,,,0.16149073839187622,0.01354140043258667,-0.0375729501247406,0.07127860933542252,1.2513824701309204,-1.9259552955627441
1763596079.685817,-0.002403554010391235,0.24886574749201534,0.38373156978394835,-0.147907093167305,0.4972253739833832,1.7497097253799438,,,,,,
1763596079.690332,,,,,,,0.17776772379875183,0.014152169227600098,-0.03216889500617981,0.18478944897651672,1.2305994033813477,-1.9044311046600342
1763596079.695869,-0.2422352234363556,0.12085136199742555,0.4393476950764656,-0.19434331357479095,0.47303029894828796,1.7438403367996216,,,,,,
1763596079.700363,,,,,,,0.16122204065322876,-0.043435513973236084,-0.058077722787857056,0.16718649864196777,1.220255970954895,-1.883739948272705
1763596079.705922,-0.4735322887510061,0.07382745275497436,0.28714404022097584,-0.2350069284439087,0.49028655886650085,1.736480951309204,,,,,,
1763596079.710394,,,,,,,0.15746387839317322,-0.08092772960662842,-0.051139235496520996,0.10809947550296783,1.2127658128738403,-1.841447114944458
1763596079.715974,-0.5996569149762392,0.15952975995987653,0.14616663971357047,-0.2519278824329376,0.5058436989784241,1.7380189895629883,,,,,,
1763596079.720424,,,,,,,0.15715482831001282,-0.12966525554656982,-0.04900014400482178,-0.048733580857515335,1.1940661668777466,-1.8090415000915527
1763596079.726027,-0.6728560066998005,0.2169248410910368,0.12642280545420945,-0.24773816764354706,0.48398658633232117,1.7380181550979614,,,,,,
1763596079.730455,,,,,,,0.16927996277809143,-0.11571872234344482,-0.017262309789657593,-0.12228795140981674,1.1525081396102905,-1.739391565322876
1763596079.73608,-0.6937415583401918,0.34782618019878864,0.07029577149748802,-0.23581066727638245,0.4541621208190918,1.729171872138977,,,,,,
1763596079.740485,,,,,,,0.1774526834487915,-0.11776572465896606,-0.04341554641723633,-0.16063185036182404,1.0926423072814941,-1.7250818014144897
1763596079.746133,-0.6874918502956628,0.48517625705450773,-0.033870705419778824,-0.23726682364940643,0.46385568380355835,1.7180899381637573,,,,,,
1763596079.750516,,,,,,,0.17041432857513428,-0.1220197081565857,-0.045305609703063965,-0.18673163652420044,1.03689706325531,-1.66409432888031
1763596079.756186,-0.5836100355386734,0.623260785664618,-0.04856668170504272,-0.2573891580104828,0.4979737102985382,1.7101784944534302,,,,,,
1763596079.760546,,,,,,,0.1553325057029724,-0.11298096179962158,-0.028826236724853516,-0.22843435406684875,1.0017797946929932,-1.6347520351409912
1763596079.766238,-0.5619301186501979,0.668058251029253,-0.0618259762506932,-0.2751464247703552,0.5116063356399536,1.6896069049835205,,,,,,
1763596079.770577,,,,,,,0.13980400562286377,-0.08403283357620239,-0.0106564462184906,-0.23756526410579681,0.9790496826171875,-1.589771032333374
1763596079.776292,-0.5909907934397459,0.5290606992274522,-0.08878193384595215,-0.2858731150627136,0.4752824306488037,1.6483826637268066,,,,,,
1763596079.780608,,,,,,,0.1370294690132141,-0.07376652956008911,-0.028733491897583008,-0.20957674086093903,0.9550879001617432,-1.5527172088623047
1763596079.786345,-0.6580781242847442,0.3060562459617853,-0.19992182997241614,-0.28345370292663574,0.4215421974658966,1.5902974605560303,,,,,,
1763596079.790638,,,,,,,0.14359867572784424,-0.06322348117828369,-0.05265018343925476,-0.15949760377407074,0.9303878545761108,-1.5190974473953247
1763596079.796398,-0.698256405416131,0.1067389577537775,-0.2729658772647381,-0.2833485007286072,0.3762431740760803,1.5170048475265503,,,,,,
1763596079.800669,,,,,,,0.15106338262557983,-0.048197031021118164,-0.053409427404403687,-0.18339119851589203,0.9142717719078064,-1.4849218130111694
1763596079.80645,-0.7525707639276981,-0.03606500059366226,-0.16825345690250396,-0.28486526012420654,0.3170888423919678,1.4307502508163452,,,,,,
1763596079.810699,,,,,,,0.15179401636123657,-0.04602956771850586,-0.028988152742385864,-0.19358018040657043,0.9050867557525635,-1.456493616104126
1763596079.816503,-0.7439987504154443,-0.049375148543715476,-0.12007920858114957,-0.2865784764289856,0.27481141686439514,1.3432435989379883,,,,,,
1763596079.82073,,,,,,,0.1415906548500061,-0.06409716606140137,-0.005788683891296387,-0.21215078234672546,0.8642450571060181,-1.4582922458648682
1763596079.826556,-0.6851748055249453,0.02381254500299692,-0.26265264610834416,-0.2869959771633148,0.27202051877975464,1.2732782363891602,,,,,,
1763596079.830761,,,,,,,0.1271166205406189,-0.058205485343933105,0.004360467195510864,-0.1994517594575882,0.8337774276733398,-1.4400362968444824
1763596079.836609,-0.5021072258502245,0.21324469127357004,-0.3823883750140667,-0.2844931483268738,0.2998225688934326,1.2413901090621948,,,,,,
1763596079.840791,,,,,,,0.11152893304824829,-0.037888169288635254,0.029394224286079407,-0.2922559678554535,0.845940113067627,-1.4386051893234253
1763596079.846661,-0.3150269034028053,0.3911513810537755,-0.3516670735359192,-0.2840110659599304,0.30183181166648865,1.2459383010864258,,,,,,
1763596079.850822,,,,,,,0.09682583808898926,-0.011171340942382812,0.047904759645462036,-0.29264265298843384,0.8457704782485962,-1.4067939519882202
1763596079.856714,-0.22258652011454105,0.5336461273215711,-0.27223537103310225,-0.2871682345867157,0.265343576669693,1.2744940519332886,,,,,,
1763596079.860852,,,,,,,0.08501338958740234,-0.04755210876464844,0.024761676788330078,-0.3715755045413971,0.8488293886184692,-1.4135946035385132
1763596079.866767,-0.018567922347784042,0.6839367881625891,-0.3246259218752384,-0.2802598774433136,0.22530117630958557,1.327081322669983,,,,,,
1763596079.870883,,,,,,,0.08495128154754639,-0.016387581825256348,0.04770204424858093,-0.3384827971458435,0.8461331725120544,-1.409883975982666
1763596079.87682,0.1407102009385824,0.7573442619398236,-0.4204758213460445,-0.2712746560573578,0.1946822851896286,1.386078119277954,,,,,,
1763596079.880913,,,,,,,0.08233022689819336,0.004922270774841309,0.04966902732849121,-0.3586446940898895,0.8680379390716553,-1.4276782274246216
1763596079.886873,0.15815291864871978,0.7126907350905239,-0.47155470506772396,-0.2638792097568512,0.1722945123910904,1.4238674640655518,,,,,,
1763596079.890944,,,,,,,0.06860154867172241,-0.0032599568367004395,0.04550948739051819,-0.35366111993789673,0.9034590721130371,-1.451310396194458
1763596079.896925,0.12101824299693106,0.5408955139279366,-0.455887618727982,-0.2561994791030884,0.1505277007818222,1.4392287731170654,,,,,,
1763596079.900975,,,,,,,0.05190110206604004,-0.04717153310775757,0.032151564955711365,-0.4097817540168762,0.933498203754425,-1.4491198062896729
1763596079.906978,0.09419862513244151,0.3798654324077069,-0.40093759266138074,-0.2504032254219055,0.11889582872390747,1.4357150793075562,,,,,,
1763596079.911004,,,,,,,0.058773934841156006,-0.025649964809417725,0.04055427014827728,-0.37452763319015503,0.9697014689445496,-1.417435884475708
1763596079.917031,-0.008682488149404526,0.2017510912261903,-0.425804176761955,-0.2346210777759552,0.07310277223587036,1.4280438423156738,,,,,,
1763596079.921036,,,,,,,0.05756545066833496,-0.016290247440338135,0.03005288541316986,-0.3918050527572632,0.9936240911483765,-1.4148632287979126
1763596079.927084,-0.11996902620494365,0.08333952359631656,-0.48868236547932026,-0.2026200145483017,0.03703298419713974,1.4084635972976685,,,,,,
1763596079.931066,,,,,,,0.06776434183120728,0.013293623924255371,0.07184386253356934,-0.36299842596054077,1.0072989463806152,-1.3785244226455688
1763596079.937137,-0.2888292168289423,-0.028362974848970768,-0.37654447129145263,-0.1728501319885254,0.014522082172334194,1.3857349157333374,,,,,,
1763596079.941097,,,,,,,0.06574219465255737,-0.02524268627166748,0.04950973391532898,-0.34364771842956543,1.03211510181427,-1.3844128847122192
1763596079.947189,-0.41251287964284417,-0.07166179915368556,-0.3139116356372833,-0.16363833844661713,0.018746301531791687,1.3599624633789062,,,,,,
1763596079.951127,,,,,,,0.06683820486068726,-0.026128053665161133,0.03865441679954529,-0.2884520888328552,1.0639539957046509,-1.3270635604858398
1763596079.957242,-0.48447629209160803,-0.021901742945611476,-0.16277181062102317,-0.17316393554210663,0.006688042543828487,1.3400098085403442,,,,,,
1763596079.961158,,,,,,,0.08296507596969604,-0.016665339469909668,0.0003038644790649414,-0.14950960874557495,1.0832514762878418,-1.2570223808288574
1763596079.967295,-0.584675618943572,0.03880523921251297,-0.04220598756670951,-0.17913708090782166,-0.017490049824118614,1.3097344636917114,,,,,,
1763596079.971189,,,,,,,0.09657222032546997,-0.04841136932373047,-0.057023391127586365,-0.05920075997710228,1.0447113513946533,-1.1863071918487549
1763596079.977348,-0.5744178443014621,0.14155019542668013,-0.06743629041314125,-0.16556242108345032,-0.020930320024490356,1.2509398460388184,,,,,,
1763596079.981219,,,,,,,0.12626755237579346,-0.021525859832763672,-0.02355422079563141,-0.016089508309960365,0.9814750552177429,-1.0747369527816772
1763596079.987401,-0.4961795893669128,0.2690849076455459,-0.09492752392888068,-0.15412257611751556,-0.030334288254380226,1.1928956508636475,,,,,,
1763596079.99125,,,,,,,0.1089857816696167,-0.06742721796035767,-0.028093934059143066,-0.0514935702085495,0.9603881239891052,-1.0738773345947266
1763596079.997453,-0.39803602600097654,0.3514311458881944,-0.19967633077874777,-0.13324445486068726,-0.027512401342391968,1.1446245908737183,,,,,,
1763596080.00128,,,,,,,0.07226645946502686,-0.11376571655273438,-0.011247411370277405,-0.11838605999946594,0.9363464117050171,-1.0555765628814697
1763596080.007506,-0.1825415099740028,0.3417744424117729,-0.19253946463614702,-0.10387995839118958,-0.04302100092172623,1.1176345348358154,,,,,,
1763596080.011311,,,,,,,0.07944834232330322,-0.09808540344238281,-0.010322347283363342,-0.19300569593906403,0.9166161417961121,-1.0758224725723267
1763596080.017559,-0.09990531234145164,0.34615090393032877,-0.190673524633795,-0.06858935207128525,-0.08291222155094147,1.1105574369430542,,,,,,
1763596080.021341,,,,,,,0.09178006649017334,-0.08009827136993408,-0.013291969895362854,-0.3569672107696533,0.8877424001693726,-1.0717837810516357
1763596080.027612,-0.07274725630283355,0.3326826428091153,-0.2542695062316954,-0.035479553043842316,-0.1434905230998993,1.1292563676834106,,,,,,
1763596080.031372,,,,,,,0.1065186858177185,-0.05153268575668335,0.0036803632974624634,-0.4476248621940613,0.8897906541824341,-1.0894697904586792
1763596080.037665,-0.1592068116158247,0.36104485047310586,-0.2726014278665185,-0.005834307987242937,-0.1579243242740631,1.1415873765945435,,,,,,
1763596080.041403,,,,,,,0.07916557788848877,-0.06640714406967163,-0.013781532645225525,-0.532541811466217,0.8913843035697937,-1.0848031044006348
1763596080.047717,-0.1556342138260603,0.3686301910355687,-0.22012509843707084,0.011617479845881462,-0.1544656753540039,1.1403447389602661,,,,,,
1763596080.051433,,,,,,,0.0734969973564148,-0.018533766269683838,0.000906825065612793,-0.4460812211036682,0.8915368914604187,-1.042790174484253
1763596080.05777,-0.15772329505980015,0.35147056458313014,0.009337006535381078,-0.0019784895703196526,-0.18904095888137817,1.122591495513916,,,,,,
1763596080.061464,,,,,,,0.05265367031097412,-0.017731189727783203,-0.04186367988586426,-0.27467912435531616,0.8996723294258118,-0.9910531640052795
1763596080.067823,-0.20190262852609156,0.21734712162371725,0.040334494606405494,-0.011560700833797455,-0.21571414172649384,1.0794156789779663,,,,,,
1763596080.071494,,,,,,,0.04706311225891113,-0.006672561168670654,-0.06638968735933304,-0.051720619201660156,0.8813992738723755,-0.9211260080337524
1763596080.077876,-0.17363339637517927,0.0339123891370371,-0.0034722061552107334,-0.0165884830057621,-0.24864307045936584,1.020651936531067,,,,,,
1763596080.081525,,,,,,,0.07506489753723145,0.02358180284500122,-0.045905232429504395,0.26241621375083923,0.8730369806289673,-0.7933872938156128
1763596080.087928,-0.22724691314101217,-0.16233035046383737,0.16216960694417357,-0.038876213133335114,-0.2894679307937622,0.9693772196769714,,,,,,
1763596080.091556,,,,,,,0.07598233222961426,0.012352287769317627,-0.09056282043457031,0.6335306167602539,0.8769012093544006,-0.732698917388916
1763596080.097981,-0.2589396899998188,-0.2557031922966242,0.12763956083282826,-0.07139633595943451,-0.3052045404911041,0.9260388016700745,,,,,,
1763596080.101586,,,,,,,0.0780649185180664,0.05494329333305359,-0.0741429328918457,0.8937315344810486,0.8816059827804565,-0.6711800694465637
1763596080.108034,-0.20733166783750057,-0.2010664699628949,0.22602051315121352,-0.11076797544956207,-0.3177901804447174,0.9025759100914001,,,,,,
1763596080.111617,,,,,,,0.0802832841873169,0.03149634599685669,-0.052613504230976105,0.9186089038848877,0.9053589701652527,-0.6933037638664246
1763596080.118087,-0.2359995439171791,-0.16555223511978984,0.25582535737156864,-0.12604866921901703,-0.31707486510276794,0.8883416056632996,,,,,,
1763596080.121647,,,,,,,0.04124993085861206,-0.13426703214645386,-0.044347167015075684,0.554050087928772,0.9627397060394287,-0.7886946797370911
1763596080.12814,-0.12073591892421245,0.04795702537409961,0.07710304035954177,-0.08784181624650955,-0.31320467591285706,0.8799171447753906,,,,,,
1763596080.131678,,,,,,,0.03839468955993652,-0.2648634910583496,-0.028206229209899902,0.023043697699904442,0.913482666015625,-0.8474645614624023
1763596080.138192,-0.15113047266602514,0.3187358409233391,-0.045223362626507876,-0.03263022378087044,-0.29151055216789246,0.8245580196380615,,,,,,
1763596080.141708,,,,,,,0.08220022916793823,-0.3502621352672577,-0.07818282395601273,-0.42707449197769165,0.8311291933059692,-0.8113431334495544
1763596080.148245,-0.6637643532276153,0.2053019155755639,-0.21476276768632233,0.02774915099143982,-0.2806423306465149,0.6843704581260681,,,,,,
1763596080.151739,,,,,,,0.12828171253204346,-0.2956424951553345,-0.14052045345306396,-0.44793078303337097,0.6528065800666809,-0.6740627884864807
1763596080.158298,-1.4245616782307624,0.11768683355189859,0.13414192846417428,0.0717826560139656,-0.27814537286758423,0.5028566122055054,,,,,,
1763596080.16177,,,,,,,0.16914737224578857,-0.16691792011260986,-0.16584861278533936,-0.12082798033952713,0.4681440591812134,-0.47350290417671204
1763596080.168351,-2.229732397967577,-0.2050697873201221,0.5866974070947617,0.01689736917614937,-0.21368087828159332,0.2909244894981384,,,,,,
1763596080.1718,,,,,,,0.16747522354125977,-0.11007082462310791,-0.20033323764801025,0.2889043986797333,0.3239791691303253,-0.30272823572158813
1763596080.178404,-2.725754750946164,-0.5731450478866696,0.8178102749489248,-0.07459366321563721,-0.06966138631105423,0.0719442293047905,,,,,,
1763596080.181831,,,,,,,0.1661219596862793,-0.11527764797210693,-0.26023876667022705,0.5369657278060913,0.23349934816360474,-0.10980842262506485
1763596080.188456,-2.6174007592111823,-0.6538340569742024,0.7072725094340742,-0.12534621357917786,0.011105591431260109,-0.12086985260248184,,,,,,
1763596080.191861,,,,,,,0.16732823848724365,-0.168163001537323,-0.2570655345916748,0.5881657600402832,0.1524747908115387,0.03472292423248291
1763596080.198509,-1.9747417378544807,-0.45081228822506964,0.3988976112663746,-0.12195947021245956,0.0164196640253067,-0.2392236590385437,,,,,,
1763596080.201892,,,,,,,0.1524558663368225,-0.23686304688453674,-0.22470569610595703,0.49115628004074097,0.04715263471007347,0.142046257853508
1763596080.208562,-1.2627251026332378,-0.17334084316939113,0.1136708028435707,-0.08745364099740982,0.03355345502495766,-0.27856171131134033,,,,,,
1763596080.211922,,,,,,,0.1408410668373108,-0.2663896679878235,-0.1694190502166748,0.3055155873298645,-0.07369602471590042,0.18109272420406342
1763596080.218615,-0.826454915305972,-0.03769588973112404,0.04650901852287352,-0.07813923805952072,0.07916461676359177,-0.2897096872329712,,,,,,
1763596080.221953,,,,,,,0.12592792510986328,-0.2899191975593567,-0.150681734085083,0.057328853756189346,-0.20747485756874084,0.20008046925067902
1763596080.228668,-0.7342652919083833,-0.02388546410873532,-0.03874444893598556,-0.08122982084751129,0.06815977394580841,-0.31894221901893616,,,,,,
1763596080.231984,,,,,,,0.12530070543289185,-0.2630958557128906,-0.1556098461151123,-0.10695196688175201,-0.3114316165447235,0.23181575536727905
1763596080.23872,-0.9886994871824979,-0.2702072262063622,-0.19364406487718222,-0.08012594282627106,0.028294114395976067,-0.3911399841308594,,,,,,
1763596080.242014,,,,,,,0.10598450899124146,-0.19736206531524658,-0.14750659465789795,-0.1367761194705963,-0.39733585715293884,0.27450960874557495
1763596080.248773,-1.2114794840425251,-0.49086285132355983,-0.24800218946523964,-0.09964082390069962,0.032857365906238556,-0.4780522882938385,,,,,,
1763596080.252045,,,,,,,0.0935964584350586,-0.1327756643295288,-0.15308213233947754,-0.0676681399345398,-0.48080334067344666,0.33199819922447205
1763596080.258826,-1.047756656306982,-0.47378706722967323,-0.1551543944198638,-0.143332377076149,0.05207740142941475,-0.5492425560951233,,,,,,
1763596080.262075,,,,,,,0.0992889404296875,-0.07877928018569946,-0.1577070951461792,0.029026277363300323,-0.554638147354126,0.38646411895751953
1763596080.268879,-0.7512082434028386,-0.4009808472812176,0.04625548215322196,-0.201437309384346,0.017488976940512657,-0.589617908000946,,,,,,
1763596080.272106,,,,,,,0.090049147605896,-0.04948163032531738,-0.1577547788619995,0.10087143629789352,-0.5789767503738403,0.42589595913887024
1763596080.278932,-0.5136784211784601,-0.35893516484275456,0.11654898862838745,-0.2467041313648224,-0.013729661703109741,-0.6089641451835632,,,,,,
1763596080.282137,,,,,,,0.06696182489395142,-0.05499258637428284,-0.1434650421142578,0.1391238421201706,-0.5970245003700256,0.4662996828556061
1763596080.288984,-0.39519992579221724,-0.37125060266703364,-0.03845204186066985,-0.263191282749176,-0.01018800213932991,-0.6246669888496399,,,,,,
1763596080.292167,,,,,,,0.0614469051361084,-0.06535130739212036,-0.12164461612701416,0.1359110027551651,-0.6226105093955994,0.5145159363746643
1763596080.299037,-0.3371533950150013,-0.3802984169974923,-0.1278361063182354,-0.26648667454719543,-0.004844368901103735,-0.6359036564826965,,,,,,
1763596080.302198,,,,,,,0.07239103317260742,-0.09465762972831726,-0.11647045612335205,0.11164122074842453,-0.6916249990463257,0.5384957194328308
1763596080.30909,-0.30069851832091804,-0.3065855305328965,-0.06400185898505151,-0.2659221589565277,-0.017654402181506157,-0.6468602418899536,,,,,,
1763596080.312228,,,,,,,0.07537049055099487,-0.12390634417533875,-0.10260009765625,0.1356046199798584,-0.7630536556243896,0.6158437728881836
1763596080.319143,-0.38682080450356005,-0.22450112156420945,-0.019192191725969313,-0.27813833951950073,-0.03673408553004265,-0.6674635410308838,,,,,,
1763596080.322259,,,,,,,0.07825857400894165,-0.09694653749465942,-0.11744189262390137,0.2844456732273102,-0.8330945372581482,0.7248221039772034
1763596080.329195,-0.6171458099156618,-0.19151688012275844,0.10490414354205131,-0.3049384355545044,-0.05457377806305885,-0.7050942778587341,,,,,,
1763596080.332289,,,,,,,0.10352510213851929,-0.0646837055683136,-0.1736534833908081,0.4358740746974945,-0.9201325178146362,0.8615751266479492
1763596080.339248,-0.9092822515964507,-0.22343783971425143,0.2976641921263188,-0.34539613127708435,-0.06736227869987488,-0.7736560106277466,,,,,,
1763596080.34232,,,,,,,0.14556866884231567,-0.09538552165031433,-0.2005685567855835,0.5641271471977234,-1.0100194215774536,1.022860050201416
1763596080.349301,-1.1930939325243235,-0.30393969219923017,0.36489714198708534,-0.3872232437133789,-0.05650737136602402,-0.8884624242782593,,,,,,
1763596080.352351,,,,,,,0.18551623821258545,-0.1205601692199707,-0.21621429920196533,0.7484429478645325,-1.1171482801437378,1.1861631870269775
1763596080.359354,-1.2570780366569756,-0.3471439335556701,0.27116671888828275,-0.41828927397727966,-0.04562462866306305,-1.0407304763793945,,,,,,
1763596080.362381,,,,,,,0.22388023138046265,-0.10124599933624268,-0.21001698076725006,0.8989564776420593,-1.2347066402435303,1.339926838874817
1763596080.369407,-1.0229378568708896,-0.04589576372904703,0.2556291041471064,-0.43402916193008423,-0.10978865623474121,-1.1832349300384521,,,,,,
1763596080.372412,,,,,,,0.22245019674301147,-0.10269820690155029,-0.18263792991638184,0.9881875514984131,-1.3206607103347778,1.478891134262085
1763596080.379459,-0.7402128021359443,0.3218734082967043,0.028217063572257756,-0.4223216474056244,-0.18841767311096191,-1.2990814447402954,,,,,,
1763596080.382442,,,,,,,0.18090689182281494,-0.09539639949798584,-0.15155336260795593,1.087817668914795,-1.37722909450531,1.5540879964828491
1763596080.389512,-0.4438824158966541,0.5688031462248414,-0.3262568840779364,-0.3882165849208832,-0.22998516261577606,-1.3881537914276123,,,,,,
1763596080.392473,,,,,,,0.13010352849960327,-0.04649996757507324,-0.11313915252685547,1.2538739442825317,-1.389987587928772,1.6025073528289795
1763596080.399565,-0.18540742079913616,0.6624744595475495,-0.44774625171795485,-0.362531453371048,-0.23840047419071198,-1.4471441507339478,,,,,,
1763596080.402504,,,,,,,0.08259314298629761,-0.015708625316619873,-0.06244600564241409,1.284480333328247,-1.3922752141952515,1.5897005796432495
1763596080.409618,0.0005114566534757614,0.6452191541682929,-0.3072551003575325,-0.3463447690010071,-0.2289033830165863,-1.4693567752838135,,,,,,
1763596080.412534,,,,,,,0.05665016174316406,0.0020509958267211914,-0.0013759136199951172,1.1014964580535889,-1.36264967918396,1.5673861503601074
1763596080.419671,0.06797580411732196,0.5317638572389259,-0.11528525230288506,-0.3207879960536957,-0.20020675659179688,-1.4618053436279297,,,,,,
1763596080.422565,,,,,,,0.03027111291885376,-0.06260901689529419,0.04222283512353897,0.7683056592941284,-1.2882689237594604,1.5047621726989746
1763596080.429723,0.015500935992598533,0.3079445073937997,-0.028799320439621804,-0.2884259521961212,-0.15806931257247925,-1.4242714643478394,,,,,,
1763596080.432595,,,,,,,0.006983816623687744,-0.1330336332321167,0.051244378089904785,0.5195083618164062,-1.2147784233093262,1.4607549905776978
1763596080.439776,-0.06226736334264278,0.044167131571844216,0.0812380943376571,-0.24953287839889526,-0.11367255449295044,-1.3625905513763428,,,,,,
1763596080.442626,,,,,,,0.013577818870544434,-0.13627809286117554,0.01683017611503601,0.39361321926116943,-1.1343379020690918,1.4559775590896606
1763596080.449829,-0.23577041133642196,-0.22022563620209692,0.2553287329610437,-0.21345014870166779,-0.08104714751243591,-1.291265845298767,,,,,,
1763596080.452656,,,,,,,0.027228713035583496,-0.17588990926742554,-0.026075124740600586,0.3644105792045593,-1.0794219970703125,1.5359342098236084
1763596080.459882,-0.5356897619783878,-0.5377968903254717,0.4556417542081326,-0.184311181306839,-0.056565772742033005,-1.2457563877105713,,,,,,
1763596080.462687,,,,,,,0.06505852937698364,-0.20979946851730347,-0.0674518346786499,0.41183924674987793,-1.104264497756958,1.6388895511627197
1763596080.469935,-0.8465104458630085,-0.8427307081285864,0.4607750254433602,-0.14913661777973175,-0.056217215955257416,-1.2649844884872437,,,,,,
1763596080.472718,,,,,,,0.10734456777572632,-0.1775292158126831,-0.046340808272361755,0.4418695569038391,-1.1427093744277954,1.7672244310379028
1763596080.479987,-1.0657938327789307,-1.0559540643531828,0.3190961986683309,-0.1141810193657875,-0.0843961238861084,-1.3577508926391602,,,,,,
1763596080.482748,,,,,,,0.10103017091751099,-0.13144135475158691,0.00742746889591217,0.5604115128517151,-1.1111524105072021,1.8191906213760376
1763596080.49004,-1.1179688411742448,-1.0293830874875187,0.16319968064427376,-0.09503687173128128,-0.05847544223070145,-1.4810681343078613,,,,,,
1763596080.492779,,,,,,,0.04828083515167236,-0.11877328157424927,-0.0011256784200668335,0.6886400580406189,-1.0469987392425537,1.8870586156845093
1763596080.500093,-0.9550409632086754,-0.757924253784865,0.13866145171523092,-0.1012074202299118,0.009667394682765007,-1.5914063453674316,,,,,,
1763596080.502809,,,,,,,0.04701358079910278,-0.04427868127822876,-0.001593947410583496,0.823875904083252,-1.0098016262054443,1.9786747694015503
1763596080.510146,-0.7196136662214994,-0.39126901608407494,0.2643979554057121,-0.1205388680100441,0.046016592532396317,-1.6653828620910645,,,,,,
1763596080.51284,,,,,,,0.05716991424560547,-0.028425872325897217,-0.016130194067955017,0.888889491558075,-0.9510142207145691,2.0407137870788574
1763596080.520199,-0.5693763430029154,-0.0848066735394299,0.42690548906736075,-0.13815541565418243,0.052376750856637955,-1.7009235620498657,,,,,,
1763596080.522871,,,,,,,0.048169612884521484,-0.0981859564781189,-0.06085453927516937,0.9136462807655334,-0.9329708218574524,2.0943820476531982
1763596080.530251,-0.4000982192277908,0.07215776597708463,0.2505599841892719,-0.1364963799715042,0.08499512076377869,-1.7118531465530396,,,,,,
1763596080.532901,,,,,,,0.06479501724243164,-0.1547996997833252,-0.08144770562648773,0.7570087313652039,-0.9379184246063232,2.168536901473999
1763596080.540304,-0.21820786663889882,0.0649928427837789,0.020222119295597075,-0.09944301843643188,0.12572310864925385,-1.721453070640564,,,,,,
1763596080.542932,,,,,,,0.08764344453811646,-0.22908079624176025,-0.07835721969604492,0.5506003499031067,-0.9638765454292297,2.209399938583374
1763596080.550357,-0.10037176080942153,-0.01691942448839545,-0.03283485956601798,-0.037954676896333694,0.12360814213752747,-1.7470170259475708,,,,,,
1763596080.552962,,,,,,,0.11539274454116821,-0.2768009305000305,-0.07987308502197266,0.3368834853172302,-1.0772621631622314,2.2326581478118896
1763596080.56041,-0.003880640825629234,-0.11229980675131082,0.0398842666208744,0.024778209626674652,0.011822490952908993,-1.7976336479187012,,,,,,
1763596080.562993,,,,,,,0.18127065896987915,-0.15364986658096313,-0.016269341111183167,0.2453712821006775,-1.190420389175415,2.236416816711426
1763596080.570462,-0.03393675639331341,-0.13375439045131204,0.2183668565928936,0.053250961005687714,-0.17479689419269562,-1.8639309406280518,,,,,,
1763596080.573023,,,,,,,0.17441773414611816,-0.012056112289428711,0.04090438783168793,0.3063201308250427,-1.1714354753494263,2.173948287963867
1763596080.580515,-0.10651625491380691,0.035434301474690434,0.32332477614879607,0.014582657255232334,-0.27393147349357605,-1.9016427993774414,,,,,,
1763596080.583054,,,,,,,0.09962838888168335,0.10023295879364014,0.027224525809288025,0.4447074234485626,-1.1168133020401,2.1812615394592285
1763596080.590568,-0.06253741245567798,0.2768964947119355,0.27945757737159727,-0.08787262439727783,-0.22943611443042755,-1.8876278400421143,,,,,,
1763596080.593085,,,,,,,0.08396369218826294,0.17082089185714722,0.007061958312988281,0.6328152418136597,-1.0895134210586548,2.2238733768463135
1763596080.600621,0.026633155381679534,0.3898787307694554,0.226208875330165,-0.19471731781959534,-0.13759727776050568,-1.8373630046844482,,,,,,
1763596080.603115,,,,,,,0.08232903480529785,0.14242470264434814,-0.012582048773765564,0.8453187346458435,-1.0453630685806274,2.2634377479553223
1763596080.610674,0.10117430936396121,0.4115630315721035,0.28850604928918183,-0.2660943269729614,-0.06959572434425354,-1.7756918668746948,,,,,,
1763596080.613146,,,,,,,0.05739998817443848,0.05826812982559204,-0.030052438378334045,1.0225746631622314,-1.0053941011428833,2.342827796936035
1763596080.620726,0.1319312666773796,0.24621464846134183,0.24498254938311873,-0.2865298092365265,-0.013546032831072807,-1.7430630922317505,,,,,,
1763596080.623176,,,,,,,0.05490115284919739,-0.025142788887023926,-0.02498529851436615,1.0538595914840698,-1.0170505046844482,2.424405574798584
1763596080.630779,0.0309393281430006,-0.0180903679639101,0.03945062444396317,-0.26126933097839355,0.035163816064596176,-1.7596896886825562,,,,,,
1763596080.633207,,,,,,,0.07871419191360474,-0.13527452945709229,-0.00016607344150543213,0.9509121775627136,-1.0372142791748047,2.5201361179351807
1763596080.640832,-0.11655015767216682,-0.27775048119276763,-0.00849916747175157,-0.21139311790466309,0.017054323107004166,-1.8421523571014404,,,,,,
1763596080.643237,,,,,,,0.09970405697822571,-0.2173181176185608,0.017462968826293945,0.8772577047348022,-1.0711424350738525,2.6144003868103027
1763596080.650885,-0.2890466589719057,-0.4528782077789306,-0.08308043426871299,-0.15225017070770264,-0.09849058836698532,-1.968045949935913,,,,,,
1763596080.653268,,,,,,,0.11975720524787903,-0.17785537242889404,0.011360183358192444,0.7892924547195435,-1.0602519512176514,2.6634645462036133
1763596080.660938,-0.4361538674712181,-0.5556883016511798,-0.2443664633113891,-0.08712709695100784,-0.29371973872184753,-2.1104018688201904,,,,,,
1763596080.663299,,,,,,,0.13495612144470215,-0.07731962203979492,0.011932015419006348,0.8023732304573059,-1.0220409631729126,2.7241053581237793
1763596080.67099,-0.5258592728376388,-0.4617971350327134,-0.3093008539061993,-0.041036851704120636,-0.43782839179039,-2.2277944087982178,,,,,,
1763596080.673329,,,,,,,0.13492456078529358,-0.02830374240875244,0.0029208511114120483,0.8947811722755432,-0.9780477285385132,2.7934281826019287
1763596080.681043,-0.5379729044795036,-0.23474983611702918,-0.2793511213224381,-0.05940759927034378,-0.4872902035713196,-2.2906806468963623,,,,,,
1763596080.68336,,,,,,,0.12485554814338684,0.022035837173461914,-0.0068933963775634766,1.0955555438995361,-0.9522198438644409,2.867861270904541
1763596080.691096,-0.4413730634242296,0.004056581914424896,-0.13954291072487832,-0.1392587274312973,-0.4583998918533325,-2.293653726577759,,,,,,
1763596080.69339,,,,,,,0.12365192174911499,0.07895481586456299,0.028151854872703552,1.3034565448760986,-0.9345197081565857,2.923790693283081
1763596080.701149,-0.3614268355280161,0.19433891527354716,-0.11377243658713995,-0.21186953783035278,-0.36301371455192566,-2.2591512203216553,,,,,,
1763596080.703421,,,,,,,0.09686651825904846,0.06161832809448242,0.06317174434661865,1.384109616279602,-0.8780511021614075,2.8946051597595215
1763596080.711202,-0.2830073788076639,0.34606793835461136,-0.18243980316519737,-0.24924549460411072,-0.26936793327331543,-2.209845781326294,,,,,,
1763596080.713452,,,,,,,0.05747556686401367,-0.02321171760559082,0.10123775899410248,0.9566320776939392,-0.7824390530586243,2.789074420928955
1763596080.721254,-0.1727612897157669,0.4721954871892929,-0.2825193030297756,-0.236667662858963,-0.21029476821422577,-2.1634020805358887,,,,,,
1763596080.723482,,,,,,,0.056924834847450256,-0.08886134624481201,0.18923591077327728,0.4758415222167969,-0.6996579170227051,2.6404786109924316
1763596080.731307,-0.08185118473470211,0.5965466740012169,-0.278005698062852,-0.19861815869808197,-0.24778465926647186,-2.1177592277526855,,,,,,
1763596080.733513,,,,,,,0.05087585747241974,-0.10969281196594238,0.19337046146392822,0.0846516489982605,-0.6134969592094421,2.461320161819458
1763596080.74136,0.019440029007196425,0.7198030513137579,-0.30509587649703024,-0.16189636290073395,-0.356575071811676,-2.073147773742676,,,,,,
1763596080.743543,,,,,,,0.05537441372871399,0.03156536817550659,0.170829176902771,-0.07581312954425812,-0.5947791934013367,2.3326661586761475
1763596080.751413,0.13856032942831514,0.8878262065917253,-0.4898446141917258,-0.14258497953414917,-0.44738999009132385,-2.020737409591675,,,,,,
1763596080.753574,,,,,,,0.10440874099731445,0.17968380451202393,0.13342046737670898,0.013952448032796383,-0.623080849647522,2.2401747703552246
1763596080.761466,0.26528525963425637,1.0919967800498007,-0.601954597459361,-0.15036433935165405,-0.45043957233428955,-1.9563231468200684,,,,,,
1763596080.763604,,,,,,,0.1152128055691719,0.2330830693244934,0.07588444650173187,0.2183314859867096,-0.6348959803581238,2.2325801849365234
1763596080.771518,0.4630862980604171,1.2600006461054085,-0.48115028947405514,-0.19550232589244843,-0.3949325680732727,-1.8806469440460205,,,,,,
1763596080.773635,,,,,,,0.09516783058643341,0.23835325241088867,0.05333387851715088,0.4539794325828552,-0.6654211282730103,2.2771894931793213
1763596080.781575,0.6535767212122678,1.3090385255187749,-0.3488192098241299,-0.22816705703735352,-0.28533685207366943,-1.7908518314361572,,,,,,
1763596080.783666,,,,,,,0.07915250957012177,0.1717105507850647,0.055116407573223114,0.6365982294082642,-0.6931712627410889,2.342341899871826
1763596080.791629,0.7246960840523242,1.1687491803407668,-0.22443536285161972,-0.2357543259859085,-0.21566180884838104,-1.7134162187576294,,,,,,
1763596080.793696,,,,,,,0.057582005858421326,0.06766045093536377,0.07996320724487305,0.7948746681213379,-0.6725978255271912,2.410950183868408
1763596080.801682,0.5803519105255603,0.8780325423300266,-0.06026069969534874,-0.20761190354824066,-0.2502272427082062,-1.6709039211273193,,,,,,
1763596080.803727,,,,,,,0.0340154655277729,0.038117170333862305,0.09356272220611572,0.9108495712280273,-0.6054312586784363,2.4452672004699707
1763596080.811734,0.3140817315071821,0.47664779042303557,-0.08452171911820769,-0.13677546381950378,-0.35363051295280457,-1.6672818660736084,,,,,,
1763596080.813757,,,,,,,0.036618106067180634,0.09893566370010376,0.11893415451049805,0.8987657427787781,-0.5232506394386292,2.402048349380493
1763596080.821786,-0.03991407723724842,0.11700550022423267,-0.15000709465928375,-0.057211652398109436,-0.469338983297348,-1.6762956380844116,,,,,,
1763596080.823788,,,,,,,0.02584921568632126,0.0830335021018982,0.14268136024475098,0.6475937962532043,-0.36167240142822266,2.2712149620056152
1763596080.83184,-0.3539735969126224,-0.07160743861794472,-0.050950471569038924,-0.024866243824362755,-0.5478121042251587,-1.6743497848510742,,,,,,
1763596080.833819,,,,,,,-0.008241571485996246,0.009647488594055176,0.17163002490997314,0.3794334828853607,-0.26866045594215393,2.168886184692383
1763596080.841893,-0.5502724140822887,-0.14156652550697327,-0.11517306063268333,-0.05522121861577034,-0.5311089754104614,-1.6559028625488281,,,,,,
1763596080.843849,,,,,,,0.009547442197799683,0.05274772644042969,0.16311919689178467,0.27385661005973816,-0.2831014394760132,2.065207004547119
1763596080.851945,-0.5962947450667619,-0.050259530162811275,-0.49931850844714787,-0.12128698080778122,-0.39895883202552795,-1.6282222270965576,,,,,,
1763596080.85388,,,,,,,0.017605029046535492,0.08734804391860962,0.12715493142604828,0.2886158525943756,-0.2765370011329651,2.0269832611083984
1763596080.861998,-0.44032793828546996,0.12361585827469825,-0.8667688055157661,-0.1759992241859436,-0.17007876932621002,-1.6018086671829224,,,,,,
1763596080.86391,,,,,,,-0.008235633373260498,0.07217788696289062,0.0975731611251831,0.4004663825035095,-0.27686432003974915,2.0371131896972656
1763596080.872051,-0.13189093466699123,0.2659066064029932,-0.9029261605679988,-0.2012818157672882,0.03631012886762619,-1.5820000171661377,,,,,,
1763596080.873941,,,,,,,-0.018403977155685425,0.06382489204406738,0.06715786457061768,0.5315802097320557,-0.28617048263549805,2.078596830368042
1763596080.882103,0.10232815557420254,0.19122808977663516,-0.5900993975579738,-0.2026275098323822,0.11712507903575897,-1.5864375829696655,,,,,,
1763596080.883972,,,,,,,-0.016553282737731934,0.010856032371520996,0.03240884095430374,0.6363682150840759,-0.253154993057251,2.1521828174591064
1763596080.892157,0.21086568718254564,-0.03653612523674965,-0.07753920328710227,-0.19290386140346527,0.07063798606395721,-1.609106183052063,,,,,,
1763596080.894002,,,,,,,-0.01926538348197937,-0.053527116775512695,0.0034551620483398438,0.7660215497016907,-0.20939446985721588,2.2321937084198
1763596080.90221,0.2969529020518064,-0.36937048800885675,0.13365556971933693,-0.18892882764339447,-0.06689804047346115,-1.6531140804290771,,,,,,
1763596080.904033,,,,,,,-0.002900645136833191,-0.033890604972839355,-0.007081393152475357,0.9116551876068115,-0.20536376535892487,2.300802230834961
1763596080.912261,0.33800504340827464,-0.62583998850286,0.06229125567488372,-0.17114326357841492,-0.20384658873081207,-1.7089797258377075,,,,,,
1763596080.914063,,,,,,,0.03353792428970337,-0.0016996264457702637,-0.0028166789561510086,0.9814326763153076,-0.20881202816963196,2.317113161087036
1763596080.922314,0.34633389581441876,-0.7448743642061948,-0.01890581253264099,-0.148890420794487,-0.3073948323726654,-1.754817008972168,,,,,,
1763596080.924094,,,,,,,0.039934128522872925,-0.042977213859558105,0.0012204647064208984,0.738349974155426,-0.17573796212673187,2.272534132003784
1763596080.932368,0.3584381751060486,-0.6809837835758924,0.06878529386930167,-0.1417786329984665,-0.39140596985816956,-1.774653673171997,,,,,,
1763596080.934125,,,,,,,0.04191058874130249,-0.10692250728607178,0.025223493576049805,0.33420702815055847,-0.15675576031208038,2.2035670280456543
1763596080.94242,0.35811727258861065,-0.44734687713682647,0.2444165860634297,-0.16031530499458313,-0.4768950343132019,-1.7672191858291626,,,,,,
1763596080.944155,,,,,,,0.05548626184463501,-0.17404818534851074,0.028258085250854492,-0.026200389489531517,-0.16419875621795654,2.1215362548828125
1763596080.952473,0.4085913222849369,-0.12300912455320358,0.39026539199948307,-0.20146998763084412,-0.5617212653160095,-1.7382757663726807,,,,,,
1763596080.954186,,,,,,,0.06389525532722473,-0.13706070184707642,0.0009872913360595703,-0.19556784629821777,-0.19890320301055908,2.099292516708374
1763596080.962526,0.537043514674902,0.1658341208010912,0.26780809264276173,-0.23782852292060852,-0.6023158431053162,-1.700352668762207,,,,,,
1763596080.964216,,,,,,,0.07540279626846313,-0.052280306816101074,-0.027820467948913574,-0.16385017335414886,-0.25217413902282715,2.1559903621673584
1763596080.972579,0.710927086418867,0.44255087503194807,0.11658994169328361,-0.26769623160362244,-0.6090787649154663,-1.66181218624115,,,,,,
1763596080.974247,,,,,,,0.08464643359184265,0.006824195384979248,-0.058159589767456055,-0.030326737090945244,-0.30807870626449585,2.251687526702881
1763596080.982631,0.97638653357625,0.6314566593408584,0.13850713793635366,-0.2891000509262085,-0.6146048307418823,-1.617327094078064,,,,,,
1763596080.984277,,,,,,,0.08638349175453186,0.03938126564025879,-0.07626509666442871,0.12405364960432053,-0.349350243806839,2.3523807525634766
1763596080.992685,1.1728583692252634,0.5973205809831619,0.24698621735572812,-0.2919011116027832,-0.659839391708374,-1.565532922744751,,,,,,
1763596080.994308,,,,,,,0.07585793733596802,0.03941380977630615,-0.07447350025177002,0.22917740046977997,-0.36108118295669556,2.4364144802093506
1763596081.002738,1.186322830954194,0.34230946260392664,0.3403799193134531,-0.28126633167266846,-0.7610616087913513,-1.527504563331604,,,,,,
1763596081.004339,,,,,,,0.059193938970565796,0.02356046438217163,-0.07545304298400879,0.23969678580760956,-0.35570028424263,2.4588630199432373
1763596081.012789,1.0674228952854872,-0.06166238318681717,0.4543617243349552,-0.29381516575813293,-0.9103636145591736,-1.5125014781951904,,,,,,
1763596081.014369,,,,,,,0.05118557810783386,-0.009166538715362549,-0.07089155912399292,0.1657423973083496,-0.3631691038608551,2.4202191829681396
1763596081.022842,0.8934826249182224,-0.47325113372206684,0.2604547707378864,-0.3143619894981384,-0.995583713054657,-1.5298306941986084,,,,,,
1763596081.0244,,,,,,,0.046099305152893066,-0.06759589910507202,-0.05160766839981079,-0.09618687629699707,-0.35278064012527466,2.3787927627563477
1763596081.032896,0.6842959768638014,-0.8403595220178365,-0.014146635306812823,-0.3188956379890442,-0.9906296133995056,-1.5776771306991577,,,,,,
1763596081.03443,,,,,,,0.044456660747528076,-0.09382486343383789,-0.018178224563598633,-0.41140103340148926,-0.2835214138031006,2.34855318069458
1763596081.042949,0.47959290396422144,-0.9334101461589336,0.06916066652033477,-0.343906432390213,-0.9683988690376282,-1.6453526020050049,,,,,,
1763596081.044461,,,,,,,0.051687002182006836,-0.03440922498703003,0.014668643474578857,-0.597879946231842,-0.2610022723674774,2.295147180557251
1763596081.053,0.23683336439281702,-0.7550409534335136,0.40037531913612034,-0.3928649425506592,-0.9659290909767151,-1.7182999849319458,,,,,,
1763596081.054492,,,,,,,0.0839434266090393,0.016836225986480713,0.032228708267211914,-0.6525126099586487,-0.2962614595890045,2.2462570667266846
1763596081.063054,-0.07112170092761516,-0.3345902665287256,0.5849977270374074,-0.46409329771995544,-0.9581806063652039,-1.7701892852783203,,,,,,
1763596081.064522,,,,,,,0.11190050840377808,0.059400975704193115,0.053032517433166504,-0.6132000684738159,-0.33912262320518494,2.2242767810821533
1763596081.073107,-0.400239673525095,0.10804945583045482,0.4108031531155109,-0.5221222639083862,-0.9198485016822815,-1.7956860065460205,,,,,,
1763596081.074553,,,,,,,0.11075907945632935,0.09798550605773926,0.06172382831573486,-0.49691396951675415,-0.36814016103744507,2.233444929122925
1763596081.083159,-0.6886956731274724,0.4435702812075615,0.04092825924847275,-0.5456292033195496,-0.8334299921989441,-1.799080491065979,,,,,,
1763596081.084583,,,,,,,0.09411823749542236,0.10959768295288086,0.06259965896606445,-0.40473344922065735,-0.382747620344162,2.2343826293945312
1763596081.093213,-0.8106491511479019,0.6892553528368472,-0.2307938285002485,-0.5339841246604919,-0.7188625931739807,-1.784057855606079,,,,,,
1763596081.094614,,,,,,,0.08010363578796387,0.07908743619918823,0.07203161716461182,-0.4077453315258026,-0.3700685501098633,2.250030279159546
1763596081.103265,-0.7496180516019463,0.8134890507489443,-0.21743629774451254,-0.5001001954078674,-0.6113827228546143,-1.7515857219696045,,,,,,
1763596081.104644,,,,,,,0.07025063037872314,0.03079688549041748,0.08632946014404297,-0.5071048736572266,-0.31017380952835083,2.226405143737793
1763596081.113317,-0.5944973402559757,0.742259213271737,0.13509703723192215,-0.4657444357872009,-0.5546747446060181,-1.7021390199661255,,,,,,
1763596081.114675,,,,,,,0.04856586456298828,0.014863789081573486,0.0965954065322876,-0.6539232730865479,-0.21224164962768555,2.172273874282837
1763596081.12337,-0.38991555564850566,0.5502817664325237,0.4820692309498787,-0.44919341802597046,-0.5512056946754456,-1.6497248411178589,,,,,,
1763596081.124706,,,,,,,0.029592454433441162,0.02060675621032715,0.10809016227722168,-0.7857609987258911,-0.1190834790468216,2.087130308151245
1763596081.133424,-0.2943514873817563,0.3434568790733814,0.5186602647116407,-0.4442766606807709,-0.5646224617958069,-1.6089205741882324,,,,,,
1763596081.134736,,,,,,,0.03260225057601929,0.018755793571472168,0.12141680717468262,-0.8437289595603943,-0.06139780953526497,2.0269248485565186
1763596081.143476,-0.2535559511348605,0.09435995317399501,0.2638204477787018,-0.436490923166275,-0.5474517345428467,-1.581302285194397,,,,,,
1763596081.144767,,,,,,,0.04371285438537598,0.04193764925003052,0.1251760721206665,-0.8139616847038269,-0.04601059854030609,1.9960511922836304
1763596081.153529,-0.2943719456478953,-0.07148410449922084,-0.08247841325495392,-0.42826446890830994,-0.4950755536556244,-1.573696494102478,,,,,,
1763596081.154797,,,,,,,0.055978357791900635,0.08926552534103394,0.11185026168823242,-0.6979530453681946,-0.05691251531243324,2.00577712059021
1763596081.163582,-0.4186775397524237,-0.08410334757566451,-0.28247013012580574,-0.4386579990386963,-0.4250940978527069,-1.586484432220459,,,,,,
1763596081.164828,,,,,,,0.06642365455627441,0.11192202568054199,0.08862864971160889,-0.5405532121658325,-0.08738759905099869,2.04363751411438
1763596081.173635,-0.4400030902452767,0.08632394623458385,-0.2685281140130013,-0.4850892126560211,-0.3412625789642334,-1.617139220237732,,,,,,
1763596081.174859,,,,,,,0.06504607200622559,0.10979872941970825,0.08389341831207275,-0.37897950410842896,-0.09026914089918137,2.0945539474487305
1763596081.183687,-0.35916429742351175,0.407871191316843,-0.2488964348912239,-0.5504959225654602,-0.22579030692577362,-1.6533584594726562,,,,,,
1763596081.184889,,,,,,,0.06184107065200806,0.10582375526428223,0.08987164497375488,-0.243809774518013,-0.115113765001297,2.151557207107544
1763596081.193741,-0.1842538668498397,0.6200146433502435,-0.39087563285231586,-0.6014599800109863,-0.11020784080028534,-1.682949423789978,,,,,,
1763596081.19492,,,,,,,0.07330578565597534,0.09167391061782837,0.08882403373718262,-0.15068861842155457,-0.16468025743961334,2.197779655456543
1763596081.203793,-0.030489246287941932,0.7462813083946704,-0.5829261449277401,-0.6211668252944946,-0.06104082614183426,-1.6967099905014038,,,,,,
1763596081.20495,,,,,,,0.08083361387252808,0.06460577249526978,0.09056484699249268,-0.14036665856838226,-0.2040170133113861,2.2402851581573486
1763596081.213845,0.1382689452663064,0.7497077757120132,-0.748654467266798,-0.6050021648406982,-0.09684440493583679,-1.6983587741851807,,,,,,
1763596081.214981,,,,,,,0.0859072208404541,0.03831213712692261,0.09070754051208496,-0.24949528276920319,-0.2706839144229889,2.2663137912750244
1763596081.223898,0.36376536147817967,0.6750450411766767,-0.9257833045423031,-0.5509716868400574,-0.18013955652713776,-1.675271987915039,,,,,,
1763596081.225011,,,,,,,0.09197711944580078,0.007404029369354248,0.0908963680267334,-0.46337446570396423,-0.31392115354537964,2.29582142829895
1763596081.233952,0.5629647223949432,0.5998515607655048,-0.958357540410757,-0.4537242650985718,-0.293514609336853,-1.6402050256729126,,,,,,
1763596081.235042,,,,,,,0.09395062923431396,-0.023635923862457275,0.10463535785675049,-0.7462818622589111,-0.34811294078826904,2.3321657180786133
1763596081.244004,0.6433863857831805,0.5175175609499216,-0.694599051952362,-0.3691369295120239,-0.4784967005252838,-1.5998674631118774,,,,,,
1763596081.245073,,,,,,,0.09341901540756226,-0.03264164924621582,0.11148858070373535,-0.9905859231948853,-0.37762555480003357,2.3680291175842285
1763596081.254056,0.5284055963195861,0.503678420689702,-0.39416773320026693,-0.3037651777267456,-0.678652822971344,-1.5569472312927246,,,,,,
1763596081.255103,,,,,,,0.08899796009063721,-0.0023782849311828613,0.10319924354553223,-1.1849926710128784,-0.42388439178466797,2.3980982303619385
1763596081.26411,0.32315584932267666,0.46234161717295646,-0.32583946238346395,-0.24660921096801758,-0.8211385607719421,-1.530246376991272,,,,,,
1763596081.265134,,,,,,,0.0914812684059143,0.04142242670059204,0.09388387203216553,-1.2544846534729004,-0.46559321880340576,2.424661874771118
1763596081.274163,0.0866544202979654,0.3617670272678137,-0.31227015204057096,-0.2098616659641266,-0.8924930095672607,-1.504530668258667,,,,,,
1763596081.275164,,,,,,,0.10293519496917725,0.07428702712059021,0.07793939113616943,-1.230826735496521,-0.5342095494270325,2.3781425952911377
1763596081.284215,-0.09254165170565247,0.2472971830010414,-0.2998163286589086,-0.21079324185848236,-0.9135101437568665,-1.4869413375854492,,,,,,
1763596081.285195,,,,,,,0.10963749885559082,0.10299575328826904,0.05555868148803711,-1.1091845035552979,-0.5143541097640991,2.2051374912261963
1763596081.294267,-0.19093016627598552,0.11203823320567607,-0.23144845648407936,-0.23065513372421265,-0.87154620885849,-1.4882900714874268,,,,,,
1763596081.295226,,,,,,,0.11037862300872803,0.1129184365272522,0.021129131317138672,-0.9814723134040833,-0.5371832251548767,1.97186279296875
1763596081.304321,-0.1807178016781807,0.029851532906293866,-0.012596519787982105,-0.26003140211105347,-0.7836592793464661,-1.4849637746810913,,,,,,
1763596081.305256,,,,,,,0.13721388578414917,0.0740426778793335,-0.050667654722929,-0.9307851195335388,-0.5961943864822388,1.8673126697540283
1763596081.314373,-0.0879195083303377,-0.04927519530057907,0.35661812007203697,-0.2895936667919159,-0.7027525901794434,-1.4569791555404663,,,,,,
1763596081.315287,,,,,,,0.1443871259689331,0.023982256650924683,-0.07134497165679932,-0.9982981085777283,-0.4867922365665436,1.7875152826309204
1763596081.324426,0.008507889634324237,-0.07967500973939895,0.8135268985413014,-0.3232722878456116,-0.6876369714736938,-1.383753776550293,,,,,,
1763596081.325317,,,,,,,0.09673666954040527,0.09720942378044128,-0.040825605392456055,-1.0262833833694458,-0.25976574420928955,1.7071539163589478
1763596081.33448,-0.007953146394970826,-0.002590601015090942,1.1578968738716096,-0.34710457921028137,-0.7472149729728699,-1.2762072086334229,,,,,,
1763596081.335348,,,,,,,0.04848980903625488,0.23302996158599854,-0.016884326934814453,-0.8487032055854797,-0.093071848154068,1.6648629903793335
1763596081.344532,-0.20924727393416687,0.09737900873422622,1.0000234297513961,-0.3323490619659424,-0.7625372409820557,-1.1647224426269531,,,,,,
1763596081.345379,,,,,,,0.037720441818237305,0.30119702219963074,-0.004292130470275879,-0.6416006684303284,-0.0299844928085804,1.6657873392105103
1763596081.354585,-0.48725832402557134,0.2748854471504688,0.38790618858747183,-0.27916279435157776,-0.6579322814941406,-1.0623019933700562,,,,,,
1763596081.355409,,,,,,,0.0493127703666687,0.29291099309921265,0.01935732364654541,-0.4603382349014282,-0.04449765756726265,1.6646864414215088
1763596081.364638,-0.5923268278164788,0.4301707014083862,-0.013173808219283819,-0.20581482350826263,-0.460268497467041,-0.9654958844184875,,,,,,
1763596081.36544,,,,,,,0.05499160289764404,0.24951383471488953,0.05227065086364746,-0.35116294026374817,-0.037420570850372314,1.644008755683899
1763596081.374691,-0.6090768140221015,0.514682045263052,-0.034234424165636296,-0.16413800418376923,-0.2749618887901306,-0.8722192049026489,,,,,,
1763596081.37547,,,,,,,0.03896254301071167,0.26888951659202576,0.04563521593809128,-0.2514975965023041,0.10086619853973389,1.520867943763733
1763596081.384743,-0.7143195053361355,0.444749846380949,0.2329401563465595,-0.1678595095872879,-0.18965685367584229,-0.794127881526947,,,,,,
1763596081.385501,,,,,,,0.02455693483352661,0.31970807909965515,-0.007990129292011261,-0.032416585832834244,0.1987951546907425,1.3563787937164307
