timestamp,phone_accel_x,phone_accel_y,phone_accel_z,phone_gyro_x,phone_gyro_y,phone_gyro_z,watch_accel_x,watch_accel_y,watch_accel_z,watch_gyro_x,watch_gyro_y,watch_gyro_z
1763596104.928617,0.02392298310752958,0.15815525673627853,0.4949683138810098,-0.16815640032291412,-0.5165989398956299,-1.0129743814468384,,,,,,
1763596104.937291,,,,,,,0.05176609754562378,0.1661939024925232,-0.01824881136417389,0.3259625732898712,-0.3001216948032379,1.4015576839447021
1763596104.93867,-0.04243055357020348,0.14208441190123558,0.5635528975464403,-0.17685458064079285,-0.4711705148220062,-0.9189218282699585,,,,,,
1763596104.947321,,,,,,,0.033079326152801514,0.15606346726417542,-0.024707168340682983,0.3906824588775635,-0.24764810502529144,1.3328367471694946
1763596104.948723,-0.07540222779102623,0.0675643007069826,0.5945918866716325,-0.2028779238462448,-0.3851717412471771,-0.8374797105789185,,,,,,
1763596104.957352,,,,,,,0.024437427520751953,0.14858967065811157,-0.03775642812252045,0.43762439489364624,-0.21082165837287903,1.2258108854293823
1763596104.958776,-0.09038907678164541,-0.06996025593280791,0.6084593762435019,-0.24024207890033722,-0.28954532742500305,-0.7745491862297058,,,,,,
1763596104.967382,,,,,,,0.02763235569000244,0.13638558983802795,-0.04444015026092529,0.4490477740764618,-0.1892407238483429,1.1721343994140625
1763596104.968829,-0.1789303337395191,-0.2813186950683594,0.7411701028607786,-0.2772589325904846,-0.2344392091035843,-0.7310928106307983,,,,,,
1763596104.977413,,,,,,,0.03016108274459839,0.12756484746932983,-0.04360736906528473,0.4140925109386444,-0.15750250220298767,1.0797690153121948
1763596104.978882,-0.27510639642477036,-0.4692407290369272,0.7521041693292557,-0.3092455267906189,-0.2235351949930191,-0.7018429040908813,,,,,,
1763596104.987443,,,,,,,0.012261152267456055,0.11289241909980774,-0.033036842942237854,0.36070358753204346,-0.11749356985092163,0.9861128330230713
1763596104.988935,-0.34908560567535457,-0.4961187990903854,0.5726034883558749,-0.3244556486606598,-0.2172006070613861,-0.698427140712738,,,,,,
1763596104.997474,,,,,,,-0.002696514129638672,0.08652496337890625,-0.021947726607322693,0.2778920531272888,-0.05880335718393326,0.9083564877510071
1763596104.998988,-0.39786856047958136,-0.31190672555565835,0.31364275556802745,-0.33648842573165894,-0.18966779112815857,-0.7143288850784302,,,,,,
1763596105.007504,,,,,,,0.0057503581047058105,0.07130956649780273,-0.015133246779441833,0.1787196695804596,-0.05714447423815727,0.8483075499534607
1763596105.009041,-0.34449089829623697,-0.011025836405158041,0.0679753657259047,-0.3485850393772125,-0.12111455947160721,-0.7443752288818359,,,,,,
1763596105.017535,,,,,,,0.029220998287200928,0.07926002144813538,-0.015504345297813416,0.12110983580350876,-0.11074751615524292,0.8266049027442932
1763596105.019094,-0.19552447179630397,0.2009948660314083,-0.06838672300577163,-0.36093848943710327,-0.038994234055280685,-0.7609584331512451,,,,,,
1763596105.027566,,,,,,,0.04665398597717285,0.10256482660770416,-0.017319336533546448,0.07031723111867905,-0.14841845631599426,0.7840651869773865
1763596105.029147,0.08513933955989778,0.29266309590339656,-0.08970803571492433,-0.3829215466976166,0.015380059368908405,-0.7505659461021423,,,,,,
1763596105.037596,,,,,,,0.042079806327819824,0.12243087589740753,-0.01039160043001175,0.05904664844274521,-0.1938040554523468,0.7558773159980774
1763596105.0392,0.3557238015808165,0.3123147218346596,-0.1177523730687797,-0.3966367840766907,0.03834044933319092,-0.7083882689476013,,,,,,
1763596105.047627,,,,,,,0.037776052951812744,0.11816877126693726,-0.0026270225644111633,0.05188034847378731,-0.22289589047431946,0.7445836067199707
1763596105.049253,0.6174271110750734,0.3617079905569553,-0.18382161291241644,-0.3906193673610687,0.05056409165263176,-0.6501933932304382,,,,,,
1763596105.057657,,,,,,,0.03000539541244507,0.11940023303031921,0.009701728820800781,0.03479946404695511,-0.2245931178331375,0.7177100777626038
1763596105.059306,0.7872066085010766,0.45333004319965836,-0.18731237763762473,-0.37236613035202026,0.031778737902641296,-0.5931026339530945,,,,,,
1763596105.067688,,,,,,,0.028836846351623535,0.12822650372982025,0.010222569108009338,0.033454298973083496,-0.2325727492570877,0.6853113770484924
1763596105.069359,0.7622497157685458,0.5376788899689913,-0.14299480474442242,-0.33955010771751404,-0.025999872013926506,-0.5459511280059814,,,,,,
1763596105.077718,,,,,,,0.0362895131111145,0.1303977519273758,0.0031326934695243835,0.05779643356800079,-0.23402950167655945,0.661985456943512
1763596105.079412,0.6670420597240329,0.5576029031008481,-0.071978025496006,-0.2861480712890625,-0.10795662552118301,-0.504787802696228,,,,,,
1763596105.087749,,,,,,,0.037154316902160645,0.1430688053369522,0.005777239799499512,0.06096852198243141,-0.23663993179798126,0.6199679374694824
1763596105.089465,0.5826975968688726,0.5155670114040375,-0.043031332474946976,-0.24004127085208893,-0.1982782781124115,-0.46691977977752686,,,,,,
1763596105.09778,,,,,,,0.022591590881347656,0.1552191972732544,0.015421025454998016,0.06155368685722351,-0.21854588389396667,0.5424112677574158
1763596105.099518,0.5098686536319553,0.45273850704729557,-0.020292261922359466,-0.20403273403644562,-0.2619136571884155,-0.43353408575057983,,,,,,
1763596105.10781,,,,,,,0.00020056962966918945,0.13558530807495117,0.02568364143371582,0.027633806690573692,-0.160222128033638,0.47909989953041077
1763596105.109571,0.48149201558381316,0.4295025928884744,-0.05303484009504318,-0.16654661297798157,-0.2757575511932373,-0.40503373742103577,,,,,,
1763596105.117841,,,,,,,-0.0083160400390625,0.12480340898036957,0.032260313630104065,-0.03857368230819702,-0.130262091755867,0.4284760653972626
1763596105.119624,0.46643400105312466,0.3883247793257236,-0.0986284242734313,-0.133975088596344,-0.28588417172431946,-0.3648669421672821,,,,,,
1763596105.127871,,,,,,,-0.005835235118865967,0.1421651691198349,0.02859020233154297,-0.08803177624940872,-0.11394011229276657,0.33771848678588867
1763596105.129677,0.3686310678184032,0.31906828774809837,-0.10176146160215138,-0.09720429033041,-0.3233300745487213,-0.30940741300582886,,,,,,
1763596105.137902,,,,,,,-0.0014744400978088379,0.15964125096797943,0.029020562767982483,-0.13450169563293457,-0.1426178365945816,0.23983760178089142
1763596105.13973,0.2973066839255392,0.2811345706731081,-0.16833792031556366,-0.05390222743153572,-0.38218826055526733,-0.23752813041210175,,,,,,
1763596105.147932,,,,,,,-0.0018350481986999512,0.1437501609325409,0.03627313673496246,-0.17342618107795715,-0.15558423101902008,0.16237209737300873
1763596105.149783,0.3180386524394154,0.31791677962541576,-0.21669249363988638,-0.007228465285152197,-0.4121381640434265,-0.16594181954860687,,,,,,
1763596105.157963,,,,,,,-0.0124550461769104,0.11145628988742828,0.041356563568115234,-0.2754371166229248,-0.1335068941116333,0.10037484019994736
1763596105.159836,0.3261107536055147,0.2782926252454519,-0.21009937898516653,0.024251248687505722,-0.41518810391426086,-0.10184824466705322,,,,,,
1763596105.167993,,,,,,,-0.021995604038238525,0.11529044806957245,0.04550729691982269,-0.34681087732315063,-0.1169087365269661,0.02873048186302185
1763596105.169889,0.19562106403857468,0.16927286307811737,-0.21500556346625088,0.033054329454898834,-0.40576690435409546,-0.0551246739923954,,,,,,
1763596105.178024,,,,,,,-0.015952765941619873,0.12511499226093292,0.03580915927886963,-0.36822718381881714,-0.1116657704114914,-0.03379148617386818
1763596105.179942,0.07027092931717634,0.10728197858929633,-0.26070626128092406,0.028104953467845917,-0.37273696064949036,-0.015639103949069977,,,,,,
1763596105.188055,,,,,,,-0.008909225463867188,0.12326432764530182,0.02779638022184372,-0.3286702036857605,-0.12131919711828232,-0.0801834911108017
1763596105.189995,0.0552243129633367,0.14512392572760582,-0.32444603526368737,0.031413666903972626,-0.3007546365261078,0.019874148070812225,,,,,,
1763596105.198085,,,,,,,-0.013478457927703857,0.11922231316566467,0.03132318705320358,-0.3048872649669647,-0.1253642737865448,-0.11708617955446243
1763596105.200048,0.0636028497301042,0.1007090299397707,-0.31072599133849144,0.024378996342420578,-0.23097266256809235,0.052921317517757416,,,,,,
1763596105.208116,,,,,,,-0.023693442344665527,0.12363278865814209,0.033055201172828674,-0.25035905838012695,-0.09424843639135361,-0.16223660111427307
1763596105.210101,0.03490311720743775,0.01053659158349037,-0.2438603404201567,0.012275729328393936,-0.1736268252134323,0.07768232375383377,,,,,,
1763596105.218146,,,,,,,-0.030463755130767822,0.11122734844684601,0.024861089885234833,-0.2047666609287262,-0.07466913759708405,-0.1806459128856659
1763596105.220154,0.034019904632121324,-0.012994506129622458,-0.21164690068811176,0.002516714856028557,-0.12312386929988861,0.09489650279283524,,,,,,
1763596105.228177,,,,,,,-0.028056800365447998,0.098558709025383,0.028737783432006836,-0.17314349114894867,-0.07049090415239334,-0.19140109419822693
1763596105.230207,0.07309650813192128,0.036986791613698,-0.19737433744668959,-0.015173865482211113,-0.07876519113779068,0.10822030156850815,,,,,,
1763596105.238207,,,,,,,-0.025722384452819824,0.0774977058172226,0.03368128836154938,-0.14016306400299072,-0.05762064829468727,-0.1863570660352707
1763596105.24026,0.1303422439202666,0.08453238664269447,-0.2442053544655442,-0.021255163475871086,-0.03223897144198418,0.11638271808624268,,,,,,
1763596105.248238,,,,,,,-0.025659561157226562,0.06424842774868011,0.036917202174663544,-0.1332705318927765,-0.04600793495774269,-0.1797494888305664
1763596105.250313,0.1770332679465413,0.06749766521155834,-0.3411196682974696,-0.015484627336263657,-0.005193768534809351,0.12317696958780289,,,,,,
1763596105.258269,,,,,,,-0.023890376091003418,0.0625399500131607,0.035408854484558105,-0.10429516434669495,-0.035149961709976196,-0.16768157482147217
1763596105.260366,0.21359248179793355,0.07452361832559108,-0.3644540743947029,0.00590110057964921,-0.018581802025437355,0.12615074217319489,,,,,,
1763596105.268299,,,,,,,-0.01915663480758667,0.059201523661613464,0.03335057944059372,-0.09515706449747086,-0.036877818405628204,-0.16028650104999542
1763596105.270419,0.22044906969442962,0.12280512641370296,-0.3534524956479668,0.043162185698747635,-0.05549135431647301,0.13006691634655,,,,,,
1763596105.27833,,,,,,,-0.014761209487915039,0.05261819064617157,0.03318524360656738,-0.08666492998600006,-0.04611978679895401,-0.15550999343395233
1763596105.280472,0.20511837570220232,0.14074819486141205,-0.28468115723878146,0.07817594707012177,-0.11414165794849396,0.13766905665397644,,,,,,
1763596105.28836,,,,,,,-0.017931044101715088,0.03336402773857117,0.03593885153532028,-0.07571586966514587,-0.030977319926023483,-0.15783199667930603
1763596105.290525,0.17775003791376948,0.13830956953763962,-0.19666034395843743,0.10248421132564545,-0.14884904026985168,0.14010106027126312,,,,,,
1763596105.298391,,,,,,,-0.02363419532775879,0.017776042222976685,0.03447258472442627,-0.09152492135763168,-0.0031635318882763386,-0.16233961284160614
1763596105.300578,0.1463531752616167,0.09637421560585498,-0.20305004499554632,0.10449414700269699,-0.14821207523345947,0.1384277045726776,,,,,,
1763596105.308421,,,,,,,-0.021464645862579346,0.01447342336177826,0.028275370597839355,-0.07020284980535507,0.021290678530931473,-0.17363567650318146
1763596105.310631,0.06932531903013586,0.013612930288910864,-0.200817317507416,0.09581597149372101,-0.12264732271432877,0.13475680351257324,,,,,,
1763596105.318452,,,,,,,-0.013478696346282959,0.014302358031272888,0.019170284271240234,-0.0814068615436554,0.009223362430930138,-0.1692962497472763
1763596105.320684,0.0017883447214961051,-0.019948563051223753,-0.18006869011968374,0.08202014863491058,-0.09911178797483444,0.1381513476371765,,,,,,
1763596105.328482,,,,,,,-0.003891289234161377,0.020041167736053467,0.01636791229248047,-0.0724320039153099,-0.010373507626354694,-0.16607409715652466
1763596105.330737,-0.1002379052966833,-0.027176760739088056,-0.15469956332445145,0.06955789029598236,-0.07962038367986679,0.13916468620300293,,,,,,
1763596105.338513,,,,,,,-0.006192147731781006,-0.002124696969985962,0.01871620863676071,-0.06759360432624817,0.010018582455813885,-0.15340429544448853
1763596105.34079,-0.15591902211681008,0.0058352820247411724,-0.17278817772269248,0.07377460598945618,-0.04238284006714821,0.13244126737117767,,,,,,
1763596105.348544,,,,,,,-0.011698424816131592,-0.004334449768066406,0.017464518547058105,-0.05551962926983833,0.021315978839993477,-0.1475783735513687
1763596105.350843,-0.15441957733929157,-0.05826046578884125,-0.14103241863027213,0.07837255299091339,-0.019677525386214256,0.126194030046463,,,,,,
1763596105.358574,,,,,,,-0.008372664451599121,0.021058738231658936,0.009799838066101074,-0.013374343514442444,0.006149275694042444,-0.15108714997768402
1763596105.360895,-0.24337051107659935,-0.1648831036865711,-0.05629413415193557,0.0790807455778122,-0.027686771005392075,0.13517390191555023,,,,,,
1763596105.368605,,,,,,,-0.0029574036598205566,0.03700557351112366,0.00541079044342041,0.026830067858099937,-0.016017278656363487,-0.17645321786403656
1763596105.370948,-0.3019274755939841,-0.1376040516167879,-0.01572626918107271,0.07903812825679779,-0.036043502390384674,0.1546328067779541,,,,,,
1763596105.378635,,,,,,,-0.009087443351745605,0.01777993142604828,0.019085638225078583,0.01210525631904602,-0.016111021861433983,-0.1920667439699173
1763596105.381001,-0.2880582324564457,-0.06161620595753192,-0.014181377826631068,0.07703231275081635,-0.008838623762130737,0.16522131860256195,,,,,,
1763596105.388666,,,,,,,-0.020566046237945557,-0.01711614429950714,0.03275154531002045,-0.022405581548810005,0.0010762204183265567,-0.19095353782176971
1763596105.391054,-0.21234934986904264,0.0019669161587953566,0.004371346952021122,0.06321477144956589,0.049910176545381546,0.1586907058954239,,,,,,
1763596105.398696,,,,,,,-0.0213279128074646,-0.035566508769989014,0.030903100967407227,-0.04794323444366455,0.018890371546149254,-0.19453702867031097
1763596105.401107,-0.1955859927251935,-0.027292496073246,0.0032560791864991185,0.04545329511165619,0.10345761477947235,0.1439775824546814,,,,,,
1763596105.408727,,,,,,,-0.009132862091064453,-0.02185286581516266,0.015695929527282715,-0.05447782948613167,0.008599384687840939,-0.20372599363327026
1763596105.41116,-0.16751403671205042,-0.044047231519222255,-0.008494272100925446,0.036105066537857056,0.11368388682603836,0.14740267395973206,,,,,,
1763596105.418757,,,,,,,0.004194736480712891,-0.009712740778923035,0.007660031318664551,-0.04475026577711105,-0.027783656492829323,-0.1921556293964386
1763596105.421213,-0.09506123331114649,-0.046398763081431385,0.0022398878812789915,0.040154919028282166,0.08405813574790955,0.17011217772960663,,,,,,
1763596105.428788,,,,,,,0.007126808166503906,-0.015590846538543701,0.004617214202880859,-0.02703705243766308,-0.04161025583744049,-0.1793157309293747
1763596105.431266,-0.05799713867753744,-0.03712532330155372,0.010588321770727634,0.05926309898495674,0.047276951372623444,0.1899482011795044,,,,,,
1763596105.438819,,,,,,,-0.0023073554039001465,-0.022612527012825012,0.0109633207321167,-0.027796564623713493,-0.04719410836696625,-0.15841804444789886
1763596105.441319,-0.07098068502172827,-0.05376081628203392,0.04194514467343688,0.0698312520980835,0.02121797390282154,0.2004341334104538,,,,,,
1763596105.448849,,,,,,,-0.007820427417755127,-0.015822961926460266,0.015988707542419434,-0.004270466975867748,-0.058788444846868515,-0.14376959204673767
1763596105.451372,-0.10495835794731974,-0.03797989430427551,0.06343348451256751,0.06367801874876022,0.006375111639499664,0.19946341216564178,,,,,,
1763596105.45888,,,,,,,-0.0059313178062438965,-0.023367121815681458,0.011826157569885254,0.022610701620578766,-0.06773480027914047,-0.14479902386665344
1763596105.461425,-0.1798585545003414,-0.0209790751427412,0.07827902533635496,0.04726601019501686,0.020413164049386978,0.18627165257930756,,,,,,
1763596105.46891,,,,,,,-0.0008772611618041992,-0.03317520022392273,0.011416807770729065,0.03574487939476967,-0.08432283252477646,-0.12277521938085556
1763596105.471478,-0.23566848533190785,-0.018964228188991544,0.01221972236484289,0.03240184113383293,0.06158510223031044,0.16635866463184357,,,,,,
1763596105.478941,,,,,,,0.0033738017082214355,-0.03554952144622803,0.0011959001421928406,0.038163792341947556,-0.06727860122919083,-0.11536630988121033
1763596105.481531,-0.28326434924341737,-0.08727730143666267,-0.0017608721926808356,0.019014494493603706,0.09354293346405029,0.13838708400726318,,,,,,
1763596105.488971,,,,,,,0.0029259324073791504,-0.026309669017791748,-0.011464491486549377,0.0477631539106369,-0.05291590839624405,-0.11589547991752625
1763596105.491584,-0.34012671173736453,-0.15832359904050827,-0.001958440591394901,0.014653834514319897,0.09819573909044266,0.10568639636039734,,,,,,
1763596105.499002,,,,,,,0.002499520778656006,-0.018023937940597534,-0.019198432564735413,0.01218789629638195,-0.050361137837171555,-0.10081712156534195
1763596105.501637,-0.37527459748610853,-0.2017746182322502,0.012078560328483581,0.017134778201580048,0.08574977517127991,0.07648301869630814,,,,,,
1763596105.509033,,,,,,,-0.001774430274963379,-0.0278652161359787,-0.022455215454101562,0.016667334362864494,-0.01440526731312275,-0.06848102062940598
1763596105.51169,-0.29518560011833905,-0.13242869480550287,0.07507628377228975,0.023008914664387703,0.07205260545015335,0.05128498375415802,,,,,,
1763596105.519063,,,,,,,-0.005317330360412598,-0.04332238435745239,-0.023962505161762238,-0.001154311583377421,0.024618297815322876,-0.06038181483745575
1763596105.521743,-0.167231785704568,-0.06769640265405177,0.14438509005904196,0.025291748344898224,0.06766190379858017,0.03489656001329422,,,,,,
1763596105.529094,,,,,,,-0.004246413707733154,-0.035157546401023865,-0.021321654319763184,0.0053331488743424416,0.050241634249687195,-0.058196429163217545
1763596105.531796,-0.0656287295345217,-0.05459668258428573,0.18268062618374822,0.017822377383708954,0.060410115867853165,0.0356193445622921,,,,,,
1763596105.539124,,,,,,,0.0015165209770202637,-0.025129646062850952,-0.022550106048583984,0.028044678270816803,0.054515477269887924,-0.03404082730412483
1763596105.541849,0.022216215722262858,-0.06018646541535854,0.18987725968956945,0.014162059873342514,0.04890371486544609,0.053157854825258255,,,,,,
1763596105.549155,,,,,,,0.003127753734588623,-0.015735477209091187,-0.018456444144248962,0.06075894460082054,0.07225053012371063,-0.03425680845975876
1763596105.551902,-0.00012852175049483776,-0.01790390548110008,0.17800912724137305,0.011606491170823574,0.030535893514752388,0.07482214272022247,,,,,,
1763596105.559185,,,,,,,0.0023499131202697754,-0.01337037980556488,-0.013436689972877502,0.0939689576625824,0.06503362953662872,-0.013245665468275547
1763596105.561955,-0.052133288145437835,0.023218963024020194,0.1254375207439065,0.015663452446460724,0.017836183309555054,0.09322071820497513,,,,,,
1763596105.569216,,,,,,,0.005816996097564697,-0.014038518071174622,-0.014280803501605988,0.1151067316532135,0.056737352162599564,-0.0005027058068662882
1763596105.572008,-0.11745141736082731,0.046664136019349094,0.08276347727403044,0.01377820037305355,0.020432764664292336,0.0977901741862297,,,,,,
1763596105.579247,,,,,,,0.008648276329040527,-0.013074517250061035,-0.015937209129333496,0.11747154593467712,0.04330942779779434,0.011489841155707836
1763596105.582061,-0.20609825358502565,-0.002523380997776985,0.055063131052255625,0.010479329153895378,0.03273177519440651,0.08551082015037537,,,,,,
1763596105.589277,,,,,,,0.009302675724029541,-0.006507992744445801,-0.019925951957702637,0.11472050100564957,0.03512819856405258,0.0337434820830822
1763596105.592114,-0.2809452586460858,-0.08676818287074566,0.002152209597826004,0.010160015895962715,0.0493277944624424,0.06217753887176514,,,,,,
1763596105.599308,,,,,,,0.007342278957366943,-0.004069134593009949,-0.02241276204586029,0.1413636952638626,0.031603239476680756,0.03287389501929283
1763596105.602166,-0.30082777072377503,-0.14620821383297442,0.010084171640872955,0.011766154319047928,0.05928641930222511,0.04059922695159912,,,,,,
1763596105.609338,,,,,,,0.004113495349884033,-0.004338666796684265,-0.026526808738708496,0.14635391533374786,0.031827207654714584,0.025968048721551895
1763596105.61222,-0.279696281498298,-0.19620529366731643,0.05658098826929926,0.014466334134340286,0.05858414247632027,0.024435702711343765,,,,,,
1763596105.619369,,,,,,,0.0008096098899841309,0.009096160531044006,-0.028134703636169434,0.11926880478858948,0.04821363836526871,0.018492424860596657
1763596105.622273,-0.2785314755026251,-0.21666180624067782,0.0926093101143837,0.021036069840192795,0.042687736451625824,0.01399126835167408,,,,,,
1763596105.629399,,,,,,,-0.003959059715270996,0.005503937602043152,-0.02479030191898346,0.09063076972961426,0.06603631377220154,-0.003919941373169422
1763596105.632326,-0.25194091715365646,-0.1616647261619568,0.11846037520766257,0.020606236532330513,0.023564904928207397,0.010162174701690674,,,,,,
1763596105.63943,,,,,,,-0.004710078239440918,-0.015047803521156311,-0.017510652542114258,0.06570151448249817,0.05378150939941406,-0.0037170080468058586
1763596105.642379,-0.17454130500033496,-0.027009002956748008,0.10710764493569731,0.015606334432959557,0.02457967959344387,0.01348944753408432,,,,,,
1763596105.64946,,,,,,,0.0020465850830078125,-0.021174952387809753,-0.013476967811584473,0.05243363976478577,0.04515526443719864,0.007642172742635012
1763596105.652432,-0.10461443988047539,0.05087152458131313,0.06822992500886321,0.00765493419021368,0.0504554845392704,0.015485220588743687,,,,,,
1763596105.659491,,,,,,,0.005907952785491943,-0.007862463593482971,-0.012745268642902374,0.051271434873342514,0.039714425802230835,0.016610633581876755
1763596105.662485,-0.05258103191293776,0.03573299216032028,0.048152621011435984,-0.005517387762665749,0.08045438677072525,0.011577893048524857,,,,,,
1763596105.669522,,,,,,,0.011928319931030273,0.008159413933753967,-0.017438769340515137,0.07497144490480423,0.026790903881192207,0.02422194927930832
1763596105.672538,-0.03227722568325698,0.027014848175644875,0.050045302890241145,-0.01673009619116783,0.0947347953915596,0.005096824374049902,,,,,,
1763596105.679552,,,,,,,0.01675015687942505,0.013563528656959534,-0.022130116820335388,0.09352196007966995,0.008985809050500393,0.026681644842028618
1763596105.682591,-0.039314796169847246,0.018191490250825882,0.04061491898298263,-0.018088236451148987,0.08846379071474075,0.004315197467803955,,,,,,
1763596105.689583,,,,,,,0.01417320966720581,0.007963940501213074,-0.01973116397857666,0.10520551353693008,0.000409364904044196,0.0323009118437767
1763596105.692644,-0.052112976009771224,0.022236381727457045,0.013330898477137088,-0.0040557729080319405,0.0802852213382721,0.00846866238862276,,,,,,
1763596105.699613,,,,,,,0.005104660987854004,-0.0013185739517211914,-0.01487886905670166,0.08523499965667725,0.018213661387562752,0.03113498166203499
1763596105.702697,-0.03734283850975335,0.016039865174889565,0.033927988564968106,0.009638678282499313,0.054984450340270996,0.014638716354966164,,,,,,
1763596105.709644,,,,,,,-0.0010202527046203613,-0.002846449613571167,-0.013903021812438965,0.0731988400220871,0.030142493546009064,0.01615975983440876
1763596105.71275,-0.03879026083908975,-0.024523031359910963,0.056671004640311,0.022224776446819305,0.028618624433875084,0.014464545994997025,,,,,,
1763596105.719674,,,,,,,-0.00034373998641967773,-0.010127931833267212,-0.017312034964561462,0.04233577847480774,0.04040231928229332,-0.0018689078278839588
1763596105.722803,-0.05033266846425831,-0.048337622189521784,0.06627879094108939,0.028574373573064804,0.009027829393744469,0.010424323379993439,,,,,,
1763596105.729705,,,,,,,-0.0010669231414794922,-0.008489355444908142,-0.016125425696372986,0.0166487917304039,0.042534712702035904,-0.003968277480453253
1763596105.732856,-0.05521452222168445,-0.0615343728929758,0.10865312081202864,0.02758820354938507,-0.007954882457852364,0.00738938432186842,,,,,,
1763596105.739736,,,,,,,0.001931607723236084,-0.0036240965127944946,-0.010052457451820374,-0.0007582996040582657,0.03777245059609413,-0.012122410349547863
1763596105.742909,-0.06762604083158076,-0.017627426627278328,0.10946794432625175,0.02236587181687355,-0.01805875450372696,0.0021727452985942364,,,,,,
1763596105.749766,,,,,,,0.00791078805923462,0.0045989155769348145,-0.007175564765930176,-0.007307012565433979,0.02282652258872986,-0.016634870320558548
1763596105.752962,-0.11015103121958672,0.022996260184049606,0.09915580914840101,0.016807056963443756,-0.017017457634210587,-0.0007410191465169191,,,,,,
1763596105.759797,,,,,,,0.011078357696533203,0.009026557207107544,-0.010388851165771484,0.013617923483252525,0.005006513558328152,-0.01847771182656288
1763596105.763015,-0.1277849606528878,0.02394844634234905,0.0503062919139862,0.01420663483440876,-0.0034170332364737988,-0.0021514836698770523,,,,,,
1763596105.769827,,,,,,,0.0070250630378723145,0.013961538672447205,-0.013409718871116638,0.017768992111086845,-0.006759332027286291,-0.021076424047350883
1763596105.773068,-0.10021854300908743,-0.025217443364858625,0.012874679142236709,0.011427892372012138,0.00684812106192112,0.0017063715495169163,,,,,,
1763596105.779858,,,,,,,0.001337587833404541,0.02199302613735199,-0.011029958724975586,0.029002469033002853,-0.011832919903099537,-0.017902934923768044
1763596105.783121,-0.10461473214142024,-0.010132102435827255,0.035217736114561554,0.0033370896708220243,0.0162636861205101,0.005357547663152218,,,,,,
1763596105.789888,,,,,,,-0.002615809440612793,0.006017506122589111,-0.00798700749874115,0.015884537249803543,-0.0008457829244434834,-0.014154003001749516
1763596105.793174,-0.04811382337100804,0.028413024535775183,0.03768149587959051,0.000900031067430973,0.039084311574697495,0.004172441083937883,,,,,,
1763596105.799919,,,,,,,-0.00414663553237915,-0.009137779474258423,-0.004197463393211365,0.01132140215486288,0.019395573064684868,-0.00817900151014328
1763596105.803227,0.012071692196279763,0.03833528361320496,0.03073752196058631,-0.005248311907052994,0.056224845349788666,0.0004401479382067919,,,,,,
1763596105.809949,,,,,,,0.0011110901832580566,-0.005014181137084961,-0.010754227638244629,0.01170489750802517,0.014095082879066467,-0.002668921370059252
1763596105.81328,-0.0055716626524925225,-0.007644961795210838,0.025707272708415982,-0.016402695327997208,0.05165192857384682,-9.514740668237209e-05,,,,,,
1763596105.81998,,,,,,,0.0061980485916137695,0.003438323736190796,-0.016481876373291016,0.037398241460323334,0.01875055581331253,-0.0006788074970245361
1763596105.823333,-0.04605097255706787,-0.01843815848827362,0.026207915706932542,-0.01875852234661579,0.03943819925189018,-0.006302991881966591,,,,,,
1763596105.830011,,,,,,,0.007451653480529785,0.0035469383001327515,-0.016535162925720215,0.03490366041660309,0.007826535031199455,0.008111221715807915
1763596105.833386,-0.05090820332989096,0.01674070692062378,-0.014843641127645968,-0.00956928450614214,0.02498575672507286,-0.016015538945794106,,,,,,
1763596105.840041,,,,,,,0.005030810832977295,0.006016269326210022,-0.008793339133262634,0.03920798748731613,0.0025814389809966087,0.005365769378840923
1763596105.843439,-0.046512525654211635,0.0322159239500761,-0.010120411998033523,-0.0003916267305612564,0.01580008491873741,-0.022473935037851334,,,,,,
1763596105.850072,,,,,,,-0.0017254948616027832,-0.0015433579683303833,-0.0037692785263061523,0.025987256318330765,0.007419071160256863,0.015611216425895691
1763596105.853492,-0.01155833584666252,0.021877485287189483,0.018481120847165584,0.0033772788010537624,0.008002882823348045,-0.03076515533030033,,,,,,
1763596105.860102,,,,,,,-0.00781339406967163,-0.0009419918060302734,-0.0003587007522583008,0.004834328778088093,0.012563499622046947,0.010658202692866325
1763596105.863545,0.02743986865468323,-0.017330489507317543,0.01132131222039461,-0.006624520290642977,0.005836397409439087,-0.03689425811171532,,,,,,
1763596105.870133,,,,,,,-0.010638535022735596,-0.004203677177429199,0.0003312826156616211,-0.0011460654204711318,0.021122632548213005,0.009979362599551678
1763596105.873598,0.066038479379192,0.0012877017229795456,-0.025983167040348053,-0.002017784398049116,0.017385993152856827,-0.03764686733484268,,,,,,
1763596105.880163,,,,,,,-0.007607102394104004,-0.013397037982940674,-0.003118738532066345,-0.022183652967214584,0.03155317157506943,0.020224742591381073
1763596105.883651,0.0735381874848157,-0.05040566063523292,-0.0532975826844573,0.006658446975052357,0.015545327216386795,-0.03149024769663811,,,,,,
1763596105.890194,,,,,,,-0.0026154518127441406,-0.0013693422079086304,-0.009426340460777283,-0.00891312025487423,0.022880585864186287,0.015733322128653526
1763596105.893704,0.0194965815000236,-0.06666647508442401,0.005769084920734167,0.020596632733941078,-0.014652788639068604,-0.02049272321164608,,,,,,
1763596105.900225,,,,,,,0.0020076632499694824,0.013266101479530334,-0.010779604315757751,0.003940528258681297,0.012558971531689167,0.009626626968383789
1763596105.903757,-0.06697239922843873,-0.06771510735452174,0.08567249658852816,0.031518302857875824,-0.06014741584658623,-0.00873543694615364,,,,,,
1763596105.910254,,,,,,,0.00042361021041870117,0.02124054729938507,-0.0013076066970825195,0.005060920491814613,0.00023945525754243135,0.0014496574876829982
1763596105.91381,-0.14708675023317336,-0.03863923499584198,0.1427975286066532,0.03446216136217117,-0.08362158387899399,-0.0051060812547802925,,,,,,
1763596105.920286,,,,,,,-0.0029732584953308105,0.016666680574417114,0.0025557279586791992,0.0097315963357687,-2.6260968297719955e-06,-0.006565658375620842
1763596105.923863,-0.18663338239751756,-0.01912438718676567,0.11890315053910017,0.030596600845456123,-0.06694220006465912,-0.008784648962318897,,,,,,
1763596105.930316,,,,,,,-0.007528066635131836,0.020138323307037354,0.0033647865056991577,0.0038047318812459707,0.009947742335498333,-0.012638997286558151
1763596105.933916,-0.1735721677072346,-0.010189970102906227,0.06654401774853468,0.01668717712163925,-0.021061532199382782,-0.009329532273113728,,,,,,
1763596105.940347,,,,,,,-0.007957816123962402,0.029772013425827026,-0.0013497024774551392,0.005168134346604347,0.011590646579861641,-0.02766967937350273
1763596105.943969,-0.13399864753596483,-0.03628419630229473,-0.0028280630327761173,0.0012419563718140125,0.02500716596841812,-0.005525578279048204,,,,,,
1763596105.950377,,,,,,,-0.004843413829803467,0.020743921399116516,-0.0062444210052490234,0.012206336483359337,0.016781147569417953,-0.04529980570077896
1763596105.954022,-0.07200754385143518,-0.014977204379439352,-0.05585252786427736,-0.007421040441840887,0.056737665086984634,0.006231212988495827,,,,,,
1763596105.960408,,,,,,,-0.0019089579582214355,0.0037174373865127563,-0.00688624382019043,0.0031876142602413893,0.023221736773848534,-0.04676927253603935
1763596105.964075,-0.018071078741550443,-0.02428863808214664,-0.028548925875127314,-0.0021717497147619724,0.06102721020579338,0.014018344692885876,,,,,,
1763596105.970438,,,,,,,9.763240814208984e-05,0.0013874918222427368,-0.00621245801448822,-0.013666999526321888,0.020940473303198814,-0.043644051998853683
1763596105.974128,-0.008030965438112617,-0.0645931759417057,0.04406958948150277,0.0008517368696630001,0.029771553352475166,0.020254667848348618,,,,,,
1763596105.980469,,,,,,,-0.0007382035255432129,0.0076795220375061035,-0.007256746292114258,-0.0029255514964461327,0.027376268059015274,-0.052895206958055496
1763596105.984181,-0.025255437287688254,-0.024030279406905174,0.058145899498462675,0.007694021333009005,0.0027081959415227175,0.02031945437192917,,,,,,
1763596105.9905,,,,,,,-0.004820406436920166,-0.000956118106842041,-0.004986390471458435,-0.007869710214436054,0.02837442047894001,-0.0399240143597126
1763596105.994234,0.015755129949375987,0.023670798444747922,0.02518953244462609,0.010500727221369743,-0.007061343640089035,0.013882859610021114,,,,,,
1763596106.00053,,,,,,,-0.004117846488952637,0.0020644962787628174,-0.002213120460510254,0.0007433840073645115,0.018702352419495583,-0.0304117351770401
1763596106.004287,0.03732888304963708,0.007222352468967437,-0.002419774492830038,0.007300104945898056,-0.012730153277516365,0.013538933359086514,,,,,,
1763596106.010561,,,,,,,-0.00019037723541259766,0.012959644198417664,-0.005251765251159668,0.005975429899990559,-0.009943674318492413,-0.028742199763655663
1763596106.014339,0.005478869802504778,-0.018282675665616987,-0.01618789534345269,0.003835332579910755,-0.018749162554740906,0.011258202604949474,,,,,,
1763596106.020591,,,,,,,0.0001221299171447754,0.01047109067440033,-0.004986166954040527,0.02614457719027996,-0.021041331812739372,-0.015645306557416916
1763596106.024392,0.02291238129287958,0.014112696504592894,-0.0444984824180603,0.010459374636411667,-0.007801918778568506,0.00750670675188303,,,,,,
1763596106.030622,,,,,,,-0.0022346973419189453,-0.007714778184890747,-0.0029953569173812866,0.003644860116764903,-0.01754140667617321,-0.004256298765540123
1763596106.034445,0.06888561243861913,0.004258826488256455,-0.043689357992261646,0.018992673605680466,-0.0066298614256083965,0.018215276300907135,,,,,,
1763596106.040652,,,,,,,-0.004777073860168457,0.0008689612150192261,-0.004789724946022034,-0.0069071706384420395,-0.015655089169740677,-0.006589426659047604
1763596106.044498,0.0017700784124433993,-0.0875157863676548,0.00996741339340806,0.02082253247499466,-0.03476802259683609,0.027778422459959984,,,,,,
1763596106.050683,,,,,,,-0.003891468048095703,0.011335775256156921,-0.01110733300447464,0.005465875379741192,-0.008399040438234806,-0.02141178399324417
1763596106.054551,-0.1061272555962205,-0.11792436863481998,-0.0056081952705979345,0.031632836908102036,-0.05191771313548088,0.025448689237236977,,,,,,
1763596106.060714,,,,,,,-0.0026113390922546387,0.0001573711633682251,-0.011875972151756287,0.0017611142247915268,0.0013563849497586489,-0.04200281202793121
1763596106.064604,-0.1332827543515712,-0.06702595604658126,0.0036577918551862236,0.036925867199897766,-0.04777463525533676,0.020321037620306015,,,,,,
1763596106.070744,,,,,,,-0.001804053783416748,-0.0024735480546951294,-0.006049394607543945,-0.009434549137949944,-0.0018258261261507869,-0.041035816073417664
1763596106.074657,-0.14382248774021864,-0.047772974044084544,0.13141338028311728,0.02851773612201214,-0.04769234359264374,0.01451907493174076,,,,,,
1763596106.080775,,,,,,,-0.0012569427490234375,0.006300970911979675,0.00021993368864059448,-0.006403696723282337,-0.001264431863091886,-0.05278508737683296
1763596106.08471,-0.18515403055995702,-0.07403788063526154,0.18903189490661024,0.01216822862625122,-0.04425675421953201,0.01588941179215908,,,,,,
1763596106.090805,,,,,,,-0.007951796054840088,0.012497827410697937,0.004355669021606445,-0.004780500195920467,0.000863167573697865,-0.05739608407020569
1763596106.094763,-0.18104564539305865,-0.06185059923529625,0.09607435587644576,-0.004061607643961906,-0.017572682350873947,0.01636798121035099,,,,,,
1763596106.100836,,,,,,,-0.010585248470306396,0.009753406047821045,0.005477786064147949,0.009561420418322086,0.006002535577863455,-0.053632769733667374
1763596106.104816,-0.11741393489465117,-0.00206219322681427,-0.028412440013885498,-0.012442076578736305,0.025705751031637192,0.022617818787693977,,,,,,
1763596106.110866,,,,,,,-0.006856441497802734,0.0022921711206436157,0.001426100730895996,0.014983616769313812,-0.002825843170285225,-0.04199289157986641
1763596106.114869,-0.05282207412719726,0.006837737065553665,-0.08669497150406241,-0.016405127942562103,0.05994867905974388,0.03550725057721138,,,,,,
1763596106.120897,,,,,,,0.0005330443382263184,0.006653338670730591,-0.0052836984395980835,0.028273435309529305,-0.019307615235447884,-0.04033367335796356
1763596106.124922,-0.001183437630906701,-0.010942834296822548,-0.05357727640867233,-0.019169680774211884,0.06914165616035461,0.044437069445848465,,,,,,
1763596106.130927,,,,,,,0.003849208354949951,0.004215627908706665,-0.006948947906494141,0.023863239213824272,-0.020385129377245903,-0.0419483482837677
1763596106.134975,0.014908230796456336,-0.059900049689412115,-0.015926029536873103,-0.016999736428260803,0.05320289731025696,0.04428260773420334,,,,,,
1763596106.140958,,,,,,,-0.0011067986488342285,-0.0019819140434265137,-0.009305596351623535,0.009291991591453552,-0.014703009277582169,-0.03352363780140877
1763596106.145028,-0.04178272065334022,-0.11831833638846874,-0.01559738210439682,-0.007436705287545919,0.0222536101937294,0.034288112074136734,,,,,,
1763596106.150989,,,,,,,-0.006163597106933594,-0.005794554948806763,-0.010519608855247498,0.00586556876078248,-0.003120388835668564,-0.032846931368112564
1763596106.155081,-0.06758899675682187,-0.11239537608027457,0.03384162545576692,0.0012806195300072432,-0.006760197691619396,0.022006943821907043,,,,,,
1763596106.161019,,,,,,,-0.006820738315582275,-0.007506087422370911,-0.007487282156944275,0.006927627604454756,0.005138606298714876,-0.03555409982800484
1763596106.165134,-0.06606003362387418,-0.037494741135835646,0.09690788409113883,0.00606887973845005,-0.02312196046113968,0.01400049589574337,,,,,,
1763596106.17105,,,,,,,-0.004015147686004639,0.00299893319606781,0.00010991096496582031,0.008681852370500565,-0.003051412757486105,-0.025211181491613388
1763596106.175187,-0.05677307677529752,0.018560323563218115,0.08886486288905143,0.001983058173209429,-0.026354238390922546,0.012182621285319328,,,,,,
1763596106.18108,,,,,,,-0.0023220181465148926,0.009797945618629456,0.00549006462097168,0.030972052365541458,0.005905862897634506,-0.028751054778695107
1763596106.18524,-0.0482972171138972,0.06650923869609833,0.0546167024590075,-0.00841536745429039,-0.012921947985887527,0.016278382390737534,,,,,,
1763596106.191111,,,,,,,-0.003789365291595459,0.004677876830101013,0.007842421531677246,0.03627840057015419,-0.00044870562851428986,-0.026677517220377922
1763596106.195293,-0.041313934097811575,0.0841126999258995,-0.030764556097984314,-0.011596779339015484,0.019756903871893883,0.02462925761938095,,,,,,
1763596106.201141,,,,,,,0.00045818090438842773,0.0009360611438751221,0.0049294233322143555,0.02828945592045784,-0.01632807031273842,-0.02350103296339512
1763596106.205346,-0.033054639796540136,0.04542962578833103,-0.11151640128865838,-0.012423798441886902,0.038298409432172775,0.029749594628810883,,,,,,
1763596106.211172,,,,,,,0.0031874775886535645,-0.007766544818878174,0.0022214800119400024,0.004957237280905247,-0.020093247294425964,-0.02766728214919567
1763596106.215399,-0.03379778631404042,0.02608253576159477,-0.08252411556020378,-0.0032087285071611404,0.03807070851325989,0.030492883175611496,,,,,,
1763596106.221202,,,,,,,-9.763240814208984e-05,-0.017124071717262268,0.0023037195205688477,-0.026489926502108574,-0.007710613310337067,-0.01336903590708971
1763596106.225452,-0.0206273390956223,0.008071078252792357,-0.00025952771902084347,0.006508613936603069,0.011021515354514122,0.029506713151931763,,,,,,
1763596106.231233,,,,,,,-0.00350344181060791,-0.008504316210746765,0.00019823014736175537,-0.02357909269630909,-0.0008202166063711047,-0.012655309401452541
1763596106.235505,-0.04978986682444811,-0.0557090277403593,0.03053542351722717,0.016009973362088203,-0.021889029070734978,0.019648756831884384,,,,,,
1763596106.241264,,,,,,,-0.0024675726890563965,0.007281944155693054,-0.008085250854492188,0.003531089285388589,0.003385713789612055,-0.019825071096420288
1763596106.245558,-0.09078582101427018,-0.049613633474707604,0.07113295297399162,0.021507270634174347,-0.039025940001010895,0.009314893744885921,,,,,,
1763596106.251294,,,,,,,0.002384364604949951,0.015627041459083557,-0.010190844535827637,0.031107589602470398,-0.016258828341960907,-0.021992351859807968
1763596106.255611,-0.10173157792054116,-0.028190321695804595,0.11682824396118521,0.01857246831059456,-0.03387192264199257,0.006921244785189629,,,,,,
1763596106.261325,,,,,,,0.0012292265892028809,0.011935397982597351,-0.005698561668395996,0.0299463402479887,-0.016412226483225822,-0.01933218725025654
1763596106.265664,-0.07951850400343537,-0.04160743715167045,0.10579378585815429,0.013189991936087608,-0.00862926710397005,0.015921607613563538,,,,,,
1763596106.271355,,,,,,,-0.007650017738342285,0.008530154824256897,0.00018633902072906494,0.030329832807183266,0.005939685273915529,-0.017931630834937096
1763596106.275717,-0.0831047649923712,-0.07415478501319885,0.07658771124854684,0.00039323698729276657,0.016052644699811935,0.029826505109667778,,,,,,
1763596106.281386,,,,,,,-0.012811541557312012,0.009488224983215332,-0.00038658082485198975,0.03314971923828125,-0.00998495239764452,-0.020454242825508118
1763596106.28577,-0.10234897916652262,-0.0792722741574049,0.04528860988244414,-0.006703423801809549,0.04200856760144234,0.04247378930449486,,,,,,
1763596106.291416,,,,,,,-0.008543848991394043,0.007114961743354797,-0.0037856101989746094,0.03958870843052864,-0.008631533943116665,-0.030075177550315857
1763596106.295823,-0.0814596281338483,-0.11903320665955543,0.021039134766906498,-0.004535610321909189,0.06098918244242668,0.046791836619377136,,,,,,
1763596106.301447,,,,,,,-0.012560606002807617,0.00545811653137207,-0.005513779819011688,0.02809101715683937,-0.002823712769895792,-0.027544576674699783
1763596106.305876,-0.07192658756971358,-0.15883739378154277,0.039348552308976645,-0.004738256335258484,0.05335836857557297,0.04972754791378975,,,,,,
1763596106.311477,,,,,,,-0.01275646686553955,0.01080775260925293,-0.006525993347167969,0.03522562235593796,-0.010941027663648129,-0.02753179334104061
1763596106.315929,-0.089561320720613,-0.16896832717359064,0.04331555624380708,-0.004725206643342972,0.026985352858901024,0.0423111766576767,,,,,,
1763596106.321508,,,,,,,-0.01175624132156372,0.0046662837266922,-0.008030883967876434,0.0344366692006588,0.0007454558508470654,-0.03174005448818207
1763596106.325982,-0.12436309644542634,-0.13814824149608612,-0.00879471635222435,-0.0007859934121370316,0.02007834054529667,0.025999024510383606,,,,,,
1763596106.331539,,,,,,,-0.008563995361328125,-0.0007112324237823486,-0.011848442256450653,0.042176079005002975,0.008177539333701134,-0.03223540261387825
1763596106.336035,-0.06283427651040256,-0.07469663680493831,-0.03811681855693459,-0.0017165020108222961,0.03313981369137764,0.00824026670306921,,,,,,
1763596106.341569,,,,,,,-0.005506277084350586,-0.006410494446754456,-0.010210156440734863,0.0449732281267643,0.0014421388041228056,-0.025157852098345757
1763596106.346088,-0.008929302517324685,-0.06408171928822994,0.010577654246240853,-0.016476938501000404,0.04747864231467247,0.003914519213140011,,,,,,
1763596106.3516,,,,,,,-0.005537867546081543,-0.006671398878097534,-0.0017571374773979187,0.05153339356184006,-0.004408027045428753,-0.01608818955719471
1763596106.356141,0.05696100056283176,-0.04239478813707828,0.030745997527986763,-0.03330731764435768,0.06803984194993973,0.005535585805773735,,,,,,
1763596106.36163,,,,,,,-0.007924139499664307,-0.0053395479917526245,0.0010067224502563477,0.04287350922822952,-0.014873184263706207,-0.0015583829954266548
1763596106.366194,0.08569880007356405,-0.04627484444081783,-0.03014832389578223,-0.04122481495141983,0.08372548222541809,0.012400745414197445,,,,,,
1763596106.371661,,,,,,,-0.008957326412200928,-0.006611734628677368,0.00216878205537796,0.05505746975541115,-0.005713508930057287,0.006472112610936165
1763596106.376247,0.08084208075739442,-0.02869242599904537,-0.07354337511658668,-0.0330936536192894,0.08991999924182892,0.02064589038491249,,,,,,
1763596106.381691,,,,,,,-0.010401904582977295,-0.011463701725006104,-0.0027129724621772766,0.050699152052402496,-0.0006535026477649808,0.003124319715425372
1763596106.3863,0.0740862498216331,-0.05782324341535568,-0.05760930840373039,-0.0171964131295681,0.06682326644659042,0.02958565577864647,,,,,,
1763596106.391722,,,,,,,-0.005055665969848633,0.0025773942470550537,-0.0022754594683647156,0.05620843172073364,-0.006805937271565199,0.00040896073915064335
1763596106.396352,-0.0157741269107908,-0.07967150260806083,0.010444090994447468,-0.0034190835431218147,0.015912413597106934,0.03061523288488388,,,,,,
1763596106.401753,,,,,,,-0.004271030426025391,0.010338053107261658,-0.002311110496520996,0.04108589142560959,-0.003354746848344803,-0.007252220995724201
1763596106.406405,-0.14366342472098767,-0.051374213406443596,0.05258227402195334,0.0036045678425580263,-0.024601297453045845,0.02123570814728737,,,,,,
1763596106.411783,,,,,,,-0.00560992956161499,0.010800972580909729,0.002722501754760742,0.043279003351926804,0.0012810175539925694,-0.011663747020065784
1763596106.416458,-0.17720124492458997,-0.015369418567419052,0.016549129871279,0.0035110909957438707,-0.017691193148493767,0.00646768044680357,,,,,,
1763596106.421814,,,,,,,-0.0048941969871521,0.001677006483078003,0.004552610218524933,0.03126247599720955,0.007534918375313282,-0.005264304578304291
1763596106.426511,-0.13050868652835487,0.02997077537178993,-0.057969520018249746,-0.006092430092394352,0.024502819404006004,-0.002987492363899946,,,,,,
1763596106.431844,,,,,,,0.0007283687591552734,0.012441754341125488,0.0070012882351875305,0.04367467015981674,0.0028935614973306656,-0.00396335031837225
1763596106.436564,-0.09417604797445236,0.04384966312050819,-0.039741789410263295,-0.020157381892204285,0.05707034841179848,7.727346383035183e-05,,,,,,
1763596106.441875,,,,,,,0.003239870071411133,0.018249303102493286,0.005272991955280304,0.06766362488269806,-0.004473540931940079,-0.008667824789881706
1763596106.446617,-0.07511113588996231,0.07525368616580963,-0.02609656428694725,-0.02984613925218582,0.07790569216012955,0.010072254575788975,,,,,,
1763596106.451905,,,,,,,0.008086025714874268,0.017055705189704895,0.0070612505078315735,0.07790640741586685,-0.012256895191967487,-0.00868939608335495
1763596106.45667,-0.03174626061171293,0.13817220689356327,-0.045420565699040884,-0.029217898845672607,0.08627041429281235,0.029639296233654022,,,,,,
1763596106.461936,,,,,,,0.007975876331329346,0.0158834308385849,0.010664932429790497,0.07385730743408203,-0.010759932920336723,-0.009235810488462448
1763596106.466723,0.006822977887839078,0.16726386134326457,-0.04330225837081671,-0.020048025995492935,0.08717864751815796,0.04448093846440315,,,,,,
1763596106.471967,,,,,,,0.0029293298721313477,0.011277958750724792,0.012560494244098663,0.054986417293548584,0.00669841980561614,-0.01887671835720539
1763596106.476776,-0.007126344748586416,0.1070481698334217,-0.02809299880117178,-0.012977867387235165,0.07942618429660797,0.04929300397634506,,,,,,
1763596106.481997,,,,,,,-0.0014029145240783691,0.009413912892341614,0.01356053352355957,0.04805491864681244,0.013200793415307999,-0.025411052629351616
1763596106.486829,-0.021970862659066913,0.05678396349549293,-0.0360436655446887,-0.005586420651525259,0.06438066810369492,0.038703564554452896,,,,,,
1763596106.492028,,,,,,,5.066394805908203e-05,0.01068238914012909,0.007431745529174805,0.03586509823799133,0.01699393428862095,-0.034368593245744705
1763596106.496882,-0.0005404635522514581,0.028305472508072853,-0.038056174410879606,0.0034542125649750233,0.044095367193222046,0.030135905370116234,,,,,,
1763596106.502058,,,,,,,0.0006940364837646484,0.02021406590938568,0.006581306457519531,0.02072860673069954,0.00860737357288599,-0.03968752548098564
1763596106.506935,0.0076774758253246546,0.043104982233047484,-0.02413841595649719,0.014899836853146553,0.017602495849132538,0.02743244543671608,,,,,,
1763596106.512089,,,,,,,-0.0005003809928894043,0.01892632246017456,0.009642243385314941,0.030700812116265297,0.009798339568078518,-0.04069073870778084
1763596106.516988,0.031915625829249616,0.08343114740252494,-0.03315510449633002,0.025917600840330124,0.008428971283137798,0.03049295023083687,,,,,,
1763596106.522119,,,,,,,-0.006313443183898926,0.00683063268661499,0.009294398128986359,0.019672885537147522,0.021649139001965523,-0.05594678968191147
1763596106.527041,0.06323109380826354,0.04411269797086716,-0.03753580379858613,0.027133256196975708,0.0074943723157048225,0.035609304904937744,,,,,,
1763596106.53215,,,,,,,-0.00973498821258545,0.008662104606628418,0.006813518702983856,0.01322697103023529,0.02079586312174797,-0.045515451580286026
1763596106.537094,0.09706716630607842,-0.0008364508241415023,-0.07619841967001557,0.0181213840842247,0.01876726560294628,0.035794395953416824,,,,,,
1763596106.54218,,,,,,,-0.00740969181060791,-0.002248510718345642,0.0028388425707817078,0.01612776704132557,0.02621326595544815,-0.029838887974619865
1763596106.547147,0.09790792797915637,-0.007581833431124687,-0.10299041887521743,0.012263569980859756,0.039424557238817215,0.028191618621349335,,,,,,
1763596106.552211,,,,,,,-0.003940761089324951,-0.00958716869354248,-0.003010869026184082,0.00921287015080452,0.02302146703004837,-0.01898198015987873
1763596106.5572,0.1092847697790712,-0.013835048606991767,-0.051911389023065566,0.0060645295307040215,0.0452725924551487,0.023316701874136925,,,,,,
1763596106.562242,,,,,,,0.00038164854049682617,-0.00178547203540802,-0.0055500417947769165,0.02635180950164795,0.008592193946242332,-0.013464444316923618
1763596106.567253,0.07709434559643268,-0.07623042224347591,-0.04732040797099471,0.013333059847354889,0.04045839235186577,0.02951083332300186,,,,,,
1763596106.572272,,,,,,,-0.004992067813873291,0.0015535950660705566,-0.007027857005596161,0.03437191620469093,0.009308584034442902,-0.005454454571008682
1763596106.577306,-0.0011791267819702624,-0.12430442506074904,-0.050274873862415546,0.021692190319299698,0.025689566507935524,0.03336602449417114,,,,,,
1763596106.582303,,,,,,,-0.009988784790039062,0.005949005484580994,-0.004433520138263702,0.029695378616452217,0.016004836186766624,-0.015725933015346527
1763596106.587359,-0.11112345644831657,-0.14041384834051132,0.013692863657325506,0.03147084265947342,0.003268360160291195,0.03468930721282959,,,,,,
1763596106.592333,,,,,,,-0.014096379280090332,0.010467365384101868,-0.0019452646374702454,0.022025208920240402,0.022220920771360397,-0.033060185611248016
1763596106.597412,-0.18673136287927627,-0.127765963691473,0.09517755316719412,0.03892476111650467,-0.004509934224188328,0.026241762563586235,,,,,,
1763596106.602364,,,,,,,-0.013391196727752686,0.00532868504524231,0.0018335580825805664,0.01630500517785549,0.02729291096329689,-0.042549293488264084
1763596106.607465,-0.21735979844219983,-0.11701602161824702,0.12880042130574584,0.037198252975940704,0.008802144788205624,0.01690930500626564,,,,,,
1763596106.612394,,,,,,,-0.011256396770477295,0.007612854242324829,0.006469368934631348,0.023562118411064148,0.033695150166749954,-0.04921358823776245
1763596106.617518,-0.2111035875916481,-0.09907646030187606,0.10424699480757117,0.027467330917716026,0.028281837701797485,0.014926848001778126,,,,,,
1763596106.622425,,,,,,,-0.010116219520568848,0.02452869713306427,0.004802584648132324,0.02333654835820198,0.030627187341451645,-0.05888432264328003
1763596106.627571,-0.2200033717535436,-0.06290858385562896,0.08005714092478156,0.008796041831374168,0.05256890505552292,0.01654128171503544,,,,,,
1763596106.632455,,,,,,,-0.004983842372894287,0.024908587336540222,0.0030213594436645508,0.03390397131443024,0.02109893038868904,-0.06008647382259369
1763596106.637624,-0.16226137688085435,0.02077916865646839,-0.002402384966611862,-0.0007940013892948627,0.09789697080850601,0.01853732205927372,,,,,,
1763596106.642486,,,,,,,-0.003747105598449707,-0.0012502074241638184,0.0018932893872261047,0.02699490264058113,0.034836579114198685,-0.04735756292939186
1763596106.647677,-0.03384644776135683,0.07103811429738997,-0.03366378467082977,-0.005488640163093805,0.13585713505744934,0.028459934517741203,,,,,,
1763596106.652517,,,,,,,-0.003968954086303711,-0.0023338347673416138,1.2755393981933594e-05,0.04160900041460991,0.039659034460783005,-0.03308834508061409
1763596106.65773,0.02328698675893247,-0.0038461540341377257,-0.006778115832805633,-0.008081493899226189,0.14662295579910278,0.04342689737677574,,,,,,
1763596106.662547,,,,,,,0.000723719596862793,0.01101316511631012,-0.005558624863624573,0.06538955122232437,0.02716188319027424,-0.028947528451681137
1763596106.667783,-0.0006450929705053567,-0.05823591586947441,-0.020232494559139013,-0.006660887505859137,0.129245787858963,0.05592513084411621,,,,,,
1763596106.672578,,,,,,,0.004025876522064209,0.016274675726890564,-0.009230732917785645,0.10676814615726471,0.020322885364294052,-0.022539963945746422
1763596106.677836,-0.04208601444885134,-0.01979132666289806,-0.03255217016711831,0.00870741531252861,0.11257333308458328,0.0606253407895565,,,,,,
1763596106.682608,,,,,,,0.004481971263885498,0.01319742202758789,-0.007383354008197784,0.11726000905036926,0.01327296532690525,-0.03705918416380882
1763596106.687889,-0.08991393355056643,0.0006628478229045867,-0.03128638801500201,0.02469419687986374,0.10739716142416,0.06336980313062668,,,,,,
1763596106.692639,,,,,,,-0.0020372867584228516,0.016952261328697205,-0.003260485827922821,0.14325113594532013,0.035261355340480804,-0.056159909814596176
1763596106.697942,-0.1470222336295992,-0.06425532228946686,0.02672799405828118,0.0331135131418705,0.10860677063465118,0.06149759888648987,,,,,,
1763596106.702669,,,,,,,-0.009630382061004639,0.015277862548828125,-0.0012248679995536804,0.13518249988555908,0.048263970762491226,-0.06641547381877899
1763596106.707995,-0.21795023861601948,-0.1178799449712038,0.0805083918236196,0.0333525724709034,0.12181130051612854,0.06688537448644638,,,,,,
1763596106.7127,,,,,,,-0.006464838981628418,0.02993379533290863,0.0029566437005996704,0.12687210738658905,0.045012518763542175,-0.09060683101415634
1763596106.718048,-0.27136910959258675,-0.10332534991800785,0.12985036875009537,0.025696519762277603,0.1414872705936432,0.08337646722793579,,,,,,
1763596106.72273,,,,,,,-0.003958940505981445,0.03757506608963013,0.002982035279273987,0.10864491015672684,0.05171489715576172,-0.12353136390447617
1763596106.728101,-0.29524156808927654,-0.05610299549400806,0.14315510987266897,0.01078728772699833,0.1692878007888794,0.1042836457490921,,,,,,
1763596106.732761,,,,,,,-0.001124560832977295,0.044737040996551514,0.003907695412635803,0.09017482399940491,0.04185507446527481,-0.16136476397514343
1763596106.738154,-0.2729011414654553,-0.00279635272026062,0.053031479094177485,0.005447383038699627,0.213120236992836,0.13094562292099,,,,,,
1763596106.742792,,,,,,,0.0011684298515319824,0.048600196838378906,0.00680030882358551,0.0827537551522255,0.043573614209890366,-0.19195090234279633
1763596106.748207,-0.23953517069742084,0.01328501350879669,-0.0350641529880464,0.011525018140673637,0.2559467852115631,0.1566937118768692,,,,,,
1763596106.752822,,,,,,,0.0008080005645751953,0.05629822611808777,0.006365656852722168,0.06594255566596985,0.048263438045978546,-0.23937514424324036
1763596106.758259,-0.196883046798408,0.011322773525118826,-0.02243395012617111,0.020062580704689026,0.27564379572868347,0.1883259415626526,,,,,,
1763596106.762853,,,,,,,0.0018465518951416016,0.06693452596664429,0.009199634194374084,0.0377732589840889,0.04884720593690872,-0.2888646721839905
1763596106.768312,-0.17782229943238198,0.024254735812544823,-0.0001835398733615875,0.03538966178894043,0.28032904863357544,0.2239890843629837,,,,,,
1763596106.772883,,,,,,,0.003954827785491943,0.06970056891441345,0.01562356948852539,0.01817852072417736,0.052106115967035294,-0.3293803930282593
1763596106.778365,-0.15872925723195075,0.06200199040472507,0.020112083049863574,0.0539923720061779,0.28195062279701233,0.2616712152957916,,,,,,
1763596106.782914,,,,,,,0.0017833113670349121,0.07412558794021606,0.023795858025550842,-0.017594531178474426,0.05419163778424263,-0.38645273447036743
1763596106.788418,-0.11525580701269209,0.08913082034885883,-0.010067658897489309,0.07125023752450943,0.28953519463539124,0.3010252118110657,,,,,,
1763596106.792944,,,,,,,-0.0029419660568237305,0.08566668629646301,0.025303125381469727,-0.07021033763885498,0.06114781275391579,-0.46407827734947205
1763596106.798471,-0.07318857032954693,0.10473755480349063,-0.058919075828045606,0.08877915889024734,0.30277884006500244,0.33819788694381714,,,,,,
1763596106.802975,,,,,,,-0.004730165004730225,0.07845354080200195,0.025857925415039062,-0.15812864899635315,0.07752864807844162,-0.5534802079200745
1763596106.808524,-0.05092405848614871,0.1210778642296791,-0.037195758189260957,0.09884191304445267,0.3119145929813385,0.3754032850265503,,,,,,
1763596106.813006,,,,,,,-2.9802322387695312e-05,0.06325605511665344,0.027752749621868134,-0.27465420961380005,0.09143248200416565,-0.6313600540161133
1763596106.818577,-0.012574307956174015,0.16821429393589496,0.0021627309918403623,0.10235728323459625,0.3047421872615814,0.4091852009296417,,,,,,
1763596106.823036,,,,,,,0.0028020739555358887,0.059819161891937256,0.029060736298561096,-0.44133853912353516,0.11190606653690338,-0.7257896661758423
1763596106.82863,0.0793884478829801,0.23234745115041733,-0.027422406063228846,0.11147132515907288,0.30151671171188354,0.44262930750846863,,,,,,
1763596106.833067,,,,,,,0.003307044506072998,0.06198754906654358,0.03414835035800934,-0.5783973336219788,0.11641346663236618,-0.7961047887802124
1763596106.838683,0.22152809710279106,0.3050321636110544,-0.09436755195856093,0.12499912083148956,0.28458675742149353,0.4765039086341858,,,,,,
1763596106.843097,,,,,,,0.009878873825073242,0.06105932593345642,0.03198038041591644,-0.6800409555435181,0.11208130419254303,-0.8574264049530029
1763596106.848736,0.35781383266262706,0.33472178395390506,-0.17180501190423964,0.14399105310440063,0.2501671016216278,0.5152904987335205,,,,,,
1763596106.853128,,,,,,,0.0122452974319458,0.07383915781974792,0.028371445834636688,-0.7661438584327698,0.10708627849817276,-0.9256118535995483
1763596106.858788,0.48650633661448955,0.34456630162000657,-0.20512144444212316,0.1700815111398697,0.20481427013874054,0.5608502626419067,,,,,,
1763596106.863158,,,,,,,0.008910417556762695,0.08545145392417908,0.02636420726776123,-0.8779557943344116,0.10577467083930969,-0.9865026473999023
1763596106.868842,0.5383967924473807,0.32453122932910916,-0.28732758009433745,0.2106771320104599,0.15103279054164886,0.6058765649795532,,,,,,
1763596106.873188,,,,,,,0.006461381912231445,0.08271479606628418,0.027701839804649353,-1.0756564140319824,0.10269605368375778,-1.082976222038269
1763596106.878895,0.5285654995890334,0.3054500967621803,-0.29534137520194054,0.24774512648582458,0.08231578022241592,0.6509672999382019,,,,,,
1763596106.883219,,,,,,,0.008446574211120605,0.05254560708999634,0.032709360122680664,-1.2978019714355469,0.10359647125005722,-1.1676546335220337
1763596106.888948,0.5526665061445907,0.33291035061776636,-0.2593314657963812,0.27673694491386414,0.010973316617310047,0.677740216255188,,,,,,
1763596106.89325,,,,,,,0.007794618606567383,0.01434171199798584,0.04569615423679352,-1.5576242208480835,0.08898477256298065,-1.2788983583450317
1763596106.899001,0.6044326780106872,0.3887824599653482,-0.2875255868844688,0.2819117307662964,-0.05620785057544708,0.6995853185653687,,,,,,
1763596106.903281,,,,,,,0.004434704780578613,-0.00547376275062561,0.050475478172302246,-1.7449491024017334,0.0610002726316452,-1.350391149520874
1763596106.909054,0.7069888701871037,0.4088344833910465,-0.3907273104228079,0.29495224356651306,-0.0984044149518013,0.7146751284599304,,,,,,
1763596106.913311,,,,,,,0.0018004179000854492,0.007814198732376099,0.04992006719112396,-1.8626158237457275,0.055117350071668625,-1.3994097709655762
1763596106.919107,0.7455531402505934,0.36124095756709573,-0.5500178547993302,0.33052968978881836,-0.1545390635728836,0.7356195449829102,,,,,,
1763596106.923342,,,,,,,-0.0005531907081604004,0.06719568371772766,0.0486447811126709,-1.8502174615859985,0.0323617048561573,-1.451027274131775
1763596106.92916,0.70436612046808,0.3323147228121757,-0.5402056319676339,0.38019227981567383,-0.25813916325569153,0.7748808860778809,,,,,,
1763596106.933372,,,,,,,0.0029047131538391113,0.12721914052963257,0.041279420256614685,-1.777580738067627,0.012639133259654045,-1.5110541582107544
1763596106.939213,0.5853329868737608,0.3064180650115013,-0.46951253171563145,0.4772980511188507,-0.36656153202056885,0.8316964507102966,,,,,,
1763596106.943403,,,,,,,0.0030327439308166504,0.17089903354644775,0.043956875801086426,-1.6731696128845215,-0.0015246226685121655,-1.530166506767273
1763596106.949266,0.3993771749442443,0.29850363862514495,-0.22417247413173316,0.5686794519424438,-0.49161967635154724,0.8947673439979553,,,,,,
1763596106.953433,,,,,,,0.004847884178161621,0.17309969663619995,0.048471808433532715,-1.5526847839355469,-0.006896218750625849,-1.518759846687317
1763596106.959319,0.2080893908696249,0.3443178798168897,0.17675021322146056,0.5948559045791626,-0.5841341614723206,0.9384122490882874,,,,,,
1763596106.963464,,,,,,,0.007252871990203857,0.15417218208312988,0.04498003423213959,-1.4954701662063599,0.04908875375986099,-1.5516785383224487
1763596106.969372,0.010121873302757739,0.34486674587130545,0.2926069818019867,0.5791222453117371,-0.5317788124084473,0.9556546211242676,,,,,,
1763596106.973495,,,,,,,-0.0005235075950622559,0.1352057158946991,0.039313554763793945,-1.4652094841003418,0.14727044105529785,-1.6034178733825684
1763596106.979425,-0.11573741651717573,0.2748731721907854,0.15117621150389313,0.5488026738166809,-0.33310967683792114,0.9574610590934753,,,,,,
1763596106.983525,,,,,,,-0.006671488285064697,0.1208970844745636,0.03608730435371399,-1.4231228828430176,0.2510834038257599,-1.6079531908035278
1763596106.989478,-0.13330606216192245,0.18669278443455695,0.14646496507301926,0.5049514174461365,-0.09164056926965714,0.9702692031860352,,,,,,
1763596106.993556,,,,,,,-0.0073209404945373535,0.1264140009880066,0.046501994132995605,-1.3851670026779175,0.3744545876979828,-1.6122137308120728
1763596106.999531,-0.10603311103936285,0.12144143684506416,0.2269019721608609,0.45845285058021545,0.09509442746639252,1.0051974058151245,,,,,,
1763596107.003586,,,,,,,-0.010801076889038086,0.1351250410079956,0.051886796951293945,-1.2902377843856812,0.4895729422569275,-1.612526774406433
1763596107.009584,-0.11307776885386556,0.09742693952918052,0.30870822177529333,0.4196867048740387,0.18620553612709045,1.0564709901809692,,,,,,
1763596107.013617,,,,,,,-0.008253037929534912,0.13076555728912354,0.05349527299404144,-1.1770976781845093,0.5793787240982056,-1.6132633686065674
1763596107.019637,-0.1281562781833112,0.1137105503320694,0.22293781777024269,0.4099067747592926,0.22561606764793396,1.1109116077423096,,,,,,
1763596107.023647,,,,,,,0.004032731056213379,0.1399122178554535,0.056843504309654236,-1.065512776374817,0.6550071835517883,-1.6321717500686646
1763596107.02969,-0.09893164500370621,0.1957411832869053,0.032319530455023046,0.44751399755477905,0.28216567635536194,1.1608309745788574,,,,,,
1763596107.033678,,,,,,,0.015268564224243164,0.1495760977268219,0.06860923767089844,-1.0287076234817505,0.7239676117897034,-1.6731442213058472
1763596107.039743,-0.10930983115509152,0.3177677265435457,-0.009453910913318394,0.5026195645332336,0.3308567702770233,1.2103627920150757,,,,,,
1763596107.043708,,,,,,,0.02665191888809204,0.13366186618804932,0.08237394690513611,-1.0138065814971924,0.7774257659912109,-1.7076517343521118
1763596107.049796,-0.2606774005126208,0.36176878083348274,0.13319617204666137,0.5412546396255493,0.33373111486434937,1.2543201446533203,,,,,,
1763596107.053739,,,,,,,0.03554922342300415,0.1025158166885376,0.07975399494171143,-1.0347163677215576,0.8499558568000793,-1.7597540616989136
1763596107.059849,-0.32660211731903255,0.37430385275781153,0.20913265284486113,0.5646291971206665,0.3300679624080658,1.2896754741668701,,,,,,
1763596107.06377,,,,,,,0.03579288721084595,0.08028048276901245,0.07113388180732727,-1.0704597234725952,0.9282381534576416,-1.7868505716323853
1763596107.069902,-0.33324937331378457,0.39528175885677336,0.06466682569980621,0.585286021232605,0.35863882303237915,1.3108443021774292,,,,,,
1763596107.0738,,,,,,,0.04484748840332031,0.06982779502868652,0.060073643922805786,-1.1046639680862427,1.012563705444336,-1.8155241012573242
1763596107.079955,-0.23874548162445425,0.40331308962106704,-0.07235219257064163,0.5971724987030029,0.42745834589004517,1.3205528259277344,,,,,,
1763596107.083831,,,,,,,0.058981895446777344,0.06700080633163452,0.05544355511665344,-1.1109105348587036,1.0671287775039673,-1.8309308290481567
1763596107.090008,-0.08768135219290853,0.44193712704777716,-0.023855580427125093,0.5905366539955139,0.4906400442123413,1.3219720125198364,,,,,,
1763596107.093861,,,,,,,0.07693016529083252,0.06103295087814331,0.04888531565666199,-1.0771352052688599,1.0815739631652832,-1.8085370063781738
1763596107.100061,0.030369127039611338,0.42904549677073955,0.05663301071748137,0.577529788017273,0.5301735997200012,1.3261500597000122,,,,,,
1763596107.103892,,,,,,,0.08435863256454468,0.07007765769958496,0.036401182413101196,-1.0147703886032104,1.150331974029541,-1.807449460029602
1763596107.110114,0.13531842489764093,0.4179132773816585,0.1731529193818569,0.5501194596290588,0.5262100696563721,1.3371728658676147,,,,,,
1763596107.113922,,,,,,,0.08045744895935059,0.0759013295173645,0.028275012969970703,-0.9265223145484924,1.2005571126937866,-1.796668529510498
1763596107.120167,0.20101181716620922,0.38894729513823983,0.21137487881369887,0.5303137898445129,0.5128287672996521,1.356736183166504,,,,,,
1763596107.123953,,,,,,,0.08531391620635986,0.06699424982070923,0.019517451524734497,-0.8157199025154114,1.233494758605957,-1.776687741279602
1763596107.13022,0.18785232973322272,0.34699440554976463,0.1290519849140197,0.5097782015800476,0.49107834696769714,1.3730807304382324,,,,,,
1763596107.133983,,,,,,,0.0895085334777832,0.057155609130859375,0.008657634258270264,-0.7265985608100891,1.2634357213974,-1.778494954109192
1763596107.140273,0.17618834155499935,0.3446767762571573,-0.02125321590900421,0.5198225378990173,0.5080317258834839,1.392390251159668,,,,,,
1763596107.144014,,,,,,,0.08474242687225342,0.06071704626083374,0.02442854642868042,-0.6626114249229431,1.3074809312820435,-1.7535507678985596
1763596107.150326,0.15346958313807843,0.3255933056026697,-0.10501995194144546,0.5401394963264465,0.528572142124176,1.4119051694869995,,,,,,
1763596107.154045,,,,,,,0.08372712135314941,0.06664574146270752,0.021156370639801025,-0.6210565567016602,1.347345232963562,-1.7632052898406982
1763596107.160379,0.07499781170859933,0.3135848879009485,0.027478374034166333,0.5467289090156555,0.5110211372375488,1.4263503551483154,,,,,,
1763596107.164075,,,,,,,0.08095616102218628,0.04510939121246338,0.016787469387054443,-0.648427426815033,1.3857210874557495,-1.760231852531433
1763596107.170431,-0.021934476171433924,0.2915104187369346,0.13250059099793432,0.5582593679428101,0.4984022080898285,1.433300495147705,,,,,,
1763596107.174106,,,,,,,0.08082890510559082,0.018962740898132324,0.027697265148162842,-0.6779978275299072,1.414801001548767,-1.7532687187194824
1763596107.180485,-0.10048954197019339,0.2665934196233749,0.21593287091162056,0.5582457780838013,0.4747679829597473,1.4350600242614746,,,,,,
1763596107.184136,,,,,,,0.0815122127532959,0.012517035007476807,0.035341739654541016,-0.7163295745849609,1.433566689491272,-1.7359188795089722
1763596107.190537,-0.1628165265455842,0.25857553286254403,0.19484803383946417,0.5543007254600525,0.46213066577911377,1.4371252059936523,,,,,,
1763596107.194167,,,,,,,0.08371680974960327,0.026941955089569092,0.04507845640182495,-0.7468922734260559,1.4665895700454712,-1.6917506456375122
1763596107.20059,-0.14041004894822834,0.2678992415249348,0.09859013808965682,0.5452271103858948,0.46564897894859314,1.4395781755447388,,,,,,
1763596107.204197,,,,,,,0.08977329730987549,0.03777962923049927,0.045957982540130615,-0.722932755947113,1.484325647354126,-1.6343495845794678
1763596107.210643,-0.1329959732994437,0.3051800476491451,0.06015899288654327,0.5414590835571289,0.48767176270484924,1.4431891441345215,,,,,,
1763596107.214228,,,,,,,0.10119509696960449,0.061385393142700195,0.041766464710235596,-0.6398714184761047,1.4867409467697144,-1.592519760131836
1763596107.220696,-0.0888113791361451,0.3302753259390592,0.0666974547445774,0.5319702625274658,0.5074014663696289,1.4511033296585083,,,,,,
1763596107.224258,,,,,,,0.10735064744949341,0.07165145874023438,0.028913795948028564,-0.5500702261924744,1.5175230503082275,-1.5795440673828125
1763596107.230749,-0.08740501946955918,0.3847539351016283,0.1905412765562534,0.5149939060211182,0.5169132947921753,1.468954086303711,,,,,,
1763596107.234289,,,,,,,0.1072646975517273,0.06810086965560913,0.04428619146347046,-0.477863609790802,1.5504837036132812,-1.5691728591918945
1763596107.240802,-0.1989060770586133,0.40274844147562977,0.25789573390483855,0.5027909874916077,0.5178701877593994,1.4990453720092773,,,,,,
1763596107.24432,,,,,,,0.11058437824249268,0.06735992431640625,0.056035518646240234,-0.39841699600219727,1.5808154344558716,-1.5719401836395264
1763596107.250855,-0.40809126380831,0.36243572030961513,0.22322306445240972,0.48881852626800537,0.5123246908187866,1.5237611532211304,,,,,,
1763596107.25435,,,,,,,0.11160925030708313,0.06364470720291138,0.05657690763473511,-0.3358769118785858,1.6295585632324219,-1.6025049686431885
1763596107.260908,-0.5816998180031776,0.3643050213128328,0.10699205573201179,0.48526531457901,0.543759286403656,1.5387513637542725,,,,,,
1763596107.264381,,,,,,,0.1119447648525238,0.05723929405212402,0.06696921586990356,-0.31451305747032166,1.6677170991897583,-1.625541090965271
1763596107.270961,-0.6590449234902859,0.412507618945837,-0.050881461453437804,0.49918633699417114,0.6078737378120422,1.54443359375,,,,,,
1763596107.274411,,,,,,,0.1208609938621521,0.0594446063041687,0.09650206565856934,-0.34888380765914917,1.6950973272323608,-1.6467041969299316
1763596107.281014,-0.6988236839100718,0.4387450530081987,-0.06017769758701324,0.49934905767440796,0.656760573387146,1.5462099313735962,,,,,,
1763596107.284442,,,,,,,0.12696945667266846,0.059683918952941895,0.11142510175704956,-0.3475594222545624,1.7235734462738037,-1.642961859703064
1763596107.291067,-0.662787617149949,0.43999359176456926,0.013203764966130255,0.4787096381187439,0.6974508166313171,1.5523170232772827,,,,,,
1763596107.294472,,,,,,,0.13074997067451477,0.05258440971374512,0.10125839710235596,-0.3047581613063812,1.7587529420852661,-1.6505063772201538
1763596107.30112,-0.5561331228092312,0.4695762446016073,0.03880991538763046,0.4555867314338684,0.755591094493866,1.5653846263885498,,,,,,
1763596107.304503,,,,,,,0.13561096787452698,0.08806723356246948,0.11990737915039062,-0.27433714270591736,1.801024079322815,-1.685137152671814
1763596107.311173,-0.4310948305159807,0.5611363379240035,0.029985388419032095,0.44244855642318726,0.8027067184448242,1.5984150171279907,,,,,,
1763596107.314533,,,,,,,0.14970162510871887,0.1417762041091919,0.16942590475082397,-0.2017313838005066,1.8443269729614258,-1.687585711479187
1763596107.321226,-0.41187516626119614,0.6481874293893576,0.060415013474225995,0.4315221607685089,0.8129263520240784,1.6532673835754395,,,,,,
1763596107.324564,,,,,,,0.16552579402923584,0.13722026348114014,0.15745609998703003,-0.14171479642391205,1.891003966331482,-1.7183506488800049
1763596107.331279,-0.3526370876118541,0.7464759541839361,0.06360124229490757,0.41008979082107544,0.8123930096626282,1.7150558233261108,,,,,,
1763596107.334595,,,,,,,0.16518646478652954,0.11983358860015869,0.1445024013519287,-0.1367189735174179,1.9546399116516113,-1.7430499792099
1763596107.341332,-0.18578677550554273,0.8501455874949693,-0.10825228492617607,0.3889869153499603,0.847602367401123,1.7736808061599731,,,,,,
1763596107.344625,,,,,,,0.1625065803527832,0.1235395073890686,0.1377413272857666,-0.14278170466423035,2.0208146572113037,-1.7566150426864624
1763596107.351385,0.05850479593873024,0.9190086958408356,-0.2724807240962982,0.36350348591804504,0.90561443567276,1.8280177116394043,,,,,,
1763596107.354656,,,,,,,0.15507075190544128,0.11288189888000488,0.13659554719924927,-0.1546735316514969,2.0849623680114746,-1.7738419771194458
1763596107.361438,0.33024726888835426,0.8993044629395007,-0.2805985641002655,0.3466171622276306,0.9666735529899597,1.880203127861023,,,,,,
1763596107.364686,,,,,,,0.14958298206329346,0.10803753137588501,0.15140032768249512,-0.1237994059920311,2.134418487548828,-1.7786242961883545
1763596107.371491,0.4941495448440313,0.7975292650729418,-0.22450316739082335,0.3359032869338989,0.985873281955719,1.9280431270599365,,,,,,
1763596107.374717,,,,,,,0.14440415799617767,0.08034509420394897,0.13736838102340698,-0.09039617329835892,2.165964365005493,-1.7785876989364624
1763596107.381544,0.6316466289550066,0.6848287685662507,-0.1504571034491062,0.33101028203964233,0.9436560273170471,1.981209397315979,,,,,,
1763596107.384747,,,,,,,0.13674433529376984,0.07539284229278564,0.1171884536743164,-0.07365477085113525,2.1962132453918457,-1.7691315412521362
1763596107.391597,0.7829132952213287,0.5924018292814492,-0.14144377591013907,0.33291420340538025,0.8673232197761536,2.0331132411956787,,,,,,
1763596107.394778,,,,,,,0.13642551004886627,0.08470940589904785,0.11750251054763794,-0.07641087472438812,2.216062307357788,-1.777595043182373
1763596107.40165,0.7940987061023712,0.4458738819748163,-0.1725824260175228,0.3443109393119812,0.8004714846611023,2.070267915725708,,,,,,
1763596107.404808,,,,,,,0.13815882802009583,0.05994880199432373,0.11168462038040161,-0.09607017040252686,2.241119146347046,-1.7737823724746704
1763596107.411703,0.7051449958860874,0.225695592045784,-0.1441571265220642,0.3546636700630188,0.7430097460746765,2.0869624614715576,,,,,,
1763596107.414839,,,,,,,0.13630738854408264,0.02654719352722168,0.09329050779342651,-0.1687678098678589,2.268895387649536,-1.8060822486877441
1763596107.421756,0.5353150834470987,0.004752747485041618,-0.17448095311522482,0.3561997711658478,0.6937631368637085,2.080249786376953,,,,,,
1763596107.42487,,,,,,,0.14108315110206604,0.01973813772201538,0.08569896221160889,-0.22845971584320068,2.2957777976989746,-1.8137558698654175
1763596107.431809,0.3587620002329349,-0.12743921595513819,-0.24327684144377706,0.35378822684288025,0.6524930596351624,2.0614800453186035,,,,,,
1763596107.4349,,,,,,,0.15435606241226196,0.02288234233856201,0.06987357139587402,-0.24136699736118317,2.293821096420288,-1.8245893716812134
1763596107.441862,0.16535364380776882,-0.15289046807587145,-0.30543489919304845,0.35327744483947754,0.6150777339935303,2.0438461303710938,,,,,,
1763596107.444931,,,,,,,0.15910592675209045,0.006653308868408203,0.03352099657058716,-0.26301565766334534,2.2854104042053223,-1.8330020904541016
1763596107.451915,0.020931728869676588,-0.10182079057395457,-0.24581952993022277,0.34435412287712097,0.5736970901489258,2.0220601558685303,,,,,,
1763596107.454961,,,,,,,0.1612955927848816,0.005697429180145264,0.025182127952575684,-0.28688955307006836,2.281388998031616,-1.827209234237671
1763596107.461968,-0.04063537724912166,-0.02335632566809654,-0.14507130049122496,0.32925695180892944,0.5479123592376709,1.9961003065109253,,,,,,
1763596107.464992,,,,,,,0.16604508459568024,0.014736771583557129,0.03750115633010864,-0.3152327537536621,2.2715208530426025,-1.8223258256912231
1763596107.472021,-0.07038052717149257,0.09164075734317302,-0.003327080329786986,0.29612982273101807,0.5296050906181335,1.9803590774536133,,,,,,
1763596107.475022,,,,,,,0.17548947036266327,0.008839249610900879,0.04385519027709961,-0.34728842973709106,2.245044708251953,-1.8110235929489136
1763596107.482074,-0.027080899149179456,0.1747609391003847,-0.006137443309091031,0.25939977169036865,0.5243695974349976,1.9720447063446045,,,,,,
1763596107.485053,,,,,,,0.17821753025054932,-0.011964261531829834,0.018934011459350586,-0.3785117268562317,2.208190679550171,-1.8153700828552246
1763596107.492127,-0.0005412672698497772,0.17168401587307452,-0.13004443001747132,0.22702696919441223,0.5115549564361572,1.9734902381896973,,,,,,
1763596107.495084,,,,,,,0.17885275185108185,-0.01223057508468628,0.006603240966796875,-0.3740874230861664,2.1886184215545654,-1.790388822555542
1763596107.50218,-0.05588438430726528,0.07962415633499621,-0.1985456827810034,0.21177877485752106,0.478375643491745,1.9602491855621338,,,,,,
1763596107.505114,,,,,,,0.18218183517456055,0.0026355385780334473,-0.006971299648284912,-0.31125155091285706,2.1627085208892822,-1.7636959552764893
1763596107.512233,-0.12258242357373236,-0.000661094257235527,-0.13734857901837677,0.19700473546981812,0.4377778172492981,1.944084644317627,,,,,,
1763596107.515145,,,,,,,0.17772352695465088,0.001505434513092041,-0.03613358736038208,-0.2629237174987793,2.130180597305298,-1.7446956634521484
1763596107.522286,-0.20481647014617918,-0.031472412106394766,-0.025804266809485853,0.181174635887146,0.38646426796913147,1.9101966619491577,,,,,,
1763596107.525175,,,,,,,0.18600350618362427,-0.0031284689903259277,-0.024624645709991455,-0.2593769431114197,2.0903775691986084,-1.7267614603042603
1763596107.532339,-0.2830114704608917,0.024086393508315086,0.07196637159083039,0.16450846195220947,0.3459966480731964,1.8720781803131104,,,,,,
1763596107.535206,,,,,,,0.1992308646440506,-0.02255791425704956,-0.010885655879974365,-0.2652217745780945,2.0503671169281006,-1.692463994026184
1763596107.542392,-0.4495516937047243,-0.04816109657883644,0.034276363611221314,0.1383112072944641,0.3144752085208893,1.8236567974090576,,,,,,
1763596107.545236,,,,,,,0.20147475600242615,-0.039419353008270264,-0.03870195150375366,-0.27286162972450256,2.0170934200286865,-1.6616426706314087
1763596107.552445,-0.6008668752878904,-0.13572364469766615,-0.04316577250957489,0.10260713845491409,0.3051025867462158,1.7638822793960571,,,,,,
1763596107.555267,,,,,,,0.2033701241016388,-0.023073554039001465,-0.04729646444320679,-0.240517258644104,1.9930392503738403,-1.6269549131393433
1763596107.562498,-0.7157289337426423,-0.1354337218403816,0.00040448914766311644,0.06643528491258621,0.31055405735969543,1.7075085639953613,,,,,,
1763596107.565297,,,,,,,0.20701199769973755,-0.01099693775177002,-0.05190962553024292,-0.1894422024488449,1.9544583559036255,-1.605392336845398
1763596107.572551,-0.7503314605683088,0.024729952108860014,0.1198795943558216,0.04627546668052673,0.28234660625457764,1.6616709232330322,,,,,,
1763596107.575328,,,,,,,0.21389544010162354,-0.010119855403900146,-0.05205124616622925,-0.14047199487686157,1.9088815450668335,-1.574151635169983
1763596107.582604,-0.7154822655051947,0.26323651041090484,0.14402970075011254,0.036899007856845856,0.23655354976654053,1.6200745105743408,,,,,,
1763596107.585359,,,,,,,0.21627238392829895,-0.0189933180809021,-0.046211063861846924,-0.10502201318740845,1.8698475360870361,-1.536421775817871
1763596107.592657,-0.6966442940443753,0.32179099071025846,0.07485504223704338,0.017512205988168716,0.21742679178714752,1.585622787475586,,,,,,
1763596107.595389,,,,,,,0.20654654502868652,-0.04129761457443237,-0.06887835264205933,-0.09827010333538055,1.840636968612671,-1.4917513132095337
1763596107.60271,-0.6826379805237054,0.29149697473347186,0.027395335393212733,-0.004875658079981804,0.2434176504611969,1.54914128780365,,,,,,
1763596107.60542,,,,,,,0.20185351371765137,-0.056367337703704834,-0.07879149913787842,-0.09253917634487152,1.769781470298767,-1.4669609069824219
1763596107.612763,-0.7066314350515603,0.2201256829589605,0.09412672894001006,-0.02924380823969841,0.25764524936676025,1.5032227039337158,,,,,,
1763596107.61545,,,,,,,0.20825126767158508,-0.0462571382522583,-0.04997265338897705,-0.056947361677885056,1.7035545110702515,-1.4123717546463013
1763596107.622816,-0.7689303625762463,0.2156105436220765,0.24081951141953467,-0.06326968222856522,0.24082046747207642,1.4826538562774658,,,,,,
1763596107.625481,,,,,,,0.2047860324382782,-0.051608383655548096,-0.06655198335647583,-0.03556893765926361,1.657191276550293,-1.3839137554168701
1763596107.632869,-0.6727233202308416,0.38004824162870643,0.19770283874869346,-0.09301963448524475,0.25649648904800415,1.522039771080017,,,,,,
1763596107.635511,,,,,,,0.19167104363441467,-0.07497304677963257,-0.09810882806777954,-0.05279453098773956,1.6060580015182495,-1.3371880054473877
1763596107.642922,-0.5660054052650928,0.4831918052390218,0.10331650902442634,-0.1096513420343399,0.3087434470653534,1.5279834270477295,,,,,,
1763596107.645541,,,,,,,0.19870710372924805,-0.07032650709152222,-0.07758790254592896,-0.05425620079040527,1.5468248128890991,-1.2853635549545288
1763596107.652975,-0.5970937864899635,0.4123860383927822,0.12041735449433326,-0.1223146840929985,0.32883113622665405,1.496585488319397,,,,,,
1763596107.655572,,,,,,,0.19380146265029907,-0.07331448793411255,-0.06617981195449829,-0.01061418280005455,1.477282166481018,-1.2516943216323853
1763596107.663028,-0.7310644500404596,0.2389645312026143,0.1637737542051822,-0.13601717352867126,0.3123067617416382,1.4428656101226807,,,,,,
1763596107.665602,,,,,,,0.17942631244659424,-0.06730383634567261,-0.06799215078353882,0.02344639226794243,1.440398931503296,-1.2080011367797852
1763596107.673081,-0.8597948748499155,0.11390344255566597,0.1940975077331066,-0.14774957299232483,0.273384153842926,1.373321771621704,,,,,,
1763596107.675633,,,,,,,0.16922664642333984,-0.06472772359848022,-0.0943608283996582,0.035450588911771774,1.3979876041412354,-1.1663527488708496
1763596107.683134,-0.9197972158700227,0.051340895658731456,0.20327683948874473,-0.1470523625612259,0.2522687613964081,1.2963497638702393,,,,,,
1763596107.685663,,,,,,,0.1673704981803894,-0.0736038088798523,-0.11974871158599854,-0.046671830117702484,1.3512845039367676,-1.1477569341659546
1763596107.693187,-0.8761918828994035,0.11816226904392242,0.061010056757926936,-0.13410139083862305,0.24770250916481018,1.2134461402893066,,,,,,
1763596107.695694,,,,,,,0.17869794368743896,-0.05266064405441284,-0.060377657413482666,-0.0878448337316513,1.308269739151001,-1.0955967903137207
1763596107.70324,-0.8785890071690082,0.07297931149303913,-0.022746011750027537,-0.12820914387702942,0.23403729498386383,1.1330554485321045,,,,,,
1763596107.705724,,,,,,,0.16923528909683228,-0.08498895168304443,-0.04844743013381958,-0.11943382769823074,1.243653655052185,-1.1193656921386719
1763596107.713293,-0.8262515016883611,0.12371259664744139,0.0025801526863127944,-0.12252595275640488,0.20677557587623596,1.0724939107894897,,,,,,
1763596107.715755,,,,,,,0.14838391542434692,-0.07950097322463989,-0.04021346569061279,-0.13804692029953003,1.2059355974197388,-1.0911381244659424
1763596107.723346,-0.6544640254408121,0.19594635047018527,-0.007521627676486968,-0.12326791137456894,0.17788907885551453,1.03464937210083,,,,,,
1763596107.725785,,,,,,,0.13962626457214355,-0.05187082290649414,-0.046158015727996826,-0.15140525996685028,1.183807373046875,-1.0715981721878052
1763596107.733399,-0.49952889979481696,0.23018179754912851,-0.029020342779159543,-0.1381254643201828,0.16782158613204956,1.0026626586914062,,,,,,
1763596107.735816,,,,,,,0.13121843338012695,-0.04659610986709595,-0.0821945071220398,-0.1803080141544342,1.1529618501663208,-1.040153980255127
1763596107.743452,-0.4312818775206804,0.2558431852892041,-0.014188757415488362,-0.15119174122810364,0.181740865111351,0.9709742665290833,,,,,,
1763596107.745847,,,,,,,0.1375674605369568,-0.02765899896621704,-0.06530356407165527,-0.17870815098285675,1.1078479290008545,-0.9999721050262451
1763596107.753505,-0.4078156617373228,0.19496347691267726,0.05604037858657539,-0.1784004122018814,0.15810205042362213,0.9480283856391907,,,,,,
1763596107.755877,,,,,,,0.1299343705177307,-0.015934288501739502,-0.05050539970397949,-0.1512184590101242,1.0856618881225586,-0.9874269962310791
1763596107.763558,-0.3739198218762874,0.19546821156442165,0.04227722617201507,-0.21400980651378632,0.13889800012111664,0.9479615092277527,,,,,,
1763596107.765908,,,,,,,0.10000455379486084,-0.008558213710784912,-0.037654340267181396,-0.09166984260082245,1.0871000289916992,-0.9572179317474365
1763596107.773611,-0.2813391533344984,0.14112433469742536,0.049534723019599915,-0.26012685894966125,0.14740456640720367,0.9618954062461853,,,,,,
1763596107.775938,,,,,,,0.08372616767883301,0.0027170777320861816,-0.0349348783493042,-0.049639031291007996,1.1045712232589722,-0.9461460709571838
1763596107.783664,-0.19807868632376194,0.22239041302055118,0.04459785113930702,-0.30074164271354675,0.1855170577764511,0.9925699830055237,,,,,,
1763596107.785969,,,,,,,0.07318240404129028,0.006503760814666748,-0.04160338640213013,-0.018729055300354958,1.1144880056381226,-0.9347038269042969
1763596107.793717,-0.1644137326091528,0.335350437246263,-0.09741159582957624,-0.3208122253417969,0.2191159874200821,1.043125867843628,,,,,,
1763596107.795999,,,,,,,0.07986533641815186,-0.0024662017822265625,-0.023161381483078003,-0.001093334867618978,1.1055951118469238,-0.9212817549705505
1763596107.803771,-0.20581424901187417,0.3798787302806973,-0.20616773862466214,-0.33818989992141724,0.25066590309143066,1.1093826293945312,,,,,,
1763596107.80603,,,,,,,0.0742725133895874,-0.0094565749168396,-0.02089574933052063,0.012612348422408104,1.096836805343628,-0.90262770652771
1763596107.813823,-0.13322890527248382,0.5763029273957013,-0.17465981681346893,-0.37289905548095703,0.29123586416244507,1.2186959981918335,,,,,,
1763596107.81606,,,,,,,0.06907224655151367,-0.0017699599266052246,-0.010204136371612549,0.041130807250738144,1.0924814939498901,-0.8863800168037415
1763596107.823877,0.006781622964143753,0.8713482422605157,-0.0560087413392961,-0.43345907330513,0.3187202215194702,1.3515217304229736,,,,,,
1763596107.826091,,,,,,,0.06460434198379517,-0.004823207855224609,-0.009962081909179688,0.06556049734354019,1.0778948068618774,-0.8732691407203674
1763596107.83393,0.06731354081630707,1.016554877835512,0.018871873730421065,-0.4939231872558594,0.36156490445137024,1.4914582967758179,,,,,,
1763596107.836122,,,,,,,0.05927461385726929,-0.023922204971313477,-0.03498521447181702,0.07347913831472397,1.0630053281784058,-0.8790921568870544
1763596107.843982,0.057550856214761734,1.0474699483200907,-0.19156988895162938,-0.5279479622840881,0.43052399158477783,1.625993251800537,,,,,,
1763596107.846152,,,,,,,0.06284964084625244,-0.036225855350494385,-0.035018205642700195,0.03315949812531471,1.045650839805603,-0.8723352551460266
1763596107.854036,-0.10553250457346439,0.8974778320342301,-0.2830688266713172,-0.5281845927238464,0.45547395944595337,1.7255933284759521,,,,,,
1763596107.856183,,,,,,,0.06486445665359497,-0.037034571170806885,-0.008797556161880493,-0.02708679810166359,1.034593105316162,-0.8601510524749756
1763596107.864089,-0.2677186242610216,0.719951081482321,-0.2605680218540132,-0.5155044794082642,0.44884827733039856,1.7944070100784302,,,,,,
1763596107.866213,,,,,,,0.06241387128829956,-0.04608410596847534,-0.009058177471160889,-0.1087493970990181,1.00303316116333,-0.8666070699691772
1763596107.874141,-0.32352526715695856,0.3200225197330117,-0.36537747284993527,-0.4701879918575287,0.4326595962047577,1.7569714784622192,,,,,,
1763596107.876244,,,,,,,0.071247398853302,-0.026308119297027588,0.026088953018188477,-0.1521541327238083,0.9928120970726013,-0.8525101542472839
1763596107.884195,-0.3584937046855688,-0.10998159293681382,-0.31979192584753036,-0.40950414538383484,0.35346198081970215,1.6551252603530884,,,,,,
1763596107.886274,,,,,,,0.05747741460800171,-0.016625791788101196,0.034021973609924316,-0.1396259218454361,1.0039141178131104,-0.8463582992553711
1763596107.894248,-0.26460604519844055,-0.14230375374034046,-0.09016250148415565,-0.3553432524204254,0.20965510606765747,1.5482674837112427,,,,,,
1763596107.896305,,,,,,,0.044174909591674805,0.003452390432357788,0.02016270160675049,-0.10192647576332092,1.0125362873077393,-0.8269851207733154
1763596107.9043,-0.2562339381724596,-0.36478213730528947,-0.04562660966515541,-0.31068018078804016,0.07148498296737671,1.4167890548706055,,,,,,
1763596107.906335,,,,,,,0.05553007125854492,0.04248160123825073,0.036134958267211914,-0.02611151896417141,1.0453230142593384,-0.792479932308197
1763596107.914354,-0.3523655771940946,-0.5930554708845913,-0.040040772356837985,-0.2869641184806824,0.010423919185996056,1.2886788845062256,,,,,,
1763596107.916366,,,,,,,0.052354633808135986,0.0355074405670166,0.012497514486312866,0.03903632238507271,1.0806083679199219,-0.7761353254318237
1763596107.924407,-0.372743763834238,-0.6599795739918947,0.013232406538724898,-0.283483624458313,-0.010818252339959145,1.172487497329712,,,,,,
1763596107.926397,,,,,,,0.04851728677749634,0.015746772289276123,0.005910813808441162,0.12817487120628357,1.0932562351226807,-0.7689222693443298
1763596107.934459,-0.39496787060201166,-0.5131481867592782,-0.00493131892234087,-0.28199341893196106,-0.009209918789565563,1.087367296218872,,,,,,
1763596107.936427,,,,,,,0.05263960361480713,0.017762869596481323,-0.001026064157485962,0.16402341425418854,1.084340214729309,-0.7629173994064331
1763596107.944513,-0.2295996137470007,-0.0930555925771594,-0.1399311793901026,-0.2671113908290863,-0.0045256842859089375,1.0629264116287231,,,,,,
1763596107.946458,,,,,,,0.05897921323776245,0.019564270973205566,0.0303821861743927,0.1479794681072235,1.0900434255599976,-0.7334327697753906
1763596107.954566,-0.006384732601046562,0.37460451620481905,-0.14319719544872642,-0.255672425031662,-0.00664145965129137,1.0947749614715576,,,,,,
1763596107.956488,,,,,,,0.04779231548309326,-0.004183530807495117,0.03235745429992676,0.12154439091682434,1.0559247732162476,-0.7321283221244812
1763596107.964618,0.20802783340811729,0.5531451930396258,-0.10129062922000884,-0.24100986123085022,-0.01996658556163311,1.13681960105896,,,,,,
1763596107.966519,,,,,,,0.04740530252456665,0.0035567879676818848,0.03974485397338867,0.10625775903463364,1.0520012378692627,-0.7213491201400757
1763596107.974672,0.32889000906050203,0.5507193541321903,0.0019137246668338775,-0.23088018596172333,-0.04492924362421036,1.1754040718078613,,,,,,
1763596107.976549,,,,,,,0.03813081979751587,0.003353416919708252,0.032946228981018066,0.098402239382267,1.0674128532409668,-0.7197735905647278
1763596107.984725,0.2529039169669151,0.3884270706564188,0.020754910998046397,-0.23202933371067047,-0.07075871527194977,1.192467451095581,,,,,,
1763596107.98658,,,,,,,0.03573352098464966,0.002970367670059204,0.01720622181892395,0.09139586240053177,1.0685969591140747,-0.7332299947738647
1763596107.994777,0.06375614059567451,0.26099052158240227,0.05211582555398345,-0.22492121160030365,-0.11403710395097733,1.2088136672973633,,,,,,
1763596107.99661,,,,,,,0.04441547393798828,0.006309956312179565,0.02547791600227356,0.12769395112991333,1.0883139371871948,-0.7128658890724182
1763596108.004831,-0.1511111834436655,0.10899031687714159,0.011302461389452218,-0.213815838098526,-0.11603527516126633,1.196434497833252,,,,,,
1763596108.006641,,,,,,,0.04576319456100464,-0.009052157402038574,-0.007748246192932129,0.1586361527442932,1.0772799253463745,-0.7158698439598083
1763596108.014884,-0.264463421857357,-0.054341958904545754,-0.2046701935432851,-0.19953948259353638,-0.07435888051986694,1.172371506690979,,,,,,
1763596108.016672,,,,,,,0.05654555559158325,0.019655823707580566,-0.0024614036083221436,0.20576664805412292,1.080614686012268,-0.6805871725082397
1763596108.024937,-0.33335809438526626,-0.01953460053902818,-0.09012757630124688,-0.19886836409568787,-0.062040433287620544,1.1434924602508545,,,,,,
1763596108.026702,,,,,,,0.06161290407180786,0.004083067178726196,-0.02554696798324585,0.23913994431495667,1.0479086637496948,-0.6763206720352173
1763596108.03499,-0.28350188432633877,0.043403426323505113,0.04067907026037573,-0.19598603248596191,-0.082832470536232,1.1176892518997192,,,,,,
1763596108.036733,,,,,,,0.0668378472328186,0.0067299604415893555,-0.022550076246261597,0.2617056965827942,1.0286974906921387,-0.6559844613075256
1763596108.045043,-0.23444237760305403,0.059393798934016376,0.06506430058479308,-0.19360516965389252,-0.11243430525064468,1.0913618803024292,,,,,,
1763596108.046763,,,,,,,0.064919114112854,-0.0013251006603240967,-0.008700340986251831,0.2664393484592438,1.0205670595169067,-0.6426997184753418
1763596108.055095,-0.26574294027388096,0.07232241848688573,0.08967866348996759,-0.19588640332221985,-0.1211618036031723,1.0759644508361816,,,,,,
1763596108.056794,,,,,,,0.05197185277938843,-0.013906657695770264,-0.037454307079315186,0.29911738634109497,1.0070382356643677,-0.6367211937904358
1763596108.065149,-0.18191022633314133,0.06269231075644492,-0.022547347372770307,-0.1832161545753479,-0.12539516389369965,1.0611796379089355,,,,,,
1763596108.066824,,,,,,,0.06234133243560791,-0.002768874168395996,-0.05013212561607361,0.3266139626502991,0.9609348773956299,-0.6233305931091309
1763596108.075202,-0.18112112178206444,0.005365582153759896,0.012976239820569753,-0.17073802649974823,-0.16270457208156586,1.042546033859253,,,,,,
1763596108.076855,,,,,,,0.07900631427764893,-0.00805017352104187,-0.0379597544670105,0.33000364899635315,0.9438037872314453,-0.5946560502052307
1763596108.085255,-0.4326753777056932,-0.022366145586967468,0.007915449299663304,-0.1557534784078598,-0.16436317563056946,1.008317232131958,,,,,,
1763596108.086886,,,,,,,0.08006376028060913,-0.028226494789123535,-0.07209518551826477,0.34315305948257446,0.8880997896194458,-0.5896365642547607
1763596108.095308,-0.5069505742281675,-0.01596219682879746,-0.05230418773293495,-0.14911723136901855,-0.1875280886888504,0.9686608910560608,,,,,,
1763596108.096916,,,,,,,0.08983838558197021,-0.011765718460083008,-0.06853151321411133,0.3963390290737152,0.863641083240509,-0.5570507049560547
1763596108.10536,-0.6539192510396242,-0.06253668180331587,0.15591419981122015,-0.1663721203804016,-0.21981173753738403,0.9067418575286865,,,,,,
1763596108.106947,,,,,,,0.08981913328170776,-0.02445995807647705,-0.09701764583587646,0.41943278908729553,0.8171385526657104,-0.5432206988334656
1763596108.115414,-0.8382803776562213,-0.12324578285329044,0.09453720943704247,-0.18483419716358185,-0.20592601597309113,0.8240829706192017,,,,,,
1763596108.116977,,,,,,,0.10180467367172241,-0.03198099136352539,-0.11294397711753845,0.4045089781284332,0.7526261210441589,-0.5295823812484741
1763596108.125467,-0.759023885589838,-0.07458528538495302,0.07732523174285888,-0.19723999500274658,-0.18537652492523193,0.7439953684806824,,,,,,
1763596108.127008,,,,,,,0.11587673425674438,-0.07228094339370728,-0.10461008548736572,0.32622313499450684,0.6804832220077515,-0.5094176530838013
1763596108.13552,-0.5211988798111676,0.15675737263709305,-0.06442249554991722,-0.17852731049060822,-0.18726177513599396,0.6942700743675232,,,,,,
1763596108.137038,,,,,,,0.11504065990447998,-0.0985971987247467,-0.10452213883399963,0.2716885209083557,0.5859226584434509,-0.5180055499076843
1763596108.145573,-0.15860533859133719,0.34024653872475025,-0.35077962317690253,-0.1317393034696579,-0.23201406002044678,0.6662075519561768,,,,,,
1763596108.147069,,,,,,,0.11445623636245728,-0.06382521986961365,-0.05863581597805023,0.23482957482337952,0.5021374821662903,-0.5145595073699951
1763596108.155626,-0.04020516913831234,0.49831587074324485,-0.13678966649398208,-0.11007469147443771,-0.298574835062027,0.6782584190368652,,,,,,
1763596108.157099,,,,,,,0.08640313148498535,-0.06647518277168274,-0.038643255829811096,0.16180996596813202,0.483712375164032,-0.5325654149055481
1763596108.165679,-0.16254676969349383,0.3936531347416341,-0.11815182071514427,-0.10249479860067368,-0.31627795100212097,0.6859040856361389,,,,,,
1763596108.16713,,,,,,,0.04212009906768799,-0.07568755745887756,-0.038044363260269165,0.1651771515607834,0.48241087794303894,-0.5312191247940063
1763596108.175732,-0.43658699819147584,0.11449059479385613,-0.18037877898216245,-0.09648418426513672,-0.3056000769138336,0.6657583117485046,,,,,,
1763596108.177161,,,,,,,0.04720866680145264,-0.04886692762374878,-0.044277384877204895,0.19626769423484802,0.45190784335136414,-0.5188442468643188
1763596108.185785,-0.6520353369891643,-0.1452151111423969,-0.13307444536313415,-0.10599512606859207,-0.2777479588985443,0.6059058904647827,,,,,,
1763596108.187191,,,,,,,0.039954960346221924,-0.0643218457698822,-0.0569932758808136,0.20863470435142517,0.4778369069099426,-0.4770486652851105
1763596108.195837,-0.7644318821132182,-0.39595878133550283,0.04297046913318336,-0.13207919895648956,-0.2846553921699524,0.4969269037246704,,,,,,
1763596108.197222,,,,,,,0.02553659677505493,-0.07759764790534973,-0.07313166558742523,0.27209943532943726,0.475306898355484,-0.4212959110736847
1763596108.205891,-1.1484767921626566,-0.6681045743890106,0.2280268114723265,-0.1684209704399109,-0.24902468919754028,0.39753425121307373,,,,,,
1763596108.207252,,,,,,,0.04028433561325073,-0.08896711468696594,-0.12731017172336578,0.3480425775051117,0.446393758058548,-0.3666810393333435
1763596108.215944,-1.3526537953615188,-0.927515096770972,0.04139233309626579,-0.17923983931541443,-0.12960024178028107,0.2901860475540161,,,,,,
1763596108.217283,,,,,,,0.053558170795440674,-0.14485496282577515,-0.18059921264648438,0.3693965971469879,0.3604485094547272,-0.28551480174064636
1763596108.225996,-1.1602701058089733,-0.8175605379715561,0.05032024737410247,-0.1835900992155075,-0.0874682366847992,0.1866045445203781,,,,,,
1763596108.227314,,,,,,,0.08868157863616943,-0.17420744895935059,-0.20383606851100922,0.3732896149158478,0.2571040093898773,-0.1682499647140503
1763596108.23605,-1.1563947256803513,-0.6702826490804553,0.4316074562132358,-0.2096681147813797,-0.1194942370057106,0.058250028640031815,,,,,,
1763596108.237344,,,,,,,0.10835546255111694,-0.2192726731300354,-0.25666356086730957,0.35543549060821533,0.11772853136062622,-0.0726454108953476
1763596108.246103,-1.4069056100308894,-0.610589812400937,0.36191622648015614,-0.21643094718456268,-0.07554515451192856,-0.05826886370778084,,,,,,
1763596108.247374,,,,,,,0.1268099546432495,-0.23325973749160767,-0.29028522968292236,0.3420698940753937,-0.0431133434176445,0.028620757162570953
1763596108.256155,-1.5659674602180718,-0.42929961766228075,0.12064882516264915,-0.20783241093158722,0.025620875880122185,-0.14197558164596558,,,,,,
1763596108.257405,,,,,,,0.1466262936592102,-0.23797661066055298,-0.3053171634674072,0.28912919759750366,-0.22702431678771973,0.10922319442033768
1763596108.266209,-1.5172241798371076,-0.2132929143294692,0.17159093076214194,-0.19489717483520508,0.06175011396408081,-0.23768585920333862,,,,,,
1763596108.267436,,,,,,,0.16914063692092896,-0.24500787258148193,-0.29166173934936523,0.21724247932434082,-0.4106474220752716,0.1897377371788025
1763596108.276262,-1.456674141806364,0.03629384091347456,0.27948797250986096,-0.18676528334617615,0.06616515666246414,-0.3416764438152313,,,,,,
1763596108.277466,,,,,,,0.1870652437210083,-0.22445622086524963,-0.2644379138946533,0.11718782037496567,-0.5653131604194641,0.2432229369878769
1763596108.286314,-1.4053531198918818,0.30628815502151846,0.10088380198478698,-0.16321203112602234,0.08320832252502441,-0.4353156089782715,,,,,,
1763596108.287497,,,,,,,0.18687856197357178,-0.18563181161880493,-0.2204347848892212,0.047692231833934784,-0.6909754872322083,0.30241161584854126
1763596108.296368,-1.3644798422336577,0.47462227594479917,0.06541618276238441,-0.1463240534067154,0.09559329599142075,-0.5056437849998474,,,,,,
1763596108.297527,,,,,,,0.1788496971130371,-0.14048197865486145,-0.1731068193912506,0.059494294226169586,-0.7845948934555054,0.34999483823776245
1763596108.306421,-1.35944009450078,0.5306745641648769,0.2063126269880682,-0.14861196279525757,0.10513780266046524,-0.559619665145874,,,,,,
1763596108.307558,,,,,,,0.16034042835235596,-0.07646182179450989,-0.13246871531009674,0.14712974429130554,-0.8276981711387634,0.4189094603061676
1763596108.316473,-1.3320178345680236,0.527528082832694,0.19385536954030394,-0.14303041994571686,0.11320867389440536,-0.6181874871253967,,,,,,
1763596108.317588,,,,,,,0.14267462491989136,-0.03132021427154541,-0.10702824592590332,0.24728962779045105,-0.860754668712616,0.4619530737400055
1763596108.326527,-1.2335036843240261,0.5920438096240163,0.11754384488463401,-0.13263556361198425,0.12493190914392471,-0.6734435558319092,,,,,,
1763596108.327619,,,,,,,0.13498800992965698,-0.021987169981002808,-0.07776163518428802,0.3349476158618927,-0.8686253428459167,0.5305836796760559
1763596108.33658,-1.1748784768760203,0.67639572513327,0.12122618665918707,-0.12557736039161682,0.14955495297908783,-0.7290926575660706,,,,,,
1763596108.337649,,,,,,,0.12619954347610474,-0.056326985359191895,-0.08125445246696472,0.350430965423584,-0.8605850338935852,0.5745647549629211
1763596108.346632,-1.096054531008005,0.7248906567763537,-0.054998906709626316,-0.09642799198627472,0.19239456951618195,-0.8021796345710754,,,,,,
1763596108.34768,,,,,,,0.1213001012802124,-0.07474294304847717,-0.09403371810913086,0.3625681698322296,-0.8997697234153748,0.6424392461776733
1763596108.356686,-0.9386807800382375,0.7479996566198766,-0.12327566653490066,-0.05819986015558243,0.21672803163528442,-0.8877105116844177,,,,,,
1763596108.357711,,,,,,,0.12855857610702515,-0.09874081611633301,-0.09684333205223083,0.3511674404144287,-0.935627818107605,0.7173597812652588
1763596108.366738,-0.7429600550174713,0.7242340925637633,-0.0023170447707176207,-0.03191472589969635,0.2274584323167801,-0.9830487370491028,,,,,,
1763596108.367741,,,,,,,0.12357759475708008,-0.13411173224449158,-0.1153535544872284,0.30159997940063477,-1.0227235555648804,0.7932093143463135
1763596108.376791,-0.5259995580911636,0.6645825377427041,-0.016271920365095137,-0.004243898205459118,0.23011654615402222,-1.0844111442565918,,,,,,
1763596108.377772,,,,,,,0.13637268543243408,-0.15600243210792542,-0.11634528636932373,0.22233474254608154,-1.111517071723938,0.870046079158783
1763596108.386845,-0.4193389262706041,0.4775624941151589,-0.08106967896819114,0.026067135855555534,0.22105273604393005,-1.1949259042739868,,,,,,
1763596108.387802,,,,,,,0.1313297152519226,-0.18634337186813354,-0.11946737766265869,0.14513638615608215,-1.1949410438537598,0.9304108023643494
1763596108.396898,-0.3752203830808401,0.2611924373626709,-0.2816577177643776,0.07445496320724487,0.2149585783481598,-1.2906900644302368,,,,,,
1763596108.397834,,,,,,,0.12111616134643555,-0.1934364140033722,-0.12705855071544647,0.06493155658245087,-1.2868707180023193,0.9773146510124207
1763596108.40695,-0.3409147933751345,0.09713069652896374,-0.5255985760748386,0.14011625945568085,0.2098650187253952,-1.3659675121307373,,,,,,
1763596108.407863,,,,,,,0.1264057159423828,-0.16440311074256897,-0.1022816002368927,-0.010861930437386036,-1.3712316751480103,1.0233432054519653
1763596108.417004,-0.3215940068334341,-0.031930932996235784,-0.5275530711434782,0.18970322608947754,0.19358697533607483,-1.411098599433899,,,,,,
1763596108.417894,,,,,,,0.11587876081466675,-0.1414627730846405,-0.07280400395393372,-0.09419757127761841,-1.4064059257507324,1.0444092750549316
1763596108.427057,-0.2735708574205637,-0.04725148918693885,-0.3414681894741952,0.2061687558889389,0.18859434127807617,-1.4191617965698242,,,,,,
1763596108.427924,,,,,,,0.09017956256866455,-0.1312744915485382,-0.06358706951141357,-0.14808852970600128,-1.4206080436706543,1.0726042985916138
1763596108.437109,-0.12411094831526279,-0.03107413350380957,-0.25005817214697595,0.2124386578798294,0.19442927837371826,-1.4038653373718262,,,,,,
1763596108.437955,,,,,,,0.08085131645202637,-0.10630181431770325,-0.06509515643119812,-0.15298901498317719,-1.4378455877304077,1.1049803495407104
1763596108.447163,-0.04255903878808021,-0.02084785911166109,-0.21576792614087462,0.22871802747249603,0.1762891560792923,-1.3820239305496216,,,,,,
1763596108.447986,,,,,,,0.07690626382827759,-0.07248806953430176,-0.060322701930999756,-0.06724962592124939,-1.4346644878387451,1.142910122871399
1763596108.457216,-0.12269698986411094,-0.10209498613914474,-0.09771554721221327,0.22714419662952423,0.13920991122722626,-1.3679373264312744,,,,,,
1763596108.458016,,,,,,,0.0666995644569397,-0.06668677926063538,-0.08416631817817688,0.05202936381101608,-1.4140913486480713,1.1950910091400146
1763596108.467268,-0.28789456632733346,-0.2506404655469581,-0.07130319497436284,0.2257087528705597,0.1330031454563141,-1.3712860345840454,,,,,,
1763596108.468047,,,,,,,0.07424098253250122,-0.057153910398483276,-0.11567065119743347,0.1408144235610962,-1.4629544019699097,1.2344669103622437
1763596108.477322,-0.4217623540252447,-0.38838969778809695,-0.2155551601730287,0.23103240132331848,0.13316427171230316,-1.4064122438430786,,,,,,
1763596108.478077,,,,,,,0.1019013524055481,-0.029099732637405396,-0.07765552401542664,0.2098749727010727,-1.4709628820419312,1.2837622165679932
1763596108.487375,-0.5891670851439237,-0.46443793186508114,-0.1575543682336807,0.22144076228141785,0.11126456409692764,-1.4540983438491821,,,,,,
1763596108.488108,,,,,,,0.08773607015609741,-0.052418917417526245,-0.07580885291099548,0.2779361605644226,-1.474416732788086,1.3090025186538696
1763596108.497427,-0.5628869809836149,-0.4778934065699577,-0.12140285840034484,0.1991908848285675,0.11755730211734772,-1.504871129989624,,,,,,
1763596108.498138,,,,,,,0.08901792764663696,-0.031961262226104736,-0.08746549487113953,0.35093793272972107,-1.5258060693740845,1.3384664058685303
