timestamp,phone_accel_x,phone_accel_y,phone_accel_z,phone_gyro_x,phone_gyro_y,phone_gyro_z,watch_accel_x,watch_accel_y,watch_accel_z,watch_gyro_x,watch_gyro_y,watch_gyro_z
1763596090.864544,0.28200368165783585,0.522449756655097,-0.13685893233790994,-0.1254362165927887,-0.7406999468803406,-1.2956135272979736,,,,,,
1763596090.874434,,,,,,,0.04921245574951172,0.08202016353607178,0.05114090442657471,-0.8492787480354309,0.15350490808486938,1.404018759727478
1763596090.874597,0.1859471536990255,0.4568184698373079,-0.15483999470844864,-0.07958110421895981,-0.7446912527084351,-1.1927686929702759,,,,,,
1763596090.884465,,,,,,,0.03425133228302002,0.09644752740859985,0.055040955543518066,-0.983011782169342,0.1697874814271927,1.3233762979507446
1763596090.88465,0.17602642899155616,0.4233621904373169,-0.10820683834925293,-0.05949985980987549,-0.7377330660820007,-1.0977246761322021,,,,,,
1763596090.894495,,,,,,,0.020505189895629883,0.11406630277633667,0.045348409563302994,-0.9900431632995605,0.2045142948627472,1.269783616065979
1763596090.894703,0.24810711114443837,0.48942543893158436,-0.04207271657586097,-0.060814931988716125,-0.7122018933296204,-1.01308012008667,,,,,,
1763596090.904526,,,,,,,0.029322266578674316,0.14283785223960876,0.0335305891931057,-0.8895439505577087,0.1910347044467926,1.240791916847229
1763596090.904756,0.24305552684329448,0.48705754075646396,-0.03137932699546218,-0.06567972153425217,-0.6515169143676758,-0.9493581652641296,,,,,,
1763596090.914557,,,,,,,0.05576986074447632,0.18457430601119995,0.007181048393249512,-0.7135428190231323,0.16689394414424896,1.218388319015503
1763596090.914809,0.19413352889455854,0.3644312780410051,-0.022686463582515717,-0.07330594956874847,-0.5843666195869446,-0.8937590718269348,,,,,,
1763596090.924587,,,,,,,0.07331079244613647,0.22073298692703247,-0.033991698175668716,-0.5337511897087097,0.1590975522994995,1.178922176361084
1763596090.924862,0.08979659078121185,0.24744389799535274,0.06172288120239973,-0.08534178882837296,-0.533320426940918,-0.8364850878715515,,,,,,
1763596090.934618,,,,,,,0.06847864389419556,0.23236289620399475,-0.06094801425933838,-0.38672301173210144,0.16396313905715942,1.1160626411437988
1763596090.934915,-0.06160407712832093,0.13027940781712533,0.09834463889598846,-0.09975561499595642,-0.5027366876602173,-0.7813717722892761,,,,,,
1763596090.944648,,,,,,,0.0518757700920105,0.21326613426208496,-0.05380844697356224,-0.3334728181362152,0.170662060379982,1.0445843935012817
1763596090.944967,-0.17599698370136319,0.048371524459123606,0.1367676007926464,-0.10017873346805573,-0.4656263291835785,-0.7266259789466858,,,,,,
1763596090.954679,,,,,,,0.02855128049850464,0.19462966918945312,-0.016803506761789322,-0.3837969899177551,0.1712317019701004,0.953413724899292
1763596090.95502,-0.20698110083416102,0.05248655856251716,0.12325827700868248,-0.09318394213914871,-0.41715681552886963,-0.6792675256729126,,,,,,
1763596090.964709,,,,,,,0.007713377475738525,0.17644885182380676,0.0072735510766506195,-0.4882972836494446,0.16407419741153717,0.8404309749603271
1763596090.965073,-0.18941490287482737,0.12101356682181358,0.046503392499685284,-0.08377747237682343,-0.36583197116851807,-0.6413759589195251,,,,,,
1763596090.97474,,,,,,,0.001980721950531006,0.15353867411613464,0.010106559842824936,-0.5966765284538269,0.17688798904418945,0.7135246992111206
1763596090.975126,-0.15723346571624278,0.18801848008036612,-0.01967149967551231,-0.059962958097457886,-0.31205156445503235,-0.6138215661048889,,,,,,
1763596090.984771,,,,,,,0.002093195915222168,0.14982619881629944,-0.0011167526245117188,-0.7110992670059204,0.16243980824947357,0.590508222579956
1763596090.985179,-0.07256839260458946,0.2242570836752653,-0.07081015076041221,-0.03262072801589966,-0.2793731093406677,-0.5782519578933716,,,,,,
1763596090.994802,,,,,,,0.016685545444488525,0.16702289879322052,-0.017706625163555145,-0.7795917987823486,0.12386232614517212,0.48051851987838745
1763596090.995232,0.034075434211641546,0.1996276693314314,-0.043942017579078674,-0.013091234490275383,-0.28918206691741943,-0.5248710513114929,,,,,,
1763596091.004832,,,,,,,0.02367478609085083,0.18221653997898102,-0.03320169448852539,-0.8302432298660278,0.09483040869235992,0.37064793705940247
1763596091.005285,0.12752148741111158,0.16305705730319023,-0.04194178367257118,0.007782924920320511,-0.3073599636554718,-0.4471016228199005,,,,,,
1763596091.014862,,,,,,,0.0200270414352417,0.19465194642543793,-0.04195750504732132,-0.8268429636955261,0.07376320660114288,0.27027764916419983
1763596091.015338,0.2603318750105798,0.18497019842565057,-0.12555676320940257,0.03724521026015282,-0.3059026598930359,-0.35572803020477295,,,,,,
1763596091.024893,,,,,,,0.01757371425628662,0.20350980758666992,-0.046721696853637695,-0.8086317181587219,0.023825474083423615,0.16012825071811676
1763596091.025391,0.3194154937505722,0.19890110862255095,-0.17980141748562453,0.06767353415489197,-0.29015153646469116,-0.25545525550842285,,,,,,
1763596091.034923,,,,,,,0.0149993896484375,0.20953580737113953,-0.04375946521759033,-0.7938995957374573,-0.021661849692463875,0.0678524523973465
1763596091.035443,0.32852819001078604,0.1948953801125288,-0.14694763402342795,0.09368010610342026,-0.2646283507347107,-0.16481298208236694,,,,,,
1763596091.044954,,,,,,,0.006925344467163086,0.205675408244133,-0.04140520095825195,-0.812531054019928,-0.038821395486593246,-0.016931412741541862
1763596091.045496,0.32830928656309843,0.1963771431028843,-0.06197086461409926,0.10309118032455444,-0.23499590158462524,-0.09032968431711197,,,,,,
1763596091.054985,,,,,,,-0.005525946617126465,0.19422495365142822,-0.036251671612262726,-0.8422194719314575,-0.04966951534152031,-0.09257197380065918
1763596091.055549,0.31532427891418335,0.2004717189401388,0.0151145670235157,0.09892013669013977,-0.19563597440719604,-0.04009794071316719,,,,,,
1763596091.065015,,,,,,,-0.012027204036712646,0.17470914125442505,-0.03074764460325241,-0.8900695443153381,-0.06539974361658096,-0.17174509167671204
1763596091.065602,0.34951267198100683,0.17685761911869047,-0.0051135436214506625,0.0841498002409935,-0.14164109528064728,-0.005860744044184685,,,,,,
1763596091.075046,,,,,,,-0.018016457557678223,0.15209507942199707,-0.019497990608215332,-0.9246006011962891,-0.06807009130716324,-0.227974072098732
1763596091.075655,0.4207284809328615,0.15444646534621714,-0.05449629094973206,0.07194533199071884,-0.07285191118717194,0.015554798766970634,,,,,,
1763596091.085076,,,,,,,-0.02412360906600952,0.1326281875371933,-0.018233060836791992,-0.9671009182929993,-0.04485345259308815,-0.2632162272930145
1763596091.085708,0.5519057143725454,0.1462491303652525,-0.06388824254274368,0.06211338937282562,-0.023731855675578117,0.03769965097308159,,,,,,
1763596091.095107,,,,,,,-0.026404261589050293,0.1328679621219635,-0.026496522128582,-0.9311022162437439,-0.035624269396066666,-0.2920052707195282
1763596091.095761,0.6725096774801611,0.13777940818369389,-0.08066270560249686,0.05137552320957184,-0.018902478739619255,0.061558909714221954,,,,,,
1763596091.105138,,,,,,,-0.014797985553741455,0.1286638230085373,-0.041633956134319305,-0.8541185259819031,-0.03956308588385582,-0.31745389103889465
1763596091.105814,0.7782954261623323,0.1938929250717163,-0.19027488070502876,0.06335783004760742,-0.02983970008790493,0.08642670512199402,,,,,,
1763596091.115168,,,,,,,-0.0012930035591125488,0.12497778236865997,-0.05080068111419678,-0.7759614586830139,-0.07025761157274246,-0.31068506836891174
1763596091.115867,0.862110166054964,0.2393582066953182,-0.2876819464899599,0.09506489336490631,-0.06751623749732971,0.11288254708051682,,,,,,
1763596091.125199,,,,,,,0.004957258701324463,0.11784783005714417,-0.04587375372648239,-0.6917805075645447,-0.09243056178092957,-0.3015919625759125
1763596091.125919,0.8561952429227531,0.22825638244450092,-0.2271295703716576,0.1257571429014206,-0.13693009316921234,0.13574230670928955,,,,,,
1763596091.135229,,,,,,,-0.004777252674102783,0.09776000678539276,-0.04068171977996826,-0.6313412189483643,-0.08747601509094238,-0.2886345088481903
1763596091.135972,0.8091818550743162,0.14645955824553966,-0.17795549735799432,0.1577366441488266,-0.2094961702823639,0.15313459932804108,,,,,,
1763596091.14526,,,,,,,-0.017734646797180176,0.07759733498096466,-0.04255831241607666,-0.5811361074447632,-0.06092776358127594,-0.2716539204120636
1763596091.146025,0.7338710318937898,0.054850949606299396,-0.11657368467822671,0.18433061242103577,-0.2587127387523651,0.16376617550849915,,,,,,
1763596091.15529,,,,,,,-0.017537593841552734,0.06810419261455536,-0.036260366439819336,-0.5450282692909241,-0.07307230681180954,-0.2659848630428314
1763596091.156078,0.6173265733100474,-0.01895487583875656,0.015566840835660695,0.1859162598848343,-0.29431813955307007,0.1694142073392868,,,,,,
1763596091.165322,,,,,,,-0.013227880001068115,0.060621753334999084,-0.024165034294128418,-0.49314749240875244,-0.06995002180337906,-0.27888360619544983
1763596091.166131,0.47863078093379735,-0.029081717577576636,0.11119009194374084,0.18196608126163483,-0.3010288178920746,0.16568318009376526,,,,,,
1763596091.175352,,,,,,,-0.018350601196289062,0.047469720244407654,-0.01517188549041748,-0.46639230847358704,-0.048075348138809204,-0.27024325728416443
1763596091.176184,0.305369578871876,-0.03923018662631511,0.08694280878528952,0.172649547457695,-0.2816236913204193,0.1558704972267151,,,,,,
1763596091.185382,,,,,,,-0.020309269428253174,0.047054633498191833,-0.02319777011871338,-0.43259385228157043,-0.040306106209754944,-0.270460307598114
1763596091.186237,0.10870338969454169,-0.055769818016886706,0.05393164280429482,0.16094832122325897,-0.2650357484817505,0.14794906973838806,,,,,,
1763596091.195413,,,,,,,-0.006898164749145508,0.045537352561950684,-0.027733802795410156,-0.39531609416007996,-0.049343012273311615,-0.2695043683052063
1763596091.19629,-0.04439955208823085,-0.018678981506824493,0.05916282145604491,0.15318921208381653,-0.22822049260139465,0.13780508935451508,,,,,,
1763596091.205443,,,,,,,-0.0028117895126342773,0.02493000030517578,-0.016579747200012207,-0.3843899667263031,-0.037610456347465515,-0.24692685902118683
1763596091.206343,-0.05094619725272059,0.03609539573192596,0.0954008405290544,0.14191915094852448,-0.1720154881477356,0.12701141834259033,,,,,,
1763596091.215474,,,,,,,-0.00874263048171997,0.013874948024749756,-0.009870178997516632,-0.32644009590148926,-0.021358247846364975,-0.2186734527349472
1763596091.216395,-0.03387961937859654,-0.001772270369529724,0.15537293254137038,0.11115085333585739,-0.11965640634298325,0.12761755287647247,,,,,,
1763596091.225505,,,,,,,-0.0070272088050842285,0.012912511825561523,-0.023522742092609406,-0.23585985600948334,-0.011383645236492157,-0.18831795454025269
1763596091.226448,-0.06304419293403625,-0.13766191928386687,0.13250409812927244,0.08638635277748108,-0.06496208161115646,0.13577055931091309,,,,,,
1763596091.235535,,,,,,,0.0026067495346069336,0.029555588960647583,-0.03887558728456497,-0.14127695560455322,-0.029499799013137817,-0.1586466133594513
1763596091.236501,-0.10619023782983422,-0.20588088450729847,0.12358663218021392,0.060891903936862946,-0.017509082332253456,0.14529642462730408,,,,,,
1763596091.245566,,,,,,,0.00733572244644165,0.040265947580337524,-0.02930891513824463,-0.05177689716219902,-0.05619426071643829,-0.1438831090927124
1763596091.246554,-0.14983809476792811,-0.17191782462894917,0.16462474501132965,0.040387436747550964,0.014031333848834038,0.15073668956756592,,,,,,
1763596091.255596,,,,,,,-0.0031058788299560547,0.006861001253128052,-0.00807034969329834,-0.02556181326508522,-0.0354040265083313,-0.1182776689529419
1763596091.256607,-0.1957455672010779,-0.10656067857742309,0.15944938820004462,0.033895447850227356,0.05002661794424057,0.14382100105285645,,,,,,
1763596091.265627,,,,,,,-0.01858985424041748,-0.028725773096084595,0.0005480051040649414,-0.02879994921386242,0.013201592490077019,-0.08895307034254074
1763596091.26666,-0.2364100244142115,-0.09283201295435428,0.15422025537490844,0.029306907206773758,0.08190827071666718,0.11619292944669724,,,,,,
1763596091.275657,,,,,,,-0.01300191879272461,-0.03984123468399048,-0.01099645346403122,-0.012772614136338234,0.0429546944797039,-0.06829706579446793
1763596091.276713,-0.28781711717694997,-0.1722510021060705,0.21042773415669797,0.018928037956357002,0.09344375133514404,0.08382806181907654,,,,,,
1763596091.285688,,,,,,,0.002715766429901123,-0.0238417387008667,-0.017873995006084442,0.03811027482151985,0.03608400374650955,-0.054757289588451385
1763596091.286766,-0.2889586884275079,-0.18228432034254072,0.20694062269330024,0.00911830272525549,0.09378638118505478,0.05597928166389465,,,,,,
1763596091.295719,,,,,,,0.010949373245239258,-0.011347174644470215,-0.014880657196044922,0.10004273056983948,0.03627442196011543,-0.04078734293580055
1763596091.296818,-0.23864099833667277,-0.10863514676392078,0.18534005465134978,0.0042998455464839935,0.09474565088748932,0.047498974949121475,,,,,,
1763596091.305749,,,,,,,0.0055315494537353516,-0.007407099008560181,-0.011704809963703156,0.1450600028038025,0.03813277557492256,-0.039001960307359695
1763596091.306871,-0.22454795638062058,-0.0656254415988922,0.10618059321865439,0.007615814916789532,0.09509880095720291,0.0520063154399395,,,,,,
1763596091.31578,,,,,,,0.0013017058372497559,-0.01591530442237854,-0.0076720863580703735,0.14056946337223053,0.030088163912296295,-0.04586799070239067
1763596091.316924,-0.22569734561145305,-0.02489011110663414,0.050032881800085305,0.002910009352490306,0.10219745337963104,0.05291525274515152,,,,,,
1763596091.32581,,,,,,,0.0015881657600402832,-0.04000788927078247,0.0060427188873291016,0.09805741906166077,0.03533245995640755,-0.04409512132406235
1763596091.326977,-0.18870185923464594,0.05393967998027801,0.04245587067455053,0.00032824743539094925,0.12396378070116043,0.044956859201192856,,,,,,
1763596091.335841,,,,,,,0.0030127763748168945,-0.06694096326828003,0.010317452251911163,0.026240002363920212,0.04732813686132431,-0.02145545929670334
1763596091.33703,-0.1310685123682022,0.039024434921145434,0.05169643109813332,-0.006044697482138872,0.1263401210308075,0.027932334691286087,,,,,,
1763596091.345871,,,,,,,0.008296608924865723,-0.05959257483482361,-0.005444645881652832,0.02249586395919323,0.05497593805193901,-0.013181017711758614
1763596091.347083,-0.1409166832961142,-0.06596621786057949,0.06567907148227095,-0.012345615774393082,0.09806257486343384,0.01623539999127388,,,,,,
1763596091.355902,,,,,,,0.016328036785125732,-0.04120349884033203,-0.01954805850982666,0.04167337715625763,0.032192595303058624,-0.0017654437106102705
1763596091.357136,-0.1392810449182987,-0.122532739213109,0.011821516827493906,-0.006902115419507027,0.061577267944812775,0.012293389067053795,,,,,,
1763596091.365933,,,,,,,0.020630240440368652,-0.01990872621536255,-0.010042183101177216,0.05057765915989876,-0.001671096426434815,0.019441839307546616
1763596091.367189,-0.15022117580138147,-0.03194178318381309,-0.021357406935840845,-0.0013942853547632694,0.02834777906537056,0.01155735645443201,,,,,,
1763596091.375963,,,,,,,0.011011004447937012,-0.022479981184005737,0.0036641359329223633,0.06310931593179703,0.004870958626270294,0.022309066727757454
1763596091.377242,-0.1948792326953262,-0.005369418078660965,-0.03119944038391113,0.002490201499313116,0.025963716208934784,-0.002495345426723361,,,,,,
1763596091.385994,,,,,,,-0.0012412071228027344,-0.036109089851379395,0.0027854442596435547,0.0557885505259037,0.04035678133368492,0.02889266610145569
1763596091.387294,-0.24006891224794089,-0.033680735805630684,-0.057673751942068335,0.0026064193807542324,0.050018537789583206,-0.0255239587277174,,,,,,
1763596091.396024,,,,,,,0.0015688538551330566,-0.026786893606185913,-0.007207989692687988,0.06462159752845764,0.03275931626558304,0.0283239483833313
1763596091.397347,-0.2687429258074611,-0.09518062190711497,0.05952770924568176,-0.0037390943616628647,0.06169090420007706,-0.04412933439016342,,,,,,
1763596091.406055,,,,,,,0.011640608310699463,-0.006388336420059204,-0.005422703921794891,0.06751885265111923,0.0010384035995230079,0.020222347229719162
1763596091.4074,-0.25581235175952316,-0.08440145373940468,0.14405410453900694,-0.020043112337589264,0.04784950241446495,-0.04054107889533043,,,,,,
1763596091.416085,,,,,,,0.005594193935394287,-0.0002454817295074463,0.007961861789226532,0.05674052610993385,0.003345233853906393,0.010423644445836544
1763596091.417453,-0.17042356748320162,0.00953881271779537,0.12728548669815062,-0.022187490016222,0.043901100754737854,-0.020143665373325348,,,,,,
1763596091.426116,,,,,,,-0.009875774383544922,-0.011844098567962646,0.015894286334514618,0.044230859726667404,0.02644043229520321,0.01316776592284441
1763596091.427506,-0.12577931991890073,0.021697452545166016,-0.019462094708532093,-0.016139201819896698,0.057154979556798935,-0.008659731596708298,,,,,,
1763596091.436147,,,,,,,-0.012418568134307861,-0.024112552404403687,0.008569009602069855,0.03190081939101219,0.04902084171772003,0.01909516379237175
1763596091.437559,-0.13260273619815707,-0.007186112111806869,-0.10050839280113577,-0.006740108132362366,0.0821375623345375,-0.011568702757358551,,,,,,
1763596091.446177,,,,,,,0.0020801424980163574,-0.01287791132926941,-0.001662135124206543,0.050941888242959976,0.03630930930376053,0.028159763664007187
1763596091.447612,-0.1555694780267775,-0.03341945452094078,-0.02171148107051849,-0.006720547564327717,0.07425183802843094,-0.010993790812790394,,,,,,
1763596091.456208,,,,,,,0.012546896934509277,0.009904086589813232,-0.0054993703961372375,0.09090409427881241,0.008716030046343803,0.024753915145993233
1763596091.457665,-0.16088994239717722,-0.03841828572154045,0.07756123245581983,-0.013139830902218819,0.046550434082746506,0.0024796731304377317,,,,,,
1763596091.466238,,,,,,,0.007815420627593994,0.01623120903968811,-0.0003671720623970032,0.0935097336769104,0.002846956253051758,0.008863631635904312
1763596091.467717,-0.16368439542129634,-0.018172201028466225,-0.01744330223202705,-0.007932998239994049,0.03090425208210945,0.019558357074856758,,,,,,
1763596091.476269,,,,,,,-0.0020905733108520508,0.004133790731430054,0.011403553187847137,0.08302087336778641,-0.006003793329000473,0.00354070495814085
1763596091.47777,-0.2053160902313888,-0.00013677812218666077,-0.09806421451941132,-0.0009983931668102741,0.04256144165992737,0.024770695716142654,,,,,,
1763596091.486299,,,,,,,-0.005091845989227295,-0.0245058536529541,0.017213456332683563,0.025055568665266037,0.016417626291513443,0.008625212125480175
1763596091.487823,-0.20925606002882122,0.030637714847922323,-0.07411839852556586,-0.0016534188762307167,0.07144325226545334,0.010111283510923386,,,,,,
1763596091.49633,,,,,,,-0.0029984116554260254,-0.022631794214248657,0.01358889788389206,0.005617697723209858,0.028470827266573906,0.016831276938319206
1763596091.497876,-0.16150968173071742,0.03825286602675915,0.0068108490586280815,-0.018287524580955505,0.08452390134334564,-0.009399833157658577,,,,,,
1763596091.506361,,,,,,,0.0067751407623291016,-0.005219548940658569,-0.002289779484272003,0.0355183407664299,0.009768778458237648,-0.004907308146357536
1763596091.507929,-0.14219167166799307,0.008783025914430618,0.016118775629997254,-0.030498547479510307,0.07946497946977615,-0.022218910977244377,,,,,,
1763596091.516391,,,,,,,0.012694001197814941,-0.006444603204727173,-0.0019495412707328796,0.03870944678783417,-0.00021328218281269073,0.0008319371845573187
1763596091.517982,-0.04468041485622525,0.03444645948112011,-0.0924351225912571,-0.02082807756960392,0.08020613342523575,-0.018909666687250137,,,,,,
1763596091.526422,,,,,,,0.0026168227195739746,-0.008160650730133057,0.013766162097454071,0.013226723298430443,0.01586688496172428,0.02626139670610428
1763596091.528035,0.013827742083370684,0.0553039540708065,-0.06837386352419852,-0.0024627195671200752,0.05799243226647377,-0.010015983134508133,,,,,,
1763596091.536452,,,,,,,-0.009685516357421875,0.0006813406944274902,0.01606488972902298,0.034415118396282196,0.025460921227931976,0.02967330627143383
1763596091.538088,-0.057405456394702195,0.0326081381380558,0.014527560915797948,0.007431190460920334,0.016514496877789497,-0.005446264985948801,,,,,,
1763596091.546483,,,,,,,-0.004752159118652344,-0.003707200288772583,0.0044640302658081055,0.046565260738134384,0.022575920447707176,0.015221396461129189
1763596091.548141,-0.056215077566355465,0.04290273765921592,-0.02578340668454766,0.020737895742058754,0.004858299158513546,-0.00023880566004663706,,,,,,
1763596091.556514,,,,,,,0.0018592476844787598,-0.004022538661956787,0.0045374855399131775,0.040814150124788284,0.0200179535895586,0.020446984097361565
1763596091.558193,-0.025448914033174515,0.008946107521653176,-0.05953121637701988,0.029911421239376068,0.012355363927781582,0.004670731723308563,,,,,,
1763596091.566544,,,,,,,0.0006847381591796875,0.0046904683113098145,0.003917336463928223,0.04654607176780701,0.02608463354408741,0.007161804474890232
1763596091.568246,-0.11172361429855227,-0.08933306492269039,-0.02148936275243759,0.029392054304480553,0.0032112521585077047,0.007409805431962013,,,,,,
1763596091.576575,,,,,,,-0.00412750244140625,0.01615390181541443,0.0015950202941894531,0.040066979825496674,0.02036363258957863,-0.02603735961019993
1763596091.578299,-0.21959932099729776,-0.11338614068329333,-0.019395751474052668,0.030848270282149315,-0.010123195126652718,0.005249449051916599,,,,,,
1763596091.586605,,,,,,,-0.004366159439086914,0.0017015933990478516,0.003283165395259857,0.016848742961883545,0.025209520012140274,-0.02826615981757641
1763596091.588352,-0.24685236184298992,-0.01944061352908611,-0.01683320750966668,0.03267328441143036,0.003003111109137535,-0.009321494959294796,,,,,,
1763596091.596637,,,,,,,-0.004722774028778076,-0.016643881797790527,0.010172009468078613,-0.027212006971240044,0.04317493736743927,-0.012914234772324562
1763596091.598405,-0.20530439979359508,0.07937865714132786,0.012923632850497961,0.022781504318118095,0.034366361796855927,-0.02430896647274494,,,,,,
1763596091.606666,,,,,,,-0.00560152530670166,-0.00907549262046814,0.014033570885658264,0.00024891109205782413,0.05196337029337883,-0.0006676889024674892
1763596091.608458,-0.13246844229400156,0.05923778638839721,0.057401364741474385,-0.003543886821717024,0.07239861786365509,-0.031051374971866608,,,,,,
1763596091.616697,,,,,,,-0.0006589889526367188,-0.0014752447605133057,-0.0023425817489624023,0.054579958319664,0.03872639313340187,0.015278787352144718
1763596091.618511,-0.005638152017444372,-0.0004898293435573578,-0.018867197555303573,-0.0259139072149992,0.12061701714992523,-0.021706342697143555,,,,,,
1763596091.626728,,,,,,,0.009556710720062256,0.008050113916397095,-0.011776790022850037,0.08526356518268585,0.01940702460706234,0.03374461084604263
1763596091.628564,0.08910714721232652,-0.035944004562497134,-0.08052724265456199,-0.03056276962161064,0.14472725987434387,5.4889125749468803e-05,,,,,,
1763596091.636758,,,,,,,0.007080793380737305,0.013481318950653076,-0.010741934180259705,0.08770719915628433,0.012912373058497906,0.032295454293489456
1763596091.638616,0.03698386900424957,-0.08277882097363472,-0.06873261383399366,-0.02073756977915764,0.1136614978313446,0.017424292862415314,,,,,,
1763596091.646789,,,,,,,-0.004305481910705566,-0.000546187162399292,-0.008200988173484802,0.06628792732954025,0.03083091974258423,0.016660301014780998
1763596091.648669,-0.05464256755262613,-0.07884674222171306,-0.007746084082126617,0.007519873790442944,0.05812372639775276,0.015531987883150578,,,,,,
1763596091.656819,,,,,,,-0.011343836784362793,-0.026081860065460205,-0.001228928565979004,0.011443600058555603,0.043508365750312805,0.013052317313849926
1763596091.658722,-0.05691051248461008,-0.05668868642747402,0.06494637329354881,0.037884436547756195,0.0031797820702195168,-0.005496865138411522,,,,,,
1763596091.66685,,,,,,,-0.011137187480926514,-0.021168142557144165,0.005895495414733887,-0.0034847487695515156,0.04414033517241478,0.004173338878899813
1763596091.668775,-0.10008651412725449,-0.10076163690984248,0.11894772033318876,0.050445519387722015,-0.05011286213994026,-0.02201816812157631,,,,,,
1763596091.67688,,,,,,,-0.006597340106964111,0.0020254850387573242,-0.002858974039554596,0.0072387163527309895,0.022394558414816856,-0.011371931992471218
1763596091.678828,-0.1562296955011785,-0.10590367597341536,0.0913854674078524,0.05166391283273697,-0.07656950503587723,-0.0273255817592144,,,,,,
1763596091.686911,,,,,,,-0.002123534679412842,0.011655449867248535,-0.0025365203619003296,0.01330593042075634,0.00567470071837306,-0.014994630590081215
1763596091.688881,-0.1601474534668028,-0.02498421913087368,-0.04893398064747453,0.04697948321700096,-0.050028957426548004,-0.019543346017599106,,,,,,
1763596091.696942,,,,,,,-0.00027108192443847656,-0.0005677938461303711,0.001734033226966858,-0.0013708136975765228,0.014004535973072052,-0.00927708949893713
1763596091.698934,-0.1420697988539934,0.04874386490285396,-0.089380411195755,0.040752481669187546,0.0038321458268910646,-0.013955499976873398,,,,,,
1763596091.706972,,,,,,,-0.0001195669174194336,-0.007450848817825317,-0.006756551563739777,0.00649669673293829,0.03476414084434509,0.00322485389187932
1763596091.708987,-0.13304945705235002,0.0009480945050716399,-0.00032733225822448726,0.024723336100578308,0.04995613545179367,-0.010247007943689823,,,,,,
1763596091.717003,,,,,,,0.004432618618011475,0.003052234649658203,-0.022176042199134827,0.041646216064691544,0.0383458286523819,0.0008814719039946795
1763596091.719039,-0.10112111787199973,-0.07340425890684127,0.1213221943795681,0.0008385090623050928,0.06686560809612274,-0.0014428640715777874,,,,,,
1763596091.727033,,,,,,,0.009562015533447266,0.017950862646102905,-0.01376749575138092,0.07490004599094391,0.014738502912223339,-0.007659018971025944
1763596091.729092,-0.06352189344838262,-0.05329612137973308,0.17239318705573678,-0.016853203997015953,0.0748329758644104,0.0131065733730793,,,,,,
1763596091.737064,,,,,,,0.0026676058769226074,0.016260623931884766,-0.0006159543991088867,0.07150904834270477,0.014463664963841438,-0.004666091874241829
1763596091.739145,-0.060776686393469566,0.0020300445228815076,0.10105579755082726,-0.02424214594066143,0.08844945579767227,0.019398557022213936,,,,,,
1763596091.747094,,,,,,,-0.00863736867904663,0.0022335946559906006,0.0004458576440811157,0.0588555708527565,0.02957417443394661,0.0015175014268606901
1763596091.749198,-0.07064429267421364,0.003981763112545013,-0.022908435770124195,-0.0207072626799345,0.10786949843168259,0.009768511168658733,,,,,,
1763596091.757125,,,,,,,-0.009569048881530762,-0.008939862251281738,-0.0051752179861068726,0.04267767816781998,0.03446347266435623,0.003045423422008753
1763596091.759251,-0.06485211913883686,-0.012103694769740103,-0.06771569187641144,-0.012835225090384483,0.11013265699148178,-0.0015949306543916464,,,,,,
1763596091.767156,,,,,,,-0.002811253070831299,-0.006534099578857422,-0.009187817573547363,0.05355216562747955,0.019621675834059715,0.007852962240576744
1763596091.769304,0.002105886238068342,-0.023412439769506452,-0.004196867167949677,-0.00872663501650095,0.0791233703494072,-0.0014589692000299692,,,,,,
1763596091.777186,,,,,,,0.0034263134002685547,0.0021331310272216797,-0.012675389647483826,0.0475405715405941,0.00872641708701849,0.003512541763484478
1763596091.779357,0.04789923077225685,-0.04818681554198265,-0.004163111028820276,0.001372072147205472,0.036259256303310394,0.0005900668911635876,,,,,,
1763596091.787217,,,,,,,0.0021785497665405273,0.004989832639694214,-0.015040159225463867,0.03789593279361725,0.007061142008751631,-0.002871055155992508
1763596091.789411,0.04350961751118302,-0.058037178426980966,-0.015904402226954696,0.014362771064043045,-0.007150575518608093,-0.0021046039182692766,,,,,,
1763596091.797247,,,,,,,-0.0005853176116943359,-0.007422327995300293,-0.0035178810358047485,0.009009543806314468,0.009009244851768017,-0.008681139908730984
1763596091.799464,0.043817368286103005,0.0016015899777412413,0.027167554519325492,0.020376987755298615,-0.025493629276752472,-0.007006684318184853,,,,,,
1763596091.807278,,,,,,,-0.006027877330780029,-0.01784414052963257,0.006283625960350037,-0.016359994187951088,0.01730206236243248,0.0009416594402864575
1763596091.809516,0.0798481743492186,0.08409808687865733,0.04755684707537293,0.009367574006319046,-0.01933671161532402,-0.01496120635420084,,,,,,
1763596091.817309,,,,,,,-0.006461977958679199,-0.012398630380630493,0.0012432262301445007,-0.012265834026038647,0.016145983710885048,0.011327854357659817
1763596091.819569,0.06611380963772535,0.04936345810592174,0.01285612057223916,-0.001952990423887968,0.00019917229656130075,-0.015036573633551598,,,,,,
1763596091.827339,,,,,,,0.0028272271156311035,-0.00027889013290405273,-0.011718876659870148,-0.0038076345808804035,-0.0012228864943608642,0.01582753099501133
1763596091.829622,0.07581672687605023,0.01279050799012184,-0.06041545186564326,-0.0074308463372290134,0.014634836465120316,-0.007244431413710117,,,,,,
1763596091.83737,,,,,,,0.007173895835876465,0.008108317852020264,-0.009600885212421417,0.0009283563122153282,-0.013860917650163174,0.013949137181043625
1763596091.839675,0.07706438884958625,0.00313011471927166,-0.09223185510411858,0.0004992482718080282,0.009016099385917187,0.007149687968194485,,,,,,
1763596091.8474,,,,,,,0.0010076165199279785,0.0021040737628936768,-0.0087042897939682,-0.01022682711482048,-0.0011531115742400289,0.016758505254983902
1763596091.849728,0.009097790952026844,-0.022871172499656676,-0.036114100432395935,0.016012374311685562,-0.018054280430078506,0.01351278554648161,,,,,,
1763596091.857431,,,,,,,-0.0051413774490356445,-0.0035006701946258545,-0.009822234511375427,-0.024660956114530563,0.01131500955671072,0.01590256579220295
1763596091.859781,-0.045254999873787165,-0.07453355519771576,0.07627192329764365,0.02732761576771736,-0.059515438973903656,0.00954707246273756,,,,,,
1763596091.867461,,,,,,,-0.004472494125366211,0.00958859920501709,-0.007773041725158691,-0.02024090848863125,2.8000271413475275e-05,0.0007260099519044161
1763596091.869834,-0.10282719113752245,-0.07639175028502941,0.11368848463073372,0.02171432413160801,-0.09228786826133728,0.008647391572594643,,,,,,
1763596091.877492,,,,,,,-0.0003234744071960449,0.016519099473953247,-0.0029557794332504272,-0.010010488331317902,-0.01917365752160549,-0.01677841506898403
1763596091.879887,-0.1570284446634352,-0.01597206063568592,0.060581017690896986,0.011565282940864563,-0.07738881558179855,0.0028313137590885162,,,,,,
1763596091.887523,,,,,,,-0.001034557819366455,0.00473979115486145,0.0020847246050834656,-0.03040364570915699,-0.007921269163489342,-0.009794807992875576
1763596091.889939,-0.14552593065723776,0.05521627578735351,-0.03254033359885215,0.003462719265371561,-0.015486003831028938,-0.01258387602865696,,,,,,
1763596091.897553,,,,,,,-0.0034571290016174316,-0.0012923181056976318,0.0015201494097709656,-0.032721832394599915,-0.005720432847738266,0.0013961945660412312
1763596091.899992,-0.09107172528356314,0.03796235864758491,-0.02243745725750923,-0.015343459323048592,0.03299125283956528,-0.013865123502910137,,,,,,
1763596091.907584,,,,,,,0.0010959506034851074,0.004896819591522217,-0.0035942792892456055,-0.00982583686709404,-0.016121940687298775,-0.007659352384507656
1763596091.910045,-0.037132629825174804,-0.002760696884989738,0.009906623116880654,-0.029118351638317108,0.04570498690009117,0.000284598208963871,,,,,,
1763596091.917614,,,,,,,0.003916919231414795,0.007818102836608887,-0.010811567306518555,-0.002866841619834304,-0.021009640768170357,-0.01217587385326624
1763596091.920098,0.021914748557657,-0.022715105155110358,-0.03921425840482116,-0.01949901506304741,0.033167626708745956,0.019732598215341568,,,,,,
1763596091.927645,,,,,,,0.003741323947906494,0.007736891508102417,-0.008496284484863281,-0.012449161149561405,-0.014269978739321232,-0.021445006132125854
1763596091.930151,-0.007692600329220294,-0.06048223349153995,-0.0610125409759581,0.0072905151173472404,-0.010607350617647171,0.027283750474452972,,,,,,
1763596091.937675,,,,,,,-0.005073189735412598,0.005295604467391968,0.0008798837661743164,-0.03117351420223713,-0.007946303114295006,-0.03049822337925434
1763596091.940204,-0.06208017020747065,-0.040430210065841674,0.05920169216170907,0.02634516730904579,-0.06866798549890518,0.0245612021535635,,,,,,
1763596091.947706,,,,,,,-0.011159300804138184,0.0016055405139923096,0.007925741374492645,-0.033078473061323166,0.0013284217566251755,-0.03421173617243767
1763596091.950257,-0.08140329483672976,-0.004017418947815895,0.08758592899441718,0.033914435654878616,-0.09251206368207932,0.013578163459897041,,,,,,
1763596091.957737,,,,,,,-0.007741212844848633,0.0013035237789154053,0.004058241844177246,-0.026966281235218048,-0.004320675507187843,-0.03073916956782341
1763596091.96031,-0.1036706562243402,-0.00790975021123886,0.008246434819698334,0.030307983979582787,-0.07311919331550598,0.005545270629227161,,,,,,
1763596091.967767,,,,,,,-0.0021381378173828125,0.010715276002883911,0.0012715980410575867,-0.008344925940036774,-0.009016627445816994,-0.02875618077814579
1763596091.970362,-0.08956219750344753,-0.005036825123429298,-0.04603694403171539,0.017338234931230545,-0.029910637065768242,0.005168925505131483,,,,,,
1763596091.977798,,,,,,,-0.0005180835723876953,0.011426746845245361,8.188188076019287e-05,0.0007372873369604349,-0.006230428349226713,-0.02497815527021885
1763596091.980415,-0.09607231004983185,-0.011758242332935332,-0.05343713728561997,0.008053123950958252,0.011052774265408516,0.012716589495539665,,,,,,
1763596091.987828,,,,,,,-0.002677440643310547,0.005741477012634277,-8.106231689453125e-06,0.01294361986219883,-0.002821316011250019,-0.018461132422089577
1763596091.990468,-0.08857450164034962,-0.01814239041209221,-0.0188484928548336,-0.002532340120524168,0.02754787541925907,0.023033354431390762,,,,,,
1763596091.997859,,,,,,,-0.002605915069580078,0.0024334192276000977,0.00348459929227829,0.007258792407810688,-0.006598210893571377,-0.014256400987505913
1763596092.000521,-0.05165346873924136,0.0156330379396677,0.03039163113236427,-0.010637138038873672,0.028458941727876663,0.02428051084280014,,,,,,
1763596092.007889,,,,,,,-0.003272533416748047,0.00382155179977417,0.00831998884677887,0.009362156502902508,-0.00440696207806468,-0.01496267132461071
1763596092.010574,-0.03959200567603111,-0.001955225721001625,0.013025485789775847,-0.011815319769084454,0.025298036634922028,0.016791969537734985,,,,,,
1763596092.01792,,,,,,,-0.005781352519989014,-0.004795640707015991,0.007131211459636688,0.0016254608053714037,0.006774586159735918,-0.018842164427042007
1763596092.020627,-0.024223025500029326,0.0019318448454141615,-0.07558335651159286,-0.006371992640197277,0.027529720216989517,0.00976954959332943,,,,,,
1763596092.027951,,,,,,,-0.005248606204986572,-0.005286693572998047,0.0028172656893730164,-0.004923784639686346,-0.004770216997712851,-0.020464830100536346
1763596092.03068,-0.016395985136181117,3.799392282962799e-05,-0.12958601872548461,0.006682143546640873,0.013674788177013397,0.009553234092891216,,,,,,
1763596092.037981,,,,,,,-0.0028151869773864746,-0.0047612786293029785,0.0038514137268066406,-0.015713544562458992,-0.006753473076969385,-0.01788928732275963
1763596092.040733,-0.019531360552459954,-0.01137362692952156,-0.08000219586715102,0.02202727645635605,-0.008503484539687634,0.011071768589317799,,,,,,
1763596092.048012,,,,,,,-0.006458640098571777,-0.007462680339813232,0.00654292106628418,-0.03080700896680355,0.007124259136617184,-0.008376209065318108
1763596092.050786,-0.00598155862763524,-0.009096914169192314,-0.032255086916685105,0.03204377368092537,-0.029019854962825775,0.013065803796052933,,,,,,
1763596092.058042,,,,,,,-0.009843885898590088,-0.009526461362838745,0.004063844680786133,-0.019716182723641396,0.013465245254337788,-0.007630590349435806
1763596092.060838,-0.02525514502674341,-0.033280338311195375,0.011744067677110432,0.03891419619321823,-0.03951297700405121,0.008936839178204536,,,,,,
1763596092.068073,,,,,,,-0.005550563335418701,-0.004704952239990234,0.0008012205362319946,-0.013266539201140404,0.008728547021746635,-0.007144030183553696
1763596092.070891,-0.07676336007639765,-0.08483107732832432,0.04240136400833726,0.03414496034383774,-0.0394829660654068,0.007593515329062939,,,,,,
1763596092.078104,,,,,,,-0.0035843849182128906,0.0002789795398712158,0.0026282072067260742,0.0030639644246548414,0.014636769890785217,-0.0005548372864723206
1763596092.080944,-0.09437427396029234,-0.09085632896721363,0.055420858448743816,0.021834762766957283,-0.01992843858897686,0.00030923704616725445,,,,,,
1763596092.088134,,,,,,,-0.007290661334991455,-0.00503009557723999,-0.0006463676691055298,0.0010759145952761173,0.025212980806827545,0.009751861914992332
1763596092.090997,-0.12956906759068368,-0.06317571035921574,0.04190437427163124,0.005157424136996269,0.007359419949352741,-0.010044935159385204,,,,,,
1763596092.098165,,,,,,,-0.006443142890930176,-2.7745962142944336e-05,-0.0038791894912719727,0.015165625140070915,0.018362266942858696,0.00812966376543045
1763596092.10105,-0.14557605340927837,-0.07676175264120101,0.038844986701011656,-0.009239358827471733,0.025024965405464172,-0.015297753736376762,,,,,,
1763596092.108195,,,,,,,-0.003716707229614258,-0.0036274492740631104,-0.0015012025833129883,0.007074941881000996,0.008414827287197113,0.012244248762726784
1763596092.111103,-0.11083528715670109,-0.06355915671885014,-0.04530512262582779,-0.009391311556100845,0.041582733392715454,-0.014008554629981518,,,,,,
1763596092.118226,,,,,,,-0.004697859287261963,-0.011495769023895264,-0.0001863241195678711,-0.008892994374036789,0.02224195934832096,0.02158801443874836
1763596092.121156,-0.06971826387047768,-0.026523849788308143,-0.07885536391958593,0.0015617373865097761,0.04331618547439575,-0.013851693831384182,,,,,,
1763596092.128256,,,,,,,-0.0042639970779418945,-0.010153084993362427,-0.0024602413177490234,0.000700776930898428,0.017510320991277695,0.019751764833927155
1763596092.131209,-0.07670666145309805,-0.05754091934263706,0.02370250875726342,0.009161325171589851,0.019390014931559563,-0.016489263623952866,,,,,,
1763596092.138287,,,,,,,-0.0017014741897583008,-0.003873467445373535,-0.004221677780151367,0.012906383723020554,0.0033811861649155617,0.015828996896743774
1763596092.141261,-0.05515840812027454,-0.055545946133136744,0.04868015201687813,0.01060555875301361,-0.0038420711643993855,-0.014850354753434658,,,,,,
1763596092.148318,,,,,,,-0.0019352436065673828,0.0015769600868225098,-0.0020842403173446655,0.0006324064452201128,0.006206533871591091,0.012386860325932503
1763596092.151314,-0.04637640511915087,-0.03512859652638435,0.018628712624311445,0.01039964985102415,-0.012896101921796799,-0.016309786587953568,,,,,,
1763596092.158348,,,,,,,-0.0035683512687683105,-0.000257641077041626,0.0007206201553344727,-0.008725998923182487,0.01737130433320999,0.010751013644039631
1763596092.161367,-0.06550605300292373,-0.018728081345558166,-0.0013935001850128173,0.0129482951015234,-0.009591119363904,-0.022438786923885345,,,,,,
1763596092.168379,,,,,,,-0.003840923309326172,-0.006608188152313232,0.0020607858896255493,-0.03021504543721676,0.01802031695842743,0.013111906126141548
1763596092.17142,-0.054646513075381514,0.061712067547440526,0.018723405170440674,0.014909805729985237,-0.0031713484786450863,-0.022013943642377853,,,,,,
1763596092.178409,,,,,,,-0.0009341239929199219,-0.00014838576316833496,0.005686633288860321,-0.020698633044958115,0.00732665928080678,0.01263946108520031
1763596092.181473,-0.05491086309999227,0.06956921078860759,0.04113265924677253,0.011309478431940079,-0.003935941960662603,-0.018756898120045662,,,,,,
1763596092.18844,,,,,,,-0.0008866786956787109,-0.0035823285579681396,0.002236112952232361,-0.02440708503127098,0.0140487439930439,0.015455754473805428
1763596092.191526,-0.03152852620780468,0.04569032255113124,-0.029747634140402077,0.013384060002863407,0.010496861301362514,-0.01854349859058857,,,,,,
1763596092.19847,,,,,,,-0.0031629204750061035,-0.0008080005645751953,-0.0034431293606758118,-0.01509075053036213,0.032141994684934616,0.028208034113049507
1763596092.201579,-0.013566753059625625,-0.005011690682172775,-0.041053310400247574,0.016648296266794205,0.014182676561176777,-0.022227982059121132,,,,,,
1763596092.208501,,,,,,,0.0007640719413757324,0.001472771167755127,-0.0073026493191719055,0.01074990164488554,0.028053242713212967,0.025921978056430817
1763596092.211632,-0.04499664119854569,-0.06198854640126228,0.04379091867059469,0.015401000156998634,0.002038092352449894,-0.02110261842608452,,,,,,
1763596092.218532,,,,,,,0.006930708885192871,0.00738215446472168,-0.008971557021141052,0.03129957988858223,0.01302582398056984,0.018869860097765923
1763596092.221685,-0.08291822944432496,-0.020081834042072293,0.0869359406530857,0.01489606499671936,-0.011586373671889305,-0.016882838681340218,,,,,,
1763596092.228562,,,,,,,0.0029503703117370605,0.008950114250183105,-0.004468202590942383,0.028187142685055733,0.013698805123567581,0.012368285097181797
1763596092.231737,-0.1059782025143504,-0.03103402068912983,0.06729045220166445,0.017331311479210854,-0.010084468871355057,-0.014966702088713646,,,,,,
1763596092.238593,,,,,,,-0.005587279796600342,0.006623983383178711,-0.002265341579914093,0.0047623161226511,0.02290189079940319,0.01119150035083294
1763596092.24179,-0.13418109143078327,-0.07882277682423591,0.024542758973687885,0.01507880911231041,-0.006166426464915276,-0.01529400609433651,,,,,,
1763596092.248623,,,,,,,-0.008403360843658447,0.004626065492630005,-0.004294276237487793,0.002246161224320531,0.021611057221889496,-0.002092080656439066
1763596092.251843,-0.1403612413704395,-0.08179390158951282,0.02515299982652068,0.010493751615285873,0.007045336067676544,-0.017322519794106483,,,,,,
1763596092.258654,,,,,,,-0.004201829433441162,0.002012282609939575,-0.004615291953086853,-0.004414046183228493,0.013651134446263313,-0.00464239064604044
1763596092.261896,-0.09505597261413931,-0.04638999525308609,0.024694734665006397,0.007310209330171347,0.0212695449590683,-0.017038892954587936,,,,,,
1763596092.268684,,,,,,,-0.000981748104095459,0.006188392639160156,-0.004494652152061462,0.0008558169938623905,0.013109713792800903,-0.002404003171250224
1763596092.271949,-0.08399813363552093,-0.03658347150981426,0.0150666362285614,0.006808317266404629,0.024579152464866638,-0.009908314794301987,,,,,,
1763596092.278715,,,,,,,0.00012022256851196289,0.009186774492263794,-0.007991775870323181,0.009408475831151009,0.01079942099750042,-0.004452373832464218
1763596092.282002,-0.06551964313685893,-0.028352818781137466,0.021399346381425856,0.005909767001867294,0.02237245813012123,-0.0057375384494662285,,,,,,
1763596092.288746,,,,,,,0.001110851764678955,0.008718639612197876,-0.00725400447845459,0.02915741316974163,0.0006258799112401903,-0.002474976470693946
1763596092.292055,-0.05510580115020275,0.006667641195654868,0.009977934787422418,0.00315241701900959,0.020323578268289566,-0.003338730428367853,,,,,,
1763596092.298776,,,,,,,0.0035499930381774902,0.005586504936218262,-0.006623372435569763,0.027344105765223503,0.00456176558509469,-0.001644869102165103
1763596092.302108,-0.045670741067826745,0.008069324687123298,0.016083850447088478,0.0016519920900464058,0.029517607763409615,-0.0072490498423576355,,,,,,
1763596092.308807,,,,,,,0.0031595826148986816,0.007523149251937866,-0.007507443428039551,0.03178705647587776,0.005873372312635183,0.005145658738911152
1763596092.31216,-0.010559972459077834,0.007049918511509895,0.033656770408153534,-0.005949649028480053,0.03629071265459061,-0.011793902143836021,,,,,,
1763596092.318837,,,,,,,-3.170967102050781e-05,0.010011017322540283,-0.007846355438232422,0.027593430131673813,-0.0012415285455062985,-0.007043429650366306
1763596092.322213,0.028248773884773253,0.016226327657699584,0.026563012754917143,-0.016632653772830963,0.04070037603378296,-0.011120389215648174,,,,,,
1763596092.328868,,,,,,,-0.004144549369812012,0.002326786518096924,0.0011706501245498657,0.01795145496726036,0.005710919387638569,-0.002465721918269992
1763596092.332266,0.08862740087136625,0.0688631083458662,-0.01399330790862441,-0.015855975449085236,0.060169436037540436,-0.008472369983792305,,,,,,
1763596092.338898,,,,,,,-0.007545351982116699,-0.012729614973068237,0.00736333429813385,-0.011471616104245186,0.022402014583349228,0.014645886607468128
1763596092.342319,0.14512071085721254,0.0800473501831293,-0.04499284180626273,-0.006395629607141018,0.059931881725788116,-0.0030371248722076416,,,,,,
1763596092.348929,,,,,,,-0.004478871822357178,-0.005808502435684204,-0.0027316659688949585,0.014680092222988605,0.019682927057147026,0.016578275710344315
1763596092.352372,0.12535276506990192,-0.004522445860505104,0.0010461480520665646,0.003098396584391594,0.021989786997437477,0.012086063623428345,,,,,,
1763596092.35896,,,,,,,0.004200875759124756,0.010596424341201782,-0.01335214078426361,0.03330647200345993,-0.003308141604065895,0.010369050316512585
1763596092.362425,0.07207607904300094,-0.06355740315318108,0.03230184866786003,0.01650075428187847,-0.021111344918608665,0.025915592908859253,,,,,,
1763596092.36899,,,,,,,0.004778087139129639,0.01629677414894104,-0.008844852447509766,0.025030966848134995,-0.007526322267949581,0.003106876043602824
1763596092.372478,-0.0005304536148905754,-0.05737082347273826,-0.00020940496698021888,0.027377750724554062,-0.04592285305261612,0.02846767008304596,,,,,,
1763596092.379021,,,,,,,-0.005982697010040283,0.008945345878601074,-0.0041799396276474,0.009244251064956188,0.0032522892579436302,-0.010733505710959435
1763596092.382531,-0.12355565252006054,-0.09316285234391689,-0.0034555472813546655,0.033170394599437714,-0.05327983573079109,0.02106647938489914,,,,,,
1763596092.389051,,,,,,,-0.010137200355529785,0.0019951462745666504,-0.005849577486515045,-0.021256666630506516,0.004990001674741507,-0.026499152183532715
1763596092.392585,-0.17607187556847928,-0.10308861855268478,0.045193917336314914,0.025517091155052185,-0.04476741701364517,0.010408341884613037,,,,,,
1763596092.399082,,,,,,,-0.004306197166442871,0.003743767738342285,-0.003029443323612213,-0.03492104634642601,-0.008348440751433372,-0.03709420934319496
1763596092.402636,-0.14746289006918667,-0.030140871241688728,0.07119929620847106,0.008249418810009956,-0.023050669580698013,0.007912429049611092,,,,,,
1763596092.409112,,,,,,,-0.0016562342643737793,0.003141254186630249,0.0027899742126464844,-0.03913869336247444,-0.009518367238342762,-0.032771363854408264
1763596092.412689,-0.08071677387729287,0.01386193661391735,0.025131080255657433,-0.004511687904596329,0.010106679052114487,0.011620277538895607,,,,,,
1763596092.419143,,,,,,,-0.0024958252906799316,0.0028281807899475098,-0.0026868432760238647,-0.024209313094615936,0.0025366980116814375,-0.02393559366464615
1763596092.422742,-0.05353431404978037,0.012541501665115355,-0.04441767226681113,-0.00819350779056549,0.03290519863367081,0.019726941362023354,,,,,,
1763596092.429174,,,,,,,0.001146078109741211,0.00639188289642334,-0.008661150932312012,0.011807544156908989,0.0005901935510337353,-0.02310708351433277
1763596092.432795,-0.04609203521981835,-0.015974983245134352,-0.05312018029093742,-0.0025326223112642765,0.03197716549038887,0.02968493290245533,,,,,,
1763596092.439204,,,,,,,0.006281614303588867,0.006701469421386719,-0.0029004812240600586,0.028944408521056175,-0.008648845367133617,-0.01862112246453762
1763596092.442848,-0.03590308803021908,0.012504092264175414,0.04283274116292596,0.000782480463385582,0.01164286769926548,0.03671194985508919,,,,,,
1763596092.449235,,,,,,,0.0029897689819335938,0.0019095540046691895,0.0039152055978775024,0.03138865530490875,-0.0020575211383402348,-0.013993348926305771
1763596092.452901,-0.059146600973606106,0.018317162457108495,0.06790858410000801,0.00017458992078900337,-0.010034432634711266,0.0351761057972908,,,,,,
1763596092.459265,,,,,,,-0.00521618127822876,-0.00531342625617981,0.008759252727031708,0.013840141706168652,0.007992716506123543,-0.018048608675599098
1763596092.462954,-0.0976280150592327,0.007165069323778152,-0.037586949463933705,0.004726997576653957,-0.004954185802489519,0.020091429352760315,,,,,,
1763596092.469296,,,,,,,-0.0065239667892456055,-0.013171166181564331,0.006358504295349121,0.007539900951087475,0.015768880024552345,-0.018324512988328934
1763596092.473007,-0.10998451554626226,0.012605214551091194,-0.09980594362020492,0.00851502362638712,0.004240495152771473,0.00760892778635025,,,,,,
1763596092.479327,,,,,,,0.0019875764846801758,-0.013397365808486938,0.005010142922401428,-0.008467377163469791,0.0033878441900014877,-0.016205037012696266
1763596092.483061,-0.07257379943206906,0.006021159985661506,-0.027563714230060574,0.007665741257369518,-0.0023236642591655254,0.0014274648856371641,,,,,,
1763596092.489357,,,,,,,0.003664731979370117,-0.009143620729446411,0.0065572187304496765,-0.01692238077521324,-0.00029903592076152563,-0.013209779746830463
1763596092.493112,-0.054770870107412335,-0.002177344039082527,0.03007701222524047,0.010163900442421436,-0.017564572393894196,0.0017177148256450891,,,,,,
1763596092.499388,,,,,,,-0.0019017457962036133,-0.007395744323730469,0.003408178687095642,-0.021213741973042488,-0.0007174185011535883,-0.009959524497389793
1763596092.503165,-0.03453647585213184,-0.028406010273098945,0.012135697343200445,0.01229602750390768,-0.03180848807096481,0.003858896205201745,,,,,,
1763596092.509418,,,,,,,-0.005325257778167725,-0.006887227296829224,0.0012001991271972656,-0.022140521556138992,0.0006913936813361943,-0.0072518885135650635
1763596092.513218,-0.045050271081924435,-0.06988952878415584,-0.04663461766391992,0.01993415877223015,-0.03460250422358513,0.008324885740876198,,,,,,
1763596092.519449,,,,,,,-0.005857884883880615,-0.005217909812927246,0.0002701282501220703,-0.016370728611946106,-0.003627721220254898,-0.0032028849236667156
1763596092.523271,-0.06800956025645137,-0.06538754118978977,-0.05084405205249786,0.022199176251888275,-0.029017319902777672,0.011294841766357422,,,,,,
1763596092.529479,,,,,,,-0.004563510417938232,-0.00607571005821228,0.0027048736810684204,-0.008324520662426949,-0.0038034897297620773,0.002557798521593213
1763596092.533324,-0.08333265546411275,-0.047535073634982106,0.0033820436537265776,0.01758764125406742,-0.02073522098362446,0.005766952410340309,,,,,,
1763596092.53951,,,,,,,-0.0070680975914001465,-0.006924837827682495,0.0032709836959838867,-0.001569263869896531,0.005700533278286457,0.00964267272502184
1763596092.543377,-0.13065174826085565,-0.06958499287962913,0.006634323447942733,0.0076109073124825954,-0.003984204027801752,-0.006057216320186853,,,,,,
1763596092.54954,,,,,,,-0.0033597350120544434,-0.0032446980476379395,-0.0018930435180664062,0.014525815844535828,0.005256584379822016,0.006815194617956877
1763596092.55343,-0.16059607401713727,-0.07877893768250942,-0.029897271744161843,-0.0006236969493329525,0.01479344628751278,-0.017197756096720695,,,,,,
1763596092.559571,,,,,,,-0.0011904239654541016,0.000285416841506958,-0.003564104437828064,0.016291527077555656,0.009129885584115982,0.008318083360791206
1763596092.563483,-0.13340616153553128,-0.04946750300228595,-0.022079729861021042,-0.005144945345818996,0.027504978701472282,-0.01925850845873356,,,,,,
1763596092.569602,,,,,,,-0.0034753084182739258,0.002094477415084839,0.003496900200843811,0.021871648728847504,0.0038309944793581963,0.008567354641854763
1763596092.573536,-0.11994491467699407,-0.03566869475245476,0.023276830691099166,-0.005816654302179813,0.029651006683707237,-0.019092826172709465,,,,,,
1763596092.579632,,,,,,,-0.006596863269805908,0.0024486780166625977,0.009335994720458984,0.017479509115219116,0.007545837666839361,0.00823878776282072
1763596092.583588,-0.09738806882351636,-0.005598550659418106,0.02327814586535096,-0.0038070334121584892,0.03219619020819664,-0.013302848674356937,,,,,,
1763596092.589663,,,,,,,-0.008884191513061523,0.00037172436714172363,0.008787743747234344,0.010479124262928963,0.01741737686097622,0.010471048764884472
1763596092.593641,-0.03353402081131935,0.02753741074502468,2.703413739800453e-05,-0.0045778993517160416,0.04146388918161392,-0.01002802699804306,,,,,,
1763596092.599693,,,,,,,-0.004198610782623291,-0.003161817789077759,0.006161794066429138,0.01121425535529852,0.011539247818291187,0.009525693953037262
1763596092.603694,-0.018315408891439438,-0.0018967735320329665,-0.02128697204813361,-0.002552298828959465,0.047200869768857956,-0.010697545483708382,,,,,,
1763596092.609724,,,,,,,-0.0006848573684692383,-0.0016501247882843018,0.002961277961730957,0.015266255475580692,0.00957410130649805,0.014565459452569485
1763596092.613747,-0.004581774832308292,-0.006536708292365074,-0.03347220762148499,0.00018463190644979477,0.04564078897237778,-0.00891535822302103,,,,,,
1763596092.619755,,,,,,,-0.00263136625289917,0.004113137722015381,0.003903403878211975,0.01361108385026455,0.01285191997885704,0.020675083622336388
1763596092.6238,0.02362432895451784,0.015538345393538475,-0.005704933643341064,0.0063961888663470745,0.02669905498623848,-0.009194457903504372,,,,,,
1763596092.629786,,,,,,,-0.005391299724578857,0.003429889678955078,0.00325881689786911,0.009687183424830437,0.01826799102127552,0.02128148451447487
1763596092.633853,-0.020623247442394493,0.005348375290632247,-0.011882014843076466,0.013101670891046524,0.0028049536049365997,-0.010443277657032013,,,,,,
1763596092.639817,,,,,,,-0.004668831825256348,0.0009206235408782959,-0.0005594342947006226,0.011896760202944279,0.023394042626023293,0.011977666057646275
1763596092.643906,-0.02761135276407003,0.027548516660928724,-0.0322118322968483,0.024123694747686386,-0.002734687877818942,-0.01448675524443388,,,,,,
1763596092.649847,,,,,,,-0.0042958855628967285,-0.00044023990631103516,-2.3618340492248535e-05,0.005788800306618214,0.032138533890247345,0.009879627265036106
1763596092.653959,0.0064076750852167606,-0.0012345102310180663,-0.0002256254494190216,0.02815871126949787,-0.004969131667166948,-0.013350151479244232,,,,,,
1763596092.659878,,,,,,,-0.00393301248550415,0.00430712103843689,-0.002568848431110382,0.012717618606984615,0.026903556659817696,0.010509531944990158
1763596092.664012,-0.009181231451779603,-0.050287587213516234,0.04660977548360824,0.023205498233437538,-0.010868832468986511,-0.003936675377190113,,,,,,
1763596092.669908,,,,,,,-0.0028348565101623535,0.01386934518814087,-0.004820831120014191,0.018478568643331528,0.014218387193977833,0.0005378576461225748
1763596092.674064,-0.04209375936388969,-0.07605331211090087,0.02409749942421913,0.020174849778413773,-0.005305749364197254,0.006345353554934263,,,,,,
1763596092.679939,,,,,,,-0.004915893077850342,0.014256954193115234,-0.0003192424774169922,0.009687716141343117,0.011018865741789341,-0.008636199869215488
1763596092.684117,-0.05098214534893632,-0.05267419008910656,-0.01564545902982354,0.020079243928194046,0.013031979091465473,0.012560905888676643,,,,,,
1763596092.68997,,,,,,,-0.010091841220855713,0.007662028074264526,0.0010498687624931335,-0.009515007957816124,0.018596891313791275,-0.01216036081314087
1763596092.69417,-0.0634691403478384,-0.07092705513834953,0.0011024082839488983,0.01984710432589054,0.017360836267471313,0.01146724633872509,,,,,,
1763596092.7,,,,,,,-0.012190103530883789,0.005426138639450073,-0.0035747140645980835,-0.006168270483613014,0.021774308755993843,-0.018378442153334618
1763596092.704223,-0.054680123084038496,-0.07059680027067661,0.01081613917723298,0.01587233692407608,0.016349900513887405,0.012004407122731209,,,,,,
1763596092.710031,,,,,,,-0.007501363754272461,0.008954495191574097,-0.004462108016014099,0.0005945607554167509,0.016324948519468307,-0.022820329293608665
1763596092.714276,-0.0336767902828753,-0.04569032255113124,0.028470892202854155,0.01251252368092537,0.01365718524903059,0.014761939644813538,,,,,,
1763596092.720061,,,,,,,0.000629425048828125,0.01347118616104126,-0.0033293813467025757,0.017448505386710167,-7.1534886956214905e-06,-0.025262514129281044
1763596092.724329,-0.028865298347920176,-0.006713818424940109,-0.003555208263546228,0.010973482392728329,0.01639891043305397,0.016356907784938812,,,,,,
1763596092.730092,,,,,,,0.002238154411315918,0.00415956974029541,-0.003796227276325226,0.006336732301861048,0.008339992724359035,-0.02392107993364334
1763596092.734382,-0.016050532699376344,0.012380173623561858,-0.03460004260763526,0.010692575946450233,0.024665778502821922,0.015851709991693497,,,,,,
1763596092.740122,,,,,,,-0.0016279816627502441,0.00109061598777771,-0.005617395043373108,0.009759573265910149,0.010282235220074654,-0.019290775060653687
1763596092.744435,0.0016251169838011263,-0.0026110592812299727,-0.022093612255901098,0.009631572291254997,0.02645249292254448,0.017294345423579216,,,,,,
1763596092.750153,,,,,,,-0.0006182193756103516,0.0015681087970733643,-0.0049784183502197266,0.006737683899700642,0.006431038491427898,-0.02443573623895645
1763596092.754488,0.0115440150603652,-0.0030249007791280746,0.007976385706663132,0.015056641772389412,0.019981659948825836,0.02579435147345066,,,,,,
1763596092.760184,,,,,,,0.001094043254852295,0.007603675127029419,-0.001755252480506897,0.006507539190351963,0.00794957298785448,-0.029218574985861778
1763596092.76454,0.021707389417290685,0.005884381863474846,0.015275895065069198,0.02334306575357914,0.003011465072631836,0.03626137226819992,,,,,,
1763596092.770214,,,,,,,-0.0008597970008850098,0.012895822525024414,6.80685043334961e-05,0.0017090558540076017,0.0031777210533618927,-0.04103501886129379
1763596092.774593,-0.052826165780425066,0.0038519992530345916,0.011843582528829574,0.029098838567733765,-0.022665033116936684,0.03557540848851204,,,,,,
1763596092.780245,,,,,,,-0.001067042350769043,0.010771721601486206,4.5299530029296875e-05,-0.005888546817004681,0.002615527715533972,-0.049455199390649796
1763596092.784647,-0.09871844064444303,0.017591770792007445,0.031964141146093604,0.029770486056804657,-0.02475667931139469,0.02197917550802231,,,,,,
1763596092.790275,,,,,,,-0.004049956798553467,-0.003306448459625244,0.003389120101928711,-0.03517000377178192,0.012163492850959301,-0.04316667839884758
1763596092.794698,-0.018956483273953197,0.07175999883115292,-0.010070143115520477,0.02467150241136551,-0.0051078954711556435,0.009663623757660389,,,,,,
1763596092.800306,,,,,,,-0.005134880542755127,-0.00855228304862976,0.005448102951049805,-0.034616708755493164,0.009157050400972366,-0.032713841646909714
1763596092.804751,0.05088336114957928,0.03591711655557155,0.01705050352215767,0.01023850217461586,0.010509946383535862,0.009872947819530964,,,,,,
1763596092.810336,,,,,,,-0.00452113151550293,-0.010758191347122192,-0.0006471872329711914,-0.023186421021819115,0.016358237713575363,-0.02630547434091568
1763596092.814804,0.10270575671494006,-0.014748656320571898,-0.035224458116292955,0.004630004055798054,0.024030445143580437,0.017008289694786072,,,,,,
1763596092.820367,,,,,,,0.0002772808074951172,-0.008629202842712402,-0.008449777960777283,-0.0043062069453299046,0.013499867171049118,-0.005663313437253237
1763596092.824857,0.08612652396634221,-0.06823065566122531,-0.06382146091684698,0.009239137172698975,0.01508408784866333,0.026493404060602188,,,,,,
1763596092.830398,,,,,,,0.006054699420928955,-0.0067428648471832275,-0.009995698928833008,0.005627649836242199,0.0010530509753152728,-0.0007026428356766701
1763596092.83491,-0.026162615260481834,-0.07046119119226932,0.018045359778404234,0.023520639166235924,-0.0172873642295599,0.028421591967344284,,,,,,
1763596092.840428,,,,,,,0.003206789493560791,-0.002183198928833008,-0.006160378456115723,0.012094870209693909,0.001612581079825759,0.0011455909116193652
1763596092.844963,-0.1411738729275763,-0.047612815046310424,0.05899579432606697,0.03841942921280861,-0.04910814017057419,0.023313648998737335,,,,,,
1763596092.850459,,,,,,,-0.004419803619384766,0.001955568790435791,-0.0030366256833076477,0.010360353626310825,0.009013505652546883,-0.004805775359272957
1763596092.855016,-0.22936098268553612,-0.06996259402036667,0.0845487532556057,0.04365324229001999,-0.06470043212175369,0.010663074441254139,,,,,,
1763596092.860489,,,,,,,-0.004801034927368164,0.010646641254425049,-0.001754865050315857,0.01225625816732645,0.0008812770247459412,-0.019226524978876114
1763596092.865068,-0.26774609678983685,-0.07213292379677295,0.060296793922036886,0.039604973047971725,-0.045775480568408966,0.004719964228570461,,,,,,
1763596092.87052,,,,,,,0.0006358027458190918,0.01724877953529358,0.00011992454528808594,0.012003231793642044,-0.008638991042971611,-0.036196719855070114
1763596092.875121,-0.2318614211991429,-0.014299158987402916,0.05626388514414429,0.025031747296452522,-0.0006378706311807036,0.006109765265136957,,,,,,
1763596092.88055,,,,,,,-0.0033847689628601074,0.009216159582138062,0.005786895751953125,-0.009616898372769356,9.351398330181837e-05,-0.04379378631711006
1763596092.885174,-0.12793196790814398,0.0421282461553812,0.08571750477403402,-0.0030915006063878536,0.049870043992996216,0.011600937694311142,,,,,,
1763596092.890581,,,,,,,-0.009942591190338135,-0.0042220354080200195,0.007066503167152405,-0.014230025932192802,0.019989456981420517,-0.04017455130815506
1763596092.895227,-0.017279343841969965,0.02173895359933376,0.06083470019102096,-0.01897290349006653,0.09732839465141296,0.02126610279083252,,,,,,
1763596092.900612,,,,,,,-0.007184267044067383,-0.01183462142944336,0.004313826560974121,-0.004580915439873934,0.029174434021115303,-0.025641081854701042
1763596092.90528,0.0439604300186038,-0.018527590337395667,-0.012644523648172616,-0.024481385946273804,0.10548085719347,0.0338604561984539,,,,,,
1763596092.910642,,,,,,,0.00428164005279541,-0.0030797719955444336,-0.0059130191802978516,0.037480518221855164,0.019384121522307396,-0.019589580595493317
1763596092.915333,0.02403977788761258,-0.03590425707399845,-0.018248627265542744,-0.013035566546022892,0.0668555274605751,0.04075365886092186,,,,,,
1763596092.920673,,,,,,,0.011473894119262695,0.0007494986057281494,-0.009729862213134766,0.06125612184405327,0.00843053963035345,-0.01617281138896942
1763596092.925386,-0.07430354583412409,-0.004871405428647994,-0.007400193253904581,0.013758230954408646,0.013609086163341999,0.04344584792852402,,,,,,
1763596092.930703,,,,,,,0.0076639652252197266,0.0010427534580230713,-0.006695747375488281,0.07081979513168335,0.008113889954984188,-0.015765614807605743
1763596092.935439,-0.19020232692547143,-0.02890110031366348,-0.0017393910132348536,0.03326612710952759,-0.026643140241503716,0.03464898467063904,,,,,,
1763596092.940734,,,,,,,0.003046274185180664,-0.002554774284362793,-0.0032253339886665344,0.04800671339035034,0.0017028623260557652,-0.02380383387207985
1763596092.945492,-0.2412287498075515,-0.07642506803274154,0.0034347967542707916,0.03656791150569916,-0.03226933255791664,0.017489172518253326,,,,,,
1763596092.950764,,,,,,,-0.0007628798484802246,-0.006130248308181763,0.0031549856066703796,0.018050948157906532,0.0015188378747552633,-0.03481094539165497
1763596092.955545,-0.19221476272642612,-0.04561199661791324,0.019511340677738187,0.0275258868932724,-0.007070249877870083,0.007302392274141312,,,,,,
1763596092.960795,,,,,,,-0.003573775291442871,-0.009327322244644165,0.008147351443767548,-0.016200698912143707,0.0006650283467024565,-0.04117489978671074
1763596092.965597,-0.12739829942286013,-0.01648176372349262,0.05577025640830397,0.012222830206155777,0.015439586713910103,0.003624832956120372,,,,,,
1763596092.970826,,,,,,,-0.004328608512878418,-0.011584222316741943,0.010075345635414124,-0.024534529075026512,0.00422673998400569,-0.05078917741775513
1763596092.97565,-0.07762289951518178,0.013429974937438964,0.02183043127506971,0.003450053744018078,0.03294664993882179,0.006113717798143625,,,,,,
1763596092.980856,,,,,,,-0.0027043819427490234,-0.010774821043014526,0.006613731384277344,-0.020317891612648964,0.00456256465986371,-0.0380481481552124
1763596092.985703,-0.02433444998525083,0.04142506632208824,-0.02341843111887574,0.0024542976170778275,0.035872932523489,0.011041630059480667,,,,,,
1763596092.990887,,,,,,,-0.0004857182502746582,-0.007773846387863159,0.0037881135940551758,0.0008174865506589413,0.019092239439487457,-0.021448133513331413
1763596092.995756,0.0027262100934982297,0.03073942165672779,-0.017099603360891343,0.0014468838926404715,0.02596106380224228,0.01939837820827961,,,,,,
1763596093.000917,,,,,,,0.0005320906639099121,-0.0011873245239257812,0.0005968809127807617,0.037077296525239944,0.020449651405215263,-0.013884424231946468
1763596093.005809,0.0059792205400764934,0.023660861572623253,-0.03967018547877669,0.008832894265651703,0.014740368351340294,0.025754811242222786,,,,,,
1763596093.010948,,,,,,,0.005592465400695801,0.006450295448303223,-0.001827836036682129,0.06827862560749054,0.009559187106788158,-0.010201538912951946
1763596093.015862,-0.06985109646990895,0.010258359163999557,-0.0775555333673954,0.01847386360168457,0.009597156196832657,0.029452092945575714,,,,,,
1763596093.020978,,,,,,,0.009956419467926025,0.008966773748397827,-0.0020716041326522827,0.05770481005311012,0.006195615045726299,-0.014513463713228703
1763596093.025915,-0.1766497485216707,0.004595511096715927,-0.04021247566193342,0.02135700173676014,0.0032963831909000874,0.019039664417505264,,,,,,
1763596093.031009,,,,,,,0.004188835620880127,0.011870771646499634,0.002909064292907715,0.038578785955905914,0.013350996188819408,-0.02975846268236637
1763596093.035968,-0.2186126480475068,0.01716974598765373,0.05448562342524528,0.0212387852370739,0.0059865862131118774,0.007860159501433372,,,,,,
1763596093.04104,,,,,,,-0.003825247287750244,0.00947660207748413,0.005730047821998596,0.011025499552488327,0.018347619101405144,-0.05106761306524277
1763596093.046021,-0.15513371695801614,0.0274842192530632,0.048411125817149875,0.017919152975082397,0.022139189764857292,0.002749820239841938,,,,,,
1763596093.05107,,,,,,,-0.004228830337524414,0.012964755296707153,0.005888834595680237,-0.0021715282928198576,0.014706810936331749,-0.07229939103126526
1763596093.056074,-0.057545230191573496,0.01963993549346924,0.0043054421089589595,0.014744343236088753,0.03622595965862274,0.02173938974738121,,,,,,
1763596093.061101,,,,,,,0.00038629770278930664,0.027557790279388428,0.0028252527117729187,-0.009290643036365509,0.010983179323375225,-0.09742545336484909
1763596093.066126,0.014968874942511319,0.0003565583527088165,-0.0028873920045793056,0.022818515077233315,0.042915284633636475,0.056900303810834885,,,,,,
1763596093.071131,,,,,,,0.002251863479614258,0.04431033134460449,-0.0023696497082710266,-0.019207455217838287,0.009851070120930672,-0.1316276341676712
1763596093.076179,0.014987360447272658,0.047452656048536296,0.042983547810465095,0.0383622944355011,0.029272375628352165,0.10169409215450287,,,,,,
1763596093.081162,,,,,,,0.0031371712684631348,0.047925978899002075,-0.00243474543094635,-0.026531662791967392,0.00011002563405781984,-0.16748324036598206
1763596093.086232,-0.00935140038691461,0.11119067646563052,0.07880991734266281,0.050910040736198425,0.006036828272044659,0.1437869668006897,,,,,,
1763596093.091193,,,,,,,0.005855917930603027,0.058108896017074585,0.0022450685501098633,-0.0334436297416687,-0.004130525980144739,-0.21171648800373077
1763596093.096285,-0.035701062652096154,0.07968786922097205,0.015706249306350947,0.06597007066011429,0.0016174744814634323,0.1837281882762909,,,,,,
1763596093.101223,,,,,,,0.0026522278785705566,0.07586407661437988,-0.0005395263433456421,-0.0396246612071991,-0.00992742832750082,-0.26573309302330017
1763596093.106338,-0.08026435393467544,0.0644102205902338,0.009447042781114579,0.08487025648355484,0.01676233857870102,0.22709855437278748,,,,,,
1763596093.111254,,,,,,,0.006563246250152588,0.09114429354667664,-0.0068198442459106445,-0.0438162125647068,-0.02494313009083271,-0.3214448392391205
1763596093.116391,-0.11700498876757918,0.048773675519227976,0.06627542994022369,0.10176721215248108,0.03581572324037552,0.26649945974349976,,,,,,
1763596093.121284,,,,,,,0.00602191686630249,0.10263016819953918,-0.009741052985191345,-0.032717302441596985,-0.024497583508491516,-0.3907140791416168
1763596093.126444,-0.09047485536895691,0.017844868770241735,0.18087664550170302,0.11021369695663452,0.05520033836364746,0.31746676564216614,,,,,,
1763596093.131315,,,,,,,-0.00426715612411499,0.116455078125,-0.0102396160364151,-0.021457990631461143,-0.02909499779343605,-0.46924135088920593
1763596093.136497,-0.058937926658988,0.014794249027967452,0.1960452808000147,0.10736579447984695,0.08850053697824478,0.37957772612571716,,,,,,
1763596093.141345,,,,,,,-0.006403565406799316,0.12663546204566956,-0.019351959228515625,-0.04787059873342514,-0.03378402441740036,-0.5757364630699158
1763596093.14655,-0.03667443772889673,-0.017609306448698042,0.09195333042368292,0.111433245241642,0.14160104095935822,0.4352189004421234,,,,,,
1763596093.151376,,,,,,,0.0027502775192260742,0.11769017577171326,-0.01496267318725586,-0.186009019613266,-0.04328431934118271,-0.6671568751335144
1763596093.156603,-0.03111402712278068,-0.047591772258281706,0.0033234453342854977,0.12076404690742493,0.18020211160182953,0.479968786239624,,,,,,
1763596093.161406,,,,,,,0.008179545402526855,0.07807457447052002,-0.009940743446350098,-0.3147798776626587,-0.04128827899694443,-0.7886922359466553
1763596093.166655,-0.015563406769558787,0.05686112038493156,0.02163651613816619,0.13742345571517944,0.1721481829881668,0.5222001671791077,,,,,,
1763596093.171437,,,,,,,0.009946584701538086,0.06786251068115234,-0.008673414587974548,-0.4456484019756317,-0.053918056190013885,-0.8971073627471924
1763596093.176708,0.07583638142459094,0.17951544015109538,0.05839841295480728,0.1622130423784256,0.12895195186138153,0.5580782890319824,,,,,,
1763596093.181468,,,,,,,0.01360177993774414,0.09197336435317993,0.006607867777347565,-0.47633159160614014,-0.07589685916900635,-0.9667888283729553
1763596093.186761,0.199731860358268,0.3525117076665163,-0.03839139771461487,0.19642800092697144,0.08344490826129913,0.5953593254089355,,,,,,
1763596093.191498,,,,,,,0.020427346229553223,0.09922954440116882,-0.002079114317893982,-0.4960184693336487,-0.09853638708591461,-1.0246472358703613
1763596093.196814,0.3142315152414143,0.46227907333075996,-0.1918447603702545,0.2287042886018753,0.0454745851457119,0.6318674683570862,,,,,,
1763596093.201529,,,,,,,0.031304001808166504,0.10616406798362732,-0.009453542530536652,-0.47202610969543457,-0.11620992422103882,-1.043509602546692
1763596093.206867,0.43129495619796215,0.5063870951265096,-0.1766929300762713,0.2420981228351593,-0.008971613831818104,0.6624442934989929,,,,,,
1763596093.211559,,,,,,,0.0347905158996582,0.09911814332008362,-0.012856364250183105,-0.4654198884963989,-0.11551190912723541,-1.0707556009292603
1763596093.21692,0.4460712311778217,0.43447453608214853,-0.16054843548312783,0.26366814970970154,-0.04251185059547424,0.6935718059539795,,,,,,
1763596093.22159,,,,,,,0.026005029678344727,0.09546646475791931,-0.013580426573753357,-0.5117437243461609,-0.10285124182701111,-1.103809118270874
1763596093.226973,0.38860589782204474,0.283812849971652,-0.12613638972826302,0.2945888042449951,-0.06892374902963638,0.7259156107902527,,,,,,
1763596093.231621,,,,,,,0.01939225196838379,0.076972097158432,-0.000622868537902832,-0.5910534262657166,-0.08841238170862198,-1.1491161584854126
1763596093.237026,0.29314083295036103,0.22810616031885145,0.09089549193382263,0.29541245102882385,-0.11481936275959015,0.7653678059577942,,,,,,
1763596093.241651,,,,,,,0.00927656888961792,0.05564373731613159,0.009569883346557617,-0.7487496733665466,-0.05886461213231087,-1.2129507064819336
1763596093.247079,0.15399079400058835,0.12400339628756045,0.12651742493510246,0.31271103024482727,-0.10531240701675415,0.8065255880355835,,,,,,
1763596093.251682,,,,,,,0.0006748437881469727,0.07520642876625061,0.016905300319194794,-0.9324665069580078,-0.047284387052059174,-1.3099249601364136
1763596093.257132,-0.03823467278294265,0.03477554530501365,0.16056465596556663,0.32440340518951416,-0.08161497861146927,0.8539094924926758,,,,,,
1763596093.261712,,,,,,,0.0037871599197387695,0.07675224542617798,0.018877625465393066,-1.1235970258712769,-0.04701913520693779,-1.4178950786590576
1763596093.267185,-0.142968318596296,0.062010173711180686,0.19892332045435904,0.3147454559803009,-0.05299185961484909,0.9076254367828369,,,,,,
1763596093.271743,,,,,,,0.010775089263916016,0.06725311279296875,0.021617650985717773,-1.2288446426391602,-0.02938874438405037,-1.5190068483352661
1763596093.277237,-0.14286262973211705,0.14564473473131656,0.029050591786950825,0.30484816431999207,0.010240528732538223,0.9584990739822388,,,,,,
1763596093.281773,,,,,,,0.009080588817596436,0.07981571555137634,0.014005064964294434,-1.211333990097046,-0.02819990925490856,-1.6038130521774292
1763596093.28729,-0.07717559413909912,0.22221242610514164,-0.14041859758086503,0.2982528507709503,0.0902799740433693,1.005784034729004,,,,,,
1763596093.291804,,,,,,,0.014687895774841309,0.12409254908561707,0.0057806819677352905,-1.1183524131774902,-0.03631908819079399,-1.656198263168335
1763596093.297343,0.038207216237147804,0.28588673363626,-0.1742729363877326,0.3091559410095215,0.1722751259803772,1.0481265783309937,,,,,,
1763596093.301835,,,,,,,0.023868799209594727,0.15290063619613647,0.0090712308883667,-1.078510046005249,-0.029789550229907036,-1.706423282623291
1763596093.307396,0.11166639508544467,0.3202525290966034,-0.02682254047393799,0.3151187598705292,0.21063077449798584,1.0856233835220337,,,,,,
1763596093.311865,,,,,,,0.02503502368927002,0.1293177604675293,0.018977388739585876,-1.1085789203643799,0.012104104273021221,-1.7274415493011475
1763596093.317449,0.1164602508990094,0.33535482116043563,0.16347323688864707,0.3227351903915405,0.21478025615215302,1.1141952276229858,,,,,,
1763596093.321896,,,,,,,0.022562503814697266,0.08990353345870972,0.02677212655544281,-1.173417329788208,0.07811108231544495,-1.770716667175293
1763596093.327502,0.1431633662443608,0.31730010903179645,0.1686379992406815,0.3384084105491638,0.2161315381526947,1.1451507806777954,,,,,,
1763596093.331926,,,,,,,0.017957568168640137,0.08723077178001404,0.02871990203857422,-1.2006018161773682,0.1315290331840515,-1.805389642715454
1763596093.337555,0.17999913201481102,0.31558862893879414,0.11652801890559494,0.3491230905056,0.20849458873271942,1.1814509630203247,,,,,,
1763596093.341957,,,,,,,0.025355219841003418,0.10841435194015503,0.030185237526893616,-1.1494314670562744,0.1848503202199936,-1.8372843265533447
1763596093.347608,0.2288680115368217,0.3341068669259548,-0.004990647894144058,0.3694629669189453,0.21170955896377563,1.222290277481079,,,,,,
1763596093.351987,,,,,,,0.03168630599975586,0.1329432725906372,0.036004438996315,-1.073623776435852,0.2264970988035202,-1.8921146392822266
1763596093.357661,0.24399353834576903,0.4108031531155109,-0.08975107113905251,0.4080352485179901,0.224338561296463,1.2749035358428955,,,,,,
1763596093.362018,,,,,,,0.03499358892440796,0.1460857391357422,0.04378344118595123,-1.0024393796920776,0.25719746947288513,-1.9246450662612915
1763596093.367714,0.1872500529911369,0.5085118321955203,-0.03406250166483223,0.44619062542915344,0.22461606562137604,1.3387360572814941,,,,,,
1763596093.372049,,,,,,,0.04236048460006714,0.14478272199630737,0.05187632143497467,-0.9568862915039062,0.31108254194259644,-1.9743356704711914
1763596093.377767,0.03600406418666243,0.5293506220847368,0.016275427496433258,0.48538652062416077,0.2154291570186615,1.3940403461456299,,,,,,
1763596093.382079,,,,,,,0.04209339618682861,0.149028480052948,0.06406509876251221,-0.9286146759986877,0.3664693832397461,-2.0232083797454834
1763596093.387819,-0.12491393526121973,0.5340706363439559,-0.018104981011152266,0.5234053134918213,0.23171119391918182,1.433072805404663,,,,,,
1763596093.39211,,,,,,,0.04647153615951538,0.15101397037506104,0.06975129246711731,-0.9129968285560608,0.4163077771663666,-2.0930159091949463
1763596093.397872,-0.27722090436071156,0.5366740968406201,-0.029471520612761377,0.5525413155555725,0.2808009684085846,1.4596819877624512,,,,,,
1763596093.40214,,,,,,,0.05600398778915405,0.1594359278678894,0.07985101640224457,-0.9554800391197205,0.4633311927318573,-2.164849042892456
1763596093.407925,-0.33569691259637474,0.5331535214990377,0.0283469735622406,0.5581403374671936,0.3482452630996704,1.4865679740905762,,,,,,
1763596093.412171,,,,,,,0.06433844566345215,0.157636821269989,0.09462833404541016,-1.0037384033203125,0.506580114364624,-2.2263050079345703
1763596093.417978,-0.38945392948612567,0.5181371541529893,0.05801489352993667,0.549165666103363,0.4177416265010834,1.523358941078186,,,,,,
1763596093.422201,,,,,,,0.07079726457595825,0.15266692638397217,0.09720337390899658,-1.0452251434326172,0.5551902651786804,-2.3009116649627686
1763596093.428031,-0.39166853679567576,0.4946586634099483,-0.037015396653674544,0.5363172292709351,0.4925801753997803,1.5701628923416138,,,,,,
1763596093.432232,,,,,,,0.07983189821243286,0.16008532047271729,0.09413686394691467,-0.9986954927444458,0.5844171643257141,-2.335282802581787
1763596093.438084,-0.268093741183728,0.5019096574515104,-0.14213230616357175,0.5198536515235901,0.5613232254981995,1.6227612495422363,,,,,,
1763596093.442263,,,,,,,0.09364068508148193,0.171036958694458,0.07933291792869568,-0.8866061568260193,0.6227938532829285,-2.375375270843506
1763596093.448137,-0.05742401496469974,0.5309942976385355,-0.17284662991166114,0.49765753746032715,0.6219378709793091,1.6840237379074097,,,,,,
1763596093.452293,,,,,,,0.10069388151168823,0.19278234243392944,0.07205048203468323,-0.7835308909416199,0.6735571622848511,-2.3939335346221924
1763596093.45819,0.15332301427423953,0.5908236201792955,-0.20260580835938452,0.4854660630226135,0.6805096864700317,1.754250407218933,,,,,,
1763596093.462324,,,,,,,0.10959690809249878,0.19940400123596191,0.06718727946281433,-0.7008227705955505,0.6934381723403931,-2.424412727355957
1763596093.468243,0.3131939888872206,0.5755196680635214,-0.20363339784145354,0.4826359152793884,0.7058877348899841,1.8085112571716309,,,,,,
1763596093.472354,,,,,,,0.12359315156936646,0.15487021207809448,0.06328701972961426,-0.7505951523780823,0.7251873016357422,-2.486598253250122
1763596093.478296,0.3749085406526923,0.5497551122099161,-0.2228898869752884,0.4905644357204437,0.7060536742210388,1.8516879081726074,,,,,,
1763596093.482385,,,,,,,0.12428945302963257,0.08002185821533203,0.07829543948173523,-0.8874110579490662,0.7603412866592407,-2.5014631748199463
1763596093.488349,0.4134939996346831,0.4993950442820787,-0.2777168346514925,0.5124526619911194,0.6755365133285522,1.8709521293640137,,,,,,
1763596093.492415,,,,,,,0.1173054575920105,0.022589802742004395,0.08307299017906189,-1.0284241437911987,0.8214185237884521,-2.5217268466949463
1763596093.498401,0.4531432884559035,0.42054537945091724,-0.32982115243077276,0.5352025628089905,0.611818253993988,1.8743537664413452,,,,,,
1763596093.502446,,,,,,,0.10802507400512695,0.02131342887878418,0.07297703623771667,-1.0960253477096558,0.8942373394966125,-2.5287551879882812
1763596093.508454,0.49803223149627446,0.37969723623394963,-0.3756593590199947,0.5568551421165466,0.5199708938598633,1.8622206449508667,,,,,,
1763596093.512477,,,,,,,0.11104005575180054,0.04817003011703491,0.05264925956726074,-1.0940463542938232,0.9448453783988953,-2.4981212615966797
1763596093.518507,0.5485735012099147,0.3664490476042032,-0.38478608380556106,0.5820708274841309,0.4172232151031494,1.8423842191696167,,,,,,
1763596093.522507,,,,,,,0.12750160694122314,0.06565868854522705,0.03457757830619812,-1.0741772651672363,0.9573931097984314,-2.4764859676361084
1763596093.52856,0.551940931816399,0.3584042728364467,-0.3656161039113998,0.6146894693374634,0.3292904496192932,1.818837285041809,,,,,,
1763596093.532538,,,,,,,0.13763320446014404,0.049787819385528564,0.03549802303314209,-1.1201077699661255,0.9704452753067017,-2.4556844234466553
1763596093.538613,0.5047255916550755,0.3532692480355501,-0.3714543085455894,0.6548767685890198,0.27106645703315735,1.798783302307129,,,,,,
1763596093.542568,,,,,,,0.13198387622833252,0.022778570652008057,0.0440790057182312,-1.2278668880462646,1.005050778388977,-2.4481873512268066
1763596093.548666,0.40942572728246446,0.36196342662274833,-0.2812473833978176,0.6770774126052856,0.23850718140602112,1.7799373865127563,,,,,,
1763596093.552599,,,,,,,0.11852523684501648,-0.017926394939422607,0.04848277568817139,-1.375342607498169,1.0637215375900269,-2.4608101844787598
1763596093.558719,0.2993956190288067,0.37909927034080027,-0.1135094748020172,0.6825271844863892,0.22926098108291626,1.7713847160339355,,,,,,
1763596093.562629,,,,,,,0.10535579919815063,-0.030074894428253174,0.06487143039703369,-1.511309027671814,1.1211552619934082,-2.4491591453552246
1763596093.568772,0.14641718040853738,0.344912338578701,0.031922503094607965,0.674543023109436,0.23116435110569,1.7680022716522217,,,,,,
1763596093.57266,,,,,,,0.10427099466323853,-0.0155678391456604,0.059341251850128174,-1.540384292602539,1.1679288148880005,-2.4334475994110107
1763596093.578825,0.010682429794967174,0.2787508904069662,0.03429506831169128,0.6439094543457031,0.24343225359916687,1.7708674669265747,,,,,,
1763596093.582691,,,,,,,0.10434624552726746,0.0034849047660827637,0.03792697191238403,-1.4991720914840698,1.211137056350708,-2.4086198806762695
1763596093.588878,-0.08187982630729675,0.23476386464238166,-0.12574760960638523,0.6099815368652344,0.28615787625312805,1.7740190029144287,,,,,,
1763596093.592721,,,,,,,0.10593339800834656,0.03261035680770874,0.021887600421905518,-1.4456604719161987,1.2606651782989502,-2.375753402709961
1763596093.598931,-0.15926964771896598,0.16110884584486485,-0.2758674804577604,0.5827535390853882,0.3515644669532776,1.7731008529663086,,,,,,
1763596093.602752,,,,,,,0.11000493168830872,0.050055503845214844,0.008900880813598633,-1.409083366394043,1.3143728971481323,-2.3428611755371094
1763596093.608984,-0.25052812774628397,0.08250409568548202,-0.20980298985447735,0.5581568479537964,0.3899315595626831,1.7717084884643555,,,,,,
1763596093.612782,,,,,,,0.12317606806755066,0.03506791591644287,0.0030318498611450195,-1.3932268619537354,1.3334664106369019,-2.2988498210906982
1763596093.619036,-0.2991398907020688,0.0729939245402813,-0.028203747432958334,0.5250297784805298,0.3845394551753998,1.7833728790283203,,,,,,
1763596093.622813,,,,,,,0.1358485221862793,0.010494709014892578,0.00030797719955444336,-1.3623719215393066,1.3488229513168335,-2.2579293251037598
1763596093.629089,-0.29251813447475433,0.06357493880987167,0.04797814122736454,0.4970497488975525,0.3794810473918915,1.7961702346801758,,,,,,
1763596093.632842,,,,,,,0.13683614134788513,0.014627337455749512,0.0043010711669921875,-1.3029255867004395,1.3689658641815186,-2.238180637359619
1763596093.639143,-0.27117197958528994,0.13454700213372706,-0.05176405297424644,0.4878861606121063,0.41374990344047546,1.8007527589797974,,,,,,
1763596093.642873,,,,,,,0.13299629092216492,0.02229475975036621,0.004642963409423828,-1.2849291563034058,1.3837556838989258,-2.2229106426239014
1763596093.649195,-0.2147539267927408,0.2703109788417816,-0.1051303169807419,0.48647335171699524,0.448794960975647,1.8030211925506592,,,,,,
1763596093.652904,,,,,,,0.1331733912229538,-5.334615707397461e-05,0.015290975570678711,-1.3265292644500732,1.418096661567688,-2.189603090286255
1763596093.659248,-0.190088856613636,0.3858534207761287,0.060510327074863014,0.48331356048583984,0.44116467237472534,1.801966905593872,,,,,,
1763596093.662934,,,,,,,0.1356104016304016,-0.02411288022994995,0.027852237224578857,-1.3697713613510132,1.4402432441711426,-2.163876533508301
1763596093.669301,-0.1834761604756117,0.45376375844180583,0.14100370399244128,0.4971758723258972,0.40394219756126404,1.8010751008987427,,,,,,
1763596093.672965,,,,,,,0.14247919619083405,-0.017832040786743164,0.025924265384674072,-1.3480889797210693,1.4531822204589844,-2.118558645248413
1763596093.679354,-0.16211539253890514,0.51173897754848,0.147604052105546,0.5128760933876038,0.3536498248577118,1.801526427268982,,,,,,
1763596093.682995,,,,,,,0.1468430906534195,0.012784600257873535,0.017466723918914795,-1.3177893161773682,1.491330862045288,-2.0888559818267822
1763596093.689407,-0.13968085789084433,0.5186345822811126,0.12439268786609171,0.5118609070777893,0.3318055272102356,1.8002341985702515,,,,,,
1763596093.693026,,,,,,,0.14802317321300507,0.05263876914978027,0.037753283977508545,-1.279383897781372,1.5360605716705322,-2.038928985595703
1763596093.69946,-0.24574703094959258,0.47938159930109975,0.1735807894051075,0.4915831685066223,0.3639189600944519,1.7900919914245605,,,,,,
1763596093.703056,,,,,,,0.15311557054519653,0.06414777040481567,0.03486138582229614,-1.2410247325897217,1.577271580696106,-2.0121536254882812
1763596093.709513,-0.4026987571150064,0.45571430798768997,0.25587040208969264,0.45913174748420715,0.4088352918624878,1.7690364122390747,,,,,,
1763596093.713087,,,,,,,0.15590807795524597,0.04413992166519165,0.03830873966217041,-1.2440335750579834,1.6220977306365967,-1.9958471059799194
1763596093.719566,-0.5615180307179689,0.469987163490057,0.306591594947502,0.4329920709133148,0.43406590819358826,1.7402570247650146,,,,,,
1763596093.723118,,,,,,,0.15615437924861908,0.04109621047973633,0.049918949604034424,-1.2014645338058472,1.6770437955856323,-1.9564299583435059
1763596093.729619,-0.5964946515530347,0.4666302542775869,0.13243863167762757,0.42456263303756714,0.46975839138031006,1.708235263824463,,,,,,
1763596093.733148,,,,,,,0.1501648873090744,0.05137854814529419,0.044163644313812256,-1.1780953407287598,1.7427005767822266,-1.9390461444854736
1763596093.739672,-0.5861071130514145,0.4661696510285139,0.0016366612911224365,0.42359745502471924,0.504967212677002,1.6856237649917603,,,,,,
1763596093.743179,,,,,,,0.15122605860233307,0.08141404390335083,0.06165117025375366,-1.125135064125061,1.789236068725586,-1.9081839323043823
1763596093.749724,-0.45158699892461296,0.591658317437768,0.12278759075701236,0.41124066710472107,0.5351192951202393,1.7032877206802368,,,,,,
1763596093.753209,,,,,,,0.15741758048534393,0.07966017723083496,0.08279293775558472,-1.1094727516174316,1.8373055458068848,-1.8831336498260498
1763596093.759777,-0.2925368391752243,0.7186801847636699,0.20191541494242846,0.3951377272605896,0.5640816688537598,1.7424064874649048,,,,,,
1763596093.76324,,,,,,,0.15767505764961243,0.07669496536254883,0.09916526079177856,-1.0421074628829956,1.8918862342834473,-1.8333293199539185
1763596093.76983,-0.14736089099943636,0.7706441807568073,0.23624507964346556,0.36341893672943115,0.5790965557098389,1.7900837659835815,,,,,,
1763596093.77327,,,,,,,0.1606145203113556,0.08029961585998535,0.07646781206130981,-0.9506803154945374,1.9492182731628418,-1.8051472902297974
1763596093.779883,-0.04112696015834808,0.788371560627222,0.16026833990011363,0.33088406920433044,0.6015592813491821,1.833226203918457,,,,,,
1763596093.783301,,,,,,,0.16819481551647186,0.10534310340881348,0.07536965608596802,-0.8652533292770386,2.003234624862671,-1.7660802602767944
1763596093.789936,0.0032078561305999755,0.7510042452633381,0.09999474419057369,0.31027039885520935,0.6346288323402405,1.8713085651397705,,,,,,
1763596093.793332,,,,,,,0.17300520837306976,0.10830551385879517,0.07243543863296509,-0.7967379689216614,2.0502517223358154,-1.7246111631393433
1763596093.79999,-0.011432079118490219,0.6699187842041253,0.14365505875144152,0.30363553762435913,0.6259031295776367,1.8999285697937012,,,,,,
1763596093.803362,,,,,,,0.17589306831359863,0.08709138631820679,0.07848948240280151,-0.7805878520011902,2.094177722930908,-1.6946545839309692
1763596093.810043,0.03027764936387539,0.6398106461882591,0.17283201686441899,0.32230880856513977,0.5520328879356384,1.9180817604064941,,,,,,
1763596093.813393,,,,,,,0.17837221920490265,0.07980990409851074,0.09294503927230835,-0.7018346786499023,2.1176302433013916,-1.662312626838684
1763596093.820096,-0.1413251179665327,0.41999475983083245,0.1816372911432758,0.3119930028915405,0.5221255421638489,1.9108272790908813,,,,,,
1763596093.823423,,,,,,,0.1750091165304184,0.08260226249694824,0.08892929553985596,-0.5869991779327393,2.1487982273101807,-1.6253200769424438
1763596093.830149,-0.2655950562357902,0.24435119267702102,0.1447708745062351,0.27226585149765015,0.5559620261192322,1.8858331441879272,,,,,,
1763596093.833454,,,,,,,0.16920873522758484,0.10035818815231323,0.07093185186386108,-0.48062294721603394,2.1928322315216064,-1.5948714017868042
1763596093.840202,-0.3262935628265142,0.1914700818389654,0.09683131172358989,0.22166214883327484,0.6223300099372864,1.8442151546478271,,,,,,
1763596093.843484,,,,,,,0.16557937860488892,0.09153175354003906,0.04493916034698486,-0.4396035969257355,2.2418155670166016,-1.588646650314331
1763596093.850255,-0.3695739016264677,0.1792915682673454,0.13326107224272563,0.17652183771133423,0.6496064066886902,1.8004002571105957,,,,,,
1763596093.853515,,,,,,,0.1742303967475891,0.07459837198257446,0.0575711727142334,-0.43557876348495483,2.2596137523651123,-1.5694133043289185
1763596093.860308,-0.3687660923749208,0.17946926292181015,0.20086276408433912,0.14288954436779022,0.6218456625938416,1.7770042419433594,,,,,,
1763596093.863546,,,,,,,0.18816447257995605,0.04420578479766846,0.052871882915496826,-0.40641605854034424,2.263523578643799,-1.5469634532928467
1763596093.87036,-0.3404851697862148,0.13937281485497952,0.19744915624856949,0.10996568202972412,0.5935671925544739,1.7825039625167847,,,,,,
1763596093.873576,,,,,,,0.18935781717300415,0.03537482023239136,0.01653975248336792,-0.3489631712436676,2.247755289077759,-1.5264155864715576
1763596093.880413,-0.20464754332005977,0.23625790259242058,0.11952362052500247,0.08822846412658691,0.5879032611846924,1.8040661811828613,,,,,,
1763596093.883607,,,,,,,0.19358038902282715,0.07499575614929199,0.018540918827056885,-0.2734677195549011,2.253460645675659,-1.4861687421798706
1763596093.890466,-0.12835107010304928,0.29228374119699,0.15163666862249373,0.048105280846357346,0.5842773914337158,1.819860577583313,,,,,,
1763596093.893637,,,,,,,0.1954590380191803,0.06383264064788818,-0.005491495132446289,-0.22535426914691925,2.2241504192352295,-1.4799479246139526
1763596093.900519,-0.122532739213109,0.28176293170452116,0.16606325338184832,0.008233727887272835,0.5767293572425842,1.8123420476913452,,,,,,
1763596093.903668,,,,,,,0.20048317313194275,0.02410709857940674,-0.025108277797698975,-0.2776048481464386,2.19757080078125,-1.4724823236465454
1763596093.910572,-0.10404314279854297,0.24915888521969318,0.20267828907370566,-0.023640314117074013,0.5402299165725708,1.792561411857605,,,,,,
1763596093.913698,,,,,,,0.20552533864974976,-0.0020610690116882324,-0.014007806777954102,-0.3330982029438019,2.1627919673919678,-1.4573962688446045
1763596093.920625,-0.1587315953195095,0.13117255726456642,0.2316857723712921,-0.0440647155046463,0.4938720464706421,1.7817089557647705,,,,,,
1763596093.923729,,,,,,,0.20181840658187866,-0.01976943016052246,-0.025143027305603027,-0.3380827009677887,2.1382203102111816,-1.4354442358016968
1763596093.930678,-0.307132935282588,-0.024554887802898884,0.2362520573735237,-0.0678320974111557,0.45829325914382935,1.7777847051620483,,,,,,
1763596093.93376,,,,,,,0.2042020559310913,0.006263911724090576,-0.03002828359603882,-0.28121834993362427,2.099550247192383,-1.4162412881851196
1763596093.940731,-0.4947773213535547,-0.010729191546142101,0.24057518126964567,-0.09529709815979004,0.44278499484062195,1.7726091146469116,,,,,,
1763596093.94379,,,,,,,0.21104681491851807,0.034708619117736816,-0.03530639410018921,-0.2162800133228302,2.075995922088623,-1.3911917209625244
1763596093.950784,-0.6141553959280253,0.13180734803676605,0.2063432595883496,-0.13749568164348602,0.43951570987701416,1.7620924711227417,,,,,,
1763596093.953821,,,,,,,0.2049538493156433,0.013134956359863281,-0.05535763502120972,-0.2162318229675293,2.049314498901367,-1.3706220388412476
1763596093.960837,-0.6516933916836977,0.27087913411855696,0.19290625212192533,-0.186122328042984,0.4642775058746338,1.7491494417190552,,,,,,
1763596093.963851,,,,,,,0.19715291261672974,-0.009489357471466064,-0.056899428367614746,-0.19416117668151855,2.0292203426361084,-1.3084518909454346
1763596093.97089,-0.5844833112418651,0.3719359545826912,0.27468320257663725,-0.24788370728492737,0.491161584854126,1.764646053314209,,,,,,
1763596093.973882,,,,,,,0.19311034679412842,-0.027206599712371826,-0.09203976392745972,-0.11780301481485367,2.000702381134033,-1.254323124885559
1763596093.980943,-0.5150590618818998,0.4146203733161092,0.35977676676604897,-0.32034817337989807,0.5231139063835144,1.796352505683899,,,,,,
1763596093.983912,,,,,,,0.18721675872802734,-0.02433258295059204,-0.1190333366394043,0.012707188725471497,1.9593830108642578,-1.1704696416854858
1763596093.990996,-0.5642237825453281,0.5565560243964195,0.37012397325728086,-0.38413646817207336,0.5721184611320496,1.8592733144760132,,,,,,
1763596093.993943,,,,,,,0.18967819213867188,-0.02137589454650879,-0.1256656050682068,0.15735305845737457,1.89504075050354,-1.0962908267974854
1763596094.001049,-0.7026099244505166,0.521468636663258,0.2558733612317592,-0.4273459315299988,0.62098628282547,1.9108316898345947,,,,,,
1763596094.003974,,,,,,,0.18383508920669556,-0.05200725793838501,-0.14577460289001465,0.20230920612812042,1.8219621181488037,-1.033251166343689
1763596094.011101,-0.7840022595018148,0.6340206646099686,0.065782020400092,-0.4427648186683655,0.6654003262519836,1.9641841650009155,,,,,,
1763596094.014004,,,,,,,0.18831712007522583,-0.07695567607879639,-0.11306554079055786,0.1724860668182373,1.7420318126678467,-0.9638785719871521
1763596094.021154,-0.777013715788722,0.8601064250171184,-0.058151817782595754,-0.44782716035842896,0.7012788653373718,2.021573066711426,,,,,,
1763596094.024035,,,,,,,0.18834269046783447,-0.12239080667495728,-0.10523766279220581,0.10932981967926025,1.6472208499908447,-0.9360095858573914
1763596094.031207,-0.704539431208372,0.837783241789043,-0.13352226219587027,-0.4343840777873993,0.7392339706420898,2.0367965698242188,,,,,,
1763596094.034065,,,,,,,0.18261486291885376,-0.13925820589065552,-0.08603829145431519,0.055428773164749146,1.582403302192688,-0.8884833455085754
1763596094.04126,-0.7668500491708516,0.49663142478764055,-0.04366144707202911,-0.4108107089996338,0.7256959080696106,1.9797983169555664,,,,,,
1763596094.044096,,,,,,,0.17386877536773682,-0.12994086742401123,-0.07316654920578003,0.05117585137486458,1.5327494144439697,-0.8352311849594116
1763596094.051313,-0.9835001649737357,0.1650382942482829,0.04236030134558678,-0.3803585469722748,0.6459840536117554,1.865993618965149,,,,,,
1763596094.054126,,,,,,,0.1677197813987732,-0.11568856239318848,-0.10316729545593262,0.059529390186071396,1.4826878309249878,-0.7782986760139465
1763596094.061366,-1.0770832885563373,0.0838122556746006,0.00013663199171423912,-0.3272886276245117,0.5298898220062256,1.737861156463623,,,,,,
1763596094.064157,,,,,,,0.17257249355316162,-0.09946882724761963,-0.10201424360275269,0.06718061119318008,1.4272507429122925,-0.7412905693054199
1763596094.071419,-1.1517875241458415,-0.07291925186887382,-0.2576128253102302,-0.25537022948265076,0.46540912985801697,1.5824718475341797,,,,,,
1763596094.074188,,,,,,,0.16772282123565674,-0.10225707292556763,-0.07038465142250061,0.015221808105707169,1.3729009628295898,-0.6855868101119995
1763596094.081472,-1.1370388678252696,-0.10271715489178895,-0.41992768594399094,-0.20018798112869263,0.4333946704864502,1.4376198053359985,,,,,,
1763596094.084218,,,,,,,0.16529297828674316,-0.09634506702423096,-0.03318750858306885,-0.0017218469874933362,1.325854778289795,-0.6507132053375244
1763596094.091525,-0.9162672881782055,0.003492079899460077,-0.32609190277457234,-0.1873110681772232,0.40474995970726013,1.3156602382659912,,,,,,
1763596094.094249,,,,,,,0.1428733468055725,-0.09595972299575806,-0.05670255422592163,0.013143652118742466,1.3077293634414673,-0.6158025860786438
1763596094.101578,-0.6558990266799927,0.10988821556493639,-0.20392690089531243,-0.18723556399345398,0.3685961365699768,1.2174906730651855,,,,,,
1763596094.104279,,,,,,,0.12015384435653687,-0.07926332950592041,-0.06806755065917969,0.046548131853342056,1.2878321409225464,-0.5990719795227051
1763596094.111631,-0.6109457862317562,0.06832812468633055,-0.2456289575278759,-0.18105623126029968,0.32088321447372437,1.1368058919906616,,,,,,
1763596094.11431,,,,,,,0.10734790563583374,-0.07246267795562744,-0.06613951921463013,0.07415738701820374,1.2616212368011475,-0.5625283718109131
1763596094.121684,-0.6043523793160915,0.07129881106019019,-0.45164493965692815,-0.1587202250957489,0.2840181887149811,1.0901122093200684,,,,,,
1763596094.12434,,,,,,,0.10762917995452881,-0.07694214582443237,-0.06646859645843506,0.0770508274435997,1.199920892715454,-0.5517570972442627
1763596094.131737,-0.46334641030132767,0.157997728087008,-0.6221323661565781,-0.11615891754627228,0.2567807137966156,1.0542162656784058,,,,,,
1763596094.134371,,,,,,,0.10832947492599487,-0.08201086521148682,-0.05831259489059448,0.03390815109014511,1.1471627950668335,-0.5355061888694763
1763596094.14179,-0.3289987301319837,0.1384013394743204,-0.5664297681570053,-0.09496606886386871,0.2400236427783966,1.0184178352355957,,,,,,
1763596094.144402,,,,,,,0.09797394275665283,-0.0771869421005249,-0.026544928550720215,-0.008288707584142685,1.094285011291504,-0.5328068137168884
1763596094.151842,-0.25040274780094623,0.14356675941348074,-0.4061177717782557,-0.09990383684635162,0.229328915476799,0.9856691956520081,,,,,,
1763596094.154432,,,,,,,0.08074140548706055,-0.07793006300926208,-0.019943296909332275,-0.052825815975666046,1.0436534881591797,-0.5384620428085327
1763596094.161895,-0.13847615827620027,0.1508201646078378,-0.3401226200841367,-0.11145971715450287,0.19580261409282684,0.9607067108154297,,,,,,
1763596094.164463,,,,,,,0.07007062435150146,-0.06024029850959778,-0.002710014581680298,-0.05787024646997452,1.0147920846939087,-0.5355256795883179
1763596094.171948,-0.08029869459569454,0.1579417601160705,-0.3517873389147222,-0.11163122206926346,0.14343847334384918,0.9516615867614746,,,,,,
1763596094.174493,,,,,,,0.059282660484313965,-0.053445130586624146,-0.024755001068115234,-0.07060948014259338,0.9886860847473145,-0.5551422834396362
1763596094.182001,-0.04624386478066444,0.12146291802451013,-0.44146249527335163,-0.09455016255378723,0.11732538789510727,0.9573433995246887,,,,,,
1763596094.184524,,,,,,,0.051838457584381104,-0.046950846910476685,-0.02291405200958252,-0.07508940249681473,0.9843898415565491,-0.5451710224151611
1763596094.192054,-0.09850479789376258,-0.0024872867710888386,-0.46040816489234565,-0.08198137581348419,0.10900567471981049,0.9598875045776367,,,,,,
1763596094.194554,,,,,,,0.0478861927986145,-0.04950666427612305,-0.029503852128982544,-0.08408050239086151,0.9621915817260742,-0.5569421648979187
1763596094.202107,-0.14776128849387168,-0.11398381431549787,-0.49392435778602956,-0.07319524139165878,0.1064390167593956,0.9542207717895508,,,,,,
1763596094.204585,,,,,,,0.05158871412277222,-0.03514114022254944,-0.023336321115493774,-0.10541707277297974,0.9341953992843628,-0.5632317662239075
1763596094.21216,-0.10090893642604351,-0.06432846059091389,-0.39470074409842487,-0.0656217485666275,0.061107486486434937,0.955180287361145,,,,,,
1763596094.214616,,,,,,,0.05681204795837402,-0.017529577016830444,0.0038227736949920654,-0.06872483342885971,0.9108504056930542,-0.5605978965759277
1763596094.222213,-0.11024141291677951,-0.006053674015775322,-0.2800796547926962,-0.07527314126491547,0.021380484104156494,0.960612416267395,,,,,,
1763596094.224646,,,,,,,0.04756009578704834,-0.014774888753890991,-0.011891007423400879,-0.05401533842086792,0.8870998024940491,-0.5856313109397888
1763596094.232266,-0.09020341801643371,0.01532937881797552,-0.308872034034878,-0.08320270478725433,0.013791007921099663,0.9506732821464539,,,,,,
1763596094.234677,,,,,,,0.04500538110733032,0.01619967818260193,0.009450316429138184,-0.026481714099645615,0.8913781642913818,-0.5795761346817017
1763596094.242319,-0.19976795458495616,0.03604921850264072,-0.20284429329037665,-0.09154219925403595,-0.011160958558321,0.9446966052055359,,,,,,
1763596094.244707,,,,,,,0.041083574295043945,0.000348508358001709,-0.010126829147338867,-0.018862925469875336,0.8976792097091675,-0.6064068078994751
1763596094.252372,-0.2328267590999603,0.03288637055754661,-0.3002314853310585,-0.07128006964921951,-0.0470406599342823,0.9440241456031799,,,,,,
1763596094.254738,,,,,,,0.044458985328674316,0.0003730356693267822,-0.008275359869003296,0.016348857432603836,0.8926514387130737,-0.6006208062171936
1763596094.262425,-0.18027765669524667,0.020376560938637704,-0.33583705171942707,-0.04337115213274956,-0.08968058973550797,0.9533550143241882,,,,,,
1763596094.264768,,,,,,,0.05766570568084717,0.011533230543136597,0.0007221996784210205,0.0646246001124382,0.883979082107544,-0.5992754697799683
1763596094.272478,-0.254338333684206,0.06320922903632745,-0.2570996150910854,-0.023990526795387268,-0.08499103039503098,0.9543217420578003,,,,,,
1763596094.274799,,,,,,,0.05210143327713013,0.012025117874145508,-0.007192373275756836,0.07560694962739944,0.876570463180542,-0.6286304593086243
1763596094.282531,-0.2500894440680742,0.12211440420318394,-0.24041852940320968,-0.018287934362888336,-0.0775410458445549,0.9514949321746826,,,,,,
1763596094.28483,,,,,,,0.04261893033981323,0.021006643772125244,0.035582035779953,0.0702519342303276,0.8827527165412903,-0.6157768368721008
1763596094.292584,-0.13211772916018963,0.2607605122188106,0.004746171613782644,-0.02830648049712181,-0.1253780722618103,0.9629344940185547,,,,,,
1763596094.29486,,,,,,,0.031047821044921875,0.015397310256958008,0.046807169914245605,0.07145275175571442,0.9207760095596313,-0.6336357593536377
1763596094.302636,0.11368307780325412,0.3444428213708102,0.05456716422885656,-0.033643849194049835,-0.16125895082950592,0.9945507645606995,,,,,,
1763596094.304891,,,,,,,0.016127288341522217,0.01841065287590027,0.03212541341781616,0.0710194855928421,0.9679099321365356,-0.6432258486747742
1763596094.312689,0.2778197470366955,0.28813385497592386,-0.0013328560389578342,-0.032557811588048935,-0.19135479629039764,1.0353679656982422,,,,,,
1763596094.314921,,,,,,,0.021028339862823486,0.036477744579315186,0.0329534113407135,0.1150154396891594,0.9966225624084473,-0.6323830485343933
1763596094.322742,0.19833295334577558,0.16158046367829665,0.1263315469741821,-0.03356663137674332,-0.23841051757335663,1.0831389427185059,,,,,,
1763596094.324952,,,,,,,0.02266639471054077,0.011241436004638672,-0.0074040889739990234,0.16089534759521484,1.0318394899368286,-0.6244512796401978
1763596094.332795,0.08364917406737804,0.09255359787177293,0.22019421815052628,-0.025324147194623947,-0.26476651430130005,1.1052404642105103,,,,,,
1763596094.334982,,,,,,,0.02546769380569458,0.006674736738204956,-0.019599050283432007,0.2154155820608139,1.0490221977233887,-0.5927293300628662
1763596094.342848,-0.2711170345276594,-0.2465621467247605,0.04150222321152687,-0.015931837260723114,-0.21736818552017212,1.0866791009902954,,,,,,
1763596094.345013,,,,,,,0.02818673849105835,-0.013529777526855469,-0.04831156134605408,0.24455665051937103,1.0581165552139282,-0.5516888499259949
1763596094.352901,-0.558567364218831,-0.4331897569686174,0.15052023181319235,-0.012778121046721935,-0.17470940947532654,1.0343382358551025,,,,,,
1763596094.355044,,,,,,,0.03645908832550049,-0.055765897035598755,-0.08867132663726807,0.2697770595550537,1.026504635810852,-0.49218428134918213
1763596094.362954,-0.6626368105024099,-0.4998891114093363,0.43150574940443037,-0.033243242651224136,-0.18668131530284882,0.9498867392539978,,,,,,
1763596094.365074,,,,,,,0.07001340389251709,-0.07572785019874573,-0.127292662858963,0.3483126759529114,0.9530189037322998,-0.4139900207519531
1763596094.373007,-0.8283458436191081,-0.57534036597386,0.41029571505002677,-0.04094430431723595,-0.15852771699428558,0.8196975588798523,,,,,,
1763596094.375105,,,,,,,0.0987393856048584,-0.08881780505180359,-0.18414771556854248,0.3648402690887451,0.8319371938705444,-0.3711397647857666
1763596094.38306,-0.9118278444260358,-0.49640784516483544,0.13599018667936325,-0.01978524774312973,-0.14237725734710693,0.6795637607574463,,,,,,
1763596094.385135,,,,,,,0.11617833375930786,-0.08678242564201355,-0.16121768951416016,0.340238094329834,0.7393018007278442,-0.2888108789920807
1763596094.393113,-1.0318921476989984,-0.2847680318046361,0.44306291620731353,-0.03632267937064171,-0.1448017954826355,0.558092474937439,,,,,,
1763596094.395166,,,,,,,0.11965233087539673,-0.1326715648174286,-0.1853782832622528,0.2750071585178375,0.6142584085464478,-0.2536478340625763
1763596094.403166,-1.1854051315873861,-0.23465236709192394,0.5684601780060679,-0.06464242935180664,-0.09591513872146606,0.43926766514778137,,,,,,
1763596094.405196,,,,,,,0.12761354446411133,-0.14436519145965576,-0.2165428102016449,0.22610041499137878,0.4919668436050415,-0.20424717664718628
1763596094.413219,-1.2179939805030822,-0.14261574229896068,0.5185118326842785,-0.08677569776773453,-0.05677173286676407,0.32324090600013733,,,,,,
1763596094.415227,,,,,,,0.14690154790878296,-0.12340682744979858,-0.2357971966266632,0.21419554948806763,0.35734298825263977,-0.13289523124694824
1763596094.423272,-1.3470757029682396,-0.1794716740746051,0.5092552709739655,-0.09868886321783066,-0.056037239730358124,0.20671600103378296,,,,,,
1763596094.425258,,,,,,,0.1520339846611023,-0.12902837991714478,-0.2705315351486206,0.21640752255916595,0.22264349460601807,-0.06987033039331436
1763596094.433325,-1.4510609780997037,-0.27602782211862503,0.45923897498250005,-0.10780806094408035,-0.024468928575515747,0.08092372119426727,,,,,,
1763596094.435288,,,,,,,0.1569264531135559,-0.12615424394607544,-0.2728649377822876,0.24512119591236115,0.07467001676559448,0.00013991491869091988
1763596094.443378,-1.5162322461903095,-0.27754370657429095,0.49968547859601675,-0.1424819529056549,0.024948736652731895,-0.035657789558172226,,,,,,
1763596094.445319,,,,,,,0.15851563215255737,-0.13553395867347717,-0.2663763463497162,0.2356882095336914,-0.06348945945501328,0.07174459099769592
1763596094.45343,-1.4522282683134078,-0.14369623101204632,0.47676074927821754,-0.16247165203094482,0.07968761771917343,-0.13469116389751434,,,,,,
1763596094.455349,,,,,,,0.14688628911972046,-0.15786784887313843,-0.2508964538574219,0.1741231083869934,-0.2161857932806015,0.1289951056241989
1763596094.463483,-1.2472370261222123,0.023137568350881335,0.23867197799682616,-0.15869514644145966,0.11223120242357254,-0.21298152208328247,,,,,,
1763596094.46538,,,,,,,0.1492510437965393,-0.15822002291679382,-0.2110414206981659,0.14850732684135437,-0.34804636240005493,0.18155698478221893
1763596094.473536,-1.0679963112592696,0.133015481717512,0.16556224505715073,-0.15259172022342682,0.12970659136772156,-0.2806551158428192,,,,,,
1763596094.47541,,,,,,,0.13174974918365479,-0.16534429788589478,-0.21105477213859558,0.11385932564735413,-0.4350121319293976,0.22713564336299896
1763596094.483589,-1.0192448475718499,0.09593370529673993,0.04262698945775628,-0.13352154195308685,0.1306483894586563,-0.37258249521255493,,,,,,
1763596094.485441,,,,,,,0.11418849229812622,-0.14970767498016357,-0.19648191332817078,0.09547045826911926,-0.5251604318618774,0.27448025345802307
1763596094.493642,-1.0831775137782096,-0.01444507026411593,-0.0763876586318016,-0.11869944632053375,0.13663038611412048,-0.45296603441238403,,,,,,
1763596094.495472,,,,,,,0.11095678806304932,-0.13716647028923035,-0.16194307804107666,0.07649863511323929,-0.5999472737312317,0.3223346173763275
1763596094.503695,-1.0512252092003822,0.000448839746043086,-0.1588673505283892,-0.11483436077833176,0.1703614592552185,-0.5043665170669556,,,,,,
1763596094.505502,,,,,,,0.09916359186172485,-0.13551807403564453,-0.14576098322868347,0.06857933849096298,-0.6588289737701416,0.36507847905158997
1763596094.513748,-0.8546265323013067,0.035817455573379994,-0.18765264244265853,-0.11164814978837967,0.18205806612968445,-0.5370232462882996,,,,,,
1763596094.515533,,,,,,,0.08964145183563232,-0.12473249435424805,-0.13311268389225006,0.08800496906042099,-0.7034960389137268,0.4194554388523102
1763596094.523801,-0.7892232090204954,0.0021522826630622147,-0.18977672192454337,-0.0995662584900856,0.14883895218372345,-0.5733152627944946,,,,,,
1763596094.525563,,,,,,,0.07923132181167603,-0.1176665723323822,-0.13100400567054749,0.1352420300245285,-0.717745840549469,0.47331252694129944
1763596094.533854,-0.8422036885797977,-0.0781874745953828,-0.2665012112952769,-0.07760796695947647,0.10896744579076767,-0.6189876794815063,,,,,,
1763596094.535594,,,,,,,0.06866836547851562,-0.12716805934906006,-0.15094849467277527,0.19941675662994385,-0.7435614466667175,0.5433562994003296
1763596094.543907,-1.01890874748528,-0.18396284801401197,-0.29807832588516175,-0.05614455044269562,0.10934799909591675,-0.6774032711982727,,,,,,
1763596094.545624,,,,,,,0.07535058259963989,-0.1496976912021637,-0.17559918761253357,0.2564641535282135,-0.7873009443283081,0.6253669857978821
1763596094.55396,-1.2247469618946314,-0.2640245189834386,-0.38452553317323324,-0.01746053621172905,0.13887418806552887,-0.7576752305030823,,,,,,
1763596094.555655,,,,,,,0.08777201175689697,-0.1894756257534027,-0.20348277688026428,0.26220059394836426,-0.8654857873916626,0.7211350798606873
1763596094.564013,-1.3500468277335167,-0.3349931482411921,-0.5419125820159911,0.043804917484521866,0.18079186975955963,-0.8568602204322815,,,,,,
1763596094.565686,,,,,,,0.1055784821510315,-0.23368653655052185,-0.22293713688850403,0.24467059969902039,-0.9777315855026245,0.814368724822998
1763596094.574066,-1.3204197512328624,-0.33480913344379515,-0.6860720466256142,0.12702924013137817,0.21519646048545837,-0.9731026887893677,,,,,,
1763596094.575716,,,,,,,0.12886619567871094,-0.264788955450058,-0.2286006510257721,0.16509400308132172,-1.103811502456665,0.9009280800819397
1763596094.584119,-1.1961913140177727,-0.29201135399639605,-0.7909984019994736,0.21635180711746216,0.233858123421669,-1.0965183973312378,,,,,,
1763596094.585747,,,,,,,0.1414487361907959,-0.2719588577747345,-0.20253106951713562,0.02489740215241909,-1.2356853485107422,0.960038959980011
1763596094.594172,-0.9992384168535471,-0.2097797916419804,-0.8073102159835398,0.2844379246234894,0.24265028536319733,-1.2084771394729614,,,,,,
1763596094.595777,,,,,,,0.14679503440856934,-0.28063181042671204,-0.1739487648010254,-0.15804685652256012,-1.3745428323745728,0.9946765899658203
1763596094.604225,-0.6522229685157537,0.0019545955333393067,-0.5925896069385111,0.3222910165786743,0.18898141384124756,-1.2841049432754517,,,,,,
1763596094.605808,,,,,,,0.15620064735412598,-0.25497642159461975,-0.13511577248573303,-0.27974170446395874,-1.484585165977478,1.0090314149856567
1763596094.614278,-0.3983177655518055,0.17394618865139783,-0.45294586618766186,0.3352038860321045,0.11529973149299622,-1.3236877918243408,,,,,,
1763596094.615838,,,,,,,0.14552569389343262,-0.2073567509651184,-0.12234434485435486,-0.3608682453632355,-1.5454847812652588,0.9852232933044434
1763596094.624331,-0.2378863805770874,0.21755670925378798,-0.5705718363977968,0.3511858284473419,0.06485707312822342,-1.337019443511963,,,,,,
1763596094.625869,,,,,,,0.1266501545906067,-0.12170717120170593,-0.0792759358882904,-0.3519303500652313,-1.570876955986023,1.0018255710601807
1763596094.634383,-0.26495909641981125,0.15622268123850225,-0.5146854062639177,0.34898924827575684,0.025230031460523605,-1.339565634727478,,,,,,
1763596094.6359,,,,,,,0.11048924922943115,-0.060015201568603516,-0.06991830468177795,-0.23917557299137115,-1.549665927886963,1.015299677848816
1763596094.644436,-0.45147360167801376,-0.09681169370766729,-0.3371547101892531,0.3055840730667114,0.013096353970468044,-1.3437023162841797,,,,,,
1763596094.64593,,,,,,,0.09257465600967407,-0.03407090902328491,-0.11887755990028381,-0.0517159029841423,-1.5234627723693848,1.060795783996582
1763596094.654489,-0.5643593916237354,-0.21482834373582152,0.08078881620019673,0.24774287641048431,-0.03876977041363716,-1.3529340028762817,,,,,,
1763596094.655961,,,,,,,0.09869629144668579,-0.01678365468978882,-0.15791037678718567,0.16570749878883362,-1.52097749710083,1.132606863975525
1763596094.664542,-0.7856903587192297,-0.5010159965474158,0.16451120163425803,0.21082685887813568,-0.05353222042322159,-1.408873200416565,,,,,,
1763596094.665991,,,,,,,0.11419832706451416,-0.0502433180809021,-0.21000325679779053,0.3621351420879364,-1.5485718250274658,1.2379732131958008
1763596094.674595,-0.9552291792571544,-0.7969511729240417,-0.055783408150821924,0.21266496181488037,0.0017536735394969583,-1.5126457214355469,,,,,,
1763596094.676022,,,,,,,0.1354808807373047,-0.11005020141601562,-0.24210506677627563,0.4283842146396637,-1.6255766153335571,1.292906403541565
1763596094.684648,-0.9090420130997896,-0.9675769119158386,-0.29069311100468037,0.25248628854751587,0.045692332088947296,-1.6515733003616333,,,,,,
1763596094.686052,,,,,,,0.1719287633895874,-0.11101573705673218,-0.15848508477210999,0.3792218863964081,-1.7601096630096436,1.375812292098999
1763596094.694701,-0.7616618328779935,-0.8941133971024304,-0.12007701662406324,0.29686999320983887,0.011386556550860405,-1.7894989252090454,,,,,,
1763596094.696083,,,,,,,0.1827273964881897,-0.1297735571861267,-0.08444559574127197,0.2517731189727783,-1.8533682823181152,1.4047940969467163
1763596094.704754,-0.46246787390112876,-0.5439845659844577,0.1422372643753886,0.32361555099487305,-0.06579606235027313,-1.8740513324737549,,,,,,
1763596094.706114,,,,,,,0.15734833478927612,-0.1762751340866089,-0.07265329360961914,0.058851458132267,-1.9304265975952148,1.396431565284729
1763596094.714807,-0.07666589105129241,-0.07648527378737927,0.2215465095423162,0.326762855052948,-0.14672286808490753,-1.8935842514038086,,,,,,
1763596094.716144,,,,,,,0.15932059288024902,-0.12192517518997192,-0.017554253339767456,-0.039861805737018585,-1.9715359210968018,1.4205422401428223
1763596094.72486,0.1283282737493515,0.37809462334290145,0.22543153428211807,0.31121131777763367,-0.22119976580142975,-1.8579773902893066,,,,,,
1763596094.726175,,,,,,,0.15060794353485107,-0.06438237428665161,-0.04074794054031372,0.012886454351246357,-1.9401603937149048,1.448063850402832
1763596094.734913,0.10493979937732219,0.591376577886939,0.3087234193444252,0.273340106010437,-0.26229315996170044,-1.7958152294158936,,,,,,
1763596094.736205,,,,,,,0.11881405115127563,-0.03370523452758789,-0.10795843601226807,0.19300508499145508,-1.8722617626190186,1.526456356048584
1763596094.744966,-0.11521277158856391,0.49647418839931484,0.3874327989220619,0.24036246538162231,-0.24199312925338745,-1.7570114135742188,,,,,,
1763596094.746236,,,,,,,0.1232711672782898,0.010232031345367432,-0.14177489280700684,0.33123213052749634,-1.9038652181625366,1.5600907802581787
1763596094.755019,-0.42037294549345966,0.2289826508924365,0.32557628140263256,0.22192592918872833,-0.2186899334192276,-1.781977653503418,,,,,,
1763596094.756266,,,,,,,0.15672969818115234,0.04922759532928467,-0.056089580059051514,0.4452391266822815,-1.962484359741211,1.6468688249588013
1763596094.765072,-0.6793307556718587,-0.06397957408800721,0.3972491864722222,0.21111240983009338,-0.21373578906059265,-1.8638601303100586,,,,,,
1763596094.766297,,,,,,,0.15839433670043945,-0.008644402027130127,-0.019093334674835205,0.5593077540397644,-1.93544340133667,1.7331048250198364
1763596094.775125,-0.7722592147380113,-0.23877046993523834,0.5482849665921181,0.18207089602947235,-0.2132987529039383,-1.9683159589767456,,,,,,
1763596094.776328,,,,,,,0.1276634931564331,-0.05297517776489258,-0.0677754282951355,0.6708899736404419,-1.9265527725219727,1.7941982746124268
1763596094.785178,-0.7136544655561446,-0.2649757552936673,0.46068500907234844,0.160342738032341,-0.17965519428253174,-2.069790840148926,,,,,,
1763596094.786358,,,,,,,0.14686942100524902,0.001801908016204834,-0.03252971172332764,0.6569644808769226,-1.9664384126663208,1.8473361730575562
1763596094.795231,-0.6853963393211364,-0.20095745663046835,0.35066374171227216,0.17623037099838257,-0.17124545574188232,-2.154902696609497,,,,,,
1763596094.796389,,,,,,,0.168104350566864,0.014801979064941406,0.045475125312805176,0.629964292049408,-1.9467679262161255,1.9191293716430664
1763596094.805284,-0.6567056668877601,-0.059685530155897136,0.3608066578030586,0.20627349615097046,-0.1961916834115982,-2.210331678390503,,,,,,
1763596094.806419,,,,,,,0.13521969318389893,-0.057413339614868164,0.012578606605529785,0.5150715708732605,-1.8796254396438599,1.9161287546157837
1763596094.815336,-0.4419909030616283,0.16626812830418347,0.19283859371319412,0.24365735054016113,-0.20627254247665405,-2.2290141582489014,,,,,,
1763596094.81645,,,,,,,0.1202843189239502,-0.058989107608795166,0.013891041278839111,0.33107617497444153,-1.8766666650772095,1.919109582901001
1763596094.825389,-0.1343406659066677,0.36946634959876534,0.08726692617312073,0.27431145310401917,-0.20695297420024872,-2.2186083793640137,,,,,,
1763596094.82648,,,,,,,0.14194315671920776,-0.029185950756072998,0.07097971439361572,0.19113586843013763,-1.8676220178604126,1.9460057020187378
1763596094.835442,0.06343465355634689,0.5631874252349138,0.200571599118039,0.2913421094417572,-0.2143552303314209,-2.1902034282684326,,,,,,
1763596094.836511,,,,,,,0.12854933738708496,-0.06257796287536621,0.024935662746429443,0.10569179058074951,-1.8148245811462402,1.9482758045196533
1763596094.845495,0.2504828272998333,0.6174313488587737,0.3566892856121063,0.27323484420776367,-0.23411598801612854,-2.1519997119903564,,,,,,
1763596094.846542,,,,,,,0.1192392110824585,-0.059838175773620605,-0.027850091457366943,0.08284468203783035,-1.8261699676513672,1.962090253829956
1763596094.855548,0.34784254681169985,0.6041422436967492,0.3995487686514854,0.24198877811431885,-0.24972957372665405,-2.120205879211426,,,,,,
1763596094.856572,,,,,,,0.14911052584648132,0.01095116138458252,0.01588648557662964,0.14992359280586243,-1.867064356803894,2.0014281272888184
1763596094.865601,0.2161351520180702,0.5457002838611602,0.37049101647138594,0.21894718706607819,-0.2794879078865051,-2.102302074432373,,,,,,
1763596094.866603,,,,,,,0.1590481996536255,0.045358121395111084,0.025475919246673584,0.3051808178424835,-1.8527400493621826,2.0569560527801514
1763596094.875654,-0.025215689799189565,0.36376346178203817,0.37134317632131275,0.1842978596687317,-0.30774644017219543,-2.0949831008911133,,,,,,
1763596094.876633,,,,,,,0.1360514760017395,0.04061025381088257,-0.03538590669631958,0.4718600809574127,-1.822169303894043,2.117849588394165
1763596094.885707,-0.2511889297425747,0.14427227733433245,0.29232641129493714,0.13352176547050476,-0.28816261887550354,-2.1062705516815186,,,,,,
1763596094.886664,,,,,,,0.1402769684791565,0.0815809965133667,-0.03192943334579468,0.5927450060844421,-1.8397616147994995,2.165919780731201
1763596094.89576,-0.44991935797333715,-0.039170565393567086,0.23891280101537704,0.08803976327180862,-0.2334280014038086,-2.1417670249938965,,,,,,
1763596094.896694,,,,,,,0.15280407667160034,0.0823412537574768,-0.0040111541748046875,0.6781845092773438,-1.8472850322723389,2.196079730987549
1763596094.905813,-0.5951578499913215,-0.23571838888823984,0.24784546453356743,0.057549282908439636,-0.18563543260097504,-2.2006824016571045,,,,,,
1763596094.906725,,,,,,,0.13520532846450806,0.007491409778594971,-0.001687765121459961,0.49041029810905457,-1.8593158721923828,2.127357006072998
1763596094.915866,-0.5203899015158414,-0.26487200265824795,0.05193951913900673,0.055868297815322876,-0.12866322696208954,-2.26141357421875,,,,,,
1763596094.916756,,,,,,,0.12827061116695404,-0.014400899410247803,0.09523487091064453,0.1989925652742386,-1.888898253440857,2.0980072021484375
1763596094.925919,-0.30135844353437424,-0.07854103727340697,0.039175899155810476,0.05963621661067009,-0.16437093913555145,-2.3091392517089844,,,,,,
1763596094.926786,,,,,,,0.1326597034931183,-0.04213684797286987,0.12328678369522095,-0.05867663770914078,-1.8590162992477417,2.0278329849243164
1763596094.935972,0.005021627554297447,0.18844927271306514,0.07871295977421104,0.052868589758872986,-0.24650707840919495,-2.3148133754730225,,,,,,
1763596094.936817,,,,,,,0.1148567944765091,-0.03334313631057739,0.06718355417251587,-0.17995671927928925,-1.837389588356018,1.9587340354919434
1763596094.946025,0.36379765631258487,0.417917953556776,-0.06601940935254097,0.032363906502723694,-0.2961095869541168,-2.2734782695770264,,,,,,
1763596094.946847,,,,,,,0.11318542063236237,0.04797327518463135,0.05437183380126953,-0.14234207570552826,-1.8410987854003906,1.941465973854065
1763596094.956078,0.577252775466442,0.5796306105136871,-0.1805248363893479,0.003814287716522813,-0.3059518337249756,-2.202610492706299,,,,,,
1763596094.956878,,,,,,,0.11439508199691772,0.11271446943283081,0.040475666522979736,0.04969712346792221,-1.8301849365234375,1.9673572778701782
1763596094.966131,0.5196358682781458,0.5162988328099251,-0.14086853330545127,-0.03582749143242836,-0.3029727041721344,-2.1348609924316406,,,,,,
1763596094.966908,,,,,,,0.10213126242160797,0.11485081911087036,-0.021400630474090576,0.26902297139167786,-1.8308470249176025,2.0003414154052734
1763596094.976184,0.40404315746128555,0.3216115424901247,0.00017769465446472167,-0.09202605485916138,-0.27624601125717163,-2.08773136138916,,,,,,
1763596094.976939,,,,,,,0.0992986187338829,0.08546125888824463,-0.053488314151763916,0.48225775361061096,-1.85773503780365,2.0877327919006348
1763596094.986237,0.28279578188359733,0.07992050893306732,0.1112566543739289,-0.13984283804893494,-0.2500177323818207,-2.0917274951934814,,,,,,
1763596094.986969,,,,,,,0.10656704008579254,0.039911091327667236,-0.055171072483062744,0.5724639296531677,-1.906434416770935,2.1337833404541016
1763596094.996289,0.13897066379487513,-0.17010288416147232,0.07775894698500632,-0.15928258001804352,-0.2505141496658325,-2.14906907081604,,,,,,
1763596094.997,,,,,,,0.11033572256565094,0.005881547927856445,-0.005337655544281006,0.5307809114456177,-1.962548851966858,2.1767349243164062
1763596095.006342,0.01509235519170761,-0.275008196747303,-0.027972879552841185,-0.13736751675605774,-0.2791145145893097,-2.229126453399658,,,,,,
1763596095.007031,,,,,,,0.11939559131860733,-0.028559088706970215,0.059906959533691406,0.41807496547698975,-1.992301106452942,2.1863174438476562
1763596095.016395,-0.10755611935555934,-0.27132103266716,-0.07559153981804848,-0.10380344092845917,-0.34517183899879456,-2.293606758117676,,,,,,
1763596095.017061,,,,,,,0.11772007495164871,-0.058895766735076904,0.06120598316192627,0.2575782239437103,-1.9698717594146729,2.145754098892212
1763596095.026448,-0.11729893021285533,-0.1697504174619913,-0.005872106903791427,-0.09571895003318787,-0.44828346371650696,-2.318807363510132,,,,,,
1763596095.027092,,,,,,,0.11474572122097015,-0.046688079833984375,0.06375318765640259,0.07110077887773514,-1.9550291299819946,2.1025547981262207
1763596095.036501,-0.04417816442251205,0.03344868061542511,0.0893899096764624,-0.11335067451000214,-0.5705710649490356,-2.314850091934204,,,,,,
1763596095.037122,,,,,,,0.12176048010587692,-0.010757267475128174,0.07284778356552124,-0.026520049199461937,-1.9419636726379395,2.08611798286438
1763596095.046554,-0.05694470701515674,0.12923603624403476,0.003999262236617505,-0.14539045095443726,-0.6326974630355835,-2.281503438949585,,,,,,
1763596095.047153,,,,,,,0.1218809261918068,0.017880380153656006,0.042621076107025146,0.015377511270344257,-1.908760666847229,2.0710792541503906
1763596095.056607,0.007740823385119438,0.1984983730405569,-0.15542670855522156,-0.2075267881155014,-0.5946046710014343,-2.2422871589660645,,,,,,
1763596095.057183,,,,,,,0.11255821585655212,0.05492234230041504,0.012847185134887695,0.1681326925754547,-1.8816784620285034,2.0773046016693115
1763596095.06666,0.09691782096326351,0.23515549430847166,-0.17725041782855985,-0.268656462430954,-0.5063706636428833,-2.207796096801758,,,,,,
1763596095.067214,,,,,,,0.11307896673679352,0.11194998025894165,0.04369711875915527,0.30070409178733826,-1.8593944311141968,2.0894432067871094
1763596095.076713,0.029745734444260596,0.2968061870574951,-0.12109423084259033,-0.3036991357803345,-0.43924039602279663,-2.186875104904175,,,,,,
1763596095.077245,,,,,,,0.1212368905544281,0.14923638105392456,0.1053166389465332,0.36327266693115234,-1.8433542251586914,2.0682756900787354
1763596095.086766,-0.10386018744707107,0.44895898850858207,-0.051661213654279704,-0.3059723675251007,-0.4257373511791229,-2.1614484786987305,,,,,,
1763596095.087275,,,,,,,0.11978664994239807,0.13268804550170898,0.15837252140045166,0.31413838267326355,-1.791372299194336,2.029924154281616
1763596095.096819,-0.24431845945119857,0.7023422134250402,0.07616320222616195,-0.29339879751205444,-0.4603070318698883,-2.10727596282959,,,,,,
1763596095.097306,,,,,,,0.11535823345184326,0.11885964870452881,0.2086511254310608,0.245162233710289,-1.7285645008087158,1.9607648849487305
1763596095.106872,-0.3721522276818752,0.878242385688424,-0.004947393274307251,-0.2836349904537201,-0.5037721395492554,-2.0303831100463867,,,,,,
1763596095.107336,,,,,,,0.10322967171669006,0.14205485582351685,0.21602863073349,0.2051885724067688,-1.6308059692382812,1.8807424306869507
1763596095.116925,-0.4172954377442598,0.9883546192675828,-0.20875490557365117,-0.28966039419174194,-0.47939303517341614,-1.9344006776809692,,,,,,
1763596095.117367,,,,,,,0.0808154046535492,0.1874033808708191,0.1900031566619873,0.2799863815307617,-1.5061039924621582,1.8195937871932983
1763596095.126978,-0.2674906607240438,1.1129425374448298,-0.28960604642033577,-0.3308616578578949,-0.38507547974586487,-1.8357348442077637,,,,,,
1763596095.127397,,,,,,,0.06297042965888977,0.21712851524353027,0.1559566855430603,0.4707534611225128,-1.3908946514129639,1.802721619606018
1763596095.137031,-0.031843291245400904,1.1148989322096108,-0.2647731453936547,-0.3866082727909088,-0.253937691450119,-1.7537754774093628,,,,,,
1763596095.137428,,,,,,,0.055297017097473145,0.2462189793586731,0.13232314586639404,0.7617586255073547,-1.3282421827316284,1.814487099647522
1763596095.147084,0.12861059782207013,0.9627373629301785,-0.16456285875625906,-0.44004306197166443,-0.14366625249385834,-1.7033809423446655,,,,,,
1763596095.147459,,,,,,,0.05240589380264282,0.24434930086135864,0.11757111549377441,1.0533814430236816,-1.2796608209609985,1.8520444631576538
1763596095.157137,0.30078385851681233,0.7419669523268938,-0.04504793299436569,-0.4676019847393036,-0.08409347385168076,-1.6810517311096191,,,,,,
1763596095.157489,,,,,,,0.045965760946273804,0.19445455074310303,0.11176785826683044,1.2514228820800781,-1.2195159196853638,1.8974535465240479
1763596095.16719,0.4350441526636481,0.5464209993511439,-0.019824644410610198,-0.46444010734558105,-0.09502323716878891,-1.6797891855239868,,,,,,
1763596095.16752,,,,,,,0.04219317436218262,0.13321423530578613,0.11551883816719055,1.4011954069137573,-1.1816633939743042,1.971287488937378
1763596095.177243,0.5035863584920763,0.3586374970704317,-0.030141601894050834,-0.443491131067276,-0.16554002463817596,-1.689117670059204,,,,,,
1763596095.17755,,,,,,,0.03556141257286072,0.08880943059921265,0.10502111911773682,1.5116372108459473,-1.1222344636917114,1.9975190162658691
1763596095.187296,0.5167117975249886,0.17816402554214,-0.12886596082262694,-0.4058252274990082,-0.24340558052062988,-1.696385383605957,,,,,,
1763596095.187581,,,,,,,0.01825079321861267,0.07246965169906616,0.10802552103996277,1.553156852722168,-1.041212558746338,1.9898488521575928
1763596095.197348,0.439182859903574,0.08681260653436183,-0.12901574455685913,-0.36512067914009094,-0.3265148401260376,-1.6868451833724976,,,,,,
1763596095.197611,,,,,,,0.005914777517318726,0.06927984952926636,0.1363573670387268,1.5681763887405396,-0.9460325241088867,1.999528169631958
