timestamp,phone_accel_x,phone_accel_y,phone_accel_z,phone_gyro_x,phone_gyro_y,phone_gyro_z,watch_accel_x,watch_accel_y,watch_accel_z,watch_gyro_x,watch_gyro_y,watch_gyro_z
1763596008.491505,0.03930157136209309,0.04736614680886268,-0.009587328034639358,0.053278639912605286,-0.13996164500713348,0.04010358452796936,,,,,,
1763596008.493081,,,,,,,0.010928332805633545,0.02796807885169983,-0.00652468204498291,-0.11683931946754456,-0.023350559175014496,0.0030035453382879496
1763596008.501558,-0.07547061685211956,0.016976269242167472,0.02849427307844162,0.07630380243062973,-0.19061949849128723,0.04622139781713486,,,,,,
1763596008.503111,,,,,,,0.011169135570526123,0.022832512855529785,-0.007069706916809082,-0.1007903590798378,-0.039599571377038956,-0.00610333401709795
1763596008.511611,-0.179858408369869,-0.01972819829881191,0.05640051713585853,0.07866830378770828,-0.18933941423892975,0.03993051499128342,,,,,,
1763596008.513142,,,,,,,0.003479301929473877,0.011030763387680054,-0.002009393647313118,-0.09059444814920425,-0.03626316040754318,-0.019715016707777977
1763596008.521662,-0.22637517180778086,-0.07416939806044101,0.09328954746350646,0.06543638557195663,-0.13997399806976318,0.02275099605321884,,,,,,
1763596008.523173,,,,,,,-0.008358001708984375,-0.0015396475791931152,0.0019297599792480469,-0.09983445703983307,-0.01152133010327816,-0.02748851664364338
1763596008.531716,-0.21937654509209095,-0.14535305830836295,0.16536007354855536,0.03561819717288017,-0.07973998039960861,0.011862925253808498,,,,,,
1763596008.533203,,,,,,,-0.015078365802764893,0.0004925727844238281,0.0024521350860595703,-0.112737737596035,0.011349097825586796,-0.03581782057881355
1763596008.541769,-0.20874606468006968,-0.16815876435637472,0.17273323266506194,0.0023816803004592657,-0.03953850269317627,0.014859247952699661,,,,,,
1763596008.543234,,,,,,,-0.009899258613586426,0.00834318995475769,-0.0012494344264268875,-0.0985899344086647,0.011184248141944408,-0.03960603103041649
1763596008.551821,-0.212341166562587,-0.1279191084265709,0.10217208822965622,-0.009614983573555946,-0.0173876341432333,0.03236277773976326,,,,,,
1763596008.553265,,,,,,,0.000980377197265625,0.007698193192481995,-0.003577113151550293,-0.08824728429317474,0.006062989588826895,-0.04949355125427246
1763596008.561875,-0.18322152812741696,-0.04482289206683635,0.009041530720144509,0.0005226051434874535,-0.01510104350745678,0.06033848226070404,,,,,,
1763596008.563296,,,,,,,0.006559789180755615,0.013592332601547241,-0.002149108797311783,-0.08441600948572159,-0.005619499366730452,-0.061968397349119186
1763596008.571928,-0.17784962583072483,0.009974281525611877,-0.017502777334302663,0.02040073834359646,-0.029272248968482018,0.08177649974822998,,,,,,
1763596008.573326,,,,,,,0.008402526378631592,0.012616991996765137,-0.0001927632838487625,-0.062118157744407654,-0.023786252364516258,-0.07560538500547409
1763596008.58198,-0.21727482357248662,0.03744739486277103,-0.04879238021969795,0.034704577177762985,-0.03451308235526085,0.08486789464950562,,,,,,
1763596008.583357,,,,,,,0.006210207939147949,2.3812055587768555e-05,0.006448864936828613,-0.05328631028532982,-0.029612716287374496,-0.08204883337020874
1763596008.592034,-0.21561573125384748,0.0710550654321909,-0.025110037467628715,0.034475162625312805,-0.010383078828454018,0.06306089460849762,,,,,,
1763596008.593387,,,,,,,0.0012187361717224121,-0.012817665934562683,0.014269828796386719,-0.05732366070151329,-0.024003567174077034,-0.08250077068805695
1763596008.602087,-0.1973480339616537,0.04477086961865425,0.04289791535362601,0.017447710037231445,0.030366215854883194,0.03257383406162262,,,,,,
1763596008.603418,,,,,,,-0.001865983009338379,-0.020269006490707397,0.01308131217956543,-0.07182952761650085,-0.014424442313611507,-0.07554272562265396
1763596008.612139,-0.14745507208891212,-0.021067922469973563,0.07526552273407577,-0.005472073331475258,0.07264374196529388,0.011286020278930664,,,,,,
1763596008.613448,,,,,,,-0.004036843776702881,-0.028174787759780884,0.007876992225646973,-0.06411275267601013,0.0022155207116156816,-0.055770620703697205
1763596008.622192,-0.08948664804920553,-0.0713292061984539,0.07906345371231437,-0.029329471290111542,0.1019667461514473,0.0035047964192926884,,,,,,
1763596008.623479,,,,,,,-0.0019126534461975098,-0.027980059385299683,0.0006663817912340164,-0.05578705295920372,0.009112308733165264,-0.03362617269158363
1763596008.632245,-0.03600077625103295,-0.0770499219328165,0.02534223878830671,-0.04393835738301277,0.11197074502706528,0.01196545921266079,,,,,,
1763596008.63351,,,,,,,0.0015017986297607422,-0.02084888517856598,-0.005025031045079231,-0.02438652142882347,0.010177839547395706,-0.010134161449968815
1763596008.642298,0.04948255444094538,-0.0666191288113594,0.012437310638278722,-0.043364182114601135,0.10173755139112473,0.022706788033246994,,,,,,
1763596008.64354,,,,,,,0.003465592861175537,-0.012953564524650574,-0.010270833969116211,0.0073968032374978065,0.007934127002954483,0.009809852577745914
1763596008.652351,0.07247150810137391,-0.023735680374503135,-0.03047945554628968,-0.03256972134113312,0.07430003583431244,0.03167431056499481,,,,,,
1763596008.653571,,,,,,,0.0009188652038574219,-0.00623716413974762,-0.008787514641880989,0.03668518364429474,-0.005761711858212948,0.016236860305070877
1763596008.662404,0.0659763739284128,-0.037626258561015126,-0.030042233172804116,-0.01849464885890484,0.04669264703989029,0.031886033713817596,,,,,,
1763596008.663602,,,,,,,-0.004295706748962402,-0.015156164765357971,-0.003602266311645508,0.07531551271677017,-0.010976714082062244,0.02543448470532894
1763596008.672457,0.05286357518136501,-0.06273088920116424,0.006091887134313583,-0.007059001363813877,0.02155587449669838,0.02162417583167553,,,,,,
1763596008.673632,,,,,,,-0.011368334293365479,-0.030228525400161743,-0.0018030405044555664,0.053065333515405655,-0.004631200339645147,0.0351283922791481
1763596008.68251,-0.01902684509642422,-0.09389584279358386,0.02454042088612914,-0.0069953519850969315,-0.0025206999853253365,-0.0005301280179992318,,,,,,
1763596008.683663,,,,,,,-0.01492685079574585,-0.03403359651565552,0.006410717964172363,0.031981922686100006,0.004400644451379776,0.037487953901290894
1763596008.692563,-0.08069448898024857,-0.12357786435186863,0.03693126203417778,-0.008663110435009003,-0.017983168363571167,-0.029055077582597733,,,,,,
1763596008.693694,,,,,,,-0.011672019958496094,-0.043501123785972595,0.003633260726928711,0.012788519263267517,0.01504370104521513,0.05622728541493416
1763596008.702615,-0.0737676853917539,-0.12392799296379088,0.0437808356679976,-0.0119246831163764,-0.03653634712100029,-0.051042404025793076,,,,,,
1763596008.703724,,,,,,,-0.006851315498352051,-0.03761693835258484,-0.006287217140197754,-0.01628340408205986,0.019333254545927048,0.06531279534101486
1763596008.712668,-0.12187500595673918,-0.11739829893410206,0.020063275472074746,-0.009433997794985771,-0.06229815259575844,-0.053838420659303665,,,,,,
1763596008.713755,,,,,,,0.0016488432884216309,-0.017669498920440674,-0.007623553276062012,-0.022995101287961006,0.00707072950899601,0.06438920646905899
1763596008.722721,-0.1576291870355606,-0.12082242816388607,-0.008402940555661917,-0.0025542541407048702,-0.08228197693824768,-0.044942665845155716,,,,,,
1763596008.723785,,,,,,,0.00763702392578125,-0.009416833519935608,-0.007554769515991211,-0.01788090355694294,-0.014701411128044128,0.06360004842281342
1763596008.732774,-0.15855222016461193,-0.06763795046508311,-0.027478520164638757,0.003129285294562578,-0.08082826435565948,-0.026345709338784218,,,,,,
1763596008.733816,,,,,,,0.0059926509857177734,-0.009652525186538696,-0.0007159728556871414,-0.009383289143443108,-0.022922854870557785,0.05723269656300545
1763596008.742827,-0.17802615144141018,-0.01664601437449455,0.012165361829102038,0.006885407492518425,-0.05594981834292412,-0.011086329817771912,,,,,,
1763596008.743847,,,,,,,-0.0011991262435913086,-0.008836939930915833,0.005413651466369629,-0.005417090840637684,-0.01652327924966812,0.045791421085596085
1763596008.75288,-0.2528233990766108,-0.019878420424461363,0.06348243822082877,-0.003817908465862274,-0.0332200825214386,-0.005905055440962315,,,,,,
1763596008.753877,,,,,,,-0.004067361354827881,-0.0018425285816192627,0.006618857383728027,-0.015559474006295204,-0.014571715146303177,0.033401865512132645
1763596008.762933,-0.29076712608896194,-0.037442134165763856,0.0981741046346724,-0.019360115751624107,-0.0066888718865811825,-0.010658797807991505,,,,,,
1763596008.763908,,,,,,,-0.0007994771003723145,0.0016497224569320679,0.007880689576268196,-0.008982071653008461,-0.02379770390689373,0.02040157839655876
1763596008.772986,-0.3021349808648228,-0.014549918878078459,0.06780673116073012,-0.024953097105026245,0.02327219769358635,-0.01604893058538437,,,,,,
1763596008.773939,,,,,,,0.004410147666931152,-0.006215304136276245,0.012230277061462402,-0.011444163508713245,-0.02295001968741417,0.013091199100017548
1763596008.783039,-0.21629962186478077,-0.024649288088083265,0.07233560676202178,-0.028671670705080032,0.03489076718688011,-0.014945583418011665,,,,,,
1763596008.783969,,,,,,,-0.0010575652122497559,-0.005181148648262024,0.01026463694870472,-0.026740267872810364,-0.009259241633117199,0.0044422512874007225
1763596008.793091,-0.1205377660036087,-0.027787586113810537,0.06339256798028946,-0.02604961208999157,0.030147725716233253,0.000668996712192893,,,,,,
1763596008.794,,,,,,,-0.004748702049255371,0.0007317811250686646,0.006056547164916992,-0.029045231640338898,0.0045396615751087666,-0.003247093642130494
1763596008.803144,-0.06809745773561299,-0.021635493224859238,0.01703662112727761,-0.0105271115899086,0.004823194816708565,0.016072986647486687,,,,,,
1763596008.804031,,,,,,,-0.00046950578689575195,0.00524236261844635,0.001817464828491211,-0.0341571569442749,0.003069063648581505,-0.016077470034360886
1763596008.813197,-0.08952953734286129,0.01941021839082241,-0.005556465083360672,0.01242735330015421,-0.027221985161304474,0.03477669879794121,,,,,,
1763596008.814061,,,,,,,0.008058905601501465,0.006037071347236633,0.00683128647506237,-0.03801074996590614,-0.012257960624992847,-0.033164046704769135
1763596008.82325,-0.12072700496539472,0.06557458819448947,-0.03975070336908102,0.030676931142807007,-0.05344373732805252,0.03856717795133591,,,,,,
1763596008.824092,,,,,,,0.009194254875183105,-0.0015730857849121094,0.011419890448451042,-0.05383889377117157,-0.017075352370738983,-0.04380597174167633
1763596008.833303,-0.1389920719090849,0.08182838838100433,-0.01330006494745612,0.03934679180383682,-0.05366978794336319,0.025511328130960464,,,,,,
1763596008.834122,,,,,,,0.001156628131866455,-0.011251792311668396,0.014792798087000847,-0.046236634254455566,-0.001275883405469358,-0.042034704238176346
1763596008.843356,-0.12081168757416307,0.0807446847975254,0.0077250412940979,0.03243322670459747,-0.042256809771060944,0.003323469078168273,,,,,,
1763596008.844153,,,,,,,-0.003506958484649658,-0.013131141662597656,0.012431740760803223,-0.06162823736667633,0.015494308434426785,-0.03850994259119034
1763596008.853409,-0.151845050676167,0.04843114569187164,-0.005053776258230209,0.020250394940376282,-0.026225365698337555,-0.014146935194730759,,,,,,
1763596008.854184,,,,,,,0.0007381439208984375,-0.003135979175567627,0.011317849159240723,-0.04702319577336311,0.009181284345686436,-0.02804451808333397
1763596008.863462,-0.13929390439987183,0.08703764746189117,-0.052885202491283416,0.0078981202095747,0.0019556714687496424,-0.02076462283730507,,,,,,
1763596008.864214,,,,,,,0.009091496467590332,-0.008182108402252197,0.009141085669398308,-0.024321299046278,0.01233686413615942,-0.004384396597743034
1763596008.873515,-0.07260689798407256,0.13525193553268908,-0.07290639238730072,-0.004699072800576687,0.03898821398615837,-0.020479070022702217,,,,,,
1763596008.874245,,,,,,,0.012457013130187988,-0.014484956860542297,0.004913210868835449,-0.020256515592336655,0.01669193245470524,0.01381298340857029
1763596008.883567,-0.030668183051422236,0.1267903966575861,-0.04010536202564835,-0.019990410655736923,0.07047849148511887,-0.019910218194127083,,,,,,
1763596008.884276,,,,,,,0.011870205402374268,-0.008193597197532654,0.003539562225341797,0.020663607865571976,0.00618576118722558,0.023822873830795288
1763596008.89362,0.02493994159772992,0.08438333356082439,-0.01950900259017944,-0.02816445380449295,0.09590049833059311,-0.020152565091848373,,,,,,
1763596008.894306,,,,,,,0.008371114730834961,-0.011970728635787964,0.0007418375462293625,0.058564916253089905,0.01296696811914444,0.04832635447382927
1763596008.903673,0.058847398831322784,-0.00722878220975399,-0.013148381517082452,-0.029196694493293762,0.0946621298789978,-0.01453968696296215,,,,,,
1763596008.904337,,,,,,,0.00203096866607666,-0.0033178478479385376,-0.0032188892364501953,0.06756268441677094,0.01615450531244278,0.054716806858778
1763596008.913726,0.011214344714581966,-0.09119242905378341,0.0024723814629018306,-0.014303267002105713,0.06270758807659149,-0.006855465471744537,,,,,,
1763596008.914368,,,,,,,-0.0009254217147827148,0.01108117401599884,-0.004237653687596321,0.09060941636562347,0.010619391687214375,0.04889114201068878
1763596008.923779,-0.07784962094314396,-0.11208908661007881,0.0006967500925064087,0.00957357045263052,0.018379002809524536,0.003401966067031026,,,,,,
1763596008.924398,,,,,,,-0.0005967020988464355,0.009864583611488342,-0.008776787668466568,0.09379900991916656,0.01005586702376604,0.0459541417658329
1763596008.933832,-0.13854798140339553,-0.10329203217029571,0.03013210341334343,0.025659067556262016,-0.015446273609995842,0.011534958146512508,,,,,,
1763596008.934429,,,,,,,-0.00261765718460083,0.009253934025764465,-0.004772420972585678,0.07591188699007034,-0.0003440433647483587,0.02265148051083088
1763596008.943885,-0.1861165189165622,-0.10030921696722507,0.05982683832272887,0.022172991186380386,-0.0138678178191185,0.008945566602051258,,,,,,
1763596008.944459,,,,,,,-0.00769418478012085,0.0029977411031723022,0.0032080411911010742,0.05151965841650963,-0.009318896569311619,0.0026036715134978294
1763596008.953938,-0.18425956593826412,-0.11156535499691962,0.07257789108529686,0.0038640552666038275,0.02839282527565956,-0.00990418903529644,,,,,,
1763596008.95449,,,,,,,-0.013657748699188232,-0.006102517247200012,0.010463234037160873,0.031168315559625626,-0.0007190164178609848,-0.0015772250480949879
1763596008.963991,-0.12415054967328905,-0.09971125107407569,0.07005027230381965,-0.020259656012058258,0.09013661742210388,-0.03224038705229759,,,,,,
1763596008.964521,,,,,,,-0.016805291175842285,-0.013464376330375671,0.010262012481689453,0.030733229592442513,0.020040856674313545,0.002888430142775178
1763596008.974043,-0.06042115095406771,-0.10249006813764572,0.0801762372598052,-0.04025982692837715,0.12219013273715973,-0.04097505286335945,,,,,,
1763596008.974551,,,,,,,-0.012729227542877197,-0.005163177847862244,-0.0006455183029174805,0.03133004158735275,0.03238354250788689,0.008810767903923988
1763596008.984096,0.010705883735790848,-0.07269231124520302,0.052450025944411754,-0.0405098982155323,0.11068448424339294,-0.023116694763302803,,,,,,
1763596008.984582,,,,,,,-0.0015234947204589844,0.01622319221496582,-0.012003421783447266,0.05913078039884567,0.015996048226952553,0.006985170766711235
1763596008.994149,0.07385624045804143,-0.05937397998869419,-0.0006618249095976353,-0.019659828394651413,0.0626789852976799,0.017055127769708633,,,,,,
1763596008.994613,,,,,,,0.010248303413391113,0.022960379719734192,-0.018803955987095833,0.07846906036138535,-0.013222557492554188,-0.002697549993172288
1763596009.004202,0.06042999184764921,-0.047509354671835896,-0.02404240823611617,0.004851106554269791,0.017527218908071518,0.04928790032863617,,,,,,
1763596009.004643,,,,,,,0.008160889148712158,0.017128869891166687,-0.012026071548461914,0.08485154062509537,-0.031959228217601776,-0.017777767032384872
1763596009.014255,0.038162557394802565,-0.011193009665608405,-0.014976765988022087,0.02284756861627102,0.004297070670872927,0.059566665440797806,,,,,,
1763596009.014674,,,,,,,-0.0059340596199035645,-0.003968790173530579,0.0008659381419420242,0.07584792375564575,-0.01363161951303482,-0.02250594273209572
1763596009.024308,-0.0057246612571179864,0.012310615518689155,0.024406126981973645,0.024890214204788208,0.02102864719927311,0.044469203799963,,,,,,
1763596009.024705,,,,,,,-0.017152726650238037,-0.015653640031814575,0.0056418199092149734,0.038158901035785675,0.02025577425956726,-0.026302345097064972
1763596009.034361,-0.06939180839508771,-0.02510930681526661,0.10368117761835455,0.009994175285100937,0.034198131412267685,0.02627352625131607,,,,,,
1763596009.034735,,,,,,,-0.01434105634689331,-0.0040092915296554565,0.00449526309967041,0.008882504887878895,0.021657396107912064,-0.03469742834568024
1763596009.044414,-0.1249002720620483,-0.07366378662586212,0.13122998654022813,-0.00683673657476902,0.03015279211103916,0.01501554436981678,,,,,,
1763596009.044766,,,,,,,0.0008448958396911621,0.006588563323020935,-0.005374789237976074,0.008767963387072086,0.0010879383189603686,-0.03717976063489914
1763596009.054467,-0.07896466951295733,-0.06324468394219875,0.052113779727369546,-0.008219041861593723,0.02572159841656685,0.017772816121578217,,,,,,
1763596009.054796,,,,,,,0.009578526020050049,-0.0011459141969680786,-0.008194569498300552,0.0052853478118777275,-0.010247274301946163,-0.03694327175617218
1763596009.064519,0.0047200873244553805,0.005320902761816978,-0.03368029741421342,-0.006176130846142769,0.02344006672501564,0.024697832763195038,,,,,,
1763596009.064827,,,,,,,0.003956973552703857,-0.008030101656913757,-0.0006723422557115555,-0.0029549128375947475,-0.015930194407701492,-0.03897532820701599
1763596009.074572,0.036248175140842796,0.03401917397975921,-0.0827031253889203,-0.0029471302404999733,0.04210606962442398,0.02004782110452652,,,,,,
1763596009.074858,,,,,,,-0.005000174045562744,-0.017431139945983887,0.0052111148834228516,0.018463294953107834,-0.009569499641656876,-0.019513746723532677
1763596009.084625,0.06099675888493657,0.01959843443930149,-0.0692797263227403,-0.0060960520058870316,0.06948203593492508,0.0020381934009492397,,,,,,
1763596009.084888,,,,,,,-0.010442376136779785,-0.02789171040058136,0.00037539005279541016,0.03404945880174637,0.01203060057014227,0.006884769536554813
1763596009.094678,0.06290383461527527,-0.02997428250312805,-0.0073648296795785426,-0.022587232291698456,0.07985036820173264,-0.013578684069216251,,,,,,
1763596009.094919,,,,,,,-0.009312331676483154,-0.02198699116706848,-0.004073977470397949,0.04953920468688011,0.011152289807796478,0.02728777751326561
1763596009.104731,0.03759747085794806,-0.1103249995470047,0.044589667832851405,-0.038158200681209564,0.07547106593847275,-0.021821700036525726,,,,,,
1763596009.10495,,,,,,,-0.000688016414642334,-0.013772934675216675,-0.010897636413574219,0.068892702460289,0.0007158947410061955,0.050416000187397
1763596009.114784,0.03775222302824258,-0.10414075795412063,0.039477585516124965,-0.045560821890830994,0.05628882721066475,-0.0225871242582798,,,,,,
1763596009.11498,,,,,,,0.0034705400466918945,-0.00896880030632019,-0.014892101287841797,0.06474216282367706,-0.006039213389158249,0.06903442740440369
1763596009.124837,0.029248744707554578,-0.06560965950787068,0.03083367581143975,-0.04313547909259796,0.0360831581056118,-0.020802538841962814,,,,,,
1763596009.125011,,,,,,,-0.0008742213249206543,-0.009648025035858154,-0.011714218184351921,0.06215619295835495,-0.012171674519777298,0.065322645008564
1763596009.13489,0.04895012806467711,-0.03156301299929619,0.0047043782986700535,-0.02510874904692173,0.01640021614730358,-0.02213202230632305,,,,,,
1763596009.135042,,,,,,,-0.004884898662567139,-0.019566982984542847,-0.004520175978541374,0.04456547647714615,-0.011287504807114601,0.06211566925048828
1763596009.144943,0.01787804038748145,-0.06123042151033878,0.026156039389222858,-0.0023227427154779434,-0.014782737009227276,-0.02224893681704998,,,,,,
1763596009.145072,,,,,,,-0.010872900485992432,-0.02252289652824402,0.0013592224568128586,0.007695267908275127,0.0004269417840987444,0.05462552607059479
1763596009.154995,-0.056002969185635444,-0.0969832874149084,0.08167042134031653,0.012352459132671356,-0.05305140092968941,-0.021497458219528198,,,,,,
1763596009.155103,,,,,,,-0.010884225368499756,-0.016836628317832947,0.003529546782374382,-0.018163492903113365,0.004373213741928339,0.045956939458847046
1763596009.165048,-0.13612404219210147,-0.12512743188142775,0.11690072467550634,0.02098988927900791,-0.0918978676199913,-0.020534193143248558,,,,,,
1763596009.165133,,,,,,,-0.006981551647186279,-0.008632823824882507,-0.00183868408203125,-0.03821273520588875,0.0003792711941059679,0.03375459834933281
1763596009.175101,-0.22297340054027734,-0.07881751612722873,0.09629530515074729,0.02158883959054947,-0.1056106835603714,-0.021679652854800224,,,,,,
1763596009.175164,,,,,,,0.0006057620048522949,0.003942668437957764,-0.003672361373901367,-0.03270691633224487,-0.01290244609117508,0.021268902346491814
1763596009.185154,-0.242845683484897,-0.02074877351820469,0.07001753907799721,0.012595077976584435,-0.08420073240995407,-0.02424640767276287,,,,,,
1763596009.185195,,,,,,,0.006046593189239502,0.004641130566596985,-0.002447843551635742,-0.02691107615828514,-0.02193695306777954,0.01321443822234869
1763596009.195207,-0.20666925840601325,0.0072749594390392296,0.054590983495861285,-0.0031639989465475082,-0.031591471284627914,-0.026201002299785614,,,,,,
1763596009.195225,,,,,,,0.004878044128417969,0.0008214861154556274,0.0003039836883544922,-0.020930949598550797,-0.018698815256357193,0.005154913291335106
1763596009.205256,,,,,,,0.0010166168212890625,0.0019656121730804443,0.0016974210739135742,-0.01081438921391964,-0.014696617610752583,0.005909187253564596
1763596009.20526,-0.18314714771695434,-0.00454699577987194,0.035922377252578734,-0.024516958743333817,0.01795077882707119,-0.02333943545818329,,,,,,
1763596009.215287,,,,,,,0.0006698369979858398,0.0003138035535812378,0.0018368959426879883,0.006348618306219578,-0.01386464573442936,0.00889245979487896
1763596009.215313,-0.14428637892492116,-0.019295652100443837,0.05463394585475325,-0.040787599980831146,0.05803779512643814,-0.015891073271632195,,,,,,
1763596009.225317,,,,,,,0.0023743510246276855,0.002217799425125122,-0.0018614549189805984,0.015210900455713272,-0.011397759430110455,0.012693190015852451
1763596009.225366,-0.10091258968785405,-0.02695931859612465,0.007260930913686752,-0.044759973883628845,0.07863921672105789,-0.006935395300388336,,,,,,
1763596009.235348,,,,,,,0.0015177726745605469,0.008945927023887634,-0.001589655876159668,0.030533932149410248,-0.010484295897185802,0.010686764493584633
1763596009.235419,-0.06832520207688211,-0.015758710145950316,-0.011936083117872476,-0.039698462933301926,0.06764725595712662,0.005082352086901665,,,,,,
1763596009.245379,,,,,,,0.00203096866607666,0.012414723634719849,-0.0017851535230875015,0.044056929647922516,-0.013109905645251274,0.005296260584145784
1763596009.245471,-0.04711925937570631,-0.007940145349502563,0.016481033071130514,-0.025143489241600037,0.04197385907173157,0.012514435686171055,,,,,,
1763596009.255409,,,,,,,0.0031325221061706543,0.01319807767868042,0.0004428606480360031,0.030630338937044144,-0.02282937802374363,-0.01015566661953926
1763596009.255524,-0.03884264861345291,0.011160276439785956,0.03551905714869499,-0.011782530695199966,0.0048026228323578835,0.01361385453492403,,,,,,
1763596009.26544,,,,,,,-0.00027757883071899414,0.005757436156272888,0.009403469040989876,0.02445274218916893,-0.02627044916152954,-0.021201392635703087
1763596009.265577,-0.07131678510829806,0.0599006342113018,0.004247282180935144,-0.001260913908481598,-0.016659259796142578,0.00969794299453497,,,,,,
1763596009.27547,,,,,,,-0.0035460591316223145,-0.012892529368400574,0.015528680756688118,-0.002714695641770959,-0.003920668736100197,-0.017746208235621452
1763596009.27563,-0.008151596143096684,0.0976847136825323,-0.024403935024887323,0.004121165722608566,-0.006863601040095091,1.8185703083872795e-05,,,,,,
1763596009.285501,,,,,,,-0.005380153656005859,-0.01273714005947113,0.013694165274500847,-0.021374089643359184,0.011096630245447159,-0.01346637587994337
1763596009.285683,0.03735927818790078,0.0972796400129795,-0.031872809600830075,-0.0005201911553740501,0.011768673546612263,-0.01154925487935543,,,,,,
1763596009.295532,,,,,,,0.0033174753189086914,-0.004868075251579285,0.0034377556294202805,-0.012300966307520866,0.007315474096685648,-0.0043578315526247025
1763596009.295736,0.04007204427793622,0.07266308515071869,-0.0038603286899626253,-0.011724554933607578,0.016698073595762253,-0.014491414651274681,,,,,,
1763596009.305562,,,,,,,0.010591745376586914,0.0005309581756591797,-0.005570771172642708,-0.001390857738442719,-0.008064813911914825,0.009353986009955406
1763596009.305789,0.05649330998584628,0.046613282614946364,-0.04615399454012513,-0.014181054197251797,0.011580277234315872,-0.004254755564033985,,,,,,
1763596009.315593,,,,,,,0.010991513729095459,0.003093346953392029,-0.006374716758728027,0.0023948256857693195,-0.017790677025914192,0.010700746439397335
1763596009.315842,0.10104096530787646,0.028145898032188414,-0.07416530640721321,-0.002399431075900793,-0.0038926114793866873,0.010855375789105892,,,,,,
1763596009.325624,,,,,,,0.003965795040130615,0.00436168909072876,-0.0019539594650268555,-0.0052259014919400215,-0.01771797426044941,0.005576092284172773
1763596009.325895,0.09267229234799743,-0.002622165197134018,-0.0655564680159092,0.010077212005853653,-0.02693215012550354,0.021677132695913315,,,,,,
1763596009.335654,,,,,,,-0.003951728343963623,0.0004542320966720581,0.00304567813873291,-0.0033928477205336094,-0.009582549333572388,0.000984536367468536
1763596009.335947,0.028097967237234112,-0.05052314953505992,-0.04495528627485037,0.024676842615008354,-0.04602702334523201,0.02014308050274849,,,,,,
1763596009.345685,,,,,,,-0.011789381504058838,-0.0030054450035095215,0.006066322326660156,-0.02652471512556076,0.0042589642107486725,-0.004135523922741413
1763596009.346,-0.0522862867500633,-0.05854045177400112,0.0306942673407495,0.029751230031251907,-0.0549190528690815,0.007471228484064341,,,,,,
1763596009.355716,,,,,,,-0.011033892631530762,0.0055155158042907715,0.008495332673192024,-0.04947584122419357,-0.003124117385596037,-0.01618206687271595
1763596009.356053,-0.11436017334721982,-0.04919043962657451,0.06024418695196509,0.020674575120210648,-0.06102350726723671,-0.004551266320049763,,,,,,
1763596009.365746,,,,,,,-0.004446923732757568,0.001962125301361084,0.008768320083618164,-0.026356065645813942,-0.013113901019096375,-0.012293784879148006
1763596009.366106,-0.11988880057558417,-0.03580255026519298,0.03699424426779151,0.006976074539124966,-0.04329884052276611,-0.014666218310594559,,,,,,
1763596009.375777,,,,,,,-0.003237307071685791,-0.007860824465751648,0.005440354347229004,-0.018857935443520546,0.004465891979634762,-0.0013122402597218752
1763596009.376159,-0.039823476344347,-0.019788988575339315,-0.043850978294759986,-0.002343097236007452,0.005136012099683285,-0.01812606304883957,,,,,,
1763596009.385807,,,,,,,-0.00584644079208374,0.006964698433876038,-0.0030443668365478516,-0.008643738925457,0.006379372905939817,0.0002748039551079273
1763596009.386212,0.017914134614169595,-0.03405073816180229,-0.059250645869970316,-0.012775764800608158,0.036883022636175156,-0.010152557864785194,,,,,,
1763596009.395838,,,,,,,-0.0022666454315185547,0.01707896590232849,-0.00948035903275013,0.03734958544373512,-0.011112801730632782,0.007088235579431057
1763596009.396265,0.030336832205206155,-0.06898644246459007,-0.016436609407514333,-0.019530698657035828,0.039332110434770584,0.007011181674897671,,,,,,
1763596009.405869,,,,,,,0.002173185348510742,0.009048670530319214,-0.008478881791234016,0.04255044460296631,-0.01699359342455864,0.009924035519361496
1763596009.406318,0.03575498479641974,-0.05721300256252288,-0.021118922004848717,-0.01569121889770031,0.028104489669203758,0.01966465823352337,,,,,,
1763596009.415899,,,,,,,-0.002154827117919922,0.003257542848587036,-0.0011935215443372726,0.023441463708877563,-0.015286507084965706,-0.0009355363436043262
1763596009.416371,0.05494922234900296,-0.047753100299835205,0.0019580021999776364,-0.006622595712542534,0.012635460123419762,0.02963673137128353,,,,,,
1763596009.42593,,,,,,,-0.010403752326965332,0.0023968517780303955,0.0023986101150512695,0.0007620295509696007,-0.009261904284358025,-0.010006396099925041
1763596009.426423,0.005600523420795798,-0.08368015372753143,-0.00018470891714096068,0.0052335308864712715,-0.00786262471228838,0.03149481490254402,,,,,,
1763596009.435961,,,,,,,-0.010238289833068848,0.0032509714365005493,0.0026987791061401367,-0.00791188608855009,-0.006411257199943066,-0.020932814106345177
1763596009.436476,-0.05838190021142363,-0.09397592229247093,-0.003174099991470575,0.013071365654468536,-0.02419215999543667,0.024587413296103477,,,,,,
1763596009.445991,,,,,,,-0.010792672634124756,0.0013420432806015015,0.0008945446461439133,-0.024638134986162186,-0.006063181906938553,-0.031754568219184875
1763596009.446529,-0.07311448218002915,-0.07520517084896564,0.00976151555776596,0.014569127932190895,-0.03225967288017273,0.017777178436517715,,,,,,
1763596009.456022,,,,,,,-0.00826042890548706,0.001965254545211792,0.002386566251516342,-0.04404831677675247,-0.015827395021915436,-0.036196984350681305
1763596009.456582,-0.0651217298604548,-0.048588382080197334,-0.008230068206787108,0.005826350301504135,-0.03507959470152855,0.01668231561779976,,,,,,
1763596009.466053,,,,,,,-0.0049707889556884766,-0.0013070106506347656,0.006049634888768196,-0.03259739279747009,-0.020509764552116394,-0.030761541798710823
1763596009.466635,-0.029195991607010363,-0.02886369091272354,-0.02026069774031639,-0.0046348124742507935,-0.01764974184334278,0.01632065884768963,,,,,,
1763596009.476083,,,,,,,-0.005945444107055664,-0.011402606964111328,0.0045224446803331375,-0.028451651334762573,-0.010465120896697044,-0.020229805260896683
1763596009.476688,0.020313670036569236,-0.01816810937523842,-0.08396408523544668,-0.009282794781029224,0.012959840707480907,0.017986567690968513,,,,,,
1763596009.486114,,,,,,,-0.004943728446960449,-0.008202329277992249,-0.0007948856800794601,-0.018936362117528915,-0.005625891033560038,-0.009630025364458561
1763596009.486741,0.032491526021063324,-0.022568390160799024,-0.08754603537544607,-0.014238670468330383,0.02762853167951107,0.02410171739757061,,,,,,
1763596009.496144,,,,,,,0.0016512274742126465,-0.003948226571083069,-0.003972053527832031,0.0018935524858534336,-0.017096390947699547,0.004251968581229448
1763596009.496794,-0.017583806681260465,-0.0314490312308073,-0.04420373725518584,-0.016875088214874268,0.014186322689056396,0.02906874381005764,,,,,,
1763596009.506175,,,,,,,0.00821387767791748,-0.008570805191993713,-0.006272433325648308,0.003761633299291134,-0.028887271881103516,0.010427838191390038
1763596009.506847,-0.06696107411682606,-0.012073884153366089,-0.014256342758983373,-0.01182733103632927,-0.01039811596274376,0.027334226295351982,,,,,,
1763596009.516206,,,,,,,0.007542788982391357,-0.006833091378211975,-0.001574397087097168,-0.006658516824245453,-0.03313181549310684,0.0035683349706232548
1763596009.516899,-0.10479505714438855,-0.015801380243897437,0.0016121113717555999,-0.003463820554316044,-0.03381699323654175,0.024178847670555115,,,,,,
1763596009.526237,,,,,,,0.0041828155517578125,-0.005869701504707336,0.004779696464538574,-0.019189856946468353,-0.026349810883402824,-0.004200105555355549
1763596009.526952,-0.17784575337320566,-0.02038695446848869,0.023130554088205097,0.00943360198289156,-0.05139012634754181,0.016653021797537804,,,,,,
1763596009.536267,,,,,,,-0.0005634427070617676,-0.005495965480804443,0.00982213020324707,-0.025760140269994736,-0.020295115187764168,-0.01656596176326275
1763596009.537005,-0.22563582468256352,-0.02748305020928383,0.019464578926563263,0.020592018961906433,-0.05893931910395622,0.011472441256046295,,,,,,
1763596009.546298,,,,,,,-0.001462399959564209,-0.0030563920736312866,0.012756109237670898,-0.03737765923142433,-0.017810385674238205,-0.029388882219791412
1763596009.547058,-0.24880503028072415,-0.015313888987898826,0.037749446549266576,0.02182559296488762,-0.06042909249663353,0.009615952149033546,,,,,,
1763596009.556328,,,,,,,-0.00031620264053344727,0.0005990117788314819,0.015207288786768913,-0.04176894202828407,-0.018511595204472542,-0.04730556532740593
1763596009.557111,-0.24641155927293001,0.015281740283966063,0.06212415547966957,0.019442424178123474,-0.056432198733091354,0.010049537755548954,,,,,,
1763596009.566359,,,,,,,-0.0001589059829711914,-0.00012649595737457275,0.015039205551147461,-0.039117053151130676,-0.022491956129670143,-0.04980960115790367
1763596009.567164,-0.2194086937960237,-0.006617956835031509,0.026120968075841664,0.013728080317378044,-0.03667980059981346,0.01402803510427475,,,,,,
1763596009.57639,,,,,,,-0.0014806389808654785,-0.009432584047317505,0.01659202389419079,-0.029298510402441025,-0.011771401390433311,-0.04372001811861992
1763596009.577217,-0.16479973625205457,-0.004086977052688599,-0.032700638727098705,0.007411310449242592,0.0005128479097038507,0.016370423138141632,,,,,,
1763596009.58642,,,,,,,-0.005123734474182129,-0.015807494521141052,0.017702819779515266,-0.01660846546292305,0.003605424426496029,-0.03189917653799057
1763596009.58727,-0.11910576043911278,0.012640870386362075,-0.06648600395098328,-0.005407016724348068,0.04192766547203064,0.015556827187538147,,,,,,
1763596009.596451,,,,,,,-0.004851043224334717,-0.01469433307647705,0.012192130088806152,-0.0016931643476709723,0.012753382325172424,-0.011437046341598034
1763596009.597323,-0.09471329665631055,0.008218962290883064,-0.054464434506744146,-0.02060306817293167,0.07103613018989563,0.0071044908836483955,,,,,,
1763596009.606481,,,,,,,0.0003815889358520508,-0.013875290751457214,0.006514787673950195,0.025891674682497978,0.013740084134042263,0.00886809267103672
1763596009.607375,-0.08199797279424965,0.0012292495340108871,-0.06152326697707176,-0.028318509459495544,0.07843838632106781,-0.0030946172773838043,,,,,,
1763596009.616512,,,,,,,0.0044307708740234375,-0.013322800397872925,0.0022681932896375656,0.04092361778020859,0.006929315626621246,0.01915508322417736
1763596009.617428,-0.04251264236308634,-0.009675590839982031,-0.07184110124334693,-0.021415267139673233,0.06838630139827728,-0.011484971269965172,,,,,,
1763596009.626543,,,,,,,0.0020712614059448242,-0.011443465948104858,0.00538468174636364,0.04471210390329361,0.004668824840337038,0.02816728875041008
1763596009.627481,-0.0049110798519104715,-0.028322423642873764,-0.07522694428935646,-0.005750551819801331,0.03884252533316612,-0.01605655439198017,,,,,,
1763596009.636573,,,,,,,-0.003526628017425537,-0.009570062160491943,0.010468600317835808,0.037170831114053726,0.007938387803733349,0.029162777587771416
1763596009.637534,-0.011129954366758465,-0.049724692633748055,-0.062342912796884774,0.012325375340878963,0.0033565713092684746,-0.015794703736901283,,,,,,
1763596009.646604,,,,,,,-0.01189345121383667,-0.009953692555427551,0.01390540599822998,0.020631931722164154,0.012421286664903164,0.02040943317115307
1763596009.647587,-0.018515607638657092,-0.054015667825937266,-0.03158902422338724,0.03008679486811161,-0.023554671555757523,-0.01812337152659893,,,,,,
1763596009.656635,,,,,,,-0.013614058494567871,-0.008761495351791382,0.013607621192932129,-0.008889475837349892,0.016902055591344833,0.009374359622597694
1763596009.65764,-0.060205243181064724,-0.06611234833300113,-0.03608721242547035,0.040475744754076004,-0.03972412645816803,-0.021899551153182983,,,,,,
1763596009.666665,,,,,,,-0.012211501598358154,-0.008117899298667908,0.015252113342285156,-0.02873319387435913,0.01425886806100607,0.006168912164866924
1763596009.667693,-0.1083626134328544,-0.07357084764540195,-0.01691124118193984,0.03850819915533066,-0.03902478143572807,-0.03155643865466118,,,,,,
1763596009.676696,,,,,,,-0.00956106185913086,-0.01835496723651886,0.014215825125575066,-0.026336081326007843,0.03353828936815262,0.015389574691653252
1763596009.677746,-0.09577814940884709,-0.036702129453420634,-0.028854192432016132,0.030993346124887466,-0.009265350177884102,-0.04479419067502022,,,,,,
1763596009.686727,,,,,,,-0.008555710315704346,-0.014558389782905579,0.009223099797964096,-0.02704966440796852,0.049647752195596695,0.024524882435798645
1763596009.687798,-0.04142155919075012,-0.012556699234247208,-0.01212283786162734,0.013151499442756176,0.02792809158563614,-0.05147233605384827,,,,,,
1763596009.696757,,,,,,,-0.00469660758972168,0.005615204572677612,0.0005855578929185867,0.0128239830955863,0.04324524477124214,0.038484640419483185
1763596009.697851,-0.0478368330605328,-0.026887422403693198,-0.025408289761841295,-0.004213201813399792,0.04936179146170616,-0.05225164070725441,,,,,,
1763596009.706788,,,,,,,0.004192829132080078,0.010989829897880554,-0.005760312080383301,0.04741650074720383,0.02728145942091942,0.047171737998723984
1763596009.707904,-0.015856325301527977,-0.03282382671535015,-0.04786050619706511,-0.013425609096884727,0.056242067366838455,-0.0472443662583828,,,,,,
1763596009.716818,,,,,,,0.004468381404876709,0.003948017954826355,-0.0011501312255859375,0.06257015466690063,0.019440580159425735,0.05134278163313866
1763596009.717957,0.012683394353836775,-0.00481061515212059,-0.08858326946869492,-0.009893669746816158,0.06545435637235641,-0.03973239287734032,,,,,,
1763596009.726849,,,,,,,-0.004280745983123779,-0.007557690143585205,0.0038521308451890945,0.05112623795866966,0.035139117389917374,0.05835508555173874
1763596009.72801,0.0678045392036438,0.023307225829362867,-0.1005997243463993,0.0024149278178811073,0.07594028115272522,-0.035029783844947815,,,,,,
1763596009.73688,,,,,,,-0.012084424495697021,-0.003709465265274048,0.00544273667037487,0.020400281995534897,0.047417886555194855,0.057602476328611374
1763596009.738063,0.032233240411058066,-0.05167524217963219,-0.03562061782702804,0.010094723664224148,0.06308554857969284,-0.03806811198592186,,,,,,
1763596009.74691,,,,,,,-0.010769248008728027,-0.0005335062742233276,0.0059975385665893555,0.013170397840440273,0.0440061092376709,0.051542650908231735
1763596009.748116,-0.0011925707854330539,-0.06782499746978282,0.026399346625804898,0.014812779612839222,0.0370241180062294,-0.05173705145716667,,,,,,
1763596009.756941,,,,,,,-0.0061280131340026855,-0.0028879493474960327,-0.0008636694401502609,-0.014810370281338692,0.043988000601530075,0.04637851566076279
1763596009.758168,0.01853146279491484,-0.04744155013263225,0.03294832987785339,0.02647276595234871,0.0018104438204318285,-0.0596180185675621,,,,,,
1763596009.766972,,,,,,,-0.002874910831451416,0.003950774669647217,0.0019809026271104813,-0.033250752836465836,0.04245428740978241,0.03367004543542862
1763596009.768222,0.0377347604367882,-0.002345686343312263,0.031706805384159084,0.04009057581424713,-0.03304074704647064,-0.06019246205687523,,,,,,
1763596009.777002,,,,,,,-0.0010727643966674805,0.008424222469329834,-4.565715789794922e-05,-0.029311135411262512,0.04318878799676895,0.028708308935165405
1763596009.778274,0.04722286588065326,0.020969722792506217,0.01617722781896591,0.05593367666006088,-0.0517265684902668,-0.05305418744683266,,,,,,
1763596009.787033,,,,,,,-0.0009510517120361328,0.01503068208694458,-1.6804784536361694e-05,-0.027213143184781075,0.03841480240225792,0.017681624740362167
1763596009.788327,0.01771926962919533,0.023826281267404555,0.015982143638283014,0.06379479914903641,-0.05390689894556999,-0.0446455217897892,,,,,,
1763596009.797064,,,,,,,-0.001280665397644043,0.017167195677757263,0.002289295196533203,-0.0011024465784430504,0.04000471159815788,0.01486320048570633
1763596009.79838,-0.011590922942012548,0.03485679384768009,0.03594707330241799,0.057767603546381,-0.028887806460261345,-0.04184770584106445,,,,,,
1763596009.807094,,,,,,,-0.00140380859375,0.013107091188430786,-0.0024894438683986664,-0.00030478532426059246,0.048618972301483154,0.018235694617033005
1763596009.808433,-0.02694989318065345,0.020547697988152504,0.04626709952577948,0.04153909906744957,0.00965266115963459,-0.03546623885631561,,,,,,
1763596009.817125,,,,,,,-0.0014581680297851562,0.021572411060333252,-0.004868745803833008,0.0014941799454391003,0.037903476506471634,0.01101400051265955
1763596009.818486,-0.03712093938738108,-0.01764905393719673,0.03935688174590468,0.01858636364340782,0.046192485839128494,-0.03313750401139259,,,,,,
1763596009.827155,,,,,,,-0.0015284419059753418,0.013393670320510864,-0.0050514936447143555,0.036508459597826004,0.041457466781139374,0.019619205966591835
1763596009.828539,0.0031490386154502626,-0.027776480197906493,0.019428484699875116,0.007702024653553963,0.08931226283311844,-0.03366721048951149,,,,,,
1763596009.837186,,,,,,,-0.0056247711181640625,0.0021322518587112427,-0.006780266761779785,0.03909305855631828,0.06502670794725418,0.02807287871837616
1763596009.838592,0.08015256412327289,-0.01805295856297016,0.01972644473314285,0.0032415459863841534,0.11390849947929382,-0.03224211558699608,,,,,,
1763596009.847217,,,,,,,-0.007508575916290283,0.013910144567489624,-0.010643839836120605,0.05632682889699936,0.07041561603546143,0.03189285099506378
1763596009.848644,0.08724142640568315,-0.02341302429139614,0.0659082040630281,-0.0008812937885522842,0.10023076832294464,-0.027704888954758644,,,,,,
1763596009.857247,,,,,,,0.0023677945137023926,0.019900768995285034,-0.01530921459197998,0.07793199270963669,0.055484600365161896,0.03306756913661957
1763596009.858698,0.06167568105980754,-0.004752162963151931,0.08131284007430076,0.004661776591092348,0.06794765591621399,-0.0197562538087368,,,,,,
1763596009.867278,,,,,,,0.009554505348205566,0.021040529012680054,-0.012886643409729004,0.07490862905979156,0.03818630427122116,0.01831033080816269
1763596009.86875,0.05543057612515986,0.05137655149400234,0.02882277438044548,0.022278055548667908,0.03816446289420128,-0.011174749583005905,,,,,,
1763596009.877309,,,,,,,0.010140419006347656,0.01687927544116974,-0.007281186059117317,0.06596653163433075,0.03481341153383255,0.003866942133754492
1763596009.878803,0.05397570114172995,0.08588497029542923,0.007436141350120305,0.04204859957098961,0.01915036328136921,-0.0006711727473884821,,,,,,
1763596009.887339,,,,,,,0.007982969284057617,0.016635149717330933,-0.006250143051147461,0.03942747414112091,0.030523058027029037,-0.012902317568659782
1763596009.888856,-0.008309855444729328,0.08805237746238707,0.03248787275925279,0.056419018656015396,0.007852968759834766,0.007176630664616823,,,,,,
1763596009.89737,,,,,,,0.006972610950469971,0.02253599464893341,-0.006782766431570053,0.018882518634200096,0.017130287364125252,-0.037232160568237305
1763596009.898909,-0.07179477788358926,0.04640753090977669,0.06792728880047798,0.054673824459314346,0.0058099147863686085,0.0047801462933421135,,,,,,
1763596009.9074,,,,,,,0.0051267147064208984,0.017057254910469055,-0.0030707083642482758,0.01165310200303793,0.019446173682808876,-0.04473241791129112
1763596009.908962,-0.06618716713488101,0.05214987395405769,0.0829623608469963,0.0427793487906456,0.028226807713508606,0.0023880950175225735,,,,,,
1763596009.917431,,,,,,,0.0036313533782958984,0.010250285267829895,-0.001842264086008072,0.004007167182862759,0.03793809935450554,-0.04472602903842926
1763596009.919015,0.006172916481271386,0.0647936669498682,0.08440276891365647,0.034087248146533966,0.06648856401443481,0.0036897158715873957,,,,,,
1763596009.927462,,,,,,,0.0026395320892333984,0.017535045742988586,-0.004581095650792122,0.01661244034767151,0.0379258468747139,-0.04991200193762779
1763596009.929068,0.0376261124305427,0.06328326238691806,0.0964344213604927,0.022827137261629105,0.09086155146360397,0.01439455896615982,,,,,,
1763596009.937492,,,,,,,0.00615304708480835,0.028927281498908997,-0.014378666877746582,0.05353131145238876,0.0350341871380806,-0.048534613102674484
1763596009.939121,0.05689589943736791,0.027632103291153905,0.07714739095792174,0.01907726749777794,0.1002318412065506,0.028854360803961754,,,,,,
1763596009.947523,,,,,,,0.009441018104553223,0.031530216336250305,-0.017474528402090073,0.08479377627372742,0.0316314660012722,-0.05613940209150314
1763596009.949174,0.05613426741510629,0.03739712598025799,0.05575608175247907,0.02702733501791954,0.0948818176984787,0.04669966921210289,,,,,,
1763596009.957554,,,,,,,0.008885443210601807,0.030526921153068542,-0.015527963638305664,0.09140640497207642,0.03199445456266403,-0.07531922310590744
1763596009.959226,0.07154650221094488,0.03916939634978771,0.07647299882769584,0.042641278356313705,0.0790831670165062,0.06900820136070251,,,,,,
1763596009.967584,,,,,,,0.0036734938621520996,0.03155320882797241,-0.012182237580418587,0.08498318493366241,0.04165960103273392,-0.0907965824007988
1763596009.969279,0.024537279080972075,0.016217559829354286,0.08970409019216895,0.061960380524396896,0.06132201477885246,0.09152789413928986,,,,,,
1763596009.977615,,,,,,,0.003429412841796875,0.03575494885444641,-0.009668592363595963,0.07950478792190552,0.04853374883532524,-0.11457940936088562
1763596009.979332,-0.06210515851825475,-0.026050971579551694,0.08292027527093887,0.08450218290090561,0.04594520106911659,0.10736753791570663,,,,,,
1763596009.987646,,,,,,,0.0066449642181396484,0.046146899461746216,-0.00918697938323021,0.05038115754723549,0.03818497434258461,-0.15008753538131714
1763596009.989385,-0.15565094576515257,-0.02754208692014217,0.11260331974253057,0.09285198897123337,0.03286082297563553,0.12571431696414948,,,,,,
1763596009.997676,,,,,,,0.008235633373260498,0.04979683458805084,-0.005984663963317871,0.04034103825688362,0.016148647293448448,-0.18976543843746185
1763596009.999438,-0.20247955163121223,-0.019628245055675505,0.14492621119841934,0.09190039336681366,0.04006771743297577,0.13479943573474884,,,,,,
1763596010.007707,,,,,,,0.0034621357917785645,0.027865156531333923,-0.0064904652535915375,0.008891375735402107,0.015665549784898758,-0.22145305573940277
1763596010.009491,-0.14383410511277614,-0.004630582410097122,0.13400398129820823,0.07489211857318878,0.07469280809164047,0.14090631902217865,,,,,,
1763596010.017738,,,,,,,-0.008456945419311523,0.015122443437576294,-0.0005494356155395508,-0.025421855971217155,0.024923495948314667,-0.2460249811410904
1763596010.019544,-0.021506898409128186,-0.006581131955981254,0.08548398827910422,0.05317528918385506,0.12736710906028748,0.1379610002040863,,,,,,
1763596010.027768,,,,,,,-0.01632601022720337,0.007663652300834656,0.0032919645309448242,-0.03688090667128563,0.03831600025296211,-0.25060349702835083
1763596010.029597,0.12548062923327089,-0.0036433249384164807,0.04205510785393417,0.0359177365899086,0.1806093007326126,0.1437738835811615,,,,,,
1763596010.037799,,,,,,,-0.014776945114135742,0.008510425686836243,-0.0013616085052490234,-0.038090780377388,0.050428856164216995,-0.24295195937156677
1763596010.03965,0.22492110054194925,-0.035164252361655234,-0.00588036327548325,0.02675350196659565,0.19833476841449738,0.1553095430135727,,,,,,
1763596010.047829,,,,,,,-0.004253506660461426,0.017420053482055664,-0.013063903898000717,-0.0021365806460380554,0.036056842654943466,-0.22797679901123047
1763596010.049702,0.2517999012477696,-0.07054010164737701,-0.05670213043093681,0.03329236060380936,0.179927259683609,0.17071352899074554,,,,,,
1763596010.05786,,,,,,,0.006309568881988525,0.019220158457756042,-0.028389573097229004,0.053057167679071426,0.014508672058582306,-0.21429695188999176
1763596010.059755,0.26253479188233614,-0.06576455780863762,-0.07982581638693809,0.04764171317219734,0.13561977446079254,0.186447873711586,,,,,,
1763596010.067891,,,,,,,0.0072498321533203125,0.022309571504592896,-0.03203761950135231,0.0956425815820694,-0.0008543049916625023,-0.21129843592643738
1763596010.069808,0.26666663099005816,-0.06101707102060318,-0.083472063934803,0.06460578739643097,0.08401543647050858,0.20175039768218994,,,,,,
1763596010.077921,,,,,,,-0.00036913156509399414,0.025844529271125793,-0.025731686502695084,0.11710579693317413,-0.01634218543767929,-0.21306411921977997
1763596010.079861,0.2145709714412689,-0.09675649292171001,-0.02517418874502182,0.07634375244379044,0.04414566978812218,0.20692983269691467,,,,,,
1763596010.087952,,,,,,,-0.009505093097686768,0.022034496068954468,-0.013942243531346321,0.10982915759086609,-0.030030034482479095,-0.22154107689857483
1763596010.089914,0.13921784348897634,-0.14456862993240355,0.01884279376640916,0.07005070149898529,0.026649234816432,0.19562338292598724,,,,,,
1763596010.097983,,,,,,,-0.01734060049057007,-0.0009105652570724487,0.0030538998544216156,0.07092037796974182,-0.04012101888656616,-0.2239440530538559
1763596010.099967,0.09970759781226515,-0.1549099912047386,8.037175983190536e-06,0.05414681136608124,0.04265948385000229,0.16276459395885468,,,,,,
1763596010.108013,,,,,,,-0.026038706302642822,-0.036594003438949585,0.018213151022791862,0.02099139429628849,-0.023753762245178223,-0.20798859000205994
1763596010.11002,0.16855039402246474,-0.10137363132834434,-0.013704554095119238,0.03989410772919655,0.0856170728802681,0.12014282494783401,,,,,,
1763596010.118044,,,,,,,-0.03296780586242676,-0.055270567536354065,0.018362877890467644,-0.02390097826719284,0.014314527623355389,-0.1756405085325241
1763596010.120073,0.27415523317977786,-0.053285599985718725,0.0016473288156092167,0.02469182386994362,0.1051875427365303,0.08735428750514984,,,,,,
1763596010.128074,,,,,,,-0.027842998504638672,-0.042032480239868164,0.004516003653407097,-0.022733531892299652,0.033573444932699203,-0.14201076328754425
1763596010.130125,0.29696510394625364,-0.05273614940941333,-0.009882000132277607,0.018411289900541306,0.07679185271263123,0.07370159029960632,,,,,,
1763596010.138105,,,,,,,-0.004195451736450195,-0.02227376401424408,-0.01370573416352272,0.018844004720449448,0.01765439845621586,-0.10570495575666428
1763596010.140178,0.22868885557763277,-0.016818448331952094,-0.054103492239862674,0.025344016030430794,0.017455216497182846,0.07397037744522095,,,,,,
1763596010.148136,,,,,,,0.0183374285697937,-0.014797210693359375,-0.023670077323913574,0.059765998274087906,-0.010420379228889942,-0.08291681855916977
1763596010.150231,0.1667752010434866,0.0883481455385685,-0.09728563136234879,0.042309682816267014,-0.04111994802951813,0.08039684593677521,,,,,,
1763596010.158166,,,,,,,0.02409052848815918,-0.012440145015716553,-0.0220953281968832,0.08986744284629822,-0.021298326551914215,-0.06125467270612717
1763596010.160284,0.10733692364692687,0.13432663738131523,-0.09985387441515922,0.06303952634334564,-0.07453281432390213,0.08118937164545059,,,,,,
1763596010.168197,,,,,,,0.010953843593597412,-0.013007745146751404,-0.01104760356247425,0.11206893622875214,-0.016553374007344246,-0.047964632511138916
1763596010.170337,0.01869191405363381,0.0881301188737154,-0.04330620389357209,0.07008624821901321,-0.08286957442760468,0.0817723348736763,,,,,,
1763596010.178228,,,,,,,-0.0009130239486694336,-0.012423023581504822,0.0027847271412611008,0.1127866581082344,-0.01338288001716137,-0.04728099703788757
1763596010.18039,-0.07930325381755829,-0.010136194089055061,0.04509096841849387,0.06324531883001328,-0.06454543769359589,0.07808951288461685,,,,,,
1763596010.188258,,,,,,,-0.006272733211517334,-0.013863980770111084,0.011938095092773438,0.10534138977527618,-0.008313020691275597,-0.047498513013124466
1763596010.190443,-0.16543701124228535,-0.05883271271884441,0.08765519483834505,0.04776809364557266,-0.02287575975060463,0.07211631536483765,,,,,,
1763596010.198289,,,,,,,-0.006131410598754883,-0.014363080263137817,0.013009075075387955,0.08962048590183258,0.0010461267083883286,-0.05262403190135956
1763596010.200496,-0.24151070855408904,-0.10052841267585753,0.12154781982898712,0.02901698276400566,0.020306650549173355,0.06387413293123245,,,,,,
1763596010.20832,,,,,,,-0.0025271177291870117,-2.0325183868408203e-05,0.007046220824122429,0.06690515577793121,-0.006547344382852316,-0.06662559509277344
1763596010.210549,-0.30439532701224087,-0.12354513112604618,0.12219422797374427,0.00939827412366867,0.041311535984277725,0.05896299332380295,,,,,,
1763596010.21835,,,,,,,-0.0019491910934448242,0.009676948189735413,0.0007473230361938477,0.06493973731994629,-0.022848021239042282,-0.0856189951300621
1763596010.220601,-0.2925922956895083,-0.1231172611027956,0.0708722562111914,-0.003998170141130686,0.058637142181396484,0.055274248123168945,,,,,,
1763596010.228381,,,,,,,-0.011003613471984863,-0.008601367473602295,0.0063798390328884125,0.059649236500263214,-0.008501039817929268,-0.08964816480875015
1763596010.230654,-0.13127185292057691,-0.10824176353216171,0.010630115085840225,-0.0035446337424218655,0.0934838056564331,0.05321083217859268,,,,,,
1763596010.238411,,,,,,,-0.024365365505218506,-0.016222089529037476,0.009643908590078354,0.030527036637067795,0.02048693597316742,-0.09045244008302689
1763596010.240706,0.026509090610593557,-0.13965806153714655,0.002423427754640579,-0.0017224340699613094,0.10841137170791626,0.06187136843800545,,,,,,
1763596010.248442,,,,,,,-0.02541404962539673,0.00289858877658844,0.0024294890463352203,0.03148256614804268,0.01982753723859787,-0.0949830710887909
1763596010.25076,0.08760412223823368,-0.20784780066609382,0.020342676935344934,0.0034004226326942444,0.09203693270683289,0.07596508413553238,,,,,,
1763596010.258473,,,,,,,-0.014702916145324707,0.012471333146095276,-0.012737872079014778,0.05019553378224373,0.00496310368180275,-0.09943294525146484
1763596010.260813,0.0710673403918743,-0.26845278375446796,-0.003277852626889944,0.010330108925700188,0.05771147832274437,0.09381474554538727,,,,,,
1763596010.268503,,,,,,,-0.009906172752380371,0.00744609534740448,-0.01469123549759388,0.05819188058376312,-0.003902559168636799,-0.1076703742146492
1763596010.270866,0.08029606424719095,-0.24848902313411234,-0.02171732628941536,0.018564602360129356,0.026110412552952766,0.11205260455608368,,,,,,
1763596010.278534,,,,,,,-0.01521158218383789,0.008529886603355408,-0.011979702860116959,0.0527622289955616,-0.0004028992261737585,-0.11386488378047943
1763596010.280919,0.10513488355800509,-0.19878537328839302,-0.048683513017743825,0.021401502192020416,0.01009850762784481,0.13075944781303406,,,,,,
1763596010.288565,,,,,,,-0.021188735961914062,0.01988387107849121,-0.007044795900583267,0.045123204588890076,0.010208199732005596,-0.1251436471939087
1763596010.290972,0.04097505753226578,-0.17095920872986314,-0.09640293024368583,0.029628541320562363,0.028636237606406212,0.14891289174556732,,,,,,
1763596010.298595,,,,,,,-0.018162012100219727,0.037138476967811584,-0.006204251199960709,0.030307505279779434,0.005087739787995815,-0.1506761610507965
1763596010.301025,-0.0189160051330924,-0.13123802371621132,-0.08362403962612151,0.038508906960487366,0.05533404275774956,0.16894172132015228,,,,,,
1763596010.308626,,,,,,,-0.010637760162353516,0.05049221217632294,-0.008154753595590591,0.022520974278450012,0.005018497817218304,-0.17842748761177063
1763596010.311077,-0.05089527078308165,-0.09888239903450012,0.0666143065057695,0.03943408653140068,0.061995942145586014,0.18615533411502838,,,,,,
1763596010.318657,,,,,,,-0.003370940685272217,0.05350610613822937,-0.008704070001840591,0.0014039715752005577,0.009729096665978432,-0.21101100742816925
1763596010.32113,-0.03705211193487048,-0.042212417307496065,0.15702245331406592,0.03573507443070412,0.049851492047309875,0.2072315663099289,,,,,,
1763596010.328687,,,,,,,0.0008956193923950195,0.055121004581451416,-0.0063978396356105804,-0.03234894201159477,0.005243801046162844,-0.2599320113658905
1763596010.331182,-0.01612747039310634,0.003114332628250122,0.11946692190170287,0.037051741033792496,0.03507734090089798,0.2350647896528244,,,,,,
1763596010.338718,,,,,,,0.006997227668762207,0.06437206268310547,-0.0058956146240234375,-0.09856817126274109,0.014883911237120628,-0.3236912786960602
1763596010.341236,-0.01548917248956859,0.048257542690634724,0.026522242353111503,0.043244216591119766,0.037508293986320496,0.2650807797908783,,,,,,
1763596010.348748,,,,,,,0.013900578022003174,0.07081019878387451,-0.005497338250279427,-0.1589079052209854,0.010581308044493198,-0.3772417902946472
1763596010.351289,-0.035699601347371934,0.1162193182826042,-0.04342413118481636,0.05258392170071602,0.03875545412302017,0.3006456792354584,,,,,,
1763596010.358779,,,,,,,0.019307434558868408,0.0749654620885849,-0.004984736442565918,-0.24206911027431488,0.003955363761633635,-0.4411243498325348
1763596010.361342,-0.034748730363324286,0.19417992531955242,-0.06825447492823004,0.07573044300079346,0.04964790120720863,0.34348970651626587,,,,,,
1763596010.36881,,,,,,,0.023343920707702637,0.08741171658039093,0.0013233460485935211,-0.38129740953445435,-0.0027131913229823112,-0.5285953879356384
1763596010.371395,0.00916804317664355,0.2680669993072748,-0.01931596423611045,0.1065613329410553,0.05442827567458153,0.3943917453289032,,,,,,
1763596010.37884,,,,,,,0.02251487970352173,0.08384691178798676,0.014565229415893555,-0.5149244070053101,-0.002799211535602808,-0.5966841578483582
1763596010.381448,0.05692260478120297,0.30986615963876246,0.07716974892020224,0.1154993548989296,0.034782178699970245,0.4479690492153168,,,,,,
1763596010.388871,,,,,,,0.016142070293426514,0.064566969871521,0.02814769372344017,-0.6892536878585815,0.007376726716756821,-0.6857936978340149
1763596010.391501,0.09683160398453473,0.32684652053415775,0.04571998703703284,0.12234660983085632,0.037134815007448196,0.5058280825614929,,,,,,
1763596010.398902,,,,,,,0.007970035076141357,0.07088348269462585,0.04356801137328148,-0.9299091696739197,0.03732077777385712,-0.8136717677116394
1763596010.401553,0.06589501578789204,0.2847673742175102,-0.04272628511376679,0.15626844763755798,0.08569445461034775,0.5739678740501404,,,,,,
1763596010.408932,,,,,,,0.0062482357025146484,0.09673333168029785,0.050180789083242416,-1.0813791751861572,0.06462030857801437,-0.909482479095459
1763596010.411606,0.015690722943656147,0.29863398700654503,0.10718962413072586,0.18441538512706757,0.10199140012264252,0.6489057540893555,,,,,,
1763596010.418963,,,,,,,0.01911097764968872,0.11871600151062012,0.04175162315368652,-1.155874252319336,0.07555631548166275,-0.999508261680603
1763596010.421659,-0.031580493857059626,0.31189328155219553,0.19835633422136306,0.22687216103076935,0.09860935062170029,0.7231572866439819,,,,,,
1763596010.428994,,,,,,,0.030699431896209717,0.1549275815486908,0.03650378808379173,-1.1871263980865479,0.08578391373157501,-1.118249773979187
1763596010.431712,-0.06092413204014301,0.36068332368433476,0.10904957278370857,0.2948765158653259,0.08966618776321411,0.7969809174537659,,,,,,
1763596010.439024,,,,,,,0.03612840175628662,0.18477395176887512,0.0361403226852417,-1.1355494260787964,0.09817640483379364,-1.2380409240722656
1763596010.441765,-0.08957800699393265,0.42865678971409793,0.08573993580155075,0.35609281063079834,0.07058405131101608,0.8710939884185791,,,,,,
1763596010.449055,,,,,,,0.04174208641052246,0.198468416929245,0.02987658977508545,-1.0557451248168945,0.12496540695428848,-1.3265496492385864
1763596010.451818,-0.12350573983057402,0.47431379451751704,0.08571787010021507,0.3940814733505249,0.06706495583057404,0.9428499341011047,,,,,,
1763596010.459085,,,,,,,0.049282073974609375,0.20715737342834473,0.03246414288878441,-1.03201162815094,0.14303548634052277,-1.432852864265442
1763596010.461871,-0.20245710233738645,0.49152913321256636,-0.006794482445716858,0.40975165367126465,0.11534091085195541,1.008631944656372,,,,,,
1763596010.469116,,,,,,,0.0577235221862793,0.1909002661705017,0.02952110767364502,-1.0640947818756104,0.15229716897010803,-1.5583860874176025
1763596010.471924,-0.27988336503561584,0.4918792618244886,-0.181871647888422,0.4131953716278076,0.2299274206161499,1.0610504150390625,,,,,,
1763596010.479147,,,,,,,0.06714832782745361,0.16151395440101624,0.0362100675702095,-1.1130112409591675,0.17629916965961456,-1.6423879861831665
1763596010.481977,-0.30225243323203177,0.526686955833435,-0.22613171844072638,0.3975560963153839,0.3886151611804962,1.115333914756775,,,,,,
1763596010.489177,,,,,,,0.07358312606811523,0.15169718861579895,0.05699335038661957,-1.2643266916275024,0.22279077768325806,-1.7232531309127808
1763596010.492029,-0.23397760963551698,0.5526268682539462,-0.1587350293856114,0.38247621059417725,0.5548070669174194,1.1764448881149292,,,,,,
1763596010.499208,,,,,,,0.06980156898498535,0.16042453050613403,0.07521557807922363,-1.4513362646102905,0.2546573579311371,-1.8462975025177002
1763596010.502082,-0.18579609132315963,0.542453849285841,-0.10122523583360016,0.38555335998535156,0.6714252829551697,1.251410961151123,,,,,,
1763596010.509239,,,,,,,0.0676337480545044,0.16088998317718506,0.0819924995303154,-1.589635968208313,0.30183419585227966,-1.9411342144012451
1763596010.512135,-0.10637012444138526,0.5032172329187393,-0.07962934396676719,0.400459349155426,0.7154345512390137,1.3259822130203247,,,,,,
1763596010.519269,,,,,,,0.06802743673324585,0.15576860308647156,0.08274078369140625,-1.630137324333191,0.3498120903968811,-2.006791353225708
1763596010.522188,0.055360360433161254,0.5139882177799939,-0.20061850699968634,0.4233064651489258,0.7107216715812683,1.4000595808029175,,,,,,
1763596010.5293,,,,,,,0.06970751285552979,0.1607164740562439,0.08515667915344238,-1.6273854970932007,0.39671435952186584,-2.101729154586792
1763596010.532241,0.2786759985398501,0.5375397737592459,-0.3661188658017665,0.4727648198604584,0.7140170931816101,1.4702328443527222,,,,,,
1763596010.539331,,,,,,,0.07196515798568726,0.18643003702163696,0.08918631076812744,-1.6032588481903076,0.45641231536865234,-2.1988463401794434
1763596010.542294,0.40789033440873024,0.6005348668545484,-0.4413351790992543,0.5287057161331177,0.7264528870582581,1.5307413339614868,,,,,,
1763596010.549361,,,,,,,0.08215683698654175,0.19727158546447754,0.0915822982788086,-1.511663794517517,0.5105496048927307,-2.2695682048797607
1763596010.552347,0.4795223229460418,0.6643640726864337,-0.2950549594759941,0.5651236176490784,0.7210687398910522,1.5836412906646729,,,,,,
1763596010.559392,,,,,,,0.09560531377792358,0.18681639432907104,0.09408867359161377,-1.3944628238677979,0.5634146928787231,-2.303271532058716
1763596010.5624,0.496471119659394,0.6892068375200032,-0.1261059215247631,0.5888797640800476,0.7109155654907227,1.6269104480743408,,,,,,
1763596010.569422,,,,,,,0.09857815504074097,0.18088120222091675,0.09636272490024567,-1.325723648071289,0.6453244686126709,-2.3529722690582275
1763596010.572453,0.47543096197918056,0.6539952388852834,-0.04408697900772095,0.6017833352088928,0.7016661763191223,1.6626253128051758,,,,,,
1763596010.579453,,,,,,,0.09376364946365356,0.17995882034301758,0.0966644138097763,-1.3005276918411255,0.743654727935791,-2.3827638626098633
1763596010.582505,0.3977177538320422,0.5892401503801346,-0.07228427843358368,0.6127400398254395,0.6975567936897278,1.6920946836471558,,,,,,
1763596010.589484,,,,,,,0.09742432832717896,0.1600644588470459,0.0838756263256073,-1.2198748588562012,0.8390028476715088,-2.3839430809020996
1763596010.592558,0.3416530445218086,0.5209294152200221,-0.1606651571979746,0.6087083220481873,0.6985914707183838,1.717548131942749,,,,,,
1763596010.599514,,,,,,,0.10854858160018921,0.12753576040267944,0.06898963451385498,-1.0889394283294678,0.9204987287521362,-2.3606808185577393
1763596010.602611,0.3614588381014764,0.5082207402944564,-0.2526420146277174,0.604731559753418,0.7306326031684875,1.7383767366409302,,,,,,
1763596010.609545,,,,,,,0.11501294374465942,0.1190764307975769,0.0730435848236084,-0.9809280633926392,0.9954355955123901,-2.3613650798797607
1763596010.612664,0.4481044175058603,0.5414718525111675,-0.288632269484736,0.6075843572616577,0.7804350256919861,1.7638204097747803,,,,,,
1763596010.619576,,,,,,,0.11717689037322998,0.13303476572036743,0.0861055850982666,-0.8476877212524414,1.076055884361267,-2.3447906970977783
1763596010.622717,0.4797463409602642,0.5861947913348674,-0.1921264816547744,0.6026431322097778,0.8019446134567261,1.7963652610778809,,,,,,
1763596010.629606,,,,,,,0.12504303455352783,0.1285913586616516,0.09569607675075531,-0.6630863547325134,1.1376612186431885,-2.3039515018463135
1763596010.63277,0.4191606470942497,0.5596551594555378,-0.1146013799582608,0.6018268465995789,0.784683346748352,1.8321605920791626,,,,,,
1763596010.639637,,,,,,,0.13786327838897705,0.10547935962677002,0.08640670776367188,-0.47534605860710144,1.1669222116470337,-2.2740232944488525
1763596010.642823,0.3107408966466784,0.4882078798353672,-0.210837045609951,0.616150975227356,0.7295392155647278,1.8552234172821045,,,,,,
1763596010.649667,,,,,,,0.14558005332946777,0.07241755723953247,0.06771194934844971,-0.2912582457065582,1.1854559183120728,-2.222456693649292
1763596010.652876,0.2239505019441247,0.4310077367544174,-0.33519407764077186,0.6347600817680359,0.6715851426124573,1.8537752628326416,,,,,,
1763596010.659698,,,,,,,0.1486372947692871,0.03978407382965088,0.047574132680892944,-0.13141025602817535,1.2142993211746216,-2.164641857147217
1763596010.662929,0.21985563384592532,0.3606248714953661,-0.38801965889930723,0.6400730609893799,0.644037127494812,1.8202482461929321,,,,,,
1763596010.669729,,,,,,,0.14516741037368774,0.02233940362930298,0.03214707970619202,-0.01056373119354248,1.2234869003295898,-2.1241352558135986
1763596010.672982,0.1962158150613308,0.30981004553735253,-0.35496494603753087,0.6210961937904358,0.6609769463539124,1.770103096961975,,,,,,
1763596010.679759,,,,,,,0.141057550907135,0.01689070463180542,0.030283749103546143,0.06333046406507492,1.238547682762146,-2.0943856239318848
1763596010.683034,0.14545038120299578,0.24155951613187787,-0.23479718239009378,0.5987030267715454,0.6789361834526062,1.7195196151733398,,,,,,
1763596010.68979,,,,,,,0.13949406147003174,0.011911869049072266,0.04301607608795166,0.11702431738376617,1.2538731098175049,-2.039883852005005
1763596010.693087,0.030849019511044025,0.1473036078542471,-0.03806464997828007,0.5831160545349121,0.6454106569290161,1.6936371326446533,,,,,,
1763596010.699821,,,,,,,0.1480647325515747,0.0019323229789733887,0.052854835987091064,0.14613555371761322,1.2567367553710938,-1.9984794855117798
1763596010.70314,-0.11970043839663266,0.10199264000952243,0.027810966989398,0.5770907998085022,0.5729847550392151,1.6931259632110596,,,,,,
1763596010.709851,,,,,,,0.16384398937225342,0.009746551513671875,0.0744238793849945,0.12230449914932251,1.2666338682174683,-1.9892640113830566
1763596010.713193,-0.231585234606266,0.1812105536311865,-0.04374094204902649,0.5857442021369934,0.5349881052970886,1.7213972806930542,,,,,,
1763596010.719882,,,,,,,0.17833977937698364,0.03151679039001465,0.0979699194431305,0.17208217084407806,1.2503340244293213,-1.9621427059173584
1763596010.723246,-0.3866545080259442,0.3379828315764665,-0.177598774608504,0.5964111089706421,0.5460576415061951,1.7648427486419678,,,,,,
1763596010.729913,,,,,,,0.19532692432403564,0.019044578075408936,0.07677328586578369,0.17123426496982574,1.2118613719940186,-1.998149037361145
1763596010.733299,-0.5282514286711811,0.5150613999694585,-0.3414572296887636,0.6005656123161316,0.6062660813331604,1.7971857786178589,,,,,,
1763596010.739943,,,,,,,0.18901848793029785,-0.01894015073776245,0.061230748891830444,0.05280083045363426,1.2385215759277344,-2.0806710720062256
1763596010.743352,-0.5413093554258346,0.7402291687488556,-0.5190571916073561,0.5940896272659302,0.7210562825202942,1.8217464685440063,,,,,,
1763596010.749974,,,,,,,0.17028748989105225,-0.04679948091506958,0.07482108473777771,-0.17157916724681854,1.32314932346344,-2.1460201740264893
1763596010.753405,-0.506034043905139,0.9243781139194965,-0.5511562111794949,0.591944694519043,0.8398780226707458,1.8343878984451294,,,,,,
1763596010.760004,,,,,,,0.17594611644744873,-0.039980947971343994,0.08428260684013367,-0.3628663122653961,1.3779022693634033,-2.1828973293304443
1763596010.763458,-0.46964434140175576,1.024445923346281,-0.4175993891268968,0.604411244392395,0.8770691156387329,1.8381597995758057,,,,,,
1763596010.770035,,,,,,,0.19660204648971558,-0.02622455358505249,0.09399843215942383,-0.6221767067909241,1.4446158409118652,-2.23577618598938
1763596010.77351,-0.4045578289851546,1.0520417862802742,-0.23023210296425967,0.6312556266784668,0.8256980180740356,1.8471285104751587,,,,,,
1763596010.780066,,,,,,,0.21095728874206543,-0.0033804774284362793,0.11727592349052429,-0.8145021796226501,1.4893490076065063,-2.2666163444519043
1763596010.783563,-0.29174948818981644,1.0024135397583245,-0.029927520751953124,0.6638803482055664,0.7236392498016357,1.8788059949874878,,,,,,
1763596010.790096,,,,,,,0.21482381224632263,-0.01273953914642334,0.1053231954574585,-0.8913816213607788,1.5284894704818726,-2.2675929069519043
1763596010.793616,-0.1487935541510582,0.8576753984779119,0.04394205411169678,0.6876780986785889,0.6356931328773499,1.9212948083877563,,,,,,
1763596010.800127,,,,,,,0.19839254021644592,-0.024292409420013428,0.0763053297996521,-0.8536190390586853,1.5829590559005737,-2.2651801109313965
1763596010.803669,0.006767009916901588,0.6292915902614593,-0.06323178792800754,0.689905047416687,0.6197543144226074,1.9491993188858032,,,,,,
1763596010.810158,,,,,,,0.1689755916595459,-0.0075950026512146,0.05453306436538696,-0.8096986413002014,1.6945325136184692,-2.300103187561035
1763596010.813722,0.08171908278763294,0.4863333181351423,-0.11005378139019012,0.6694471836090088,0.6692390441894531,1.967437982559204,,,,,,
1763596010.820188,,,,,,,0.15669560432434082,0.04552179574966431,0.08135932683944702,-0.6558427810668945,1.797465205192566,-2.2849886417388916
1763596010.823775,-0.01367196699976921,0.37070845861434937,0.060429078532196576,0.6437088251113892,0.7143516540527344,1.9796077013015747,,,,,,
1763596010.830219,,,,,,,0.1882385015487671,0.0808517336845398,0.06830307841300964,-0.4502631425857544,1.8115803003311157,-2.260671615600586
1763596010.833828,-0.2759849328249693,0.23623393719494343,0.1685218255151063,0.619130551815033,0.7312369346618652,1.9745042324066162,,,,,,
1763596010.84025,,,,,,,0.21775507926940918,0.07810968160629272,0.0585554838180542,-0.41946661472320557,1.8397935628890991,-2.3135640621185303
1763596010.843881,-0.5601490804523229,0.20839199054539204,-0.011592786105535925,0.6134127378463745,0.7668187618255615,1.953818678855896,,,,,,
1763596010.85028,,,,,,,0.21371334791183472,0.06246590614318848,0.09727975726127625,-0.5238621234893799,1.9224761724472046,-2.3720667362213135
1763596010.853934,-0.7103595156639814,0.3402893549531698,-0.15588906536996364,0.6212671995162964,0.8126834630966187,1.9348191022872925,,,,,,
1763596010.860311,,,,,,,0.21426409482955933,0.04133373498916626,0.11179375648498535,-0.5338788032531738,1.9451977014541626,-2.351714611053467
1763596010.863987,-0.6843997294992208,0.49297640941143034,-0.1504489201426506,0.6368111371994019,0.852630078792572,1.9265213012695312,,,,,,
1763596010.870341,,,,,,,0.22102490067481995,0.03061676025390625,0.10853812098503113,-0.5522719621658325,2.0035054683685303,-2.3638529777526855
1763596010.874039,-0.5302198061347008,0.6121060621827841,-0.03229888952579349,0.6298887729644775,0.8668140769004822,1.9435395002365112,,,,,,
1763596010.880372,,,,,,,0.2101810723543167,0.04504936933517456,0.10318145155906677,-0.46580949425697327,2.054150104522705,-2.34568452835083
1763596010.884092,-0.3463116839826107,0.5868038631439209,0.10334405461847782,0.6080983877182007,0.875138521194458,1.9773774147033691,,,,,,
1763596010.890403,,,,,,,0.20530487596988678,0.03828716278076172,0.04884946346282959,-0.39576321840286255,2.087883710861206,-2.343226671218872
1763596010.894145,-0.16126549771130083,0.5243225647896528,0.04764733837042004,0.5718964338302612,0.9202852249145508,2.0110270977020264,,,,,,
1763596010.900433,,,,,,,0.1979767233133316,0.036996662616729736,0.03030666708946228,-0.47306281328201294,2.199272394180298,-2.3736214637756348
1763596010.904198,0.05717091698646545,0.5313455952942371,-0.02281268377806991,0.5341356992721558,0.9777691960334778,2.0307085514068604,,,,,,
1763596010.910464,,,,,,,0.1991349756717682,0.03798246383666992,0.050962626934051514,-0.40827664732933044,2.2219018936157227,-2.3664369583129883
1763596010.914251,0.16373101104199886,0.4479612096428871,0.09573065700531005,0.5107395648956299,0.9892216324806213,2.030876874923706,,,,,,
1763596010.920495,,,,,,,0.2239963710308075,-0.005517363548278809,0.0420147180557251,-0.5878413915634155,2.268744707107544,-2.418010711669922
1763596010.924304,0.22377660668194294,0.4328337831377983,0.035144963139295576,0.5148842334747314,0.9484198689460754,2.029271364212036,,,,,,
1763596010.930525,,,,,,,0.23279544711112976,-0.005832254886627197,0.09257107973098755,-0.723499059677124,2.3201959133148193,-2.388852119445801
1763596010.934357,0.24545477000474927,0.4253092328518629,-0.0011076689809560775,0.5334405899047852,0.8737059831619263,2.0366950035095215,,,,,,
1763596010.940556,,,,,,,0.24098040163516998,-0.012661635875701904,0.05906432867050171,-0.7493290901184082,2.3214235305786133,-2.334261417388916
1763596010.94441,0.17327800706624985,0.2423690789490938,-0.05096970599247142,0.5470384359359741,0.8199135661125183,2.0445139408111572,,,,,,
1763596010.950587,,,,,,,0.22656020522117615,-0.017192721366882324,0.028266608715057373,-0.7880590558052063,2.387712240219116,-2.3188817501068115
1763596010.954463,0.08328384788632393,0.12701426854133605,-0.03290797960115596,0.5448924899101257,0.8077682256698608,2.0437748432159424,,,,,,
1763596010.960617,,,,,,,0.19609442353248596,0.0059798359870910645,0.03746134042739868,-0.7636181712150574,2.451934814453125,-2.296020030975342
1763596010.964515,-0.07277180622220039,0.06318330914378166,0.09140345972226932,0.5292937755584717,0.8051012754440308,2.0242228507995605,,,,,,
1763596010.970648,,,,,,,0.19153992831707,0.018083631992340088,0.03469383716583252,-0.7319177389144897,2.5043997764587402,-2.2954604625701904
1763596010.974568,-0.2456979311108589,0.04466740924417972,0.11389525924921035,0.5169276595115662,0.7899734377861023,1.9915618896484375,,,,,,
1763596010.980678,,,,,,,0.20819535851478577,0.03275716304779053,0.05958014726638794,-0.6354905366897583,2.5064220428466797,-2.244417428970337
1763596010.984621,-0.31270342889130115,0.03717500766217709,-0.002122398981451988,0.5166338682174683,0.7825878858566284,1.9536716938018799,,,,,,
1763596010.990709,,,,,,,0.23539875447750092,0.03221184015274048,0.03978455066680908,-0.5546274185180664,2.476752996444702,-2.2169692516326904
1763596010.994674,-0.349431277307868,0.19386837515234945,-0.06313069760713261,0.5052096843719482,0.7958813309669495,1.9267323017120361,,,,,,
1763596011.00074,,,,,,,0.2404191493988037,0.03240001201629639,0.05189239978790283,-0.4607536494731903,2.4828341007232666,-2.168412923812866
1763596011.004727,-0.35936522682309147,0.31030221296846866,0.08985212036073208,0.4739115834236145,0.8118591904640198,1.9249224662780762,,,,,,
1763596011.01077,,,,,,,0.227069690823555,0.010045289993286133,0.0067653656005859375,-0.4524635970592499,2.4824674129486084,-2.149352788925171
1763596011.01478,-0.3483241928488016,0.28956337632238865,0.08579612296819686,0.4448133707046509,0.834543764591217,1.9196363687515259,,,,,,
1763596011.020801,,,,,,,0.2084517627954483,-0.018098115921020508,-0.010070860385894775,-0.481449156999588,2.5377166271209717,-2.1011343002319336
1763596011.024833,-0.3493295704990625,0.2109112798899412,0.07077975562214851,0.4153897762298584,0.8365540504455566,1.9111473560333252,,,,,,
1763596011.030832,,,,,,,0.2044638842344284,-0.03318476676940918,-0.03696441650390625,-0.4170224070549011,2.5416736602783203,-1.9875953197479248
1763596011.034886,-0.41709728482365604,-0.0800040955632925,0.1027098575013224,0.38803353905677795,0.8200922608375549,1.893808364868164,,,,,,
1763596011.040862,,,,,,,0.21602964401245117,-0.05590587854385376,-0.0971938967704773,-0.35937535762786865,2.523216485977173,-1.8856620788574219
1763596011.044939,-0.4266851973801851,-0.23826398171782492,0.13162382642971351,0.3625461161136627,0.8152904510498047,1.8507646322250366,,,,,,
1763596011.050893,,,,,,,0.21327939629554749,-0.05493098497390747,-0.08457529544830322,-0.35610726475715637,2.558371067047119,-1.8026847839355469
1763596011.054992,-0.40532852109670636,-0.2603302675753832,0.3478618360340595,0.32980868220329285,0.7748774886131287,1.7995805740356445,,,,,,
1763596011.060924,,,,,,,0.21507450938224792,-0.05008804798126221,-0.0766611099243164,-0.22578361630439758,2.5227129459381104,-1.6694138050079346
1763596011.065044,-0.48603930362462994,-0.39612756203114985,0.4735153376162052,0.2886166572570801,0.7586882710456848,1.7538394927978516,,,,,,
1763596011.070954,,,,,,,0.2264653742313385,-0.0646125078201294,-0.06644302606582642,-0.17065902054309845,2.499958038330078,-1.5744426250457764
1763596011.075097,-0.5563333215564489,-0.34180063629895446,0.38238136075139045,0.2468883991241455,0.7689262628555298,1.7394698858261108,,,,,,
1763596011.080985,,,,,,,0.22655746340751648,-0.059668540954589844,-0.04327493906021118,-0.013854765333235264,2.4460930824279785,-1.4563210010528564
1763596011.08515,-0.689971976673603,-0.08621259481459856,0.33129184603784234,0.2097991406917572,0.8116947412490845,1.7407796382904053,,,,,,
1763596011.091015,,,,,,,0.22673556208610535,-0.09750288724899292,-0.07975935935974121,0.07076860219240189,2.3525307178497314,-1.4136964082717896
1763596011.095203,-0.7350105573177337,0.23039953195303678,0.09852470817063003,0.19490380585193634,0.8799121379852295,1.7488641738891602,,,,,,
1763596011.101046,,,,,,,0.21135058999061584,-0.11176300048828125,-0.051926255226135254,-0.03090396337211132,2.343895673751831,-1.3959977626800537
1763596011.105256,-0.6968973920226097,0.5729328664407134,-0.12696283061504363,0.19767238199710846,0.9162611365318298,1.7597168684005737,,,,,,
1763596011.111077,,,,,,,0.20652413368225098,-0.08271056413650513,-0.01637047529220581,0.010968128219246864,2.2930049896240234,-1.2750319242477417
1763596011.115309,-0.7915671417981386,0.6617761020198464,-0.04546294353604317,0.18719232082366943,0.9127859473228455,1.7771844863891602,,,,,,
1763596011.121107,,,,,,,0.2182568907737732,-0.09159362316131592,-0.0702512264251709,0.019750434905290604,2.2128124237060547,-1.1917548179626465
1763596011.125362,-0.9081032709449529,0.6116071727499366,0.11161087463907897,0.14350958168506622,0.8887958526611328,1.816314935684204,,,,,,
1763596011.131138,,,,,,,0.21784400939941406,-0.09977388381958008,-0.0901828408241272,0.06998351216316223,2.1629767417907715,-1.0943728685379028
1763596011.135415,-0.9060767335534096,0.7047963285788893,0.2926140691298991,0.065132737159729,0.9008256196975708,1.863777756690979,,,,,,
1763596011.141169,,,,,,,0.21165579557418823,-0.12849807739257812,-0.13834714889526367,0.08857477456331253,2.083444356918335,-1.0723302364349365
1763596011.145468,-0.6658528499394655,0.9929632821068167,0.21446568443588912,-0.015162393450737,0.9597432017326355,1.9150071144104004,,,,,,
1763596011.151199,,,,,,,0.20584231615066528,-0.12943142652511597,-0.1239137053489685,0.16984036564826965,2.0354909896850586,-0.9822950959205627
1763596011.155521,-0.4674105910003185,1.2835042712897062,0.16112331276163458,-0.08609621971845627,0.9573621153831482,1.9918811321258545,,,,,,
1763596011.16123,,,,,,,0.2092239260673523,-0.11563742160797119,-0.15155136585235596,0.25938916206359863,1.9189932346343994,-0.937885046005249
1763596011.165573,-0.4122580280989408,1.3222040043011307,-0.03924026962891221,-0.10297643393278122,0.9196162223815918,2.066413164138794,,,,,,
1763596011.17126,,,,,,,0.1993972659111023,-0.11372405290603638,-0.1504044532775879,0.27535343170166016,1.8580721616744995,-0.8843629956245422
1763596011.175626,-0.4999094235450029,1.0316153765842317,-0.3069756988942623,-0.07406063377857208,0.8902770280838013,2.0683815479278564,,,,,,
1763596011.181291,,,,,,,0.18543457984924316,-0.13115262985229492,-0.13802695274353027,0.25048428773880005,1.7633062601089478,-0.8501741290092468
1763596011.185679,-0.7574532752722501,0.5832698437988758,-0.3432056077260524,-0.017811890691518784,0.8439674973487854,2.006290912628174,,,,,,
1763596011.191322,,,,,,,0.1741260290145874,-0.1553763747215271,-0.11196255683898926,0.12166044116020203,1.6790283918380737,-0.8346633911132812
1763596011.195733,-0.8637345523864031,0.34834494337588545,-0.2309703175783157,0.0406293161213398,0.7269734740257263,1.9122027158737183,,,,,,
1763596011.201352,,,,,,,0.16587334871292114,-0.16012609004974365,-0.0690351128578186,0.04546021670103073,1.5985020399093628,-0.7782504558563232
1763596011.205785,-0.996634956356883,0.006708996119350195,-0.04129544859305024,0.09487684816122055,0.5519725680351257,1.7892593145370483,,,,,,
1763596011.211383,,,,,,,0.16275149583816528,-0.16393524408340454,-0.07867485284805298,-0.012941915541887283,1.4963490962982178,-0.7480412125587463
1763596011.215838,-1.1244646329343317,-0.42253918361663817,-0.09836085937842726,0.13323701918125153,0.4497673809528351,1.6239100694656372,,,,,,
1763596011.221414,,,,,,,0.149793803691864,-0.14937728643417358,-0.077871173620224,-0.07332456111907959,1.4345285892486572,-0.7250189781188965
1763596011.225891,-1.0601473513245583,-0.5792391269780696,-0.29993221012353893,0.15155930817127228,0.43869706988334656,1.455960988998413,,,,,,
1763596011.231444,,,,,,,0.14276450872421265,-0.10774433612823486,-0.07964375615119934,0.004906608723104,1.3667726516723633,-0.6749748587608337
1763596011.235944,-0.9872609788119793,-0.49589068942293524,-0.2328103924870491,0.150347039103508,0.40638652443885803,1.3162710666656494,,,,,,
1763596011.241475,,,,,,,0.14638227224349976,-0.06997412443161011,-0.10605767369270325,0.11241868138313293,1.2914183139801025,-0.6250344514846802
1763596011.245997,-0.8809165733337402,-0.2953776155591011,-0.06768529673814773,0.1225375309586525,0.30841925740242004,1.2021288871765137,,,,,,
1763596011.251506,,,,,,,0.14946317672729492,-0.04331010580062866,-0.14121481776237488,0.25022491812705994,1.2046104669570923,-0.595734715461731
1763596011.25605,-0.8072966258496046,-0.21352204691022633,-0.03444382913261652,0.09233861416578293,0.22805728018283844,1.0803989171981812,,,,,,
1763596011.261536,,,,,,,0.1453379988670349,-0.055885255336761475,-0.1453530490398407,0.2624882459640503,1.1310478448867798,-0.5987038612365723
1763596011.266102,-0.6964478946894407,-0.21561039749160407,-0.24772636819854377,0.07349707931280136,0.1929210126399994,0.9503123760223389,,,,,,
1763596011.271567,,,,,,,0.1332324743270874,-0.054189205169677734,-0.10081127285957336,0.31614187359809875,1.0659763813018799,-0.545373797416687
1763596011.276155,-0.654160074058175,-0.1606933969117701,-0.26722134226337074,0.06372568011283875,0.1527661383152008,0.8542598485946655,,,,,,
1763596011.281597,,,,,,,0.12129414081573486,-0.062094032764434814,-0.10445603728294373,0.26922762393951416,0.9890826344490051,-0.5677185654640198
1763596011.286208,-0.5661556273907423,-0.06885287921279669,-0.3976129782833159,0.07182736694812775,0.12405189126729965,0.7959292531013489,,,,,,
1763596011.291628,,,,,,,0.09955489635467529,-0.0550118088722229,-0.04461479187011719,0.18621663749217987,0.9650766253471375,-0.5599186420440674
1763596011.296261,-0.4688099364042282,0.034241146167367696,-0.37019057222008706,0.0703226774930954,0.09412648528814316,0.7764375805854797,,,,,,
1763596011.301659,,,,,,,0.09121090173721313,-0.05254560708999634,-0.014504998922348022,0.10592899471521378,0.8914737701416016,-0.5620962977409363
1763596011.306314,-0.3797819919079542,0.17086963075026868,-0.3201671889007091,0.05383643880486488,0.08698676526546478,0.7849774360656738,,,,,,
1763596011.311689,,,,,,,0.08672356605529785,-0.046105802059173584,0.0003859996795654297,0.05133378133177757,0.8383820652961731,-0.5562984347343445
1763596011.316367,-0.17385726825892925,0.32526158943027256,-0.28554391154795883,0.029479969292879105,0.08069717884063721,0.8058374524116516,,,,,,
1763596011.32172,,,,,,,0.07912027835845947,-0.04275578260421753,-0.008543819189071655,0.03561021015048027,0.7744637727737427,-0.5784769654273987
1763596011.32642,-0.034918753167986864,0.371397317661345,-0.23314517739936708,0.011501796543598175,0.05333121120929718,0.8220406174659729,,,,,,
1763596011.331751,,,,,,,0.06719803810119629,-0.04458749294281006,-0.01463460922241211,0.036460041999816895,0.7445069551467896,-0.5966981053352356
1763596011.336473,0.054500820994377135,0.3347116278860718,-0.16269143886119125,-0.012584632262587547,-0.020340612158179283,0.8356136679649353,,,,,,
1763596011.341781,,,,,,,0.058907926082611084,-0.03582632541656494,-0.03970196843147278,0.11427414417266846,0.7108808159828186,-0.5851982831954956
1763596011.346526,-0.08622691560089588,0.1584196067608893,-0.1480475580893457,-0.032005053013563156,-0.0680278092622757,0.8348424434661865,,,,,,
1763596011.351812,,,,,,,0.05366814136505127,-0.05476510524749756,-0.09186431765556335,0.11334538459777832,0.673944890499115,-0.607650876045227
1763596011.356579,-0.2518979547947645,-0.07195537527278065,-0.2842554791726172,-0.043373022228479385,-0.06431029736995697,0.8029494881629944,,,,,,
1763596011.361842,,,,,,,0.051055848598480225,-0.08164787292480469,-0.11139962077140808,0.08084337413311005,0.6350957751274109,-0.590258002281189
1763596011.366632,-0.3389940544456243,-0.20969825083836913,-0.3632686640024185,-0.042485129088163376,-0.05949757620692253,0.7484901547431946,,,,,,
1763596011.371873,,,,,,,0.05754631757736206,-0.10370707511901855,-0.11387264728546143,0.0018229885026812553,0.5692877173423767,-0.5813206434249878
1763596011.376684,-0.26078502560555933,-0.24874836819004267,-0.38242344632744785,-0.028801003471016884,-0.061020635068416595,0.6846904158592224,,,,,,
1763596011.381904,,,,,,,0.05698561668395996,-0.10122644901275635,-0.08653363585472107,-0.09450966864824295,0.5138553380966187,-0.5526689887046814
1763596011.386737,-0.16764496961534023,-0.2206130280844867,-0.24499898906126616,-0.01950198784470558,-0.09766924381256104,0.6285738348960876,,,,,,
1763596011.391934,,,,,,,0.05108845233917236,-0.08866411447525024,-0.06130027770996094,-0.13013184070587158,0.4485730230808258,-0.5142965316772461
1763596011.39679,-0.22603812187314032,-0.2954438126631081,-0.07195932079553603,-0.026065614074468613,-0.1339859813451767,0.5773903131484985,,,,,,
1763596011.401965,,,,,,,0.03627687692642212,-0.09480893611907959,-0.05717873573303223,-0.19937269389629364,0.40069445967674255,-0.5140954256057739
1763596011.406843,-0.24938392614722252,-0.34890981071703137,-0.09232669378072023,-0.039221007376909256,-0.1359879970550537,0.5364480018615723,,,,,,
1763596011.411996,,,,,,,0.025060176849365234,-0.09504938125610352,-0.03947731852531433,-0.19217807054519653,0.3612719476222992,-0.48206090927124023
1763596011.416896,-0.35266251431405543,-0.3186979931309819,0.02733677360638976,-0.06639084219932556,-0.16138547658920288,0.5125016570091248,,,,,,
1763596011.422026,,,,,,,0.030788421630859375,-0.08259600400924683,-0.07128605246543884,-0.08423402905464172,0.30962634086608887,-0.43992677330970764
1763596011.426949,-0.6276017374783754,-0.38372287502083924,0.08570493755340576,-0.09691815078258514,-0.18321143090724945,0.47714680433273315,,,,,,
1763596011.432057,,,,,,,0.03885751962661743,-0.06468051671981812,-0.12349821627140045,0.012952696532011032,0.26240262389183044,-0.4108642637729645
1763596011.437002,-0.85087156368196,-0.4624318527396768,-0.017006079858541488,-0.11658426374197006,-0.17250365018844604,0.4089355170726776,,,,,,
1763596011.442088,,,,,,,0.04567408561706543,-0.06276142597198486,-0.14742454886436462,0.10156085342168808,0.22232072055339813,-0.35341671109199524
1763596011.447055,-0.99039284709692,-0.5314552662137896,-0.04286781247630715,-0.1319052278995514,-0.1512492448091507,0.3088153898715973,,,,,,
1763596011.452118,,,,,,,0.061929404735565186,-0.08448219299316406,-0.16933906078338623,0.1168709397315979,0.14028097689151764,-0.3065919280052185
1763596011.457108,-0.9572241524666547,-0.5221417866844683,-0.04314136872068047,-0.13278672099113464,-0.16598664224147797,0.20895802974700928,,,,,,
1763596011.462149,,,,,,,0.07247364521026611,-0.10506385564804077,-0.16106006503105164,0.09349344670772552,0.05828464776277542,-0.23312383890151978
1763596011.467161,-0.8345031972050666,-0.40978261442873626,0.029238807835429904,-0.13416412472724915,-0.16789498925209045,0.13313326239585876,,,,,,
1763596011.47218,,,,,,,0.06585091352462769,-0.13982945680618286,-0.1545347422361374,-0.04850411415100098,-0.007767871022224426,-0.221566841006279
1763596011.477213,-0.6315531054526567,-0.32018618586212394,-0.11469605423808098,-0.128029003739357,-0.1356174796819687,0.08999430388212204,,,,,,
1763596011.48221,,,,,,,0.05168527364730835,-0.14212864637374878,-0.09607326984405518,-0.1852201521396637,-0.058728523552417755,-0.17528456449508667
1763596011.487266,-0.43978491744995113,-0.11105355128357186,-0.009088000210374593,-0.12039439380168915,-0.14960618317127228,0.09394242614507675,,,,,,
1763596011.492241,,,,,,,0.05826997756958008,-0.11963850259780884,-0.07218030095100403,-0.26666978001594543,-0.15188243985176086,-0.13089266419410706
1763596011.497319,-0.37459728274643417,0.02892398799890652,0.05672814165502786,-0.11231543123722076,-0.15073882043361664,0.10933469235897064,,,,,,
1763596011.502271,,,,,,,0.05917060375213623,-0.10055732727050781,-0.057938382029533386,-0.3237253427505493,-0.1984347552061081,-0.10946647822856903
1763596011.507372,-0.3982598978847265,0.1032619475592859,0.06136208506599068,-0.12396805733442307,-0.1306617707014084,0.11303338408470154,,,,,,
1763596011.512302,,,,,,,0.04700648784637451,-0.08343696594238281,-0.05070483684539795,-0.2918206453323364,-0.23275810480117798,-0.0961804986000061
1763596011.517425,-0.5336714078933,0.08070750372544862,0.2841080335259437,-0.148301899433136,-0.1333526223897934,0.08935468643903732,,,,,,
1763596011.522333,,,,,,,0.04757857322692871,-0.07209235429763794,-0.0737076997756958,-0.20478348433971405,-0.26485371589660645,-0.08492305129766464
1763596011.527478,-0.7656149544179439,0.027544963863817974,0.38078079368695616,-0.18059715628623962,-0.13928338885307312,0.03764716908335686,,,,,,
1763596011.532363,,,,,,,0.05785912275314331,-0.05949646234512329,-0.10015058517456055,-0.14058524370193481,-0.2891220450401306,-0.08543457835912704
1763596011.537531,-0.9348264426976441,-0.0017568901373073457,0.25873291538134213,-0.19877509772777557,-0.12274330854415894,-0.03807715326547623,,,,,,
1763596011.542394,,,,,,,0.0627782940864563,-0.06468957662582397,-0.12391030788421631,-0.05218693986535072,-0.3089524805545807,-0.07256591320037842
1763596011.547584,-0.9562661210894584,0.03320647849054076,0.1916401777088642,-0.19996817409992218,-0.10303152352571487,-0.11699061840772629,,,,,,
1763596011.552426,,,,,,,0.06052684783935547,-0.08936536312103271,-0.145614892244339,-0.030243556946516037,-0.31070005893707275,-0.056663647294044495
1763596011.557637,-0.8602472947925329,0.062257791796699165,0.13963424227014185,-0.1935099959373474,-0.07278919965028763,-0.19705615937709808,,,,,,
1763596011.562456,,,,,,,0.055079102516174316,-0.08488523960113525,-0.13048183917999268,-0.09194047749042511,-0.32189303636550903,-0.03555835783481598
1763596011.567691,-0.5459422759234905,0.13998389595802874,0.09830357623323797,-0.1834418922662735,-0.047945424914360046,-0.25825172662734985,,,,,,
1763596011.572487,,,,,,,0.05183964967727661,-0.06325876712799072,-0.08262580633163452,-0.18002276122570038,-0.3482751250267029,0.023312412202358246
1763596011.577743,-0.24323709395527837,0.24649772145273163,0.21214505946859716,-0.17895792424678802,-0.054064035415649414,-0.2712537944316864,,,,,,
1763596011.582517,,,,,,,0.049735426902770996,-0.06386160850524902,-0.05590087175369263,-0.2271633744239807,-0.4012395441532135,0.07592581957578659
1763596011.587795,-0.0346644861459732,0.22312356786699963,0.29816227784156796,-0.18958832323551178,-0.05319627374410629,-0.2538643777370453,,,,,,
1763596011.592548,,,,,,,0.034673452377319336,-0.07223433256149292,-0.035173624753952026,-0.25556010007858276,-0.427693247795105,0.10362529009580612
1763596011.597848,0.05030570739209651,0.13371546494672074,0.27625205932855607,-0.19567205011844635,-0.03964504599571228,-0.23340943455696106,,,,,,
1763596011.602579,,,,,,,0.01996070146560669,-0.04427456855773926,-0.007021605968475342,-0.22457343339920044,-0.4473375082015991,0.12654125690460205
1763596011.607901,-0.0590250204205513,0.04173884497899562,0.21821955707669258,-0.1879684329032898,-0.04192446917295456,-0.225658118724823,,,,,,
1763596011.612609,,,,,,,0.016825616359710693,-0.010733962059020996,-0.009618520736694336,-0.11555995792150497,-0.4752711355686188,0.15334011614322662
1763596011.617954,-0.3130360218465328,-0.00732181252175942,0.1174155423298478,-0.17526115477085114,-0.04321051016449928,-0.24419346451759338,,,,,,
1763596011.62264,,,,,,,0.01655435562133789,-0.0060430169105529785,-0.036200881004333496,-0.03196919336915016,-0.47899559140205383,0.16637682914733887
1763596011.628007,-0.5259042810231447,-0.014158544940315185,0.03835997966304421,-0.1634090542793274,-0.019478553906083107,-0.28610557317733765,,,,,,
1763596011.632671,,,,,,,0.012900471687316895,-0.020949184894561768,-0.05332502722740173,0.012492235749959946,-0.47286179661750793,0.18630646169185638
1763596011.63806,-0.6265466754674911,-0.02702036460097879,0.09719912212267517,-0.16020022332668304,0.008467060513794422,-0.344357967376709,,,,,,
1763596011.642701,,,,,,,0.019504070281982422,-0.04399031400680542,-0.08130538463592529,0.02822672575712204,-0.4893728494644165,0.22368872165679932
1763596011.648113,-0.5919312891602516,-0.039538631520979105,0.16033566951528191,-0.16382741928100586,0.025223270058631897,-0.40500667691230774,,,,,,
1763596011.652732,,,,,,,0.03309047222137451,-0.06558746099472046,-0.10128727555274963,-0.003926858771592379,-0.516603410243988,0.24995940923690796
1763596011.658166,-0.43722295800745486,-0.036915406877920026,0.1684076245509088,-0.17071008682250977,0.03500239923596382,-0.45036667585372925,,,,,,
1763596011.662762,,,,,,,0.028591394424438477,-0.07958298921585083,-0.0932455062866211,-0.009969571605324745,-0.5190918445587158,0.29655301570892334
1763596011.668219,-0.3299199366301298,-0.05230711034238338,0.2811981374286115,-0.17834238708019257,0.025757981464266777,-0.47684070467948914,,,,,,
1763596011.672793,,,,,,,0.026414811611175537,-0.0890844464302063,-0.09687399864196777,0.01855359971523285,-0.5474438667297363,0.33929312229156494
1763596011.678272,-0.4078448878318071,-0.16142477992624044,0.2826747858524322,-0.1841677874326706,0.018463581800460815,-0.49453046917915344,,,,,,
1763596011.682824,,,,,,,0.033343374729156494,-0.09374338388442993,-0.10960951447486877,0.04985452815890312,-0.5709023475646973,0.3770056366920471
1763596011.688325,-0.5185562563478946,-0.2700420987725258,0.1907820995748043,-0.19034656882286072,0.037976499646902084,-0.526304304599762,,,,,,
1763596011.692854,,,,,,,0.04345148801803589,-0.09299594163894653,-0.1263430118560791,0.08065032958984375,-0.6126598715782166,0.41747191548347473
1763596011.698377,-0.5716033714026212,-0.2950239798158407,0.08256839309334754,-0.1874043196439743,0.06026050075888634,-0.5791435837745667,,,,,,
1763596011.702885,,,,,,,0.05556142330169678,-0.08260899782180786,-0.12878647446632385,0.11628875136375427,-0.6588252782821655,0.48702940344810486
1763596011.70843,-0.6225193196475506,-0.2596227038279176,0.12039748075008391,-0.18538333475589752,0.050954993814229965,-0.6473970413208008,,,,,,
1763596011.712916,,,,,,,0.06287378072738647,-0.07302945852279663,-0.1390368938446045,0.1466311812400818,-0.7215374112129211,0.5437209606170654
1763596011.718483,-0.6625830344885587,-0.21244470000229776,0.1857176557920873,-0.1881900280714035,0.038135066628456116,-0.7156829237937927,,,,,,
1763596011.722946,,,,,,,0.06157636642456055,-0.08889299631118774,-0.14357343316078186,0.11670684069395065,-0.774377703666687,0.5947854518890381
1763596011.728536,-0.5700602336138486,-0.1615123851444572,0.18895605319142342,-0.1961822211742401,0.041949037462472916,-0.7801336646080017,,,,,,
1763596011.732977,,,,,,,0.05711156129837036,-0.11430656909942627,-0.13364285230636597,0.0860886350274086,-0.8305767774581909,0.6417810916900635
1763596011.738589,-0.5046621710300445,-0.12905249637067318,0.19497516735047102,-0.20099028944969177,0.036114051938056946,-0.8240339756011963,,,,,,
1763596011.743008,,,,,,,0.06254452466964722,-0.12367242574691772,-0.13628628849983215,0.049065906554460526,-0.8921866416931152,0.6783090233802795
1763596011.748642,-0.46236733613610265,-0.14310622922964394,0.09362389398440718,-0.19263944029808044,0.028079885989427567,-0.8528956174850464,,,,,,
1763596011.753037,,,,,,,0.0687592625617981,-0.10268431901931763,-0.12276452779769897,-0.016536228358745575,-0.9436924457550049,0.6889676451683044
1763596011.758695,-0.436249144539237,-0.14625950562879442,-0.08499415893554688,-0.17444926500320435,0.031261567026376724,-0.8693153858184814,,,,,,
1763596011.763069,,,,,,,0.08010464906692505,-0.05557548999786377,-0.08260181546211243,-0.013224588707089424,-1.0067932605743408,0.7315739393234253
1763596011.768748,-0.4164981498867273,-0.10233816551156341,0.03339475847110152,-0.1834745854139328,0.007212317548692226,-0.870309591293335,,,,,,
1763596011.773099,,,,,,,0.09922480583190918,-0.023614585399627686,-0.08414080739021301,0.03146517649292946,-1.0716098546981812,0.7601979970932007
1763596011.778801,-0.47267654870450493,-0.044885435909032816,0.2579297823049128,-0.22321747243404388,-0.015374217182397842,-0.8753405213356018,,,,,,
1763596011.78313,,,,,,,0.09682965278625488,-0.014567375183105469,-0.0972827672958374,0.03985226899385452,-1.1042945384979248,0.7448438405990601
1763596011.788854,-0.41786008588969703,0.010982435654848813,0.2232721642911434,-0.2658662796020508,0.0037025732453912497,-0.8988735675811768,,,,,,
1763596011.793161,,,,,,,0.07915908098220825,-0.01939636468887329,-0.09524691104888916,0.034970685839653015,-1.1207270622253418,0.7336710095405579
1763596011.798906,-0.33839725759625433,0.1268261986233294,0.15124854608774185,-0.28551191091537476,0.018997106701135635,-0.9336437582969666,,,,,,
1763596011.803191,,,,,,,0.07472741603851318,-0.020148932933807373,-0.07980430126190186,-0.019616393372416496,-1.1385878324508667,0.7330571413040161
1763596011.808959,-0.32349019584357736,0.18298793856725096,0.1061246252477169,-0.28531771898269653,-0.013667435385286808,-0.9596067070960999,,,,,,
1763596011.813222,,,,,,,0.0774221420288086,-0.022442281246185303,-0.06742942333221436,-0.07134485244750977,-1.1629019975662231,0.7443609237670898
1763596011.819012,-0.37812896400392054,0.12295929406210779,0.0761291538260877,-0.2713624835014343,-0.06589708477258682,-0.9727047085762024,,,,,,
1763596011.823253,,,,,,,0.07873594760894775,-0.058039844036102295,-0.0813789963722229,-0.19379672408103943,-1.1885614395141602,0.7301385998725891
1763596011.829065,-0.3926280294775963,0.06108297586366534,-0.060641661836951966,-0.25263074040412903,-0.09670516103506088,-0.9811626076698303,,,,,,
1763596011.833283,,,,,,,0.08383595943450928,-0.09234046936035156,-0.07458069920539856,-0.22300323843955994,-1.224054217338562,0.762315571308136
1763596011.839118,-0.4156698823690414,0.017408961571007967,0.04709244443401694,-0.2598918676376343,-0.13645869493484497,-0.9909140467643738,,,,,,
1763596011.843314,,,,,,,0.10473799705505371,-0.10059911012649536,-0.11176043748855591,-0.22069773077964783,-1.2891114950180054,0.7796567678451538
1763596011.849171,-0.46523441600501536,0.015208236656337975,0.08207403370514511,-0.2917945981025696,-0.17175142467021942,-1.0363229513168335,,,,,,
1763596011.853345,,,,,,,0.12799543142318726,-0.08306622505187988,-0.14115023612976074,-0.2248573899269104,-1.3574389219284058,0.8061801195144653
1763596011.859224,-0.36223406025767324,0.18075345751345157,-0.02747705885991454,-0.31129318475723267,-0.18432047963142395,-1.12155282497406,,,,,,
1763596011.863375,,,,,,,0.15504443645477295,-0.06817340850830078,-0.10939794778823853,-0.2417985498905182,-1.4415663480758667,0.8449501991271973
1763596011.869277,-0.3738859196066856,0.431260250210762,-0.04936535780206323,-0.313075453042984,-0.21326906979084015,-1.223019003868103,,,,,,
1763596011.873406,,,,,,,0.17435359954833984,-0.052252352237701416,-0.0669630765914917,-0.28313684463500977,-1.5443979501724243,0.8926585912704468
1763596011.87933,-0.5066472073674202,0.6071968089617789,-0.08664864814430474,-0.30009838938713074,-0.2891278862953186,-1.3077336549758911,,,,,,
1763596011.883436,,,,,,,0.1742006540298462,-0.05547541379928589,-0.03513208031654358,-0.3587873876094818,-1.6450717449188232,0.9283462762832642
1763596011.889383,-0.5424047494471073,0.7116134612478315,-0.17974632629752157,-0.2834551930427551,-0.34251293540000916,-1.3518869876861572,,,,,,
1763596011.893467,,,,,,,0.14392566680908203,-0.08274030685424805,0.0010117292404174805,-0.4349238872528076,-1.6711814403533936,0.9618254899978638
1763596011.899436,-0.44462066704332825,0.7341210611321032,-0.2989196720801294,-0.26931434869766235,-0.3359716832637787,-1.357143759727478,,,,,,
1763596011.903498,,,,,,,0.10860615968704224,-0.08656936883926392,0.03145855665206909,-0.3933314085006714,-1.6720786094665527,1.013208031654358
1763596011.909488,-0.4555114788919687,0.5864195400014519,-0.3258041718743741,-0.26160889863967896,-0.3146192729473114,-1.335863471031189,,,,,,
1763596011.913528,,,,,,,0.08941835165023804,-0.06351327896118164,0.01161205768585205,-0.1938128024339676,-1.6713519096374512,1.069674015045166
1763596011.919541,-0.6075970603257417,0.3251683581888675,-0.2714507965266704,-0.2531709372997284,-0.29741525650024414,-1.3337323665618896,,,,,,
1763596011.923559,,,,,,,0.08000689744949341,-0.040615200996398926,-0.04750269651412964,-0.016758665442466736,-1.672654151916504,1.0867997407913208
1763596011.929594,-0.7033434994220733,0.046537002508342265,-0.28565117131471635,-0.2359209805727005,-0.2618429660797119,-1.3897438049316406,,,,,,
1763596011.93359,,,,,,,0.06773331761360168,-0.054237544536590576,-0.06749850511550903,0.1212053969502449,-1.6614561080932617,1.1195114850997925
1763596011.939647,-0.6964157459855079,-0.135151397767663,-0.2440344548780471,-0.20142585039138794,-0.26189330220222473,-1.4935517311096191,,,,,,
1763596011.94362,,,,,,,0.06537920236587524,-0.09840518236160278,-0.07325518131256104,0.144574373960495,-1.6544312238693237,1.1685277223587036
1763596011.9497,-0.6655296093344688,-0.23951164369136094,-0.20234525772705672,-0.15917757153511047,-0.2911412715911865,-1.6146923303604126,,,,,,
1763596011.953651,,,,,,,0.06957146525382996,-0.11581391096115112,-0.05017131567001343,0.025807930156588554,-1.6617058515548706,1.197662115097046
1763596011.959753,-0.5167231957018376,-0.2239803125604987,-0.2797952848933637,-0.10955728590488434,-0.3139328956604004,-1.7025192975997925,,,,,,
1763596011.963681,,,,,,,0.07627153396606445,-0.14529168605804443,-0.001266181468963623,-0.1168040782213211,-1.6804646253585815,1.269909143447876
1763596011.969806,-0.3532692480355501,-0.11776011798381805,-0.24221052738651633,-0.06879658997058868,-0.3390776216983795,-1.7397676706314087,,,,,,
1763596011.973712,,,,,,,0.08675971627235413,-0.1680707335472107,0.016715288162231445,-0.2601461708545685,-1.7169076204299927,1.3016425371170044
1763596011.979859,-0.21581015784740445,-0.007537117506563663,-0.11224814962930976,-0.04458872601389885,-0.3815616965293884,-1.7240616083145142,,,,,,
1763596011.983743,,,,,,,0.08551663160324097,-0.15690308809280396,0.007021903991699219,-0.2313089221715927,-1.7372467517852783,1.3641364574432373
1763596011.989912,-0.17987550563514232,-0.006603928309679031,0.03515679970756173,-0.045739952474832535,-0.43052563071250916,-1.6779704093933105,,,,,,
1763596011.993773,,,,,,,0.07200998067855835,-0.14336752891540527,-0.059544920921325684,-0.11968737840652466,-1.7220813035964966,1.4045295715332031
1763596011.999965,-0.3123030313968658,-0.1607622243642807,-0.042717882611602545,-0.05575583502650261,-0.4432464838027954,-1.6479051113128662,,,,,,
1763596012.003804,,,,,,,0.05228486657142639,-0.1115310788154602,-0.12136781215667725,0.06398843973875046,-1.7136743068695068,1.465219497680664
1763596012.010018,-0.43245559747517104,-0.35890959201008077,-0.2381166822016239,-0.06246649846434593,-0.38288700580596924,-1.6705913543701172,,,,,,
1763596012.013835,,,,,,,0.05708661675453186,-0.08647650480270386,-0.15649622678756714,0.14265118539333344,-1.7125325202941895,1.487557291984558
1763596012.02007,-0.4523766879975796,-0.5265946013748646,-0.2737093160431832,-0.05809757858514786,-0.32886263728141785,-1.7502132654190063,,,,,,
1763596012.023865,,,,,,,0.07488620281219482,-0.06164717674255371,-0.07701772451400757,0.10478663444519043,-1.7229114770889282,1.5473518371582031
1763596012.030123,-0.5167419004023075,-0.6275011997133493,-0.0667898822683841,-0.05038738250732422,-0.3599083125591278,-1.850281834602356,,,,,,
1763596012.033896,,,,,,,0.1060904860496521,-0.044229090213775635,-0.0006111860275268555,0.07414208352565765,-1.777720332145691,1.6263673305511475
1763596012.040176,-0.5451268678873777,-0.6290493059381842,0.1409152950566262,-0.054688386619091034,-0.42390912771224976,-1.9371289014816284,,,,,,
1763596012.043927,,,,,,,0.12162065505981445,-0.054737389087677,0.03963637351989746,-0.10130324214696884,-1.8319820165634155,1.6118789911270142
1763596012.050229,-0.3184375886291265,-0.37422318873703475,0.15364968894533812,-0.07395566999912262,-0.46113264560699463,-1.9742358922958374,,,,,,
1763596012.053957,,,,,,,0.11223332583904266,-0.04205811023712158,0.1329554319381714,-0.1516905426979065,-1.8388707637786865,1.6361886262893677
1763596012.060282,-0.10944295601546764,-0.0005915361523628235,0.1590798973005265,-0.0973491445183754,-0.4802000820636749,-1.9420089721679688,,,,,,
1763596012.063988,,,,,,,0.09925436973571777,-0.002066314220428467,0.12976205348968506,-0.056794922798871994,-1.8436086177825928,1.6273491382598877
1763596012.070335,-0.07407119838297367,0.2530927175372839,-0.028280411132052537,-0.10943078994750977,-0.45160120725631714,-1.866304874420166,,,,,,
1763596012.074018,,,,,,,0.06687216460704803,0.0385136604309082,0.05602353811264038,0.031132938340306282,-1.8057667016983032,1.5681015253067017
1763596012.080388,0.03106616939306259,0.4360743724942207,-0.2946247513651848,-0.10806697607040405,-0.38577958941459656,-1.802331805229187,,,,,,
1763596012.084048,,,,,,,0.031409189105033875,0.017188072204589844,0.0019345879554748535,0.1281883865594864,-1.7400318384170532,1.5327379703521729
1763596012.090441,0.1521095468312502,0.4146370321899652,-0.24897359178066253,-0.10004109889268875,-0.3691135048866272,-1.7750637531280518,,,,,,
1763596012.09408,,,,,,,0.021931588649749756,-0.022815167903900146,-0.04893624782562256,0.1232304722070694,-1.6963222026824951,1.5092599391937256
1763596012.100494,0.1383849728614092,0.13314005794525147,-0.15338913831301032,-0.09106677770614624,-0.4039074182510376,-1.78751540184021,,,,,,
1763596012.10411,,,,,,,0.03140285611152649,-0.02731531858444214,-0.06983065605163574,0.14795498549938202,-1.6871265172958374,1.544538140296936
1763596012.110547,0.15648060152232646,-0.21371640043854712,0.007882862204313277,-0.09307015687227249,-0.4467766284942627,-1.8347492218017578,,,,,,
1763596012.114141,,,,,,,0.05148753523826599,-0.04523110389709473,-0.07410287857055664,0.19732460379600525,-1.6965160369873047,1.6188585758209229
1763596012.1206,0.11852584165930748,-0.5686480287283658,0.23136775593068448,-0.11209018528461456,-0.470324844121933,-1.9055235385894775,,,,,,
1763596012.124172,,,,,,,0.06374968588352203,-0.05509835481643677,-0.0673031210899353,0.19799146056175232,-1.7280335426330566,1.6351301670074463
1763596012.130653,0.06855681887567043,-0.815466488301754,0.35975448186900466,-0.1501033753156662,-0.49529117345809937,-1.982614278793335,,,,,,
1763596012.134202,,,,,,,0.07023240625858307,-0.049136579036712646,-0.014287292957305908,0.2053438127040863,-1.7689518928527832,1.7086601257324219
1763596012.140705,-0.02990413987636566,-0.844168851172924,0.26258710659146306,-0.16360905766487122,-0.4992366433143616,-2.0584144592285156,,,,,,
1763596012.144233,,,,,,,0.09003350883722305,-0.02488631010055542,0.04015219211578369,0.08571914583444595,-1.8442000150680542,1.6963512897491455
1763596012.150758,0.0231271930873394,-0.4894529114603996,0.010183540362119674,-0.1447674036026001,-0.48189154267311096,-2.1079952716827393,,,,,,
1763596012.154264,,,,,,,0.09776623547077179,-0.00748443603515625,0.12620669603347778,-0.008900717832148075,-1.8818191289901733,1.7290323972702026
1763596012.160811,0.04751578441262245,0.03296761910021305,-0.015194062000513075,-0.12183360010385513,-0.5050807595252991,-2.091299533843994,,,,,,
1763596012.164294,,,,,,,0.10196875780820847,0.0034651756286621094,0.1654842495918274,-0.10345172882080078,-1.8873456716537476,1.7418028116226196
1763596012.170864,-0.028182138389348983,0.4159884467989206,-0.028917466926574705,-0.11644194275140762,-0.5281291007995605,-1.997308373451233,,,,,,
1763596012.174325,,,,,,,0.0855225920677185,0.044144630432128906,0.14783358573913574,-0.12357206642627716,-1.8505873680114746,1.7171722650527954
1763596012.180917,-0.06091185708045959,0.6512053159058093,-0.1283060984501615,-0.1409672647714615,-0.4712120592594147,-1.8575736284255981,,,,,,
1763596012.184355,,,,,,,0.05597188323736191,0.04343461990356445,0.08982396125793457,-0.0227341391146183,-1.7825119495391846,1.692310094833374
1763596012.19097,-0.0782353323251009,0.6617313860952854,-0.19080898758172987,-0.19672109186649323,-0.3515019416809082,-1.7326126098632812,,,,,,
1763596012.194385,,,,,,,0.0387883260846138,0.041123926639556885,0.02366548776626587,0.19464436173439026,-1.715247392654419,1.6618969440460205
1763596012.201023,-0.1977747349411249,0.32824060524106025,-0.24211711348202078,-0.2510266900062561,-0.21628686785697937,-1.6829707622528076,,,,,,
1763596012.204417,,,,,,,0.0343768447637558,0.038955509662628174,-0.03843945264816284,0.37112486362457275,-1.670192837715149,1.6400598287582397
1763596012.211076,-0.3780219964981079,-0.10861702658534049,-0.2583831886282191,-0.2883230447769165,-0.1045047789812088,-1.728961706161499,,,,,,
1763596012.214447,,,,,,,0.039798811078071594,0.007414698600769043,-0.05412888526916504,0.41669511795043945,-1.6671181917190552,1.6181457042694092
1763596012.221129,-0.35317572453320023,-0.34997663623094555,-0.18211360341813415,-0.3099452257156372,-0.049634870141744614,-1.8565924167633057,,,,,,
1763596012.224478,,,,,,,0.0634918212890625,-0.05738121271133423,-0.004950225353240967,0.3460502326488495,-1.7178058624267578,1.6594287157058716
1763596012.231182,-0.11505728876590728,-0.18735212512612343,-0.029154782813787458,-0.2905782461166382,-0.07564904540777206,-2.001633644104004,,,,,,
1763596012.234509,,,,,,,0.1092294305562973,-0.08531707525253296,0.06339973211288452,0.0493212565779686,-1.840163230895996,1.6366446018218994
1763596012.241235,0.2288806518226862,0.3536702300518751,0.011674071180820464,-0.22385382652282715,-0.19632913172245026,-2.10526442527771,,,,,,
1763596012.244539,,,,,,,0.13932281732559204,-0.0713319182395935,0.18194806575775146,-0.39541810750961304,-1.9104595184326172,1.56524658203125
1763596012.251287,0.4300362613737583,1.0064444027096033,0.029999964933656153,-0.11535487323999405,-0.4559568762779236,-2.0895960330963135,,,,,,
1763596012.25457,,,,,,,0.15592055022716522,-0.03790527582168579,0.3113342523574829,-0.6783222556114197,-1.9626332521438599,1.6201934814453125
1763596012.26134,0.20572540168464182,1.3940367761075496,0.07709726820588111,-0.026262547820806503,-0.7511698603630066,-1.9124616384506226,,,,,,
1763596012.2646,,,,,,,0.18192920088768005,0.0460965633392334,0.26194971799850464,-0.7590966820716858,-2.0254547595977783,1.6148059368133545
1763596012.271393,0.08810206182301043,1.5686019003748892,-0.09999419620130211,-0.03300971910357475,-0.8686216473579407,-1.6170655488967896,,,,,,
1763596012.274631,,,,,,,0.16988429427146912,0.11897605657577515,0.11727601289749146,-0.6565961837768555,-1.9887205362319946,1.544217586517334
1763596012.281446,0.14110592225790022,1.5892665027409791,-0.41884500527381896,-0.12317716330289841,-0.6839591264724731,-1.3142766952514648,,,,,,
1763596012.284662,,,,,,,0.12529340386390686,0.13089418411254883,-0.005265653133392334,-0.40112897753715515,-1.845341444015503,1.4436044692993164
1763596012.291499,-0.05839607486724853,1.2165747613549232,-0.40700723143126816,-0.2624189257621765,-0.35958969593048096,-1.1378841400146484,,,,,,
1763596012.294692,,,,,,,0.09541651606559753,0.1400628685951233,-0.09390294551849365,-0.034284673631191254,-1.6790497303009033,1.3803879022598267
1763596012.301552,-0.6030056408822536,0.42585108464360233,0.023458032476902008,-0.3854990303516388,-0.13324737548828125,-1.1489146947860718,,,,,,
1763596012.304723,,,,,,,0.09460863471031189,0.13947951793670654,-0.1278119683265686,0.2726733982563019,-1.55535089969635,1.3519765138626099
1763596012.311605,-1.0664087498068808,-0.2840209397643804,0.42601241268515583,-0.46144169569015503,-0.07778478413820267,-1.3163851499557495,,,,,,
1763596012.314754,,,,,,,0.09890797734260559,0.08769434690475464,-0.08457791805267334,0.4034697711467743,-1.4764268398284912,1.3712087869644165
1763596012.321658,-1.2865449541598557,-0.6952426105529069,0.584535954744555,-0.47902175784111023,-0.14478778839111328,-1.5889064073562622,,,,,,
1763596012.324784,,,,,,,0.10037663578987122,0.00971996784210205,-0.002961456775665283,0.390115350484848,-1.4642540216445923,1.4069972038269043
1763596012.331711,-1.0475585033863781,-0.7505483181893825,0.3781950149774551,-0.4282735288143158,-0.2433740645647049,-1.8815803527832031,,,,,,
1763596012.334815,,,,,,,0.09366491436958313,-0.037165164947509766,0.0637696385383606,0.2565349042415619,-1.4986791610717773,1.4340959787368774
1763596012.341764,-0.3850894506663084,-0.3842009773939848,0.040308592980168756,-0.3438457250595093,-0.3359207808971405,-2.1000452041625977,,,,,,
1763596012.344846,,,,,,,0.07676970958709717,-0.057371675968170166,0.11000734567642212,0.12236139178276062,-1.5450998544692993,1.5007983446121216
1763596012.351817,0.39281156935095785,0.13756722673773764,-0.11813424852583557,-0.27924948930740356,-0.43979793787002563,-2.16800856590271,,,,,,
1763596012.354876,,,,,,,0.05928340554237366,-0.06523609161376953,0.10955440998077393,0.026167990639805794,-1.584699034690857,1.5643335580825806
1763596012.36187,0.9893778248354792,0.4804471827059984,-0.18976156088802962,-0.24817787110805511,-0.5382682681083679,-2.0885612964630127,,,,,,
1763596012.364907,,,,,,,0.0323559045791626,-0.06389796733856201,0.06371825933456421,0.017584355548024178,-1.5906239748001099,1.6157586574554443
1763596012.371922,1.282318276375532,0.5273562333971261,-0.2628864183316007,-0.2536509335041046,-0.5903405547142029,-1.9344737529754639,,,,,,
1763596012.374937,,,,,,,0.012569814920425415,-0.052426040172576904,0.0104941725730896,0.05951044708490372,-1.5725778341293335,1.6395704746246338
1763596012.381975,1.2857058729872106,0.3527840948671102,-0.3205389448225498,-0.2879393696784973,-0.5760425925254822,-1.7811928987503052,,,,,,
1763596012.384968,,,,,,,0.014317691326141357,-0.020346879959106445,-0.007535815238952637,0.1941809058189392,-1.5589568614959717,1.7082350254058838
1763596012.392028,0.9470189847946167,0.013694763353466987,-0.2721966829905286,-0.32406580448150635,-0.5290953516960144,-1.6888515949249268,,,,,,
1763596012.394999,,,,,,,0.03740769624710083,0.016024351119995117,-0.015020132064819336,0.3335288465023041,-1.5711922645568848,1.7738053798675537
1763596012.402081,0.46503889343291516,-0.3349515010565519,-0.1814368001351133,-0.3689208924770355,-0.5068097710609436,-1.6727160215377808,,,,,,
1763596012.405029,,,,,,,0.05455142259597778,0.034179866313934326,-0.008275002241134644,0.4646104574203491,-1.5858409404754639,1.8185986280441284
1763596012.412134,0.1373179281517863,-0.5058557647287846,-0.04110595390293747,-0.4131518006324768,-0.5137544274330139,-1.7170813083648682,,,,,,
1763596012.41506,,,,,,,0.06087803840637207,0.025755703449249268,0.005058109760284424,0.5282890200614929,-1.6005269289016724,1.8723620176315308
1763596012.422187,-0.09156944567263126,-0.4955430450290441,-0.11816226904392242,-0.4283912181854248,-0.5063846707344055,-1.7981135845184326,,,,,,
1763596012.425091,,,,,,,0.06107884645462036,0.016790270805358887,0.022779226303100586,0.4217450022697449,-1.605247139930725,1.8436670303344727
1763596012.43224,-0.07900690121948718,-0.30909225265681745,-0.2763187313565984,-0.41659510135650635,-0.4986066520214081,-1.8768565654754639,,,,,,
1763596012.435121,,,,,,,0.05344128608703613,-0.011133551597595215,0.0567285418510437,0.26228442788124084,-1.5842074155807495,1.84257173538208
1763596012.442293,0.010921206986904144,-0.050913610157370566,-0.28913258368968964,-0.38664546608924866,-0.5284907817840576,-1.9186607599258423,,,,,,
1763596012.445152,,,,,,,0.05300337076187134,-0.04716283082962036,0.0844571590423584,0.0641694962978363,-1.5644397735595703,1.8518606424331665
1763596012.452346,0.14003858528733254,0.08388532091081143,-0.22441658508591353,-0.3651030659675598,-0.5941103100776672,-1.9101667404174805,,,,,,
1763596012.455183,,,,,,,0.05523347854614258,-0.04847973585128784,0.09454840421676636,-0.08291551470756531,-1.5384804010391235,1.8304004669189453
1763596012.462399,0.26119214510172606,0.15033376933038234,-0.19071783869955689,-0.3588872253894806,-0.6380615234375,-1.8555346727371216,,,,,,
1763596012.465213,,,,,,,0.05316346883773804,-0.02852410078048706,0.0965837836265564,-0.08762478083372116,-1.5028789043426514,1.8315256834030151
1763596012.472452,0.40114597471505403,0.2496200729906559,-0.21099369747638702,-0.3778188228607178,-0.643957793712616,-1.7774699926376343,,,,,,
1763596012.475244,,,,,,,0.0556567907333374,0.01272594928741455,0.09512460231781006,0.04913032427430153,-1.463155746459961,1.8350096940994263
1763596012.482505,0.4590019513562321,0.2929272997975349,-0.2357937922120094,-0.40661612153053284,-0.6278009414672852,-1.7054215669631958,,,,,,
1763596012.485274,,,,,,,0.060267746448516846,0.07295858860015869,0.08464056253433228,0.3123188316822052,-1.4306447505950928,1.8720319271087646
1763596012.492558,0.2910539071410894,0.27254443698227404,-0.286057925484702,-0.4337645471096039,-0.6014086008071899,-1.6576664447784424,,,,,,
1763596012.495305,,,,,,,0.0733063817024231,0.11597311496734619,0.0683891773223877,0.5131470561027527,-1.4029537439346313,1.8671140670776367
1763596012.50261,0.04154401652663946,0.26754268317222596,-0.25460611777491865,-0.4611799418926239,-0.5843249559402466,-1.6426517963409424,,,,,,
1763596012.505336,,,,,,,0.08181482553482056,0.11376053094863892,0.06320533156394958,0.7466674447059631,-1.379396677017212,1.9157910346984863
1763596012.512663,-0.1338876614421606,0.24046003045737743,-0.17775668685026466,-0.5019148588180542,-0.575185239315033,-1.653070092201233,,,,,,
1763596012.515366,,,,,,,0.09643769264221191,0.07567203044891357,0.05282711982727051,0.8579675555229187,-1.3679128885269165,1.9716277122497559
1763596012.522716,-0.2573436529800296,0.23500059600770473,-0.24649879916496573,-0.5319076180458069,-0.5524647831916809,-1.682803988456726,,,,,,
1763596012.525397,,,,,,,0.10444557666778564,0.06292062997817993,0.057962268590927124,0.8101111054420471,-1.353467583656311,1.9434715509414673
1763596012.532769,-0.3523630929760635,0.18069032914936542,-0.3456104038454592,-0.5499022006988525,-0.5323755741119385,-1.7261412143707275,,,,,,
1763596012.535428,,,,,,,0.10004162788391113,0.027650415897369385,0.06462565064430237,0.71607905626297,-1.332747459411621,1.9490251541137695
1763596012.542822,-0.32859453324526544,0.17673954569697378,-0.3672094375174492,-0.5492206811904907,-0.5267962217330933,-1.7639960050582886,,,,,,
1763596012.545458,,,,,,,0.10012155771255493,-0.02565920352935791,0.07293149828910828,0.5176863074302673,-1.3077949285507202,1.9313503503799438
1763596012.552875,-0.23433935561999678,0.21795359961688518,-0.3589817073982209,-0.5396808385848999,-0.5584508776664734,-1.7832964658737183,,,,,,
1763596012.555489,,,,,,,0.09884214401245117,-0.04831153154373169,0.0924578309059143,0.3436141610145569,-1.2932945489883423,1.9053289890289307
1763596012.562928,-0.08601794902533293,0.34194764355421065,-0.20649514394812285,-0.5196748971939087,-0.6387723684310913,-1.7711105346679688,,,,,,
1763596012.565519,,,,,,,0.10504639148712158,-0.04695099592208862,0.10534486174583435,0.24582475423812866,-1.2847703695297241,1.884307861328125
1763596012.572981,-0.009054536332190036,0.4814449615716934,-0.10694185991473495,-0.4859097898006439,-0.7578771710395813,-1.7285889387130737,,,,,,
1763596012.57555,,,,,,,0.11145740747451782,-0.006666779518127441,0.11414512991905212,0.27036532759666443,-1.2889541387557983,1.8562158346176147
1763596012.583034,-0.03232669084817171,0.6094400578439235,-0.07307458856105804,-0.4466646611690521,-0.8798427581787109,-1.661620855331421,,,,,,
1763596012.585581,,,,,,,0.11475342512130737,0.049272745847702026,0.10813894867897034,0.45299986004829407,-1.281351923942566,1.8460540771484375
1763596012.593087,-0.08773673564195632,0.7054857721477746,-0.07062661088705062,-0.40504831075668335,-0.9849520921707153,-1.5757908821105957,,,,,,
1763596012.595611,,,,,,,0.10659104585647583,0.0995718240737915,0.09495827555656433,0.7411309480667114,-1.254839301109314,1.8451014757156372
1763596012.60314,-0.18281389717459678,0.6967693817287683,-0.06397825891375541,-0.37160220742225647,-1.0478190183639526,-1.4793604612350464,,,,,,
1763596012.605642,,,,,,,0.09707003831863403,0.14403635263442993,0.08557891845703125,1.095527172088623,-1.2218842506408691,1.8527005910873413
1763596012.613193,-0.27756642986275254,0.6037357087224722,0.010286343149468302,-0.35564476251602173,-1.0485622882843018,-1.3743047714233398,,,,,,
1763596012.615673,,,,,,,0.08479899168014526,0.17449763417243958,0.08199441432952881,1.5350817441940308,-1.1853300333023071,1.8833762407302856
1763596012.623245,-0.2985430207874626,0.4066998094499111,0.11682736717835068,-0.35192620754241943,-0.9855387806892395,-1.2712875604629517,,,,,,
1763596012.625703,,,,,,,0.06992745399475098,0.1939101219177246,0.08856663107872009,1.9885584115982056,-1.1421761512756348,1.9163224697113037
1763596012.633298,-0.390237992535904,0.13910861096084118,0.1697930875599384,-0.3498630225658417,-0.8803231120109558,-1.17890202999115,,,,,,
1763596012.635734,,,,,,,0.044710755348205566,0.21144011616706848,0.10548436641693115,2.3786661624908447,-1.0729645490646362,1.9315520524978638
1763596012.643351,-0.47888946840260177,-0.10382336256802081,0.2170025825023651,-0.34684431552886963,-0.7677784562110901,-1.1122119426727295,,,,,,
1763596012.645764,,,,,,,0.01115262508392334,0.2058294117450714,0.1204596757888794,2.4751694202423096,-0.9530923366546631,1.8787282705307007
1763596012.653404,-0.6329422217234969,-0.30234803909361363,0.1638252651967108,-0.3349616229534149,-0.6727641224861145,-1.0748441219329834,,,,,,
1763596012.655795,,,,,,,-0.016596436500549316,0.1575148105621338,0.10769806802272797,2.3899483680725098,-0.7958558201789856,1.7899528741836548
1763596012.663457,-0.7857933807022869,-0.3327209655255079,0.15968538891300557,-0.32593271136283875,-0.596803605556488,-1.0708101987838745,,,,,,
1763596012.665826,,,,,,,-0.023479163646697998,0.06601473689079285,0.11289013922214508,2.2407424449920654,-0.5932353138923645,1.8065822124481201
1763596012.67351,-0.8978484919775277,-0.1326940677434206,0.2638319920860231,-0.3167935609817505,-0.5198200941085815,-1.0954746007919312,,,,,,
1763596012.675856,,,,,,,-0.004168868064880371,0.006286144256591797,0.12949810922145844,2.0186409950256348,-0.4280029833316803,1.7809303998947144
1763596012.683563,-0.9300663156237453,0.15969196478426456,0.3080525343455374,-0.3199422061443329,-0.443121075630188,-1.1427284479141235,,,,,,
1763596012.685887,,,,,,,0.017897725105285645,0.010254114866256714,0.14104092121124268,1.8254750967025757,-0.33321839570999146,1.7112245559692383
1763596012.693616,-0.7834600423838943,0.49256958217620844,0.2510906569998711,-0.3248095214366913,-0.37888607382774353,-1.1978503465652466,,,,,,
1763596012.695918,,,,,,,0.03852856159210205,0.024916619062423706,0.136368989944458,1.7027188539505005,-0.26314103603363037,1.666153073310852
1763596012.703669,-0.520383471775055,0.8546972594499588,0.0291638429030776,-0.32241132855415344,-0.3241139054298401,-1.2396188974380493,,,,,,
1763596012.705948,,,,,,,0.05356019735336304,0.044248998165130615,0.13090133666992188,1.6647067070007324,-0.19049108028411865,1.635764241218567
1763596012.713722,-0.1972628216299228,1.1046569396585226,-0.32301746376529333,-0.2983429729938507,-0.2537853717803955,-1.2503598928451538,,,,,,
1763596012.715978,,,,,,,0.06572568416595459,0.06470432877540588,0.11501168459653854,1.693206548690796,-0.15429578721523285,1.6075682640075684
1763596012.723774,0.15019306395174933,1.2005781507998705,-0.5841837437734008,-0.2587156891822815,-0.16920630633831024,-1.2249048948287964,,,,,,
1763596012.72601,,,,,,,0.07846736907958984,0.08837014436721802,0.10422325134277344,1.7318873405456543,-0.14584851264953613,1.5944191217422485
1763596012.733827,0.3745432144716382,1.183661502790451,-0.6204558112464845,-0.22318889200687408,-0.09706633538007736,-1.177383303642273,,,,,,
1763596012.73604,,,,,,,0.08824455738067627,0.11909735202789307,0.08772778511047363,1.6025118827819824,-0.13082881271839142,1.5274004936218262
1763596012.743881,0.45312889460436995,1.0516372971326111,-0.5760103741899132,-0.21233944594860077,-0.06207027658820152,-1.1189066171646118,,,,,,
1763596012.746071,,,,,,,0.0869702696800232,0.13301706314086914,0.053916700184345245,1.322947382926941,-0.09761174023151398,1.4211128950119019
1763596012.753932,0.46569257156867533,0.8334960659891366,-0.441882328120619,-0.22279761731624603,-0.06395145505666733,-1.0546324253082275,,,,,,
1763596012.756101,,,,,,,0.08606922626495361,0.11008302867412567,0.02318311482667923,0.9716231226921082,-0.050248753279447556,1.3636025190353394
1763596012.763985,0.5683411547362804,0.654529491892457,-0.33257688087970017,-0.2295444756746292,-0.08452597260475159,-0.9911453127861023,,,,,,
1763596012.766132,,,,,,,0.08553493022918701,0.08193245530128479,0.02480662614107132,0.5849462151527405,-0.017258046194911003,1.3089064359664917
1763596012.774038,0.7614486285187304,0.5419102439284325,-0.27301965327858924,-0.21369481086730957,-0.1186889037489891,-0.9270151257514954,,,,,,
1763596012.776163,,,,,,,0.06988966464996338,0.07625159621238708,0.05334412306547165,0.19693495333194733,-0.01916300505399704,1.194724202156067
1763596012.784091,0.9695024731509387,0.5448796151280403,-0.2251974332652986,-0.17193537950515747,-0.1765679121017456,-0.8566176295280457,,,,,,
1763596012.786193,,,,,,,0.04428291320800781,0.0797182023525238,0.08174419403076172,-0.1636868715286255,-0.023351091891527176,1.0494892597198486
1763596012.794145,1.1149679057925939,0.5790665468901396,-0.23222835481539367,-0.10873652994632721,-0.28172630071640015,-0.7867898941040039,,,,,,
1763596012.796224,,,,,,,0.01955258846282959,0.08776591718196869,0.09227026253938675,-0.42866456508636475,-0.007531914860010147,0.9348804950714111
1763596012.804198,1.1422438891224562,0.5900099657088518,-0.3071824735127389,-0.01999494805932045,-0.404827743768692,-0.7359021902084351,,,,,,
1763596012.806255,,,,,,,0.009966671466827393,0.10991232097148895,0.08901870995759964,-0.6314302086830139,-0.007572394795715809,0.8228413462638855
1763596012.81425,1.0503614319778978,0.5774444986462592,-0.42766222571879625,0.07982193678617477,-0.5210647583007812,-0.7026708126068115,,,,,,
1763596012.816285,,,,,,,0.009144961833953857,0.14628484845161438,0.07422471046447754,-0.7831235527992249,-0.0377739742398262,0.6766239404678345
1763596012.824303,0.9417577032655478,0.5566898799091577,-0.438937506840378,0.165030837059021,-0.6138479709625244,-0.66961270570755,,,,,,
1763596012.826315,,,,,,,0.014027953147888184,0.17405225336551666,0.05607235059142113,-0.9284104108810425,-0.06097330152988434,0.5558063983917236
1763596012.834357,0.8206997127801179,0.5023556476533413,-0.3167382373653352,0.21008919179439545,-0.665343165397644,-0.6342675685882568,,,,,,
1763596012.836346,,,,,,,0.016837716102600098,0.19190174341201782,0.042143333703279495,-1.1669212579727173,-0.07607529312372208,0.4202091097831726
