timestamp,phone_accel_x,phone_accel_y,phone_accel_z,phone_gyro_x,phone_gyro_y,phone_gyro_z,watch_accel_x,watch_accel_y,watch_accel_z,watch_gyro_x,watch_gyro_y,watch_gyro_z
1763596095.880948,0.032995822281390426,-0.16494564752876759,-0.18922478713020682,0.0983750969171524,-0.3915901780128479,0.09289024770259857,,,,,,
1763596095.889721,,,,,,,-0.021448969841003418,0.04110462963581085,0.01256859302520752,-0.6622090935707092,-0.1891658902168274,-0.12821613252162933
1763596095.891001,-0.11786606257632375,-0.08047814281582832,-0.13972162829264997,0.12126987427473068,-0.4330008029937744,0.09340044111013412,,,,,,
1763596095.899751,,,,,,,-0.017019450664520264,0.03599733114242554,0.02068161591887474,-0.6176828742027283,-0.17192751169204712,-0.11605080962181091
1763596095.901053,-0.22776056175157428,-0.011505728876590729,-0.10914660341739654,0.128574401140213,-0.4338535666465759,0.08670685440301895,,,,,,
1763596095.909782,,,,,,,-0.015757441520690918,0.025843828916549683,0.02511858567595482,-0.5567000508308411,-0.14845521748065948,-0.0991925299167633
1763596095.911106,-0.31115415362268684,0.0129272861123085,-0.14827435258254407,0.12146677076816559,-0.3655019998550415,0.06806928664445877,,,,,,
1763596095.919812,,,,,,,-0.013031303882598877,0.013203322887420654,0.02181088924407959,-0.49381348490715027,-0.10607020556926727,-0.0743822529911995
1763596095.921159,-0.36864217373430724,0.0015524901390075682,-0.1290041271843016,0.09291928261518478,-0.2513258755207062,0.0511678047478199,,,,,,
1763596095.929843,,,,,,,-0.012345075607299805,0.01861615478992462,0.016268964856863022,-0.3865928053855896,-0.06620907783508301,-0.046779923141002655
1763596095.931212,-0.40307562760338184,-0.06775251675546169,-0.0270190859593451,0.0420089028775692,-0.13620643317699432,0.0465102419257164,,,,,,
1763596095.939873,,,,,,,-0.011913836002349854,0.027123048901557922,0.011905308812856674,-0.23424029350280762,-0.021362775936722755,-0.024738537147641182
1763596095.941265,-0.36953342348560686,-0.08486907125115394,0.019526684377342462,-0.00038249604403972626,-0.025725729763507843,0.05258704349398613,,,,,,
1763596095.949904,,,,,,,-0.008685886859893799,0.04380275309085846,0.008570313453674316,-0.0693792998790741,0.005381486378610134,0.002269844524562359
1763596095.951318,-0.3406652025282383,-0.08310264610052108,0.06282835822626948,-0.02504345029592514,0.054840799421072006,0.06690441817045212,,,,,,
1763596095.959935,,,,,,,-0.004303574562072754,0.06722073256969452,0.015272136777639389,0.08195056766271591,0.0032216631807386875,0.004832870326936245
1763596095.961371,-0.38872598053775725,-0.09975742830336093,0.04779620878919959,-0.02407246269285679,0.086424820125103,0.08957644551992416,,,,,,
1763596095.969965,,,,,,,-0.005323171615600586,0.07617805898189545,0.02245199680328369,0.19038592278957367,-0.007023251615464687,-0.008584734052419662
1763596095.971424,-0.4800429127540439,-0.0639876112639904,-0.024862054055929183,-0.007448985707014799,0.09056124836206436,0.10426199436187744,,,,,,
1763596095.979996,,,,,,,-0.012751400470733643,0.039500653743743896,0.033493638038635254,0.23900432884693146,0.025706199929118156,-0.01187773235142231
1763596095.981477,-0.5193512791831046,0.020559388425946235,-0.1049250401996076,0.020259873941540718,0.12255433201789856,0.10088244080543518,,,,,,
1763596095.990026,,,,,,,-0.02220308780670166,0.0030040591955184937,0.03337753191590309,0.22539038956165314,0.0898500308394432,-0.03743515536189079
1763596095.99153,-0.4591436979144811,0.0013724573969841002,-0.09625570379272103,0.03654765710234642,0.15978191792964935,0.09052049368619919,,,,,,
1763596096.000057,,,,,,,-0.013631701469421387,0.008244529366493225,0.02756667509675026,0.23662146925926208,0.08154576271772385,-0.046601224690675735
1763596096.001583,-0.41225766277275977,-0.10025310286581515,-0.014641250423341988,0.029475899413228035,0.1741800308227539,0.0864274799823761,,,,,,
1763596096.010087,,,,,,,0.0009561777114868164,0.02543407678604126,0.018581513315439224,0.23191677033901215,0.062167271971702576,-0.0741138756275177
1763596096.011636,-0.40005050762854516,-0.14187632210850715,0.0017338380552828312,0.009734120219945908,0.17094434797763824,0.08376976102590561,,,,,,
1763596096.020118,,,,,,,0.0011723637580871582,0.012935161590576172,0.026609662920236588,0.23336872458457947,0.05618847534060478,-0.0873713567852974
1763596096.021688,-0.3310609964240342,-0.003295534414052963,-0.1051693703494966,-0.0008940231055021286,0.2033049464225769,0.07765354961156845,,,,,,
1763596096.030149,,,,,,,-0.009966373443603516,-0.03317362070083618,0.02764403447508812,0.18996553122997284,0.11275401711463928,-0.07171929627656937
1763596096.031742,-0.16816753218472003,0.10348024821877479,-0.16828838208541272,0.0004999083466827869,0.2793296277523041,0.0588776096701622,,,,,,
1763596096.040179,,,,,,,-0.01678067445755005,-0.03961198031902313,0.018980257213115692,0.17674480378627777,0.143130823969841,-0.040540337562561035
1763596096.041795,-0.022692089605703947,0.003680734339356422,-0.10685878474116325,-0.009522631764411926,0.3116105794906616,0.054014142602682114,,,,,,
1763596096.05021,,,,,,,-0.005946934223175049,-0.0187283456325531,0.004924893379211426,0.2275191992521286,0.11130525916814804,-0.02954547479748726
1763596096.051847,0.05075162452869117,-0.11057868204712867,-0.05096431743130088,-0.022680286318063736,0.28860020637512207,0.06570466607809067,,,,,,
1763596096.06024,,,,,,,0.007731437683105469,-0.004537642002105713,0.0013956986367702484,0.25205862522125244,0.06856152415275574,-0.031749509274959564
1763596096.0619,0.0489648872423917,-0.10947568924129009,-0.11000570446476339,-0.011104857549071312,0.23457743227481842,0.08290842175483704,,,,,,
1763596096.070271,,,,,,,0.005891203880310059,-0.009342163801193237,0.005947228521108627,0.24236926436424255,0.06617080420255661,-0.025416910648345947
1763596096.071953,0.005560264475643634,-0.04185761252045631,-0.16775310616493225,0.02667173370718956,0.17501774430274963,0.07566538453102112,,,,,,
1763596096.080302,,,,,,,-0.008153557777404785,-0.029695019125938416,0.006543997675180435,0.19036944210529327,0.09348151832818985,-0.023063475266098976
1763596096.082006,-0.09036942223310471,-0.027055764707922935,-0.12584975480660796,0.06492564082145691,0.11622900515794754,0.039532147347927094,,,,,,
1763596096.090333,,,,,,,-0.015481650829315186,-0.044166311621665955,0.009678598493337631,0.14540575444698334,0.12459203600883484,-0.019430257380008698
1763596096.092059,-0.1253128714509308,-0.017081483182311057,0.030130934369564055,0.08448387682437897,0.062165968120098114,-0.0033338407520204782,,,,,,
1763596096.100363,,,,,,,-0.011661171913146973,-0.04234994947910309,0.009302612394094467,0.11882660537958145,0.12036213278770447,-0.007925402373075485
1763596096.102112,-0.0550609390951693,-0.024132570737600324,0.13280702659860252,0.07545256614685059,0.023952806368470192,-0.024764563888311386,,,,,,
1763596096.110394,,,,,,,-0.0005456209182739258,-0.02678842842578888,0.006134390830993652,0.12198221683502197,0.09590046852827072,-0.008623217232525349
1763596096.112164,-0.02088292129188776,-0.05834288337528705,0.06577624824643134,0.06634234637022018,0.023165546357631683,-0.01270780898630619,,,,,,
1763596096.120425,,,,,,,0.004061996936798096,-0.015958920121192932,-0.0030728504061698914,0.13281196355819702,0.08753121644258499,-0.0025368283968418837
1763596096.122218,-0.022896526136621832,-0.0741483552724123,-0.07989595901370047,0.0664139837026596,0.05684814229607582,0.01564233936369419,,,,,,
1763596096.130454,,,,,,,-0.0002778172492980957,-0.003972873091697693,-0.008104197680950165,0.13654866814613342,0.07398983836174011,-0.010952750220894814
1763596096.132271,-0.07336385383121669,-0.0726753601104021,-0.10338336371555924,0.06845415383577347,0.08120466023683548,0.042463794350624084,,,,,,
1763596096.140486,,,,,,,-0.004382312297821045,-0.007216975092887878,-0.006226055324077606,0.14803196489810944,0.07865170389413834,-0.018969930708408356
1763596096.142324,-0.19111242750771343,-0.09269991100728511,0.014980126988887786,0.07039852440357208,0.08962398022413254,0.048603713512420654,,,,,,
1763596096.150515,,,,,,,-0.004749476909637451,-0.01628345251083374,-0.004845850169658661,0.11391238868236542,0.0959947407245636,-0.013067632913589478
1763596096.152377,-0.2692070361878723,-0.09968436306715012,0.15588029754161833,0.05798814073204994,0.08720634877681732,0.03508348762989044,,,,,,
1763596096.160546,,,,,,,-0.00039708614349365234,-0.006679743528366089,-0.0031691715121269226,0.09826019406318665,0.08946786820888519,-0.018052536994218826
1763596096.16243,-0.3258348592735827,-0.1032972928673029,0.20252046816349029,0.035029031336307526,0.0840422511100769,0.013023723848164082,,,,,,
1763596096.170578,,,,,,,0.004068493843078613,-0.009143143892288208,-0.006212584674358368,0.11012650281190872,0.08336390554904938,-0.0231892429292202
1763596096.172483,-0.2911070986330509,-0.06983341468274593,0.09893252178654074,0.025359535589814186,0.11525008082389832,-0.011012747883796692,,,,,,
1763596096.180607,,,,,,,0.005555570125579834,-0.013609766960144043,-0.0046307966113090515,0.09345724433660507,0.08389094471931458,-0.0159654188901186
1763596096.182536,-0.17755941071249542,0.019003975677490233,0.033938656089454886,0.020051589235663414,0.15388695895671844,-0.016213901340961456,,,,,,
1763596096.190638,,,,,,,0.004409074783325195,-0.004651650786399841,-0.0039038658142089844,0.10403988510370255,0.08528457581996918,-0.010028966702520847
1763596096.192589,-0.13464666311591864,0.028747955578565597,0.07802753479331731,0.015637315809726715,0.15800052881240845,-0.008599700406193733,,,,,,
1763596096.200668,,,,,,,0.0031827688217163086,-0.004341349005699158,-0.00806068629026413,0.12103457748889923,0.08161260932683945,-0.012064953334629536
1763596096.202641,-0.04341682466119528,0.04401742090284824,0.09311784415841103,0.018482636660337448,0.14004123210906982,0.00937583763152361,,,,,,
1763596096.210699,,,,,,,0.007279157638549805,-0.012031137943267822,-0.004895560443401337,0.12982390820980072,0.07430090010166168,-0.003973004873842001
1763596096.212694,0.014358414893969893,0.13113923951685427,0.0851145704448223,0.026917438954114914,0.1261439323425293,0.021885449066758156,,,,,,
1763596096.220729,,,,,,,0.010594308376312256,-0.021825671195983887,0.0015747547149658203,0.10453133285045624,0.08445259928703308,0.010017645545303822
1763596096.222747,0.010696823646500707,0.13199439504146576,0.08062500394061207,0.03350583463907242,0.1187688484787941,0.020569579675793648,,,,,,
1763596096.23076,,,,,,,0.012243390083312988,-0.017205119132995605,-0.008597493171691895,0.11563783138990402,0.0934562161564827,0.01835859939455986
1763596096.2328,-0.08063326031230389,0.025317981129884717,0.0848221633695066,0.03159903734922409,0.101852186024189,0.009793715551495552,,,,,,
1763596096.240791,,,,,,,0.014802396297454834,-0.010755032300949097,-0.02411818876862526,0.13676893711090088,0.08622493594884872,0.013742009177803993
1763596096.242853,-0.1564740987163037,-0.03672258771955967,0.07918167326450347,0.030013389885425568,0.08704767376184464,-0.004900808446109295,,,,,,
1763596096.250821,,,,,,,0.01764059066772461,-0.002893313765525818,-0.021046403795480728,0.135488361120224,0.0710611641407013,-0.0022414838895201683
1763596096.252906,-0.17197057772949337,-0.0010305120915174483,0.07877265407219529,0.028638256713747978,0.07256443798542023,-0.014749455265700817,,,,,,
1763596096.260852,,,,,,,0.011229455471038818,-0.002445235848426819,-0.007600776851177216,0.12856069207191467,0.05250665545463562,-0.0021866224706172943
1763596096.262959,-0.15042809655033051,0.04409223970472812,0.12481281297430395,0.02395801618695259,0.07146881520748138,-0.022908048704266548,,,,,,
1763596096.270882,,,,,,,0.000742793083190918,-0.014033868908882141,-0.006138566881418228,0.08888125419616699,0.0670432522892952,0.008700712583959103
1763596096.273012,-0.08487542792670429,0.004866144731640816,0.09705766782537102,0.018356526270508766,0.08257777243852615,-0.03141500800848007,,,,,,
1763596096.280913,,,,,,,-0.004788339138031006,-0.017370179295539856,-0.013767007738351822,0.07920786738395691,0.08143310993909836,0.009216034784913063
1763596096.283065,-0.04159048601686954,-0.10397183112800121,0.048575376468151805,0.015445425175130367,0.09074915200471878,-0.03150821849703789,,,,,,
1763596096.290943,,,,,,,0.0028166770935058594,-0.016328364610671997,-0.0230104923248291,0.0740073025226593,0.060179222375154495,-0.0016683049034327269
1763596096.293118,0.0030299422804266215,-0.09249357478022575,0.06980141210928559,0.011258408427238464,0.07401830703020096,-0.017669841647148132,,,,,,
1763596096.300974,,,,,,,0.010290205478668213,-0.010804370045661926,-0.01952027529478073,0.06393443048000336,0.03926222026348114,-0.0040201423689723015
1763596096.30317,0.035447526282444596,-0.035867432194948194,0.14451032387390733,0.014322374947369099,0.050722841173410416,-0.004099970683455467,,,,,,
1763596096.311005,,,,,,,0.0061678290367126465,-0.008322790265083313,-0.012172698974609375,0.04223671928048134,0.022392427548766136,0.0013609742745757103
1763596096.313224,-0.0027131314162164924,-0.018887655821442605,0.14373393267393111,0.014186788350343704,0.02428649552166462,0.0018895997200161219,,,,,,
1763596096.321035,,,,,,,-0.0016252994537353516,-0.011350184679031372,-0.013067491352558136,0.020612917840480804,0.02541804499924183,0.004128531087189913
1763596096.323277,-0.07691840450763703,-0.07880874829888343,0.0488872188962996,0.019234810024499893,0.017282381653785706,-0.012745535932481289,,,,,,
1763596096.331066,,,,,,,-0.0027611851692199707,-0.017764508724212646,-0.020618442445993423,-0.012090617790818214,0.03433164581656456,0.011060872115194798
1763596096.33333,-0.08786701095812022,-0.10211012890934944,0.038012481399625535,0.02074628323316574,0.003312260378152132,-0.02490299381315708,,,,,,
1763596096.341096,,,,,,,0.0008754134178161621,-0.01746344566345215,-0.015685323625802994,-0.024366725236177444,0.01507299579679966,0.013859588652849197
1763596096.343382,-0.05521013830751181,-0.043219548523426056,0.13485153803825378,0.013537372462451458,-0.014641174115240574,-0.03330846503376961,,,,,,
1763596096.351127,,,,,,,0.0012839436531066895,-0.025394275784492493,-0.011528972536325455,-0.020978249609470367,0.027938460931181908,0.03130815550684929
1763596096.353435,-0.030391338871419427,0.013189736440777778,0.1332815122425556,0.004731338936835527,-0.016019098460674286,-0.038371741771698,,,,,,
1763596096.361157,,,,,,,0.0015845894813537598,-0.023380696773529053,-0.014300592243671417,-0.003738009138032794,0.03994958475232124,0.05543452873826027
1763596096.363488,-0.011915990177914499,0.0361199456512928,0.08735562736988067,-0.005880026612430811,-0.0012486734194681048,-0.03928280994296074,,,,,,
1763596096.371188,,,,,,,0.012327015399932861,-0.008184418082237244,-0.021378044039011,0.04276958853006363,0.011923541314899921,0.06816217303276062
1763596096.373541,-0.0751691496875137,-0.021050386813282966,0.06833528507947921,-0.012150815688073635,0.01304428931325674,-0.03227109834551811,,,,,,
1763596096.381219,,,,,,,0.019848406314849854,0.0053149014711380005,-0.022719986736774445,0.0811513364315033,-0.015089966356754303,0.06483402103185654
1763596096.383594,-0.10022000431381166,-0.039783144333958624,0.06178045660853385,-0.015617185272276402,0.02132192626595497,-0.02226213924586773,,,,,,
1763596096.391249,,,,,,,0.013635516166687012,0.012758955359458923,-0.012601625174283981,0.0764075517654419,-0.02595806121826172,0.05361039564013481
1763596096.393646,-0.18070874158889055,-0.04927928695380687,0.10839476213678717,-0.0178811214864254,0.014806302264332771,-0.018039952963590622,,,,,,
1763596096.40128,,,,,,,0.0006308555603027344,0.01333320140838623,-0.003853563219308853,0.05229715257883072,-0.014640424400568008,0.02923182025551796
1763596096.4037,-0.2751127531003207,-0.08958382481336594,0.10040917021036147,-0.012818185612559319,0.005525984801352024,-0.030101943761110306,,,,,,
1763596096.41131,,,,,,,-0.008318185806274414,0.0013710260391235352,-0.004992727190256119,0.022672485560178757,0.01113444659858942,0.004500174894928932
1763596096.413753,-0.2820769660897553,-0.07516542336046696,0.1328068804681301,-0.008421065285801888,0.0059113395400345325,-0.04640189930796623,,,,,,
1763596096.421341,,,,,,,-0.007914423942565918,-0.003708675503730774,-0.00010562315583229065,-0.013441842049360275,0.025950411334633827,0.004597380757331848
1763596096.423806,-0.1576218805119395,0.0008849661409854889,0.15015432111024857,-0.011586230248212814,0.013859277591109276,-0.047447722405195236,,,,,,
1763596096.431371,,,,,,,-0.004034698009490967,0.006019994616508484,-0.0009278096258640289,0.006725110113620758,0.02565959468483925,0.011867010965943336
1763596096.433859,-0.037178076402097936,-0.00201426243185997,0.15267127236723899,-0.026367973536252975,0.021800801157951355,-0.034569356590509415,,,,,,
1763596096.441402,,,,,,,0.001362144947052002,0.013879403471946716,-0.008326292037963867,0.054487839341163635,0.014046081341803074,0.012302171438932419
1763596096.443912,0.028600656062364577,-0.00976326912343502,0.033052520904690026,-0.031099611893296242,0.04296627268195152,-0.012643283233046532,,,,,,
1763596096.451432,,,,,,,0.0042972564697265625,0.020057395100593567,-0.011301040649414062,0.08685864508152008,0.006846491247415543,0.022232966497540474
1763596096.453965,0.03669043901562691,-0.030412089398503303,-0.06057970251664519,-0.024284379556775093,0.05570828169584274,0.012712117284536362,,,,,,
1763596096.461463,,,,,,,0.0034384727478027344,0.022198274731636047,-0.009170882403850555,0.07787260413169861,-0.007439237087965012,0.027705762535333633
1763596096.464018,-0.038542496623098846,-0.03633446518480778,-0.038671968221664424,-0.02680106647312641,0.040975142270326614,0.01955244690179825,,,,,,
1763596096.471494,,,,,,,-0.0006021857261657715,0.006498605012893677,-0.0015800036489963531,0.07993432879447937,0.0005265439976938069,0.03087465651333332
1763596096.474071,-0.10664864912182093,0.02203530619740486,-0.016397008049488068,-0.028250552713871002,0.0379975363612175,0.004471938591450453,,,,,,
1763596096.481524,,,,,,,-0.0029402971267700195,-0.016680851578712463,-0.0008985921740531921,0.04494704306125641,0.02602577768266201,0.050027310848236084
1763596096.484123,-0.07863046912252902,0.08042261323630809,0.011868278578668833,-0.032489240169525146,0.05916354060173035,-0.02290136180818081,,,,,,
1763596096.491555,,,,,,,0.0005972981452941895,-0.009054198861122131,0.0016193464398384094,0.05522945523262024,0.024194588884711266,0.047853440046310425
1763596096.494176,-0.0413438177794218,0.011808511215448379,0.03283829363211989,-0.04529020935297012,0.07600119709968567,-0.045210376381874084,,,,,,
1763596096.501585,,,,,,,0.003657042980194092,0.007222279906272888,0.001413583755493164,0.08473382145166397,-0.002264715265482664,0.04573303461074829
1763596096.504229,0.048885903722047805,-0.034033202505111694,0.02218348249644041,-0.05798283591866493,0.07786887139081955,-0.04165079444646835,,,,,,
1763596096.511616,,,,,,,0.000904083251953125,0.018578127026557922,0.004303455352783203,0.10525535047054291,-0.011515204794704914,0.04430830851197243
1763596096.514282,0.14766308881640433,0.009771452429890632,-0.04327347066774964,-0.046484339982271194,0.06341850012540817,-0.019687561318278313,,,,,,
1763596096.521646,,,,,,,-0.009113669395446777,0.022187799215316772,0.009361263364553452,0.09412652999162674,-0.016357097774744034,0.03716650977730751
1763596096.524335,0.10907587626874446,0.007001987716555595,-0.0977684464432299,-0.021816011518239975,0.028715649619698524,0.003399115987122059,,,,,,
1763596096.531677,,,,,,,-0.011937201023101807,0.020174160599708557,0.006021019071340561,0.09063098579645157,-0.019066864624619484,0.01775432750582695
1763596096.534388,0.03277326557189226,0.009053659549355506,-0.11131766384616494,0.007632911205291748,-0.013990087434649467,0.01759428344666958,,,,,,
1763596096.541708,,,,,,,-0.009340524673461914,0.013160184025764465,0.0020563602447509766,0.047704026103019714,-0.008465886116027832,-5.5561307817697525e-05
1763596096.544441,-0.03089914226308465,-0.008628712135553359,-0.06866612446904181,0.02297990769147873,-0.046535246074199677,0.011568081565201283,,,,,,
1763596096.551739,,,,,,,-0.008003711700439453,0.006851285696029663,0.004925966262817383,0.02047749049961567,0.003245631232857704,-0.007336643990129232
1763596096.554494,-0.009543781153857707,0.008595394387841224,-0.0021218144595623015,0.018580349162220955,-0.05082033947110176,-0.0003333304775878787,,,,,,
1763596096.561769,,,,,,,-0.00626218318939209,-0.004380866885185242,0.008646376430988312,-0.012348899617791176,0.01035174448043108,0.005648396909236908
1763596096.564547,0.014246990408748387,-0.0010679214924573899,0.022167262014001606,-0.0010183858685195446,-0.015001887455582619,-0.010792096145451069,,,,,,
1763596096.5718,,,,,,,-0.006704211235046387,0.007225587964057922,0.010066747665405273,0.012858876958489418,0.010630044154822826,0.01444175560027361
1763596096.5746,0.036451223432272674,-0.00305471139550209,-0.020908347994089124,-0.026717737317085266,0.04334961250424385,-0.015398431569337845,,,,,,
1763596096.581831,,,,,,,-0.0070996880531311035,0.015785545110702515,0.0034233294427394867,0.04425914213061333,-0.0023981393314898014,0.021379290148615837
1763596096.584653,0.0338826881185174,-0.03058160074651241,-0.10744900571927428,-0.03918665647506714,0.09302129596471786,-0.010994894430041313,,,,,,
1763596096.591861,,,,,,,-0.005797326564788818,0.025191351771354675,-4.053488373756409e-05,0.07160037755966187,-0.008169742301106453,0.019202888011932373
1763596096.594706,0.05212254755571484,-0.0683230101197958,-0.12233458629250525,-0.03432852774858475,0.10472334921360016,-0.0015450614737346768,,,,,,
1763596096.601892,,,,,,,-0.012113094329833984,0.026840925216674805,0.005156874656677246,0.07340333610773087,-0.0074685318395495415,0.009336409159004688
1763596096.604759,0.05161942033916712,-0.10039806429445743,-0.04836100306510925,-0.017773255705833435,0.07505679130554199,0.008149909786880016,,,,,,
1763596096.611923,,,,,,,-0.021223604679107666,0.022344350814819336,0.011135704815387726,0.0563594326376915,-0.00805922131985426,0.0030649311374872923
1763596096.614811,0.03775149237588048,-0.08416822950541973,-0.012356646617501974,-0.002690201625227928,0.032232098281383514,0.009288595989346504,,,,,,
1763596096.621953,,,,,,,-0.02627807855606079,0.010491400957107544,0.016506202518939972,0.02947109565138817,0.009230020456016064,-0.005369300022721291
1763596096.624864,0.056607437884807585,-0.07526245399415493,-0.06873261383399366,0.00861332006752491,0.021350689232349396,-0.007624872960150242,,,,,,
1763596096.631983,,,,,,,-0.02887701988220215,0.0016457438468933105,0.009251005947589874,0.007973894476890564,0.034230977296829224,0.00729855801910162
1763596096.634917,0.11561141551733016,-0.08104922070205212,-0.11629179899692535,0.009047498926520348,0.02948952652513981,-0.024475714191794395,,,,,,
1763596096.642013,,,,,,,-0.019831597805023193,0.006069779396057129,-0.0018474981188774109,0.017146354541182518,0.043999187648296356,0.012240586802363396
1763596096.64497,0.17814634375497698,-0.07946750446856021,-0.06993935927525162,0.0018356589134782553,0.03451517969369888,-0.026296516880393028,,,,,,
1763596096.652044,,,,,,,-0.01165086030960083,0.01608768105506897,-0.005735516548156738,0.05184604227542877,0.03479290381073952,0.020960241556167603
1763596096.655023,0.21595921092927456,-0.06291676716208458,-0.04828983752503991,-0.003875983878970146,0.03288840129971504,-0.010149559006094933,,,,,,
1763596096.662074,,,,,,,-0.008906900882720947,0.020855307579040527,-0.006964683532714844,0.0755218118429184,0.024137863889336586,0.02985653094947338
1763596096.665076,0.21673867086917162,-0.011340309181809425,-0.06481748621687293,-0.00766326580196619,0.03196641430258751,0.010151984170079231,,,,,,
1763596096.672105,,,,,,,-0.010612666606903076,0.023082390427589417,-0.0048662349581718445,0.0861118957400322,0.022130105644464493,0.03431679308414459
1763596096.675128,0.13722045912668107,-0.028031331741809842,-0.11969620061293244,-0.0048991176299750805,0.03066866472363472,0.02114328183233738,,,,,,
1763596096.682135,,,,,,,-0.011426746845245361,0.02490086853504181,-0.005659222602844238,0.09285528212785721,0.02211599238216877,0.027902835980057716
1763596096.685182,0.03214125127866864,-0.09041209233105182,-0.12514949758276342,-0.0003041001036763191,0.028529880568385124,0.026763083413243294,,,,,,
1763596096.692166,,,,,,,-0.008476197719573975,0.028170540928840637,-0.0025048181414604187,0.07830647379159927,-0.0006399205885827541,0.005101117305457592
1763596096.695235,-0.016782938627153635,-0.04581657927930355,-0.06547697303891181,-0.0020597404800355434,0.019988106563687325,0.02349347621202469,,,,,,
1763596096.702197,,,,,,,-0.0089341402053833,0.020980119705200195,0.008383877575397491,0.0406096950173378,-0.012827876955270767,-0.02201545424759388
1763596096.705288,-0.007753682866692543,0.03129997814893722,-0.03324628991112113,-0.0005728974938392639,0.01833508163690567,0.015543940477073193,,,,,,
1763596096.712227,,,,,,,-0.010770976543426514,0.011152952909469604,0.018590927124023438,-0.0319223627448082,-0.007421393878757954,-0.03267628699541092
1763596096.715341,0.02778071798160672,0.07387246094048022,-0.08233999116495251,0.004276217892765999,0.017801061272621155,0.013463359326124191,,,,,,
1763596096.722258,,,,,,,-0.012886226177215576,0.002737686038017273,0.019641518592834473,-0.07279282808303833,0.0052912053652107716,-0.03985936567187309
1763596096.725394,0.05258928828462958,0.08067220408320426,-0.1298926004566252,0.019427208229899406,0.010113047435879707,0.013781338930130005,,,,,,
1763596096.732288,,,,,,,-0.009543180465698242,-0.0008448511362075806,0.010792143642902374,-0.08920753747224808,0.007933327928185463,-0.044644664973020554
1763596096.735447,0.08984934388175606,0.07937398096621036,-0.1480617327451706,0.03832695260643959,-0.012567873112857342,0.018584193661808968,,,,,,
1763596096.742319,,,,,,,0.0006615519523620605,0.011559784412384033,0.0070347860455513,-0.07538200169801712,0.005670972168445587,-0.04410590976476669
1763596096.745499,0.11046177766919135,0.04573766882419586,-0.08673837225437164,0.057667359709739685,-0.05133284628391266,0.03340921178460121,,,,,,
1763596096.752349,,,,,,,0.00035500526428222656,0.025215938687324524,0.0037388876080513,-0.048018600791692734,0.006692294497042894,-0.044949136674404144
1763596096.755552,0.06225611129626631,0.017180851903557778,-0.015038871438801288,0.06895771622657776,-0.08598126471042633,0.049148038029670715,,,,,,
1763596096.76238,,,,,,,-0.004352152347564697,0.03024725615978241,0.006415612995624542,-0.012862211093306541,0.013322766870260239,-0.048384614288806915
1763596096.765604,0.0033246143780648707,0.013978840991854667,0.005105214184522628,0.07549364119768143,-0.08335725218057632,0.053395241498947144,,,,,,
1763596096.772411,,,,,,,-0.009563982486724854,0.024357527494430542,0.008141756057739258,-0.004790848586708307,0.024009499698877335,-0.04988623410463333
1763596096.775658,-0.0839702227152884,0.010468787044286727,-0.03684007661938667,0.06628438830375671,-0.05302419885993004,0.05400776118040085,,,,,,
1763596096.782441,,,,,,,-0.010366261005401611,0.023525208234786987,0.009416699409484863,0.015504037961363792,0.030085766687989235,-0.04969901219010353
1763596096.785711,-0.1423128138296306,-0.0019014497071504592,-0.014599164847284555,0.0489213801920414,-0.010833337903022766,0.049526192247867584,,,,,,
1763596096.792472,,,,,,,-0.00570756196975708,0.016103610396385193,0.006945021450519562,0.023535117506980896,0.03488318622112274,-0.05124078318476677
1763596096.795764,-0.15509404253475367,-0.002706336349248886,-0.017286650365591048,0.03271752595901489,0.0371105894446373,0.04688175022602081,,,,,,
1763596096.802502,,,,,,,-0.0014107227325439453,0.014542192220687866,0.0035439729690551758,0.02417774125933647,0.027564553543925285,-0.04998137429356575
1763596096.805818,-0.14264606437198818,-0.02764846990406513,-0.03753784962520003,0.019249120727181435,0.06204843148589134,0.04751158505678177,,,,,,
1763596096.812533,,,,,,,0.003609299659729004,0.01443229615688324,-0.0013605393469333649,0.03633379563689232,0.02428646758198738,-0.05838191881775856
1763596096.815871,-0.08820873706787824,-0.02569090609550476,-0.01382277364730835,0.010754682123661041,0.06578877568244934,0.05885264277458191,,,,,,
1763596096.822563,,,,,,,0.002778947353363037,0.011062443256378174,-0.003268003463745117,0.04633529484272003,0.026676388457417488,-0.06901219487190247
1763596096.825923,-0.06642053749933838,-0.03267126650214195,-0.0609200403869152,0.01778143271803856,0.06497997045516968,0.0668618306517601,,,,,,
1763596096.832594,,,,,,,0.0010312795639038086,0.00951164960861206,0.001338362693786621,0.051705386489629745,0.01693321391940117,-0.06954409182071686
1763596096.835977,-0.0905881064850837,-0.047612230524420734,-0.068038201829046,0.023405399173498154,0.06063306704163551,0.07023081928491592,,,,,,
1763596096.842625,,,,,,,0.0008499026298522949,0.005995646119117737,0.002950318157672882,0.05424710735678673,0.01014268584549427,-0.07473751902580261
1763596096.84603,-0.07896839584000408,-0.03161678901314735,-0.031197102296352384,0.023711929097771645,0.06114226207137108,0.06361925601959229,,,,,,
1763596096.852655,,,,,,,-0.004708766937255859,-0.00469556450843811,0.005557067692279816,0.039548538625240326,0.0236185472458601,-0.06480985134840012
1763596096.856082,-0.060964902441948646,-0.006501636978983879,-0.01496361424550414,0.024295253679156303,0.06625142693519592,0.050112348049879074,,,,,,
1763596096.862686,,,,,,,-0.007068455219268799,-0.008271843194961548,0.005541570484638214,0.03661027550697327,0.032618433237075806,-0.055555373430252075
1763596096.866136,-0.047415173582360144,-0.03182604784965515,0.0066496671475470065,0.023803632706403732,0.06575261801481247,0.04420332610607147,,,,,,
1763596096.872716,,,,,,,-0.0057413578033447266,-0.004361078143119812,-0.00125836580991745,0.0549030639231205,0.0299997478723526,-0.05749741569161415
1763596096.876189,-0.0046207916684448715,-0.054493222209811204,0.022591624905914067,0.028989549726247787,0.0546339713037014,0.04990332946181297,,,,,,
1763596096.882747,,,,,,,-0.0015416145324707031,-0.00030177831649780273,0.0006479024887084961,0.0627167746424675,0.028098782524466515,-0.05805135518312454
1763596096.88624,0.004455956495553255,-0.04134031064808368,-0.006710457424074411,0.036019496619701385,0.03789493814110756,0.06454858183860779,,,,,,
1763596096.892777,,,,,,,-0.002951323986053467,-0.0005329996347427368,0.0024677515029907227,0.05602508783340454,0.028028741478919983,-0.055978015065193176
1763596096.896293,-0.05929930731728673,-0.004112111493945122,0.022368629804998635,0.037809256464242935,0.023190723732113838,0.063958078622818,,,,,,
1763596096.902808,,,,,,,-0.0026708245277404785,-0.010971099138259888,0.0016438961029052734,0.03977447748184204,0.03810800611972809,-0.05509118363261223
1763596096.906347,-0.1072797135669738,0.0037479543566703794,-0.009497311663627625,0.0365663580596447,0.02662726677954197,0.04637802764773369,,,,,,
1763596096.912838,,,,,,,-0.0024112462997436523,-0.01994261145591736,-0.000164031982421875,0.03203488886356354,0.044768039137125015,-0.04509614035487175
1763596096.916399,-0.13360066119432448,-0.010505611923336981,0.029516017341613767,0.029944242909550667,0.030896347016096115,0.02465139329433441,,,,,,
1763596096.922869,,,,,,,0.002667248249053955,-0.020622000098228455,-0.0019311830401420593,0.034376874566078186,0.04435551539063454,-0.02903301827609539
1763596096.926452,-0.11246734533794224,0.01217617548406124,0.04275061583742499,0.02267940528690815,0.03533370420336723,0.019190050661563873,,,,,,
1763596096.9329,,,,,,,0.009025216102600098,-0.011411696672439575,-0.007939819246530533,0.059874698519706726,0.03680412471294403,-0.01787610352039337
1763596096.936506,-0.09390373383909463,-0.0018465046495199202,0.04631050027608871,0.018160570412874222,0.03694424778223038,0.022416960448026657,,,,,,
1763596096.94293,,,,,,,0.012178003787994385,-0.0018948763608932495,-0.007845759391784668,0.0805746465921402,0.01802990399301052,-0.024470090866088867
1763596096.946558,-0.12591244477927685,0.008645078748464584,0.063516486620903,0.016674259677529335,0.03787289187312126,0.03224588930606842,,,,,,
1763596096.952961,,,,,,,0.009940087795257568,0.001283794641494751,-0.0033942386507987976,0.08055013418197632,0.011247897520661354,-0.03278667479753494
1763596096.956612,-0.12139686705097555,0.005340776506066322,0.06459682920351624,0.022944554686546326,0.03789696469902992,0.041544921696186066,,,,,,
1763596096.962991,,,,,,,0.0036734938621520996,-0.00272388756275177,0.0005759000778198242,0.057190485298633575,0.01580270193517208,-0.042860615998506546
1763596096.966665,-0.1853274143654853,-0.02985270195007324,0.09078574794903398,0.026664458215236664,0.03545617684721947,0.048397768288850784,,,,,,
1763596096.973022,,,,,,,0.0016263127326965332,-0.007139876484870911,-0.0007365942001342773,0.023300938308238983,0.012044715695083141,-0.05159099027514458
1763596096.976717,-0.2117274185784161,-0.024608371555805204,0.08846987222209572,0.020222622901201248,0.026532676070928574,0.03817020729184151,,,,,,
1763596096.983052,,,,,,,0.001540839672088623,-0.018563151359558105,0.0011250972747802734,0.006219689268618822,0.019307687878608704,-0.05659373849630356
1763596096.986771,-0.14636866509169338,0.044646366456151006,0.08870952619686723,0.016056906431913376,0.03626200184226036,0.021052472293376923,,,,,,
1763596096.993083,,,,,,,0.001794278621673584,-0.0291634202003479,0.0037453249096870422,-0.023422909900546074,0.030736643821001053,-0.03274713084101677
1763596096.996824,-0.09050086659304797,0.050859249621629715,0.09629413610696792,0.01119427289813757,0.03860526159405708,0.008340022526681423,,,,,,
1763596097.003114,,,,,,,0.005147695541381836,-0.0210781991481781,-0.00568234920501709,0.013215262442827225,0.026643099263310432,-0.013859989121556282
1763596097.006876,-0.06315232948362827,-0.023281506866216658,0.08571531281694769,0.004005336202681065,0.029461298137903214,0.011232747696340084,,,,,,
1763596097.013144,,,,,,,0.012959778308868408,-0.01243823766708374,-0.017404913902282715,0.05610910803079605,0.003899703733623028,-0.011394902132451534
1763596097.016928,-0.04035020363219082,-0.03343465209007263,0.017821926286071536,0.004473228007555008,0.02142280712723732,0.026309087872505188,,,,,,
1763596097.023175,,,,,,,0.016244053840637207,-0.008057624101638794,-0.013112902641296387,0.06757082045078278,-0.009179878979921341,-0.0006831353530287743
1763596097.026982,-0.0589237520031631,-0.006382394513487815,0.02999649433493614,0.009044011123478413,0.019705869257450104,0.035076215863227844,,,,,,
1763596097.033205,,,,,,,0.007758140563964844,-0.012304231524467468,-0.006513357162475586,0.047085344791412354,-0.003611475694924593,0.007108674850314856
1763596097.037035,-0.15128478644490242,-0.04981237091720104,0.12019041387066244,0.0043602692894637585,0.01793391816318035,0.028144054114818573,,,,,,
1763596097.043236,,,,,,,-0.0015400052070617676,-0.022434741258621216,-0.004294399172067642,0.037699565291404724,0.004706908017396927,0.005256978794932365
1763596097.047087,-0.22268011668212712,-0.09000234248638153,0.1272644439101219,-0.0022997637279331684,0.02122904732823372,0.00940658524632454,,,,,,
1763596097.053266,,,,,,,-0.0017076730728149414,-0.025342494249343872,-0.005654454231262207,0.01470223255455494,-0.0007107605924829841,-0.0004472457803785801
1763596097.057141,-0.20428630879223345,-0.07867255469858646,0.09042100628986954,-0.008843233808875084,0.018298819661140442,-0.007708260789513588,,,,,,
1763596097.063297,,,,,,,0.005164742469787598,-0.013886630535125732,-0.004212141036987305,0.009970594197511673,-0.005521228536963463,-0.0006797397509217262
1763596097.067194,-0.1775259468343109,-0.06270166310667992,0.1061130809403956,-0.003748606890439987,0.002051140181720257,-0.012332307174801826,,,,,,
1763596097.073328,,,,,,,0.006359219551086426,-0.008279189467430115,-0.007503986358642578,0.009236427024006844,-0.0001799926394596696,-0.00851296167820692
1763596097.077246,-0.18202932266816496,-0.029839842468500136,0.07443520938977599,0.010767901316285133,-0.016667848452925682,-0.008775847032666206,,,,,,
1763596097.083358,,,,,,,0.0031998157501220703,-0.005468279123306274,-0.005441904067993164,0.018040571361780167,-0.004336921032518148,-0.016011890023946762
1763596097.0873,-0.16553966789916158,-0.026172552132606504,0.07331672675386071,0.02122480422258377,-0.02970535308122635,0.0026291401591151953,,,,,,
1763596097.093389,,,,,,,0.00032204389572143555,-0.0039673298597335815,-0.003033287823200226,0.024056755006313324,0.0002154867979697883,-0.02098667621612549
1763596097.097353,-0.13928462511487305,-0.04630991575419902,0.07675137737765908,0.01752200908958912,-0.02788013592362404,0.007447094656527042,,,,,,
1763596097.103419,,,,,,,-0.0015202164649963379,-0.005851477384567261,-0.003790736198425293,0.015311731956899166,0.004714098293334246,-0.019519805908203125
1763596097.107405,-0.13422200796306133,-0.04565700480341911,0.09257993788942694,-0.0010311692021787167,-0.00500571308657527,0.008276935666799545,,,,,,
1763596097.11345,,,,,,,0.0016085505485534668,-0.007132917642593384,-0.0022393465042114258,0.016674505546689034,-0.0007560343947261572,-0.02299143746495247
1763596097.117459,-0.13660283868499098,-0.033224808731675146,0.06729249802827834,-0.024655461311340332,0.027310961857438087,0.00408988818526268,,,,,,
1763596097.12348,,,,,,,0.00449758768081665,-0.01550784707069397,-0.001865983009338379,0.0031528377439826727,0.002118315314874053,-0.015752166509628296
1763596097.127512,-0.10172098346129059,-0.006230418822169304,0.007470189750194549,-0.038881003856658936,0.056547679007053375,0.0010389706585556269,,,,,,
1763596097.133511,,,,,,,0.0013787150382995605,-0.017360001802444458,-0.0005886554718017578,-0.0022198613733053207,0.004203037824481726,-0.005345597863197327
1763596097.137564,-0.07728431521058082,0.026036943054199218,0.007029606375843286,-0.04229171201586723,0.06319652497768402,-0.00026491296011954546,,,,,,
1763596097.143542,,,,,,,0.0013080239295959473,-0.008722662925720215,0.0008411407470703125,0.0002787162084132433,0.005142867099493742,-0.001516771037131548
1763596097.147618,-0.053340106651932,0.059309098058938976,-0.0014439151979982851,-0.029598552733659744,0.04386144503951073,-0.004462587647140026,,,,,,
1763596097.153572,,,,,,,0.0043509602546691895,-0.003535643219947815,0.0010004006326198578,0.0024265649262815714,-0.001246588653884828,-0.0028296427335590124
1763596097.15767,-0.052664837738871574,0.04870937811136245,0.017045681216567753,-0.002615648787468672,0.0005850784946233034,-0.005570651032030582,,,,,,
1763596097.163603,,,,,,,0.0041890740394592285,0.004089280962944031,0.0006095059216022491,0.008112680166959763,-0.01059055607765913,-0.014478309080004692
1763596097.167722,-0.028146117227897047,0.039080549022555346,0.012330050871521234,0.01904250867664814,-0.0506964847445488,-0.004705656319856644,,,,,,
1763596097.173633,,,,,,,-0.0013633370399475098,0.0007801800966262817,0.0053751468658447266,-0.01302661094814539,-0.0038208002224564552,-0.020143520087003708
1763596097.177776,0.041738735381141305,0.02899754642546177,0.05988908990398049,0.03011460043489933,-0.0762828066945076,0.0017557048704475164,,,,,,
1763596097.183664,,,,,,,-0.007734477519989014,-0.0003209114074707031,0.0061308108270168304,-0.044988274574279785,0.011672938242554665,-0.017659323289990425
1763596097.187829,0.04993402453549206,-0.032759529307484624,0.022734394377470015,0.029980378225445747,-0.07571235299110413,0.012683453038334846,,,,,,
1763596097.193694,,,,,,,-0.004643142223358154,0.004711315035820007,0.000417463481426239,-0.039930835366249084,0.0055556572042405605,-0.03458377718925476
1763596097.197881,0.02198649861961603,-0.045371758121252055,-0.03296703457832336,0.023953944444656372,-0.05777309462428093,0.026892635971307755,,,,,,
1763596097.203725,,,,,,,0.0037168264389038086,0.007559522986412048,-0.004410982131958008,-0.04713468998670578,-0.013360243290662766,-0.05617056414484978
1763596097.207935,-0.03192410139665008,-0.030075989311933515,-0.04286313630118966,0.02134644240140915,-0.04082580283284187,0.03618040680885315,,,,,,
1763596097.213755,,,,,,,0.002195417881011963,0.014011457562446594,-0.0010522529482841492,-0.0659809559583664,-0.02029937505722046,-0.06184855476021767
1763596097.217988,-0.07854505586139858,-0.041348493954539295,-0.030112229669094083,0.023090271279215813,-0.04317571222782135,0.04276047274470329,,,,,,
1763596097.223786,,,,,,,-0.008249998092651367,0.014428302645683289,0.003134489059448242,-0.0778096541762352,-0.011295228265225887,-0.07367964833974838
1763596097.22804,-0.08721030061505734,-0.08121171778738498,0.018481266977638005,0.021902767941355705,-0.055597759783267975,0.03600509837269783,,,,,,
1763596097.233817,,,,,,,-0.015402257442474365,0.008626490831375122,0.006843686103820801,-0.08570563048124313,-0.006124434527009726,-0.07321526110172272
1763596097.238094,-0.09987089861519634,-0.06088321550786495,-0.002852612952142954,0.017389550805091858,-0.053246039897203445,0.018309948965907097,,,,,,
1763596097.243847,,,,,,,-0.01052248477935791,0.0035813748836517334,0.006530165672302246,-0.09014352411031723,-0.003612807486206293,-0.06258232146501541
1763596097.248147,-0.051734790347144004,-0.007632102313637733,-0.0526866111792624,0.007446906063705683,-0.03022328019142151,0.005160591099411249,,,,,,
1763596097.253878,,,,,,,-0.004306137561798096,0.00014434754848480225,0.001871354877948761,-0.0753965824842453,5.7561323046684265e-05,-0.04240388423204422
1763596097.258199,0.023777254493907093,0.029456980630755424,-0.09302227482944726,-0.007628042716532946,0.0018589210230857134,0.003731808392331004,,,,,,
1763596097.263908,,,,,,,-0.0013409852981567383,0.003653004765510559,-0.0028603114187717438,-0.032700251787900925,-0.002242344431579113,-0.02315428853034973
1763596097.268253,0.0877257758565247,0.020725392642617226,-0.08831877331361174,-0.015587696805596352,0.03191881999373436,0.01493226457387209,,,,,,
1763596097.273939,,,,,,,0.0012361407279968262,0.011502131819725037,-0.003874901682138443,-8.52078665047884e-05,-0.009970305487513542,-0.014574317261576653
1763596097.278306,0.09920147492103278,-0.004558101695775986,-0.08841010485887527,-0.015235012397170067,0.04203212633728981,0.0280505008995533,,,,,,
1763596097.283969,,,,,,,-0.0015997886657714844,0.018624573945999146,-0.0003477334976196289,0.028834855183959007,-0.010949816554784775,-0.016515495255589485
1763596097.288358,0.0688604049321264,-0.00926350290775299,-0.05680617532730102,-0.0029248171485960484,0.028684627264738083,0.03534197062253952,,,,,,
1763596097.294,,,,,,,-0.009316682815551758,0.014520153403282166,0.008315563201904297,0.015263775363564491,-0.004025064874440432,-0.01796358823776245
1763596097.298412,0.016340893948078153,-0.004610708665847778,0.04563245488405227,0.012317735701799393,-0.008645974099636078,0.029857568442821503,,,,,,
1763596097.304031,,,,,,,-0.016123712062835693,0.01212504506111145,0.016921639442443848,-0.00790972076356411,0.0017180421855300665,-0.027989856898784637
1763596097.308464,-0.02892155857980251,0.007836684975028037,0.06306625863537192,0.025084931403398514,-0.04571264609694481,0.019992955029010773,,,,,,
1763596097.314061,,,,,,,-0.01642632484436035,0.0026172995567321777,0.0181427001953125,-0.03081994131207466,0.016553446650505066,-0.04140586405992508
1763596097.318516,-0.029792569260671732,0.018533435556292534,-0.002196779391914606,0.04052416607737541,-0.05573423206806183,0.008204584941267967,,,,,,
1763596097.324092,,,,,,,-0.013664007186889648,-0.003152132034301758,0.011919133365154266,-0.04300922900438309,0.02999282255768776,-0.03865188732743263
1763596097.328569,-0.019043869296461343,-0.01888824034333229,-0.052988078343868254,0.041329771280288696,-0.051198869943618774,0.010838717222213745,,,,,,
1763596097.334122,,,,,,,-0.004977166652679443,0.0039997398853302,0.00228273868560791,-0.019208936020731926,0.027314748615026474,-0.037329163402318954
1763596097.338623,-0.04448196967467665,-0.06625263358652592,-0.062318362877517935,0.04015851393342018,-0.03787601366639137,0.023525405675172806,,,,,,
1763596097.344153,,,,,,,-0.0006032586097717285,0.00928005576133728,-0.005348324775695801,2.6277266442775726e-05,0.016789402812719345,-0.03013809584081173
1763596097.348675,-0.0681313600052148,-0.07196048983931541,-0.03844166659712791,0.031407635658979416,-0.016714271157979965,0.038434047251939774,,,,,,
1763596097.354183,,,,,,,0.0021265149116516113,0.012821555137634277,-0.0072746314108371735,0.022831283509731293,0.0060760388150811195,-0.029198866337537766
1763596097.358728,-0.1257731093738228,-0.0810369457423687,0.014289075984805822,0.021193644031882286,0.008957887068390846,0.039917390793561935,,,,,,
1763596097.364214,,,,,,,-0.001296401023864746,0.009464740753173828,-0.005741231143474579,0.033131059259176254,0.00903188157826662,-0.032268691807985306
1763596097.368782,-0.1935229957807809,-0.11026187118291854,0.02120864611491561,0.009495975449681282,0.038562383502721786,0.0349375456571579,,,,,,
1763596097.374244,,,,,,,-0.007822215557098389,0.011137574911117554,-0.0003822892904281616,0.023519545793533325,0.0052664377726614475,-0.037444278597831726
1763596097.378834,-0.20189875606857238,-0.1058417166531086,0.04177124941125512,-0.003766450099647045,0.05648668482899666,0.02397829480469227,,,,,,
1763596097.384275,,,,,,,-0.00999540090560913,0.010973930358886719,0.004690766334533691,0.02277412824332714,0.0008455907227471471,-0.04817228764295578
1763596097.388887,-0.14661599091626704,-0.054741644012928005,0.04789221650958061,-0.009705033153295517,0.07144592702388763,0.011726156808435917,,,,,,
1763596097.394306,,,,,,,-0.009175002574920654,0.0011362135410308838,0.005816217511892319,0.00998387485742569,0.00878420751541853,-0.04572664201259613
1763596097.398941,-0.046846360718458886,-0.003209609696269035,0.027283143723011015,-0.005741933360695839,0.07823166996240616,0.0024491921067237854,,,,,,
1763596097.404336,,,,,,,-0.008935093879699707,-0.0008589029312133789,0.0049591027200222015,0.011934639886021614,0.017763853073120117,-0.04146851599216461
1763596097.408993,0.03719217799268663,0.0029623569369316097,-0.0027262100934982297,-0.0005647484213113785,0.06307535618543625,0.004153348505496979,,,,,,
1763596097.414367,,,,,,,-0.005502820014953613,-0.0006999671459197998,-0.0009892061352729797,0.0325222983956337,0.02439059689640999,-0.03962913528084755
1763596097.419046,0.0950193669307977,-0.0009469254612922668,-0.03600669453516602,0.01157495565712452,0.03905230015516281,0.015760311856865883,,,,,,
1763596097.424397,,,,,,,-0.0002694129943847656,0.005957424640655518,-0.004446391016244888,0.04432675987482071,0.023944517597556114,-0.039363086223602295
1763596097.4291,0.10779467735178767,0.019431261178851127,-0.011201923624426126,0.027198389172554016,0.009362316690385342,0.031667109578847885,,,,,,
1763596097.434428,,,,,,,0.0029947757720947266,0.010581791400909424,-0.0020250119268894196,0.048925917595624924,0.014034363441169262,-0.04046443849802017
1763596097.439152,0.04612403779327869,0.01863280427753925,0.0351775502346456,0.03740382939577103,-0.016569096595048904,0.047399237751960754,,,,,,
1763596097.444458,,,,,,,-0.0013197660446166992,0.007673025131225586,0.0016820505261421204,0.03584926202893257,0.011599700897932053,-0.047572147101163864
1763596097.449205,-0.03983290175981819,-0.007327566409111023,0.03784443135634064,0.0400874987244606,-0.0168995950371027,0.04452968016266823,,,,,,
1763596097.454489,,,,,,,-0.007775604724884033,4.6640634536743164e-05,0.003899216651916504,0.01776503212749958,0.02633843384683132,-0.05273335427045822
1763596097.459259,-0.06963058558702469,0.006174889242649078,0.008093290084600448,0.031456463038921356,0.006052451208233833,0.036624811589717865,,,,,,
1763596097.46452,,,,,,,-0.011285960674285889,-0.00018423795700073242,0.0035938024520874023,0.012337243184447289,0.03385573998093605,-0.04220720753073692
1763596097.469311,-0.06590243190936744,-0.028736265140771863,0.013940847069025038,0.02192261442542076,0.030920516699552536,0.03034214675426483,,,,,,
1763596097.47455,,,,,,,-0.004382967948913574,0.005887746810913086,-0.003222346305847168,0.03252966329455376,0.029249800369143486,-0.042878393083810806
1763596097.479363,-0.09866473769582808,-0.053396659144759176,0.027009587478637694,0.01366342231631279,0.04570148140192032,0.029505157843232155,,,,,,
1763596097.484581,,,,,,,0.0040062665939331055,0.017829954624176025,-0.01095736026763916,0.062180764973163605,0.024797262623906136,-0.049731772392988205
1763596097.489417,-0.09932020592987537,-0.013225392276048659,0.04967500827312469,0.012815471738576889,0.04702320694923401,0.03623869642615318,,,,,,
1763596097.494611,,,,,,,0.00768589973449707,0.024792850017547607,-0.01187753677368164,0.08041936159133911,0.020053906366229057,-0.06093169376254082
1763596097.49947,-0.07612140891104936,0.013527590093016623,0.06042436582446098,0.01382315345108509,0.04221998155117035,0.04551185667514801,,,,,,
1763596097.504642,,,,,,,0.004530549049377441,0.030291080474853516,-0.005826354026794434,0.08217864483594894,0.02813340350985527,-0.08751111477613449
1763596097.509522,-0.09167648624368012,-0.013484919995069502,0.0603529080234468,0.02141422964632511,0.03694745525717735,0.057091813534498215,,,,,,
1763596097.514672,,,,,,,-0.0014923810958862305,0.03254064917564392,-0.0036240890622138977,0.07453753054141998,0.03214998543262482,-0.11696593463420868
1763596097.519576,-0.06322101080566644,0.012099018594622611,0.0295243467785418,0.025205019861459732,0.03651123866438866,0.07194680720567703,,,,,,
1763596097.524703,,,,,,,-0.002764284610748291,0.029572606086730957,-0.0006812885403633118,0.02668159082531929,0.03018164075911045,-0.15142138302326202
1763596097.529629,0.01522014628984034,0.07730886512994765,0.026940760026127098,0.026019413024187088,0.029261315241456032,0.0890541598200798,,,,,,
1763596097.534734,,,,,,,-0.003766357898712158,0.027576416730880737,0.006324417889118195,-0.023933852091431618,0.02151118777692318,-0.17889641225337982
1763596097.539681,0.07833280135020614,0.1361672968119383,0.005195230555534363,0.032070670276880264,0.019849440082907677,0.10373304039239883,,,,,,
1763596097.544764,,,,,,,-0.003494083881378174,0.009097188711166382,0.009917013347148895,-0.0747179388999939,0.03811466693878174,-0.19866985082626343
1763596097.549735,0.17651136296428738,0.19171499651074408,-0.059256491088867186,0.05089655518531799,0.008723553270101547,0.11134622246026993,,,,,,
1763596097.554795,,,,,,,-0.0026701688766479492,0.0013381242752075195,0.008712641894817352,-0.1012275442481041,0.04556778818368912,-0.19303759932518005
1763596097.559788,0.21540347674265503,0.16636662024259566,-0.06474383645877242,0.07292695343494415,-0.027946587651968002,0.12603946030139923,,,,,,
1763596097.564825,,,,,,,0.00577855110168457,0.014786332845687866,6.292760372161865e-05,-0.08538546413183212,0.030031172558665276,-0.19242613017559052
1763596097.56984,0.1651456270802766,0.09356675696969032,-0.03889423267021775,0.09673295170068741,-0.07724542915821075,0.1406106799840927,,,,,,
1763596097.574856,,,,,,,0.012926340103149414,0.029001891613006592,-0.01188565045595169,-0.048889193683862686,0.026846032589673996,-0.19797076284885406
1763596097.579894,0.10611556515842675,0.054413142710924144,-0.018475714019685983,0.11594478785991669,-0.10835573077201843,0.15480288863182068,,,,,,
1763596097.584886,,,,,,,0.009351909160614014,0.028875231742858887,-0.009882926940917969,-0.019622119143605232,0.026220455765724182,-0.20035909116268158
1763596097.589947,0.02738273163996637,0.021755904734134673,-0.0007307984925806522,0.11612854897975922,-0.11514226347208023,0.1616956889629364,,,,,,
1763596097.594917,,,,,,,3.337860107421875e-06,0.029328852891921997,-0.004522204399108887,0.0010255046654492617,0.028901726007461548,-0.20712879300117493
1763596097.599999,-0.052531932074204084,-0.043024318212270735,0.042880379696935415,0.1088540107011795,-0.09327393770217896,0.16730710864067078,,,,,,
1763596097.604947,,,,,,,-0.001959562301635742,0.03691506385803223,-0.003411419689655304,0.025169190019369125,0.028268426656723022,-0.222909078001976
1763596097.610053,-0.15388897759392856,-0.09072071988880634,0.05745820949524641,0.09334216266870499,-0.04708806425333023,0.17335274815559387,,,,,,
1763596097.614978,,,,,,,-0.001827538013458252,0.04190552234649658,-0.004859916865825653,0.03656594827771187,0.019202226772904396,-0.24312999844551086
1763596097.620106,-0.22851028414033353,-0.0894803644388914,0.0415314493060112,0.08215899765491486,-0.004346873611211777,0.18765990436077118,,,,,,
1763596097.625009,,,,,,,-0.0006136298179626465,0.05255994200706482,-0.0039217472076416016,0.03381890058517456,0.005258714780211449,-0.2708335518836975
1763596097.630158,-0.2568977358434349,-0.08991758681237697,0.04529942353740334,0.07751790434122086,0.023322302848100662,0.21047839522361755,,,,,,
1763596097.63504,,,,,,,-0.003092169761657715,0.05896398425102234,0.0010510683059692383,0.04998062551021576,0.001960389781743288,-0.30851486325263977
1763596097.640211,-0.24159677940234542,-0.06734393595457076,0.04933130940198898,0.08529193699359894,0.04912806674838066,0.2319008708000183,,,,,,
1763596097.645071,,,,,,,-0.009610354900360107,0.052596867084503174,0.002377748489379883,0.039413198828697205,0.0199564341455698,-0.33715981245040894
1763596097.650264,-0.16671346091888845,-0.04393091166317463,0.03647387365549803,0.08505944907665253,0.07013322412967682,0.2557377815246582,,,,,,
1763596097.655101,,,,,,,-0.01071232557296753,0.050694555044174194,0.0025806501507759094,0.05222320556640625,0.0243501178920269,-0.3531001806259155
1763596097.660316,-0.09277619111388921,-0.016546061131358147,0.054848026996850964,0.07855161279439926,0.0964568629860878,0.2754504680633545,,,,,,
1763596097.665132,,,,,,,-0.005775094032287598,0.042784422636032104,0.0036808326840400696,0.07050473988056183,0.028885746374726295,-0.3681294322013855
1763596097.67037,-0.022455869697034357,0.013735095363855362,0.019016835159063338,0.0686744824051857,0.13863176107406616,0.2897745668888092,,,,,,
1763596097.675162,,,,,,,-0.003027796745300293,0.04107534885406494,0.005946524441242218,0.09962130337953568,0.03696524351835251,-0.3649752736091614
1763596097.680423,0.040627559268847105,0.07076572709679603,-0.038397389063984155,0.05602641776204109,0.17765462398529053,0.3053413927555084,,,,,,
1763596097.685193,,,,,,,0.001496434211730957,0.03935045003890991,0.00019215792417526245,0.1481638103723526,0.042006608098745346,-0.3689367175102234
1763596097.690475,0.045979514756053684,0.10336977358162402,-0.06727043232694267,0.05061061307787895,0.20452217757701874,0.32090410590171814,,,,,,
1763596097.695224,,,,,,,0.008265316486358643,0.0381292998790741,-0.002660878002643585,0.195796400308609,0.041335493326187134,-0.36374184489250183
1763596097.700529,0.026501857152208683,0.12608137160539626,-0.09104396049380302,0.056740351021289825,0.2205338180065155,0.3342107832431793,,,,,,
1763596097.705254,,,,,,,0.01335000991821289,0.04536563158035278,-0.0013862848281860352,0.237938791513443,0.031126264482736588,-0.36861035227775574
1763596097.710582,-0.0035236440815031526,0.11960428454577922,-0.08115633433833717,0.07390735298395157,0.21831700205802917,0.34987977147102356,,,,,,
1763596097.715285,,,,,,,0.009158551692962646,0.05084007978439331,0.002538919448852539,0.2662044167518616,0.032609112560749054,-0.382020503282547
1763596097.720634,-0.011708411841839551,0.08456628891229628,0.00011909633502364157,0.09515942633152008,0.19838792085647583,0.36789950728416443,,,,,,
1763596097.725315,,,,,,,0.0033074617385864258,0.052991122007369995,0.0064427852630615234,0.2847333550453186,0.0391588918864727,-0.41233155131340027
1763596097.730688,-0.03482194173000753,0.03189092977941036,0.05391834493130445,0.11618641018867493,0.1748381108045578,0.38518181443214417,,,,,,
1763596097.735346,,,,,,,0.0007119178771972656,0.055267393589019775,0.007359392940998077,0.2920033931732178,0.036471229046583176,-0.4427036941051483
1763596097.740741,-0.0703564521761611,-0.02863748094141483,0.05757409095987677,0.13197627663612366,0.15849147737026215,0.40247273445129395,,,,,,
1763596097.745375,,,,,,,0.002496480941772461,0.06261599063873291,0.0064258575439453125,0.2987726330757141,0.03936794772744179,-0.4853816628456116
1763596097.750793,-0.11388280162643641,-0.0286737212985754,0.045193917336314914,0.13926827907562256,0.15767095983028412,0.42458391189575195,,,,,,
1763596097.755407,,,,,,,0.00307542085647583,0.06996911764144897,0.00922250747680664,0.3079701066017151,0.030198685824871063,-0.5213701128959656
1763596097.760847,-0.1394030638627708,-0.0022217677026987073,0.017170768900960684,0.14048652350902557,0.18541261553764343,0.4457097053527832,,,,,,
1763596097.765438,,,,,,,0.0037297606468200684,0.07091885805130005,0.013756752014160156,0.31947681307792664,0.015093502588570118,-0.5573169589042664
1763596097.7709,-0.13428513632714748,0.048768999344110484,-0.019420009132474658,0.13229970633983612,0.23431436717510223,0.4636556804180145,,,,,,
1763596097.775468,,,,,,,0.0028981566429138184,0.06797850131988525,0.02243030071258545,0.32735878229141235,-0.00040023610927164555,-0.5883647799491882
1763596097.780953,-0.08152622709665447,0.11775018111169337,-0.00022197218760848045,0.10843197256326675,0.29264554381370544,0.48079389333724976,,,,,,
1763596097.785499,,,,,,,-0.0014827847480773926,0.06182941794395447,0.02657974511384964,0.31570664048194885,-0.008462956175208092,-0.6169431209564209
1763596097.791006,0.023287680878676473,0.201651868635416,-0.060669718887656925,0.07603488862514496,0.3579467833042145,0.48730960488319397,,,,,,
1763596097.795528,,,,,,,-0.0029973983764648438,0.0520133376121521,0.02321220189332962,0.29904261231422424,-0.00694681890308857,-0.6247317790985107
1763596097.801059,0.18654716541878877,0.23946458967924117,-0.18720584852322936,0.04788320139050484,0.4100104868412018,0.4913836419582367,,,,,,
1763596097.805559,,,,,,,0.0012373924255371094,0.043605417013168335,0.014057278633117676,0.2877814471721649,-0.019657021388411522,-0.6345122456550598
1763596097.811112,0.3455134462770074,0.23972528644204139,-0.2877846762120724,0.036561038345098495,0.42570236325263977,0.4973192811012268,,,,,,
1763596097.815589,,,,,,,0.0056511759757995605,0.03691554069519043,0.0024768076837062836,0.2856588363647461,-0.00642377370968461,-0.6601175665855408
1763596097.821164,0.49491746047660706,0.2693359963297844,-0.31466449983119965,0.05213162675499916,0.39290136098861694,0.5131151080131531,,,,,,
1763596097.82562,,,,,,,0.009796679019927979,0.043958425521850586,0.0004705190658569336,0.26433783769607544,0.0008152306545525789,-0.6511898040771484
1763596097.831217,0.5828040894506499,0.32639468511343,-0.2888976058900356,0.07646626234054565,0.28848785161972046,0.5363743901252747,,,,,,
1763596097.83565,,,,,,,0.017415404319763184,0.0607295036315918,0.005917079746723175,0.2827073633670807,0.00308504281565547,-0.6628783345222473
1763596097.84127,0.598493058828637,0.3773281690150499,-0.24513226005211472,0.13934697210788727,0.17576491832733154,0.5696665644645691,,,,,,
1763596097.845681,,,,,,,0.013851344585418701,0.07662323117256165,0.008442997932434082,0.30136626958847046,0.0186778511852026,-0.6877908706665039
1763596097.851323,0.5267394897382706,0.2996247516095638,-0.20808058650866149,0.2470603883266449,0.06983953714370728,0.6196519136428833,,,,,,
1763596097.855712,,,,,,,0.012142539024353027,0.10680460929870605,0.007876984775066376,0.34993401169776917,0.01700432039797306,-0.7540070414543152
1763596097.861376,0.3847176216792315,0.28292145408987995,0.07364405901208519,0.31939277052879333,-0.07033303380012512,0.6792969703674316,,,,,,
1763596097.865742,,,,,,,0.01535046100616455,0.11928099393844604,0.003939270973205566,0.34327104687690735,0.013143802061676979,-0.8447795510292053
1763596097.871429,0.21142275480972603,0.2435071430683136,0.1762508853971958,0.3575018048286438,-0.15308144688606262,0.729630708694458,,,,,,
1763596097.875773,,,,,,,0.012906551361083984,0.1126689612865448,0.016017913818359375,0.27541443705558777,0.03961961716413498,-0.9279968738555908
1763596097.881482,-0.011126657297974452,0.15716799926459787,0.11290844016894698,0.3738112151622772,-0.12528832256793976,0.7716665267944336,,,,,,
1763596097.885803,,,,,,,0.005550503730773926,0.0974719226360321,0.03322707861661911,0.19695425033569336,0.061136629432439804,-1.0120583772659302
1763596097.891535,-0.23719427012708036,0.08273498183190822,0.13806626230105756,0.37271133065223694,-0.026190226897597313,0.8117617964744568,,,,,,
1763596097.895834,,,,,,,0.005991339683532715,0.09423226118087769,0.03643524646759033,0.10831759870052338,0.07957529276609421,-1.109750509262085
1763596097.901588,-0.40912451584618537,0.08514730367064476,0.15082995534949004,0.35419365763664246,0.08987247943878174,0.8589740991592407,,,,,,
1763596097.905864,,,,,,,0.016388773918151855,0.10770443081855774,0.028698205947875977,-0.018906401470303535,0.0912359431385994,-1.220387578010559
1763596097.911641,-0.6091086704650893,0.08075462166965007,0.12179200384840369,0.3497352600097656,0.20183363556861877,0.9123936295509338,,,,,,
1763596097.915895,,,,,,,0.031183183193206787,0.11531975865364075,0.029341932386159897,-0.16705627739429474,0.08052683621644974,-1.3378398418426514
1763596097.921694,-0.7275643329650163,0.11161153222620486,0.18368585770353674,0.34844064712524414,0.28485873341560364,0.9712631702423096,,,,,,
1763596097.925926,,,,,,,0.039832472801208496,0.10175004601478577,0.027312159538269043,-0.3213534355163574,0.07781387865543365,-1.4464904069900513
1763596097.931747,-0.7311011287890374,0.2317909863114357,0.21945874348282812,0.33630087971687317,0.355733722448349,1.0257676839828491,,,,,,
1763596097.935956,,,,,,,0.04765135049819946,0.08865469694137573,0.028971664607524872,-0.45574063062667847,0.07580877840518951,-1.5545499324798584
1763596097.9418,-0.650187663295865,0.34168928487896916,0.08671484524831176,0.3219704329967499,0.45683661103248596,1.0786291360855103,,,,,,
1763596097.945988,,,,,,,0.04909449815750122,0.09630948305130005,0.028185851871967316,-0.5548475384712219,0.08663532882928848,-1.6530925035476685
1763596097.951853,-0.5036682646218688,0.3801449800014496,-0.008315481467917562,0.3236900568008423,0.5780871510505676,1.1303738355636597,,,,,,
1763596097.956017,,,,,,,0.051963090896606445,0.11027252674102783,0.021374937146902084,-0.6056451797485352,0.09624934196472168,-1.743388056755066
1763596097.961906,-0.35045740548521276,0.3726742057293653,0.025604396855831144,0.3208312690258026,0.6570558547973633,1.1826010942459106,,,,,,
1763596097.966048,,,,,,,0.06101423501968384,0.11266207695007324,0.01687503606081009,-0.6388540267944336,0.10079482197761536,-1.8096765279769897
1763596097.971959,-0.2157198492154479,0.3552572069823742,0.09753690270967781,0.32115402817726135,0.6829150915145874,1.238839030265808,,,,,,
1763596097.976079,,,,,,,0.0700194239616394,0.10925471782684326,0.018665321171283722,-0.684999406337738,0.11758578568696976,-1.8853322267532349
1763596097.982012,-0.10365224378481507,0.3374345500439405,0.12697569009661674,0.3389362096786499,0.673704981803894,1.2930482625961304,,,,,,
1763596097.986109,,,,,,,0.07208067178726196,0.10239821672439575,0.02698814868927002,-0.7413135170936584,0.1476462185382843,-1.9500237703323364
1763596097.992065,-0.03373297744952142,0.34959085178375243,0.11126600672416388,0.36961743235588074,0.6389853358268738,1.3375537395477295,,,,,,
1763596097.99614,,,,,,,0.07094919681549072,0.088939368724823,0.032400377094745636,-0.7770885825157166,0.1918429732322693,-2.0203044414520264
1763596098.002118,0.02204758115708828,0.3979471786737442,0.11180734705924987,0.3999534249305725,0.5978353023529053,1.3634761571884155,,,,,,
1763596098.006171,,,,,,,0.06948995590209961,0.08797609806060791,0.03165411949157715,-0.7828564643859863,0.2545793354511261,-2.0598623752593994
1763596098.01217,0.11600640618428587,0.4947773213535547,0.06118190619349479,0.4153635501861572,0.5619470477104187,1.3758108615875244,,,,,,
1763596098.016201,,,,,,,0.07626157999038696,0.09634405374526978,0.022804267704486847,-0.7341158986091614,0.2930380403995514,-2.075735569000244
1763596098.022223,0.1934863900974393,0.530129789763689,0.1154780714612454,0.4273306727409363,0.5363225340843201,1.382785677909851,,,,,,
1763596098.026232,,,,,,,0.09518921375274658,0.11810994148254395,0.014495626091957092,-0.6961546540260315,0.3222755491733551,-2.0788745880126953
1763596098.032276,0.16667247132137417,0.46872985690534114,0.20237777175717053,0.4405684471130371,0.5080363154411316,1.3959825038909912,,,,,,
1763596098.036263,,,,,,,0.10649281740188599,0.11859130859375,0.010935559868812561,-0.6514579057693481,0.3605782091617584,-2.1083438396453857
1763596098.042329,0.12667393067106603,0.42451428308188915,0.23425540366359054,0.4363457262516022,0.46832475066185,1.412687063217163,,,,,,
1763596098.046293,,,,,,,0.10020071268081665,0.09207576513290405,0.013640984892845154,-0.6554492115974426,0.41932353377342224,-2.1076059341430664
1763596098.052382,0.1762367107413709,0.42246027316153045,0.14073062267210334,0.43898332118988037,0.4617656469345093,1.4428775310516357,,,,,,
1763596098.056324,,,,,,,0.09510916471481323,0.08611971139907837,0.020367875695228577,-0.6355075836181641,0.4740280508995056,-2.1085424423217773
1763596098.062435,0.16360943048894405,0.41085283747613427,0.06987491573691368,0.45498746633529663,0.4651722311973572,1.4801498651504517,,,,,,
1763596098.066354,,,,,,,0.09770870208740234,0.10594624280929565,0.019969463348388672,-0.5552494525909424,0.5300670862197876,-2.118237018585205
1763596098.072488,0.09538725039511918,0.3910924904733896,0.08035780437178909,0.4619061052799225,0.45744025707244873,1.5104933977127075,,,,,,
1763596098.076385,,,,,,,0.10459655523300171,0.12427949905395508,0.014574781060218811,-0.3900163769721985,0.551178514957428,-2.1201276779174805
1763596098.082541,0.04338642952293157,0.39170740750133987,0.059070686193183064,0.4584110975265503,0.467703640460968,1.5292868614196777,,,,,,
1763596098.086416,,,,,,,0.1157713532447815,0.12053227424621582,0.011134028434753418,-0.20245157182216644,0.5824333429336548,-2.123384475708008
1763596098.092594,0.029096622885763642,0.43833881029486654,-0.0036871640801429744,0.4474064111709595,0.5095067620277405,1.5315481424331665,,,,,,
1763596098.096445,,,,,,,0.12207376956939697,0.12049198150634766,0.01971396803855896,-0.004137207288295031,0.5992671847343445,-2.0984933376312256
1763596098.102647,0.025669278785586357,0.4988023390859365,-0.039974282991886136,0.42690080404281616,0.5651280283927917,1.5238609313964844,,,,,,
1763596098.106477,,,,,,,0.12717562913894653,0.11684322357177734,0.019580617547035217,0.15066516399383545,0.615954577922821,-2.0799503326416016
1763596098.1127,0.03021101386845112,0.5904828439176082,-0.010212802989222109,0.41154661774635315,0.6388829350471497,1.5198947191238403,,,,,,
1763596098.116507,,,,,,,0.1309691071510315,0.10235053300857544,0.025647997856140137,0.1666373610496521,0.6358656883239746,-2.0887410640716553
1763596098.122753,0.0006312836408615112,0.6136152977019548,0.04380871005561202,0.4102303981781006,0.6904855966567993,1.529870867729187,,,,,,
1763596098.126538,,,,,,,0.1297593116760254,0.06292814016342163,0.04289136826992035,0.06673234701156616,0.6415497064590454,-2.1255757808685303
1763596098.132806,-0.06957885539978742,0.5275871195435524,0.11210548975560813,0.41404110193252563,0.6980186104774475,1.5469040870666504,,,,,,
1763596098.136568,,,,,,,0.11987417936325073,-0.005129098892211914,0.05317173898220062,-0.12790410220623016,0.6723712682723999,-2.1654086112976074
1763596098.142859,-0.07563917835205793,0.42701545224785803,0.15266422157194465,0.41708409786224365,0.6733126044273376,1.562849521636963,,,,,,
1763596098.146599,,,,,,,0.1005440354347229,-0.049815475940704346,0.06770133972167969,-0.3355081379413605,0.7032623291015625,-2.2068803310394287
1763596098.152912,-0.02893207997381687,0.3518716561973095,-0.0019721403231844304,0.4167647659778595,0.6579203009605408,1.5699857473373413,,,,,,
1763596098.15663,,,,,,,0.08215361833572388,-0.0526127815246582,0.06337670981884003,-0.5077623128890991,0.7446081638336182,-2.247357130050659
1763596098.162965,0.06969985143095254,0.2744341962516308,-0.21370354095697403,0.4162069261074066,0.658743143081665,1.565450668334961,,,,,,
1763596098.16666,,,,,,,0.08077949285507202,-0.03205054998397827,0.04867899417877197,-0.6218595504760742,0.7710738778114319,-2.2707598209381104
1763596098.173018,0.18460457998365162,0.22016016975045202,-0.296752447576262,0.4217154085636139,0.6497882604598999,1.5588271617889404,,,,,,
1763596098.176691,,,,,,,0.09638339281082153,-0.00642848014831543,0.0348266065120697,-0.7030915021896362,0.7728230357170105,-2.2807912826538086
1763596098.183071,0.27041005530208345,0.18581600160002706,-0.27670915544629093,0.43150776624679565,0.6053450107574463,1.560162901878357,,,,,,
1763596098.186721,,,,,,,0.11794030666351318,0.012940645217895508,0.019655942916870117,-0.8324761390686035,0.7552104592323303,-2.3047239780426025
1763596098.193124,0.28719986206144094,0.153933839648962,-0.16576569520737974,0.43816834688186646,0.5383297204971313,1.5689350366592407,,,,,,
1763596098.196752,,,,,,,0.1300106644630432,0.005328118801116943,0.014459371566772461,-0.955106258392334,0.7264776229858398,-2.320629358291626
1763596098.203177,0.25106764145046473,0.13825287091434002,-0.09722469495534897,0.43637731671333313,0.4706709682941437,1.5898610353469849,,,,,,
1763596098.206781,,,,,,,0.12159442901611328,-0.029208004474639893,0.020024001598358154,-1.123664379119873,0.7357821464538574,-2.3524231910705566
1763596098.21323,0.24773469763547182,0.15471826802492142,-0.15954994423137978,0.42867517471313477,0.432540625333786,1.6057705879211426,,,,,,
1763596098.216813,,,,,,,0.09979340434074402,-0.03396731615066528,0.033825621008872986,-1.2318867444992065,0.7559551000595093,-2.368699789047241
1763596098.223283,0.21820260594189167,0.1581558412581682,-0.3037818347563967,0.4189343750476837,0.4167616069316864,1.6094908714294434,,,,,,
1763596098.226842,,,,,,,0.08809864521026611,-0.020011723041534424,0.016286700963974,-1.2691824436187744,0.7761458158493042,-2.3985235691070557
1763596098.233336,0.18641805914640425,0.16621055289804934,-0.416724359858036,0.41056111454963684,0.4140323996543884,1.6073832511901855,,,,,,
1763596098.236873,,,,,,,0.08924007415771484,-0.005412161350250244,0.003117173910140991,-1.3632689714431763,0.7909548878669739,-2.4200727939605713
1763596098.243388,0.1742822156727314,0.19932780960202215,-0.3708195177733898,0.4195321202278137,0.40818503499031067,1.6069103479385376,,,,,,
1763596098.246905,,,,,,,0.1066213846206665,0.016453564167022705,0.013204783201217651,-1.396074891090393,0.7896917462348938,-2.393660068511963
1763596098.253441,0.13480389950424432,0.18710078071355818,-0.10614800612330436,0.4146984815597534,0.35385948419570923,1.6140177249908447,,,,,,
1763596098.256934,,,,,,,0.11430823802947998,0.008812129497528076,0.00413358211517334,-1.3989354372024536,0.7952620387077332,-2.3980908393859863
1763596098.263494,0.09322247357666492,0.17069909648895262,0.01490178278936073,0.40452536940574646,0.28923293948173523,1.6311501264572144,,,,,,
1763596098.266965,,,,,,,0.10341605544090271,0.007327258586883545,0.00298464298248291,-1.4125316143035889,0.8226478099822998,-2.3877437114715576
1763596098.273547,0.06051672028303146,0.15249299319088458,-0.07160508226407691,0.39433425664901733,0.2523609399795532,1.6480367183685303,,,,,,
1763596098.276995,,,,,,,0.09797504544258118,0.036241352558135986,0.01569303870201111,-1.4232856035232544,0.8600956201553345,-2.3563833236694336
1763596098.2836,-0.02787467987537384,0.10689385605454445,-0.18405072722686452,0.3897315561771393,0.26131343841552734,1.6652557849884033,,,,,,
1763596098.287026,,,,,,,0.1018352210521698,0.0441288948059082,0.01355329155921936,-1.4002889394760132,0.8937848806381226,-2.358046770095825
1763596098.293653,-0.10709025540947914,0.12906301776468754,-0.2367138296663761,0.3847695291042328,0.29539257287979126,1.669006109237671,,,,,,
1763596098.297056,,,,,,,0.10990297794342041,0.034004032611846924,0.023413032293319702,-1.49418044090271,0.9421316385269165,-2.3622658252716064
1763596098.303706,-0.1498170519798994,0.2436895138978958,-0.14357493358678183,0.38580358028411865,0.3147108852863312,1.667768955230713,,,,,,
1763596098.307087,,,,,,,0.11982683837413788,0.03909701108932495,0.043548643589019775,-1.4961400032043457,0.9769282341003418,-2.3691437244415283
1763596098.313759,-0.17416648033857343,0.3282593099415302,0.01704698725766502,0.3855958580970764,0.3110543489456177,1.674798607826233,,,,,,
1763596098.317117,,,,,,,0.114779531955719,0.006094455718994141,0.02501624822616577,-1.5558347702026367,1.022098422050476,-2.418872594833374
1763596098.323812,-0.15972528253197668,0.42247137907743454,0.03155014438456855,0.38102754950523376,0.3058711886405945,1.6860140562057495,,,,,,
1763596098.327148,,,,,,,0.10504977405071259,-0.0029838085174560547,0.04698941111564636,-1.6663328409194946,1.0947502851486206,-2.396346092224121
1763596098.333865,-0.12257014861404895,0.48419162993133064,-0.017913266964489593,0.37902164459228516,0.30329805612564087,1.6973921060562134,,,,,,
1763596098.337179,,,,,,,0.10594375431537628,0.008661210536956787,0.05258873105049133,-1.6770505905151367,1.153030276298523,-2.3745298385620117
1763596098.343918,-0.14473404962718486,0.42813831879794595,-0.10318448014259338,0.3773042559623718,0.3021518290042877,1.7035603523254395,,,,,,
1763596098.347209,,,,,,,0.10982562601566315,0.012715458869934082,0.030053377151489258,-1.6147464513778687,1.1803077459335327,-2.330883026123047
1763596098.353971,-0.16598551197052,0.4061024280786514,-0.12253916895389556,0.3683672249317169,0.31738191843032837,1.7045927047729492,,,,,,
1763596098.35724,,,,,,,0.12024655938148499,0.029252827167510986,0.008982241153717041,-1.5100125074386597,1.206665277481079,-2.2694501876831055
1763596098.364024,-0.19775193858742712,0.3385276059776544,-0.014327800559997557,0.35783651471138,0.332746297121048,1.6964492797851562,,,,,,
1763596098.36727,,,,,,,0.12896138429641724,0.044557034969329834,0.0016342401504516602,-1.4560033082962036,1.2418729066848755,-2.2240092754364014
1763596098.374077,-0.25354279939234253,0.2588952663362026,0.15513912378549574,0.33864444494247437,0.33939433097839355,1.67869234085083,,,,,,
1763596098.377301,,,,,,,0.13595956563949585,0.03538978099822998,0.005202591419219971,-1.4427086114883423,1.2836285829544067,-2.163094997406006
1763596098.38413,-0.34635786121189593,0.20279227084219453,0.26263971356153487,0.3069782555103302,0.3441958427429199,1.6511306762695312,,,,,,
1763596098.387331,,,,,,,0.14143510162830353,-0.003622591495513916,0.013545870780944824,-1.4897829294204712,1.3271960020065308,-2.1297314167022705
1763596098.394183,-0.41570320011675355,0.17169979796409607,0.11479191582798957,0.2925337851047516,0.35867172479629517,1.6234517097473145,,,,,,
1763596098.397362,,,,,,,0.13931000232696533,-0.020578622817993164,0.023152828216552734,-1.5308188199996948,1.37568199634552,-2.111996650695801
1763596098.404236,-0.44392508599460123,0.22467326326072215,-0.055277066063880914,0.30172884464263916,0.37863582372665405,1.6038548946380615,,,,,,
1763596098.407393,,,,,,,0.13767677545547485,-0.017075657844543457,0.015460729598999023,-1.5063302516937256,1.4128574132919312,-2.0839483737945557
1763596098.414289,-0.44703415792584417,0.2977946135729551,-0.06627893707156181,0.30519044399261475,0.3801564872264862,1.5855083465576172,,,,,,
1763596098.417423,,,,,,,0.13741174340248108,-0.01851785182952881,-0.008422911167144775,-1.4543020725250244,1.4430019855499268,-2.061455011367798
1763596098.424342,-0.44247780979573725,0.36050095285475253,0.1001204163968563,0.29145926237106323,0.3824054002761841,1.5557975769042969,,,,,,
1763596098.427454,,,,,,,0.13860934972763062,-0.006103336811065674,-0.007143080234527588,-1.4398045539855957,1.4676460027694702,-2.0107686519622803
1763596098.434395,-0.4589671723037958,0.40225802761018276,0.17475334031581877,0.26769161224365234,0.3896031081676483,1.5144578218460083,,,,,,
1763596098.437485,,,,,,,0.141771137714386,0.01692497730255127,0.0018919706344604492,-1.3626980781555176,1.479831337928772,-1.9479364156723022
1763596098.444448,-0.4202840981662273,0.37350831846594806,0.1433516553580761,0.25014567375183105,0.39223259687423706,1.4673267602920532,,,,,,
1763596098.447515,,,,,,,0.14175888895988464,0.013822197914123535,-0.00030434131622314453,-1.2971805334091187,1.4673259258270264,-1.8946372270584106
1763596098.454501,-0.3692565062403679,0.32220600125193594,0.05165653747916221,0.24451175332069397,0.38877955079078674,1.434232473373413,,,,,,
1763596098.457546,,,,,,,0.14240680634975433,0.020985126495361328,0.01076442003250122,-1.1919968128204346,1.4528087377548218,-1.8421179056167603
1763596098.464554,-0.32664895213544365,0.21642507487535476,0.048724575680494306,0.23315808176994324,0.38378599286079407,1.4312723875045776,,,,,,
1763596098.467577,,,,,,,0.13316042721271515,0.009761214256286621,-0.022481143474578857,-1.1047332286834717,1.4795682430267334,-1.7861379384994507
1763596098.474607,-0.31245149995684623,0.11697276699841022,0.1183633445739746,0.20550887286663055,0.3913104832172394,1.4334263801574707,,,,,,
1763596098.477607,,,,,,,0.12371861934661865,-0.002984166145324707,-0.04419887065887451,-1.0705029964447021,1.4916832447052002,-1.7615057229995728
1763596098.48466,-0.28939269593060013,0.05737257703840732,0.20832480706069617,0.17560754716396332,0.3866630792617798,1.4095929861068726,,,,,,
1763596098.487638,,,,,,,0.12482012808322906,0.007776856422424316,-0.020828306674957275,-0.9462633728981018,1.4702873229980469,-1.6572895050048828
1763596098.494712,-0.3038397389560938,-0.15292904652059078,0.24835050971256567,0.1358225792646408,0.3633183538913727,1.3796271085739136,,,,,,
1763596098.497669,,,,,,,0.12178471684455872,0.0033023953437805176,-0.05766934156417847,-0.7478610277175903,1.450848937034607,-1.5844470262527466
1763596098.504765,-0.31138767011761664,-0.28234803811609743,0.18315293813692404,0.09886732697486877,0.3625892698764801,1.3402583599090576,,,,,,
1763596098.507699,,,,,,,0.1118692010641098,0.012851238250732422,-0.07796132564544678,-0.6201403737068176,1.4350903034210205,-1.5285438299179077
1763596098.514818,-0.28733225626945497,-0.3160708594977856,0.04862051251782104,0.08331926167011261,0.3687092065811157,1.2840901613235474,,,,,,
1763596098.51773,,,,,,,0.11569803953170776,0.03411597013473511,-0.047824859619140625,-0.5566139817237854,1.423061490058899,-1.4894564151763916
1763596098.524871,-0.2953168252825737,-0.3251607594043016,0.046892702344525604,0.07036585360765457,0.3442060649394989,1.245328664779663,,,,,,
1763596098.52776,,,,,,,0.11401161551475525,-0.007585048675537109,-0.042630672454833984,-0.6079650521278381,1.42274010181427,-1.4861894845962524
1763596098.534924,-0.24897125369310377,-0.1627840855807066,0.03806640354394913,0.06791254878044128,0.3218613564968109,1.2472299337387085,,,,,,
1763596098.537791,,,,,,,0.11339807510375977,-0.04668688774108887,-0.025698304176330566,-0.7134445905685425,1.406959056854248,-1.486225962638855
1763596098.544977,-0.12594225539565085,0.05076104994416237,-0.016967519680131226,0.059429943561553955,0.3185765743255615,1.2939192056655884,,,,,,
1763596098.547821,,,,,,,0.11140814423561096,-0.036889851093292236,-0.00687640905380249,-0.7565715312957764,1.405556082725525,-1.4788402318954468
1763596098.55503,-0.007073299387097358,0.21313889281153678,-0.0608767857670784,0.032123491168022156,0.3162609338760376,1.3532147407531738,,,,,,
1763596098.557852,,,,,,,0.09715431928634644,-0.011441826820373535,-0.02327728271484375,-0.7419095635414124,1.4232972860336304,-1.4769678115844727
1763596098.565083,0.05360591798126697,0.24759587368667124,-0.060895490467548365,-0.005156830884516239,0.3091765344142914,1.3892661333084106,,,,,,
1763596098.567883,,,,,,,0.09020379185676575,0.03706914186477661,-0.026272833347320557,-0.6551635265350342,1.432614803314209,-1.4513194561004639
1763596098.575136,0.04412555745244026,0.12768237706124783,-0.02064071003384888,-0.0340726375579834,0.27135536074638367,1.3914501667022705,,,,,,
1763596098.577913,,,,,,,0.09497469663619995,0.07233649492263794,-0.0422099232673645,-0.5250331163406372,1.4346572160720825,-1.4433575868606567
1763596098.585189,-0.03772971893548965,-0.1534632995277643,0.045962125229835504,-0.06659203767776489,0.21473067998886108,1.3713268041610718,,,,,,
1763596098.587944,,,,,,,0.0901913046836853,0.07796669006347656,-0.04218697547912598,-0.42075252532958984,1.4433337450027466,-1.4216519594192505
1763596098.595242,-0.18637422000467777,-0.3765490013360977,0.10789225597474723,-0.09314881265163422,0.17924194037914276,1.343201994895935,,,,,,
1763596098.597974,,,,,,,0.08667245507240295,0.07144081592559814,-0.02590310573577881,-0.39348092675209045,1.434976577758789,-1.4373186826705933
1763596098.605295,-0.25424305661618707,-0.3959077818006277,0.05186228918433189,-0.12209435552358627,0.1687069535255432,1.3145147562026978,,,,,,
1763596098.608005,,,,,,,0.09152653813362122,0.05161941051483154,0.0014942288398742676,-0.3976738154888153,1.4196468591690063,-1.424494981765747
1763596098.615348,-0.19746318477392197,-0.31719314152598377,-0.04556468687746674,-0.16854998469352722,0.17692813277244568,1.2996023893356323,,,,,,
1763596098.618035,,,,,,,0.09336015582084656,0.01894223690032959,-0.0066727399826049805,-0.39958855509757996,1.4089728593826294,-1.436009168624878
1763596098.625401,-0.008675473886728286,-0.032815351147949694,-0.022780023617483675,-0.20842166244983673,0.18072037398815155,1.307414174079895,,,,,,
1763596098.628066,,,,,,,0.08581507205963135,0.02865070104598999,-0.009738922119140625,-0.3470851182937622,1.4104105234146118,-1.4201675653457642
1763596098.635454,0.13518705360293387,0.2139396878004074,0.09675941553115844,-0.24370642006397247,0.16771988570690155,1.3402999639511108,,,,,,
1763596098.638096,,,,,,,0.07569342851638794,0.04516726732254028,-0.021481633186340332,-0.25974011421203613,1.426945447921753,-1.4037885665893555
1763596098.645507,0.13832359806299208,0.22376462398320435,0.17028876212239263,-0.28056856989860535,0.1610366851091385,1.3827672004699707,,,,,,
1763596098.648126,,,,,,,0.06738430261611938,0.04549574851989746,-0.03424805402755737,-0.2082928866147995,1.4297077655792236,-1.4073835611343384
1763596098.65556,0.10990881996154785,0.14491671271771192,0.1103553946852684,-0.3063106834888458,0.16409611701965332,1.4301626682281494,,,,,,
1763596098.658157,,,,,,,0.07624733448028564,0.047520339488983154,-0.00016069412231445312,-0.16351191699504852,1.420223355293274,-1.3546744585037231
1763596098.665613,0.062250996729731556,0.12096738959252834,0.06844163153078407,-0.3452264070510864,0.18080244958400726,1.4872474670410156,,,,,,
1763596098.668187,,,,,,,0.08467668294906616,0.01871711015701294,-0.011408448219299316,-0.1021132692694664,1.405922770500183,-1.343320369720459
1763596098.675666,0.03502162902057171,0.15588088206350803,0.04031677628662437,-0.385831356048584,0.2192222774028778,1.5455150604248047,,,,,,
1763596098.678218,,,,,,,0.08333635330200195,0.0028637051582336426,-0.0265616774559021,-0.06915026158094406,1.3888380527496338,-1.3487380743026733
1763596098.685719,0.031174890464544296,0.3349515010565519,0.12603694794178008,-0.41424334049224854,0.2595950663089752,1.6090413331985474,,,,,,
1763596098.688248,,,,,,,0.08862781524658203,0.014521777629852295,-0.004508614540100098,-0.02568800188601017,1.39337158203125,-1.3105592727661133
1763596098.695772,-0.05546002141535282,0.3797472128555178,0.2182231372732669,-0.4432781934738159,0.29321372509002686,1.6791800260543823,,,,,,
1763596098.698279,,,,,,,0.08446812629699707,-0.024332284927368164,-0.031205415725708008,-0.012016280554234982,1.380655288696289,-1.2906063795089722
1763596098.705825,-0.1421878722757101,0.4580874668598175,0.17809329839348792,-0.4807738959789276,0.3240339756011963,1.7498011589050293,,,,,,
1763596098.708309,,,,,,,0.10016751289367676,-0.010394692420959473,-0.015169858932495117,0.06939708441495895,1.362447738647461,-1.2420260906219482
1763596098.715878,-0.3397048330634832,0.5850415296465158,0.18481055088452994,-0.5145660042762756,0.3421567678451538,1.8136166334152222,,,,,,
1763596098.71834,,,,,,,0.10634177923202515,0.005758941173553467,-0.03233736753463745,0.16480635106563568,1.3499839305877686,-1.2086567878723145
1763596098.725931,-0.4238648792624473,0.6770420602127909,0.19901925510950386,-0.5393115282058716,0.39598485827445984,1.8602420091629028,,,,,,
1763596098.728371,,,,,,,0.09221351146697998,-0.0030871033668518066,-0.041725099086761475,0.22023366391658783,1.3612914085388184,-1.1770328283309937
1763596098.735984,-0.5024596925497055,0.588015869282186,0.21326040029935536,-0.5452961921691895,0.43377405405044556,1.8598617315292358,,,,,,
1763596098.738401,,,,,,,0.0937914252281189,-0.0035361051559448242,-0.02266782522201538,0.2991441488265991,1.378726840019226,-1.0987513065338135
1763596098.746037,-0.7016478014200925,0.16165654285550116,0.22795542673654853,-0.5422164797782898,0.435501366853714,1.789438009262085,,,,,,
1763596098.748432,,,,,,,0.10501325130462646,-0.03373628854751587,-0.057215332984924316,0.34265512228012085,1.357667088508606,-1.0584919452667236
1763596098.75609,-0.7834060471743345,0.06395663160383701,0.15062076957821846,-0.5076321363449097,0.42273977398872375,1.6841890811920166,,,,,,
1763596098.758462,,,,,,,0.13124459981918335,-0.019539356231689453,-0.029651135206222534,0.3609623610973358,1.3244258165359497,-0.9928779602050781
1763596098.766143,-0.789242498242855,0.16422785464823245,0.13306290105581284,-0.4631236791610718,0.35014235973358154,1.57509446144104,,,,,,
1763596098.768493,,,,,,,0.14333057403564453,-0.022534430027008057,0.006539195775985718,0.3877604305744171,1.3083597421646118,-0.9456774592399597
1763596098.776196,-0.7743857053726911,0.2383841009661555,0.1378700090765953,-0.44433242082595825,0.27833423018455505,1.4880703687667847,,,,,,
1763596098.778523,,,,,,,0.13185447454452515,-0.07023096084594727,-0.03714144229888916,0.38959822058677673,1.2718722820281982,-0.915306031703949
1763596098.786249,-0.7206348259627818,0.312394947464019,-0.023981764090061187,-0.41451147198677063,0.2707071602344513,1.4004067182540894,,,,,,
1763596098.788554,,,,,,,0.13071352243423462,-0.07361066341400146,-0.04032331705093384,0.3431617319583893,1.2681241035461426,-0.88713139295578
1763596098.796301,-0.7417173614799976,0.3116932289354503,-0.0729062462568283,-0.36609548330307007,0.2746680676937103,1.3237793445587158,,,,,,
1763596098.798584,,,,,,,0.12371277809143066,-0.09456837177276611,-0.027230650186538696,0.25204041600227356,1.2452648878097534,-0.8431193828582764
1763596098.806353,-0.78421619451344,0.3014125118091702,-0.09039616410955786,-0.3230491578578949,0.27274376153945923,1.2673211097717285,,,,,,
1763596098.808615,,,,,,,0.12776672840118408,-0.1364414095878601,-0.0375669002532959,0.12616422772407532,1.1670172214508057,-0.8262352347373962
1763596098.816406,-0.6749597009807825,0.40058863309323783,-0.21558928163833915,-0.2744816243648529,0.26939138770103455,1.2207435369491577,,,,,,
1763596098.818646,,,,,,,0.14499801397323608,-0.1253158450126648,0.0042521655559539795,0.06529315561056137,1.1123707294464111,-0.7624605894088745
1763596098.826459,-0.7198784546375274,0.41207171174660323,-0.2052735662639141,-0.2260584980249405,0.25038793683052063,1.1698044538497925,,,,,,
1763596098.828676,,,,,,,0.12430077791213989,-0.12672078609466553,-0.025601863861083984,0.022409338504076004,1.0742864608764648,-0.7433260679244995
1763596098.836512,-0.743268098053336,0.4154964254982769,-0.3138825556732714,-0.18317361176013947,0.2417326420545578,1.1020704507827759,,,,,,
1763596098.838707,,,,,,,0.11914712190628052,-0.10067141056060791,-0.028034955263137817,-0.020309988409280777,1.0367045402526855,-0.7087101936340332
1763596098.846565,-0.6848655934453011,0.4993281165257096,-0.31376082898974417,-0.14650918543338776,0.22492368519306183,1.0439177751541138,,,,,,
1763596098.848737,,,,,,,0.11911416053771973,-0.10797995328903198,-0.004987001419067383,-0.08108145743608475,1.019271731376648,-0.6690168380737305
1763596098.856618,-0.6838654764920473,0.5409392069391906,-0.3656861004076898,-0.11129100620746613,0.23631562292575836,1.0113422870635986,,,,,,
1763596098.858768,,,,,,,0.10167402029037476,-0.11404931545257568,0.007984966039657593,-0.14271004498004913,0.9927359223365784,-0.6511089205741882
1763596098.866671,-0.5937438915401697,0.5590431650370359,-0.49198403737321494,-0.08094044774770737,0.24617932736873627,0.9974803924560547,,,,,,
1763596098.868798,,,,,,,0.09021282196044922,-0.08541280031204224,0.041575491428375244,-0.13358232378959656,0.9939910769462585,-0.6079457402229309
1763596098.876724,-0.5311895279496908,0.45622591077163815,-0.3920458456754684,-0.07832149416208267,0.23868413269519806,0.9922742247581482,,,,,,
1763596098.878829,,,,,,,0.07070153951644897,-0.06582015752792358,0.017958998680114746,-0.055027563124895096,1.0006327629089355,-0.5822023749351501
1763596098.886777,-0.41774259698987004,0.30211751827336847,-0.2938086126767099,-0.08494177460670471,0.22796784341335297,0.9725712537765503,,,,,,
1763596098.88886,,,,,,,0.06565994024276733,-0.029948025941848755,-0.0017926692962646484,0.029577601701021194,0.9920983910560608,-0.5492657423019409
1763596098.89683,-0.36542905690670013,0.14666801336444912,-0.36221886268854137,-0.08486854285001755,0.20842662453651428,0.9332528710365295,,,,,,
1763596098.89889,,,,,,,0.0675085186958313,-0.017795413732528687,0.0012897253036499023,0.05761180818080902,0.9802182912826538,-0.5309162139892578
1763596098.906883,-0.25249241355657576,0.07569207758307457,-0.554427195674181,-0.0748123973608017,0.19783198833465576,0.9081162810325623,,,,,,
1763596098.908921,,,,,,,0.06163656711578369,-0.026566296815872192,0.017022162675857544,-0.002778297755867243,0.9648324251174927,-0.527685821056366
1763596098.916936,-0.008187398108839988,0.2699078779336065,-0.6189106276310979,-0.057127948850393295,0.1780308485031128,0.9230531454086304,,,,,,
1763596098.918951,,,,,,,0.052499473094940186,-0.036191582679748535,0.054216355085372925,-0.07663600891828537,0.9623684287071228,-0.550937831401825
1763596098.926989,0.1616021823197603,0.3580436228305101,-0.4665761860027909,-0.04562780261039734,0.13686487078666687,0.9671855568885803,,,,,,
1763596098.928982,,,,,,,0.03791862726211548,-0.05229666829109192,0.03691783547401428,-0.08781170099973679,0.9693954586982727,-0.5863882303237915
1763596098.937042,0.19561668012440203,0.30914420203976334,-0.46293563754335043,-0.034163426607847214,0.11502056568861008,1.0079412460327148,,,,,,
1763596098.939012,,,,,,,0.03518933057785034,-0.025950342416763306,0.022347956895828247,-0.12227525562047958,0.9552817940711975,-0.6225147247314453
1763596098.947095,0.09195639916360378,0.2567423991512507,-0.5519289491176604,-0.014453285373747349,0.09572969377040863,1.039063811302185,,,,,,
1763596098.949042,,,,,,,0.04363316297531128,-0.0010833144187927246,0.04561948776245117,-0.18431200087070465,0.9333288073539734,-0.6528462767601013
1763596098.957148,-0.01603869613111019,0.18269206089321524,-0.5877614561296999,0.017140325158834457,0.09557496756315231,1.0520190000534058,,,,,,
1763596098.959073,,,,,,,0.03949332237243652,-0.03923767805099487,0.04330301284790039,-0.26405587792396545,0.8870140314102173,-0.7147257924079895
1763596098.967201,0.03371756068468094,0.19459066154491156,-0.7869007574222981,0.07939950376749039,0.12025570124387741,1.0491294860839844,,,,,,
1763596098.969104,,,,,,,0.03335970640182495,-0.02361920475959778,0.06194579601287842,-0.2766188085079193,0.857212483882904,-0.7588844895362854
1763596098.977254,0.06966098072528838,0.1644185549147427,-0.8375570318177342,0.14436891674995422,0.11596934497356415,1.0501176118850708,,,,,,
1763596098.979135,,,,,,,0.016915559768676758,0.012286007404327393,0.06746804714202881,-0.2354702204465866,0.8457393050193787,-0.8078737258911133
1763596098.987307,0.044563364347815514,0.04673351146113127,-0.49700011196956034,0.14838440716266632,0.07862383127212524,1.0522441864013672,,,,,,
1763596098.989165,,,,,,,-0.0006339550018310547,0.04599270224571228,0.05245831608772278,-0.18976426124572754,0.8885424137115479,-0.8208614587783813
1763596098.99736,0.1956096658617258,-0.005390205138362944,-0.03599485796689987,0.10420949757099152,0.021285708993673325,1.0691866874694824,,,,,,
1763596098.999196,,,,,,,-0.0032692551612854004,0.08671510219573975,0.04986032843589783,-0.12861153483390808,0.9611865282058716,-0.8381577134132385
1763596099.007413,0.32310850304961203,-0.06201544810791965,0.25827903413400055,0.04292607679963112,-0.04481963813304901,1.1018900871276855,,,,,,
1763596099.009226,,,,,,,0.003472268581390381,0.08697053790092468,0.025552600622177124,-0.02980027347803116,1.0244542360305786,-0.8565641641616821
1763596099.017466,0.2767898194670677,-0.23588484976263716,0.25190423840507864,-0.0036459523253142834,-0.06358852982521057,1.1315968036651611,,,,,,
1763596099.019257,,,,,,,0.009159326553344727,0.07018312811851501,0.007540225982666016,0.05283889174461365,1.0635899305343628,-0.8562040328979492
1763596099.027519,0.0884562820881605,-0.3115144748350605,0.1800502776801586,-0.030925525352358818,-0.0840567946434021,1.1626797914505005,,,,,,
1763596099.029287,,,,,,,0.015009462833404541,0.07995036244392395,0.018514126539230347,0.17900294065475464,1.1002427339553833,-0.8156781792640686
1763596099.037572,0.08869768962860107,-0.3433190780378878,0.3022679595947265,-0.060689277946949005,-0.11675162613391876,1.1807115077972412,,,,,,
1763596099.039318,,,,,,,0.018657565116882324,0.06368175148963928,-0.024571537971496582,0.28770995140075684,1.1079204082489014,-0.7698557376861572
1763596099.047625,0.08386077099144458,-0.1842001273686066,0.43845819889083504,-0.09074420481920242,-0.13099436461925507,1.180442452430725,,,,,,
1763596099.049349,,,,,,,0.05295705795288086,0.05578964948654175,-0.04019010066986084,0.4040301442146301,1.069629430770874,-0.6964364051818848
1763596099.057678,-0.11412146922051906,-0.11439765581339598,0.47916751815900205,-0.12914618849754333,-0.1287921965122223,1.1461795568466187,,,,,,
1763596099.059379,,,,,,,0.08400297164916992,0.03158140182495117,-0.08117938041687012,0.48583000898361206,1.0260542631149292,-0.6559240818023682
1763596099.067731,-0.39762510711252685,-0.14065708251185716,0.45353521038293837,-0.15905988216400146,-0.12167687714099884,1.0795207023620605,,,,,,
1763596099.06941,,,,,,,0.07727915048599243,-0.0030126571655273438,-0.10305345058441162,0.4840123951435089,1.0011612176895142,-0.6436309218406677
1763596099.077784,-0.6749830818563699,-0.1080081739719957,0.40240342743024227,-0.1520211398601532,-0.11753619462251663,0.9970651865005493,,,,,,
1763596099.07944,,,,,,,0.0736767053604126,-0.056680381298065186,-0.11501148343086243,0.4206543564796448,0.9445356726646423,-0.629484236240387
1763596099.087837,-0.7340355748057364,0.010736936461180449,0.2819312740087509,-0.1315688192844391,-0.09534747153520584,0.9146401882171631,,,,,,
1763596099.089471,,,,,,,0.09944891929626465,-0.10099536180496216,-0.1415501832962036,0.362993985414505,0.8569567799568176,-0.5808026790618896
1763596099.09789,-0.7719236991733313,0.10330774119608103,0.23529928669333455,-0.1332431435585022,-0.09047069400548935,0.8267154097557068,,,,,,
1763596099.099501,,,,,,,0.13272720575332642,-0.06852930784225464,-0.1583002805709839,0.3743015229701996,0.7490516304969788,-0.5218891501426697
1763596099.107943,-0.9301444223612546,0.059956748312711715,0.6403766095079482,-0.17202113568782806,-0.10907240211963654,0.7247727513313293,,,,,,
1763596099.109532,,,,,,,0.14874112606048584,-0.06585884094238281,-0.20118239521980286,0.39204323291778564,0.6529772877693176,-0.45156756043434143
1763596099.117996,-1.2163397835552692,-0.10269063221104442,0.6745229169987141,-0.20061016082763672,-0.0877564549446106,0.5930757522583008,,,,,,
1763596099.119562,,,,,,,0.15288573503494263,-0.09218129515647888,-0.2148531824350357,0.4066370725631714,0.5121392011642456,-0.3758603036403656
1763596099.128049,-1.4136048154085874,-0.16648593577332793,0.3046257747672498,-0.19574296474456787,-0.05231862515211105,0.44576141238212585,,,,,,
1763596099.129593,,,,,,,0.17066538333892822,-0.09008824825286865,-0.19938652217388153,0.43126440048217773,0.36892107129096985,-0.3039940893650055
1763596099.138102,-1.4010983850568532,-0.03175502844005823,0.3486111930966377,-0.19933556020259857,-0.039875272661447525,0.3119785785675049,,,,,,
1763596099.139624,,,,,,,0.16501498222351074,-0.11644795536994934,-0.20120717585086823,0.46107980608940125,0.26579123735427856,-0.22997485101222992
1763596099.148155,-1.355415661290288,0.06260492473393678,0.47428822168484325,-0.21649806201457977,-0.00627736933529377,0.18590101599693298,,,,,,
1763596099.149654,,,,,,,0.15185481309890747,-0.13183435797691345,-0.21996094286441803,0.4882674813270569,0.15049126744270325,-0.15598663687705994
1763596099.158208,-1.3408990601599216,0.06240151111632585,0.2691537716306746,-0.2174842208623886,0.02261313423514366,0.06912006437778473,,,,,,
1763596099.159685,,,,,,,0.16039037704467773,-0.11703598499298096,-0.20113956928253174,0.4492204487323761,0.036825161427259445,-0.07816334068775177
1763596099.168261,-1.217351006424427,0.13337766609340906,0.17268895513191818,-0.2123527228832245,0.0367419607937336,-0.01639087311923504,,,,,,
1763596099.169715,,,,,,,0.15368157625198364,-0.16020339727401733,-0.18062187731266022,0.35972678661346436,-0.05954291671514511,-0.01992241106927395
1763596099.178314,-1.0026678067803383,0.2646571177985519,-0.02744680985212326,-0.19415268301963806,0.04523105546832085,-0.09491311013698578,,,,,,
1763596099.179746,,,,,,,0.13763487339019775,-0.1756141483783722,-0.16168609261512756,0.3237338066101074,-0.1604229211807251,0.041479431092739105
1763596099.188367,-0.8922299945086241,0.2921703439503908,-0.06529226412177086,-0.17826677858829498,0.03159577026963234,-0.15870776772499084,,,,,,
1763596099.189776,,,,,,,0.1260586977005005,-0.14138296246528625,-0.13897572457790375,0.3332700729370117,-0.2153165340423584,0.10621848702430725
1763596099.19842,-0.974722984278202,0.22580475150868295,-0.012800883253663778,-0.1907399594783783,0.049207255244255066,-0.21168416738510132,,,,,,
1763596099.199807,,,,,,,0.10637658834457397,-0.12798231840133667,-0.1439194679260254,0.33788421750068665,-0.26526305079460144,0.1708495318889618
1763596099.208473,-1.0592284829139709,0.15252579948194325,-0.04733575167059898,-0.19475337862968445,0.08097130060195923,-0.27131083607673645,,,,,,
1763596099.209838,,,,,,,0.11125266551971436,-0.1351107656955719,-0.13257765769958496,0.3317163288593292,-0.32736024260520935,0.2317427098751068
1763596099.218526,-1.122457384765148,0.09860182852745056,-0.12958148868083952,-0.18693406879901886,0.09346339106559753,-0.34635767340660095,,,,,,
1763596099.219868,,,,,,,0.11038243770599365,-0.15827101469039917,-0.12917566299438477,0.344216912984848,-0.3869399428367615,0.2986191511154175
1763596099.228578,-1.052439261165261,0.17892529223822057,-0.23299963144883512,-0.164131760597229,0.0977708026766777,-0.4294414818286896,,,,,,
1763596099.229899,,,,,,,0.11250239610671997,-0.1468999683856964,-0.14292572438716888,0.3365805745124817,-0.4652334153652191,0.3526613414287567
1763596099.238631,-0.9553320551097393,0.27674831841289993,-0.32951720104813575,-0.1310044378042221,0.0905403196811676,-0.5095387101173401,,,,,,
1763596099.239929,,,,,,,0.1106952428817749,-0.15743210911750793,-0.12904678285121918,0.2618044912815094,-0.525358259677887,0.41636982560157776
1763596099.248684,-0.9322691594302653,0.2819336851615459,-0.40610359712243077,-0.08543474227190018,0.09452855587005615,-0.5782950520515442,,,,,,
1763596099.24996,,,,,,,0.10891830921173096,-0.1743088662624359,-0.1236172467470169,0.15879181027412415,-0.6189404129981995,0.4652467966079712
1763596099.258737,-0.8140811714231967,0.37920601865090425,-0.4924070850908756,-0.03551139310002327,0.10401127487421036,-0.6330446004867554,,,,,,
1763596099.25999,,,,,,,0.11937558650970459,-0.16431355476379395,-0.09120367467403412,0.0686807930469513,-0.7004203796386719,0.5125988125801086
1763596099.26879,-0.6572697305113077,0.5075065276104956,-0.3985270243883133,0.0001311679370701313,0.10220049321651459,-0.671705961227417,,,,,,
1763596099.270021,,,,,,,0.10225820541381836,-0.15108764171600342,-0.06260575354099274,0.05571784824132919,-0.7429500222206116,0.5417301058769226
1763596099.278843,-0.556111203238368,0.5543014504026621,-0.2620833948530257,0.03097270429134369,0.08963143825531006,-0.7062972187995911,,,,,,
1763596099.280051,,,,,,,0.07723546028137207,-0.1358817219734192,-0.06551964581012726,0.03455464914441109,-0.7481309175491333,0.596416711807251
1763596099.288896,-0.6205237619161605,0.44588381884694095,-0.199572432012856,0.06026732921600342,0.08706584572792053,-0.7498577833175659,,,,,,
1763596099.290082,,,,,,,0.06912100315093994,-0.13945448398590088,-0.07392323017120361,0.04293482005596161,-0.7578149437904358,0.6859985589981079
