timestamp,phone_accel_x,phone_accel_y,phone_accel_z,phone_gyro_x,phone_gyro_y,phone_gyro_z,watch_accel_x,watch_accel_y,watch_accel_z,watch_gyro_x,watch_gyro_y,watch_gyro_z
1763595994.441901,-0.1091071481898427,0.016045125871896743,-0.01627769251875579,0.007520928047597408,0.030189868062734604,-0.013537947088479996,,,,,,
1763595994.450178,,,,,,,-0.0015025734901428223,-0.004551321268081665,0.007524140179157257,0.014550672844052315,0.011714217253029346,0.015865948051214218
1763595994.451954,-0.1097026298649609,0.012924363502860069,0.027139278272911904,0.005800904706120491,0.04191918298602104,-0.018305139616131783,,,,,,
1763595994.460208,,,,,,,-0.0035125017166137695,-0.004325807094573975,0.004887349903583527,0.018372535705566406,0.014449816197156906,0.015143431723117828
1763595994.462007,-0.06033814884573221,0.01742985822856426,0.024711174343153834,0.0024439897388219833,0.0423990860581398,-0.01691204123198986,,,,,,
1763595994.470239,,,,,,,-0.004246711730957031,-0.004843592643737793,0.002880580723285675,0.017574120312929153,0.01641043648123741,0.01229890901595354
1763595994.47206,-0.027037936790287494,-0.0293447524279356,0.012279635858535766,0.0052253734320402145,0.029634755104780197,-0.011196920648217201,,,,,,
1763595994.48027,,,,,,,-0.0037990808486938477,-0.0026058554649353027,0.0037308931350708008,0.01880663074553013,0.015771809965372086,0.011496765539050102
1763595994.482113,-0.018243512699007987,-0.0457967055350542,0.02574241708703339,0.00826883316040039,0.01599564217031002,-0.002549902768805623,,,,,,
1763595994.4903,,,,,,,-0.0032227039337158203,-0.0034717023372650146,0.0037021636962890625,0.014563684351742268,0.01873910427093506,0.012548980303108692
1763595994.492166,-0.057940147793293,-0.03094634240567684,0.025955036924406885,0.011612987145781517,0.00935458391904831,0.0001012973953038454,,,,,,
1763595994.500331,,,,,,,-0.0020220279693603516,-0.00393560528755188,0.0039308033883571625,0.011214197613298893,0.013749937526881695,0.00995965488255024
1763595994.502218,-0.08961100508123636,-0.017210662519931794,0.01863331573419273,0.015374435111880302,0.013286208733916283,-0.007606423459947109,,,,,,
1763595994.510362,,,,,,,-0.0018456578254699707,-0.0046080052852630615,6.306171417236328e-05,0.005170686170458794,0.015353427268564701,0.012211091816425323
1763595994.512271,-0.11305047898814082,-0.0038958383947610854,-0.006853153830394148,0.013858809135854244,0.023561416193842888,-0.012842487543821335,,,,,,
1763595994.520392,,,,,,,-0.0029144287109375,-0.005593448877334595,-0.0028840340673923492,0.0024786365684121847,0.014469257555902004,0.013582354411482811
1763595994.522324,-0.08194383145421742,-0.024320202264189718,-0.001053381510451436,0.01052746083587408,0.03221642225980759,-0.01780262403190136,,,,,,
1763595994.530423,,,,,,,-0.003145277500152588,-0.004608631134033203,-0.002995610237121582,0.005841143429279327,0.011725935153663158,0.0165131613612175
1763595994.532377,-0.06595525807514786,-0.06328326238691806,0.03987498733587563,0.005796707235276699,0.03619886934757233,-0.01960367150604725,,,,,,
1763595994.540454,,,,,,,-0.004770934581756592,-0.0025732219219207764,-0.004134178161621094,0.013270002789795399,0.009212709963321686,0.016825618222355843
1763595994.54243,-0.03240545517280698,-0.09096563456058501,0.05270158955268561,0.004090952221304178,0.027500450611114502,-0.017718685790896416,,,,,,
1763595994.550484,,,,,,,-0.005742311477661133,0.0007498860359191895,-0.0028976276516914368,0.0218025054782629,0.005128219723701477,0.01566128432750702
1763595994.552483,-0.00567702272310853,-0.11457155107557773,0.05252974011711776,0.00315011665225029,0.012936103157699108,-0.016774898394942284,,,,,,
1763595994.560515,,,,,,,-0.0066661834716796875,0.00047075748443603516,-0.004192836582660675,0.019959697499871254,0.002133495407178998,0.015017331577837467
1763595994.562536,0.008442395783215761,-0.1273643971532583,0.057519292032718654,-0.00011065788567066193,-0.0050785839557647705,-0.014241699129343033,,,,,,
1763595994.570546,,,,,,,-0.006673038005828857,-0.003305971622467041,-0.004412654787302017,0.009663651697337627,0.0018037960398942232,0.01310970913618803
1763595994.572589,-0.0009885726459324359,-0.09461889637112617,0.05037869956307113,-0.00016764551401138306,-0.018255168572068214,-0.010129719041287899,,,,,,
1763595994.580576,,,,,,,-0.00702822208404541,-0.005620181560516357,-0.002771727740764618,-0.00759522058069706,0.00036702066427096725,0.009775764308869839
1763595994.582642,-0.013414923498779534,-0.06992752270698548,0.005529577076435089,0.00016658101230859756,-0.023030215874314308,-0.008279355242848396,,,,,,
1763595994.590607,,,,,,,-0.006231784820556641,-0.007193058729171753,-0.0011315271258354187,-0.01933922804892063,-0.0013344729086384177,0.008357631042599678
1763595994.592695,-0.050016076795756814,-0.03562193300127983,-0.014091580651327967,-0.0006361543200910091,-0.02158033847808838,-0.007869991473853588,,,,,,
1763595994.600637,,,,,,,-0.005068719387054443,-0.006616681814193726,0.0008168220520019531,-0.024107830598950386,-0.002487621735781431,0.008280598558485508
1763595994.602748,-0.06121420102789998,-0.005362403815984726,-0.024394363478943703,-0.0005336226895451546,-0.012491502799093723,-0.008613279089331627,,,,,,
1763595994.610668,,,,,,,-0.00258636474609375,-0.003956437110900879,0.0017820671200752258,-0.022300343960523605,-0.006646414287388325,0.011095027439296246
1763595994.612801,-0.05724734322354197,0.006466565665602684,-0.029035540348291394,0.0001664864830672741,-0.00732884556055069,-0.010899009183049202,,,,,,
1763595994.620699,,,,,,,-0.0012559890747070312,-0.0001685619354248047,0.002788074314594269,-0.013598105870187283,-0.009530351497232914,0.015542173758149147
1763595994.622853,-0.06734437434598803,0.01706745465695858,-0.016260156862065195,0.0006775471847504377,-0.007678519003093243,-0.016435720026493073,,,,,,
1763595994.630729,,,,,,,0.00036215782165527344,0.0017305612564086914,-0.0009467527270317078,-0.0018237385665997863,-0.005979558452963829,0.017197860404849052
1763595994.632906,-0.06789806270599365,0.013840309303998946,0.029647023310139773,2.0314939320087433e-05,-0.011380963958799839,-0.019429707899689674,,,,,,
1763595994.64076,,,,,,,0.0018557906150817871,0.001313239336013794,0.0001958608627319336,0.009980769827961922,-0.007293562404811382,0.01656116545200348
1763595994.642959,-0.02397869535014033,0.009570961421728134,0.04658632154278457,-0.0019112760201096535,-0.01726202294230461,-0.01958310604095459,,,,,,
1763595994.650791,,,,,,,-0.0005651116371154785,0.0012756288051605225,0.0046073272824287415,0.018951361998915672,-0.001510774134658277,0.021717045456171036
1763595994.653012,-0.004801847323775291,0.02360299390554428,0.055088850015401834,-0.005029187072068453,-0.015542523935437202,-0.014536488801240921,,,,,,
1763595994.660821,,,,,,,-0.00039756298065185547,0.0023325979709625244,0.007402658462524414,0.020916063338518143,0.0005901935510337353,0.020922359079122543
1763595994.663065,-0.028405425751209256,0.031381811213493344,0.023840236727520822,-0.00035773683339357376,-0.0159571785479784,-0.01283952221274376,,,,,,
1763595994.670852,,,,,,,0.00041413307189941406,0.0010608434677124023,0.009837862104177475,0.020086757838726044,-0.0009096987778320909,0.018818460404872894
1763595994.673118,-0.05488982031196356,0.027899229794740674,0.0016237287443131207,0.004183683544397354,-0.013393975794315338,-0.01293947733938694,,,,,,
1763595994.680883,,,,,,,-0.0007058382034301758,-2.9027462005615234e-05,0.007349967956542969,0.02140260860323906,0.005138606298714876,0.017663247883319855
1763595994.683171,-0.062411155727505684,0.023199673801660537,-0.026812092145159838,0.009814671240746975,-0.01150952372699976,-0.008779087103903294,,,,,,
1763595994.690913,,,,,,,-0.003172457218170166,-0.0005066096782684326,0.006978154182434082,0.012230947613716125,0.006947158835828304,0.012359829619526863
1763595994.693224,-0.07533157370761036,0.006238602128624916,-0.014783654568716883,0.012987630441784859,-0.008691010996699333,-0.00639227544888854,,,,,,
1763595994.700944,,,,,,,-0.00480574369430542,-0.00048157572746276855,0.007661931216716766,0.005534854251891375,0.009012440219521523,0.008262955583631992
1763595994.703275,-0.08732114057838916,-0.01864215662777424,-0.020807737163826823,0.012505864724516869,-0.006652360316365957,-0.0050835981965065,,,,,,
1763595994.710975,,,,,,,-0.003246605396270752,-0.002260357141494751,0.007375352084636688,-5.3192488849163055e-06,0.014565397053956985,0.0077953040599823
1763595994.713328,-0.09584288520812988,-0.029297406154870986,-0.009327946446090937,0.010241725482046604,-0.0016852838452905416,-0.0063789719715714455,,,,,,
1763595994.721005,,,,,,,-0.00264585018157959,0.0015748441219329834,0.003402702510356903,-0.0025361499283462763,0.014830115251243114,0.007407348603010178
1763595994.723382,-0.07350713475942611,-0.041597500279545785,-0.002168649275973439,0.008016920648515224,0.0010607015574350953,-0.0087569085881114,,,,,,
1763595994.731036,,,,,,,-0.0016880035400390625,0.003576606512069702,0.0028601810336112976,0.0018106615170836449,0.014544358476996422,0.005709582939743996
1763595994.733434,-0.06993965153619647,-0.019188100072741507,0.01810615005493164,0.0031023011542856693,0.0026936850044876337,-0.013977793045341969,,,,,,
1763595994.741067,,,,,,,0.0010987520217895508,0.00289231538772583,0.00452113151550293,0.007738581858575344,0.009947742335498333,0.006902879104018211
1763595994.743487,-0.06266776083707809,0.001541384223103523,-0.007789338701963424,0.003943327348679304,0.005407712422311306,-0.01504465565085411,,,,,,
1763595994.751097,,,,,,,6.330013275146484e-05,0.0005187094211578369,0.003512866795063019,0.008128735236823559,0.008162892423570156,0.009154049679636955
1763595994.753539,-0.017165362073481082,0.01327507663667202,-0.040921208453178405,0.0029927862342447042,0.012165002524852753,-0.013927956111729145,,,,,,
1763595994.761128,,,,,,,-0.00045871734619140625,0.0014845728874206543,0.0034146271646022797,0.008343750610947609,0.005931429099291563,0.009632952511310577
1763595994.763592,0.012878624664992093,0.015161328774690628,-0.04205744594149291,0.004435686860233545,0.019229037687182426,-0.011086363345384598,,,,,,
1763595994.771159,,,,,,,-0.0021302103996276855,0.0016896724700927734,0.0014129877090454102,0.010138454847037792,0.00780922407284379,0.012202369049191475
1763595994.773645,0.013544541227817534,0.009565700724720955,-0.02516008715443313,0.005864351522177458,0.01852373220026493,-0.012462405487895012,,,,,,
1763595994.781189,,,,,,,-0.0026416778564453125,-0.0004583895206451416,0.002608172595500946,0.01136533822864294,0.005180950276553631,0.009355384856462479
1763595994.783698,0.02095671718046069,-0.018353402814269063,0.002506429862976074,0.009938987903296947,0.00475998455658555,-0.011830703355371952,,,,,,
1763595994.79122,,,,,,,-0.0029723048210144043,0.0020071566104888916,0.002610445022583008,0.009537877514958382,0.00510425167158246,0.011005744338035583
1763595994.793751,0.034314795925468204,-0.035971477091312404,0.019659882302954793,0.011951358057558537,-0.01294422522187233,-0.011220792308449745,,,,,,
1763595994.801251,,,,,,,-0.0040326714515686035,0.00042188167572021484,0.0012438371777534485,-0.0003061201423406601,0.007886189967393875,0.010480104014277458
1763595994.803804,0.026962533466517925,-0.018113748839497564,0.04590023897476494,0.013793999329209328,-0.02907499112188816,-0.010278033092617989,,,,,,
1763595994.811281,,,,,,,-0.0034362077713012695,-0.001321166753768921,0.0015848800539970398,-0.009033831767737865,0.00951471272855997,0.00898660346865654
1763595994.813857,-0.0006926584392786026,-0.028696517652273178,0.04950790807791054,0.01572382263839245,-0.03789801150560379,-0.008744092658162117,,,,,,
1763595994.821312,,,,,,,-0.0037151575088500977,-0.0011284947395324707,0.0030652284622192383,-0.01458712201565504,0.010517392307519913,0.012152102775871754
1763595994.82391,-0.031202362993359566,-0.026294717207551,0.026959391661360858,0.015986677259206772,-0.029804933816194534,-0.01382433995604515,,,,,,
1763595994.831343,,,,,,,-0.003248751163482666,0.0012128055095672607,0.000468619167804718,-0.011627551168203354,0.012196782045066357,0.011216001585125923
1763595994.833964,-0.04871975337490439,-0.013265724286437033,0.0134065940618515,0.011003955267369747,-0.012754315510392189,-0.013592930510640144,,,,,,
1763595994.841373,,,,,,,-0.004518270492553711,0.002825111150741577,-0.0005296468734741211,-0.0039061750285327435,0.012282801792025566,0.011142298579216003
1763595994.844016,-0.05641206144317984,-0.016359598648548124,0.005852233159542084,0.00789684522897005,0.0062481374479830265,-0.013268823735415936,,,,,,
1763595994.851404,,,,,,,-0.0026618242263793945,0.004983276128768921,-0.0019522979855537415,0.010694606229662895,0.011032181791961193,0.014048872515559196
1763595994.854069,-0.06149798640534281,-0.0014338321954011917,0.015519129236415028,0.0038722692988812923,0.019520938396453857,-0.009646855294704437,,,,,,
1763595994.861435,,,,,,,-0.0011693835258483887,0.007831156253814697,-0.002495892345905304,0.02229064144194126,0.007271265611052513,0.015718407928943634
1763595994.864122,-0.04333718355372548,-0.0006646013885736465,0.022914427119493482,0.0040592229925096035,0.025459788739681244,-0.007078236900269985,,,,,,
1763595994.871465,,,,,,,-0.0015217065811157227,0.008373260498046875,-0.003187417984008789,0.027138927951455116,0.006775651127099991,0.014445150271058083
1763595994.874174,-0.03353606663793325,-0.014841010779142379,0.02191723277568817,0.004975109826773405,0.024290665984153748,-0.006336999125778675,,,,,,
1763595994.881496,,,,,,,-0.0024986863136291504,0.008360981941223145,-0.00507664680480957,0.030714405700564384,0.008934409357607365,0.013476159423589706
1763595994.884228,-0.033125293879956004,-0.029918752923607825,0.03318571883030236,0.003420090302824974,0.023604635149240494,-0.006899192929267883,,,,,,
1763595994.891527,,,,,,,-0.0034369826316833496,0.004935175180435181,-0.005576372146606445,0.023919083178043365,0.008231868036091328,0.007459812797605991
1763595994.89428,-0.00166983290836215,-0.04436579594910144,0.06214753635525703,0.001742231659591198,0.022018836811184883,-0.006196684669703245,,,,,,
1763595994.901557,,,,,,,-0.0038300752639770508,0.0030109286308288574,-0.0036809444427490234,0.013398846611380577,0.003089037723839283,0.006567187607288361
1763595994.904333,0.0010373802237212658,-0.039058921712636946,0.05864625023603439,-0.000631443690508604,0.021085133776068687,-0.005790286231786013,,,,,,
1763595994.911588,,,,,,,-0.0016390681266784668,-0.0006694197654724121,0.0011186599731445312,-0.00018833554349839687,0.004380670841783285,0.0038963034749031067
1763595994.914387,-0.00363528776243329,-0.04587152433693409,0.0615606763780117,-0.0005608284845948219,0.019626135006546974,-0.0056446571834385395,,,,,,
1763595994.921619,,,,,,,-0.00173187255859375,0.001119762659072876,-0.00019575655460357666,-0.007488912902772427,0.007076588459312916,0.001678223256021738
1763595994.92444,-0.007454407659173011,-0.0269569805085659,0.03609649171046912,0.0006831339560449123,0.014521121978759766,-0.005268885288387537,,,,,,
1763595994.931649,,,,,,,-0.003620326519012451,0.004555732011795044,-0.002734541893005371,-0.001315971720032394,0.005592675413936377,0.0017482643015682697
1763595994.934492,0.014926204844564198,-0.009682020580768584,0.024368717581033705,0.0023829126730561256,0.009571208618581295,-0.0021302758250385523,,,,,,
1763595994.94168,,,,,,,-0.0006290078163146973,0.00745314359664917,-0.006535172462463379,0.01144933607429266,-0.0002833232283592224,0.0021556615829467773
1763595994.944546,0.03354702642336488,0.02634440156817436,0.025815993779897687,0.0023118064273148775,0.004416127689182758,0.0026477014180272818,,,,,,
1763595994.951711,,,,,,,0.0016795992851257324,0.007417023181915283,-0.006466031074523926,0.021058019250631332,-0.004395776893943548,-0.0003796678502112627
1763595994.954598,0.04547536462619901,0.00783610045313835,0.0510603251516819,-0.0015974156558513641,-0.0002463253913447261,0.006662563420832157,,,,,,
1763595994.961741,,,,,,,-0.0005078911781311035,0.008126586675643921,-0.003406040370464325,0.022411011159420013,-0.006275435909628868,-0.001122223911806941
1763595994.964651,0.0279635272026062,-0.013885317489504813,0.04788739420399069,-0.00249010743573308,-0.001719319843687117,0.010339058004319668,,,,,,
1763595994.971772,,,,,,,-0.0008098483085632324,0.00425189733505249,-0.002637505531311035,0.017129963263869286,-0.005948932375758886,-0.0013099766802042723
1763595994.974704,-0.01855272477865219,-0.023904607200622558,0.03234627233147621,-0.0010749101638793945,-0.0038812123239040375,0.0092782536521554,,,,,,
1763595994.981803,,,,,,,-0.0014545321464538574,0.0020551979541778564,-0.003940463066101074,0.0032373901922255754,-0.00329322787001729,-0.0059065259993076324
1763595994.984757,-0.046692777591943735,-0.024514263531565664,0.020716551749035715,-0.0031436532735824585,-0.004725167993456125,0.008373045362532139,,,,,,
1763595994.991833,,,,,,,0.0001792311668395996,0.00045186281204223633,-0.0023666545748710632,-0.009489856660366058,-0.004138515330851078,-0.007078050635755062
1763595994.99481,-0.035442192520201206,0.0021025252372026443,0.021924173973128198,-0.004097631201148033,-0.003147987648844719,0.005766194313764572,,,,,,
1763595995.001864,,,,,,,0.0017230510711669922,-0.001160264015197754,0.00036334991455078125,-0.015013712458312511,-0.010005459189414978,-0.008158162236213684
1763595995.004863,-0.019963906750828028,0.027386019575595853,0.03248655758500099,-0.007379444316029549,-0.0035304175689816475,0.006959557067602873,,,,,,
1763595995.011895,,,,,,,0.003153860569000244,0.00011280179023742676,0.0017751418054103851,-0.015662457793951035,-0.01423216238617897,-0.013327091932296753
1763595995.014915,-0.006703589291870594,0.015585691666603087,0.01930200877599418,-0.00668687280267477,-0.006657129619270563,0.008470975793898106,,,,,,
1763595995.021925,,,,,,,0.0003814101219177246,0.0024036765098571777,0.0016562938690185547,-0.010790075175464153,-0.012013216502964497,-0.01377696543931961
1763595995.024968,-0.03128083505704999,-0.006681669721007347,0.010025646386668086,-0.0033411430194973946,-0.009104309603571892,0.00876711867749691,,,,,,
1763595995.031956,,,,,,,-0.003555119037628174,0.0021584033966064453,0.0004551410675048828,-0.004040559753775597,-0.014395680278539658,-0.010249076411128044
1763595995.035022,-0.03297755597233772,-0.036871640801429746,0.0007562982600182295,-0.0009935754351317883,-0.007966012693941593,0.010184647515416145,,,,,,
1763595995.041987,,,,,,,-0.002933204174041748,0.0009761452674865723,0.0014576911926269531,0.0030368065927177668,-0.015757620334625244,-0.009198792278766632
1763595995.045074,-0.050269320904463524,-0.03685995036363601,0.008218377768993377,-0.0008894456550478935,-0.0026207822374999523,0.00954868458211422,,,,,,
1763595995.052017,,,,,,,-0.003309965133666992,0.00111427903175354,0.0003601275384426117,0.005190771073102951,-0.012100568041205406,-0.008711700327694416
1763595995.055127,-0.05057458746135234,-0.04554536112248897,0.011193594187498093,-0.003302020486444235,0.003478323807939887,0.011130860075354576,,,,,,
1763595995.062048,,,,,,,-0.005547225475311279,-0.0005881190299987793,-0.0004899576306343079,0.0003718920052051544,-0.006877842824906111,-0.011917280033230782
1763595995.06518,-0.03233589706793427,-0.03925532106757164,0.019388664146140218,-0.006571582984179258,0.008827016688883305,0.011377735063433647,,,,,,
1763595995.072079,,,,,,,-0.005273640155792236,-0.003280818462371826,-0.0002660788595676422,0.002655286341905594,0.0004722155281342566,-0.010264789685606956
1763595995.075233,-0.04169876869693398,-0.0390349563151598,0.040161256931349636,-0.0110419150441885,0.007210752926766872,0.01239175908267498,,,,,,
1763595995.082109,,,,,,,-0.0034821629524230957,-0.0045961737632751465,0.0015641376376152039,0.0027766346465796232,-0.003329447004944086,-0.008455370552837849
1763595995.085286,-0.052842386262863875,-0.01587970617711544,0.01772971795797348,-0.013404671102762222,0.0056136553175747395,0.013211747631430626,,,,,,
1763595995.09214,,,,,,,0.0010048151016235352,-0.0034282803535461426,0.00573074072599411,0.0014043075498193502,-0.007048019208014011,-0.006914998404681683
1763595995.09534,-0.07150412437394262,0.003798807761073112,-0.004084638965129852,-0.011046992614865303,0.009310056455433369,0.005641967058181763,,,,,,
1763595995.10217,,,,,,,0.003862142562866211,-0.00021180510520935059,0.00671815499663353,0.010025667026638985,-0.010277368128299713,0.0017722992924973369
1763595995.105392,-0.08491583300232887,0.04668810141682624,-0.03171842275671661,-0.008119380101561546,0.021250873804092407,-0.0012731968890875578,,,,,,
1763595995.112201,,,,,,,0.004005372524261475,-0.0015132129192352295,0.006060834974050522,0.02143970876932144,-0.015050550922751427,0.0026519414968788624
1763595995.115445,-0.06463526151776314,0.05673194104731082,-0.021495207971334456,-0.006722160615026951,0.029780466109514236,-0.0015503056347370148,,,,,,
1763595995.122232,,,,,,,0.0012905597686767578,-0.0005474388599395752,0.0025832727551460266,0.02615838125348091,-0.01326623372733593,0.0034310491755604744
1763595995.125499,-0.03975187241286039,0.037303017956018446,-0.008876622482016682,-0.0047655366361141205,0.02691090852022171,0.0009317605290561914,,,,,,
1763595995.132262,,,,,,,-0.003525674343109131,-0.0004918277263641357,0.00048626214265823364,0.021023806184530258,-0.010885899886488914,-0.0008345360402017832
1763595995.13555,-0.01727715188488364,-0.03532324231564998,0.009560366962477564,-0.004542678128927946,0.010023797862231731,0.010847088880836964,,,,,,
1763595995.142293,,,,,,,-0.0064795613288879395,-0.004080593585968018,-0.0007533952593803406,0.006832913961261511,-0.006230428349226713,-0.007826731540262699
1763595995.145603,-0.03873451206386089,-0.07207973230481148,0.005733063759282231,8.90917144715786e-05,-0.00978506077080965,0.01982513815164566,,,,,,
1763595995.152324,,,,,,,-0.0063994526863098145,-0.009574562311172485,0.0031327083706855774,-0.012909632176160812,-0.003633846528828144,-0.009368435479700565
1763595995.155656,-0.06389481841400266,-0.08318097203373909,0.01938625299334526,-0.002650410868227482,-0.013653145171701908,0.02238454855978489,,,,,,
1763595995.162354,,,,,,,-0.004558265209197998,-0.011806279420852661,0.006338238716125488,-0.032049428671598434,-0.003404548391699791,-0.011974537745118141
1763595995.165709,-0.09327537280768156,-0.05853402203321457,0.00933364553451538,-0.0034701316617429256,-0.0023544179275631905,0.014092795550823212,,,,,,
1763595995.172385,,,,,,,-0.0036934614181518555,-0.010644227266311646,0.007745027542114258,-0.03298792988061905,-0.005004309117794037,-0.009524963796138763
1763595995.175762,-0.13385755856484174,-0.049876083803176874,-0.03160151837877929,-0.006166341248899698,0.013278333470225334,0.0028110339771956205,,,,,,
1763595995.182416,,,,,,,-0.0037981271743774414,-0.0038930773735046387,0.0036826208233833313,-0.014047042466700077,-0.007617136463522911,-0.005885820370167494
1763595995.185815,-0.13846490622982383,-0.0350567003339529,-0.026913725888729093,-0.0092843696475029,0.025481203570961952,-0.009213937446475029,,,,,,
1763595995.192446,,,,,,,-0.0041190385818481445,0.0016940832138061523,0.00020813941955566406,0.01214408129453659,-0.012059022672474384,0.0017313533462584019
1763595995.195868,-0.09188844849392772,-0.038702363359928126,-0.004257803574949503,-0.013659579679369926,0.027945710346102715,-0.011738571338355541,,,,,,
1763595995.202477,,,,,,,-0.003875911235809326,0.003955930471420288,-0.0019534826278686523,0.028584694489836693,-0.014962401241064072,0.004816225729882717
1763595995.205922,-0.05903598020598292,-0.07375906369388104,-0.002601122409105301,-0.012882469221949577,0.02437148056924343,-0.01146559789776802,,,,,,
1763595995.212508,,,,,,,-0.004608809947967529,0.000549614429473877,-0.0008327886462211609,0.03421089053153992,-0.01645456999540329,0.010418451391160488
1763595995.215974,-0.0036468320697546,-0.07168225741982459,-0.019304492994025348,-0.01232751365751028,0.019384438171982765,-0.008602583780884743,,,,,,
1763595995.222538,,,,,,,-0.005915939807891846,-0.00536501407623291,0.003023989498615265,0.019879546016454697,-0.012088583782315254,0.010737964883446693
1763595995.226027,0.011296908431500196,-0.060873278635740276,-0.029603695625066755,-0.013671078719198704,0.0067365532740950584,-0.0034283287823200226,,,,,,
1763595995.232569,,,,,,,-0.00723499059677124,-0.009224086999893188,0.006535287946462631,-0.00041906675323843956,-0.009865377098321915,0.007550693117082119
1763595995.23608,0.026968086424469948,-0.03968962083160877,-0.02943886045217514,-0.012575961649417877,-0.009376099333167076,0.0013734269887208939,,,,,,
1763595995.2426,,,,,,,-0.005679011344909668,-0.01222267746925354,0.007668253034353256,-0.016242770478129387,-0.009642204269766808,0.005112302489578724
1763595995.246133,-0.0042940439321100705,0.0012649053692817688,-0.024957915645837783,-0.0075828018598258495,-0.021961666643619537,0.00453859381377697,,,,,,
1763595995.25263,,,,,,,-0.0017510652542114258,-0.01230195164680481,0.007563598453998566,-0.03070613369345665,-0.009692537598311901,0.001814244082197547
1763595995.256186,-0.036379765631258484,0.015871522870659828,-0.03146130619049072,-0.002654274459928274,-0.035072989761829376,0.0055088200606405735,,,,,,
1763595995.262661,,,,,,,-0.0007848739624023438,-0.007122337818145752,0.010597117245197296,-0.033802323043346405,-0.011355948634445667,-0.001204715110361576
1763595995.266239,-0.08927475886419416,0.03131576023995876,-0.03508073879666626,0.0011793456505984068,-0.04191518574953079,0.0023023742251098156,,,,,,
1763595995.272692,,,,,,,-0.0014481544494628906,-0.004357874393463135,0.012553691864013672,-0.024519076570868492,-0.011417999863624573,0.00238922075368464
1763595995.276291,-0.11844663894325494,0.02395019990801811,-0.046103579527139664,0.004220177419483662,-0.03963051363825798,-0.0020533385686576366,,,,,,
1763595995.282722,,,,,,,-0.0028792619705200195,-0.0002849400043487549,0.012124300003051758,-0.020004350692033768,-0.011417733505368233,0.003867341671139002
1763595995.286345,-0.14259791438132524,0.0036421558946371077,-0.04420154529809951,0.004473710432648659,-0.028180252760648727,-0.007421738468110561,,,,,,
1763595995.292753,,,,,,,-0.002969205379486084,-0.0025478005409240723,0.011608600616455078,-0.018306851387023926,-0.006320709362626076,0.002835899358615279
1763595995.296398,-0.13394947463199494,-0.01388940914273262,-0.04829904374480247,0.005425275303423405,-0.012095680460333824,-0.012636860832571983,,,,,,
1763595995.302784,,,,,,,-0.003153204917907715,-0.003661245107650757,0.013177748769521713,-0.01537482813000679,-0.001397856161929667,0.005222424399107695
1763595995.30645,-0.09577683423459529,-0.040142625296115876,-0.02697568520903587,0.006431950256228447,-0.004349876660853624,-0.01355325523763895,,,,,,
1763595995.312814,,,,,,,-0.006407678127288818,-0.002919137477874756,0.013485901057720184,-0.013770805671811104,0.004771622829139233,0.00668583158403635
1763595995.316504,-0.1063467435657978,-0.040488662254810334,0.013738675560429691,0.005216533783823252,-0.005272919312119484,-0.011054785922169685,,,,,,
1763595995.322845,,,,,,,-0.007510244846343994,-0.0032605528831481934,0.013719558715820312,-0.008576082065701485,0.01278933510184288,0.005965712945908308
1763595995.326556,-0.09602306408062576,-0.023617022430896757,-0.011118702320381998,0.0063672857359051704,-0.005425518844276667,-0.011595407500863075,,,,,,
1763595995.332876,,,,,,,-0.005886375904083252,-0.00305977463722229,0.014613635838031769,0.0008738788310438395,0.013748872093856335,0.009586812928318977
1763595995.336609,-0.09825959096103906,-0.000810147339105606,-0.05186470033712685,0.007732955738902092,-0.0023252086248248816,-0.01634257659316063,,,,,,
1763595995.342906,,,,,,,-0.002512633800506592,-0.0011402666568756104,0.010415561497211456,0.011123393662273884,0.011065470986068249,0.013810652308166027
1763595995.346662,-0.0927167160116136,0.007729132947325706,-0.07853526511974632,0.007341471500694752,0.004204063676297665,-0.015377713367342949,,,,,,
1763595995.352937,,,,,,,-0.005106449127197266,0.00015288591384887695,0.008012771606445312,0.021386416628956795,0.013262046501040459,0.012031927704811096
1763595995.356715,-0.0791635530859232,-0.035062545552849766,-0.08730309346504508,0.00966971181333065,0.01317049190402031,-0.0159628763794899,,,,,,
1763595995.362968,,,,,,,-0.00786292552947998,-0.0021713078022003174,0.008957494050264359,0.020326396450400352,0.01670391671359539,0.014628109522163868
1763595995.366768,-0.06193652395308017,-0.05807108069658279,-0.07231120297312736,0.010831648483872414,0.018007325008511543,-0.010640550404787064,,,,,,
1763595995.372998,,,,,,,-0.011533498764038086,-0.005317032337188721,0.01299857348203659,0.012559554539620876,0.017048262059688568,0.012362292967736721
1763595995.376822,-0.054680123084038496,-0.09015724078714847,-0.05723287630677223,0.014017482288181782,0.01809605211019516,-0.005961756221950054,,,,,,
1763595995.383029,,,,,,,-0.012044727802276611,-0.007403969764709473,0.013262741267681122,-4.270835779607296e-05,0.017701536417007446,0.012047107331454754
1763595995.386874,-0.06699015408083796,-0.06283785670697689,-0.06690897860340773,0.018231667578220367,0.01430957019329071,-0.004178237169981003,,,,,,
1763595995.39306,,,,,,,-0.007877230644226074,-0.009698688983917236,0.01409769058227539,-0.013370498083531857,0.018461601808667183,0.007795104756951332
1763595995.396927,-0.0903491100974381,-0.06071954937875271,-0.05015541220121086,0.019644882529973984,0.005959660746157169,-0.010704578831791878,,,,,,
1763595995.40309,,,,,,,-0.007840573787689209,-0.008369743824005127,0.010672688484191895,-0.014572886750102043,0.020473619922995567,0.008951915428042412
1763595995.406981,-0.08944967703968286,-0.030264789882302284,-0.024095234401896596,0.018443264067173004,0.0005214855773374438,-0.018887408077716827,,,,,,
1763595995.413121,,,,,,,-0.005045652389526367,-0.004898935556411743,0.007719513028860092,-0.012812270782887936,0.021318107843399048,0.011418534442782402
1763595995.417033,-0.07373772864490748,-0.01007306572496891,-0.01697692682929337,0.014713171869516373,-0.0007311528315767646,-0.02647026628255844,,,,,,
1763595995.423152,,,,,,,-0.0034016966819763184,-0.0006925761699676514,0.0062986575067043304,-0.00781865045428276,0.023066207766532898,0.013429953716695309
1763595995.427086,-0.0673272770807147,-0.014649287599325178,-0.044130233627557754,0.01590706594288349,1.799443271011114e-05,-0.03242003545165062,,,,,,
1763595995.433182,,,,,,,-0.0008324980735778809,-0.000622093677520752,0.007039546966552734,-0.006010097451508045,0.01977427490055561,0.016146911308169365
1763595995.437138,-0.02200228071063757,-0.01750526155233383,-0.05445405924320221,0.018216999247670174,0.004428031388670206,-0.03385453298687935,,,,,,
1763595995.443213,,,,,,,-0.0028328895568847656,-0.0043573081493377686,0.009114742279052734,-0.008946344256401062,0.022518128156661987,0.020305901765823364
1763595995.447191,0.005007891289889812,-0.00791501090824604,-0.08055413066148757,0.023099372163414955,0.0059415060095489025,-0.03036552295088768,,,,,,
1763595995.453243,,,,,,,-0.006429076194763184,-0.005725950002670288,0.009159572422504425,-0.012389278039336205,0.02608862891793251,0.020556239411234856
1763595995.457244,0.013335136260837316,0.005916530567407608,-0.06418510659746825,0.02426670491695404,0.003934169188141823,-0.022235915064811707,,,,,,
1763595995.463274,,,,,,,-0.006515145301818848,-0.004542350769042969,0.009086973965168,-0.0177312009036541,0.025581296533346176,0.020678013563156128
1763595995.467297,0.02567570852637291,0.0003384381741285324,-0.017761209074780345,0.029185829684138298,-0.00809080246835947,-0.017154071480035782,,,,,,
1763595995.473305,,,,,,,-0.006004691123962402,-0.0020180940628051758,0.008255839347839355,-0.018601257354021072,0.02662419155240059,0.018477177247405052
1763595995.47735,-0.002766249842941761,-0.01867372080981731,0.008560907596349716,0.030086083337664604,-0.024861305952072144,-0.014181077480316162,,,,,,
1763595995.483335,,,,,,,-0.003821253776550293,-0.001221299171447754,0.005851872265338898,-0.01813976839184761,0.027126729488372803,0.01524010393768549
1763595995.487404,-0.053193099396675825,-0.026321605214476584,0.026389921210333702,0.03308640047907829,-0.03385746479034424,-0.016015462577342987,,,,,,
1763595995.493366,,,,,,,-0.004286706447601318,-0.0005834996700286865,0.006651274859905243,-0.023514294996857643,0.029948880895972252,0.013450194150209427
1763595995.497457,-0.08538615392781794,-0.01739069526195526,0.023453429367020724,0.03385477885603905,-0.03485606238245964,-0.017877764999866486,,,,,,
1763595995.503397,,,,,,,-0.00534898042678833,0.0010976791381835938,0.006319150328636169,-0.026605866849422455,0.031426139175891876,0.010748084634542465
1763595995.507509,-0.11759696331135928,-0.024952070426940916,0.009573226444050668,0.030696801841259003,-0.02196422964334488,-0.02234761416912079,,,,,,
1763595995.513427,,,,,,,-0.0036927461624145508,0.00044980645179748535,0.0050182342529296875,-0.02441781386733055,0.029470045119524002,0.010118779726326466
1763595995.517562,-0.11816921024136244,-0.021159692406654357,-0.009849193841218948,0.03245916962623596,-0.003560225013643503,-0.022724725306034088,,,,,,
1763595995.523458,,,,,,,-0.00494384765625,-9.796023368835449e-05,0.005199559032917023,-0.018862668424844742,0.03260884806513786,0.005047188140451908
1763595995.527616,-0.12789872322566806,-0.02632745043337345,-0.0010660948615521192,0.029953133314847946,0.0133814737200737,-0.023389451205730438,,,,,,
1763595995.533489,,,,,,,-0.004670977592468262,0.003096550703048706,0.00353289395570755,-0.007622530683875084,0.03337370604276657,0.010192948393523693
1763595995.537668,-0.09120156220830976,-0.018911036697030065,-0.0019230770170688628,0.029532425105571747,0.02133755572140217,-0.02100774273276329,,,,,,
1763595995.543519,,,,,,,-0.003466308116912842,0.005141258239746094,-0.0008405521512031555,0.003357828129082918,0.034956157207489014,0.0080079585313797
1763595995.547721,-0.04564041899479925,-0.04495791662335395,0.031520927423238754,0.026949424296617508,0.020425423979759216,-0.01806441694498062,,,,,,
1763595995.55355,,,,,,,-0.0020560622215270996,0.0044693052768707275,-0.0014208480715751648,0.01051853597164154,0.0323617048561573,0.007442036177963018
1763595995.557775,-0.031001725854724643,-0.06409048711657524,0.03551555001735687,0.027432069182395935,0.01337092649191618,-0.016212953254580498,,,,,,
1763595995.563581,,,,,,,-0.0030030012130737305,0.001309424638748169,-0.0001066848635673523,0.010981310158967972,0.03149937465786934,0.008904511108994484
1763595995.567827,-0.022080971970036625,-0.047886371290683745,0.04519406346678734,0.027381736785173416,0.00780784897506237,-0.017050249502062798,,,,,,
1763595995.573611,,,,,,,-0.002788066864013672,-0.0027515292167663574,-8.678436279296875e-05,0.0027755789924412966,0.03511914238333702,0.007337240967899561
1763595995.57788,-0.02053673820272088,-0.03620002515017986,0.021336144952103495,0.026003411039710045,0.00658635888248682,-0.019300883635878563,,,,,,
1763595995.583642,,,,,,,-0.002318441867828369,-0.0069758594036102295,-0.00041604042053222656,-0.007294200826436281,0.03451354056596756,0.0060581243596971035
1763595995.587932,-0.03465294183865189,-0.01973345899581909,-0.012585998393967747,0.024243859574198723,0.007348555605858564,-0.020088113844394684,,,,,,
1763595995.593673,,,,,,,-0.0016890764236450195,-0.008103042840957642,-4.529207944869995e-05,-0.01701740175485611,0.03270232304930687,0.008668821305036545
1763595995.597986,-0.01380436120778322,-0.004013327294588089,-0.007620996397733688,0.022758394479751587,0.009229820221662521,-0.020648296922445297,,,,,,
1763595995.603703,,,,,,,-0.0012012124061584473,-0.007244467735290527,-0.0003690645098686218,-0.023669352754950523,0.028384806588292122,0.008914830163121223
1763595995.608038,-0.002924801405519247,-0.002949497455358505,0.026589973827078936,0.02397332899272442,0.003577260300517082,-0.019027231261134148,,,,,,
1763595995.613734,,,,,,,-0.0009596347808837891,-0.003737807273864746,-0.0012739822268486023,-0.0225705336779356,0.02289043925702572,0.010233362205326557
1763595995.618091,-0.0012224544670432806,-0.01969955672621727,0.013970073163509369,0.024914279580116272,-0.0062521109357476234,-0.019553694874048233,,,,,,
1763595995.623765,,,,,,,-0.0006507635116577148,-0.002940922975540161,-0.003311164677143097,-0.01659279316663742,0.023647576570510864,0.014803946018218994
1763595995.628145,-0.010085121488943695,-0.017746084570884703,0.022776406888291238,0.025601642206311226,-0.01625174842774868,-0.020836539566516876,,,,,,
1763595995.633795,,,,,,,-0.0014947056770324707,-0.003489553928375244,-0.005123026669025421,-0.018618926405906677,0.023341579362750053,0.01441539078950882
1763595995.638197,0.001983282771706581,-0.016990882289409637,0.04255786974430084,0.024750368669629097,-0.01885390095412731,-0.023294726386666298,,,,,,
1763595995.643826,,,,,,,-0.0013336539268493652,-0.0017696917057037354,-0.0027315542101860046,-0.021862737834453583,0.02222704514861107,0.016335129737854004
1763595995.64825,-0.03466360936313868,-0.029571546921133993,0.042183775734901424,0.02291012555360794,-0.01926269568502903,-0.023333609104156494,,,,,,
1763595995.653857,,,,,,,-0.00018924474716186523,-0.0052220821380615234,0.001001112163066864,-0.023065155372023582,0.022209735587239265,0.01692129112780094
1763595995.658303,-0.0619333090826869,-0.023158172747492788,0.05266198819465935,0.020938483998179436,-0.020080240443348885,-0.02722938358783722,,,,,,
1763595995.663887,,,,,,,-0.0011541247367858887,-0.005928158760070801,-0.0007489845156669617,-0.02477945014834404,0.022969268262386322,0.015644438564777374
1763595995.668356,-0.08828669767491519,-0.04085398843586445,0.04648578377775848,0.020456718280911446,-0.019837358966469765,-0.027518071234226227,,,,,,
1763595995.673918,,,,,,,-0.0018906593322753906,-0.002826482057571411,-0.0016683340072631836,-0.019458189606666565,0.0245253536850214,0.018342487514019012
1763595995.678409,-0.06826200064755976,-0.02248363448679447,0.032976313863322136,0.020258910953998566,-0.01971990428864956,-0.027421720325946808,,,,,,
1763595995.683949,,,,,,,-0.0009077787399291992,3.916025161743164e-05,-0.002016313374042511,-0.01216142252087593,0.021286683157086372,0.018698619678616524
1763595995.688462,-0.07437814544029533,-0.017568974438309667,0.013205445466563106,0.02226666733622551,-0.015830891206860542,-0.025420621037483215,,,,,,
1763595995.693979,,,,,,,-0.0012347698211669922,-0.0022108852863311768,-0.0004614591598510742,-0.005100317299365997,0.021607860922813416,0.018953749909996986
1763595995.698515,-0.08816285209953785,-0.025671616873145103,0.011742971698567271,0.02255653589963913,-0.005780492443591356,-0.025252921506762505,,,,,,
1763595995.70401,,,,,,,-0.002812683582305908,-0.003612220287322998,-6.186962127685547e-05,-0.003861671779304743,0.02055777609348297,0.019959691911935806
1763595995.70857,-0.07920541946627199,-0.03989829514622688,0.04173595890216529,0.021242531016469002,0.0028036748990416527,-0.024235326796770096,,,,,,
1763595995.714041,,,,,,,-0.004637598991394043,-0.0038253962993621826,0.0023572295904159546,-0.004834790714085102,0.025347204878926277,0.020146112889051437
1763595995.718622,-0.08936294860430061,-0.052907998844981194,0.027885055138915777,0.019160117954015732,0.008423729799687862,-0.026235908269882202,,,,,,
1763595995.724071,,,,,,,-0.007481634616851807,-0.00521475076675415,0.0016412734985351562,-0.0074121057987213135,0.02524414099752903,0.019865350797772408
1763595995.728675,-0.10718421730324626,-0.05978782148659229,0.020070143604278563,0.018949195742607117,0.00898006372153759,-0.025554940104484558,,,,,,
1763595995.734102,,,,,,,-0.005090951919555664,-0.004236549139022827,0.0005068778991699219,-0.007831287570297718,0.025316845625638962,0.0183207169175148
1763595995.738729,-0.06808189484030008,-0.06384615696668625,0.024344167661666867,0.01947162300348282,0.006598304491490126,-0.027784403413534164,,,,,,
1763595995.744133,,,,,,,-0.0031914114952087402,-0.005966693162918091,0.0003478601574897766,-0.006772642955183983,0.02325742319226265,0.020274143666028976
1763595995.748782,-0.08224975559823215,-0.05805763669312,0.01575637205839157,0.02206607349216938,0.0012791731860488653,-0.029431035742163658,,,,,,
1763595995.754163,,,,,,,-0.003182053565979004,-0.005693405866622925,0.0007816478610038757,-0.007607543841004372,0.024416429921984673,0.019113805145025253
1763595995.758833,-0.07735080457553267,-0.06053776307106018,0.004650456154346466,0.023090757429599762,-0.0003751369658857584,-0.03130253776907921,,,,,,
1763595995.764194,,,,,,,-0.006407976150512695,-0.006959468126296997,0.0031849145889282227,-0.003784357802942395,0.02403772808611393,0.02103734016418457
1763595995.768886,-0.09340645184144378,-0.08489595925807952,-0.008199746133759617,0.023303544148802757,0.0020171806681901217,-0.033680208027362823,,,,,,
1763595995.774224,,,,,,,-0.009087681770324707,-0.00767943263053894,0.005495078861713409,-0.0030522546730935574,0.02494773082435131,0.023221133276820183
1763595995.778939,-0.09799114928320049,-0.1110825399160385,-0.02548398534655571,0.025746924802660942,0.00901634618639946,-0.03506297245621681,,,,,,
1763595995.784255,,,,,,,-0.011942148208618164,-0.00811070203781128,0.004999987781047821,-0.0045092604123055935,0.026238830760121346,0.0242646262049675
1763595995.788992,-0.0954825274631381,-0.1097626894891262,-0.013841478347778319,0.028424998745322227,0.011709867045283318,-0.03836715593934059,,,,,,
1763595995.794286,,,,,,,-0.012017607688903809,-0.009882062673568726,0.006668806076049805,-0.003356910776346922,0.029985632747411728,0.024133864790201187
1763595995.799045,-0.09329005892015993,-0.11927110706865787,-0.00653729281425476,0.03178972005844116,0.012929690070450306,-0.04043789952993393,,,,,,
1763595995.804316,,,,,,,-0.01381993293762207,-0.010540306568145752,0.008337251842021942,-0.003345560748130083,0.030687641352415085,0.02770409919321537
1763595995.809098,-0.11258176549784839,-0.12033727499544619,-0.005728241453692317,0.034465398639440536,0.010111533105373383,-0.04584624618291855,,,,,,
1763595995.814347,,,,,,,-0.011629462242126465,-0.00934523344039917,0.007568359375,-0.0014049152377992868,0.034061335027217865,0.02933661639690399
1763595995.819151,-0.11769698961973189,-0.11949147182106971,0.005022212076187134,0.03496045619249344,0.012632209807634354,-0.047210924327373505,,,,,,
1763595995.824378,,,,,,,-0.014808475971221924,-0.011337131261825562,0.007550358772277832,0.0034431221429258585,0.03811173513531685,0.027932995930314064
1763595995.829204,-0.1205540595512837,-0.1482961260229349,-0.019979031254723667,0.03964628651738167,0.014109731651842594,-0.04677922651171684,,,,,,
1763595995.834408,,,,,,,-0.019085407257080078,-0.01079145073890686,0.008975155651569366,0.013899757526814938,0.03780653700232506,0.028519157320261
1763595995.839258,-0.13142404780760406,-0.17426760262548924,-0.03874912511110305,0.04714255407452583,0.023879989981651306,-0.04192972928285599,,,,,,
1763595995.844439,,,,,,,-0.02218848466873169,-0.01001596450805664,0.009338624775409698,0.032992105931043625,0.0353657491505146,0.029216507449746132
1763595995.84931,-0.18451025276370345,-0.1772013179898262,-0.027729718446731565,0.05511046573519707,0.03931434080004692,-0.038358964025974274,,,,,,
1763595995.85447,,,,,,,-0.022598683834075928,-0.011388301849365234,0.006238944828510284,0.021147429943084717,0.04460212588310242,0.02217164821922779
1763595995.859363,-0.21238127937726675,-0.1885562402188778,-0.029451719933748243,0.0648239478468895,0.06428690254688263,-0.03866814076900482,,,,,,
1763595995.8645,,,,,,,-0.02708500623703003,-0.018006235361099243,0.013600237667560577,-0.012839565053582191,0.06969975680112839,0.008938932791352272
1763595995.869416,-0.240528857909888,-0.2000970404088497,0.030391704197600483,0.06449691206216812,0.09784193336963654,-0.04089827463030815,,,,,,
1763595995.874531,,,,,,,-0.0312349796295166,-0.02262824773788452,0.022385239601135254,-0.06005581095814705,0.11398839205503464,0.01036718487739563
1763595995.879469,-0.23582922885157168,-0.1664566366136074,0.05727620399184525,0.060283154249191284,0.12802119553089142,-0.04378923028707504,,,,,,
1763595995.884562,,,,,,,-0.029217422008514404,-0.01594710350036621,0.02681230753660202,-0.031018946319818497,0.11853121221065521,0.02036276087164879
1763595995.889522,-0.21226956263110042,-0.15963701972663402,0.05393967998027801,0.0662398487329483,0.14187654852867126,-0.04812272638082504,,,,,,
1763595995.894592,,,,,,,-0.02017819881439209,0.0004181861877441406,0.01549839973449707,0.026518648490309715,0.11733146011829376,0.018356868997216225
1763595995.899575,-0.1707414743259549,-0.13614566950201987,-0.017494667093083262,0.08411803096532822,0.14264662563800812,-0.04532116279006004,,,,,,
1763595995.904623,,,,,,,-0.017808914184570312,0.016342639923095703,0.014509797096252441,0.1061224639415741,0.12412171810865402,0.02886963076889515
1763595995.909628,-0.14898162406906484,-0.1160059677928686,-0.08886018671393393,0.1008024737238884,0.14729225635528564,-0.03620276600122452,,,,,,
1763595995.914654,,,,,,,-0.02132713794708252,0.01936209201812744,0.011588461697101593,0.17315050959587097,0.11940392851829529,0.03924743831157684
1763595995.919682,-0.16634747715070844,-0.11257891595363616,-0.16596688033528625,0.10818169265985489,0.18622249364852905,-0.022867795079946518,,,,,,
1763595995.924684,,,,,,,-0.020756185054779053,0.014456003904342651,0.011938333511352539,0.2070104032754898,0.12873750925064087,0.04155513271689415
1763595995.929734,-0.24486337998285887,-0.09798866506516933,-0.12932437211461364,0.11010662466287613,0.25509265065193176,-0.016896987333893776,,,,,,
1763595995.934716,,,,,,,-0.01740163564682007,0.010094672441482544,0.016502976417541504,0.1724335253238678,0.1451263427734375,0.03108438104391098
1763595995.939786,-0.3017155864089727,-0.07974632140994072,-0.06810140325836837,0.10477834194898605,0.3182813227176666,-0.0131535017862916,,,,,,
1763595995.944746,,,,,,,-0.014202356338500977,0.014354079961776733,0.020724773406982422,0.13656353950500488,0.15801604092121124,0.0346355065703392
1763595995.949839,-0.2574837921030819,-0.07409633282423018,0.02787109967879951,0.0912494882941246,0.3576183319091797,-0.008684983476996422,,,,,,
1763595995.954776,,,,,,,-0.01580631732940674,0.0006735324859619141,0.017921216785907745,0.16939951479434967,0.1538388729095459,0.027791980654001236
1763595995.959893,-0.13559154275059698,-0.038407179805636404,0.026903131429478526,0.08311925828456879,0.36839228868484497,-0.007082840893417597,,,,,,
1763595995.964807,,,,,,,-0.017390906810760498,-0.005831122398376465,0.005671866238117218,0.1760823130607605,0.16038066148757935,0.014515991322696209
1763595995.969945,0.02826477517150342,-0.02241524542570114,-0.004528948666527867,0.08358850330114365,0.3647586703300476,-0.003998634405434132,,,,,,
1763595995.974838,,,,,,,-0.012912154197692871,0.01850724220275879,0.0024338960647583008,0.16991868615150452,0.16937974095344543,8.154893293976784e-06
1763595995.979998,0.19228256726562976,-0.02435761166512966,-0.061710387047007674,0.09000002592802048,0.3521108031272888,0.0005821376107633114,,,,,,
1763595995.984868,,,,,,,-0.004675030708312988,0.03398212790489197,0.001151442527770996,0.15730151534080505,0.18086862564086914,0.0020837560296058655
1763595995.990052,0.2571574827581644,0.014858546435832976,-0.03609999884180724,0.09618521481752396,0.32315611839294434,0.004066883586347103,,,,,,
1763595995.994899,,,,,,,0.003654181957244873,0.03376808762550354,0.0007782056927680969,0.10547906160354614,0.1754208654165268,-0.010249609127640724
1763595996.000104,0.30748788620010015,0.08361351823210715,0.00022204525284469126,0.0943419560790062,0.278430700302124,0.015129107050597668,,,,,,
1763595996.00493,,,,,,,0.009306609630584717,0.02297958731651306,0.002162925899028778,0.06581228971481323,0.17236141860485077,-0.022302210330963135
1763595996.010157,0.3887829714220017,0.2037082166433334,-0.01175356615781784,0.09455527365207672,0.23158730566501617,0.03165162354707718,,,,,,
1763595996.01496,,,,,,,0.012605786323547363,0.013765871524810791,0.000722050666809082,0.03478086739778519,0.16668009757995605,-0.026166191324591637
1763595996.020211,0.4988959356535226,0.3014239099860191,-0.08980367810912429,0.0988709032535553,0.19537542760372162,0.05735492333769798,,,,,,
1763595996.024991,,,,,,,0.01587045192718506,0.02636238932609558,-0.0026319026947021484,-0.0003120268229395151,0.1523301899433136,-0.04576965421438217
1763595996.030263,0.5494613899603485,0.30335750839710235,-0.1596748675189912,0.09892736375331879,0.16792328655719757,0.08402355015277863,,,,,,
1763595996.035021,,,,,,,0.016238391399383545,0.047785669565200806,-0.004206761717796326,-0.045701079070568085,0.1412527710199356,-0.07863971590995789
1763595996.040316,0.4777844663027674,0.2645738964945078,-0.15830131414346396,0.11299610137939453,0.14492550492286682,0.11408793926239014,,,,,,
1763595996.045052,,,,,,,0.01662677526473999,0.06076595187187195,-0.0033670514822006226,-0.10781662911176682,0.12931567430496216,-0.1211385726928711
1763595996.05037,0.3661393240679055,0.22140344780981538,-0.06552735151927917,0.13547609746456146,0.11491355299949646,0.1472642570734024,,,,,,
1763595996.055083,,,,,,,0.01595383882522583,0.06886604428291321,-0.003474116325378418,-0.18095342814922333,0.11623263359069824,-0.16889545321464539
1763595996.060422,0.31551863244250417,0.17284662991166114,0.09466105501241981,0.15160639584064484,0.06420204788446426,0.1810922622680664,,,,,,
1763595996.065113,,,,,,,0.010456323623657227,0.07360681891441345,-0.0006208270788192749,-0.2586151361465454,0.09439285099506378,-0.21871685981750488
1763595996.070475,0.2826308736454695,0.11343699408769607,0.18755784029867498,0.1532232016324997,0.010907940566539764,0.2145431637763977,,,,,,
1763595996.075144,,,,,,,0.0033818483352661133,0.07862842082977295,-0.001987934112548828,-0.3374449610710144,0.1009247899055481,-0.27826035022735596
1763595996.080528,0.2426511838261038,0.06924597018361091,0.15820793677158654,0.14828500151634216,-0.021253831684589386,0.2388579547405243,,,,,,
1763595996.085175,,,,,,,-0.004349946975708008,0.08452877402305603,0.003099203109741211,-0.4348674714565277,0.1105308085680008,-0.35443776845932007
1763595996.090581,0.20091062181405722,0.02840308766365051,0.08390461013317108,0.16211479902267456,-0.006383540108799934,0.26392069458961487,,,,,,
1763595996.095205,,,,,,,-0.00542759895324707,0.09594926238059998,0.014501556754112244,-0.5368101000785828,0.1218244731426239,-0.4191959798336029
1763595996.100634,0.1884570176281035,0.07064005489051342,0.06541150658726692,0.18874973058700562,0.03863523155450821,0.3010677695274353,,,,,,
1763595996.105236,,,,,,,0.0018917322158813477,0.11265966296195984,0.01646900177001953,-0.5969653129577637,0.124384306371212,-0.48697054386138916
1763595996.110687,0.16191636283546684,0.16546061131358145,0.16276713444590568,0.21002359688282013,0.06867355853319168,0.3482544720172882,,,,,,
1763595996.115267,,,,,,,0.004628479480743408,0.12860992550849915,0.013977400958538055,-0.6368735432624817,0.13273118436336517,-0.5602306723594666
1763595996.12074,0.19626915268376469,0.23509411951005457,0.1749040738981217,0.22976148128509521,0.07941339164972305,0.40424343943595886,,,,,,
1763595996.125297,,,,,,,0.0025091171264648438,0.14081653952598572,0.011446945369243622,-0.6859142780303955,0.1641540825366974,-0.6289922595024109
1763595996.130792,0.21964710566177964,0.2753559872716665,0.10721534309387207,0.24645471572875977,0.09344026446342468,0.4621315002441406,,,,,,
1763595996.135328,,,,,,,0.002308964729309082,0.1442408561706543,0.0049315690994262695,-0.6928142309188843,0.18654541671276093,-0.6992059350013733
1763595996.140846,0.20567644797638057,0.26674422627091404,0.033991080396436155,0.2635708749294281,0.12730582058429718,0.5183309316635132,,,,,,
1763595996.145359,,,,,,,0.010905086994171143,0.155583918094635,0.0031505972146987915,-0.7501446008682251,0.213084876537323,-0.7870860695838928
1763595996.150898,0.15797054781913755,0.30385552104711533,-0.014574505330063402,0.2990114390850067,0.1867675483226776,0.5775505900382996,,,,,,
1763595996.155389,,,,,,,0.019862711429595947,0.18292847275733948,0.01798546314239502,-0.8912809491157532,0.2369670420885086,-0.9102562069892883
1763595996.160951,0.07722323267310857,0.3622703006148338,0.04087331419084221,0.32661256194114685,0.24677245318889618,0.6368229389190674,,,,,,
1763595996.16542,,,,,,,0.0289384126663208,0.17295366525650024,0.02668406069278717,-0.9681612849235535,0.2571586072444916,-0.9897115230560303
1763595996.171005,0.062479983180016276,0.45869478510320183,0.17024430192615836,0.3393155634403229,0.29474076628685,0.7028072476387024,,,,,,
1763595996.175451,,,,,,,0.033379971981048584,0.14800035953521729,0.03535450994968414,-1.0390031337738037,0.3011212646961212,-1.0694864988327026
1763595996.181057,0.09101195792034268,0.5252443558096885,0.1992693574130535,0.35333555936813354,0.3399635851383209,0.7692661285400391,,,,,,
1763595996.185481,,,,,,,0.031100928783416748,0.1634109616279602,0.04551398754119873,-1.0429822206497192,0.349740207195282,-1.1609910726547241
1763595996.19111,0.18821210295632482,0.5783674587100744,0.1368459632584825,0.3755338191986084,0.38226550817489624,0.8330557942390442,,,,,,
1763595996.195512,,,,,,,0.036641061305999756,0.19180405139923096,0.04511711001396179,-0.9991953372955322,0.3802642822265625,-1.2430261373519897
1763595996.201164,0.23304522415623066,0.5946195053309202,0.09518354451656341,0.40576446056365967,0.40928277373313904,0.8910602927207947,,,,,,
1763595996.205543,,,,,,,0.047052860260009766,0.2098703384399414,0.03499126434326172,-0.9726053476333618,0.4052239656448364,-1.3419264554977417
1763595996.211216,0.23170652289837598,0.5918365966141224,0.05901336651537567,0.4397069811820984,0.43649202585220337,0.9391950368881226,,,,,,
1763595996.215573,,,,,,,0.05385977029800415,0.20554819703102112,0.035693392157554626,-0.9581587910652161,0.4255364239215851,-1.4249964952468872
1763595996.221269,0.21904621715918182,0.5311211388885975,0.021118757608067244,0.4628274738788605,0.4758702516555786,0.9837634563446045,,,,,,
1763595996.225604,,,,,,,0.05471867322921753,0.18552479147911072,0.03767132759094238,-0.9532915949821472,0.4737497568130493,-1.492277979850769
1763595996.231323,0.22416838247850537,0.48488078123927114,0.05578443106412887,0.47295865416526794,0.5307968854904175,1.0274851322174072,,,,,,
1763595996.235635,,,,,,,0.0515902042388916,0.18427371978759766,0.04846474528312683,-0.9775665998458862,0.5426238775253296,-1.5690499544143677
1763595996.241375,0.24269480377212166,0.4660509930849075,0.1053086235565599,0.49184855818748474,0.5760008096694946,1.0785508155822754,,,,,,
1763595996.245665,,,,,,,0.05433356761932373,0.20251509547233582,0.06866252422332764,-0.9698225855827332,0.5882526636123657,-1.65565025806427
1763595996.251428,0.24405703203603624,0.45700317875444885,0.2134907749891281,0.5123248100280762,0.5805407166481018,1.1363868713378906,,,,,,
1763595996.255696,,,,,,,0.06572544574737549,0.21544453501701355,0.06832544505596161,-0.9712207317352295,0.6300045847892761,-1.744778037071228
1763595996.261482,0.2758754811011255,0.4911784200787544,0.26747137150168415,0.5221205949783325,0.5369735360145569,1.2010562419891357,,,,,,
1763595996.265727,,,,,,,0.08495879173278809,0.21515333652496338,0.05484876036643982,-0.9375519752502441,0.6646496653556824,-1.836255669593811
1763595996.271534,0.3229159030869603,0.5300993946254253,0.1772702915728092,0.5244942903518677,0.5110617876052856,1.2641710042953491,,,,,,
1763595996.275757,,,,,,,0.09564065933227539,0.1960633099079132,0.04256752133369446,-0.9082332253456116,0.7142646312713623,-1.9160377979278564
1763595996.281587,0.3610182547271251,0.5615028331488371,-0.001247370854235487,0.5332967638969421,0.5428480505943298,1.3231401443481445,,,,,,
1763595996.285788,,,,,,,0.09889370203018188,0.19569244980812073,0.04459643363952637,-0.890744686126709,0.7710895538330078,-2.0103108882904053
1763595996.291641,0.39455461362600325,0.5950695871859789,-0.12440730091333388,0.5294487476348877,0.6124489903450012,1.381247878074646,,,,,,
1763595996.295819,,,,,,,0.10499918460845947,0.20565059781074524,0.050546035170555115,-0.8673426508903503,0.8267554640769958,-2.078606367111206
1763595996.301693,0.39791649127453566,0.6563134526997805,-0.12662790870540774,0.5284467339515686,0.6747601628303528,1.4375790357589722,,,,,,
1763595996.305849,,,,,,,0.11789578199386597,0.20676392316818237,0.06732487678527832,-0.9238776564598083,0.8830432891845703,-2.171674966812134
1763595996.311746,0.3383963808134198,0.692640903621912,-0.0293739693892654,0.5384191870689392,0.7007219791412354,1.4963816404342651,,,,,,
1763595996.31588,,,,,,,0.12746083736419678,0.19265025854110718,0.08236333727836609,-0.9017241597175598,0.9231137037277222,-2.2212107181549072
1763595996.321798,0.3038832858368754,0.6748895583540201,0.11472528033256531,0.5358138680458069,0.6770474910736084,1.5601564645767212,,,,,,
1763595996.325911,,,,,,,0.13723433017730713,0.15433084964752197,0.08140191435813904,-0.897030770778656,0.9714847207069397,-2.2892210483551025
1763595996.331851,0.33753596459180113,0.7284931382477283,0.08516600837111472,0.535656750202179,0.6437137722969055,1.6247082948684692,,,,,,
1763595996.335941,,,,,,,0.13142579793930054,0.15436208248138428,0.09634831547737122,-0.9198634028434753,1.0221452713012695,-2.376422882080078
1763595996.341904,0.42309944784790277,0.7988590523719787,-0.07376839777780696,0.555361270904541,0.6396432518959045,1.687184453010559,,,,,,
1763595996.345972,,,,,,,0.13890349864959717,0.17417073249816895,0.11091643571853638,-0.9297555685043335,1.0768071413040161,-2.4293556213378906
1763595996.351957,0.4464914293512702,0.8316103983730078,-0.16461656170487404,0.579269289970398,0.6615073084831238,1.7405563592910767,,,,,,
1763595996.356002,,,,,,,0.15933239459991455,0.17991185188293457,0.12119495868682861,-0.9193471670150757,1.120066523551941,-2.480557918548584
1763595996.36201,0.3898360606715083,0.8078840703487395,-0.14462536508832127,0.5877262949943542,0.6797812581062317,1.7807836532592773,,,,,,
1763595996.366033,,,,,,,0.17069846391677856,0.17790955305099487,0.12661418318748474,-0.9005631804466248,1.1780285835266113,-2.512366771697998
1763595996.372063,0.3042430590599775,0.7462941678762436,-0.08750701853930949,0.5877401828765869,0.6877400875091553,1.8169128894805908,,,,,,
1763595996.376064,,,,,,,0.1756630539894104,0.1793820858001709,0.11998233199119568,-0.8653247952461243,1.2434486150741577,-2.548063278198242
1763595996.382116,0.2544569916278124,0.6766992381244897,-0.07143204551842064,0.5785441398620605,0.7024320960044861,1.852312445640564,,,,,,
1763595996.386094,,,,,,,0.17728710174560547,0.15946805477142334,0.10283637046813965,-0.8040438294410706,1.3078521490097046,-2.5822627544403076
1763595996.392169,0.26173019750118254,0.6862187616199255,-0.1699772484878078,0.5765166282653809,0.7312009334564209,1.895209550857544,,,,,,
1763595996.396125,,,,,,,0.17784953117370605,0.14422523975372314,0.11369594931602478,-0.7913557291030884,1.3943535089492798,-2.6011672019958496
1763595996.402222,0.2739908363983035,0.6954343337327241,-0.20444880587756634,0.5834681987762451,0.7673203945159912,1.93905770778656,,,,,,
1763595996.406156,,,,,,,0.1856725811958313,0.14954906702041626,0.12091761827468872,-0.7297711968421936,1.4461727142333984,-2.6138558387756348
1763595996.412275,0.22246552408337592,0.6388818409055471,-0.15853815510664135,0.5790577530860901,0.7876874804496765,1.969871997833252,,,,,,
1763595996.416186,,,,,,,0.19613957405090332,0.13246303796768188,0.11011010408401489,-0.7027769088745117,1.5214219093322754,-2.613433599472046
1763595996.422328,0.16655571307390926,0.5785773020684719,-0.104102764031291,0.5623365640640259,0.815754771232605,1.9896289110183716,,,,,,
1763595996.426217,,,,,,,0.19946497678756714,0.11098545789718628,0.119442880153656,-0.6415092945098877,1.5764071941375732,-2.6074531078338623
1763595996.432381,0.19020634551346302,0.5261632242202758,-0.14613748668432236,0.5467197895050049,0.866182804107666,2.0047595500946045,,,,,,
1763595996.436248,,,,,,,0.20124894380569458,0.08535593748092651,0.1323055624961853,-0.6204298138618469,1.6174182891845703,-2.6241307258605957
1763595996.442435,0.24887656114697454,0.5751683704078198,-0.21362930667698382,0.5413529872894287,0.9306921362876892,2.0304110050201416,,,,,,
1763595996.446278,,,,,,,0.20314651727676392,0.08217746019363403,0.14262449741363525,-0.5686140060424805,1.6603471040725708,-2.603850841522217
1763595996.452487,0.27676059337258335,0.6706377461284398,-0.2151326969772577,0.5351244211196899,0.9625672101974487,2.059288263320923,,,,,,
1763595996.456309,,,,,,,0.20726090669631958,0.06050300598144531,0.1224738359451294,-0.5239729881286621,1.704116940498352,-2.583542585372925
1763595996.46254,0.28856033675968645,0.7286234866291285,-0.22352643131315708,0.5372151136398315,0.9650259017944336,2.0985419750213623,,,,,,
1763595996.46634,,,,,,,0.20959198474884033,0.06079304218292236,0.12366709113121033,-0.5577830672264099,1.7756257057189941,-2.5768067836761475
1763595996.472594,0.3029045039325952,0.7281728202521801,-0.2367173002650961,0.5421746969223022,0.965283989906311,2.1390879154205322,,,,,,
1763595996.47637,,,,,,,0.21453756093978882,0.06894141435623169,0.1286795437335968,-0.48465290665626526,1.8084372282028198,-2.5281596183776855
1763595996.482646,0.19580255808532238,0.5900619881570339,-0.13481065803859382,0.5282195210456848,0.9806529879570007,2.1682982444763184,,,,,,
1763595996.486401,,,,,,,0.22712528705596924,0.03404951095581055,0.1006510853767395,-0.39289695024490356,1.8353588581085205,-2.484820604324341
1763595996.492699,0.06830781255066394,0.4376911600410938,-0.0929401860365644,0.5110421776771545,1.0100375413894653,2.170313835144043,,,,,,
1763595996.496432,,,,,,,0.21986636519432068,0.01656198501586914,0.07940131425857544,-0.3392467498779297,1.880627989768982,-2.478243112564087
1763595996.502753,0.05090367328524589,0.3679261344194412,-0.12457915034890174,0.49787598848342896,1.0302258729934692,2.1600210666656494,,,,,,
1763595996.506462,,,,,,,0.20670205354690552,0.018181264400482178,0.08827459812164307,-0.2951260209083557,1.9375659227371216,-2.454918146133423
1763595996.512805,0.04814882161915302,0.4031815721958875,-0.14712123702466487,0.4988837242126465,1.0477126836776733,2.149141550064087,,,,,,
1763595996.516493,,,,,,,0.21064141392707825,0.021429359912872314,0.11369162797927856,-0.31484857201576233,1.9983317852020264,-2.4509146213531494
1763595996.522858,-0.030349545556306836,0.45347032845318314,-0.08700255788220092,0.5105218291282654,1.0276618003845215,2.1494572162628174,,,,,,
1763595996.526524,,,,,,,0.22862830758094788,0.02746903896331787,0.1555553674697876,-0.3148612082004547,2.0225911140441895,-2.4089419841766357
1763595996.53291,-0.10260872608125209,0.5056272166699171,0.018218981045950204,0.5195747017860413,0.9652590751647949,2.1661133766174316,,,,,,
1763595996.536554,,,,,,,0.2509998381137848,0.005270719528198242,0.1413956880569458,-0.3456135392189026,2.0368409156799316,-2.4210424423217773
1763595996.542964,-0.1360702661782503,0.49629006400406356,-0.014555179575085639,0.513645350933075,0.9176111817359924,2.182149887084961,,,,,,
1763595996.546585,,,,,,,0.24909862875938416,-0.02585667371749878,0.09520590305328369,-0.3261778950691223,2.074827194213867,-2.356658697128296
1763595996.553016,-0.08826923508346081,0.35684301486909387,-0.15272682021306827,0.4856584966182709,0.9080123901367188,2.1763811111450195,,,,,,
1763595996.556616,,,,,,,0.2308672070503235,-0.04488849639892578,0.023055970668792725,-0.2678394913673401,2.1302297115325928,-2.314033269882202
1763595996.563069,-0.0020586860954761505,0.21819325359165667,-0.23456220459043978,0.4527033567428589,0.913742184638977,2.1533327102661133,,,,,,
1763595996.566646,,,,,,,0.20770598948001862,-0.02043747901916504,-0.016180813312530518,-0.22815251350402832,2.205956220626831,-2.2440431118011475
1763595996.573123,0.032084991046786304,0.024467501780390737,-0.20645663856863974,0.42056459188461304,0.9024088382720947,2.0931296348571777,,,,,,
1763595996.576677,,,,,,,0.20816145837306976,-0.0011149048805236816,-0.005109906196594238,-0.25016939640045166,2.250128984451294,-2.1999614238739014
1763595996.583175,-0.04749064997136593,-0.12889350641667843,-0.06452244422647636,0.4111284613609314,0.8362368941307068,2.01076078414917,,,,,,
1763595996.586708,,,,,,,0.22719869017601013,-0.023487508296966553,0.03625744581222534,-0.26686424016952515,2.2551021575927734,-2.1171679496765137
1763595996.593228,-0.18883564168214798,-0.25810090108811856,0.06991933940052986,0.4208735227584839,0.7472547888755798,1.92888343334198,,,,,,
1763595996.596738,,,,,,,0.24589991569519043,-0.08067798614501953,0.059918880462646484,-0.2768697142601013,2.2242684364318848,-2.091231107711792
1763595996.603281,-0.3998451212495565,-0.31615327708423135,-0.012232872965716523,0.42586153745651245,0.7142376899719238,1.8561996221542358,,,,,,
1763595996.606769,,,,,,,0.2396843582391739,-0.1041681170463562,0.07169127464294434,-0.33803054690361023,2.229584217071533,-2.0609259605407715
1763595996.613334,-0.6782330235630274,-0.2672410698771477,-0.12219547008275986,0.42429161071777344,0.7073448896408081,1.791105031967163,,,,,,
1763595996.616799,,,,,,,0.23044118285179138,-0.08054912090301514,0.09070825576782227,-0.34831753373146057,2.240358352661133,-1.999646544456482
1763595996.623387,-1.0479325973957776,-0.2683329567670822,-0.14515548990964888,0.421417772769928,0.6843299269676208,1.7254844903945923,,,,,,
1763595996.62683,,,,,,,0.23337101936340332,-0.06982231140136719,0.05077439546585083,-0.3259923458099365,2.2217631340026855,-1.9696356058120728
1763595996.63344,-1.1636159091055394,-0.12853987067341804,-0.23216624936461447,0.41577425599098206,0.6849581599235535,1.6463476419448853,,,,,,
1763595996.636861,,,,,,,0.229122132062912,-0.0772852897644043,0.013313889503479004,-0.29366183280944824,2.234403371810913,-1.9242173433303833
1763595996.643493,-1.07562373739779,0.01459434254169464,-0.20453588137282058,0.4000021517276764,0.6872298717498779,1.5508241653442383,,,,,,
1763595996.646891,,,,,,,0.2226227968931198,-0.07223445177078247,0.03071695566177368,-0.2270718365907669,2.241098403930664,-1.8871687650680542
1763595996.653546,-1.1074801803857088,-0.08237024017274379,-0.07796820582151412,0.3735090494155884,0.6657107472419739,1.455964207649231,,,,,,
1763595996.656922,,,,,,,0.2282351851463318,-0.0465775728225708,0.027487874031066895,-0.15084205567836761,2.2343907356262207,-1.8326319456100464
1763595996.6636,-0.8285814059406519,-0.07326923435032368,-0.21028878234373405,0.3472643196582794,0.68495112657547,1.3984214067459106,,,,,,
1763595996.666953,,,,,,,0.2348809689283371,-0.04913318157196045,-0.010406792163848877,-0.0009660738287493587,2.216614246368408,-1.7462528944015503
1763595996.673652,-0.3149322108566761,0.07873042236566544,-0.41767829958200453,0.3164171874523163,0.7654387950897217,1.3786426782608032,,,,,,
1763595996.676983,,,,,,,0.232331782579422,-0.08066743612289429,-0.06323158740997314,0.07259202748537064,2.1952171325683594,-1.7403627634048462
1763595996.683705,0.051423313245177266,0.24202654912173746,-0.41691842112541194,0.2808437645435333,0.818131685256958,1.3650920391082764,,,,,,
1763595996.687014,,,,,,,0.22545462846755981,-0.04582846164703369,-0.017275691032409668,0.07526127994060516,2.2313766479492188,-1.6990388631820679
1763595996.693758,-0.0552080924808979,0.29161154102385045,-0.08298102901484816,0.2500626742839813,0.7457895874977112,1.378791332244873,,,,,,
1763595996.697045,,,,,,,0.236750066280365,-0.03834795951843262,0.03000432252883911,0.152739018201828,2.1687262058258057,-1.6414037942886353
1763595996.703811,-0.33808570742905136,0.22476941711157558,0.16829320439100265,0.23353412747383118,0.5988528728485107,1.386277437210083,,,,,,
1763595996.707075,,,,,,,0.24297627806663513,-0.09667956829071045,0.007508695125579834,0.12839116156101227,2.1318347454071045,-1.6524536609649658
1763595996.713864,-0.46133740856647487,0.23700930548161267,0.013798187195323407,0.23014073073863983,0.49702370166778564,1.379265308380127,,,,,,
1763595996.717106,,,,,,,0.2260148674249649,-0.1206963062286377,0.02657938003540039,0.14519330859184265,2.0928401947021484,-1.619577169418335
1763595996.723917,-0.2600678172469139,0.39672377435863015,-0.4686615043768659,0.24516163766384125,0.539987325668335,1.372792363166809,,,,,,
1763595996.727137,,,,,,,0.21555458009243011,-0.1349075436592102,-0.0034053921699523926,0.10883530229330063,2.0463438034057617,-1.6615451574325562
1763595996.73397,-0.13173252923488615,0.38194472289979453,-0.7490822642248124,0.2696470022201538,0.5896861553192139,1.3428964614868164,,,,,,
1763595996.737167,,,,,,,0.20805653929710388,-0.09532958269119263,0.016911685466766357,0.08079434931278229,2.0479366779327393,-1.6005821228027344
1763595996.744023,-0.4313490975379944,0.06710282067507504,-0.45207858183383937,0.27681130170822144,0.546898365020752,1.3170440196990967,,,,,,
1763595996.747199,,,,,,,0.21805667877197266,-0.08366948366165161,-0.012742996215820312,0.12024430930614471,1.996504545211792,-1.5239136219024658
1763595996.754076,-0.6789303581774234,-0.10859306118786334,-0.20875267708394676,0.26436901092529297,0.49007636308670044,1.281285285949707,,,,,,
1763595996.757229,,,,,,,0.2174656093120575,-0.1038135290145874,-0.07168722152709961,0.08535130321979523,1.9705142974853516,-1.5208749771118164
1763595996.764129,-0.7157283492207527,-0.22248422878384588,-0.04990633281096816,0.22732439637184143,0.46087324619293213,1.2211909294128418,,,,,,
1763595996.767259,,,,,,,0.20682430267333984,-0.07256793975830078,-0.023107826709747314,0.12066154181957245,1.9951924085617065,-1.4362016916275024
1763595996.774181,-0.5981546937197446,-0.2332756719112396,0.03467851467132568,0.18196384608745575,0.4604032039642334,1.1860926151275635,,,,,,
1763595996.77729,,,,,,,0.20652112364768982,-0.06194251775741577,-0.03849667310714722,0.2427576184272766,1.940758466720581,-1.4180599451065063
1763595996.784234,-0.43129824413359164,-0.03622720541805029,-0.18325594185367225,0.16909731924533844,0.4749840199947357,1.1496387720108032,,,,,,
1763595996.787321,,,,,,,0.19597989320755005,-0.06789600849151611,-0.04295617341995239,0.28039100766181946,1.9551888704299927,-1.4260315895080566
1763595996.794287,-0.5456061758369207,0.08492810796201229,-0.2361865909218788,0.18124990165233612,0.43834200501441956,1.12002694606781,,,,,,
1763595996.797351,,,,,,,0.19074556231498718,-0.06170278787612915,0.0051833391189575195,0.3683525621891022,1.9314395189285278,-1.3783838748931885
1763595996.80434,-0.8384154022127389,0.03487520628720522,-0.12046645433306694,0.18190789222717285,0.37583503127098083,1.0982446670532227,,,,,,
1763595996.807382,,,,,,,0.19730430841445923,-0.0960855484008789,-0.04986757040023804,0.4738410711288452,1.8787449598312378,-1.337158441543579
1763595996.814393,-0.9109083914935588,-0.0040229719057679175,-0.14593641115427017,0.16977877914905548,0.36511287093162537,1.0684210062026978,,,,,,
1763595996.817413,,,,,,,0.17649120092391968,-0.1174701452255249,-0.0987352728843689,0.5577343702316284,1.8673529624938965,-1.2865781784057617
1763595996.824446,-0.7702636570066214,-0.023874212062358856,-0.2165373761434108,0.1406794637441635,0.429110586643219,1.005911111831665,,,,,,
1763595996.827443,,,,,,,0.16108977794647217,-0.10110092163085938,-0.09138280153274536,0.6366540193557739,1.8625606298446655,-1.2542738914489746
1763595996.834499,-0.7031523607641458,-0.1497130070835352,-0.1452162801861763,0.13746316730976105,0.4627809524536133,0.9436154961585999,,,,,,
1763595996.837474,,,,,,,0.16936293244361877,-0.06954509019851685,-0.08117705583572388,0.7663214802742004,1.8047542572021484,-1.1805623769760132
1763595996.844552,-0.6433686309307813,-0.17222615992575882,-0.1256711103040725,0.1421363651752472,0.4540426731109619,0.9085726141929626,,,,,,
1763595996.847504,,,,,,,0.18031924962997437,-0.08401089906692505,-0.08104205131530762,0.8506577610969543,1.7423181533813477,-1.1343541145324707
1763595996.854605,-0.6809989811450242,-0.12206453717947005,-0.0248912070851773,0.14374490082263947,0.40322503447532654,0.8843093514442444,,,,,,
1763595996.857536,,,,,,,0.1794581115245819,-0.10600519180297852,-0.054488539695739746,0.9832403063774109,1.666986107826233,-1.0595653057098389
1763595996.864658,-0.6368605642110109,0.011863164012134074,0.03731346628479659,0.12570197880268097,0.4092872440814972,0.8663758039474487,,,,,,
1763595996.867566,,,,,,,0.1681985855102539,-0.13541913032531738,-0.0887332558631897,1.0746454000473022,1.5770210027694702,-1.062574028968811
1763595996.874711,-0.569365821608901,0.19941548788547514,-0.09374781262502074,0.11430178582668304,0.4550619125366211,0.844230055809021,,,,,,
1763595996.877596,,,,,,,0.14889663457870483,-0.1003682017326355,-0.04914313554763794,1.0272315740585327,1.5824863910675049,-1.034949541091919
1763595996.884764,-0.5372919364780188,0.35381723730713127,-0.16472418679781256,0.11371777951717377,0.480252206325531,0.8381823301315308,,,,,,
1763595996.887627,,,,,,,0.15266847610473633,-0.07759994268417358,-0.020374000072479248,0.9236170053482056,1.5243034362792969,-1.0527485609054565
1763595996.894817,-0.5484872842311859,0.4392228996530175,-0.16988646493181586,0.1078961119055748,0.47446516156196594,0.8584583401679993,,,,,,
1763595996.897658,,,,,,,0.15987557172775269,-0.12514245510101318,-0.029653429985046387,0.7251912951469421,1.4995172023773193,-1.0068933963775635
1763595996.90487,-0.5228063150078058,0.4161091505691409,-0.04937807115316391,0.09614580869674683,0.47762617468833923,0.881457507610321,,,,,,
1763595996.907688,,,,,,,0.16232311725616455,-0.15472197532653809,-0.03319191932678223,0.4835052490234375,1.4758286476135254,-1.0569179058074951
1763595996.914923,-0.484015688842535,0.3459276531010866,-0.08297975037321448,0.07958920300006866,0.48591578006744385,0.8851978778839111,,,,,,
1763595996.917719,,,,,,,0.148328959941864,-0.13899993896484375,-0.014833301305770874,0.315876841545105,1.4684338569641113,-1.0101978778839111
1763595996.924976,-0.4298252489715814,0.43965749167799945,-0.05574570648893713,0.0455186553299427,0.5289612412452698,0.9130857586860657,,,,,,
1763595996.92775,,,,,,,0.14471864700317383,-0.11442339420318604,-0.03374096751213074,0.24176032841205597,1.4303582906723022,-1.0164176225662231
1763595996.935029,-0.25801731445789333,0.5884603981792926,-0.18440715771540997,0.023405365645885468,0.5717347860336304,0.9437382221221924,,,,,,
1763595996.93778,,,,,,,0.1250171661376953,-0.111111581325531,-0.05576956272125244,0.24362054467201233,1.4320473670959473,-0.9995310306549072
1763595996.945082,-0.16682780801355837,0.6559343902543187,-0.09542553657889366,-0.0025024940259754658,0.5580531358718872,0.985806405544281,,,,,,
1763595996.947811,,,,,,,0.12016856670379639,-0.09907203912734985,-0.07074561715126038,0.37410467863082886,1.407646894454956,-0.9590351581573486
1763595996.955135,-0.058096215137839316,0.880383489370346,-0.062271454995870584,-0.05720861628651619,0.6031812429428101,1.073901653289795,,,,,,
1763595996.957842,,,,,,,0.12693017721176147,-0.06901854276657104,-0.0864185094833374,0.4867697060108185,1.3788800239562988,-0.9497918486595154
1763595996.965188,0.16186580169200895,1.2625455082826316,-0.17493205788359045,-0.127298504114151,0.6917713284492493,1.1936339139938354,,,,,,
1763595996.967872,,,,,,,0.12409371137619019,-0.011845648288726807,-0.054163724184036255,0.6111527681350708,1.3639415502548218,-0.9238542914390564
1763595996.975241,0.21459493683874606,1.4370365444004536,-0.1056089308105409,-0.22269532084465027,0.7799384593963623,1.3475332260131836,,,,,,
1763595996.977903,,,,,,,0.10946476459503174,0.007446587085723877,-0.026494741439819336,0.7080479264259338,1.3367005586624146,-0.8853758573532104
1763595996.985294,0.25466800402998924,1.670313531485945,0.10936068455949426,-0.31640464067459106,0.7864440679550171,1.548702597618103,,,,,,
1763595996.987934,,,,,,,0.09344542026519775,-0.0032378435134887695,-0.015466928482055664,0.7516605257987976,1.3099451065063477,-0.8585382103919983
1763595996.995347,0.39387481466829777,2.1918609324738383,0.018554916735738516,-0.3895403742790222,0.8084580302238464,1.8112518787384033,,,,,,
1763595996.997964,,,,,,,0.08383649587631226,-0.03497213125228882,-0.007570773363113403,0.674821674823761,1.2617243528366089,-0.8763880133628845
1763595997.005399,0.5756348188757896,3.048971390545368,-0.4461899621866643,-0.4386538565158844,0.9000623226165771,2.146634340286255,,,,,,
1763595997.007995,,,,,,,0.084197998046875,-0.0572817325592041,0.012561202049255371,0.5188822746276855,1.2076336145401,-0.8809205293655396
1763595997.015452,0.8312655304580926,3.9582483814448115,-0.6237080910407007,-0.41521164774894714,0.8801626563072205,2.550807476043701,,,,,,
1763595997.018026,,,,,,,0.08877205848693848,-0.07684087753295898,0.014656424522399902,0.2695646286010742,1.1489067077636719,-0.9137700796127319
1763595997.025505,0.5533429075688123,3.0712536572411655,-0.6631022360570729,-0.25318482518196106,0.581211268901825,2.706165313720703,,,,,,
1763595997.028056,,,,,,,0.07666462659835815,-0.10137045383453369,0.017187446355819702,-0.025489654392004013,1.1316661834716797,-0.9085105061531067
1763595997.035558,-0.3344429670125246,0.9631736354555934,-0.4341065795525908,-0.016880691051483154,0.2227383404970169,2.5887486934661865,,,,,,
1763595997.038087,,,,,,,0.06040316820144653,-0.14325672388076782,0.0033687353134155273,-0.3048422038555145,1.1089166402816772,-0.9224956035614014
1763595997.045611,-1.1541238581389188,-1.3800915451243518,-0.7549474299311637,0.21089139580726624,0.07125385105609894,2.1849379539489746,,,,,,
1763595997.048117,,,,,,,0.051066815853118896,-0.15048211812973022,-0.006254613399505615,-0.5287817716598511,1.1242908239364624,-0.9141335487365723
1763595997.055664,-1.8350445133507252,-3.584809913344681,-0.8564166305884718,0.33635663986206055,0.06868283450603485,1.6340078115463257,,,,,,
1763595997.058148,,,,,,,0.07763111591339111,-0.08941996097564697,-0.005977034568786621,-0.5832383632659912,1.1112985610961914,-0.8338416218757629
1763595997.065717,-2.101699892294407,-4.1668946390122175,-0.12895020503997803,0.31450968980789185,0.06851553916931152,1.16062331199646,,,,,,
1763595997.068179,,,,,,,0.10979831218719482,-0.06945240497589111,-0.07642936706542969,-0.45368316769599915,1.0287296772003174,-0.7841129302978516
1763595997.07577,-1.8855349296599626,-3.5297640256881713,0.5560156339094042,0.2329716980457306,-0.04808218404650688,0.8302161693572998,,,,,,
1763595997.078209,,,,,,,0.11474663019180298,-0.09270638227462769,-0.13261184096336365,-0.2826341986656189,0.9634760618209839,-0.7292419672012329
1763595997.085823,-1.382290224212408,-2.26559530011788,0.6491200340643525,0.14660204946994781,-0.14196696877479553,0.6504002809524536,,,,,,
1763595997.08824,,,,,,,0.11330127716064453,-0.07205700874328613,-0.14244166016578674,-0.013423596508800983,0.889349102973938,-0.6381818056106567
1763595997.095876,-0.8410276305377483,-0.743855834813416,0.22074615294486283,0.09377452731132507,-0.1345609873533249,0.593438982963562,,,,,,
1763595997.098271,,,,,,,0.10435646772384644,-0.05732017755508423,-0.1841898113489151,0.26437845826148987,0.8125514984130859,-0.5602781772613525
1763595997.105929,-0.4571458020955324,0.42018779818490143,-0.1945356068894267,0.08700662851333618,-0.08839568495750427,0.5871939063072205,,,,,,
1763595997.108301,,,,,,,0.0871700644493103,-0.06201702356338501,-0.19153368473052979,0.41522523760795593,0.7498593926429749,-0.4891118109226227
1763595997.115982,-0.4529729003250599,0.8807138903684913,-0.15961626919955013,0.100675567984581,-0.08806492388248444,0.589167594909668,,,,,,
1763595997.118332,,,,,,,0.08323699235916138,-0.07033699750900269,-0.166642427444458,0.478800505399704,0.6368262767791748,-0.44528523087501526
1763595997.126035,-0.652651423060894,0.7267109310060739,0.020901187600940466,0.09787899255752563,-0.10827937722206116,0.5623338222503662,,,,,,
1763595997.128363,,,,,,,0.08623403310775757,-0.09955298900604248,-0.13604067265987396,0.4027726948261261,0.5186506509780884,-0.4120015799999237
1763595997.136088,-0.7775035451322794,0.34787560883108526,0.13499094650894403,0.06961379945278168,-0.1052529588341713,0.5162571668624878,,,,,,
1763595997.138393,,,,,,,0.08463364839553833,-0.11308884620666504,-0.09896968305110931,0.25043773651123047,0.417508065700531,-0.36763277649879456
1763595997.146141,-0.753339410212636,-0.037706808417360294,0.17055413506031036,0.037548989057540894,-0.07857909798622131,0.4560107886791229,,,,,,
1763595997.148424,,,,,,,0.07573658227920532,-0.13041812181472778,-0.08489727973937988,0.043663762509822845,0.3268231749534607,-0.36130890250205994
1763595997.156194,-0.5752087024182081,-0.3364969404002651,0.08571925833970308,0.013427942991256714,-0.07667067646980286,0.3994409739971161,,,,,,
1763595997.158455,,,,,,,0.06876301765441895,-0.119526207447052,-0.07801543176174164,-0.12818601727485657,0.2600020468235016,-0.3296058177947998
1763595997.166247,-0.3640899172574282,-0.45767680369969455,0.17946926292181015,-0.011118981055915356,-0.11588092893362045,0.3703306317329407,,,,,,
1763595997.168485,,,,,,,0.06891679763793945,-0.11073827743530273,-0.10777318477630615,-0.1907414346933365,0.17839694023132324,-0.32705923914909363
1763595997.1763,-0.29240298366248607,-0.47499618729110804,0.15776581902727485,-0.032078854739665985,-0.16728368401527405,0.34030136466026306,,,,,,
1763595997.178516,,,,,,,0.05888456106185913,-0.11027950048446655,-0.13639159500598907,-0.2114645540714264,0.13153675198554993,-0.3263401985168457
1763595997.186353,-0.3052630497574806,-0.458766242904216,0.14038929842114448,-0.051690757274627686,-0.18157169222831726,0.307183176279068,,,,,,
1763595997.188547,,,,,,,0.0521162748336792,-0.0726613998413086,-0.12561248242855072,-0.16219165921211243,0.07026754319667816,-0.30618733167648315
1763595997.196406,-0.41259237461984155,-0.418950036550872,0.1275648881614208,-0.08066115528345108,-0.15372781455516815,0.26977667212486267,,,,,,
1763595997.198577,,,,,,,0.04863780736923218,-0.036217331886291504,-0.12157320976257324,-0.05975610762834549,0.009738151915371418,-0.29858240485191345
1763595997.207088,-0.5018547123938799,-0.3764544549204409,0.2052127759873867,-0.12328602373600006,-0.1354421228170395,0.2295801043510437,,,,,,
1763595997.208608,,,,,,,0.0304185152053833,-0.025505542755126953,-0.11232541501522064,0.006024238653481007,-0.019445033743977547,-0.2680386006832123
1763595997.217141,-0.46460313236415385,-0.31698070435170084,0.27046748457774517,-0.15408042073249817,-0.1425224095582962,0.19010061025619507,,,,,,
1763595997.218639,,,,,,,0.01582115888595581,-0.03370404243469238,-0.09151959419250488,0.03337676823139191,-0.05557747185230255,-0.25465941429138184
1763595997.227194,-0.34830490362644195,-0.24723653885498642,0.13806421647444367,-0.16847701370716095,-0.14288102090358734,0.15511907637119293,,,,,,
1763595997.228669,,,,,,,0.013229012489318848,-0.035748958587646484,-0.07057009637355804,0.026926398277282715,-0.0866331234574318,-0.23221103847026825
1763595997.237247,-0.17668810777068136,-0.22567011054465547,0.009988310050964355,-0.16593876481056213,-0.12932872772216797,0.13233759999275208,,,,,,
1763595997.2387,,,,,,,0.012480318546295166,-0.029988646507263184,-0.05317173898220062,-0.0104396166279912,-0.1016690656542778,-0.21438463032245636
1763595997.2473,-0.05758534300625324,-0.1997034745140001,0.040800650813430546,-0.16721445322036743,-0.12674492597579956,0.12963388860225677,,,,,,
1763595997.248731,,,,,,,0.005822479724884033,-0.031675875186920166,-0.04623796045780182,-0.050115205347537994,-0.11389031261205673,-0.20282211899757385
1763595997.257353,0.0003787701845169067,-0.1948125241346657,0.14920155043005942,-0.17708039283752441,-0.1274099200963974,0.13647715747356415,,,,,,
1763595997.258761,,,,,,,-0.0004648566246032715,-0.05034840106964111,-0.045914411544799805,-0.052040670067071915,-0.12651236355304718,-0.20210225880146027
1763595997.267406,-0.06629296559691429,-0.23399132763361558,0.2450431204639375,-0.19472995400428772,-0.1335034966468811,0.14089347422122955,,,,,,
1763595997.268792,,,,,,,0.001318812370300293,-0.0553317666053772,-0.04658246040344238,-0.019213367253541946,-0.1392129808664322,-0.18087054789066315
1763595997.277459,-0.2212771910816431,-0.3048494822542183,0.26157632211372256,-0.21297232806682587,-0.13112322986125946,0.13143189251422882,,,,,,
1763595997.278823,,,,,,,0.0039664506912231445,-0.0468519926071167,-0.05931176245212555,0.0569559708237648,-0.14661230146884918,-0.15171213448047638
1763595997.287512,-0.4790747253090143,-0.33591705815307793,0.20807693324685095,-0.22148777544498444,-0.11303823441267014,0.0904218778014183,,,,,,
1763595997.288853,,,,,,,0.005447030067443848,-0.05444800853729248,-0.07809235155582428,0.12172391265630722,-0.14982300996780396,-0.11272991448640823
1763595997.297565,-0.6620534576565027,-0.3001702566631138,0.17891499003991485,-0.2274078130722046,-0.0835195928812027,0.030459843575954437,,,,,,
1763595997.298884,,,,,,,0.01566368341445923,-0.060371458530426025,-0.08149579167366028,0.1486881524324417,-0.17066997289657593,-0.07524272799491882
1763595997.307618,-0.7005781263619661,-0.1861598466016352,0.20630349383354185,-0.23454348742961884,-0.06351232528686523,-0.03649788349866867,,,,,,
1763595997.308914,,,,,,,0.025290191173553467,-0.07712411880493164,-0.07500062882900238,0.16887682676315308,-0.19502271711826324,-0.014535699971020222
1763595997.317671,-0.6958657108873129,-0.08592307381611317,0.1948516871012747,-0.24120832979679108,-0.04448371380567551,-0.08885115385055542,,,,,,
1763595997.318945,,,,,,,0.022976994514465332,-0.1013292670249939,-0.07589711248874664,0.17714141309261322,-0.22016721963882446,0.029515380039811134
1763595997.327724,-0.634840456560254,-0.044675190691836175,0.1541429523549974,-0.24335670471191406,-0.021607156842947006,-0.13420718908309937,,,,,,
1763595997.328976,,,,,,,0.02129596471786499,-0.10513842105865479,-0.08339500427246094,0.2086949646472931,-0.23744846880435944,0.08230189979076385
1763595997.337777,-0.6193412741333246,-0.07659129144512117,0.1689936077453196,-0.2525421679019928,-0.0030916451942175627,-0.1729695349931717,,,,,,
1763595997.339006,,,,,,,0.02664363384246826,-0.11596179008483887,-0.0983496755361557,0.2376381903886795,-0.2680670917034149,0.1365070641040802
1763595997.34783,-0.7216384500473737,-0.1427553882316686,0.21109861915558575,-0.2644211947917938,0.011175175197422504,-0.21928270161151886,,,,,,
1763595997.349037,,,,,,,0.03965693712234497,-0.12892669439315796,-0.11255787312984467,0.2750244736671448,-0.32319799065589905,0.20393918454647064
1763595997.357883,-0.8332540739268064,-0.160821589868702,0.20138401147946713,-0.2742295563220978,0.040695466101169586,-0.2760341167449951,,,,,,
1763595997.359068,,,,,,,0.05533194541931152,-0.13195788860321045,-0.11878345906734467,0.3130653202533722,-0.38612768054008484,0.25817444920539856
1763595997.367936,-0.902558496299386,-0.1489500050880946,0.16516951941251753,-0.2918948233127594,0.06773693859577179,-0.3400573134422302,,,,,,
1763595997.369098,,,,,,,0.06305557489395142,-0.12601453065872192,-0.12524308264255524,0.36621758341789246,-0.44859081506729126,0.3378462493419647
1763595997.377989,-0.9666688571602106,-0.0984160784306936,0.16104264874085783,-0.3024114668369293,0.07858842611312866,-0.4045853614807129,,,,,,
1763595997.379129,,,,,,,0.06458258628845215,-0.1274256706237793,-0.13346493244171143,0.40283364057540894,-0.5110600590705872,0.39576414227485657
1763595997.388042,-0.9426397467970847,-0.015345270506851375,0.1032967083454132,-0.30253344774246216,0.08740508556365967,-0.47066372632980347,,,,,,
1763595997.38916,,,,,,,0.07144349813461304,-0.11915969848632812,-0.13130126893520355,0.4086587429046631,-0.581619143486023,0.4492667317390442
1763595997.398095,-0.8770710038214922,0.017381726504210382,0.03375862334743142,-0.30364754796028137,0.09731176495552063,-0.5370289087295532,,,,,,
1763595997.39919,,,,,,,0.07694005966186523,-0.11742717027664185,-0.13171659409999847,0.41916173696517944,-0.6584771871566772,0.4994904696941376
1763595997.408148,-0.7269272041052579,0.0627371088793967,-0.0077729720890522,-0.30013641715049744,0.10429936647415161,-0.5946983098983765,,,,,,
1763595997.409221,,,,,,,0.08087122440338135,-0.11662882566452026,-0.12505877017974854,0.36370542645454407,-0.7221965193748474,0.5308778882026672
1763595997.4182,-0.5605301887243985,0.12804160229507833,-0.01649316190034151,-0.3034943640232086,0.0917438343167305,-0.6402696967124939,,,,,,
1763595997.419252,,,,,,,0.08279579877853394,-0.09395456314086914,-0.0972900241613388,0.3376128673553467,-0.7789958715438843,0.5936291813850403
1763595997.428253,-0.5134042804121971,0.15346059611402452,0.10463307151570915,-0.32597437500953674,0.06550610810518265,-0.6745123267173767,,,,,,
1763595997.429282,,,,,,,0.08090096712112427,-0.09985226392745972,-0.10364186763763428,0.36532682180404663,-0.8419884443283081,0.6375629305839539
1763595997.438306,-0.5758440777122974,0.1066084723750595,0.2151191068433225,-0.3578086793422699,0.059709951281547546,-0.706985592842102,,,,,,
1763595997.439313,,,,,,,0.07476890087127686,-0.12471914291381836,-0.13467741012573242,0.44973304867744446,-0.9046683311462402,0.6725062727928162
1763595997.448359,-0.6977911259919405,-0.011960267711058258,0.19429288417473434,-0.3811590075492859,0.08228477090597153,-0.7605825066566467,,,,,,
1763595997.449344,,,,,,,0.07225483655929565,-0.1474379301071167,-0.16369594633579254,0.5364651083946228,-0.9686941504478455,0.7119425535202026
1763595997.458412,-0.8390864333420991,-0.15540692614251747,0.045732846518605944,-0.3896848261356354,0.09748157113790512,-0.8398690223693848,,,,,,
1763595997.459374,,,,,,,0.07746189832687378,-0.14663171768188477,-0.17058885097503662,0.5832448601722717,-1.0214444398880005,0.7871366143226624
1763595997.468465,-0.9465694874614476,-0.2605852104508318,-0.004305588239431381,-0.3851199150085449,0.08525552600622177,-0.9365372657775879,,,,,,
1763595997.469405,,,,,,,0.08683711290359497,-0.1321064829826355,-0.1625446081161499,0.6539232730865479,-1.0779106616973877,0.8946231007575989
1763595997.478518,-1.0420166513502598,-0.3274989930935204,0.01968538207039237,-0.38093528151512146,0.06988269835710526,-1.0382457971572876,,,,,,
1763595997.479436,,,,,,,0.08824539184570312,-0.15856879949569702,-0.17176440358161926,0.700972318649292,-1.1599093675613403,0.9566758275032043
1763595997.488571,-0.9963637382000684,-0.32331852907110004,-0.09428601115494965,-0.3761357367038727,0.08227918297052383,-1.132879614830017,,,,,,
1763595997.489466,,,,,,,0.08983081579208374,-0.16493827104568481,-0.14847688376903534,0.6585705876350403,-1.209639310836792,1.0311874151229858
1763595997.498624,-0.8113502851545811,-0.22795173694211987,-0.12892550899013877,-0.36572861671447754,0.09044070541858673,-1.2118691205978394,,,,,,
1763595997.499497,,,,,,,0.10666698217391968,-0.13735437393188477,-0.11271429061889648,0.6674442291259766,-1.2888723611831665,1.1168889999389648
1763595997.508677,-0.596688128298521,-0.10972995626330374,-0.10867314068675041,-0.34724223613739014,0.08858762681484222,-1.2767102718353271,,,,,,
1763595997.509527,,,,,,,0.115445077419281,-0.13981080055236816,-0.11246824264526367,0.5723268389701843,-1.3591601848602295,1.1220881938934326
1763595997.51873,-0.3413432479202747,0.06325257498770952,-0.13868717067837713,-0.32332733273506165,0.05589385703206062,-1.3196207284927368,,,,,,
1763595997.519558,,,,,,,0.11217719316482544,-0.10033655166625977,-0.060851454734802246,0.413694828748703,-1.3590322732925415,1.2041507959365845
1763595997.528783,-0.12751871093213557,0.2182514135196805,0.04112345302700996,-0.3330729901790619,-0.0146550964564085,-1.3245059251785278,,,,,,
1763595997.529589,,,,,,,0.11802083253860474,-0.05776572227478027,-0.044587016105651855,0.3730163276195526,-1.3993717432022095,1.2730746269226074
1763595997.538836,-0.08710837461054324,0.29284985064715147,0.16106822157353162,-0.36708101630210876,-0.06716623902320862,-1.3010094165802002,,,,,,
1763595997.539619,,,,,,,0.0976189374923706,-0.08452433347702026,-0.09300470352172852,0.3677597641944885,-1.4001930952072144,1.3141485452651978
1763595997.548889,-0.11146540175378322,0.2801395682863891,0.13119257713928817,-0.4033544361591339,-0.07060187309980392,-1.2758893966674805,,,,,,
1763595997.54965,,,,,,,0.07048219442367554,-0.12174743413925171,-0.14140917360782623,0.4552232325077057,-1.3678470849990845,1.3872848749160767
1763595997.558942,-0.22079905217587947,0.15035086659565566,0.10848492463827132,-0.4150422513484955,-0.051400747150182724,-1.2759008407592773,,,,,,
1763595997.559681,,,,,,,0.06851089000701904,-0.1567566990852356,-0.184987872838974,0.6110708713531494,-1.3850713968276978,1.4287385940551758
1763595997.568995,-0.41010523397922516,-0.06117006962522864,-0.04007116749510169,-0.3907981216907501,-0.05262213200330734,-1.3252332210540771,,,,,,
1763595997.569711,,,,,,,0.07975244522094727,-0.14771884679794312,-0.16380617022514343,0.6145252585411072,-1.3793988227844238,1.4720426797866821
1763595997.579048,-0.6463479390025139,-0.2947688360109925,-0.07179930792823433,-0.34963178634643555,-0.10101283341646194,-1.4157404899597168,,,,,,
1763595997.579742,,,,,,,0.10528445243835449,-0.10119640827178955,-0.09676766395568848,0.7331067323684692,-1.403014898300171,1.6512566804885864
1763595997.589101,-0.9828267957568168,-0.4686081302218139,-0.056995706550031895,-0.3095047175884247,-0.12530337274074554,-1.530842661857605,,,,,,
1763595997.589773,,,,,,,0.12067878246307373,-0.14745259284973145,-0.0989682674407959,0.7644332051277161,-1.4755644798278809,1.691624641418457
1763595997.599154,-1.1452262659341097,-0.5235045264050364,-0.20052125717028974,-0.26554736495018005,-0.08587339520454407,-1.6566836833953857,,,,,,
1763595997.599803,,,,,,,0.10590380430221558,-0.17280763387680054,-0.05586954951286316,0.7088932394981384,-1.4807769060134888,1.8091208934783936
1763595997.609207,-1.0395528915852308,-0.3515476849399507,-0.1043815809726715,-0.23273202776908875,-0.04575202986598015,-1.7597758769989014,,,,,,
1763595997.609834,,,,,,,0.12192529439926147,-0.15043354034423828,-0.00330236554145813,0.6459240913391113,-1.5206944942474365,1.910197377204895
1763595997.61926,-0.9010714726120232,-0.1203210545130074,0.06137582133039832,-0.21448351442813873,-0.050069812685251236,-1.8313446044921875,,,,,,
1763595997.619865,,,,,,,0.13444262742996216,-0.12730026245117188,0.014260530471801758,0.6249197125434875,-1.5670582056045532,1.9993828535079956
1763595997.629313,-0.7380833888918161,0.11782982221916317,0.1355341134749353,-0.2018798291683197,-0.08197075128555298,-1.8662184476852417,,,,,,
1763595997.629895,,,,,,,0.128059983253479,-0.13615602254867554,-0.012404680252075195,0.6522665023803711,-1.5937262773513794,2.0820484161376953
1763595997.639366,-0.5591746824622154,0.3100514530777931,-0.008937339693307875,-0.17733027040958405,-0.0936090275645256,-1.8793184757232666,,,,,,
1763595997.639926,,,,,,,0.10910660028457642,-0.16551804542541504,-0.04085886478424072,0.7027533650398254,-1.5957447290420532,2.122187376022339
1763595997.649419,-0.38776714544296265,0.40157326021641493,-0.06570245235785842,-0.14445199072360992,-0.12079206854104996,-1.8808917999267578,,,,,,
1763595997.649957,,,,,,,0.09469741582870483,-0.1653977632522583,-0.04440543055534363,0.7358752489089966,-1.551592469215393,2.1755385398864746
1763595997.659472,-0.3799778067409992,0.31724545623511075,0.020215105032920837,-0.11926353722810745,-0.17259640991687775,-1.8780755996704102,,,,,,
1763595997.659987,,,,,,,0.09828028082847595,-0.1565588116645813,-0.05588233470916748,0.8943562507629395,-1.5423773527145386,2.2914998531341553
1763595997.669525,-0.5034440274119377,0.10544833342134952,-0.037277298992872236,-0.0927676409482956,-0.20262376964092255,-1.9065910577774048,,,,,,
1763595997.670018,,,,,,,0.10754382610321045,-0.19182002544403076,-0.08456411957740784,0.9728037118911743,-1.5300424098968506,2.334294557571411
1763595997.679577,-0.6175882929861545,-0.10551000048071145,-0.12359817648753522,-0.058600347489118576,-0.1916712522506714,-1.97537362575531,,,,,,
1763595997.680049,,,,,,,0.10515686869621277,-0.21133768558502197,-0.07046565413475037,0.9948581457138062,-1.4847084283828735,2.417691469192505
1763595997.68963,-0.7299725631505251,-0.28613077152520416,-0.16843451255783437,-0.014891119673848152,-0.16267134249210358,-2.093719720840454,,,,,,
1763595997.690079,,,,,,,0.12017080187797546,-0.22280806303024292,-0.049076080322265625,0.858047604560852,-1.4757357835769653,2.4315083026885986
1763595997.699683,-0.6909358532696962,-0.2818044327586889,-0.23088600029572842,0.03442396596074104,-0.16634410619735718,-2.2408640384674072,,,,,,
1763595997.70011,,,,,,,0.1433759331703186,-0.18155866861343384,0.03958258032798767,0.43833211064338684,-1.4236118793487549,2.437075614929199
1763595997.709736,-0.6449287198543548,-0.08878653695583343,-0.03157017339244485,0.09362656623125076,-0.2569088935852051,-2.372795343399048,,,,,,
1763595997.71014,,,,,,,0.1844305396080017,-0.10402876138687134,0.11377221345901489,0.15414650738239288,-1.4246193170547485,2.6156580448150635
1763595997.719789,-0.7020756714433432,0.1400789172977209,0.00455225647687912,0.13793332874774933,-0.35293853282928467,-2.4504029750823975,,,,,,
1763595997.720171,,,,,,,0.2193106710910797,-0.1359337568283081,0.07486924529075623,0.009512897580862045,-1.5248026847839355,2.647416591644287
1763595997.729842,-0.5699848302900791,0.45781303383260963,-0.10678162785172461,0.14714333415031433,-0.3745218813419342,-2.4595935344696045,,,,,,
1763595997.730202,,,,,,,0.18172815442085266,-0.17143511772155762,0.07100120186805725,-0.286014199256897,-1.4803377389907837,2.5794293880462646
1763595997.739895,-0.2689882058054209,0.7754971737459302,-0.13066636130809783,0.12453076988458633,-0.34505054354667664,-2.3917453289031982,,,,,,
1763595997.740232,,,,,,,0.1407811939716339,-0.08829665184020996,0.11438784003257751,-0.340404212474823,-1.4188807010650635,2.6552436351776123
1763595997.749948,-0.08571662799119949,0.8425061786577105,-0.18308730728849767,0.0943124070763588,-0.302550733089447,-2.2857940196990967,,,,,,
1763595997.750263,,,,,,,0.1420065015554428,-0.028970837593078613,0.051243335008621216,-0.14816132187843323,-1.4627885818481445,2.682075262069702
1763595997.760001,-0.11516308722794055,0.6657964435771108,-0.45498599371314047,0.07837024331092834,-0.24866238236427307,-2.1950485706329346,,,,,,
1763595997.760294,,,,,,,0.13155804574489594,-0.0329623818397522,-0.02865883708000183,0.03839843347668648,-1.4581186771392822,2.642237424850464
1763595997.770054,-0.0923912834495306,0.3888368205010891,-0.596743219486624,0.07768101990222931,-0.21157941222190857,-2.170069456100464,,,,,,
1763595997.770324,,,,,,,0.11536756157875061,-0.04484272003173828,-0.025614023208618164,0.0992303341627121,-1.3966071605682373,2.6017956733703613
1763595997.780107,-0.09378069198131561,0.17208382884562015,-0.3504068443417549,0.08766680955886841,-0.23416221141815186,-2.204627513885498,,,,,,
1763595997.780355,,,,,,,0.13164401054382324,-0.022961139678955078,0.010076850652694702,0.22933214902877808,-1.3717033863067627,2.704282522201538
1763595997.79016,-0.21984569697380066,-0.07619476640820502,-0.07942366532683372,0.08255087584257126,-0.2852882444858551,-2.286287546157837,,,,,,
1763595997.790386,,,,,,,0.16644355654716492,-0.03073948621749878,-0.014144092798233032,0.3847818076610565,-1.4376826286315918,2.724372386932373
1763595997.800213,-0.21892799760699272,-0.13872516460120676,0.008790040177106856,0.0654955580830574,-0.3394663631916046,-2.3856987953186035,,,,,,
1763595997.800416,,,,,,,0.1640564203262329,-0.042714059352874756,0.017118096351623535,0.2057822346687317,-1.407546877861023,2.6444339752197266
1763595997.810266,-0.16031915677189826,-0.037517537489533424,0.06855974148511886,0.06344492733478546,-0.4082496762275696,-2.4626057147979736,,,,,,
1763595997.810447,,,,,,,0.15461213886737823,0.01646655797958374,0.1045735776424408,0.05734189227223396,-1.3459618091583252,2.70243501663208
1763595997.820319,-0.15349311014413833,0.03126782944500446,0.08507116969451307,0.05187925323843956,-0.4885430932044983,-2.476341962814331,,,,,,
1763595997.820478,,,,,,,0.17828090488910675,0.034922242164611816,0.1004030704498291,0.021489085629582405,-1.4000004529953003,2.7291712760925293
1763595997.830372,-0.13301321669518948,0.10543839654922485,-0.04876563834324479,0.023573312908411026,-0.5139080882072449,-2.423961877822876,,,,,,
1763595997.830508,,,,,,,0.17475441098213196,-0.0029041171073913574,0.03776487708091736,0.025823645293712616,-1.4383372068405151,2.719048023223877
1763595997.840425,-0.016432663884758947,0.14372399580180645,-0.22248086778298018,-0.03442026674747467,-0.45113158226013184,-2.336806535720825,,,,,,
1763595997.840539,,,,,,,0.13371017575263977,-0.06460118293762207,-0.009685784578323364,0.011602099984884262,-1.3908922672271729,2.6810214519500732
1763595997.850478,0.13994739987254143,0.05337327826917171,-0.2905084020875394,-0.10385632514953613,-0.3360425531864166,-2.2606325149536133,,,,,,
1763595997.85057,,,,,,,0.08809659630060196,-0.09557795524597168,-0.031911104917526245,0.10007870197296143,-1.3342926502227783,2.681727886199951
1763595997.860531,0.18827450066804885,-0.22377952929139136,-0.2378898877084255,-0.17367294430732727,-0.25246185064315796,-2.2417478561401367,,,,,,
1763595997.8606,,,,,,,0.073527991771698,-0.08857351541519165,-0.057171255350112915,0.2307881861925125,-1.3198363780975342,2.7149386405944824
1763595997.870584,0.12055530166029929,-0.5856675525903702,-0.1879169194020331,-0.20635445415973663,-0.22239263355731964,-2.297086715698242,,,,,,
1763595997.870631,,,,,,,0.08326762914657593,-0.047464072704315186,-0.06638824939727783,0.3841993808746338,-1.3302477598190308,2.767530918121338
1763595997.880637,0.06943126362264156,-0.7392863349407911,-0.18877718949317931,-0.19930340349674225,-0.2847285568714142,-2.428144693374634,,,,,,
1763595997.880662,,,,,,,0.10487711429595947,-0.023485958576202393,-0.02843877673149109,0.32301485538482666,-1.3292016983032227,2.690664529800415
1763595997.89069,0.1297749654263258,-0.519670939591527,-0.04589183647260069,-0.1611727923154831,-0.424834281206131,-2.5746541023254395,,,,,,
1763595997.890692,,,,,,,0.13479292392730713,0.05241429805755615,0.09345626831054688,0.10766763985157013,-1.2746529579162598,2.774324893951416
1763595997.900723,,,,,,,0.20668575167655945,0.1199374794960022,0.12418171763420105,0.036139920353889465,-1.3797130584716797,2.8262381553649902
1763595997.900743,0.004541150560975074,-0.1842898149460554,0.24247590032443403,-0.12799227237701416,-0.6345991492271423,-2.6570398807525635,,,,,,
1763595997.910754,,,,,,,0.24096140265464783,0.08060771226882935,0.08090570569038391,0.0025147697888314724,-1.4885742664337158,2.7973825931549072
1763595997.910795,-0.2221083812087774,0.06120470254719257,0.23379823448061943,-0.12866179645061493,-0.8129883408546448,-2.6461057662963867,,,,,,
1763595997.920784,,,,,,,0.2016540765762329,0.021479547023773193,0.046182781457901,-0.004854995757341385,-1.4750821590423584,2.7211360931396484
1763595997.920848,-0.11322831977307796,0.4201023118585348,-0.046318683582544325,-0.17773444950580597,-0.8247715830802917,-2.5411505699157715,,,,,,
1763595997.930815,,,,,,,0.12958472967147827,0.0060536861419677734,0.026988565921783447,0.14278669655323029,-1.3981317281723022,2.6478304862976074
1763595997.930901,0.2013911718726158,0.7393757667899131,-0.38895007161721584,-0.26220113039016724,-0.68451988697052,-2.3916501998901367,,,,,,
1763595997.940845,,,,,,,0.08365115523338318,0.037124574184417725,-0.00899362564086914,0.27005037665367126,-1.3207730054855347,2.593620777130127
1763595997.940954,0.40704409284293647,0.7903390613079071,-0.4622844070930034,-0.35017716884613037,-0.48201242089271545,-2.265619993209839,,,,,,
1763595997.950876,,,,,,,0.08520591259002686,0.10344672203063965,0.0020203888416290283,0.33235958218574524,-1.281590223312378,2.5620603561401367
1763595997.951007,0.46505672135055065,0.5849842465013265,-0.2930066486440599,-0.40715646743774414,-0.35597798228263855,-2.2081780433654785,,,,,,
1763595997.960907,,,,,,,0.11445802450180054,0.10288280248641968,0.007603764533996582,0.4492446780204773,-1.2984693050384521,2.6287412643432617
1763595997.96106,0.42342298071384427,0.34279695385992526,-0.024172172095626592,-0.4174232482910156,-0.35416117310523987,-2.202667713165283,,,,,,
1763595997.970937,,,,,,,0.1446714997291565,0.03223782777786255,0.026651978492736816,0.35286882519721985,-1.3032078742980957,2.5795624256134033
1763595997.971113,0.5203869789063931,0.2486082655996084,0.10116663751415908,-0.3962731957435608,-0.44711828231811523,-2.2384114265441895,,,,,,
1763595997.980968,,,,,,,0.14525684714317322,0.027403831481933594,0.10682594776153564,0.17175841331481934,-1.2235349416732788,2.5995891094207764
1763595997.981166,0.6630027212053538,0.4358832338362932,0.08880173452496529,-0.3453482389450073,-0.5730463862419128,-2.254477024078369,,,,,,
1763595997.990999,,,,,,,0.17279863357543945,0.08170783519744873,0.13121579587459564,0.029195372015237808,-1.2189502716064453,2.639861583709717
1763595997.991219,0.5838543656885623,0.5674287160664796,0.16566534010544418,-0.294345498085022,-0.7263587117195129,-2.2218360900878906,,,,,,
1763595998.001029,,,,,,,0.2035316824913025,0.11956888437271118,0.10381078720092773,-0.04319813475012779,-1.2751240730285645,2.5681400299072266
