timestamp,phone_accel_x,phone_accel_y,phone_accel_z,phone_gyro_x,phone_gyro_y,phone_gyro_z,watch_accel_x,watch_accel_y,watch_accel_z,watch_gyro_x,watch_gyro_y,watch_gyro_z
1763596045.646998,0.08069156637080013,0.0024690204620361326,-0.09870587342381477,0.08635786920785904,-0.17440161108970642,0.09338340163230896,,,,,,
1763596045.656526,,,,,,,0.0002840757369995117,0.03630456328392029,-0.008066296577453613,-0.16892321407794952,-0.019907092675566673,-0.13107310235500336
1763596045.657051,0.03649995794482529,-0.013570844712853431,-0.06171279819980263,0.10811829566955566,-0.20374618470668793,0.12166963517665863,,,,,,
1763596045.666556,,,,,,,-0.008696198463439941,0.030153870582580566,0.0038747675716876984,-0.19079017639160156,-0.0335501991212368,-0.15026463568210602
1763596045.667103,-0.0805205937180668,-0.03964110551476478,-0.024099983642250297,0.11825744807720184,-0.2069634199142456,0.13152256608009338,,,,,,
1763596045.676587,,,,,,,-0.011480152606964111,0.01640528440475464,0.00995839387178421,-0.19372931122779846,-0.029891815036535263,-0.16740860044956207
1763596045.677156,-0.15911511474438012,-0.026677579045295715,0.00873611803278327,0.114826500415802,-0.16939979791641235,0.12114103138446808,,,,,,
1763596045.686617,,,,,,,-0.007595181465148926,0.012852191925048828,0.0054448917508125305,-0.21763651072978973,-0.010051531717181206,-0.176473468542099
1763596045.687209,-0.1797964490495622,0.011738953110575675,0.06404504053965211,0.10220098495483398,-0.11562737822532654,0.10163284838199615,,,,,,
1763596045.696648,,,,,,,-0.00032144784927368164,0.022881776094436646,-0.0030826330184936523,-0.19336241483688354,-0.016663094982504845,-0.17448794841766357
1763596045.697262,-0.18538287087976932,-0.017125906845927238,0.14809095883965492,0.07762641459703445,-0.08279638737440109,0.08810953050851822,,,,,,
1763596045.706679,,,,,,,0.0047280192375183105,0.020819813013076782,-0.010602347552776337,-0.14956992864608765,-0.023099156096577644,-0.18569959700107574
1763596045.707315,-0.13747136514782904,-0.053011459219455714,0.14170228071585297,0.06236947327852249,-0.06179122254252434,0.0856156051158905,,,,,,
1763596045.716709,,,,,,,0.0008872151374816895,0.01594364643096924,-0.013772733509540558,-0.11337268352508545,-0.013730422593653202,-0.1815662980079651
1763596045.717368,-0.027750834299996495,-0.05480477237701416,0.07139101938828825,0.05636164918541908,-0.04377361014485359,0.09973648190498352,,,,,,
1763596045.72674,,,,,,,-0.00542837381362915,0.006985992193222046,-0.007797963917255402,-0.07253310829401016,-0.0064437477849423885,-0.17287985980510712
1763596045.72742,0.03612973639294505,-0.058197921946644776,0.07251783146113157,0.060954779386520386,-0.046319395303726196,0.12124495953321457,,,,,,
1763596045.73677,,,,,,,-0.009331047534942627,-0.0018382370471954346,-0.004732489585876465,-0.04766988381743431,0.006079767365008593,-0.1647249311208725
1763596045.737473,0.022617051608115432,-0.08898352083265781,0.07372823016420006,0.07203646004199982,-0.05886474996805191,0.13863541185855865,,,,,,
1763596045.746801,,,,,,,-0.0077114105224609375,0.0005615353584289551,-0.0031055212020874023,-0.03585902974009514,-0.002204527612775564,-0.1616114377975464
1763596045.747525,-0.07281074999310076,-0.11880056694746016,0.05676861979588866,0.07922998070716858,-0.07323521375656128,0.14337341487407684,,,,,,
1763596045.756832,,,,,,,-0.004624664783477783,-0.007740586996078491,-0.005261547863483429,-0.02708752453327179,-0.005217894446104765,-0.1506153792142868
1763596045.757578,-0.1877388594213873,-0.1265799687772989,0.07472878550887108,0.07065460085868835,-0.08021269738674164,0.13328401744365692,,,,,,
1763596045.766862,,,,,,,-0.004082083702087402,-0.02342173457145691,-0.005002979189157486,-0.029773589223623276,0.002225107979029417,-0.13140280544757843
1763596045.767631,-0.2560234372269362,-0.1050789155870676,0.08513649001568556,0.05227092280983925,-0.057023998349905014,0.1073380559682846,,,,,,
1763596045.776893,,,,,,,-0.0037131905555725098,-0.02911067008972168,-0.008614301681518555,-0.032144345343112946,0.01031818799674511,-0.11304489523172379
1763596045.777684,-0.2267164595261216,-0.11055179404020309,0.04890110129117965,0.03189801052212715,-0.004942156374454498,0.08113148808479309,,,,,,
1763596045.786923,,,,,,,-0.0048010945320129395,-0.02569994330406189,-0.011896133422851562,-0.009528780356049538,0.01628526672720909,-0.09580332785844803
1763596045.787736,-0.1736092848472297,-0.14194061951637268,0.052162879566103215,0.00663403794169426,0.039554305374622345,0.05991556867957115,,,,,,
1763596045.796954,,,,,,,-0.0029453039169311523,-0.025535494089126587,-0.01241564005613327,0.010168181732296944,0.008850786834955215,-0.08624377846717834
1763596045.797789,-0.1602039328943938,-0.13598141885101794,0.0545896683216095,-0.012998252175748348,0.06343140453100204,0.043939266353845596,,,,,,
1763596045.806985,,,,,,,-0.0011788010597229004,-0.02927112579345703,-0.009613633155822754,0.023341774940490723,0.0008131001377478242,-0.07057693600654602
1763596045.807842,-0.07112498886324464,-0.09513502919971942,0.05359948824048042,-0.021045977249741554,0.06398243457078934,0.039379384368658066,,,,,,
1763596045.817015,,,,,,,-0.0007494091987609863,-0.030211448669433594,-0.005024798214435577,0.03453011438250542,-0.002775509376078844,-0.04897942766547203
1763596045.817895,0.017634513955190778,-0.05922141977548599,0.059093994003534316,-0.015025900676846504,0.0374099463224411,0.04295733943581581,,,,,,
1763596045.827046,,,,,,,-0.0023430585861206055,-0.027489781379699707,-0.005599740892648697,0.037518713623285294,-0.007168659940361977,-0.04311754181981087
1763596045.827948,0.013677958349138498,-0.09359130688905716,0.019844664285331964,0.0030054408125579357,0.0008810655563138425,0.05145527794957161,,,,,,
1763596045.837076,,,,,,,-0.006248533725738525,-0.022615432739257812,-0.006024003028869629,0.03425023704767227,-0.00255553238093853,-0.04182844236493111
1763596045.838001,-0.0019458733707666397,-0.13161504033505916,0.012390841148048639,0.021230250597000122,-0.03817339241504669,0.05658159777522087,,,,,,
1763596045.847107,,,,,,,-0.0060918331146240234,-0.020377695560455322,-0.003474116325378418,0.028069572523236275,-0.016250304877758026,-0.044339269399642944
1763596045.848053,-0.08013977770693599,-0.13487959508895872,0.018674305331707,0.031663697212934494,-0.07100450992584229,0.053738027811050415,,,,,,
1763596045.857138,,,,,,,-0.004866540431976318,-0.022557377815246582,-0.0020810291171073914,-0.009955326095223427,-0.02409731037914753,-0.0507349818944931
1763596045.858106,-0.13819858344383537,-0.09404431135356425,0.018750293177366255,0.033103134483098984,-0.09007647633552551,0.044395655393600464,,,,,,
1763596045.867168,,,,,,,-0.003468155860900879,-0.026485860347747803,0.006496787071228027,-0.06342733651399612,-0.02524353377521038,-0.053031694144010544
1763596045.868159,-0.169327150548622,-0.018034838384389875,0.008040536984056233,0.02854638546705246,-0.08633209019899368,0.02269650436937809,,,,,,
1763596045.877199,,,,,,,-0.0043798089027404785,-0.03924250602722168,0.0076109133660793304,-0.09555311501026154,-0.015157610177993774,-0.042377449572086334
1763596045.878212,-0.18777575736567376,0.007799275574088096,-0.016838906598091126,0.024125536903738976,-0.059332698583602905,-0.006819576025009155,,,,,,
1763596045.887229,,,,,,,-0.004806578159332275,-0.04402759671211243,0.005823247134685516,-0.11522801965475082,-0.006295942235738039,-0.020007964223623276
1763596045.888265,-0.1304683545179665,0.0006979191362857818,-0.006875146466493606,0.014874166809022427,-0.0396512933075428,-0.025130225345492363,,,,,,
1763596045.89726,,,,,,,-0.0008714199066162109,-0.025704175233840942,0.0005919933319091797,-0.09559658914804459,-0.01353973988443613,0.000314351636916399
1763596045.898318,-0.07518003640770912,-0.03245966957807541,0.022963526958227155,0.0019530414137989283,-0.0317414365708828,-0.02716781012713909,,,,,,
1763596045.907291,,,,,,,0.0029916763305664062,-0.010451823472976685,-0.0028704479336738586,-0.04475045204162598,-0.0174881424754858,0.011248226277530193
1763596045.90837,-0.055747679250314826,-0.09591887305378913,0.007840776628255844,8.716899901628494e-05,-0.033402398228645325,-0.014722296968102455,,,,,,
1763596045.917321,,,,,,,0.0027280449867248535,-0.0026488006114959717,-0.0037729814648628235,-0.009562453255057335,-0.033332087099552155,0.015837518498301506
1763596045.918423,-0.044939504183828825,-0.08524901047945022,-0.01288636958003044,-0.0012278999201953411,-0.0422225221991539,0.007683942560106516,,,,,,
1763596045.927352,,,,,,,-0.003420889377593994,-0.0060961246490478516,-0.001248244196176529,0.008678868412971497,-0.03047797828912735,0.02278836816549301
1763596045.928476,-0.08797039826735853,-0.07212824762165546,-0.009619038347154855,-0.0005224905908107758,-0.039705123752355576,0.013147075660526752,,,,,,
1763596045.937382,,,,,,,-0.012668848037719727,-0.022342592477798462,0.011118888854980469,-0.0220489501953125,-0.0007134238258004189,0.030814070254564285
1763596045.938529,-0.14865779894217848,-0.05069967514574528,-0.0022295126177370546,0.008921611122786999,-0.018994515761733055,-0.001876615104265511,,,,,,
1763596045.947413,,,,,,,-0.015550971031188965,-0.02491462230682373,0.015729188919067383,-0.05127634480595589,0.01592946983873844,0.03952820226550102
1763596045.948582,-0.23136004754826425,-0.04609422717690467,0.04505480112656951,0.004936086945235729,-0.01871524378657341,-0.023169590160250664,,,,,,
1763596045.957444,,,,,,,-0.008818745613098145,-0.02360394597053528,0.013576984405517578,-0.04006560891866684,0.023485921323299408,0.04209382086992264
1763596045.958635,-0.2862519136868417,-0.04525310017764568,0.08400383272394538,-0.0017662905156612396,-0.03093462437391281,-0.04727146402001381,,,,,,
1763596045.967474,,,,,,,0.0021453499794006348,-0.019897013902664185,0.007775545120239258,-0.029811909422278404,0.018105536699295044,0.04234868660569191
1763596045.968687,-0.25056648699529466,0.014118541723489761,0.0012552607581019402,0.0015319536905735731,-0.028932079672813416,-0.06313632428646088,,,,,,
1763596045.977505,,,,,,,0.010264873504638672,-0.002708256244659424,0.00640261173248291,0.009867481887340546,0.016918299719691277,0.05469636619091034
1763596045.97874,-0.20355989421382545,0.05792144309282302,-0.06544190172553062,0.007693177089095116,-0.024536265060305595,-0.06671720743179321,,,,,,
1763596045.987535,,,,,,,0.012632668018341064,0.008490443229675293,0.003056652843952179,0.03751268982887268,0.012006898410618305,0.05426360294222832
1763596045.988793,-0.1931855074547231,0.0773901136726141,-0.04732289218902588,0.010325097478926182,-0.019034596160054207,-0.06257661432027817,,,,,,
1763596045.997566,,,,,,,0.011358678340911865,0.012084633111953735,0.004558570683002472,0.060231782495975494,0.003069862723350525,0.05177108570933342
1763596045.998846,-0.19294819156751036,0.06571136631667614,-0.009095014473050831,0.003161993343383074,-0.008353454992175102,-0.05319775268435478,,,,,,
1763596046.007597,,,,,,,0.00675588846206665,-0.00023806095123291016,0.009760864078998566,0.06006559729576111,0.005463511683046818,0.05224486067891121
1763596046.008899,-0.17446780137270687,0.08168342695236205,-0.016648352462053297,-0.006243903189897537,0.027552377432584763,-0.05017229914665222,,,,,,
1763596046.017627,,,,,,,-0.002100229263305664,-0.009985387325286865,0.018120765686035156,0.036405451595783234,0.0213969387114048,0.06283791363239288
1763596046.018952,-0.11656528217606246,0.05008826524913311,0.0012684125006198882,-0.020144004374742508,0.071651391685009,-0.049295853823423386,,,,,,
1763596046.027658,,,,,,,-0.005949854850769043,-0.004401952028274536,0.015375502407550812,0.03151721879839897,0.03145063668489456,0.07359655201435089
1763596046.029004,-0.07617145859785378,0.02863397381007671,0.01158405480980873,-0.0350814089179039,0.09370342642068863,-0.0492580384016037,,,,,,
1763596046.037688,,,,,,,-0.0035678744316101074,-0.0019136667251586914,0.005798220634460449,0.04874469339847565,0.036225151270627975,0.0717971920967102
1763596046.039057,-0.04449088363349438,0.0194715931892395,-0.02473126728311181,-0.037632718682289124,0.10008223354816437,-0.04842446744441986,,,,,,
1763596046.047719,,,,,,,0.0014448761940002441,0.0019310414791107178,0.002195596694946289,0.05843859910964966,0.03546668589115143,0.07507128268480301
1763596046.04911,0.0018155249893665312,0.023795301607251167,-0.0622938129581511,-0.023982562124729156,0.08118314296007156,-0.047009747475385666,,,,,,
1763596046.05775,,,,,,,0.0028375983238220215,0.008746117353439331,0.0024397335946559906,0.0802462100982666,0.027270806953310966,0.0720260888338089
1763596046.059163,-0.010329305508360266,0.004323708418011665,-0.05410100802183151,-0.005161737557500601,0.03384785354137421,-0.04025117680430412,,,,,,
1763596046.06778,,,,,,,0.0019209980964660645,0.009807884693145752,0.0031254179775714874,0.08644364774227142,0.0216323621571064,0.059487927705049515
1763596046.069216,-0.02598842773735523,0.014323124384880065,-0.010149491962045431,0.010234447196125984,-0.01076517254114151,-0.03772355616092682,,,,,,
1763596046.077811,,,,,,,-0.0018634200096130371,0.007306784391403198,0.004992712289094925,0.0866369977593422,0.020867502316832542,0.054440438747406006
1763596046.079269,-0.02122669322825968,0.028563831183314323,-0.058823944890499115,0.023058366030454636,-0.022838080301880836,-0.04092041403055191,,,,,,
1763596046.087841,,,,,,,-0.005866706371307373,-0.0021320879459381104,0.008138775825500488,0.03826093673706055,0.02536904253065586,0.052143462002277374
1763596046.089321,-0.018638430300727486,0.04093289889097213,-0.058707040512561794,0.024409184232354164,-0.014831473119556904,-0.04970498010516167,,,,,,
1763596046.097872,,,,,,,-0.00706857442855835,-0.005406230688095093,0.008522626012563705,0.018107356503605843,0.03497959300875664,0.05405128374695778
1763596046.099374,-0.01550429699346423,0.01610708519220352,-0.009761369427293538,0.020981162786483765,-0.0017913044430315495,-0.056490447372198105,,,,,,
1763596046.107903,,,,,,,-0.006056010723114014,-0.008544772863388062,0.004420526325702667,0.00846431590616703,0.04487296938896179,0.05114737153053284
1763596046.109427,0.008497706167027354,0.00019523031115531922,0.03446238770261407,0.020760715007781982,0.0017366685206070542,-0.05514254793524742,,,,,,
1763596046.117933,,,,,,,-0.003987431526184082,0.0033741295337677,0.0003401041030883789,0.03316550329327583,0.03535350039601326,0.05212555080652237
1763596046.11948,-0.010792466040700673,-0.03357844447493553,0.04115604012235999,0.021394014358520508,-0.015746718272566795,-0.040543634444475174,,,,,,
1763596046.127964,,,,,,,0.00043767690658569336,0.014093577861785889,-0.006563309580087662,0.06703105568885803,0.027075063437223434,0.04324204474687576
1763596046.129533,-0.02502615857645869,-0.060679801890254015,0.03616539222821593,0.0284770168364048,-0.03713807836174965,-0.019545167684555054,,,,,,
1763596046.137994,,,,,,,0.0013741850852966309,0.02511686086654663,-0.008875969797372818,0.0797966942191124,0.01939983293414116,0.03208579868078232
1763596046.139586,-0.08018661252334713,-0.07757248450219631,0.03436871806979179,0.0339982844889164,-0.04973376542329788,-0.004293511621654034,,,,,,
1763596046.148025,,,,,,,-0.0012326836585998535,0.023497015237808228,-0.007152557373046875,0.08863465487957001,0.015139042399823666,0.02028852514922619
1763596046.149638,-0.17289046905338762,-0.062079731816053384,0.01064662782922387,0.031794026494026184,-0.04222297668457031,-0.0042306408286094666,,,,,,
1763596046.158056,,,,,,,-0.0033357739448547363,0.005637943744659424,-0.0025991126894950867,0.043533049523830414,0.015598704107105732,0.010817459784448147
1763596046.159691,-0.20893983368650076,-0.015004092386364937,0.01477101428285241,0.020530719310045242,-0.010212846100330353,-0.015044406056404114,,,,,,
1763596046.168086,,,,,,,-0.004831671714782715,-0.0069793760776519775,0.004117250442504883,0.009290127083659172,0.023163946345448494,0.012172475457191467
1763596046.169744,-0.16585194871872663,0.01837152299284935,0.030632600281387565,0.0017226156778633595,0.03727110102772713,-0.032738953828811646,,,,,,
1763596046.178117,,,,,,,-0.0055533647537231445,-0.016326218843460083,0.005263336002826691,-0.020092595368623734,0.030026910826563835,0.013209843076765537
1763596046.179797,-0.09363193116039037,-0.00048281508088111874,0.03362286813855171,-0.017642561346292496,0.07000454515218735,-0.045797765254974365,,,,,,
1763596046.188147,,,,,,,-0.0012357831001281738,-0.008183866739273071,0.0012003183364868164,-0.01092546246945858,0.02410484105348587,0.025988223031163216
1763596046.18985,-0.011572656632959841,-0.016306407156586645,0.038224224454164506,-0.027466757223010063,0.07662881165742874,-0.049546826630830765,,,,,,
1763596046.198178,,,,,,,0.00618976354598999,0.0026529133319854736,-0.004541270434856415,0.008100217208266258,0.013065771199762821,0.02737639658153057
1763596046.199903,0.03760185477212071,0.005577507871389388,-0.030301614761352538,-0.020662378519773483,0.05954676866531372,-0.041486237198114395,,,,,,
1763596046.208209,,,,,,,0.005704998970031738,0.009434252977371216,-0.00839710608124733,0.039800092577934265,0.00872268807142973,0.03389208763837814
1763596046.209955,0.08053564515672623,0.044538229906558986,-0.04821268063560128,-0.003896694630384445,0.028737258166074753,-0.027665486559271812,,,,,,
1763596046.218239,,,,,,,0.0010060667991638184,0.009381920099258423,-0.006470322608947754,0.057385750114917755,0.011529659852385521,0.040211036801338196
1763596046.220008,0.10370601979866623,0.06064531509876251,-0.005983166062831878,0.013184821233153343,0.0008073567878454924,-0.015886591747403145,,,,,,
1763596046.22827,,,,,,,-0.0025519728660583496,0.009425371885299683,-0.0015670061111450195,0.059369005262851715,0.005979632493108511,0.04824872314929962
1763596046.230061,0.10117752423435449,0.03609539573192596,0.032366146075725556,0.018366899341344833,-0.023225314915180206,-0.01319650188088417,,,,,,
1763596046.2383,,,,,,,-0.003954648971557617,0.0029781758785247803,-0.0002932548522949219,0.06767768412828445,0.005000121891498566,0.04851863533258438
1763596046.240114,0.056796822977066036,0.005748772785067558,0.050757688943296665,0.013965227641165257,-0.018096065148711205,-0.022369761019945145,,,,,,
1763596046.248331,,,,,,,-0.009028434753417969,-0.012328803539276123,0.0012770965695381165,0.05212748423218727,0.030990976840257645,0.06557591259479523
1763596046.250167,0.07317614923939109,0.008927987343072891,0.022011779191344977,0.010713978670537472,0.005471895448863506,-0.03678382560610771,,,,,,
1763596046.258362,,,,,,,-0.006641983985900879,-0.0072214603424072266,-0.002099156379699707,0.05875203385949135,0.0448540598154068,0.07771619409322739
1763596046.260221,0.07118870174922048,-0.012682371440529822,0.06126373925805091,0.0021433935035020113,0.003463605884462595,-0.04297567531466484,,,,,,
1763596046.268392,,,,,,,0.000756680965423584,0.0028252601623535156,-0.010657064616680145,0.10022570192813873,0.02777334488928318,0.07702324539422989
1763596046.270272,0.008249284363910555,-0.028027240088582036,0.08006181709989905,-5.8669596910476685e-05,-0.011104327626526356,-0.04212932288646698,,,,,,
1763596046.278423,,,,,,,0.0072203874588012695,0.009351342916488647,-0.01695704460144043,0.1395968794822693,0.012094782665371895,0.084459587931633
1763596046.280325,-0.010838570204749702,-0.0370434902369976,0.016505729120969773,0.005974722094833851,-0.03126552328467369,-0.034578196704387665,,,,,,
1763596046.288453,,,,,,,0.0068795084953308105,0.020445674657821655,-0.013373028486967087,0.1693129539489746,-0.005336937960237265,0.08683246374130249
1763596046.290378,-0.047102454371377826,-0.05086392579674721,-0.004477437674999237,0.011707339435815811,-0.04484853520989418,-0.026605958119034767,,,,,,
1763596046.298484,,,,,,,-0.001470327377319336,0.017567455768585205,-0.011794209480285645,0.1753869205713272,0.0007579727098345757,0.08205381780862808
1763596046.300431,-0.0687260379627347,-0.07604922045767307,0.03566387244686484,0.017616627737879753,-0.03841753304004669,-0.023283930495381355,,,,,,
1763596046.308515,,,,,,,-0.00727158784866333,0.011660605669021606,-0.008350133895874023,0.14709056913852692,0.010011658072471619,0.07070688903331757
1763596046.310484,-0.10476794994175434,-0.10394435859918594,0.06944397697374224,0.014684283174574375,-0.028407692909240723,-0.026765938848257065,,,,,,
1763596046.318545,,,,,,,-0.007936418056488037,0.0026504099369049072,-0.006762504577636719,0.11450081318616867,0.00758392084389925,0.05067359656095505
1763596046.320537,-0.13290434949323535,-0.11921382392346858,0.10477774068340659,-0.00230162451043725,-0.014462582767009735,-0.027663158252835274,,,,,,
1763596046.328576,,,,,,,-0.004610002040863037,-0.012253731489181519,-0.0038130320608615875,0.04865175858139992,0.00404910696670413,0.028796792030334473
1763596046.330589,-0.10424399913288653,-0.038781858336925504,0.09368702234849333,-0.015559107065200806,0.004097253084182739,-0.02740456536412239,,,,,,
1763596046.338606,,,,,,,-0.0030297040939331055,-0.014093399047851562,0.003268003463745117,-0.005034933798015118,0.0016413432313129306,0.022845493629574776
1763596046.340642,-0.0729628718148917,-0.019962591576576233,0.06051920450106263,-0.022942719981074333,0.0188362505286932,-0.024947531521320343,,,,,,
1763596046.348637,,,,,,,-0.0030114054679870605,-0.012227892875671387,0.004350896924734116,-0.03575209900736809,0.004096511285752058,0.015473863109946251
1763596046.350695,-0.07327223002500832,-0.011014145967364311,0.010636106435209512,-0.018494093790650368,0.0214067529886961,-0.021213531494140625,,,,,,
1763596046.358667,,,,,,,-0.0019232630729675293,-0.006641268730163574,0.00019609928131103516,-0.04215769097208977,0.0020991405472159386,0.01365046389400959
1763596046.360748,-0.07175546878650783,-0.009122048610448836,-0.055814972332865,-0.008471554145216942,0.01510385051369667,-0.015469892881810665,,,,,,
1763596046.368698,,,,,,,0.0023619532585144043,-0.0003596842288970947,-0.007749449461698532,-0.027991805225610733,-0.008135121315717697,0.015501094982028008
1763596046.370801,-0.053305912121385336,0.01500350786447525,-0.03617357553467154,-0.0010039075277745724,-0.0001546284183859825,-0.013021059334278107,,,,,,
1763596046.378729,,,,,,,0.00596851110458374,0.008262664079666138,-0.00794554129242897,-0.010804589837789536,-0.023172659799456596,0.013088869862258434
1763596046.380854,-0.011175547074154019,0.0158726919144392,0.030746874310821293,0.0020946802105754614,-0.010150004178285599,-0.012294016778469086,,,,,,
1763596046.388759,,,,,,,0.0017995238304138184,0.006886988878250122,-0.0037002600729465485,0.004746939055621624,-0.022907143458724022,0.015573065727949142
1763596046.390906,0.042312516681104896,-0.0004243628919124603,0.07184139350429176,-0.0037956582382321358,-0.005916765425354242,-0.01770959235727787,,,,,,
1763596046.39879,,,,,,,-0.005770564079284668,-0.0011557042598724365,0.0007297992706298828,-0.0048514073714613914,-0.009609180502593517,0.028898125514388084
1763596046.400959,0.058714054775238035,-0.03704699736833572,0.08245967202186584,-0.013654680922627449,0.0026772553101181984,-0.023449771106243134,,,,,,
1763596046.408821,,,,,,,-0.009572505950927734,-0.0063401758670806885,0.003377079963684082,-0.01044111605733633,-0.003093490842729807,0.039438385516405106
1763596046.411012,0.05680960939340293,-0.01601473073363304,0.037928894769400354,-0.020500604063272476,0.007965895347297192,-0.02740553207695484,,,,,,
1763596046.418851,,,,,,,-0.006394505500793457,-0.006266534328460693,0.002967722713947296,-0.010798806324601173,-0.00648422772064805,0.04696294665336609
1763596046.421065,0.06327515214569866,0.00804652833342552,-0.011977876432985066,-0.016281358897686005,0.003017209004610777,-0.026398856192827225,,,,,,
1763596046.428882,,,,,,,-0.002869248390197754,-0.001852959394454956,-0.002377144992351532,-0.002627962501719594,-0.00223888223990798,0.05495349317789078
1763596046.431118,0.06418218398801982,0.005144377151131629,-0.03982712960615754,-0.002177856396883726,-0.013957062736153603,-0.025094054639339447,,,,,,
1763596046.438912,,,,,,,-0.0024036765098571777,0.006914317607879639,-0.0016807317733764648,-0.006346036680042744,-0.009286139160394669,0.05851886793971062
1763596046.441171,0.03836575181670487,-0.005579845958948135,-0.011039280408620834,0.004156738519668579,-0.049711063504219055,-0.026932168751955032,,,,,,
1763596046.448943,,,,,,,-0.004108011722564697,0.011248916387557983,0.0009829960763454437,0.007065642159432173,-0.015637245029211044,0.057727910578250885
1763596046.451223,0.044188174359872934,-0.0008259294301271438,-0.0028396073400974273,0.007906926795840263,-0.07258937507867813,-0.025949468836188316,,,,,,
1763596046.458973,,,,,,,-0.007771193981170654,-0.0006060898303985596,0.004549257457256317,-0.012515312060713768,-0.008020338602364063,0.06290802359580994
1763596046.461277,0.06832688257731497,0.006750643303990364,-0.0201567989744246,0.008782840333878994,-0.07409938424825668,-0.02645813301205635,,,,,,
1763596046.469004,,,,,,,-0.0074021220207214355,-0.004424422979354858,0.007583610713481903,-0.03845609724521637,-0.011470996774733067,0.06536585092544556
1763596046.471329,0.06236899708621203,-0.00012684125006198882,-0.009180500799417495,0.0003233482129871845,-0.07110825181007385,-0.02352225035429001,,,,,,
1763596046.479035,,,,,,,-0.005204439163208008,-0.005955040454864502,0.009013660252094269,-0.045466579496860504,-0.014356265775859356,0.061343684792518616
1763596046.481382,0.03448620696961879,-0.03865267899930477,-0.03489902555420995,-0.0002795914188027382,-0.06665810942649841,-0.02382718212902546,,,,,,
1763596046.489065,,,,,,,-0.003794372081756592,-0.0043385326862335205,0.006609201431274414,-0.06330549716949463,-0.006882902700453997,0.058757755905389786
1763596046.491435,-0.005437441813573241,-0.032062779214978215,-0.0821475373327732,0.005345539189875126,-0.07089333236217499,-0.01819012500345707,,,,,,
1763596046.499096,,,,,,,-0.0019528865814208984,0.003964424133300781,0.009371645748615265,-0.060607291758060455,-0.013595666736364365,0.05556502193212509
1763596046.501487,-0.03637063247673213,0.012914426630735396,-0.06409282520413398,0.017646146938204765,-0.0914851576089859,-0.011647802777588367,,,,,,
1763596046.509126,,,,,,,0.0007941722869873047,0.005327969789505005,0.010712146759033203,-0.05942511186003685,-0.029645739123225212,0.04224469140172005
1763596046.51154,-0.08255911380834877,0.052127077600359915,-0.05588628400340676,0.028278183192014694,-0.10834598541259766,-0.01137582492083311,,,,,,
1763596046.519157,,,,,,,-0.003526449203491211,0.0036355555057525635,0.018183954060077667,-0.05239350348711014,-0.035612553358078,0.05404355749487877
1763596046.521593,-0.07546111837141216,0.05994271978735923,-0.06655015522837639,0.03552144765853882,-0.10423886030912399,-0.01706194132566452,,,,,,
1763596046.529188,,,,,,,-0.0077378153800964355,0.005132883787155151,0.018038392066955566,-0.04712311178445816,-0.023284779861569405,0.04883494973182678
1763596046.531646,-0.03859203485324979,0.02652268074452877,-0.046214638686180115,0.02705548331141472,-0.09150829166173935,-0.022712064906954765,,,,,,
1763596046.539218,,,,,,,-0.009981751441955566,0.006645232439041138,0.0171356201171875,-0.039469122886657715,-0.03523598238825798,0.04359997436404228
1763596046.541699,-0.04376994894780218,-0.041220483660697936,-0.03938742301464081,0.012570551596581936,-0.07317296415567398,-0.023975735530257225,,,,,,
1763596046.549249,,,,,,,-0.0074849724769592285,-0.0004898309707641602,0.016998648643493652,-0.04730174317955971,-0.03691430389881134,0.03840441256761551
1763596046.551752,-0.017151187417656182,-0.0749935739248991,-0.07523965764045715,0.0028519397601485252,-0.05440225824713707,-0.01673196442425251,,,,,,
1763596046.559279,,,,,,,-0.008940398693084717,-0.004232496023178101,0.018272772431373596,-0.05895845592021942,-0.04628783464431763,0.03062671795487404
1763596046.561804,-0.026515958742797375,-0.08716390419006347,-0.12179799519777297,-0.0017236373387277126,-0.04807032644748688,-0.00469714030623436,,,,,,
1763596046.56931,,,,,,,-0.010276079177856445,-0.00752413272857666,0.01622665673494339,-0.07725463807582855,-0.04354451224207878,0.02666633017361164
1763596046.571857,-0.08403941549398004,-0.08556523682177067,-0.15000453737601638,0.011891467496752739,-0.06329935044050217,-0.0022143987007439137,,,,,,
1763596046.579341,,,,,,,-0.016198456287384033,-0.005919307470321655,0.015146851539611816,-0.0988643541932106,-0.0315440408885479,0.0282637607306242
1763596046.58191,-0.166927834321931,-0.10053133528530597,-0.17684344446286557,0.030504832044243813,-0.08198302239179611,-0.011907239444553852,,,,,,
1763596046.589371,,,,,,,-0.014278829097747803,-0.0027678608894348145,0.018526189029216766,-0.11099611222743988,-0.0242760069668293,0.02911197766661644
1763596046.591963,-0.20950323972292242,-0.06698971568942069,-0.14998364071846007,0.04174287989735603,-0.09527698904275894,-0.029579853639006615,,,,,,
1763596046.599402,,,,,,,-0.012127459049224854,-0.006414979696273804,0.021496761590242386,-0.11951396614313126,-0.015400225296616554,0.03043982945382595
1763596046.602016,-0.20207411263547836,-0.01499649360179901,-0.15859949337244034,0.0487762875854969,-0.08263309299945831,-0.05506177619099617,,,,,,
1763596046.609432,,,,,,,-0.009257495403289795,-0.005810528993606567,0.022495031356811523,-0.11853951960802078,-0.012380465865135193,0.03267955034971237
1763596046.612069,-0.15555413432717322,-7.949497699737548e-05,-0.15505509876385332,0.04643995687365532,-0.05360668525099754,-0.07551824301481247,,,,,,
1763596046.619463,,,,,,,-0.009003937244415283,-0.006993532180786133,0.01907968521118164,-0.10156825929880142,-0.0043009682558476925,0.04162271320819855
1763596046.622121,-0.06722447429336607,0.006350245809555053,-0.13139219136461613,0.040155164897441864,-0.023604312911629677,-0.08106134086847305,,,,,,
1763596046.629494,,,,,,,-0.01031184196472168,-0.0045247673988342285,0.015242569148540497,-0.08551765233278275,0.006523716263473034,0.033900871872901917
1763596046.632174,0.02003346485570073,-0.02956862431168556,-0.097154698459059,0.04435187578201294,-0.012372739613056183,-0.0649629682302475,,,,,,
1763596046.639524,,,,,,,-0.011834919452667236,0.0040802061557769775,0.013328664004802704,-0.06581505388021469,0.011360016651451588,0.03283081576228142
1763596046.642227,0.03780519532449543,-0.0602665449142456,-0.05757642904743552,0.05488893762230873,-0.02443952113389969,-0.0375494584441185,,,,,,
1763596046.649555,,,,,,,-0.012865960597991943,0.007991403341293335,0.014497406780719757,-0.06348889321088791,0.018779583275318146,0.028452446684241295
1763596046.65228,-0.010697481233626604,-0.09651742346882819,-0.013666267911344766,0.07136514037847519,-0.049929097294807434,-0.014535476453602314,,,,,,
1763596046.659585,,,,,,,-0.015008151531219482,0.005782127380371094,0.01643502712249756,-0.07014932483434677,0.034908752888441086,0.025841549038887024
1763596046.662333,-0.10476868059411644,-0.09782909058928489,0.038544542449712754,0.08079405874013901,-0.0664963573217392,-0.00545276515185833,,,,,,
1763596046.669616,,,,,,,-0.016474366188049316,-0.003255784511566162,0.013327963650226593,-0.07648072391748428,0.06034460291266441,0.018374845385551453
1763596046.672386,-0.18190291980952022,-0.06702361795902252,0.06411167603507638,0.07799909263849258,-0.059755291789770126,-0.01291206106543541,,,,,,
1763596046.679647,,,,,,,-0.012430906295776367,0.001902759075164795,0.0017194822430610657,0.0005787056870758533,0.05786386877298355,0.03357803449034691
1763596046.682438,-0.21219905467815697,-0.07321838094592094,0.06159560156092048,0.06153862550854683,-0.03131379559636116,-0.022560160607099533,,,,,,
1763596046.689677,,,,,,,-0.004074037075042725,0.02256333827972412,-0.0031818076968193054,0.02653760090470314,0.052355654537677765,0.020915767177939415
1763596046.692491,-0.21256131211929022,-0.0711158557087183,0.042257279362529515,0.043084148317575455,0.007188364397734404,-0.029449857771396637,,,,,,
1763596046.699708,,,,,,,-0.0013527274131774902,0.02473515272140503,-0.003263115882873535,0.029743772000074387,0.05651417747139931,0.017568904906511307
1763596046.702544,-0.18248093889318406,-0.07455868963897228,0.03975903280600905,0.02926607057452202,0.0396786630153656,-0.02729962207376957,,,,,,
1763596046.709738,,,,,,,0.0032315850257873535,0.0014556348323822021,-0.0051888152956962585,0.010538917966187,0.04494141414761543,0.015775000676512718
1763596046.712597,-0.1807678513649851,-0.08298691076636314,0.019688889201730488,0.024805542081594467,0.04972037300467491,-0.02035749889910221,,,,,,
1763596046.719769,,,,,,,0.0032848715782165527,-0.00391697883605957,-0.0038911141455173492,0.003561014775186777,0.03765846788883209,0.008629539981484413
1763596046.72265,-0.20883754235580562,-0.09018822044730186,-0.029767361754179,0.036939170211553574,0.04748731106519699,-0.016043178737163544,,,,,,
1763596046.7298,,,,,,,-0.0028224587440490723,0.0025651156902313232,-0.0090407133102417,0.0006331354379653931,0.047061555087566376,0.006490488536655903
1763596046.732703,-0.1729456333067268,-0.0789408502459526,-0.0037153672613203523,0.0530293770134449,0.035199735313653946,-0.014981887303292751,,,,,,
1763596046.73983,,,,,,,-0.00817328691482544,0.01109468936920166,-0.010853998363018036,0.022866802290081978,0.05444144085049629,0.002708267420530319
1763596046.742755,-0.12020005848184227,-0.06042202773690224,0.03862871360182762,0.06422051042318344,0.0280158594250679,-0.016121720895171165,,,,,,
1763596046.749861,,,,,,,-0.005218625068664551,0.006682634353637695,-0.007581949234008789,0.022727785632014275,0.05768783390522003,-0.0013642385601997375
1763596046.752808,-0.0762142017610371,-0.035739421901106835,0.10121347233057021,0.06527148187160492,0.026804540306329727,-0.009985711425542831,,,,,,
1763596046.759891,,,,,,,-0.0010122060775756836,0.0004566311836242676,-0.0036210939288139343,0.010063674300909042,0.04955826699733734,-0.01052111852914095
1763596046.762861,-0.07747654984705149,-0.0284340673238039,0.11111527314186095,0.06212335452437401,0.03537778928875923,-0.0063475677743554115,,,,,,
1763596046.769922,,,,,,,0.002588808536529541,-0.0061171650886535645,-0.0002984926104545593,0.009766997769474983,0.0419008806347847,-0.015124392695724964
1763596046.772914,-0.08643091374039649,-0.02105857011973858,0.09956862773299216,0.0573246069252491,0.05211495980620384,-0.007982482202351093,,,,,,
1763596046.779953,,,,,,,-0.0009148120880126953,-0.013857364654541016,-0.0031524822115898132,0.005021555814892054,0.05124005302786827,-0.004967762157320976
1763596046.782968,-0.04406155230551958,0.0060427872955799095,0.06624868806377053,0.04990636929869652,0.06859219819307327,-0.0150342658162117,,,,,,
1763596046.789983,,,,,,,-0.0037012100219726562,-0.012091010808944702,-0.005771517753601074,0.007192298304289579,0.06842996180057526,0.004951714538037777
1763596046.79302,-0.033257615022733805,0.030125673672556877,0.08111892493739724,0.04849382862448692,0.0779673233628273,-0.01901436038315296,,,,,,
1763596046.800014,,,,,,,-0.0009096264839172363,-0.006530493497848511,-0.010211825370788574,0.019267771393060684,0.06898949295282364,0.01139143668115139
1763596046.803072,0.004114741842448711,0.032980478581786155,0.08524784143567085,0.04956148937344551,0.07285432517528534,-0.016740819439291954,,,,,,
1763596046.810044,,,,,,,0.005330562591552734,-0.0034349262714385986,-0.015624277293682098,0.016458401456475258,0.05826786905527115,0.010583167895674706
1763596046.813126,0.01191694002598524,-0.01766951220333576,0.09684256376996636,0.052576351910829544,0.053584396839141846,-0.010052756406366825,,,,,,
1763596046.820075,,,,,,,0.008094429969787598,-0.004794508218765259,-0.01554454118013382,0.007216158322989941,0.04270781949162483,0.01053143572062254
1763596046.823179,-0.01042735905535519,-0.05028232651650905,0.09318462578430771,0.05176888033747673,0.025126123800873756,-0.006728067062795162,,,,,,
1763596046.830106,,,,,,,0.003626525402069092,-0.010046958923339844,-0.010893598198890686,-0.002890004776418209,0.029304396361112595,0.009281614795327187
1763596046.833231,-0.005060790520906448,-0.07046119119226932,0.04365077954754233,0.05496663972735405,0.009057902731001377,-0.013269290328025818,,,,,,
1763596046.840136,,,,,,,-0.003213644027709961,-0.020159006118774414,-0.005643732845783234,-0.03170182555913925,0.03786486014723778,0.010393351316452026
1763596046.843284,0.007944529263675212,-0.04874094229340553,0.007753244475275278,0.06508931517601013,0.014465452171862125,-0.02905065007507801,,,,,,
1763596046.850167,,,,,,,-0.009377539157867432,-0.021957337856292725,-0.003767140209674835,-0.06641320139169693,0.04977771267294884,0.017249392345547676
1763596046.853338,0.002882204372808337,-0.06348141530752181,0.02469488079547882,0.07190766930580139,0.010433057323098183,-0.044734060764312744,,,,,,
1763596046.860197,,,,,,,-0.0100211501121521,-0.019495517015457153,-0.007329463958740234,-0.07982046902179718,0.047845590859651566,0.019359014928340912
1763596046.863389,-0.012010390463098883,-0.1110784482628107,0.026495354346185922,0.07755277305841446,-0.010611508041620255,-0.05843842029571533,,,,,,
1763596046.870228,,,,,,,-0.007472217082977295,-0.01818835735321045,-0.009390473365783691,-0.09494057297706604,0.036523960530757904,0.017353922128677368
1763596046.873442,-0.00715513245165348,-0.15041969404816627,0.026777970679849383,0.08340036869049072,-0.03831241652369499,-0.06743181496858597,,,,,,
1763596046.880259,,,,,,,-0.008528530597686768,-0.01804661750793457,-0.008496515452861786,-0.10362616926431656,0.03341125696897507,0.01980862393975258
1763596046.883496,0.05653349586576223,-0.15118600224554538,0.041050972312688824,0.08901617676019669,-0.06342282891273499,-0.07008938491344452,,,,,,
1763596046.890289,,,,,,,-0.012159883975982666,-0.01758900284767151,-0.008182644844055176,-0.1399351805448532,0.03349461406469345,0.015572600066661835
1763596046.893548,0.04829699791818857,-0.17248364181816578,0.025752865415811538,0.09032990038394928,-0.08041839301586151,-0.07240768522024155,,,,,,
1763596046.90032,,,,,,,-0.014545977115631104,-0.016827434301376343,-0.004866845905780792,-0.14501021802425385,0.027668150141835213,0.022543691098690033
1763596046.903601,0.028862594934180377,-0.1580950509816408,0.01714402702450752,0.08904039859771729,-0.08295665681362152,-0.08137428015470505,,,,,,
1763596046.91035,,,,,,,-0.015598118305206299,-0.032386600971221924,-0.0022475719451904297,-0.16108985245227814,0.03891414776444435,0.032727085053920746
1763596046.913655,0.0256236860781908,-0.10379413647353648,-0.017565905698388815,0.09138348698616028,-0.07523894309997559,-0.09057121723890305,,,,,,
1763596046.920381,,,,,,,-0.016357004642486572,-0.029333889484405518,3.1828880310058594e-05,-0.1750056892633438,0.04923629388213158,0.04318125918507576
1763596046.923707,0.015414865144342184,-0.0873193870127201,-0.0006314297713339328,0.09378086030483246,-0.07712259143590927,-0.09409431368112564,,,,,,
1763596046.930412,,,,,,,-0.010684549808502197,-0.01662003993988037,0.000512242317199707,-0.17254279553890228,0.048026684671640396,0.05490848794579506
1763596046.933759,-0.028911256381496785,-0.10871171913146972,0.035801819612830875,0.09433640539646149,-0.08989538252353668,-0.0904199481010437,,,,,,
1763596046.940442,,,,,,,-0.004333674907684326,-0.009175598621368408,-0.002341143786907196,-0.16945399343967438,0.035687461495399475,0.06163403391838074
1763596046.943813,-0.08167882384248078,-0.11125906552672385,0.028437136063724753,0.09514173865318298,-0.1098744124174118,-0.09166790544986725,,,,,,
1763596046.950473,,,,,,,-0.002135336399078369,-0.0020232796669006348,-0.003167860209941864,-0.17664691805839539,0.012768296524882317,0.058501359075307846
1763596046.953866,-0.11996201194226741,-0.07621464015245437,-0.03564779809489846,0.09455307573080063,-0.11545076966285706,-0.09637752920389175,,,,,,
1763596046.960503,,,,,,,-0.00416409969329834,-0.011851146817207336,0.0005114004015922546,-0.17147564888000488,0.014144085347652435,0.059618089348077774
1763596046.963918,-0.11960567278526722,-0.040026889961957926,-0.09880889540687203,0.1006234884262085,-0.093041330575943,-0.11056152731180191,,,,,,
1763596046.970534,,,,,,,-0.010153889656066895,-0.030344069004058838,0.0013672038912773132,-0.17733541131019592,0.04629563167691231,0.0774223804473877
1763596046.973972,-0.0770398389302194,-0.02574059045612812,-0.07795300825238227,0.10094153136014938,-0.0650201365351677,-0.12229517847299576,,,,,,
1763596046.980565,,,,,,,-0.010740458965301514,-0.016804412007331848,-0.001741655170917511,-0.1699933111667633,0.061248213052749634,0.08937691152095795
1763596046.984024,-0.08355674654357134,-0.05303133296370506,0.040194063222408295,0.09093736112117767,-0.06393942981958389,-0.12584331631660461,,,,,,
1763596046.990595,,,,,,,0.0007236003875732422,0.0026421397924423218,-0.003967888653278351,-0.14011850953102112,0.04911911487579346,0.0845656469464302
1763596046.994076,-0.11564297969937323,-0.060979661619663235,0.11847893377766013,0.07868704944849014,-0.07390471547842026,-0.12271848320960999,,,,,,
1763596047.000626,,,,,,,0.008027374744415283,0.0027338117361068726,-0.006124615669250488,-0.13415823876857758,0.02344437688589096,0.07576170563697815
1763596047.00413,-0.11539470402672886,-0.0279722950309515,0.05639817904829979,0.0722360759973526,-0.07679104804992676,-0.11648455262184143,,,,,,
1763596047.010656,,,,,,,0.004405856132507324,-0.011004418134689331,0.0030361488461494446,-0.14794276654720306,0.02217484824359417,0.07303676009178162
1763596047.014183,-0.04285787560418248,-0.012366729620099067,0.007447977918386459,0.07769936323165894,-0.06674771755933762,-0.10980536788702011,,,,,,
1763596047.020687,,,,,,,-0.0069405436515808105,-0.016078323125839233,0.006615035235881805,-0.16393335163593292,0.048926565796136856,0.07803910225629807
1763596047.024235,-0.03925232539288699,-0.012250994285941123,-0.017287819409370422,0.08110314607620239,-0.0652475580573082,-0.11282698810100555,,,,,,
1763596047.030718,,,,,,,-0.01138913631439209,-0.00981089472770691,0.006325244903564453,-0.16578318178653717,0.0672384649515152,0.07983727008104324
1763596047.034287,-0.07128178686015307,0.02129062530994415,0.0181187172755599,0.08479674905538559,-0.07934398949146271,-0.1275649517774582,,,,,,
1763596047.040748,,,,,,,-0.002810955047607422,-0.007292613387107849,0.004004478454589844,-0.1635991930961609,0.07144252955913544,0.08368367701768875
1763596047.044341,-0.07342464410774409,0.08324234683215617,0.027887539356946944,0.09291992336511612,-0.09133913367986679,-0.14363312721252441,,,,,,
1763596047.050779,,,,,,,0.008149802684783936,-0.006745204329490662,-0.0005379840731620789,-0.17090211808681488,0.07291525602340698,0.0928015410900116
1763596047.054394,-0.04942885149233043,0.1189431902885437,0.030230449221283196,0.09686192870140076,-0.10355545580387115,-0.15220361948013306,,,,,,
1763596047.060809,,,,,,,0.015343844890594482,0.0020426660776138306,-0.005982398986816406,-0.15445826947689056,0.0681372806429863,0.09231092035770416
1763596047.064446,-0.02804068409204483,0.05931961945295334,0.03440042838230729,0.0983695462346077,-0.11691386997699738,-0.14474648237228394,,,,,,
1763596047.07084,,,,,,,0.013370752334594727,0.015621304512023926,-0.010790951550006866,-0.12171710282564163,0.058610085397958755,0.08759898692369461
1763596047.0745,-0.011021525556221604,0.015700842478871345,0.013422814544290304,0.09944505989551544,-0.1190587505698204,-0.12433592230081558,,,,,,
1763596047.080871,,,,,,,0.00819021463394165,0.02461540699005127,-0.009735703468322754,-0.0958520695567131,0.058130718767642975,0.07714615017175674
1763596047.084553,-0.023712299498915672,0.009421908339858055,0.029331308424472808,0.10049647092819214,-0.10757599771022797,-0.10759209841489792,,,,,,
1763596047.090901,,,,,,,0.0037473440170288086,0.029622241854667664,-0.003930926322937012,-0.10768555849790573,0.0716361403465271,0.06770497560501099
1763596047.094604,-0.07163549566864967,0.03292436448037624,0.06628463615998625,0.09499653428792953,-0.09858255833387375,-0.09351877868175507,,,,,,
1763596047.100932,,,,,,,0.002129793167114258,0.030833005905151367,0.0006974935531616211,-0.15250840783119202,0.06441231817007065,0.054758086800575256
1763596047.104657,-0.1324215344123542,0.03551321192979812,0.10108005520924926,0.0785595029592514,-0.09040985256433487,-0.08883880078792572,,,,,,
1763596047.110962,,,,,,,0.0027433037757873535,0.021104887127876282,0.0027379989624023438,-0.14429041743278503,0.05052313208580017,0.04878168925642967
1763596047.114711,-0.12944704864621162,0.0915022256553173,0.055585693621635436,0.06556481868028641,-0.04856261983513832,-0.09986522048711777,,,,,,
1763596047.120993,,,,,,,-0.0013276338577270508,-0.0035941004753112793,0.0028297901153564453,-0.14603012800216675,0.07805994898080826,0.050374921411275864
1763596047.124763,0.007494958865270018,0.14359832359552382,-0.006803688665479421,0.057120729237794876,0.008290011435747147,-0.11125849187374115,,,,,,
1763596047.131024,,,,,,,-0.0029016733169555664,0.013967126607894897,-0.003869771957397461,-0.133255735039711,0.09546211361885071,0.06611260771751404
1763596047.134816,0.12737696437388657,0.11545476365089416,0.022981062614917752,0.03658372163772583,0.0312441848218441,-0.10920462012290955,,,,,,
1763596047.141054,,,,,,,0.008980154991149902,0.03730840981006622,-0.016864299774169922,-0.07694187015295029,0.08615489304065704,0.06912145018577576
1763596047.14487,0.12523732199668883,0.05152385101020336,0.05102160057649016,0.023385096341371536,0.016545400023460388,-0.09539026767015457,,,,,,
1763596047.151085,,,,,,,0.0219842791557312,0.04079079627990723,-0.028254620730876923,-0.025531411170959473,0.05973127856850624,0.06029625982046127
1763596047.154922,0.14551548232845962,0.09998422279655933,-0.0039982758559286595,0.025564871728420258,-0.011400018818676472,-0.07050731033086777,,,,,,
1763596047.161115,,,,,,,0.026312410831451416,0.035506635904312134,-0.025990359485149384,-0.01728062331676483,0.03439076617360115,0.04860292375087738
1763596047.164974,0.1672781821295619,0.19974223562180995,-0.04538359468951821,0.04220297187566757,-0.03246349096298218,-0.03758504241704941,,,,,,
1763596047.171146,,,,,,,0.022209763526916504,0.03899523615837097,-0.014796487987041473,-0.05655106529593468,0.03832079470157623,0.02921644039452076
1763596047.175028,0.11159326591715216,0.20808862368464467,-0.008275807044655085,0.06050548329949379,-0.044256050139665604,-0.016141874715685844,,,,,,
1763596047.181177,,,,,,,0.011888742446899414,0.044081225991249084,-0.007971532642841339,-0.0990295335650444,0.04809459671378136,0.008582734502851963
1763596047.185081,0.019547288773953914,0.15650690500736236,0.051469490474462504,0.06851866841316223,-0.05029050633311272,-0.007098579313606024,,,,,,
1763596047.191207,,,,,,,0.009904086589813232,0.0448068231344223,-0.009773850440979004,-0.14231789112091064,0.0396324023604393,-0.026160331442952156
1763596047.195133,-0.03344736544117331,0.09722469495534897,0.09097147977948188,0.06801752746105194,-0.05084263160824776,-0.005903114564716816,,,,,,
1763596047.201238,,,,,,,0.010551154613494873,0.054639533162117004,-0.012336619198322296,-0.2628767490386963,0.03599958121776581,-0.0952102392911911
1763596047.205187,-0.042871904129534955,0.0660001201301813,0.08607304021343588,0.06757837533950806,-0.05248287320137024,0.00697753019630909,,,,,,
1763596047.211268,,,,,,,0.011668562889099121,0.05689285695552826,-0.008509047329425812,-0.41940805315971375,0.01910661906003952,-0.16138580441474915
1763596047.215239,-0.056681379903852934,0.050309214523434634,0.07563581735119224,0.07846414297819138,-0.06275565922260284,0.03634094446897507,,,,,,
1763596047.221299,,,,,,,0.015261054039001465,0.046798959374427795,-0.009739533066749573,-0.5302162766456604,0.009851070120930672,-0.21126382052898407
1763596047.225291,-0.07576477749310434,0.05902092876732349,0.08057166631817818,0.09210804849863052,-0.07361123710870743,0.07572776824235916,,,,,,
1763596047.231329,,,,,,,0.01192408800125122,0.05426758527755737,-0.0051555633544921875,-0.6058537364006042,0.007403624709695578,-0.2791171669960022
1763596047.235344,-0.05039287421889603,0.08093114728033542,0.07945639855265617,0.10854971408843994,-0.0664050355553627,0.12344158440828323,,,,,,
1763596047.24136,,,,,,,0.006447017192840576,0.08706758916378021,-0.004184015095233917,-0.6378082036972046,-0.0018822852289304137,-0.3501892685890198
1763596047.245398,0.013685191807523369,0.08476151922345161,0.04651376776322722,0.11450374126434326,-0.04607898369431496,0.17431515455245972,,,,,,
1763596047.251391,,,,,,,0.009568870067596436,0.1074414998292923,-0.008234381675720215,-0.6097821593284607,-0.026826784014701843,-0.4030839204788208
1763596047.25545,0.03139262486845255,0.07183657119870185,0.048659036163613195,0.1158071905374527,-0.015731507912278175,0.22450518608093262,,,,,,
1763596047.261421,,,,,,,0.016202032566070557,0.11771638691425323,-0.00940084457397461,-0.5565478205680847,-0.05264213681221008,-0.4612135887145996
1763596047.265503,0.03582885375022888,0.09276713102459908,0.05566270438060164,0.11805516481399536,0.014184311963617802,0.27581098675727844,,,,,,
1763596047.271452,,,,,,,0.013307452201843262,0.13283565640449524,-0.006339557468891144,-0.5134506821632385,-0.06414779275655746,-0.5167942643165588
1763596047.275556,0.018897446563094854,0.10632219364643096,0.05048062556758523,0.1195983812212944,0.03707509487867355,0.3190658986568451,,,,,,
1763596047.281483,,,,,,,0.007043898105621338,0.13658642768859863,-0.001177676022052765,-0.4490693509578705,-0.08224796503782272,-0.5584844946861267
1763596047.285609,0.03554689500369131,0.10677695167660713,0.05767587083391845,0.12248791754245758,0.06668571382761002,0.36185118556022644,,,,,,
1763596047.291513,,,,,,,0.001137375831604004,0.12670615315437317,-0.0026897266507148743,-0.3969033658504486,-0.05941135808825493,-0.5943391919136047
1763596047.295661,0.1054394194625318,0.14412263973057268,0.06224120598807931,0.13082799315452576,0.09951905906200409,0.3973056972026825,,,,,,
1763596047.301544,,,,,,,-0.007300674915313721,0.1203283965587616,0.009704947471618652,-0.370480477809906,-0.035976871848106384,-0.6296867728233337
1763596047.305715,0.1805045973189175,0.1340536656588316,0.06252038825564087,0.1351044923067093,0.12333384901285172,0.4332466423511505,,,,,,
1763596047.311574,,,,,,,-0.008224010467529297,0.11433017253875732,0.012334689497947693,-0.29917195439338684,-0.026339158415794373,-0.6543980240821838
1763596047.315768,0.22260464029312133,0.14783260016441344,0.061304655790328975,0.1415053755044937,0.13404342532157898,0.470942884683609,,,,,,
1763596047.321605,,,,,,,-0.0034897923469543457,0.11064130067825317,0.012516848742961884,-0.20095574855804443,-0.022401675581932068,-0.6909807324409485
1763596047.32582,0.2624220522228628,0.1146989768475294,-0.015030395871400832,0.15168876945972443,0.13733375072479248,0.5023170113563538,,,,,,
1763596047.331635,,,,,,,-0.0038834810256958008,0.11711353063583374,0.016357287764549255,-0.06806161254644394,-0.037964921444654465,-0.7044726014137268
1763596047.335872,0.24620266576260327,0.10193652590811252,-0.0934147812783718,0.16587071120738983,0.15499244630336761,0.5295919179916382,,,,,,
1763596047.341666,,,,,,,-0.002271711826324463,0.11960014700889587,0.015895232558250427,0.02144842967391014,-0.015508614480495453,-0.707133948802948
1763596047.345926,0.16436127176955342,0.09808277308940887,-0.19648001895546913,0.18069759011268616,0.194304957985878,0.5466175079345703,,,,,,
1763596047.351697,,,,,,,-0.005546212196350098,0.1124819815158844,0.018975600600242615,0.004389020148664713,0.007305886596441269,-0.7420117259025574
1763596047.355978,0.015044643592461942,0.09365969595015049,-0.21886494230814277,0.16811247169971466,0.24545562267303467,0.5558804273605347,,,,,,
1763596047.361727,,,,,,,-0.006608366966247559,0.07573303580284119,0.028329983353614807,-0.10606632381677628,0.02729450911283493,-0.8087862730026245
1763596047.366031,-0.071887570733577,0.13693535857498645,-0.15405439728870987,0.14974145591259003,0.34230756759643555,0.5706346035003662,,,,,,
1763596047.371758,,,,,,,-0.0068566203117370605,0.026887834072113037,0.05023588240146637,-0.3583025634288788,0.06288446485996246,-0.8598760962486267
1763596047.376085,-0.17938764905296264,0.11575520790219307,-0.025260771049931643,0.14023049175739288,0.46461519598960876,0.5930763483047485,,,,,,
1763596047.381788,,,,,,,-0.005449831485748291,0.016299426555633545,0.07041704654693604,-0.6245671510696411,0.09338085353374481,-0.9308117628097534
1763596047.386137,-0.2273915092434734,0.14080547800660131,0.21197467133775352,0.12297666072845459,0.5604085922241211,0.6275712251663208,,,,,,
1763596047.391819,,,,,,,-0.00642472505569458,0.024577796459197998,0.08823120594024658,-0.7748519778251648,0.13098281621932983,-0.9823609590530396
1763596047.396189,-0.2050232447646558,0.18747721281051635,0.2541325819790363,0.09382812678813934,0.6320660710334778,0.6667807102203369,,,,,,
1763596047.40185,,,,,,,-0.010903477668762207,0.038299232721328735,0.08643651008605957,-0.8300999402999878,0.1773790866136551,-1.033734917640686
1763596047.406243,-0.11965301905833184,0.22962182557880878,0.04064049181565642,0.08318400382995605,0.6964322328567505,0.7079749703407288,,,,,,
1763596047.41188,,,,,,,-0.011124610900878906,0.06527268886566162,0.07320904731750488,-0.7696807980537415,0.2161552459001541,-1.0694029331207275
1763596047.416296,0.0056301879066973926,0.2798877854824066,-0.23765023373365401,0.10364973545074463,0.7433845400810242,0.7475830912590027,,,,,,
1763596047.421911,,,,,,,0.0030350685119628906,0.10403823852539062,0.047359466552734375,-0.5645859241485596,0.22950966656208038,-1.0833556652069092
1763596047.426348,0.15761640061922372,0.34583354507684705,-0.33247707376703617,0.12214672565460205,0.7334898114204407,0.7920410633087158,,,,,,
1763596047.431941,,,,,,,0.022665202617645264,0.15046796202659607,0.025706514716148376,-0.30875682830810547,0.2298249751329422,-1.1154603958129883
1763596047.436402,0.2754378203362226,0.39125732564628124,-0.33586057872548697,0.16526414453983307,0.7009458541870117,0.8478459715843201,,,,,,
1763596047.441972,,,,,,,0.034462809562683105,0.19515514373779297,0.022555246949195862,-0.14191775023937225,0.24252133071422577,-1.1526464223861694
1763596047.446455,0.21794892344176767,0.3378507296293974,-0.2937865469753742,0.234625905752182,0.6510238647460938,0.9198607802391052,,,,,,
1763596047.452003,,,,,,,0.037918686866760254,0.20235708355903625,0.02685631811618805,-0.1236141249537468,0.26138317584991455,-1.228206753730774
1763596047.456506,-0.01013844997822307,0.2828548185944557,-0.06871646641679108,0.29840949177742004,0.58417147397995,0.9976392984390259,,,,,,
1763596047.462033,,,,,,,0.03620767593383789,0.15315213799476624,0.05285847187042236,-0.29940998554229736,0.30782362818717957,-1.346004843711853
1763596047.466559,-0.25484558908659966,0.26398645199537274,0.06851407571248709,0.35561978816986084,0.555695652961731,1.0717968940734863,,,,,,
1763596047.472064,,,,,,,0.02805560827255249,0.08470314741134644,0.08849024772644043,-0.6018556356430054,0.376045823097229,-1.4523855447769165
1763596047.476613,-0.3732361869936809,0.30080431678295133,0.1363092625658959,0.3887519836425781,0.5845378637313843,1.1402043104171753,,,,,,
1763596047.482094,,,,,,,0.02272486686706543,0.036146074533462524,0.11358451843261719,-0.8841317892074585,0.4490329623222351,-1.5432897806167603
1763596047.486665,-0.3637704760447144,0.33142157336473466,0.15475801551342008,0.3861932158470154,0.6501812934875488,1.1926989555358887,,,,,,
1763596047.492125,,,,,,,0.019079208374023438,0.03223013877868652,0.11808501183986664,-1.077064037322998,0.5194450616836548,-1.6573899984359741
1763596047.496718,-0.2860236944215372,0.34152386518418787,0.026766353307291865,0.37716031074523926,0.7483548521995544,1.2325232028961182,,,,,,
1763596047.502156,,,,,,,0.019011259078979492,0.06727513670921326,0.11079902946949005,-1.1211202144622803,0.5849870443344116,-1.7387181520462036
1763596047.506771,-0.1317267570812255,0.3621405367553234,-0.15681326754279434,0.3793502151966095,0.8274967670440674,1.2650787830352783,,,,,,
1763596047.512186,,,,,,,0.03615748882293701,0.11603653430938721,0.09577237069606781,-1.0682626962661743,0.6248458027839661,-1.800174593925476
1763596047.516824,0.013262144089862704,0.4097627041518688,-0.22619477373957633,0.39474454522132874,0.8577384352684021,1.2987103462219238,,,,,,
1763596047.522217,,,,,,,0.056313276290893555,0.15640467405319214,0.08039411902427673,-1.0215895175933838,0.6419864296913147,-1.8741663694381714
1763596047.526876,0.11444814389161764,0.4623731813549995,-0.27205526522584256,0.44250646233558655,0.8511526584625244,1.3359259366989136,,,,,,
1763596047.532247,,,,,,,0.07287055253982544,0.16389510035514832,0.0753476619720459,-0.9549122452735901,0.6646139621734619,-1.9044276475906372
1763596047.53693,0.11529891550205647,0.48058922152519223,-0.16795177054218946,0.4791862368583679,0.7912688255310059,1.378701090812683,,,,,,
1763596047.542278,,,,,,,0.08174151182174683,0.14612305164337158,0.08089247345924377,-0.9230485558509827,0.6963871121406555,-1.9430663585662842
1763596047.546982,0.12589761253632603,0.5455728580892085,-0.03328501448631287,0.500098466873169,0.7382327914237976,1.4232746362686157,,,,,,
1763596047.552309,,,,,,,0.07685184478759766,0.1364266276359558,0.09467935562133789,-1.002609372138977,0.741554319858551,-2.015500068664551
1763596047.557035,0.1867560589291155,0.5807195747941732,-0.12999887384269385,0.515822172164917,0.7481702566146851,1.4742547273635864,,,,,,
1763596047.562339,,,,,,,0.07494747638702393,0.13202792406082153,0.09770484268665314,-1.0910385847091675,0.7879303097724915,-2.0570976734161377
1763596047.567087,0.24807635067999362,0.594998275515437,-0.1882066961288452,0.5199905037879944,0.7852931022644043,1.5242681503295898,,,,,,
1763596047.57237,,,,,,,0.0800325870513916,0.10143983364105225,0.09390103816986084,-1.1787950992584229,0.8361561894416809,-2.0965068340301514
1763596047.577141,0.3430312010072171,0.5876087497860193,-0.2757552522549406,0.5207111835479736,0.8264551162719727,1.5716878175735474,,,,,,
1763596047.5824,,,,,,,0.08299851417541504,0.0834808349609375,0.08498778939247131,-1.343106746673584,0.8944211006164551,-2.153488874435425
1763596047.587193,0.41776729303970933,0.5495142891913652,-0.4145932295808568,0.543921947479248,0.8497940301895142,1.6129266023635864,,,,,,
1763596047.592431,,,,,,,0.09244710206985474,0.08464270830154419,0.07762289047241211,-1.5460199117660522,0.9376053214073181,-2.2304465770721436
1763596047.597246,0.4972537944696843,0.5428986704438924,-0.41071430578827856,0.5765004754066467,0.8103890419006348,1.6537492275238037,,,,,,
1763596047.602462,,,,,,,0.10058659315109253,0.06627380847930908,0.07790696620941162,-1.6726267337799072,0.9744067192077637,-2.2483136653900146
1763596047.6073,0.6034776423081756,0.5355407088965177,-0.2601741636982188,0.6049302816390991,0.7179843187332153,1.6936646699905396,,,,,,
1763596047.612492,,,,,,,0.1029430627822876,0.045816242694854736,0.0839318037033081,-1.8019224405288696,1.041023850440979,-2.2545952796936035
1763596047.617352,0.6924480113983154,0.5496048900842666,-0.14639701440334318,0.635456383228302,0.6202445030212402,1.731407880783081,,,,,,
1763596047.622523,,,,,,,0.10137820243835449,0.07359600067138672,0.09424856305122375,-1.8679168224334717,1.1021019220352173,-2.274454116821289
1763596047.627404,0.67425111432001,0.5806880106121302,-0.12457330513000488,0.6610898375511169,0.5342965722084045,1.7674305438995361,,,,,,
1763596047.632553,,,,,,,0.11125773191452026,0.1078292727470398,0.08505615592002869,-1.8012275695800781,1.1312501430511475,-2.264904737472534
1763596047.637458,0.558512273030728,0.5755857190370559,-0.13677697140919043,0.6798697710037231,0.463308185338974,1.8035286664962769,,,,,,
1763596047.642584,,,,,,,0.12383681535720825,0.1092042326927185,0.07033821940422058,-1.8945858478546143,1.1706618070602417,-2.3381946086883545
1763596047.647511,0.3776291977882385,0.5864332762658596,-0.2849906615793705,0.7127845883369446,0.4511979818344116,1.841096043586731,,,,,,
1763596047.652615,,,,,,,0.12136977910995483,0.10883074998855591,0.07769590616226196,-1.9654088020324707,1.2291312217712402,-2.345078706741333
1763596047.657563,0.20509587160944937,0.5632651666462422,-0.2790565770889632,0.7324539422988892,0.45101332664489746,1.8789122104644775,,,,,,
1763596047.662645,,,,,,,0.12768042087554932,0.07009434700012207,0.07524150609970093,-1.9894250631332397,1.2932292222976685,-2.295424699783325
1763596047.667617,0.05459259093105793,0.5388403349637985,-0.09947276614308356,0.7179626226425171,0.4452497065067291,1.9013512134552002,,,,,,
1763596047.672676,,,,,,,0.12995761632919312,0.055557429790496826,0.06236666440963745,-1.942788004875183,1.3560506105422974,-2.2600395679473877
1763596047.67767,-0.035465865656733514,0.5138625455737114,-0.021621464699506758,0.6893178224563599,0.45690420269966125,1.9087556600570679,,,,,,
1763596047.682706,,,,,,,0.12968623638153076,0.08524543046951294,0.052355945110321045,-1.7921136617660522,1.4020036458969116,-2.2296030521392822
1763596047.687721,-0.0496899135813117,0.5062713597923517,-0.041410453274846076,0.6668007373809814,0.50224769115448,1.9044365882873535,,,,,,
1763596047.692737,,,,,,,0.13880819082260132,0.11852848529815674,0.044238507747650146,-1.6833791732788086,1.4382383823394775,-2.2470011711120605
1763596047.697774,-0.06254530350118875,0.5315057542920112,-0.09801029237508774,0.663139283657074,0.5691276788711548,1.9069364070892334,,,,,,
1763596047.702768,,,,,,,0.14860397577285767,0.11912065744400024,0.05112409591674805,-1.5677248239517212,1.4755215644836426,-2.2318379878997803
1763596047.707828,-0.09376432536840439,0.6288993760734796,0.06093523795604706,0.6558513045310974,0.5952062010765076,1.9282130002975464,,,,,,
1763596047.712798,,,,,,,0.16336923837661743,0.08686578273773193,0.075234055519104,-1.5379613637924194,1.5381953716278076,-2.1792948246002197
1763596047.71788,-0.16832067691981792,0.6821861451029777,0.18595630511986092,0.654215931892395,0.5849906802177429,1.966735601425171,,,,,,
1763596047.722829,,,,,,,0.1741521954536438,0.07949542999267578,0.08315366506576538,-1.5228936672210693,1.5941052436828613,-2.1660048961639404
1763596047.727933,-0.29701982980817554,0.6816326028734445,0.1798024769315496,0.6503263711929321,0.5517019629478455,2.0035977363586426,,,,,,
1763596047.732859,,,,,,,0.18084430694580078,0.06956565380096436,0.06799560785293579,-1.4601681232452393,1.6429710388183594,-2.147454023361206
1763596047.737987,-0.34560353571325536,0.7164741991519927,0.07998774721669033,0.6537598967552185,0.549865186214447,2.0312891006469727,,,,,,
1763596047.74289,,,,,,,0.18630057573318481,0.07301616668701172,0.07556891441345215,-1.408353328704834,1.7190431356430054,-2.114448070526123
1763596047.748039,-0.28307664465159177,0.8411345980435609,-0.0675210460871458,0.6598387956619263,0.5867512822151184,2.06872296333313,,,,,,
1763596047.752921,,,,,,,0.1922854483127594,0.09981560707092285,0.08012104034423828,-1.3384027481079102,1.7883108854293823,-2.0971412658691406
1763596047.758091,-0.21283698725551364,0.9618921442776918,0.0004962225517258047,0.6555064916610718,0.6169828772544861,2.1086034774780273,,,,,,
1763596047.762951,,,,,,,0.19716259837150574,0.08157694339752197,0.05227160453796387,-1.2287458181381226,1.842187762260437,-2.04600191116333
1763596047.768144,-0.20629004983007906,0.9015759150028229,0.13265611035320907,0.6325098276138306,0.6196865439414978,2.1222503185272217,,,,,,
1763596047.772982,,,,,,,0.1962243914604187,0.03301733732223511,0.022016167640686035,-1.1866689920425415,1.931939959526062,-1.9918440580368042
1763596047.778197,-0.2156166811019182,0.7392097625732421,0.23077863093111664,0.5949533581733704,0.6172066926956177,2.1114273071289062,,,,,,
1763596047.783012,,,,,,,0.19526240229606628,0.0316619873046875,0.009239137172698975,-1.0849273204803467,1.996718168258667,-1.9202903509140015
1763596047.78825,-0.2885509844094515,0.5234592259585857,0.24467147413995116,0.5546591877937317,0.6324711441993713,2.080841302871704,,,,,,
1763596047.793043,,,,,,,0.19886767864227295,0.049472808837890625,-0.012901902198791504,-0.9629256725311279,2.0356247425079346,-1.8657517433166504
1763596047.798303,-0.3448334281235933,0.33443303014039993,0.22765724750757216,0.5140482187271118,0.6606454253196716,2.0413427352905273,,,,,,
1763596047.803073,,,,,,,0.19676634669303894,0.05694180727005005,-2.771615982055664e-05,-0.7954561710357666,2.0803651809692383,-1.7856643199920654
1763596047.808355,-0.4645686455726623,0.20179156936705112,0.24534371084570883,0.47990089654922485,0.6831272840499878,1.9963610172271729,,,,,,
1763596047.813104,,,,,,,0.19319415092468262,0.04229360818862915,0.010333418846130371,-0.6567906737327576,2.076340675354004,-1.7686043977737427
1763596047.818408,-0.5635796394228935,0.16729717909097672,0.18953823699355124,0.460650235414505,0.710957944393158,1.9468822479248047,,,,,,
1763596047.823135,,,,,,,0.19408097863197327,0.04155576229095459,0.05510777235031128,-0.647863507270813,2.1016433238983154,-1.764038324356079
1763596047.828461,-0.6690308954536914,0.23634090470075605,0.07312606301996856,0.4625248312950134,0.7402561902999878,1.913241982460022,,,,,,
1763596047.833165,,,,,,,0.2071077972650528,0.04238569736480713,0.09536761045455933,-0.6908959150314331,2.103205680847168,-1.740278720855713
1763596047.838514,-0.7120540446221828,0.4209562983393669,-0.013912790018320083,0.47251051664352417,0.7480753660202026,1.9038172960281372,,,,,,
1763596047.843196,,,,,,,0.22263112664222717,0.00456690788269043,0.07043313980102539,-0.8083873391151428,2.0910720825195312,-1.761775016784668
1763596047.848567,-0.584713028344512,0.7102455338954925,-0.07411032481696456,0.48085740208625793,0.7514861226081848,1.9078083038330078,,,,,,
1763596047.853226,,,,,,,0.2249433845281601,-0.013077497482299805,0.0914425253868103,-0.8885501027107239,2.1325080394744873,-1.7091096639633179
1763596047.85862,-0.3463058387637138,0.9401561132878065,-0.018758439951203763,0.4752243161201477,0.7377438545227051,1.9282737970352173,,,,,,
1763596047.863257,,,,,,,0.2195540815591812,0.003945469856262207,0.06434005498886108,-0.8597315549850464,2.141737222671509,-1.6840574741363525
1763596047.868672,-0.12486965772807597,0.9654337624073028,-0.03752455175220966,0.45746904611587524,0.7157126069068909,1.9607731103897095,,,,,,
1763596047.873288,,,,,,,0.20684358477592468,0.033313632011413574,0.008081614971160889,-0.7664838433265686,2.1748275756835938,-1.6669384241104126
1763596047.878725,0.04352876060307025,0.8780208518922329,0.01368654351439327,0.4217301905155182,0.706017255783081,1.9968230724334717,,,,,,
1763596047.883318,,,,,,,0.1965419054031372,0.0551949143409729,-0.0027735233306884766,-0.6309323310852051,2.230604410171509,-1.599395751953125
1763596047.888778,0.09082534930706024,0.6292547653824091,0.19455222923066465,0.37623727321624756,0.7013385891914368,2.0118210315704346,,,,,,
1763596047.893349,,,,,,,0.19313643872737885,0.057845115661621094,-0.026189684867858887,-0.532996416091919,2.237682819366455,-1.590651273727417
1763596047.898831,0.015158990687131882,0.3279465907305479,0.21358024337086826,0.3360464572906494,0.7086803913116455,2.009007215499878,,,,,,
1763596047.903379,,,,,,,0.1905665546655655,0.05091065168380737,-0.018307268619537354,-0.5385428667068481,2.2843778133392334,-1.563525676727295
1763596047.908884,-0.1670756452947855,0.05438216305077076,0.16648180758748202,0.3173542618751526,0.6915115118026733,1.9894088506698608,,,,,,
1763596047.91341,,,,,,,0.19819921255111694,0.04183018207550049,0.02890223264694214,-0.5338999629020691,2.2951598167419434,-1.5100270509719849
1763596047.918937,-0.39393209781348704,-0.1856938365250826,0.11982932547330856,0.3171207308769226,0.6555406451225281,1.9625403881072998,,,,,,
1763596047.923441,,,,,,,0.21057350933551788,0.0011679530143737793,-0.0034259557723999023,-0.5184664130210876,2.2391302585601807,-1.4995061159133911
1763596047.928989,-0.541084899020195,-0.2506394791662693,0.02783668595254421,0.30719804763793945,0.6308304667472839,1.9228057861328125,,,,,,
1763596047.933471,,,,,,,0.20517656207084656,-0.024513721466064453,-0.005069434642791748,-0.5367351770401001,2.2361013889312744,-1.482553243637085
1763596047.939042,-0.517528082343936,-0.05415536855757236,0.0030190738265402613,0.30243927240371704,0.6410344243049622,1.8752955198287964,,,,,,
1763596047.943502,,,,,,,0.1888163983821869,0.0035918354988098145,0.033235013484954834,-0.5221186280250549,2.23677396774292,-1.4587419033050537
1763596047.949095,-0.48472939006984234,0.15796704068779943,-0.01400748256444931,0.30741405487060547,0.6511403322219849,1.830112338066101,,,,,,
1763596047.953532,,,,,,,0.1841748058795929,0.02879399061203003,0.030357956886291504,-0.5026112794876099,2.2348763942718506,-1.4369229078292847
1763596047.959148,-0.4883674543112516,0.2328834577232599,0.03746960669457912,0.28042182326316833,0.6428328156471252,1.7756410837173462,,,,,,
1763596047.963563,,,,,,,0.18709994852542877,0.027569711208343506,0.02238696813583374,-0.4741440713405609,2.2455317974090576,-1.4124237298965454
1763596047.969201,-0.4604530269473791,0.2323392678439617,0.12908409708533436,0.24197587370872498,0.6384316682815552,1.725671410560608,,,,,,
1763596047.973594,,,,,,,0.19192388653755188,0.022708356380462646,0.008321940898895264,-0.4346051812171936,2.237351655960083,-1.390007734298706
1763596047.979254,-0.38097500108480453,0.20713059230744837,0.09830311957551166,0.21530017256736755,0.6377614736557007,1.6991684436798096,,,,,,
1763596047.983624,,,,,,,0.19310441613197327,0.029682695865631104,0.004521608352661133,-0.40565457940101624,2.255662202835083,-1.380213737487793
1763596047.989306,-0.28601532845199107,0.14051087897419928,0.05265080921351909,0.20252659916877747,0.6121453046798706,1.6901522874832153,,,,,,
1763596047.993655,,,,,,,0.18637767434120178,0.030994892120361328,-0.005637049674987793,-0.3823596239089966,2.2804999351501465,-1.3690508604049683
1763596047.999359,-0.24299860902428624,0.07656886041760444,0.021102400128310547,0.1974516212940216,0.5811826586723328,1.6960220336914062,,,,,,
1763596048.003685,,,,,,,0.18575240671634674,0.015283048152923584,-0.023640692234039307,-0.3971422016620636,2.303596019744873,-1.3726736307144165
1763596048.009412,-0.2079875013977289,0.09854045372903346,0.036831311074330006,0.19773870706558228,0.55859375,1.6904816627502441,,,,,,
1763596048.013716,,,,,,,0.18620406091213226,-0.014379143714904785,-0.0384371280670166,-0.4098944664001465,2.325383424758911,-1.3431388139724731
1763596048.019465,-0.25373510709404945,0.12535481089651584,0.17528876236677168,0.1810905933380127,0.5289252996444702,1.6652085781097412,,,,,,
1763596048.023747,,,,,,,0.18731671571731567,-0.04305374622344971,-0.0499652624130249,-0.4475875198841095,2.3171863555908203,-1.3361380100250244
1763596048.029518,-0.3965606927514076,-0.03283142549991608,0.18641338297128676,0.14867620170116425,0.5121859908103943,1.6354731321334839,,,,,,
1763596048.033777,,,,,,,0.19251549243927002,-0.025535285472869873,-0.012618482112884521,-0.5211334228515625,2.3516716957092285,-1.2927255630493164
1763596048.039571,-0.5311339983701706,-0.0654646980792284,0.1473591283006128,0.12096147984266281,0.4998347759246826,1.6384124755859375,,,,,,
1763596048.043808,,,,,,,0.2066570222377777,0.014155209064483643,0.016607284545898438,-0.45069846510887146,2.31632399559021,-1.236595869064331
1763596048.049623,-0.6801590231895447,0.021920155385136603,0.16852233697175978,0.07743556797504425,0.5229219794273376,1.6708641052246094,,,,,,
1763596048.053838,,,,,,,0.20789241790771484,-0.00946056842803955,-0.06385743618011475,-0.3869727551937103,2.2620248794555664,-1.2387117147445679
1763596048.059676,-0.6559089635521174,0.1487456233561039,0.10485504370331764,0.04230095446109772,0.5808348655700684,1.6684571504592896,,,,,,
1763596048.063869,,,,,,,0.19013911485671997,-0.021499276161193848,-0.07004821300506592,-0.3201243579387665,2.2637550830841064,-1.1942533254623413
1763596048.069729,-0.5460539196044206,0.2780877503231168,0.07169626767886803,0.021481160074472427,0.6183055639266968,1.6408876180648804,,,,,,
1763596048.0739,,,,,,,0.17386728525161743,-0.029619872570037842,-0.08179295063018799,-0.20527979731559753,2.2150871753692627,-1.1772749423980713
1763596048.079782,-0.5407967297285795,0.18162877904325722,0.02893383353948593,0.014918988570570946,0.6095223426818848,1.5797706842422485,,,,,,
1763596048.08393,,,,,,,0.17018559575080872,-0.033073365688323975,-0.08034533262252808,-0.14370910823345184,2.1785995960235596,-1.1477510929107666
1763596048.089835,-0.6610936727136373,-0.04196516454815864,0.06482230852246285,0.008252830244600773,0.5852612257003784,1.4958256483078003,,,,,,
1763596048.093961,,,,,,,0.17586210370063782,-0.0225297212600708,-0.06405258178710938,-0.11002784967422485,2.1258022785186768,-1.1136919260025024
1763596048.099888,-0.7221703649669885,-0.1700596295416355,0.1813572686254978,-0.007832949981093407,0.5557391047477722,1.4062392711639404,,,,,,
1763596048.103991,,,,,,,0.17582175135612488,-0.05594545602798462,-0.1003192663192749,-0.12822769582271576,2.0499215126037598,-1.0781899690628052
1763596048.10994,-0.7059317623496055,-0.24064123224318026,0.224570971930027,-0.030873551964759827,0.5201781392097473,1.318177342414856,,,,,,
1763596048.114022,,,,,,,0.17625248432159424,-0.0683181881904602,-0.10156500339508057,-0.22094032168388367,2.0170953273773193,-1.0260218381881714
1763596048.119993,-0.6230348679542541,-0.14881751954853534,0.17128829455375671,-0.05421532317996025,0.4880649745464325,1.2565339803695679,,,,,,
1763596048.124053,,,,,,,0.176143079996109,-0.051490187644958496,-0.10397273302078247,-0.24286310374736786,1.953909993171692,-0.9766919612884521
1763596048.130046,-0.4578934055924415,-0.013462415902316569,0.071743047696352,-0.06578090041875839,0.48124754428863525,1.2228032350540161,,,,,,
1763596048.134083,,,,,,,0.17219918966293335,-0.05689597129821777,-0.1264287829399109,-0.27890074253082275,1.891721487045288,-0.961464524269104
1763596048.140099,-0.3266302474349737,0.07081950311064719,0.013936243959143757,-0.06759053468704224,0.4694199562072754,1.2231104373931885,,,,,,
1763596048.144114,,,,,,,0.1679311990737915,-0.04338204860687256,-0.08840161561965942,-0.23092198371887207,1.8606241941452026,-0.9021365642547607
1763596048.150152,-0.3640028234958648,0.08851093488484621,0.12423311339020729,-0.08493170887231827,0.44437292218208313,1.245957374572754,,,,,,
1763596048.154144,,,,,,,0.1554991602897644,-0.0706871747970581,-0.1275593638420105,-0.21103936433792114,1.7960872650146484,-0.8861362934112549
1763596048.160205,-0.48559915864169595,0.12624562225639818,0.10580080012083053,-0.10601741075515747,0.43915897607803345,1.2660801410675049,,,,,,
1763596048.164175,,,,,,,0.15281075239181519,-0.049218595027923584,-0.13026213645935059,-0.18881329894065857,1.7654050588607788,-0.8600044846534729
1763596048.170257,-0.6086053605854511,0.22360738759487866,0.036933673186972736,-0.14600902795791626,0.46643027663230896,1.2807643413543701,,,,,,
1763596048.174206,,,,,,,0.15582460165023804,-0.04024314880371094,-0.1279016137123108,-0.1477590650320053,1.697454810142517,-0.8306127786636353
1763596048.18031,-0.7394570153325796,0.28371055864095684,0.06323233591727911,-0.19893622398376465,0.5089516639709473,1.288248896598816,,,,,,
1763596048.184236,,,,,,,0.15181255340576172,-0.06309747695922852,-0.1303841471672058,-0.13683266937732697,1.6191823482513428,-0.8216931223869324
1763596048.190363,-0.7599854240983724,0.4865075056582689,0.03445625022277236,-0.26535919308662415,0.5799217224121094,1.3209010362625122,,,,,,
1763596048.194267,,,,,,,0.150254487991333,-0.04680487513542175,-0.09686070680618286,-0.12308302521705627,1.555499792098999,-0.7976343631744385
1763596048.200416,-0.5940414131820202,0.8887100036889314,-0.024512583031132816,-0.33691754937171936,0.6418352127075195,1.4046190977096558,,,,,,
1763596048.204297,,,,,,,0.14659428596496582,-0.01857978105545044,-0.08714562654495239,-0.0749058723449707,1.4816769361495972,-0.788867712020874
1763596048.210469,-0.2908803041398525,1.019951534536481,-0.04576689491868019,-0.41028204560279846,0.6767500638961792,1.5287929773330688,,,,,,
1763596048.214328,,,,,,,0.12614810466766357,-0.03256973624229431,-0.10629469156265259,-0.10608376562595367,1.4450504779815674,-0.7793110013008118
1763596048.220521,-0.15950842491090297,1.2589733488842845,-0.14389767186827956,-0.4556122422218323,0.702268660068512,1.678803563117981,,,,,,
1763596048.224359,,,,,,,0.11856591701507568,-0.044296830892562866,-0.09420597553253174,-0.12602771818637848,1.411457896232605,-0.7423758506774902
1763596048.230574,-0.22213819182515143,1.2004901802554726,-0.1771567481957376,-0.4761987626552582,0.6891142725944519,1.8180831670761108,,,,,,
1763596048.234389,,,,,,,0.12271726131439209,-0.05050280690193176,-0.10416674613952637,-0.15643835067749023,1.3381171226501465,-0.7566325068473816
1763596048.240627,-0.3123071230500936,1.063799151830375,-0.3361410761673003,-0.48690351843833923,0.6785963177680969,1.9249930381774902,,,,,,
1763596048.24442,,,,,,,0.1263158917427063,-0.02336794137954712,-0.057773590087890625,-0.2001950591802597,1.345625877380371,-0.7175993323326111
1763596048.25068,-0.5531628748267888,0.5972125905640423,-0.3323649916946888,-0.47758617997169495,0.6262737512588501,1.9180376529693604,,,,,,
1763596048.25445,,,,,,,0.11432552337646484,-0.03590559959411621,-0.03621983528137207,-0.1857285052537918,1.3084145784378052,-0.7159801125526428
1763596048.260733,-0.8244745551437139,-0.056141573938727374,-0.23489494367614386,-0.4656094014644623,0.5828256011009216,1.8143261671066284,,,,,,
1763596048.264481,,,,,,,0.10589385032653809,-0.03838402032852173,-0.05662417411804199,-0.13189303874969482,1.2943824529647827,-0.6982015371322632
1763596048.270786,-0.8349906884610653,-0.12082666594758629,-0.1768294159375131,-0.43288320302963257,0.4633871018886566,1.6947824954986572,,,,,,
1763596048.274511,,,,,,,0.10595965385437012,-0.00817185640335083,-0.05733644962310791,0.012850570492446423,1.312243103981018,-0.6608157753944397
1763596048.280838,-0.9394915118992329,-0.24796909091323613,-0.15620514558181164,-0.39365154504776,0.28042784333229065,1.5418057441711426,,,,,,
1763596048.284542,,,,,,,0.09072375297546387,-0.01004105806350708,-0.13586318492889404,0.2299019992351532,1.2888613939285278,-0.6160385012626648
1763596048.290891,-1.1523416508972644,-0.7345914551228284,-0.25788418959751724,-0.35359999537467957,0.18871577084064484,1.3316441774368286,,,,,,
1763596048.294573,,,,,,,0.0854722261428833,-0.0265619158744812,-0.2121192216873169,0.4179978668689728,1.2436859607696533,-0.5850651264190674
1763596048.300944,-1.2740163119763135,-1.1851897352710365,-0.46008755463585255,-0.2954203188419342,0.21859517693519592,1.0735890865325928,,,,,,
1763596048.304603,,,,,,,0.09558558464050293,-0.026573926210403442,-0.18416625261306763,0.447953462600708,1.1684523820877075,-0.558196485042572
1763596048.310997,-1.1442846011698244,-1.184028144145757,-0.48290612016543744,-0.25802871584892273,0.22466690838336945,0.8561590313911438,,,,,,
1763596048.314634,,,,,,,0.10505753755569458,-0.042889177799224854,-0.06393378973007202,0.3686900734901428,1.126406192779541,-0.5042317509651184
1763596048.32105,-0.7988689892441034,-0.7737095596767961,-0.23356311055049297,-0.2391599714756012,0.1587577909231186,0.7316481471061707,,,,,,
1763596048.324664,,,,,,,0.09618765115737915,-0.1158292293548584,-0.04244512319564819,0.259094774723053,0.9998438954353333,-0.5142877697944641
1763596048.331103,-0.2175344974219799,-0.24455475242510435,-0.3301915931783616,-0.21028783917427063,0.10181009024381638,0.701950192451477,,,,,,
1763596048.334695,,,,,,,0.1008496880531311,-0.10809889435768127,0.0005837082862854004,0.15711620450019836,0.9209762811660767,-0.5267758369445801
1763596048.341155,0.24482816253900527,0.33360476262271405,-0.4969220782972872,-0.16966506838798523,0.08327388763427734,0.7475730180740356,,,,,,
1763596048.344726,,,,,,,0.08069878816604614,-0.09328985214233398,-0.003441751003265381,0.048178281635046005,0.8593656420707703,-0.5769444108009338
1763596048.351208,0.4330015409201383,0.7168251314815134,-0.6686870504520833,-0.11448037624359131,0.058739252388477325,0.8233117461204529,,,,,,
1763596048.354756,,,,,,,0.05512815713882446,-0.08510351181030273,-0.004523813724517822,-0.07106981426477432,0.849307119846344,-0.56833815574646
1763596048.361261,0.340481078132987,0.817498797846958,-0.5497288087248802,-0.07485145330429077,-0.007168451324105263,0.8862234354019165,,,,,,
1763596048.364787,,,,,,,0.053389132022857666,-0.05683895945549011,0.017414629459381104,-0.12332726269960403,0.8461512923240662,-0.5494441390037537
1763596048.371314,-0.0020838205367326736,0.5758921546377241,-0.13605229213014244,-0.07930506020784378,-0.09751246124505997,0.9125086069107056,,,,,,
1763596048.374817,,,,,,,0.05334639549255371,-0.04567062854766846,-0.03671643137931824,-0.05790164694190025,0.8148514032363892,-0.5332723259925842
1763596048.381367,-0.3740723820894956,0.18138532567620277,0.08804302511215209,-0.11570074409246445,-0.1241033673286438,0.8746815323829651,,,,,,
1763596048.384848,,,,,,,0.06093132495880127,-0.02383941411972046,-0.07579106092453003,0.09365453571081161,0.8080414533615112,-0.4875263571739197
1763596048.39142,-0.8091261793643235,-0.22300496472232043,0.08803338050097227,-0.1514291763305664,-0.09318698942661285,0.7859553694725037,,,,,,
1763596048.394879,,,,,,,0.05651593208312988,-0.023371845483779907,-0.11597549915313721,0.21363019943237305,0.7870405912399292,-0.4512154757976532
1763596048.401472,-1.0949486155927182,-0.5271538426928222,-0.15364508583545683,-0.14910516142845154,-0.02920643612742424,0.6650384664535522,,,,,,
1763596048.404909,,,,,,,0.05325716733932495,-0.03874337673187256,-0.11587792634963989,0.20992372930049896,0.7608712911605835,-0.4260135889053345
1763596048.411525,-0.9713555536717176,-0.5279896359298378,-0.4396165751457214,-0.10671243071556091,0.015225477516651154,0.5619815587997437,,,,,,
1763596048.41494,,,,,,,0.057764410972595215,-0.07763791084289551,-0.05567491054534912,0.1298975944519043,0.712123692035675,-0.39634251594543457
1763596048.421578,-0.6018097090959549,-0.3084552699275315,-0.3246833511509001,-0.05886179953813553,0.028797946870326996,0.5118916630744934,,,,,,
1763596048.42497,,,,,,,0.04919636249542236,-0.12443730235099792,-0.051129162311553955,0.032988566905260086,0.6308392286300659,-0.3938567340373993
1763596048.431631,-0.07645487864911556,-0.07773498158752917,-0.2252770743727684,-0.027426380664110184,0.016016103327274323,0.5023655891418457,,,,,,
1763596048.435001,,,,,,,0.05060535669326782,-0.10315334796905518,-0.027673542499542236,-0.025079263374209404,0.5839620232582092,-0.3708539307117462
1763596048.441684,0.18697043233215807,0.09760799518451094,-0.022745061901956794,-0.019480491057038307,-0.02531839907169342,0.5202168226242065,,,,,,
1763596048.445032,,,,,,,0.0410916805267334,-0.08300268650054932,-0.04415261745452881,-0.0642138123512268,0.5322849750518799,-0.344740629196167
1763596048.451737,0.12679156570136546,0.12347827643491327,0.044657326241582626,-0.016641560941934586,-0.06509403884410858,0.5406653881072998,,,,,,
1763596048.455062,,,,,,,0.046644508838653564,-0.05717092752456665,-0.06618708372116089,-0.09368275851011276,0.4733436405658722,-0.33945053815841675
1763596048.461789,-0.08863339222073555,0.03244962310809642,-0.031433103009313346,-0.007016710005700588,-0.06440988928079605,0.5450345277786255,,,,,,
1763596048.465093,,,,,,,0.05411577224731445,-0.06119471788406372,-0.057975947856903076,-0.14439396560192108,0.4344137907028198,-0.3347824811935425
1763596048.471842,-0.3469429676234722,-0.04927519530057907,-0.05848711415156722,0.01027625985443592,-0.04474617540836334,0.5232728123664856,,,,,,
1763596048.475123,,,,,,,0.04455035924911499,-0.06429457664489746,-0.06106138229370117,-0.18348278105258942,0.4028843641281128,-0.34305718541145325
1763596048.481895,-0.43044250408709045,-0.018784487707912922,-0.16072364591956137,0.026858491823077202,-0.03748711571097374,0.4949459135532379,,,,,,
1763596048.485154,,,,,,,0.039404094219207764,-0.03594532608985901,-0.049056440591812134,-0.1878468543291092,0.40441569685935974,-0.3062779903411865
1763596048.491948,-0.4032710040450096,0.04843216860517859,-0.079375588401407,0.03520776703953743,-0.055867720395326614,0.4600300192832947,,,,,,
1763596048.495185,,,,,,,0.03844177722930908,0.0023240745067596436,-0.05332738161087036,-0.15622660517692566,0.3897126615047455,-0.3070141077041626
1763596048.502001,-0.3319984964698553,-0.013181133009213954,0.013905921886116265,0.04323021322488785,-0.06323916465044022,0.41761457920074463,,,,,,
1763596048.505215,,,,,,,0.03825503587722778,0.021678566932678223,-0.03704178333282471,-0.16607895493507385,0.3924085795879364,-0.30543097853660583
1763596048.512054,-0.2593698981106281,0.009275010682456194,0.06596212620735169,0.039057306945323944,-0.07440046966075897,0.3978717625141144,,,,,,
1763596048.515246,,,,,,,0.030714869499206543,0.002343118190765381,0.004044592380523682,-0.186801016330719,0.4060564637184143,-0.3114020526409149
1763596048.522106,-0.2211988651484251,0.06763089966978877,0.1316645785652101,0.028399163857102394,-0.0850779339671135,0.4055494964122772,,,,,,
1763596048.525276,,,,,,,0.01964712142944336,-0.013828694820404053,-0.018929004669189453,-0.17156727612018585,0.40685513615608215,-0.31623977422714233
1763596048.532159,-0.1480389363914728,0.06705935599268413,0.05603679839000106,0.03764566034078598,-0.062026675790548325,0.40672796964645386,,,,,,
1763596048.535307,,,,,,,0.024435043334960938,0.009835481643676758,-0.02495652437210083,-0.17551860213279724,0.4115268588066101,-0.2997923493385315
1763596048.542212,-0.09717676416039467,0.0537050127078779,0.034022827241569756,0.050966061651706696,-0.07305700331926346,0.40633532404899597,,,,,,
1763596048.545338,,,,,,,0.015842914581298828,0.011859089136123657,-0.0025876760482788086,-0.1840435415506363,0.4390908479690552,-0.2569885551929474
1763596048.552265,-0.08826981960535049,0.03040978784356266,0.18712883776426315,0.040730200707912445,-0.10464396327733994,0.4049683213233948,,,,,,
1763596048.555368,,,,,,,0.0038863420486450195,-0.016865283250808716,-0.023956716060638428,-0.1290322095155716,0.427110880613327,-0.2343711107969284
1763596048.562318,-0.18432839339077473,-0.09327495268257334,0.2671440392434597,0.034079715609550476,-0.10282516479492188,0.3901750147342682,,,,,,
1763596048.565399,,,,,,,0.01925426721572876,4.100799560546875e-05,-0.03941535949707031,-0.05796413868665695,0.4210521876811981,-0.1937721073627472
1763596048.572371,-0.4299450759589672,-0.18855916282832622,0.19725392593741417,0.03150124102830887,-0.08274785429239273,0.36212366819381714,,,,,,
1763596048.575429,,,,,,,0.02471637725830078,0.0015433132648468018,-0.047746866941452026,-0.0046119699254632,0.4386482238769531,-0.14601150155067444
1763596048.582423,-0.6829699889570474,-0.18266979426247998,0.18575170419216155,0.022823333740234375,-0.06801072508096695,0.3269864618778229,,,,,,
1763596048.58546,,,,,,,0.026104748249053955,-0.02296486496925354,-0.08933809399604797,0.061101846396923065,0.4262844920158386,-0.0857560783624649
1763596048.592476,-0.8014549140840769,-0.17562606802973896,0.21956965651139615,0.01664932630956173,-0.052508193999528885,0.2736119031906128,,,,,,
1763596048.595491,,,,,,,0.05062997341156006,-0.02583971619606018,-0.12237074971199036,0.13855881989002228,0.40231072902679443,-0.014205735176801682
1763596048.602529,-0.9472317507624626,-0.292085149884969,0.31030981175303457,-0.004369756672531366,-0.037605833262205124,0.18730148673057556,,,,,,
1763596048.605521,,,,,,,0.061463773250579834,-0.04842096567153931,-0.15170657634735107,0.21753361821174622,0.36646777391433716,0.0650986060500145
1763596048.612582,-1.0850649349600077,-0.4267526731258258,0.3009209288999438,-0.01623280718922615,0.001680317334830761,0.08075213432312012,,,,,,
1763596048.615552,,,,,,,0.06642568111419678,-0.07351785898208618,-0.20025229454040527,0.3412955105304718,0.2872304916381836,0.15219330787658691
1763596048.622635,-1.164869708558917,-0.5280382608445361,0.1271544076643884,0.0007983555551618338,0.051035281270742416,-0.03916335478425026,,,,,,
1763596048.625582,,,,,,,0.08261626958847046,-0.07962259650230408,-0.22847464680671692,0.40894800424575806,0.2054237723350525,0.21836785972118378
1763596048.632688,-1.327766606864333,-0.6042408087003975,0.06880509454831481,0.0208522230386734,0.09594043344259262,-0.1664256900548935,,,,,,
1763596048.635613,,,,,,,0.09083622694015503,-0.11803674697875977,-0.24110722541809082,0.5030326843261719,0.0913376733660698,0.25989851355552673
1763596048.64274,-1.3351526254624126,-0.5062915257975459,0.020487492233514783,0.037626106292009354,0.14645366370677948,-0.2768170237541199,,,,,,
1763596048.645644,,,,,,,0.10733479261398315,-0.11316224932670593,-0.2483377456665039,0.5728762745857239,-0.053854674100875854,0.3169371783733368
1763596048.652793,-1.181249765473604,-0.2851431852599606,0.09852803263887762,0.026308733969926834,0.16949772834777832,-0.36386004090309143,,,,,,
1763596048.655674,,,,,,,0.10614371299743652,-0.08529004454612732,-0.24596360325813293,0.5831598043441772,-0.15186193585395813,0.36147642135620117
1763596048.662846,-0.9939350497484206,-0.1259170661554672,0.24969825279340147,-0.002872527576982975,0.17977894842624664,-0.4334874749183655,,,,,,
1763596048.665705,,,,,,,0.10072022676467896,-0.10632866621017456,-0.2422313690185547,0.48276928067207336,-0.3002583384513855,0.3702331483364105
1763596048.672899,-0.7066045470446348,0.0018657071069115771,0.13958251208290456,-0.0211748369038105,0.18601873517036438,-0.48585376143455505,,,,,,
1763596048.675735,,,,,,,0.12337851524353027,-0.12095785140991211,-0.20043012499809265,0.31347373127937317,-0.46681082248687744,0.3513795733451843
1763596048.682952,-0.41983869248628614,0.11135976768853142,-0.031584201917797324,-0.0238015279173851,0.1655271202325821,-0.5109694004058838,,,,,,
1763596048.685766,,,,,,,0.11725205183029175,-0.13078433275222778,-0.1539018452167511,0.13996008038520813,-0.6019366979598999,0.33014151453971863
1763596048.693005,-0.21996201682984828,0.20811319187032057,-0.12497910945191978,-0.02247820422053337,0.11834787577390671,-0.5057898163795471,,,,,,
1763596048.695797,,,,,,,0.09510284662246704,-0.09743392467498779,-0.1348380148410797,0.07988741248846054,-0.7037853002548218,0.30826738476753235
1763596048.703057,-0.16289046856462955,0.1504946041815914,-0.0479636743105948,-0.0432116761803627,0.06779429316520691,-0.5021037459373474,,,,,,
1763596048.705827,,,,,,,0.08276653289794922,-0.04331985116004944,-0.15489405393600464,0.1330878585577011,-0.775349497795105,0.30024412274360657
1763596048.71311,-0.3977794208914041,-0.10927678740201517,0.15514599191769957,-0.0998869389295578,0.024016454815864563,-0.5307776927947998,,,,,,
1763596048.715858,,,,,,,0.07974088191986084,-0.0017156004905700684,-0.1910465955734253,0.23991815745830536,-0.8235756158828735,0.3114946484565735
1763596048.723163,-0.7751923455804586,-0.44209436343610287,0.27020123485699293,-0.1724965125322342,0.011931940913200378,-0.6074387431144714,,,,,,
1763596048.725888,,,,,,,0.0892634391784668,0.021461427211761475,-0.21589356660842896,0.3342430889606476,-0.8809619545936584,0.3279058635234833
1763596048.733216,-1.0358575441986322,-0.6660462536197155,0.22333280843719838,-0.23159204423427582,0.018414340913295746,-0.7097190618515015,,,,,,
1763596048.735919,,,,,,,0.09378939867019653,0.01070353388786316,-0.20096230506896973,0.40299683809280396,-0.9405456185340881,0.35829171538352966
1763596048.743269,-1.0287795686364174,-0.6203261204522103,0.1710579929292202,-0.28410258889198303,0.024022717028856277,-0.8022099137306213,,,,,,
1763596048.745949,,,,,,,0.08816748857498169,-0.011702954769134521,-0.19867628812789917,0.46856722235679626,-1.0213932991027832,0.3724640905857086
1763596048.753322,-0.760327369403839,-0.46376938495375214,0.11304989446625113,-0.3220883011817932,0.02645178511738777,-0.8733996748924255,,,,,,
1763596048.75598,,,,,,,0.08580195903778076,-0.010328054428100586,-0.19918036460876465,0.5208408236503601,-1.1000279188156128,0.3980560004711151
1763596048.763374,-0.44933600512742994,-0.3252131471786648,0.13831877575740217,-0.3462572693824768,0.01464739441871643,-0.9277997612953186,,,,,,
1763596048.766011,,,,,,,0.07964861392974854,-0.03604385256767273,-0.1845436692237854,0.5258486866950989,-1.1737183332443237,0.4164417088031769
1763596048.773427,-0.28247897101938724,-0.23681655938848853,0.14861132945194838,-0.36004552245140076,-0.019278615713119507,-0.9697299003601074,,,,,,
1763596048.776041,,,,,,,0.07893329858779907,-0.05822622776031494,-0.18038609623908997,0.5167396068572998,-1.2568957805633545,0.4527350068092346
1763596048.78348,-0.2585854697346687,-0.19807759034521877,0.11113733884319663,-0.3652399480342865,-0.060204796493053436,-1.0034120082855225,,,,,,
1763596048.786072,,,,,,,0.09422081708908081,-0.06378534436225891,-0.1710207462310791,0.5112690925598145,-1.341111660003662,0.48263704776763916
1763596048.793533,-0.3542103282779455,-0.22218035046644508,0.09888006094694136,-0.37025389075279236,-0.07750255614519119,-1.0311527252197266,,,,,,
1763596048.796103,,,,,,,0.10142689943313599,-0.06998839974403381,-0.17262142896652222,0.49675410985946655,-1.4412132501602173,0.49836674332618713
1763596048.803586,-0.4955921448677778,-0.23345818887129424,-0.02818988330438733,-0.368063360452652,-0.06179734319448471,-1.0614614486694336,,,,,,
1763596048.806133,,,,,,,0.11083227396011353,-0.054083555936813354,-0.13587376475334167,0.4387866258621216,-1.496394395828247,0.529877781867981
1763596048.813639,-0.5751408978790045,-0.16734722877778113,-0.09770049577355384,-0.3614960014820099,-0.058749619871377945,-1.0927520990371704,,,,,,
1763596048.816164,,,,,,,0.10320538282394409,-0.06859728693962097,-0.11025279760360718,0.4093501567840576,-1.53948974609375,0.5600290298461914
1763596048.823692,-0.5988567045092582,-0.1030287050589919,0.019567308648675678,-0.37060630321502686,-0.08822259306907654,-1.1231887340545654,,,,,,
1763596048.826194,,,,,,,0.1002303957939148,-0.07396134734153748,-0.14424002170562744,0.514704167842865,-1.5890446901321411,0.6057244539260864
1763596048.833744,-0.6349345645844936,-0.1105316280350089,0.16665873505696654,-0.3953569233417511,-0.1181219071149826,-1.1679133176803589,,,,,,
1763596048.836225,,,,,,,0.11121219396591187,-0.0454542338848114,-0.19979959726333618,0.6840327382087708,-1.6163634061813354,0.6613214015960693
1763596048.843797,-0.7763269025683402,-0.16956293206587433,0.18729031193628906,-0.40794527530670166,-0.13475558161735535,-1.2432825565338135,,,,,,
1763596048.846255,,,,,,,0.1150127649307251,-0.034699946641922,-0.2212381660938263,0.851384162902832,-1.642691969871521,0.7519480586051941
1763596048.85385,-1.0442232214838265,-0.3038987756669521,0.14856763644069432,-0.41090112924575806,-0.149710550904274,-1.3537275791168213,,,,,,
1763596048.856286,,,,,,,0.1292424201965332,-0.06795984506607056,-0.2410925030708313,0.9740523099899292,-1.7037606239318848,0.8347010016441345
1763596048.863903,-1.2567168021291493,-0.4021424384064972,-0.01823927491530776,-0.3845057785511017,-0.16294588148593903,-1.4862767457962036,,,,,,
1763596048.866317,,,,,,,0.16004890203475952,-0.09110239148139954,-0.22820734977722168,1.0060951709747314,-1.8323034048080444,0.8917047381401062
1763596048.873956,-1.2646096012055874,-0.4090481261417269,-0.18759177910089492,-0.3289136290550232,-0.17838582396507263,-1.6254490613937378,,,,,,
1763596048.876347,,,,,,,0.1885015368461609,-0.10219216346740723,-0.12610584497451782,0.9787949323654175,-1.9403111934661865,0.96568763256073
1763596048.884009,-1.2047791096210478,-0.24801439135968684,-0.21284414764866233,-0.2812739908695221,-0.2043810933828354,-1.7392598390579224,,,,,,
1763596048.886378,,,,,,,0.18666791915893555,-0.12229353189468384,-0.08905160427093506,0.9243165850639343,-2.0854456424713135,0.9613869190216064
1763596048.894061,-0.9701222124844789,0.06479337468892335,-0.285160319057852,-0.2656596302986145,-0.21957603096961975,-1.8015762567520142,,,,,,
1763596048.896408,,,,,,,0.19796568155288696,-0.07176661491394043,-0.03144848346710205,0.8630236983299255,-2.1466410160064697,0.9999215006828308
1763596048.904114,-0.7705652703016996,0.4632870813295245,-0.1670575251162052,-0.27694305777549744,-0.23827405273914337,-1.8112002611160278,,,,,,
1763596048.906439,,,,,,,0.1931602954864502,-0.07118779420852661,-0.025839269161224365,0.8117849826812744,-2.172734498977661,1.016255259513855
1763596048.914167,-0.6691723497509956,0.7635146211378276,-0.07571779654622078,-0.30507561564445496,-0.2684260904788971,-1.7897975444793701,,,,,,
1763596048.91647,,,,,,,0.1949455738067627,-0.06663894653320312,-0.09605282545089722,0.9092527031898499,-2.208195447921753,1.0811386108398438
1763596048.92422,-0.651526802945137,0.8650193314999342,-0.00993117303624749,-0.3328740894794464,-0.30194786190986633,-1.7814304828643799,,,,,,
1763596048.9265,,,,,,,0.20878654718399048,-0.06799036264419556,-0.18213224411010742,1.144998550415039,-2.246500253677368,1.1955682039260864
1763596048.934273,-0.8116092283517122,0.7089195459887385,0.006609773528575897,-0.3554065525531769,-0.33964625000953674,-1.825959324836731,,,,,,
1763596048.936531,,,,,,,0.2071276307106018,-0.06546419858932495,-0.26460421085357666,1.4450193643569946,-2.2556278705596924,1.347794532775879
1763596048.944326,-1.086759463918209,0.30842502091974017,0.10637830774784088,-0.36797618865966797,-0.38104701042175293,-1.9543626308441162,,,,,,
1763596048.946561,,,,,,,0.1994451880455017,-0.09588044881820679,-0.3094492554664612,1.7120388746261597,-2.2933051586151123,1.5291612148284912
1763596048.954378,-1.3565356052309274,-0.20785335362404583,0.10919921038746833,-0.34954017400741577,-0.3790155351161957,-2.1570794582366943,,,,,,
1763596048.956592,,,,,,,0.20949572324752808,-0.15616708993911743,-0.29450833797454834,1.808779001235962,-2.381624221801758,1.6963167190551758
1763596048.964431,-1.5271277342140674,-0.6650482555583119,-0.0736906746327877,-0.28330597281455994,-0.34557268023490906,-2.408428430557251,,,,,,
1763596048.966623,,,,,,,0.23598021268844604,-0.1976521611213684,-0.18004298210144043,1.6151803731918335,-2.4954607486724854,1.8287369012832642
1763596048.974484,-1.5361165118336677,-0.9584244681671261,-0.23004691912308334,-0.17630015313625336,-0.3368031680583954,-2.6599292755126953,,,,,,
1763596048.976653,,,,,,,0.2498323917388916,-0.25009655952453613,2.1576881408691406e-05,1.2836401462554932,-2.5597689151763916,1.9594693183898926
1763596048.984537,-1.3682441632032394,-0.9456202239125967,-0.18125570794716475,-0.07623734325170517,-0.37890225648880005,-2.844273328781128,,,,,,
1763596048.986684,,,,,,,0.22873255610466003,-0.3265504837036133,0.03463923931121826,0.984582781791687,-2.6300556659698486,1.9970699548721313
1763596048.99459,-0.9426853395044803,-0.6152689101278781,-0.1832685090743005,-0.009491341188549995,-0.4455566704273224,-2.9254095554351807,,,,,,
1763596048.996714,,,,,,,0.22621601819992065,-0.261966347694397,0.03775644302368164,0.7334770560264587,-2.6857824325561523,2.0087873935699463
1763596049.004643,-0.3882113820791244,0.003595394143462181,-0.25107319440841674,0.03983316943049431,-0.4780198335647583,-2.886817216873169,,,,,,
1763596049.006745,,,,,,,0.22523310780525208,-0.14181411266326904,0.11740237474441528,0.49977168440818787,-2.634655237197876,2.0606865882873535
1763596049.014695,-0.05335106643736362,0.5952440669700503,-0.2610099204026162,0.0730864629149437,-0.46824178099632263,-2.7663700580596924,,,,,,
1763596049.016776,,,,,,,0.18194028735160828,-0.13464033603668213,0.08884209394454956,0.3586614429950714,-2.5426697731018066,2.089879035949707
1763596049.024748,0.08634849615395068,0.9423661905527114,-0.2751413216076791,0.06691009551286697,-0.4364001750946045,-2.6191964149475098,,,,,,
1763596049.026806,,,,,,,0.15660575032234192,-0.13677477836608887,0.013017773628234863,0.4529135525226593,-2.491305112838745,2.1568763256073
1763596049.034801,0.10808452714383601,1.0183943682223557,-0.2235549267552793,0.03938473016023636,-0.4062761068344116,-2.499986410140991,,,,,,
1763596049.036837,,,,,,,0.16979652643203735,-0.07612651586532593,-0.05388253927230835,0.6850841641426086,-2.4597904682159424,2.218076705932617
1763596049.044854,0.01461655437350273,0.8424643853425979,-0.17496259915232656,0.01589266024529934,-0.4017854332923889,-2.4498867988586426,,,,,,
1763596049.046867,,,,,,,0.18192484974861145,0.022814691066741943,-0.04484724998474121,0.8475762605667114,-2.4269909858703613,2.2638354301452637
1763596049.054907,-0.19481354704797266,0.5257055435806512,-0.1588917543172836,0.017234627157449722,-0.424564003944397,-2.4873640537261963,,,,,,
1763596049.056898,,,,,,,0.17799018323421478,0.043811023235321045,0.04759931564331055,0.8572584390640259,-2.343190908432007,2.3566317558288574
1763596049.06496,-0.45400048980712887,0.20156068322062493,-0.15930442677140236,0.03448259085416794,-0.42332762479782104,-2.5837197303771973,,,,,,
1763596049.066929,,,,,,,0.15779437124729156,-0.06102752685546875,0.06022363901138306,0.7652496695518494,-2.293262481689453,2.3857743740081787
1763596049.075012,-0.5321592497646809,-0.03191898683011531,-0.21295418389439583,0.04353094473481178,-0.4020651876926422,-2.699984073638916,,,,,,
1763596049.076959,,,,,,,0.16863130033016205,-0.08102482557296753,0.1136026382446289,0.6282167434692383,-2.313199996948242,2.3795416355133057
1763596049.085065,-0.40370881094038485,-0.09314648573100566,-0.24858912250772117,0.0587875172495842,-0.39252614974975586,-2.797734022140503,,,,,,
1763596049.08699,,,,,,,0.19363409280776978,-0.004619717597961426,0.2038407325744629,0.5247077345848083,-2.3202126026153564,2.386103630065918
1763596049.095118,-0.22970015151202677,0.11667524535655975,-0.21600180796198545,0.05899897590279579,-0.40514153242111206,-2.842991590499878,,,,,,
1763596049.09702,,,,,,,0.17116636037826538,0.01658087968826294,0.19358158111572266,0.3976869583129883,-2.2745707035064697,2.3357276916503906
1763596049.105171,0.053504795694351195,0.41317105129063125,-0.27837511589713393,0.04771985113620758,-0.4015078544616699,-2.813009738922119,,,,,,
1763596049.107051,,,,,,,0.1378326714038849,0.030399024486541748,0.19555330276489258,0.281432181596756,-2.1972498893737793,2.3323771953582764
1763596049.115224,0.3411328200399875,0.7102963872998952,-0.31240123107433315,0.023607060313224792,-0.3894623816013336,-2.7228143215179443,,,,,,
1763596049.117082,,,,,,,0.13514293730258942,0.07173144817352295,0.18198496103286743,0.3312964141368866,-2.145155429840088,2.3234801292419434
1763596049.125277,0.5615174461960792,0.8650912276923656,-0.3022387335002422,-0.018873102962970734,-0.3988460600376129,-2.608379364013672,,,,,,
1763596049.127112,,,,,,,0.12767310440540314,0.09038102626800537,0.08962219953536987,0.49368131160736084,-2.0983223915100098,2.3018033504486084
1763596049.135329,0.7005395479172468,0.8358610415548086,-0.3724574211735278,-0.054217513650655746,-0.39415863156318665,-2.50400447845459,,,,,,
1763596049.137143,,,,,,,0.12148436903953552,0.1210101842880249,0.046892642974853516,0.6154271960258484,-2.031109094619751,2.2907984256744385
1763596049.145382,0.7063035182714462,0.7312076579034328,-0.2839935403008014,-0.08601532876491547,-0.3909863233566284,-2.4355413913726807,,,,,,
1763596049.147173,,,,,,,0.12619531154632568,0.1643991470336914,0.09619426727294922,0.6987898945808411,-1.9663257598876953,2.3193588256835938
1763596049.155435,0.541909074884653,0.5390501783221959,-0.13483290640302,-0.11182481795549393,-0.3934231102466583,-2.406503915786743,,,,,,
1763596049.157204,,,,,,,0.11765164136886597,0.12455052137374878,0.09069740772247314,0.7524616122245789,-1.917121410369873,2.3216300010681152
