timestamp,phone_accel_x,phone_accel_y,phone_accel_z,phone_gyro_x,phone_gyro_y,phone_gyro_z,watch_accel_x,watch_accel_y,watch_accel_z,watch_gyro_x,watch_gyro_y,watch_gyro_z
1763596081.827061,-0.21077515935488045,-0.09308978710770606,-0.02273103337660432,0.004902601707726717,0.01748206466436386,0.08248396962881088,,,,,,
1763596081.836877,,,,,,,-0.000853419303894043,-0.047252535820007324,0.017773263156414032,-0.12950515747070312,0.00672744819894433,-0.11618103832006454
1763596081.837114,-0.2820782812640071,-0.06848667624890804,-0.037638679651170966,0.011852010153234005,-0.016310280188918114,0.06406659632921219,,,,,,
1763596081.846908,,,,,,,0.003192126750946045,-0.030915677547454834,0.0162506103515625,-0.14515161514282227,-0.009967908263206482,-0.09774916619062424
1763596081.847167,-0.3116745973002165,0.013067571365833282,-0.06048515610098838,0.016829190775752068,-0.03974130377173424,0.04650837928056717,,,,,,
1763596081.856938,,,,,,,0.002721250057220459,-0.031088173389434814,0.01901543140411377,-0.15176503360271454,0.00268636760301888,-0.07563161104917526
1763596081.85722,-0.27981588928997514,0.051039866885542864,-0.10496376477479934,0.022949591279029846,-0.022669263184070587,0.024191277101635933,,,,,,
1763596081.866969,,,,,,,-0.0016225576400756836,-0.030545473098754883,0.016089312732219696,-0.10041464865207672,0.02073700726032257,-0.04447295889258385
1763596081.867272,-0.19354893393963574,0.03197510093152523,-0.14616189047321676,0.019646737724542618,0.015293033793568611,0.011274678632616997,,,,,,
1763596081.877,,,,,,,0.0026277899742126465,-0.022781282663345337,0.001271858811378479,-0.014306126162409782,-0.0025249058380723,-0.029470575973391533
1763596081.877325,-0.11240597053952514,-0.015493921729922294,-0.1053098017334938,0.010387906804680824,0.04271697998046875,0.010877346619963646,,,,,,
1763596081.88703,,,,,,,0.011775016784667969,-0.0059531331062316895,-0.006264336407184601,0.056222204118967056,-0.03210889548063278,-0.021836889907717705
1763596081.887378,-0.09866985226236283,-0.06724748984277248,-0.003746931443363428,0.007246974855661392,0.05732015520334244,0.022285794839262962,,,,,,
1763596081.897061,,,,,,,0.007664024829864502,0.006135791540145874,-0.006328463554382324,0.08280694484710693,-0.026781776919960976,-0.009305119514465332
1763596081.897431,-0.13013166990950703,-0.1138975973367691,0.09613733811005949,0.004782145842909813,0.03322672098875046,0.04111045226454735,,,,,,
1763596081.907091,,,,,,,-0.004511356353759766,0.007468611001968384,0.0020216703414916992,0.10375437885522842,-0.018542755395174026,-0.002675645751878619
1763596081.907484,-0.2488371789846569,-0.13216975160837172,0.1495942030094564,0.0006696924101561308,-0.003103590337559581,0.046525988727808,,,,,,
1763596081.917122,,,,,,,-0.011123836040496826,-0.017244607210159302,0.012084618210792542,0.09066334366798401,0.008749852888286114,0.0002783325035125017
1763596081.917536,-0.29173341383785006,-0.09532499881386756,0.09922975116744637,0.008491665124893188,0.005629514344036579,0.02674286626279354,,,,,,
1763596081.927152,,,,,,,-0.011555790901184082,-0.02110135555267334,0.008366242051124573,0.07858125120401382,0.019790519028902054,0.0034099435433745384
1763596081.927589,-0.26323490297570823,-0.04816343466639519,0.06632438364848495,0.008399520069360733,0.036558400839567184,0.005790711380541325,,,,,,
1763596081.937183,,,,,,,-0.005013525485992432,-0.0017324984073638916,0.0017380863428115845,0.08161912113428116,0.022700555622577667,-0.003527590772137046
1763596081.937642,-0.238726338532567,-0.06037234337627887,0.0693112905047834,-0.0024062087759375572,0.046589743345975876,0.004863804671913385,,,,,,
1763596081.947214,,,,,,,-0.0020048022270202637,0.0019578635692596436,-0.00013457238674163818,0.07749660313129425,0.022923462092876434,-0.006773451808840036
1763596081.947695,-0.25202844930663704,-0.10346563517153262,0.04128478106856346,-0.008606581017374992,0.04262775927782059,0.016330843791365623,,,,,,
1763596081.957244,,,,,,,-0.0017342567443847656,-0.01425120234489441,0.004018679261207581,0.06907089799642563,0.02964448183774948,0.004708234686404467
1763596081.957747,-0.22599384433999656,-0.06821019739508628,-0.014362871873378752,-0.006808588281273842,0.05450734123587608,0.019435033202171326,,,,,,
1763596081.967275,,,,,,,-0.002695024013519287,-0.022290676832199097,0.002874508500099182,0.07423163950443268,0.044462043792009354,0.018942298367619514
1763596081.9678,-0.15496953937225044,0.01539864466190338,-0.013826134648174046,-0.008897040039300919,0.06946365535259247,0.010939816012978554,,,,,,
1763596081.977306,,,,,,,0.0027123093605041504,-0.00592648983001709,-0.0041527897119522095,0.09299121052026749,0.026580248028039932,0.026348017156124115
1763596081.977853,-0.1250750441070646,0.045180619463324544,0.014020488176494835,-0.017231905832886696,0.06875133514404297,0.003382063237950206,,,,,,
1763596081.987336,,,,,,,0.013902604579925537,0.0054364800453186035,-0.004097118973731995,0.09731922298669815,-0.0013166296994313598,0.021953601390123367
1763596081.987906,-0.10797924013845622,0.005343699115514755,-0.027020108872652052,-0.018611157312989235,0.06146971881389618,0.0022337085101753473,,,,,,
1763596081.997367,,,,,,,0.009737670421600342,-0.00985032320022583,0.005203962326049805,0.08061987161636353,-0.004085252061486244,0.02196771651506424
1763596081.997959,-0.0706223731033504,0.009577391162514687,-0.10358911542072892,-0.01260417327284813,0.05609897896647453,0.006944342516362667,,,,,,
1763596082.007397,,,,,,,-0.003755629062652588,-0.024892061948776245,0.009187094867229462,0.0470467284321785,0.018717531114816666,0.02009657770395279
1763596082.008011,-0.05573949594385921,0.013786533290147781,-0.11644392081871628,0.0021750389132648706,0.05353142321109772,0.003142413916066289,,,,,,
1763596082.017428,,,,,,,-0.006809055805206299,-0.017406463623046875,0.005648717284202576,0.03219934552907944,0.016842400655150414,0.004641189239919186
1763596082.018064,-0.02536189333684742,-0.01629413219690323,-0.08445186875239014,0.01912342756986618,0.03610217571258545,-0.0035439482890069485,,,,,,
1763596082.027458,,,,,,,-0.0007200837135314941,-0.0023755133152008057,0.00045765936374664307,0.0004645637236535549,0.0022179177030920982,-0.012692127376794815
1763596082.028117,-0.06335260129608214,-0.07412146726548671,-0.03850011878609657,0.03468827158212662,-0.007409615907818079,-0.007941892370581627,,,,,,
1763596082.037489,,,,,,,-0.0024409890174865723,0.0008871555328369141,0.008874647319316864,-0.02512628398835659,-0.004339051432907581,-0.015619739890098572
1763596082.03817,-0.10140051933526992,-0.06143558869361877,0.021163053407520054,0.041687045246362686,-0.05616424232721329,-0.012830591760575771,,,,,,
1763596082.04752,,,,,,,-0.009624719619750977,-0.013349652290344238,0.014493703842163086,-0.0327044352889061,0.02860425040125847,-0.013250325806438923
1763596082.048223,-0.10396927384473383,0.018455694144964216,0.03635974575653672,0.04635423421859741,-0.06613805145025253,-0.0286718737334013,,,,,,
1763596082.05755,,,,,,,-0.015234231948852539,-0.01671239733695984,0.010696165263652802,-0.011394352652132511,0.06115686893463135,0.008656037971377373
1763596082.058275,-0.048190395738556976,0.07173135725855827,-0.0032267069615423676,0.040017250925302505,-0.031307294964790344,-0.046032726764678955,,,,,,
1763596082.067581,,,,,,,-0.003853142261505127,0.01003575325012207,-0.006014235317707062,0.026009531691670418,0.05585504695773125,0.020940067246556282
1763596082.068328,-0.024557810412347315,0.040889644271135325,-0.008032645938545465,0.02012929692864418,0.014581101946532726,-0.04611395299434662,,,,,,
1763596082.077611,,,,,,,0.011443912982940674,0.03010973334312439,-0.015890106558799744,0.07120922952890396,0.038148220628499985,0.03424069657921791
1763596082.078381,-0.05206139195300638,-0.02188274598419666,0.002643500246107578,-0.00019453279674053192,0.04261402413249016,-0.028316063806414604,,,,,,
1763596082.087642,,,,,,,0.013396501541137695,0.027602821588516235,-0.01424168050289154,0.0859527438879013,0.03228820115327835,0.03204691410064697
1763596082.088434,-0.04356843502633273,-0.027874095353484153,-0.0004103343665599823,-0.0005314224399626255,0.05550984665751457,0.0015156022273004055,,,,,,
1763596082.097673,,,,,,,-0.0017348527908325195,0.02189996838569641,-0.0043860673904418945,0.0680784061551094,0.027850842103362083,0.020565494894981384
1763596082.098487,-0.07018624670840799,-0.010856909579038619,-0.008404401860386133,0.0037118708714842796,0.0478677935898304,0.031447481364011765,,,,,,
1763596082.107703,,,,,,,-0.01231008768081665,0.003153979778289795,0.011394158005714417,0.0665842741727829,0.03963453322649002,0.01170442532747984
1763596082.108539,-0.10843231766819954,0.0009375731110572815,-0.02418970775231719,0.016635658219456673,0.04902173951268196,0.03409972041845322,,,,,,
1763596082.117734,,,,,,,-0.015769660472869873,-0.014992326498031616,0.014096260070800781,0.045392438769340515,0.06280616670846939,0.010017579421401024
1763596082.118592,-0.11740721289291978,0.005927636483311653,-0.012578911066055297,0.024570219218730927,0.0653885155916214,0.010835436172783375,,,,,,
1763596082.127764,,,,,,,-0.007444977760314941,0.0010633468627929688,-0.0014647096395492554,0.05680906027555466,0.05588860437273979,0.009100520052015781
1763596082.128645,-0.1360730426572263,-0.03445230470001697,0.045060646345466374,0.018545880913734436,0.06410886347293854,-0.017517374828457832,,,,,,
1763596082.137795,,,,,,,0.006745457649230957,0.017262935638427734,-0.01701045036315918,0.06402409821748734,0.028116626664996147,0.0011110363993793726
1763596082.138698,-0.15254063172489404,-0.06404197179973126,0.061507923277467486,0.009642574936151505,0.04302486032247543,-0.02807655557990074,,,,,,
1763596082.147825,,,,,,,0.00847625732421875,0.01774728298187256,-0.013103365898132324,0.052683938294649124,0.020205439999699593,-0.008070411160588264
1763596082.14875,-0.1111013176817447,-0.05366787730157375,0.041089404626935715,0.015159046277403831,0.02387087419629097,-0.01410454697906971,,,,,,
1763596082.157856,,,,,,,-0.0017212629318237305,-0.0029132962226867676,-0.002039201557636261,0.0447905957698822,0.034296758472919464,-0.01567906141281128
1763596082.158803,-0.02926430760286748,-0.018469722670316695,0.014001491215080023,0.026490654796361923,0.016634898260235786,0.003319499082863331,,,,,,
1763596082.167887,,,,,,,-0.010110616683959961,-0.014771193265914917,-0.002154715359210968,0.015387045219540596,0.0459480881690979,-0.019315209239721298
1763596082.168856,0.02072422359883785,-0.008653846576809883,0.027315730818361042,0.030122939497232437,0.024283496662974358,0.012309531681239605,,,,,,
1763596082.177917,,,,,,,-0.0016911029815673828,-0.004368126392364502,-0.004130125045776367,0.01306157372891903,0.03987874463200569,-0.015334849245846272
1763596082.178909,-0.016064853485673665,0.027093174108862875,0.06459653694257139,0.019271481782197952,0.030698416754603386,0.00643534492701292,,,,,,
1763596082.187948,,,,,,,0.00837552547454834,0.0033836662769317627,-0.010494120419025421,0.007408819627016783,0.023412417620420456,-0.011977868154644966
1763596082.188962,-0.034518063412606714,0.04306640378832817,0.06640285571217537,0.0042280834168195724,0.028165750205516815,-0.005697483662515879,,,,,,
1763596082.197978,,,,,,,0.008786499500274658,0.0028129220008850098,-0.010157927870750427,0.017494210973381996,0.00812534149736166,-0.007542905863374472
1763596082.199014,-0.046277620919793844,0.06771510735452174,0.04691708786711096,-0.0052460310980677605,0.02953030727803707,-0.013237446546554565,,,,,,
1763596082.208009,,,,,,,0.0029449462890625,-0.020153015851974487,-0.0016718953847885132,0.010105888359248638,0.022796696051955223,0.009116033092141151
1763596082.209067,0.009314794703572988,0.06971651030480862,-0.03402399628534913,-0.00024647917598485947,0.05974626541137695,-0.019419176504015923,,,,,,
1763596082.21804,,,,,,,-0.0020256638526916504,-0.015515059232711792,-0.005918636918067932,0.013926459476351738,0.034601423889398575,0.02619088813662529
1763596082.21912,0.0936347807046026,0.037725627282261844,-0.039132571470737454,0.0010955317411571741,0.07493661344051361,-0.01754780299961567,,,,,,
1763596082.22807,,,,,,,0.002061307430267334,0.010370612144470215,-0.01713741570711136,0.034563153982162476,0.014569392427802086,0.021697072312235832
1763596082.229173,0.0851854437239468,-0.045046763950586315,0.07793649550899863,-0.0020693689584732056,0.05146165192127228,-0.00455823540687561,,,,,,
1763596082.238101,,,,,,,0.008678913116455078,0.019276350736618042,-0.0216522216796875,0.022049227729439735,-0.005933752283453941,0.009880892932415009
1763596082.239226,0.007392667534574866,-0.08933189587891101,0.14842282114252447,0.0011189545039087534,0.011006232351064682,0.007590641267597675,,,,,,
1763596082.248131,,,,,,,0.0007339715957641602,0.006053149700164795,-0.011920340359210968,0.008453276008367538,0.004204901866614819,0.0019852856639772654
1763596082.249278,-0.005635740864649415,-0.08266776181459426,0.16035422808527947,0.013317563571035862,-0.023162923753261566,0.015363076701760292,,,,,,
1763596082.258162,,,,,,,-0.016399621963500977,-0.009459197521209717,-0.0030062049627304077,0.0035344180651009083,0.034051213413476944,-0.004947721492499113
1763596082.259331,-0.02600881293825805,-0.0697778851032257,0.12823591929078101,0.025201840326189995,-0.03024069406092167,0.0162945743650198,,,,,,
1763596082.268193,,,,,,,-0.018833577632904053,-0.00013822317123413086,-0.009839780628681183,0.004640365485101938,0.04003986343741417,-0.00765562430024147
1763596082.269384,-0.07954488055370748,-0.10304302584528922,0.09161211577057837,0.0229466762393713,-0.031421270221471786,0.01196906715631485,,,,,,
1763596082.278223,,,,,,,-0.0017423629760742188,0.019587546586990356,-0.015467174351215363,0.015984898433089256,0.017916984856128693,-0.018211062997579575
1763596082.279437,-0.15248729410246015,-0.07989888162314891,0.053999447343498465,0.015492113307118416,-0.02534070424735546,0.0034202071838080883,,,,,,
1763596082.288254,,,,,,,0.007854163646697998,0.012150287628173828,-0.015091672539710999,0.027344105765223503,0.0045396615751087666,-0.018384700641036034
1763596082.289489,-0.1522063582692295,-0.004233692046999931,0.04521291429772973,0.007629662752151489,-0.016281694173812866,0.0030279234051704407,,,,,,
1763596082.298284,,,,,,,0.0049800872802734375,-0.0036418139934539795,-0.009393811225891113,0.026639966294169426,-0.005214165896177292,-0.01758894883096218
1763596082.299542,-0.09812069394700229,0.001925415104627609,-0.0007905658558011055,0.001366394106298685,0.0018581489566713572,0.00782387051731348,,,,,,
1763596082.308315,,,,,,,0.0005410313606262207,0.0008171200752258301,-0.006092794239521027,0.021103978157043457,-0.017027681693434715,-0.01871499791741371
1763596082.309595,-0.08327844105884433,-0.03887304375171661,-0.0026119360640645024,-0.00408163433894515,0.016271177679300308,0.014605076983571053,,,,,,
1763596082.318345,,,,,,,-0.0019617676734924316,0.006859004497528076,-0.0018371343612670898,0.013712375424802303,-0.019925201311707497,-0.014497618190944195
1763596082.319648,-0.07701360851041972,-0.053992286950349806,-0.008066548208147287,-0.01201824564486742,0.024867162108421326,0.013768361881375313,,,,,,
1763596082.328376,,,,,,,-0.0026143789291381836,-0.00699925422668457,-0.0014849752187728882,0.004132868256419897,-0.009404649958014488,-0.006941896863281727
1763596082.329701,-0.05696574980318546,-0.00282031811773777,0.012855974441766739,-0.017932862043380737,0.03925542160868645,0.008489178493618965,,,,,,
1763596082.338407,,,,,,,-0.002218902111053467,-0.013632446527481079,-0.006695494055747986,-0.0020326159428805113,-0.005756651982665062,0.007140366360545158
1763596082.339753,0.0009553279634565115,0.042944823235273356,0.017209785737097263,-0.020373646169900894,0.049964793026447296,0.0004783901385962963,,,,,,
1763596082.348437,,,,,,,0.004414916038513184,0.0005719661712646484,-0.013489246368408203,0.006129630375653505,-0.021196061745285988,0.00880697276443243
1763596082.349806,0.018988631977885962,-0.020793781703710556,0.016356237647682428,-0.01800449937582016,0.04115958511829376,0.0022821491584181786,,,,,,
1763596082.358468,,,,,,,0.006974458694458008,0.014049828052520752,-0.013175487518310547,0.014823520556092262,-0.031034313142299652,-0.0007553736213594675
1763596082.359859,-0.01109583290144801,-0.062390112939476966,0.04880187870040536,-0.010888705961406231,0.00898036640137434,0.013430686667561531,,,,,,
1763596082.368498,,,,,,,-0.0005423426628112793,0.009554475545883179,-0.0019385814666748047,0.01471293531358242,-0.03035440668463707,-0.018623054027557373
1763596082.369912,-0.02742028717137873,-0.03137187434136867,0.05226312507018446,0.0028236438520252705,-0.030095132067799568,0.024656442925333977,,,,,,
1763596082.378529,,,,,,,-0.007394134998321533,-0.013709068298339844,0.00525306910276413,-0.003361406270414591,-0.020576877519488335,-0.0269776564091444
1763596082.379965,-0.04256678370311856,0.006731354081630707,0.05617591459974646,0.013490324839949608,-0.047247372567653656,0.021804122254252434,,,,,,
1763596082.38856,,,,,,,-0.007988035678863525,-0.015259265899658203,0.005726933479309082,-0.040005579590797424,-0.009692271240055561,-0.026869265362620354
1763596082.390017,-0.07188055647090077,0.0172930801063776,0.06325812794566155,0.014438143000006676,-0.04836456850171089,0.010848142206668854,,,,,,
1763596082.39859,,,,,,,-0.0032095909118652344,0.006108522415161133,0.0022923946380615234,-0.03179611638188362,-0.004438387230038643,-0.02324523590505123
1763596082.40007,-0.11241218108460306,-0.0062134676873683925,0.07435118436813354,0.00032412214204669,-0.04873476177453995,-0.0012534083798527718,,,,,,
1763596082.408621,,,,,,,0.002541184425354004,0.005366325378417969,-0.0013399198651313782,-0.02085963264107704,-0.007094890810549259,-0.017319370061159134
1763596082.410123,-0.10948511465676128,0.028169278907775878,0.008498802145570515,-0.00850452296435833,-0.033982980996370316,-0.006211681757122278,,,,,,
1763596082.418651,,,,,,,0.006106376647949219,-0.0020897984504699707,-0.002036675810813904,-0.01892351545393467,-0.00962356198579073,-0.001981958979740739
1763596082.420176,-0.05119155031591654,0.06980944928526878,-0.06758826610445975,-0.010394847020506859,-0.007431935518980026,-0.003989735618233681,,,,,,
1763596082.428682,,,,,,,0.004362821578979492,0.0031051337718963623,0.0002584382891654968,-0.007422543130815029,-0.012388189323246479,0.008138652890920639
1763596082.430229,-0.04382555159255862,0.06652443626523018,-0.06232523100972175,-0.0105562349781394,0.004660147242248058,0.003217843361198902,,,,,,
1763596082.438712,,,,,,,-0.0003185272216796875,0.009112924337387085,7.224082946777344e-05,0.008014470338821411,-0.014427105896174908,0.019111676141619682
1763596082.440281,-0.034198622199892996,0.03621522271931171,-0.02971241669654846,-0.008032199926674366,0.005002669058740139,0.01360538974404335,,,,,,
1763596082.448743,,,,,,,-0.0010093450546264648,0.009773790836334229,0.0007041841745376587,0.011163905262947083,-0.019539309665560722,0.02063007652759552
1763596082.450334,-0.01716879613958299,-0.014442366850376129,-0.029166619382053612,-0.0022683199495077133,-0.004065128043293953,0.0246865376830101,,,,,,
1763596082.458774,,,,,,,-0.0029338598251342773,0.006953388452529907,0.0026140138506889343,0.01572004146873951,-0.01741969957947731,0.007921204902231693
1763596082.460387,-0.031199878775328396,-0.04298983142077922,-0.01585237977877259,0.0010720666032284498,-0.01484580710530281,0.03254435956478119,,,,,,
1763596082.468804,,,,,,,-0.0079575777053833,0.0020284652709960938,0.0014842748641967773,-0.0016864967765286565,-0.02180406078696251,-0.009506454691290855
1763596082.47044,-0.06439633819535374,-0.07767477583289147,-0.004960398886352777,-0.0024278596974909306,-0.021905846893787384,0.02960848994553089,,,,,,
1763596082.478835,,,,,,,-0.009505808353424072,-0.00651511549949646,0.007542252540588379,-0.013621985912322998,-0.01898803561925888,-0.0206666961312294
1763596082.480492,-0.10104827183149755,-0.06971592578291892,-0.036319998268038035,-0.003905918449163437,-0.013185128569602966,0.008354691788554192,,,,,,
1763596082.488865,,,,,,,-0.012662053108215332,-0.012036412954330444,0.010852575302124023,-0.04059678688645363,-0.012534929439425468,-0.015271466225385666
1763596082.490545,-0.09106975252218544,-0.02097439896762371,-0.04980579504594206,-0.005220986902713776,0.0019815738778561354,-0.014799362979829311,,,,,,
1763596082.498896,,,,,,,-0.008375883102416992,-0.004335582256317139,0.00849130004644394,-0.03501347079873085,-0.0063822283409535885,-0.004450242966413498
1763596082.500598,-0.04157141599021852,0.008369768938422202,-0.006379325773566961,-0.008253272622823715,-0.002289939671754837,-0.02933891862630844,,,,,,
1763596082.508927,,,,,,,-0.0031232237815856934,0.0001035928726196289,-0.0018144920468330383,-0.023643847554922104,-0.0074999574571847916,0.011638911440968513
1763596082.510651,0.003578077682480216,0.013556816187500953,-0.015543459960073232,-0.009749436751008034,-0.02155311591923237,-0.02590157650411129,,,,,,
1763596082.518957,,,,,,,0.0032218098640441895,0.005105912685394287,-0.006830930709838867,-0.011549368500709534,-0.016899850219488144,0.0228569433093071
1763596082.520704,0.03940188993141055,0.006956979531049728,-0.06669760087504982,-0.00333654647693038,-0.03900647535920143,-0.013431491330265999,,,,,,
1763596082.528988,,,,,,,0.00558704137802124,0.0052071213722229,-0.008088216185569763,0.0038153911009430885,-0.017087602987885475,0.029300330206751823
1763596082.530756,0.025501155677065252,0.014027356308698653,-0.08982961626797914,0.004841222427785397,-0.04563162103295326,0.00021294713951647282,,,,,,
1763596082.539018,,,,,,,0.0033627748489379883,0.007351011037826538,-0.005700230598449707,0.009391783736646175,-0.02474845200777054,0.025829698890447617
1763596082.540809,0.012293518253415823,0.04485796338021755,-0.03310731983184814,0.006180166732519865,-0.041010793298482895,0.01216573640704155,,,,,,
1763596082.549049,,,,,,,0.0005826354026794434,0.011818468570709229,0.0023762136697769165,0.006718236953020096,-0.03209797665476799,0.01705404929816723
1763596082.550862,-0.056101241928339,0.02238777289688587,0.04379588710665703,-0.0022005345672369003,-0.02785477787256241,0.015595887787640095,,,,,,
1763596082.55908,,,,,,,-0.002154111862182617,0.009100615978240967,0.010288253426551819,-0.021097149699926376,-0.040249381214380264,0.016142716631293297
1763596082.560915,-0.09955423388145863,0.043670799422264095,0.060967825051397084,-0.01909133419394493,-0.007365608122199774,0.011625317856669426,,,,,,
1763596082.56911,,,,,,,-0.002162635326385498,0.004882872104644775,0.014563441276550293,-0.04222267493605614,-0.04720422625541687,0.018957411870360374
1763596082.570967,-0.10920132927931844,0.0659440060287714,0.043889410609006876,-0.028368987143039703,0.019701428711414337,0.005654510110616684,,,,,,
1763596082.579141,,,,,,,0.0007293820381164551,0.006773263216018677,0.01132117211818695,-0.06341158598661423,-0.06213337182998657,0.013280084356665611
1763596082.58102,-0.07479834361374378,0.06425415324568748,0.004095306489616632,-0.031440116465091705,0.04158070310950279,0.005318457260727882,,,,,,
1763596082.589171,,,,,,,-0.0002741217613220215,0.011754631996154785,0.00802600383758545,-0.06257747858762741,-0.06479919701814651,0.007783852517604828
1763596082.591073,-0.02707395795173943,0.031411037307977674,-0.035207068590074775,-0.02689569815993309,0.04746042937040329,0.009388299658894539,,,,,,
1763596082.599202,,,,,,,-0.005191922187805176,0.001589357852935791,0.004668116569519043,-0.05818185210227966,-0.06466177850961685,0.0015274217585101724
1763596082.601126,0.008828764752298593,0.018375614646077156,-0.04061141185164451,-0.010786664672195911,0.028455207124352455,0.01935405284166336,,,,,,
1763596082.609232,,,,,,,-0.004667758941650391,-0.0004496574401855469,-0.00022889673709869385,-0.08765403926372528,-0.06743066757917404,-0.00665973499417305
1763596082.611179,0.020332228606566787,-0.028698855739831924,-0.00397255689278245,0.012409734539687634,-0.01597563922405243,0.03011828288435936,,,,,,
1763596082.619262,,,,,,,-0.002926170825958252,-0.0014951229095458984,-0.001516103744506836,-0.1289873570203781,-0.06182391941547394,-0.026899492368102074
1763596082.621231,-0.031142741760611534,-0.05731120223999023,0.07491714768782258,0.027179595082998276,-0.055315129458904266,0.038926925510168076,,,,,,
1763596082.629294,,,,,,,-0.006414532661437988,-0.01817438006401062,0.0016932487487792969,-0.15204495191574097,-0.0744081512093544,-0.027416745200753212
1763596082.631284,-0.07864961221441626,-0.10313654934763908,0.11107800987139343,0.026932455599308014,-0.07328347861766815,0.03901241347193718,,,,,,
1763596082.639323,,,,,,,-0.005359232425689697,-0.024206042289733887,-0.004832036793231964,-0.18673928081989288,-0.07482094317674637,-0.03729547560214996
1763596082.641337,-0.13210318917818367,-0.1525134514570236,0.09039864832758902,0.008464876562356949,-0.051880158483982086,0.032636020332574844,,,,,,
1763596082.649354,,,,,,,-0.0035212039947509766,-0.021931767463684082,-0.008645892143249512,-0.2385573387145996,-0.06663171947002411,-0.03279253840446472
1763596082.65139,-0.2074204420994967,-0.2211240463465452,0.04628361226916313,-0.011903777718544006,-0.0020635982509702444,0.023233730345964432,,,,,,
1763596082.659384,,,,,,,-0.007237136363983154,-0.021068274974822998,-0.01696588099002838,-0.2430892288684845,-0.05737989768385887,-0.02321234531700611
1763596082.661443,-0.259522019932419,-0.27640461954176426,0.0487150771997869,-0.04491231217980385,0.036675743758678436,0.015452343039214611,,,,,,
1763596082.669415,,,,,,,-0.00780099630355835,-0.007746249437332153,-0.02606581151485443,-0.23468056321144104,-0.0799613744020462,-0.030729183927178383
1763596082.671495,-0.2600165254510939,-0.2529179454922676,0.0688064097225666,-0.07183633744716644,0.06572949886322021,0.011361994780600071,,,,,,
1763596082.679446,,,,,,,-0.00242459774017334,0.002414882183074951,-0.025864839553833008,-0.18160590529441833,-0.09067580103874207,-0.0256489384919405
1763596082.681548,-0.19854133539944885,-0.20875731672644615,0.049175534318387504,-0.08423051983118057,0.09114502370357513,0.010769262909889221,,,,,,
1763596082.689476,,,,,,,-0.00048613548278808594,0.0050036609172821045,-0.024370312690734863,-0.1378926783800125,-0.0950564369559288,-0.01351883914321661
1763596082.691601,-0.15059322398416697,-0.17500702281594274,0.02556947167292237,-0.0831197127699852,0.10282990336418152,0.011700304225087166,,,,,,
1763596082.699507,,,,,,,-0.008237719535827637,0.02071744203567505,-0.011631354689598083,-0.10069525241851807,-0.09379356354475021,-0.009822637774050236
1763596082.701654,-0.14707505979537963,-0.13048749760985373,0.05156286784633994,-0.08308964967727661,0.09413115680217743,0.010319150984287262,,,,,,
1763596082.709537,,,,,,,-0.014146804809570312,0.01415550708770752,-0.005991347134113312,-0.0809774249792099,-0.06956439465284348,-0.00350928190164268
1763596082.711707,-0.11879574464187026,-0.03612520634829998,0.047713206680864095,-0.07968533039093018,0.09384965896606445,0.004506003111600876,,,,,,
1763596082.719568,,,,,,,-0.011859476566314697,-0.007190197706222534,-8.618831634521484e-05,-0.07404495030641556,-0.05868804454803467,0.01026139222085476
1763596082.721759,-0.03991320045441389,0.03854980314671993,-0.0010511164881289005,-0.07652569562196732,0.10670781135559082,-0.006981205195188522,,,,,,
1763596082.729598,,,,,,,-0.0034255385398864746,-0.01220691204071045,0.0004319027066230774,-0.05108272656798363,-0.04147017374634743,0.02069312520325184
1763596082.731812,0.03889920110628008,0.07212766309976577,-0.00035904257073998447,-0.07607509195804596,0.11356624960899353,-0.013306212611496449,,,,,,
1763596082.739629,,,,,,,0.0018429756164550781,0.0033308565616607666,-0.005210153758525848,-0.018886705860495567,-0.029289141297340393,0.026684705168008804
1763596082.741865,0.07360723413303494,0.04163490968048572,0.01806274930462241,-0.07039301097393036,0.09478802233934402,-0.00911666452884674,,,,,,
1763596082.74966,,,,,,,0.005371034145355225,0.010661393404006958,-0.006824962794780731,0.012236528098583221,-0.03241622447967529,0.032290928065776825
1763596082.751918,0.0541117486115545,0.0544499675899744,0.012036328621953725,-0.055280640721321106,0.06051500514149666,0.003545335028320551,,,,,,
1763596082.75969,,,,,,,0.0038511157035827637,0.008001595735549927,0.001523040235042572,0.03384781256318092,-0.017871372401714325,0.031197698786854744
1763596082.761971,0.03835201555229723,0.0746142192184925,0.008415946167707442,-0.031421929597854614,0.02222573570907116,0.017058109864592552,,,,,,
1763596082.769721,,,,,,,-0.0015386343002319336,0.006511807441711426,0.00690150260925293,0.047543615102767944,-0.017910519614815712,0.02382899820804596
1763596082.772023,-0.011145078870654105,0.0500800819426775,-0.0005200783513486385,-0.012467681430280209,-0.007620844058692455,0.020846456289291382,,,,,,
1763596082.779752,,,,,,,-0.0065405964851379395,0.008857637643814087,0.008014917373657227,0.03630400821566582,-0.010566321201622486,0.012005096301436424
1763596082.782076,-0.07632876805141568,-0.007164484801888466,-3.2733225822448726e-05,-0.0010145986452698708,-0.02466476894915104,0.01604626514017582,,,,,,
1763596082.789782,,,,,,,-0.009032964706420898,0.006781876087188721,0.01268625259399414,0.011990874074399471,-0.0026213121600449085,0.006976981647312641
1763596082.792128,-0.14278576510362326,-0.006488192975521087,-0.0010018705189228057,-0.0021256697364151478,-0.03146754577755928,0.002672402421012521,,,,,,
1763596082.799813,,,,,,,-0.006397902965545654,-0.0002015531063079834,0.014925360679626465,-0.010093389078974724,0.00040590279968455434,0.004351903684437275
1763596082.802181,-0.19307422909997402,0.0273100317299366,-0.054199207699298854,-0.010283369570970535,-0.02029523067176342,-0.01226908341050148,,,,,,
1763596082.809843,,,,,,,-0.0035404562950134277,-0.010217458009719849,0.015273332595825195,-0.01400170847773552,0.004723952151834965,0.006520316004753113
1763596082.812234,-0.165592494064942,0.05581015002727508,-0.10843918580040335,-0.014821928925812244,0.011968432925641537,-0.024630412459373474,,,,,,
1763596082.819874,,,,,,,0.0008181333541870117,-0.0076930224895477295,0.009196639060974121,-0.01634315960109234,-0.0012955908896401525,0.012621884234249592
1763596082.822286,-0.10217990620993077,0.042267946887016294,-0.1311103056833148,-0.020170509815216064,0.04739542677998543,-0.027326051145792007,,,,,,
1763596082.829904,,,,,,,0.004226028919219971,0.0046021342277526855,0.0011129453778266907,-0.010971326380968094,-0.016736065968871117,0.016982611268758774
1763596082.832339,-0.0676128160238266,-0.01009703112244606,-0.11965177694931625,-0.032626647502183914,0.06008965149521828,-0.015598023310303688,,,,,,
1763596082.839935,,,,,,,0.0018293261528015137,0.00986894965171814,0.0034378767013549805,-0.004827146418392658,-0.026000671088695526,0.01031192485243082
1763596082.842392,-0.033032062638551,-0.028904022923111915,-0.09430471585541964,-0.035459499806165695,0.06779889017343521,-0.008965457789599895,,,,,,
1763596082.849965,,,,,,,-0.007601261138916016,-0.003746330738067627,0.010216712951660156,-0.005063826218247414,-0.006319644395262003,0.020399712026119232
1763596082.852445,0.006103139180690049,-0.03566869475245476,-0.04246902241706848,-0.027532069012522697,0.0691073015332222,-0.008804602548480034,,,,,,
1763596082.859996,,,,,,,-0.017027556896209717,-0.0023973286151885986,0.008471734821796417,-0.0037679318338632584,0.0038368534296751022,0.021623967215418816
1763596082.862497,0.015046397158131003,-0.08907003007233143,-0.028586773667484522,-0.018381038680672646,0.046103283762931824,-0.014049648307263851,,,,,,
1763596082.870027,,,,,,,-0.016965508460998535,0.01661086082458496,0.005317807197570801,0.003324231132864952,0.003091967198997736,0.015905627980828285
1763596082.87255,-0.028702801262587306,-0.1025035121411085,0.0010017243884503841,-0.005989084951579571,0.00510471872985363,-0.01600787043571472,,,,,,
1763596082.880057,,,,,,,-0.01352846622467041,0.015865176916122437,0.007486812770366669,0.004702150821685791,0.01371691469103098,0.015857426449656487
1763596082.882603,-0.048843087493628264,-0.06736264065504073,-0.05055310628190637,0.010522968135774136,-0.02302580513060093,-0.016306590288877487,,,,,,
1763596082.890088,,,,,,,-0.014915287494659424,0.008026808500289917,0.012041695415973663,0.006640985608100891,0.026638304814696312,0.013714845292270184
1763596082.892656,-0.06003880057297647,0.014724106401205061,-0.11799758000150322,0.020302893593907356,-0.03103099949657917,-0.022427598014473915,,,,,,
1763596082.900118,,,,,,,-0.011930227279663086,0.005310714244842529,0.011484980583190918,0.016600143164396286,0.024245722219347954,0.012059691362082958
1763596082.902709,-0.07635309877507389,0.03488543542027473,-0.12781374835595488,0.0165192112326622,-0.008451421745121479,-0.03295615687966347,,,,,,
1763596082.910149,,,,,,,-0.004824578762054443,0.0075896382331848145,0.00817776471376419,0.01694895327091217,0.02565932832658291,0.024528078734874725
1763596082.912761,-0.04544789209738374,0.05707213278710842,-0.1541302390038967,0.0008616896811872721,0.02990475483238697,-0.03644862771034241,,,,,,
1763596082.92018,,,,,,,-0.00011277198791503906,0.015039056539535522,0.007924318313598633,0.027638616040349007,0.020624354481697083,0.03290771320462227
1763596082.922814,-0.0012236235108226538,0.04598901323676109,-0.10954159408435225,-0.017679765820503235,0.06157173961400986,-0.027588754892349243,,,,,,
1763596082.93021,,,,,,,-0.0016189217567443848,0.019759923219680786,0.007738232612609863,0.04014366492629051,0.015842650085687637,0.03079003468155861
1763596082.932867,0.027116847245395183,0.03741699972450733,-0.10521496305689215,-0.026155808940529823,0.08244665712118149,-0.014322484843432903,,,,,,
1763596082.940241,,,,,,,-0.004544317722320557,0.018830418586730957,0.0086141899228096,0.032692406326532364,0.004322081338614225,0.020729677751660347
1763596082.94292,0.05574987120740115,0.011957564297318458,-0.14371391279920934,-0.02012261375784874,0.08838359266519547,0.0016951935831457376,,,,,,
1763596082.950272,,,,,,,-0.009141981601715088,0.013137906789779663,0.014081008732318878,0.0090111643075943,0.007010808680206537,0.00974107626825571
1763596082.952973,0.03512223985083401,0.020776830568909645,-0.1286402623079717,-0.005096527747809887,0.07259770482778549,0.011112663894891739,,,,,,
1763596082.960302,,,,,,,-0.01592463254928589,0.007939249277114868,0.019725210964679718,-0.0036087571643292904,0.021536221727728844,0.006538358982652426
1763596082.963025,-0.0019228578213602303,0.04818798458576202,-0.062292351653426885,0.011014524847269058,0.04466933757066727,0.006054770667105913,,,,,,
1763596082.970333,,,,,,,-0.013581514358520508,0.00729098916053772,0.016247153282165527,-0.011918868869543076,0.03762917220592499,0.003234374802559614
1763596082.973078,0.008787921285256742,0.07040273900330066,-0.05627309136390686,0.01764925755560398,0.020330708473920822,-0.0026660168077796698,,,,,,
1763596082.980363,,,,,,,-0.004209280014038086,0.01670759916305542,0.006613612174987793,0.01350446604192257,0.029741421341896057,0.009513575583696365
1763596082.983131,-0.007303893272578716,0.07118424476981162,-0.08282455981150269,0.02324686013162136,4.3721869587898254e-05,-0.008599186316132545,,,,,,
1763596082.990394,,,,,,,0.006451010704040527,0.02693679928779602,-0.0017582178115844727,0.0412452295422554,0.018959879875183105,0.0005070981569588184
1763596082.993184,-0.016385025350749493,0.06711421885192394,-0.07805252310410142,0.024772053584456444,-0.004658621735870838,-0.001844877377152443,,,,,,
1763596083.000424,,,,,,,0.006508350372314453,0.03463786840438843,0.0054209232330322266,0.0314439982175827,0.016140658408403397,-0.0026503456756472588
1763596083.003236,-0.006945142962783575,0.09313011911809443,-0.09242693928480147,0.028932170942425728,0.0143221914768219,0.011420151218771935,,,,,,
1763596083.010455,,,,,,,-0.0024899840354919434,0.018028080463409424,0.015171296894550323,0.030968530103564262,0.032432280480861664,-0.005406917072832584
1763596083.013289,-0.01723988861441612,0.10208265638053417,-0.06827230284586548,0.02864135429263115,0.04284358024597168,0.02113483101129532,,,,,,
1763596083.020486,,,,,,,-0.00908738374710083,-0.0007937252521514893,0.014259815216064453,0.02579134702682495,0.04499121382832527,-0.009719906374812126
1763596083.023342,-0.015884090091288088,0.07514438057243823,-0.013285159639269113,0.02121792547404766,0.065422423183918,0.019793422892689705,,,,,,
1763596083.030516,,,,,,,-0.005255401134490967,0.014996379613876343,0.006927371025085449,0.035324469208717346,0.04178503528237343,-0.018216123804450035
1763596083.033395,-0.010598843164741993,0.02255553067922592,0.027057664404064416,0.01574486307799816,0.0746806412935257,0.022447530180215836,,,,,,
1763596083.040547,,,,,,,0.0015952587127685547,0.024595439434051514,-0.005222424864768982,0.03692476078867912,0.03921614959836006,-0.022201810032129288
1763596083.043449,0.014008286282047628,0.004427168792486191,0.03408244847431779,0.015872113406658173,0.05818227678537369,0.02994881570339203,,,,,,
1763596083.050577,,,,,,,0.0032634735107421875,0.019100666046142578,-0.008412957191467285,0.03170226141810417,0.03493272140622139,-0.028243590146303177
1763596083.0535,0.008736848685145378,-0.0032189620465040204,0.058662616848945616,0.025142310187220573,0.03292059898376465,0.03818783536553383,,,,,,
1763596083.060609,,,,,,,-0.0008767843246459961,0.007998615503311157,-0.006697297096252441,0.03720621392130852,0.04349691420793533,-0.029572509229183197
1763596083.063553,-0.008909574903547763,-0.015578677403926848,0.052925096110254526,0.0336323119699955,0.012733331881463528,0.04176287725567818,,,,,,
1763596083.070638,,,,,,,-0.003314673900604248,0.010882407426834106,-0.009117111563682556,0.043852902948856354,0.040375690907239914,-0.02882302552461624
1763596083.073606,-0.04380443573929369,-0.0019008651852607725,0.021066022773832082,0.039583947509527206,9.556720033288002e-05,0.04400952160358429,,,,,,
1763596083.080669,,,,,,,0.0027538537979125977,0.02473992109298706,-0.012707352638244629,0.04423772916197777,0.02012554556131363,-0.04660894721746445
1763596083.083659,-0.07689663106724619,-0.020014614024758338,0.024943887120485304,0.04271973669528961,-0.0038490602746605873,0.04533872380852699,,,,,,
1763596083.0907,,,,,,,0.004762411117553711,0.01892620325088501,-0.012255445122718811,0.01834721490740776,-0.0008487123996019363,-0.06018920615315437
1763596083.093712,-0.056218950023874635,-0.048773675519227976,0.044182840597629544,0.04206966236233711,0.0015291935997083783,0.04671371355652809,,,,,,
1763596083.10073,,,,,,,-0.0021414756774902344,-0.00697404146194458,-0.005970954895019531,-0.0029956242069602013,0.006310130935162306,-0.06586280465126038
1763596083.103764,-0.035551644244045014,-0.06928747123777866,0.0648456893980503,0.03979654610157013,0.012759583070874214,0.047535888850688934,,,,,,
1763596083.110761,,,,,,,-0.015005528926849365,-0.01912727952003479,-0.0004502534866333008,-0.020577549934387207,0.025888891890645027,-0.06138809025287628
1763596083.113817,-0.0037977117825299497,-0.10230185208916663,0.08138283657059073,0.03433014079928398,0.02633344940841198,0.045430392026901245,,,,,,
1763596083.120791,,,,,,,-0.015904009342193604,-0.01234772801399231,-0.005167603492736816,-0.005882760509848595,0.03257875144481659,-0.04765843227505684
1763596083.12387,0.038584143807739016,-0.1424742880016565,0.12817059896960853,0.023404505103826523,0.03366785869002342,0.037482090294361115,,,,,,
1763596083.130822,,,,,,,-0.0072686076164245605,-0.008120864629745483,-0.018566608428955078,0.015442641451954842,0.025430828332901,-0.037411920726299286
1763596083.133923,0.023881299390271303,-0.14533435360789299,0.10951952838301658,0.017819590866565704,0.026938848197460175,0.028579406440258026,,,,,,
1763596083.140853,,,,,,,0.0022222399711608887,-0.008431553840637207,-0.023534059524536133,0.03855275362730026,0.016604579985141754,-0.020483272150158882
1763596083.143976,-0.029780732692405578,-0.11933306638896464,0.10344050073027611,0.014381371438503265,0.01106865331530571,0.02708902582526207,,,,,,
1763596083.150883,,,,,,,0.0006719231605529785,-0.012960880994796753,-0.022219762206077576,0.050152115523815155,0.016776353120803833,-0.011242102831602097
1763596083.154028,-0.038858065378293394,-0.0968090998917818,0.09851415024399757,0.01965229958295822,-0.00873035192489624,0.031821995973587036,,,,,,
1763596083.160914,,,,,,,-0.002059757709503174,-0.019291281700134277,-0.017559513449668884,0.05161339044570923,0.015486584976315498,-0.005059840623289347
1763596083.164081,-0.09519596560671925,-0.13079495612382888,0.09630348845720291,0.025898084044456482,-0.013781800866127014,0.02787826769053936,,,,,,
1763596083.170944,,,,,,,-0.0035662055015563965,-0.020958393812179565,-0.009879827499389648,0.047769274562597275,0.017377428710460663,-0.006442154757678509
1763596083.174134,-0.13248254388459027,-0.11421616176664828,0.09738938399776816,0.02523043006658554,-0.016384242102503777,0.024908842518925667,,,,,,
1763596083.180975,,,,,,,-0.0033360719680786133,-0.014844417572021484,-0.010131008923053741,0.037674564868211746,0.017151061445474625,-0.0055971331894397736
1763596083.184187,-0.23294461332596836,-0.08088380100727081,0.10319032536149024,0.014298641122877598,-0.015650220215320587,0.016738828271627426,,,,,,
1763596083.191005,,,,,,,0.00273209810256958,-0.011289775371551514,-0.008903130888938904,0.028120042756199837,0.010708607733249664,-0.00785735808312893
1763596083.194239,-0.27505539688989517,-0.032660745108127595,0.10330927556604147,0.007618102245032787,0.0002869347808882594,0.004026494454592466,,,,,,
1763596083.201036,,,,,,,0.009122133255004883,-0.007873833179473877,-0.01047050952911377,0.021918872371315956,0.0020157836843281984,-0.014903017319738865
1763596083.204292,-0.27810791632831094,-0.02163666226863861,0.08662512113824486,0.0012238363269716501,0.012937013059854507,-0.003854433074593544,,,,,,
1763596083.211067,,,,,,,0.009159445762634277,0.0008657276630401611,-0.011636599898338318,0.025683870539069176,-0.009827826172113419,-0.024383071810007095
1763596083.214345,-0.24944340124949813,-0.06417465826869011,0.09276815393790602,-0.007464460097253323,0.02265009470283985,-0.004119683988392353,,,,,,
1763596083.221097,,,,,,,0.0054094791412353516,-0.002062886953353882,-0.006566748023033142,0.018468834459781647,-0.012071006931364536,-0.029385551810264587
1763596083.224398,-0.16273469348102806,-0.04643675700426102,0.08862418600097298,-0.01654578000307083,0.03596365079283714,-0.0042343949899077415,,,,,,
1763596083.231129,,,,,,,-0.0019474029541015625,-0.007300376892089844,0.002264872193336487,0.021529018878936768,-0.0009389935294166207,-0.02207191288471222
1763596083.234451,-0.06762187611311674,0.013601239851117133,0.07718509261980652,-0.02309475839138031,0.062328413128852844,-0.0008303422946482897,,,,,,
1763596083.241158,,,,,,,-0.00778353214263916,-0.014425396919250488,0.005865350365638733,0.025918174535036087,0.018576117232441902,0.00018066121265292168
1763596083.244503,0.042370165152475235,0.04097673803269863,0.045359921552985905,-0.03290827199816704,0.08762257546186447,-0.001498399069532752,,,,,,
1763596083.251189,,,,,,,-0.00391995906829834,-0.007034420967102051,-0.0034170001745224,0.065450519323349,0.017081551253795624,0.01822337694466114
1763596083.254556,0.05653722219280898,-0.014713000485301017,-0.007072860995680093,-0.038846854120492935,0.09350310266017914,-0.0004376620054244995,,,,,,
1763596083.26122,,,,,,,0.00829702615737915,0.003842949867248535,-0.015268445014953613,0.09655943512916565,-0.0009155577281489968,0.023957429453730583
1763596083.264609,0.05508680418878793,-0.0626759441435337,-0.05616787742376327,-0.030815714970231056,0.08260401338338852,0.010187232866883278,,,,,,
1763596083.27125,,,,,,,0.0055460333824157715,0.010569840669631958,-0.01563572883605957,0.10995955020189285,-0.005165696609765291,0.025501465424895287
1763596083.274662,0.05661510973460972,-0.04701192654371261,-0.05038578689098358,-0.015336358919739723,0.05551566928625107,0.017450738698244095,,,,,,
1763596083.281281,,,,,,,-0.0058179497718811035,0.004464834928512573,-0.005417712032794952,0.09233395010232925,0.004084793385118246,0.01703554205596447
1763596083.284715,0.00813427968211472,-0.056225745090842244,0.009808277308940887,0.0025159702636301517,0.01614438369870186,0.023716803640127182,,,,,,
1763596083.291311,,,,,,,-0.015132248401641846,0.0046086907386779785,0.005463257431983948,0.0660361498594284,0.0028893006965517998,-0.0018821568228304386
1763596083.294767,-0.04590988358594477,-0.08724515273272991,0.024359219100326297,0.016972674056887627,-0.018304403871297836,0.02194926328957081,,,,,,
1763596083.301342,,,,,,,-0.01559293270111084,-0.0011638998985290527,0.010957717895507812,0.0458453893661499,0.006828115787357092,-0.015920212492346764
1763596083.30482,-0.07325885908678173,-0.08559212482869624,-0.004164280072599649,0.022618666291236877,-0.024326054379343987,0.01361464336514473,,,,,,
1763596083.311372,,,,,,,-0.012251198291778564,-0.0032376348972320557,0.009508594870567322,0.020137261599302292,0.016598187386989594,-0.02101963199675083
1763596083.314873,-0.12238573195785284,-0.04858136781752109,-0.04623465856090188,0.02035551145672798,-0.007580896839499474,0.006214517634361982,,,,,,
1763596083.321404,,,,,,,-0.0071108341217041016,0.016121357679367065,-0.0002017095685005188,0.035315148532390594,0.009878766722977161,-0.028678884729743004
1763596083.324926,-0.13642010252922773,-0.030181787773966788,-0.0396925434410572,0.009144578129053116,0.012551246210932732,0.011176509782671928,,,,,,
1763596083.331434,,,,,,,-0.0010092854499816895,0.02514675259590149,-0.005717165768146515,0.052281614392995834,-0.00730927474796772,-0.03899224102497101
1763596083.334978,-0.13675189176686106,-0.03788052558302879,-0.050585693377256394,-0.0032601598650217056,0.03518465533852577,0.02725135162472725,,,,,,
1763596083.341464,,,,,,,0.0006965994834899902,0.02281215786933899,0.001362919807434082,0.06661181896924973,-0.00911356694996357,-0.039440982043743134
1763596083.345031,-0.09540113278999925,-0.023158172747492788,-0.07314940736293793,-0.008118314668536186,0.06295615434646606,0.043218497186899185,,,,,,
1763596083.351495,,,,,,,-0.004312336444854736,0.019971370697021484,0.006609566509723663,0.08640153706073761,-0.0012740191305056214,-0.03956002742052078
1763596083.355085,-0.06671265231370925,-0.011069675546884535,-0.05053323253765702,-0.009266403503715992,0.08819280564785004,0.05607783421874046,,,,,,
1763596083.361525,,,,,,,-0.007288634777069092,0.02708175778388977,0.004971615970134735,0.10002360492944717,0.007882194593548775,-0.04756921902298927
1763596083.365137,-0.08516016315221786,-0.0006622633010149001,-0.044499505331367255,-0.013042799197137356,0.10339931398630142,0.06352648884057999,,,,,,
1763596083.371556,,,,,,,-0.005772113800048828,0.036404311656951904,0.00589907169342041,0.10019247233867645,0.008188724517822266,-0.06604130566120148
1763596083.37519,-0.09753398010022937,0.014964929419755935,-0.03789090084657073,-0.0149983586743474,0.10978744179010391,0.0689297765493393,,,,,,
1763596083.381587,,,,,,,-0.004642963409423828,0.03256458044052124,0.011558875441551208,0.09834930300712585,0.005706125870347023,-0.07610832154750824
1763596083.385242,-0.06238529063388705,0.07151976033449173,-0.0735934978686273,-0.01040966622531414,0.10926228016614914,0.07625841349363327,,,,,,
1763596083.391617,,,,,,,-0.005943179130554199,0.018394261598587036,0.02076590806245804,0.08858734369277954,0.015368074178695679,-0.08925235271453857
1763596083.395295,0.0011716741278767586,0.1436211199492216,-0.07490297303199768,-0.00030030636116862297,0.10699006915092468,0.0812089666724205,,,,,,
1763596083.401648,,,,,,,-0.011293530464172363,0.013644903898239136,0.024547696113586426,0.08357127755880356,0.017281288281083107,-0.092443086206913
1763596083.405348,0.06213409235179424,0.16723814238011836,-0.0874340994335711,0.010128021240234375,0.10865732282400131,0.07879845798015594,,,,,,
1763596083.411678,,,,,,,-0.009388387203216553,0.003838270902633667,0.021614670753479004,0.08168606460094452,0.041878510266542435,-0.08219444006681442
1763596083.415401,0.11225611374005674,0.13926643187105656,-0.08865092787742614,0.017660506069660187,0.11386620253324509,0.07636779546737671,,,,,,
1763596083.421709,,,,,,,-0.003327488899230957,0.006224304437637329,0.007433414459228516,0.09990048408508301,0.04677633196115494,-0.06712361425161362
1763596083.425454,0.12294358503632247,0.04827683191299438,-0.08652560628652572,0.014223586767911911,0.1007818654179573,0.07786064594984055,,,,,,
1763596083.431739,,,,,,,0.007443368434906006,0.017530053853988647,-0.005295164883136749,0.1226486936211586,0.033332426100969315,-0.062096964567899704
1763596083.435506,0.07556216759309173,0.030909517526626584,-0.09483750755786895,0.016227882355451584,0.08005768060684204,0.08476036787033081,,,,,,
1763596083.44177,,,,,,,0.010299146175384521,0.02443087100982666,-0.0072798654437065125,0.13409841060638428,0.03130842745304108,-0.059864964336156845
1763596083.44556,0.018472279953584074,0.08999883535504341,-0.1082721586704254,0.02734808437526226,0.06596153974533081,0.0905764251947403,,,,,,
1763596083.451801,,,,,,,0.005350708961486816,0.02011147141456604,0.001446843147277832,0.12989434599876404,0.03711092099547386,-0.06935353577136993
1763596083.455612,-0.02069054052494466,0.09017243835628032,-0.07387421450614928,0.04393291845917702,0.05704501271247864,0.09537650644779205,,,,,,
1763596083.461831,,,,,,,-0.00010007619857788086,0.015703439712524414,0.009730935096740723,0.12321727722883224,0.03909897059202194,-0.08705530315637589
1763596083.465665,-0.05609678494893014,0.08141630044877529,-0.019233254388719798,0.058418646454811096,0.0507638119161129,0.10325566679239273,,,,,,
1763596083.471862,,,,,,,-0.003686249256134033,0.023340493440628052,0.008528709411621094,0.1092749536037445,0.04108621925115585,-0.11148408055305481
1763596083.475718,-0.11640680367872118,0.016263737058639524,-0.006600567308813333,0.07019754499197006,0.036474354565143585,0.11831344664096832,,,,,,
1763596083.481892,,,,,,,-0.0034461617469787598,0.04287102818489075,0.004045017063617706,0.10462773591279984,0.04505939036607742,-0.1503358781337738
1763596083.48577,-0.18604367287606,-0.024935119292140005,0.017934154488891362,0.07922524958848953,0.019590146839618683,0.14166975021362305,,,,,,
1763596083.491924,,,,,,,-0.0015878677368164062,0.05310681462287903,-0.0030264854431152344,0.10429856926202774,0.04409798979759216,-0.1914937049150467
1763596083.495823,-0.2240207907013595,-0.058256958657503126,0.019082301610708237,0.09410486370325089,0.009682387113571167,0.17341063916683197,,,,,,
1763596083.501954,,,,,,,0.00012189149856567383,0.06778514385223389,-0.009605534374713898,0.10970105975866318,0.0410768985748291,-0.25224119424819946
1763596083.505876,-0.23631650091186165,-0.0933586671769619,0.06652312109097838,0.10465635359287262,0.016795702278614044,0.21123486757278442,,,,,,
1763596083.511984,,,,,,,-0.002453446388244629,0.08173888921737671,-0.007886655628681183,0.12350878864526749,0.03437851741909981,-0.3153780400753021
1763596083.515929,-0.22687822595909238,-0.10100888966917991,0.10115487401112913,0.10974539071321487,0.036957163363695145,0.25351306796073914,,,,,,
1763596083.522015,,,,,,,-0.007459282875061035,0.07903233170509338,-0.001235969364643097,0.0979435071349144,0.01077225711196661,-0.37536707520484924
1763596083.525981,-0.21735563372373579,-0.10017010075747966,0.09726897248849273,0.10097262263298035,0.07348846644163132,0.2909994125366211,,,,,,
1763596083.532045,,,,,,,-0.016020894050598145,0.06330916285514832,0.014521956443786621,0.07915400713682175,0.012664432637393475,-0.41968345642089844
1763596083.536034,-0.17477204501628874,-0.024848025530576703,0.06217310918793082,0.09411817789077759,0.14705030620098114,0.3152672052383423,,,,,,
1763596083.542076,,,,,,,-0.029003560543060303,0.03595536947250366,0.029550783336162567,0.034790001809597015,0.06472284346818924,-0.42862263321876526
1763596083.546088,-0.09808628022074699,0.09623685296177864,0.013252280282974243,0.07980384677648544,0.23937341570854187,0.32180851697921753,,,,,,
1763596083.552107,,,,,,,-0.02377408742904663,0.0304315984249115,0.02056288719177246,0.023949716240167618,0.076108917593956,-0.4325003921985626
1763596083.556141,0.01007752270437777,0.1541261473506689,0.019494974064826965,0.047143109142780304,0.3030426800251007,0.3261031210422516,,,,,,
1763596083.562137,,,,,,,0.005660355091094971,0.03373926877975464,-0.006486788392066956,0.017149068415164948,0.04683305695652962,-0.44580525159835815
1763596083.566193,0.10141082153357565,0.17707798387110232,-0.007864157503843307,0.017340514808893204,0.3304864764213562,0.3272698223590851,,,,,,
1763596083.572168,,,,,,,0.027408301830291748,0.02963852882385254,-0.022578485310077667,0.039380334317684174,0.04618404433131218,-0.4362466037273407
1763596083.576245,0.23785211298130451,0.18450258091390132,-0.08649988732337952,0.011163312941789627,0.32118698954582214,0.33347684144973755,,,,,,
1763596083.582198,,,,,,,0.026585757732391357,0.025215893983840942,-0.020339488983154297,0.06613072007894516,0.04558829590678215,-0.4329567849636078
1763596083.586298,0.37612310407422483,0.1879500910192728,-0.11223770130053162,0.03574299067258835,0.2703717052936554,0.35252895951271057,,,,,,
1763596083.592229,,,,,,,0.01706165075302124,0.035119056701660156,-0.02198481559753418,0.11817780882120132,0.040551457554101944,-0.43482428789138794
1763596083.596351,0.38163941981028765,0.16839783380925655,-0.08878682921677827,0.08439921587705612,0.1825648844242096,0.3832767605781555,,,,,,
1763596083.602259,,,,,,,0.013311982154846191,0.040855467319488525,-0.013166412711143494,0.1452064961194992,0.026051877066493034,-0.44538822770118713
1763596083.606404,0.312638912287727,0.11117255628705024,-0.011573533415794372,0.13387790322303772,0.08182264119386673,0.41241830587387085,,,,,,
1763596083.61229,,,,,,,0.009927153587341309,0.04578143358230591,-0.007648944854736328,0.16027791798114777,0.007526929024606943,-0.465856671333313
1763596083.616457,0.19129757481627166,0.08679331731200218,0.024227263283729553,0.16923747956752777,0.0018479116261005402,0.42450347542762756,,,,,,
1763596083.622322,,,,,,,0.0058078765869140625,0.03556537628173828,0.0015300512313842773,0.14086106419563293,0.010208998806774616,-0.4854532778263092
1763596083.626509,0.0656152855310589,0.07949673056304454,0.04639452529773116,0.182499960064888,-0.0181846022605896,0.416025847196579,,,,,,
1763596083.632352,,,,,,,-0.0020861029624938965,0.021504759788513184,0.009329669177532196,0.06688516587018967,0.02843993343412876,-0.5034605860710144
1763596083.636562,-0.034904030522890386,0.0885702638566494,0.023481267222017047,0.17653793096542358,0.011679820716381073,0.3963882327079773,,,,,,
1763596083.642383,,,,,,,-0.004193425178527832,0.02180209755897522,0.005461215972900391,-0.021697435528039932,0.0423850454390049,-0.5246974229812622
1763596083.646616,-0.0702814507111907,0.07237082420587539,-0.003201864781230688,0.15265171229839325,0.055262234061956406,0.37590721249580383,,,,,,
1763596083.652413,,,,,,,0.0057596564292907715,0.018351346254348755,0.004183053970336914,-0.0985744297504425,0.042549360543489456,-0.5436456799507141
1763596083.656668,-0.06889027034742758,0.10595979007482528,-0.0028629882156848904,0.12826621532440186,0.08287442475557327,0.36060869693756104,,,,,,
1763596083.662444,,,,,,,0.01441258192062378,0.010057270526885986,0.004405960440635681,-0.1732526570558548,0.030317196622490883,-0.5619922280311584
1763596083.666721,0.012395298127457498,0.15252397285103797,-0.04248056672438979,0.11402653157711029,0.09019611030817032,0.3595679700374603,,,,,,
1763596083.672475,,,,,,,0.01982170343399048,0.0038055479526519775,0.006972551345825195,-0.23110061883926392,0.009771707467734814,-0.5797805786132812
1763596083.676773,0.1107185654418543,0.19574410589635372,-0.12870251388922332,0.10817930102348328,0.08362556248903275,0.3701162338256836,,,,,,
1763596083.682505,,,,,,,0.01704418659210205,0.008629858493804932,0.004402756690979004,-0.3009454607963562,-0.0012894655810669065,-0.5995476245880127
1763596083.686826,0.17543500243704765,0.2090378872334957,-0.21276494493260978,0.1080593392252922,0.07544303685426712,0.392386794090271,,,,,,
1763596083.692536,,,,,,,0.011344194412231445,0.02456536889076233,-0.0014095380902290344,-0.3387282192707062,0.006255269516259432,-0.6165586709976196
1763596083.696879,0.1980796544381417,0.1938321347951889,-0.24728110864907502,0.1150386855006218,0.06390568614006042,0.42258918285369873,,,,,,
1763596083.702566,,,,,,,0.00680619478225708,0.04269230365753174,-0.004483208060264587,-0.37473124265670776,0.0037716059014201164,-0.6462609171867371
1763596083.706932,0.18279241599515078,0.13517360959947108,-0.2124969416461885,0.1381702572107315,0.03444463759660721,0.46072906255722046,,,,,,
1763596083.712597,,,,,,,0.010139167308807373,0.06689238548278809,-0.0005391985177993774,-0.44307947158813477,-0.012532266788184643,-0.7083051204681396
1763596083.716984,0.08525315693160518,0.10775661036372185,-0.1056898870922625,0.17425502836704254,-0.00949725229293108,0.5037868022918701,,,,,,
1763596083.722626,,,,,,,0.009086251258850098,0.07352748513221741,0.008482098579406738,-0.6103981733322144,-0.0066618602722883224,-0.7989410161972046
1763596083.727037,-0.013522266605572075,0.09341887293159962,-0.04471475551724434,0.22036252915859222,-0.0468321219086647,0.5482166409492493,,,,,,
1763596083.732658,,,,,,,0.0008624792098999023,0.054608672857284546,0.022332899272441864,-0.805811882019043,0.00644222367554903,-0.8881635069847107
1763596083.73709,-0.10129241931829601,0.11755261271297932,0.05000234053134918,0.2490282654762268,-0.08376085013151169,0.5873688459396362,,,,,,
1763596083.742689,,,,,,,-0.00904625654220581,0.032892435789108276,0.034985899925231934,-0.9948177337646484,0.028047917410731316,-0.9867398738861084
1763596083.747144,-0.12589644349254667,0.16451193228662014,0.04809204993061721,0.2580302953720093,-0.09656671434640884,0.6211498379707336,,,,,,
1763596083.752719,,,,,,,-0.014797806739807129,0.05289429426193237,0.04360329359769821,-1.1723390817642212,0.04930766671895981,-1.0828733444213867
1763596083.757196,-0.0827254102859646,0.20520108554959296,-0.07178527940288186,0.2847069203853607,-0.059333596378564835,0.6602341532707214,,,,,,
1763596083.76275,,,,,,,-0.008206665515899658,0.08086198568344116,0.04606782644987106,-1.281345248222351,0.05015694722533226,-1.1765265464782715
1763596083.767248,-0.06150204152595251,0.22574761449396608,-0.13592472022771834,0.31952419877052307,-0.04119975119829178,0.7076508402824402,,,,,,
1763596083.77278,,,,,,,0.0009262561798095703,0.09229147434234619,0.049223557114601135,-1.3091791868209839,0.040928829461336136,-1.2461754083633423
1763596083.777301,-0.04637074256334454,0.2847504230827093,-0.12966215270161627,0.33935171365737915,-0.05131896585226059,0.7687325477600098,,,,,,
1763596083.782811,,,,,,,0.006150603294372559,0.12524819374084473,0.0583810955286026,-1.2989540100097656,0.05516395717859268,-1.3186792135238647
1763596083.787356,-0.03143997114151716,0.4005056309849024,-0.21497414541468024,0.3787931799888611,-0.024658111855387688,0.8425180912017822,,,,,,
1763596083.792842,,,,,,,0.005417823791503906,0.16772744059562683,0.07061350345611572,-1.2558093070983887,0.07698030769824982,-1.3820784091949463
1763596083.797409,-0.07650237105265259,0.528387914532423,-0.2442154374681413,0.4448965787887573,0.03814162313938141,0.9264073967933655,,,,,,
1763596083.802872,,,,,,,0.010361254215240479,0.1868990659713745,0.06858432292938232,-1.2076785564422607,0.11725795269012451,-1.45823073387146
1763596083.807462,-0.15410510456264018,0.6435252827972173,-0.10935936938524246,0.49032244086265564,0.07472547888755798,1.003535270690918,,,,,,
1763596083.812903,,,,,,,0.013387799263000488,0.20400077104568481,0.06742487847805023,-1.2032341957092285,0.19879649579524994,-1.5700256824493408
1763596083.817514,-0.2451503071654588,0.7614157491624355,-0.09912088396549225,0.5339474081993103,0.10505062341690063,1.074263572692871,,,,,,
1763596083.822933,,,,,,,0.017877519130706787,0.22996586561203003,0.08107733726501465,-1.256689190864563,0.26678991317749023,-1.6890019178390503
1763596083.827567,-0.19747180647179483,0.8728174380302429,-0.06987381975837051,0.5998523831367493,0.14315159618854523,1.1600271463394165,,,,,,
1763596083.832963,,,,,,,0.037342190742492676,0.2313966155052185,0.10210929811000824,-1.2567578554153442,0.3267984092235565,-1.8119444847106934
1763596083.83762,-0.10455262669064104,0.9748632695317268,0.13639810989312826,0.6698764562606812,0.15171580016613007,1.2676146030426025,,,,,,
1763596083.842994,,,,,,,0.05098778009414673,0.22891449928283691,0.11859594285488129,-1.2101041078567505,0.4175211191177368,-1.9523804187774658
1763596083.847672,-0.02023497877717018,0.980071944090724,0.3126234224576503,0.7452954649925232,0.1677619069814682,1.3910017013549805,,,,,,
1763596083.853025,,,,,,,0.051674485206604004,0.2666911482810974,0.12619146704673767,-1.123930811882019,0.5250081419944763,-2.066253900527954
1763596083.857726,-0.028883491591736674,0.8859972375988959,0.3598773410636931,0.8074659109115601,0.18817956745624542,1.5187550783157349,,,,,,
1763596083.863056,,,,,,,0.058892130851745605,0.3096405267715454,0.09979274868965149,-0.9441860318183899,0.6480432748794556,-2.191934585571289
1763596083.867778,-0.233191939150542,0.7309329326152801,0.3199590991079807,0.818760871887207,0.21978403627872467,1.6391922235488892,,,,,,
1763596083.873086,,,,,,,0.07036334276199341,0.318350613117218,0.0652310848236084,-0.7363998293876648,0.7471956610679626,-2.293358325958252
1763596083.877831,-0.43616248916909095,0.6060778879344463,0.13772855477929113,0.8087103962898254,0.35085389018058777,1.7277156114578247,,,,,,
1763596083.883117,,,,,,,0.08628660440444946,0.2930659055709839,0.062213510274887085,-0.626177966594696,0.8286716341972351,-2.3694963455200195
1763596083.887884,-0.4897207686163485,0.5551660313427448,0.006314005452394485,0.7872581481933594,0.5851339101791382,1.7884635925292969,,,,,,
1763596083.893147,,,,,,,0.09744936227798462,0.2749425172805786,0.07510796189308167,-0.6095301508903503,0.9091044068336487,-2.438685894012451
1763596083.897937,-0.5233490435823798,0.49876200707554813,0.10726210484504699,0.7461962103843689,0.8384324908256531,1.8274894952774048,,,,,,
1763596083.903178,,,,,,,0.10586947202682495,0.24810773134231567,0.089455246925354,-0.6532192826271057,0.9791282415390015,-2.5096147060394287
1763596083.907989,-0.5620600286401808,0.39269934114813804,0.2979658784866333,0.67020183801651,1.0180633068084717,1.8477742671966553,,,,,,
1763596083.913209,,,,,,,0.10522705316543579,0.17659127712249756,0.08464112877845764,-0.6610362529754639,1.0556577444076538,-2.5722947120666504
1763596083.918042,-0.4391280609764158,0.25264964994490147,0.3485889447322115,0.5954165458679199,1.1296252012252808,1.8556427955627441,,,,,,
1763596083.923239,,,,,,,0.09997129440307617,0.1145818829536438,0.06951794028282166,-0.6876193881034851,1.152334451675415,-2.618309259414673
1763596083.928095,-0.06987564638927579,0.16469781024754046,0.06667056673765182,0.5643826723098755,1.185192346572876,1.863551139831543,,,,,,
1763596083.93327,,,,,,,0.10432332754135132,0.134052574634552,0.05295875668525696,-0.6739369034767151,1.2270801067352295,-2.6430370807647705
1763596083.938148,0.32203298277258874,0.11804419562220572,-0.17344050415158271,0.5725005269050598,1.1667633056640625,1.8788025379180908,,,,,,
1763596083.9433,,,,,,,0.1272897720336914,0.15908372402191162,0.03971666097640991,-0.6054131984710693,1.2677977085113525,-2.6594080924987793
1763596083.948201,0.6132619542196392,0.15327975965440271,-0.1476490785573609,0.6018733382225037,1.069704532623291,1.8998916149139404,,,,,,
1763596083.953331,,,,,,,0.15238738059997559,0.14170384407043457,0.041798800230026245,-0.5212238430976868,1.2829281091690063,-2.668980121612549
1763596083.958253,0.840076905684173,0.24613982965946196,-0.02876547296894714,0.635848343372345,0.9388170838356018,1.929234266281128,,,,,,
1763596083.963361,,,,,,,0.16525113582611084,0.11535972356796265,0.054825425148010254,-0.4345611035823822,1.2917841672897339,-2.6550447940826416
1763596083.968306,0.9379892906427383,0.38161505255401135,0.08577507104701362,0.6699845790863037,0.8205404877662659,1.9626948833465576,,,,,,
1763596083.973392,,,,,,,0.16878169775009155,0.11126852035522461,0.06501460075378418,-0.3524935245513916,1.303856372833252,-2.642657518386841
1763596083.978359,0.8497188865154981,0.46994741600155826,0.18456278666853904,0.6883694529533386,0.7069830298423767,1.9898673295974731,,,,,,
1763596083.983423,,,,,,,0.16562265157699585,0.09659349918365479,0.053496599197387695,-0.2825320065021515,1.3284906148910522,-2.646073579788208
1763596083.988412,0.6438660590589046,0.44755613597333427,0.11815291669368744,0.6899116039276123,0.6338983774185181,2.0036754608154297,,,,,,
1763596083.993453,,,,,,,0.16275376081466675,0.06118124723434448,0.03775063157081604,-0.31120768189430237,1.363842487335205,-2.641828775405884
1763596083.998465,0.41945729195326564,0.39105040489733217,-0.025823592564463614,0.695167064666748,0.6269757151603699,2.004652738571167,,,,,,
1763596084.003484,,,,,,,0.1705440878868103,0.03154212236404419,0.03150820732116699,-0.39735162258148193,1.38673734664917,-2.6253504753112793
1763596084.008517,0.22653788808882236,0.3557172257095575,0.03465397388511337,0.6907166838645935,0.6332522034645081,2.000680685043335,,,,,,
1763596084.013514,,,,,,,0.18850091099739075,0.0030094385147094727,0.023009806871414185,-0.5084123611450195,1.3834667205810547,-2.639073610305786
1763596084.01857,0.0005184709161520004,0.2784194664955139,0.13402678678506053,0.6677544116973877,0.6279218792915344,1.982839822769165,,,,,,
1763596084.023545,,,,,,,0.19556456804275513,-0.021169722080230713,0.023069798946380615,-0.6698694229125977,1.3668630123138428,-2.6569504737854004
1763596084.028623,-0.1915849403902888,0.22584639869332312,0.1415600957661867,0.6390719413757324,0.6399552822113037,1.9587528705596924,,,,,,
1763596084.033576,,,,,,,0.19394579529762268,-0.035848915576934814,0.025247633457183838,-0.7699809670448303,1.3568460941314697,-2.6403770446777344
1763596084.038676,-0.2642193839684129,0.2106979294002056,0.07872401089118793,0.6146845817565918,0.6714178919792175,1.9304293394088745,,,,,,
1763596084.043606,,,,,,,0.18271934986114502,-0.042793095111846924,0.030085891485214233,-0.8668186068534851,1.3726303577423096,-2.64194917678833
1763596084.048729,-0.2848687887653708,0.22111235590875147,-0.003505944028031081,0.600742757320404,0.7007210850715637,1.9040172100067139,,,,,,
1763596084.053637,,,,,,,0.16555750370025635,-0.01794290542602539,0.03294098377227783,-0.8851103782653809,1.3860435485839844,-2.6154565811157227
1763596084.058781,-0.21763795779645442,0.2311281384885311,-0.06420622245073318,0.6010926961898804,0.6996084451675415,1.8801518678665161,,,,,,
1763596084.063667,,,,,,,0.16615301370620728,0.001712799072265625,0.03142327070236206,-0.8861753940582275,1.3870556354522705,-2.5862367153167725
1763596084.068834,-0.1235068449422717,0.25291210027337074,-0.10886137500153854,0.6144676208496094,0.6769770979881287,1.8654232025146484,,,,,,
1763596084.073698,,,,,,,0.17545688152313232,0.028900325298309326,0.032722413539886475,-0.8719038963317871,1.3871961832046509,-2.549976348876953
1763596084.078887,-0.03856324715018272,0.3281342222571373,-0.08670737432790919,0.622576117515564,0.6410515904426575,1.8604778051376343,,,,,,
1763596084.083728,,,,,,,0.18312343955039978,0.025650084018707275,0.01739463210105896,-0.8502982258796692,1.4031786918640137,-2.51922345161438
1763596084.08894,-0.01383095695376396,0.3536351587384939,-0.02007248169183731,0.6137950420379639,0.6237184405326843,1.865275263786316,,,,,,
1763596084.093759,,,,,,,0.17726320028305054,-5.424022674560547e-05,0.008500903844833374,-0.8697718977928162,1.4195985794067383,-2.502882719039917
1763596084.098993,0.03147942636907101,0.38913609570860863,0.026907917202450334,0.5996696352958679,0.6340078711509705,1.8761191368103027,,,,,,
1763596084.10379,,,,,,,0.17375965416431427,0.0034256577491760254,0.03544729948043823,-0.9080537557601929,1.45661199092865,-2.4602041244506836
1763596084.109045,-0.012405892586708068,0.38468203890919683,0.04956749277804046,0.5836678743362427,0.6438661217689514,1.8848553895950317,,,,,,
1763596084.11382,,,,,,,0.1736345887184143,0.012379288673400879,0.03536909818649292,-0.9108832478523254,1.4927823543548584,-2.4447743892669678
1763596084.119098,-0.1389817697107792,0.33649522336721416,0.09757135296855121,0.5597872734069824,0.6425259709358215,1.892371654510498,,,,,,
1763596084.123851,,,,,,,0.171502485871315,-0.010074853897094727,0.02077031135559082,-0.9570273160934448,1.5347726345062256,-2.409090757369995
1763596084.129151,-0.22574527640640735,0.3273462867498398,-0.033722200327180325,0.5475316643714905,0.6523894667625427,1.898188829421997,,,,,,
1763596084.133881,,,,,,,0.17116399109363556,-0.011903345584869385,0.02871006727218628,-0.924597442150116,1.5650641918182373,-2.3753740787506104
1763596084.139204,-0.20444880587756634,0.3973836995720863,-0.14509879128634928,0.54412841796875,0.6663900017738342,1.90389084815979,,,,,,
1763596084.143912,,,,,,,0.17036597430706024,0.013839364051818848,0.037413060665130615,-0.8655799627304077,1.5822889804840088,-2.35776424407959
1763596084.149256,-0.1791927840679884,0.48320787959098815,-0.09250643426179886,0.5385634303092957,0.6819500923156738,1.9094302654266357,,,,,,
1763596084.153943,,,,,,,0.17580512166023254,0.03681802749633789,0.05241125822067261,-0.864353597164154,1.5968573093414307,-2.3368051052093506
1763596084.159309,-0.24252222368419168,0.5580231743395329,-0.0068968103090301155,0.5313302874565125,0.6861778497695923,1.9145419597625732,,,,,,
1763596084.163973,,,,,,,0.17796999216079712,-0.0017450451850891113,0.044505417346954346,-0.9386712312698364,1.6132005453109741,-2.304514169692993
1763596084.169362,-0.2811287254542112,0.5343851091206073,0.021760617441870272,0.515387773513794,0.6601778268814087,1.918147087097168,,,,,,
1763596084.174004,,,,,,,0.18212328851222992,-0.02964603900909424,0.05133336782455444,-1.007287621498108,1.6243387460708618,-2.2504000663757324
1763596084.179415,-0.29578794992566104,0.4628565809577703,-0.1655681633412838,0.519794762134552,0.6512106657028198,1.916799545288086,,,,,,
1763596084.184034,,,,,,,0.18464598059654236,-0.014010846614837646,0.04818755388259888,-1.017370343208313,1.6725225448608398,-2.227163314819336
1763596084.189468,-0.3425812652826309,0.40852234870195386,-0.19167992519736288,0.5197426080703735,0.6394360661506653,1.9090155363082886,,,,,,
1763596084.194065,,,,,,,0.18389059603214264,0.01900261640548706,0.05489540100097656,-0.9670332670211792,1.7133694887161255,-2.165179967880249
1763596084.19952,-0.3772638716071844,0.4060018903136253,-0.13737082738280296,0.5116188526153564,0.614118754863739,1.8986164331436157,,,,,,
1763596084.204095,,,,,,,0.1957738697528839,0.05647134780883789,0.030217349529266357,-0.8980885744094849,1.7675467729568481,-2.119952440261841
1763596084.209573,-0.41622985433936116,0.4559294120430946,-0.012979929614998399,0.4870261549949646,0.5570386648178101,1.885089635848999,,,,,,
1763596084.214126,,,,,,,0.19589199125766754,0.056406259536743164,0.004351615905761719,-0.8546296954154968,1.819572925567627,-2.0695133209228516
1763596084.219626,-0.39889410413503645,0.4134954609394073,0.07354980485737324,0.44438469409942627,0.5117228031158447,1.8623217344284058,,,,,,
1763596084.224157,,,,,,,0.1894584447145462,0.03244227170944214,-0.011416256427764893,-0.7940012216567993,1.8735147714614868,-2.002401113510132
1763596084.229679,-0.3557920445114374,0.3166670718252659,0.0525806300541386,0.39526689052581787,0.5214794874191284,1.8295857906341553,,,,,,
1763596084.234187,,,,,,,0.1790170967578888,0.020896434783935547,-0.012292027473449707,-0.7633019089698792,1.9092210531234741,-1.9747223854064941
1763596084.239732,-0.2982709989130497,0.22912498197257516,0.04996089427610859,0.3547825813293457,0.5394691228866577,1.8026857376098633,,,,,,
1763596084.244218,,,,,,,0.17332467436790466,0.011926889419555664,0.022567331790924072,-0.6918543577194214,1.9145429134368896,-1.9311528205871582
1763596084.249784,-0.23340309768319129,0.16834990301430225,-0.015711363872885704,0.34194573760032654,0.53668612241745,1.7831978797912598,,,,,,
1763596084.254248,,,,,,,0.16813775897026062,-0.012723088264465332,0.03797978162765503,-0.702548623085022,1.9394500255584717,-1.935918927192688
1763596084.259837,-0.22857903852760791,0.16006430522799492,-0.04844458969533443,0.3428509533405304,0.5239618420600891,1.7754888534545898,,,,,,
1763596084.264278,,,,,,,0.16557766497135162,-0.006205081939697266,0.06457436084747314,-0.782858669757843,1.9753295183181763,-1.9077941179275513
1763596084.26989,-0.2890419827967882,0.13372516435682774,-0.08831833492219447,0.3428485691547394,0.5077071189880371,1.7641741037368774,,,,,,
1763596084.27431,,,,,,,0.17285987734794617,-0.01610642671585083,0.07280081510543823,-0.798518717288971,1.987749695777893,-1.8952240943908691
1763596084.279943,-0.3254670488744974,0.17760756070315836,-0.12714227883517742,0.3274458944797516,0.4869314730167389,1.7598503828048706,,,,,,
1763596084.28434,,,,,,,0.17373067140579224,-0.009309768676757812,0.05354893207550049,-0.7769441604614258,2.013972759246826,-1.8820393085479736
1763596084.289996,-0.30960897000730037,0.2758019774734974,-0.08372629442419856,0.30676114559173584,0.4821407198905945,1.7524950504302979,,,,,,
1763596084.294371,,,,,,,0.16870126128196716,0.020089268684387207,0.04614412784576416,-0.7326486706733704,2.0245907306671143,-1.862260341644287
1763596084.300048,-0.2422258710861206,0.42819501742124555,-0.10259705390976741,0.28928542137145996,0.47322404384613037,1.7417882680892944,,,,,,
1763596084.304401,,,,,,,0.16635999083518982,0.029273808002471924,0.0504765510559082,-0.6898159980773926,2.0515995025634766,-1.8194496631622314
1763596084.310101,-0.21888825011849403,0.49155543669760227,-0.16655543907927348,0.28243061900138855,0.45767343044281006,1.7323797941207886,,,,,,
1763596084.314432,,,,,,,0.16487276554107666,0.00906306505203247,0.03516554832458496,-0.6611848473548889,2.045987844467163,-1.8002642393112183
1763596084.320154,-0.17271686605215072,0.4529284766614437,-0.1991524530351162,0.27543050050735474,0.4417780935764313,1.7289186716079712,,,,,,
1763596084.324462,,,,,,,0.16666552424430847,0.003952980041503906,0.0320662260055542,-0.5835467576980591,2.0459132194519043,-1.7289849519729614
1763596084.330207,-0.19182137949466704,0.25158698914945127,-0.11878069320321083,0.2528539299964905,0.4349828064441681,1.7158088684082031,,,,,,
1763596084.334493,,,,,,,0.1595250368118286,-0.01024484634399414,-0.00969308614730835,-0.5104354619979858,2.0560736656188965,-1.6897265911102295
1763596084.340259,-0.27987375695705413,-0.024172318226099013,0.04020575366020202,0.21479415893554688,0.4533620774745941,1.6911256313323975,,,,,,
1763596084.344524,,,,,,,0.1501154899597168,-0.0032279491424560547,-0.007793545722961426,-0.46556010842323303,2.052952289581299,-1.6043275594711304
1763596084.350312,-0.3544505667746067,-0.11128069283664226,0.14606442144811152,0.1866220086812973,0.47203120589256287,1.657702088356018,,,,,,
1763596084.354554,,,,,,,0.16509556770324707,0.013116598129272461,0.03384137153625488,-0.3967966139316559,2.033734083175659,-1.553148627281189
1763596084.360365,-0.4531985257744789,-0.10274024350643157,0.1289911215722561,0.17108219861984253,0.4756123423576355,1.6310385465621948,,,,,,
1763596084.364585,,,,,,,0.16948449611663818,-0.023347139358520508,0.03397560119628906,-0.39271292090415955,2.010810136795044,-1.5195493698120117
1763596084.370418,-0.4763508533030748,0.048346390017867086,-0.039810616862773894,0.16595642268657684,0.49790579080581665,1.6111067533493042,,,,,,
1763596084.374615,,,,,,,0.17459160089492798,-0.03475826978683472,0.04000633955001831,-0.42334094643592834,2.0110361576080322,-1.4870837926864624
1763596084.380471,-0.4208294570893049,0.19864801064431667,-0.1612064610004425,0.1660621464252472,0.5171993374824524,1.6005635261535645,,,,,,
1763596084.384646,,,,,,,0.16520825028419495,-0.047470033168792725,0.018529951572418213,-0.43096503615379333,2.0126407146453857,-1.4658653736114502
1763596084.390523,-0.44301264732480045,0.30434856526106596,-0.09611878867321647,0.17499902844429016,0.5179591178894043,1.5900187492370605,,,,,,
1763596084.394677,,,,,,,0.16191619634628296,-0.049732208251953125,0.005328774452209473,-0.3886626958847046,2.0139851570129395,-1.4129159450531006
1763596084.400576,-0.4519610929340124,0.2902624645024538,0.026684593307971953,0.17239898443222046,0.5008531212806702,1.5745482444763184,,,,,,
1763596084.404707,,,,,,,0.16246908903121948,-0.043166518211364746,-0.03116852045059204,-0.3391856849193573,2.0135247707366943,-1.348559856414795
1763596084.410629,-0.5292787258923053,0.18424480676054952,0.14297988116992635,0.15222041308879852,0.4808405339717865,1.5387372970581055,,,,,,
1763596084.414738,,,,,,,0.16858983039855957,-0.009770333766937256,-0.04171055555343628,-0.2400594800710678,1.981404185295105,-1.2444244623184204
1763596084.420682,-0.5908610295802355,0.10135434210598468,0.16716971678640694,0.12473978102207184,0.45366883277893066,1.48638916015625,,,,,,
1763596084.424768,,,,,,,0.18791234493255615,-0.008862555027008057,-0.0415915846824646,-0.12316775321960449,1.9208159446716309,-1.1887058019638062
1763596084.430735,-0.6493325077712535,0.048021395847201345,0.17556462016608565,0.09411705285310745,0.44634610414505005,1.43416166305542,,,,,,
1763596084.434798,,,,,,,0.19395136833190918,-0.028021812438964844,-0.057118892669677734,-0.07784691452980042,1.8516075611114502,-1.1470540761947632
1763596084.440787,-0.6382961499720812,0.2106140505090356,0.011378266572020948,0.06061475723981857,0.4869345426559448,1.4036879539489746,,,,,,
1763596084.44483,,,,,,,0.194546639919281,-0.025259017944335938,-0.024100661277770996,-0.07196851819753647,1.8175816535949707,-1.0864988565444946
1763596084.45084,-0.6633896746963263,0.339884281283617,-0.07320205086562782,0.012019946239888668,0.5241492390632629,1.3993586301803589,,,,,,
1763596084.45486,,,,,,,0.17613005638122559,-0.051896750926971436,-0.04636901617050171,-0.06405366212129593,1.783697485923767,-1.0742660760879517
1763596084.460893,-0.6689139910757541,0.47156069641709325,-0.034651663197018207,-0.028392191976308823,0.545803427696228,1.4244650602340698,,,,,,
1763596084.464891,,,,,,,0.17231494188308716,-0.049806952476501465,-0.07721048593521118,-0.09158435463905334,1.7453114986419678,-1.0446248054504395
1763596084.470946,-0.4885299513965845,0.7556205068871379,-0.02476272186730057,-0.052032481878995895,0.5494169592857361,1.4789129495620728,,,,,,
1763596084.474921,,,,,,,0.17945748567581177,-0.0443645715713501,-0.050827741622924805,-0.15090951323509216,1.6938691139221191,-1.047683835029602
1763596084.480999,-0.3312625834107399,0.904395356337726,-0.11960494213290512,-0.05295126885175705,0.5259433388710022,1.564677357673645,,,,,,
1763596084.484952,,,,,,,0.17685925960540771,-0.06979900598526001,-0.029845058917999268,-0.2387450933456421,1.6333495378494263,-1.0462733507156372
1763596084.491051,-0.29831600709855555,1.0412415753245352,-0.2428571912596002,-0.07121191173791885,0.5453746914863586,1.6792243719100952,,,,,,
1763596084.494982,,,,,,,0.17851054668426514,-0.0651097297668457,-0.02512076497077942,-0.3082006275653839,1.5784122943878174,-1.0324311256408691
1763596084.501104,-0.26752514751553536,1.1747443291023374,-0.18064532096385955,-0.11192604899406433,0.5598948001861572,1.7976436614990234,,,,,,
1763596084.505013,,,,,,,0.17558300495147705,-0.0496554970741272,-0.04959225654602051,-0.30977189540863037,1.548105239868164,-1.0074920654296875
1763596084.511157,-0.38501696995198725,1.1452867639496922,-0.05367671819515526,-0.17136716842651367,0.5692223310470581,1.8913930654525757,,,,,,
1763596084.515044,,,,,,,0.16577965021133423,-0.026814937591552734,-0.07301905751228333,-0.25875112414360046,1.4944648742675781,-0.9632589221000671
1763596084.52121,-0.5577800132334232,1.0508511151909827,-0.1000596991855651,-0.1995607316493988,0.5664089918136597,1.936947226524353,,,,,,
1763596084.525074,,,,,,,0.17004621028900146,0.017336130142211914,-0.040261149406433105,-0.17926961183547974,1.469573974609375,-0.9293798208236694
1763596084.531263,-0.9059960695326328,0.573893089774996,-0.20910927196927367,-0.19761928915977478,0.5589873790740967,1.88978910446167,,,,,,
1763596084.535105,,,,,,,0.15313786268234253,-0.0032146573066711426,-0.04397788643836975,-0.17613573372364044,1.4240822792053223,-0.9231701493263245
1763596084.541315,-1.0520639981120825,0.15844444894120097,-0.3177052557665854,-0.15937523543834686,0.5356023907661438,1.772627353668213,,,,,,
1763596084.545135,,,,,,,0.146481454372406,0.010383307933807373,0.006989777088165283,-0.2134825736284256,1.3907510042190552,-0.904446542263031
1763596084.551368,-0.8142471756398677,0.21205811183750628,-0.3303554054379463,-0.11549597233533859,0.43221673369407654,1.659467101097107,,,,,,
1763596084.555166,,,,,,,0.12881124019622803,-0.005948126316070557,0.030568450689315796,-0.2248404324054718,1.390326976776123,-0.9292836785316467
1763596084.561421,-0.5371697714030742,0.18967822998613118,-0.25008893261142073,-0.08366134017705917,0.31434205174446106,1.570780634880066,,,,,,
1763596084.565197,,,,,,,0.09495806694030762,-0.014211416244506836,0.005210131406784058,-0.22278046607971191,1.3852425813674927,-0.9140365719795227
1763596084.571474,-0.23722996249496936,0.08967179535776376,-0.23909166471362112,-0.045265309512615204,0.2406153380870819,1.5039376020431519,,,,,,
1763596084.575227,,,,,,,0.09258896112442017,0.01629769802093506,0.01356285810470581,-0.15952639281749725,1.4033679962158203,-0.8847689628601074
1763596084.581526,-0.22848200789391993,-0.17052154796496033,-0.17706790086850524,-0.0235123410820961,0.16587664186954498,1.439044713973999,,,,,,
1763596084.585258,,,,,,,0.08828943967819214,-0.01515662670135498,-0.04346767067909241,-0.10081169009208679,1.38065767288208,-0.8468852639198303
1763596084.591579,-0.3499731290996074,-0.49601694615110753,-0.16443894011564553,-0.002807594370096922,0.107790507376194,1.367058277130127,,,,,,
1763596084.595288,,,,,,,0.10803693532943726,-0.0018299221992492676,-0.05148470401763916,-0.06457673758268356,1.3415807485580444,-0.785233199596405
1763596084.601632,-0.45107788035869595,-0.49575858747586604,-0.183788879686594,0.02090093120932579,0.08556083589792252,1.3123031854629517,,,,,,
1763596084.605319,,,,,,,0.11708581447601318,-0.028640717267990112,-0.0370868444442749,-0.10226605832576752,1.2978307008743286,-0.7416252493858337
1763596084.611685,-0.5019143336266279,-0.30887671020999546,-0.2168412544608116,0.04877170920372009,0.07532117515802383,1.2808715105056763,,,,,,
1763596084.615349,,,,,,,0.10459768772125244,-0.08803269267082214,-0.046560466289520264,-0.15794728696346283,1.2588413953781128,-0.7179206013679504
1763596084.621738,-0.4908779758274555,-0.1695114210743457,-0.2793605467379093,0.09614800661802292,0.09055951237678528,1.2452099323272705,,,,,,
1763596084.62538,,,,,,,0.09359538555145264,-0.11393728852272034,-0.053030163049697876,-0.18926526606082916,1.2045462131500244,-0.7197685837745667
1763596084.63179,-0.44110126074552536,-0.05826550729013979,-0.218079344888404,0.1318638026714325,0.08064527064561844,1.1939879655838013,,,,,,
1763596084.635411,,,,,,,0.0918542742729187,-0.09409189224243164,-0.042925626039505005,-0.20650458335876465,1.187223196029663,-0.6707267761230469
1763596084.641843,-0.4495943638026714,-0.012469020950794218,-0.0022562544941902157,0.13053886592388153,0.014741350896656513,1.1454126834869385,,,,,,
1763596084.645441,,,,,,,0.0878986120223999,-0.08757820725440979,-0.07348668575286865,-0.18542887270450592,1.169601559638977,-0.6697810888290405
1763596084.651896,-0.520767502656579,-0.06833126649148762,-0.008028846546262501,0.1273011863231659,0.00031325663439929485,1.0949732065200806,,,,,,
1763596084.655472,,,,,,,0.08568203449249268,-0.07834309339523315,-0.1099032461643219,-0.19098502397537231,1.1256061792373657,-0.6513001918792725
1763596084.661949,-0.5131447526931763,-0.09546031563133,-0.09383687914796172,0.14148065447807312,0.01184793934226036,1.0509439706802368,,,,,,
1763596084.665502,,,,,,,0.09378945827484131,-0.05221015214920044,-0.07039463520050049,-0.21399447321891785,1.0947846174240112,-0.628984272480011
1763596084.672002,-0.5475368516385555,-0.10405139917023479,0.04199921294823289,0.13326038420200348,-0.012891733087599277,1.023370385169983,,,,,,
1763596084.675533,,,,,,,0.08392095565795898,-0.08384785056114197,-0.08623126149177551,-0.22388269007205963,1.0374970436096191,-0.6319815516471863
1763596084.682054,-0.48033086284995075,-0.13792141047026962,0.04485036459565162,0.12381308525800705,-0.007643973920494318,0.9967507719993591,,,,,,
1763596084.685564,,,,,,,0.09150391817092896,-0.060171663761138916,-0.10771140456199646,-0.21079298853874207,0.9664366841316223,-0.5970478057861328
1763596084.692107,-0.41347324910759925,-0.16100622572060674,0.1379261231780052,0.11151347309350967,-0.01484358124434948,0.9610986709594727,,,,,,
1763596084.695594,,,,,,,0.1012887954711914,-0.033193498849868774,-0.11399802565574646,-0.1717088520526886,0.93044513463974,-0.5754486322402954
1763596084.70216,-0.48496729047894477,-0.23984094871096312,0.29669980407357216,0.08682224154472351,-0.04156733676791191,0.9148571491241455,,,,,,
1763596084.705625,,,,,,,0.0923926830291748,-0.04648250341415405,-0.15293803811073303,-0.16443389654159546,0.8408446907997131,-0.5611006021499634
1763596084.712213,-0.5345920298695565,-0.3526305848058313,0.15268763898015023,0.08195724338293076,-0.05428078770637512,0.8497691750526428,,,,,,
1763596084.715655,,,,,,,0.10944551229476929,-0.025010406970977783,-0.13034933805465698,-0.15420036017894745,0.765995979309082,-0.5381453037261963
1763596084.722265,-0.567760139977932,-0.384218732246384,0.1200597732283175,0.07181352376937866,-0.0535912960767746,0.781834065914154,,,,,,
1763596084.725686,,,,,,,0.09550642967224121,-0.04932299256324768,-0.14368104934692383,-0.22301509976387024,0.6942893266677856,-0.5452580451965332
1763596084.732318,-0.38544191736578937,-0.3196824010584503,0.07447057296410202,0.0723467767238617,-0.041766636073589325,0.6953851580619812,,,,,,
1763596084.735716,,,,,,,0.08328276872634888,-0.03752133250236511,-0.11287152767181396,-0.2774384617805481,0.6091816425323486,-0.5454683303833008
1763596084.742371,-0.10840718322694301,-0.10732198180612176,0.18799619518332183,0.059178780764341354,-0.09756811708211899,0.6610711216926575,,,,,,
1763596084.745747,,,,,,,0.0834118127822876,-0.024816304445266724,-0.08525955677032471,-0.31043103337287903,0.5498054027557373,-0.56802898645401
1763596084.752424,0.03261047622561455,0.1314869204433635,0.4057552220761776,0.029039248824119568,-0.14613838493824005,0.6799602508544922,,,,,,
1763596084.755778,,,,,,,0.05608409643173218,-0.013937294483184814,-0.09885017573833466,-0.3261696994304657,0.5296854376792908,-0.5673169493675232
1763596084.762477,0.019178163200616834,0.012568773264531045,0.077250412940979,0.024557415395975113,-0.12147564440965652,0.6938409209251404,,,,,,
1763596084.765808,,,,,,,0.040531694889068604,0.028825432062149048,-0.07418633997440338,-0.27969223260879517,0.5277591943740845,-0.5527020692825317
1763596084.77253,-0.11859306167662143,-0.22613593795811757,0.0066916065931320184,0.020136158913373947,-0.1263035386800766,0.68902587890625,,,,,,
1763596084.775839,,,,,,,0.03334534168243408,0.03673100471496582,-0.06420311331748962,-0.21985936164855957,0.5055692195892334,-0.5561712384223938
1763596084.782583,-0.22493103741407394,-0.310096461263299,0.22577274893522262,-0.0022373232059180737,-0.1485806107521057,0.6768333911895752,,,,,,
1763596084.785869,,,,,,,0.032217204570770264,0.05944293737411499,-0.03700053691864014,-0.14980943500995636,0.5166119933128357,-0.5360392928123474
1763596084.792636,-0.30403613831102844,-0.28591862661186607,0.3640390638530254,-0.037312716245651245,-0.1531224101781845,0.6702240705490112,,,,,,
1763596084.7959,,,,,,,0.01772373914718628,0.05487704277038574,-0.011732816696166992,-0.10893911123275757,0.5373370051383972,-0.5448322892189026
1763596084.802689,-0.24535072510838507,-0.10502185163758694,0.2147066535849124,-0.05456547066569328,-0.13145413994789124,0.6753421425819397,,,,,,
1763596084.805931,,,,,,,0.017369508743286133,0.05386856198310852,0.0036645978689193726,-0.0920349657535553,0.5340051054954529,-0.5465803742408752
1763596084.812742,-0.1318786597073078,0.15554156710654496,0.1342798756301403,-0.0550764724612236,-0.1379622370004654,0.698388934135437,,,,,,
1763596084.815961,,,,,,,0.027241230010986328,0.044151127338409424,0.008312970399856567,-0.12542641162872314,0.571057915687561,-0.5616675615310669
1763596084.822795,-0.15015549015402793,0.26852347437050195,0.2062579741913825,-0.05224074050784111,-0.14301158487796783,0.7195421457290649,,,,,,
1763596084.825992,,,,,,,0.021506130695343018,0.010207176208496094,-0.018575802445411682,-0.1849275529384613,0.5730974078178406,-0.5651301741600037
1763596084.832847,-0.19788696314394472,0.27334903136342764,0.0979027403473854,-0.033049747347831726,-0.14058557152748108,0.7258877158164978,,,,,,
1763596084.836022,,,,,,,0.04771631956100464,-0.0013531744480133057,-0.026760071516036987,-0.27303802967071533,0.5397868156433105,-0.5756062865257263
1763596084.8429,-0.3457634024500847,0.26598778188042344,0.08242350472994148,-0.0025845160707831383,-0.13026395440101624,0.7151452898979187,,,,,,
1763596084.846053,,,,,,,0.05921095609664917,-0.03869563341140747,-0.034129828214645386,-0.426051527261734,0.4912800192832947,-0.5833922624588013
1763596084.852953,-0.26797815198004243,0.35506314571499825,0.024302082085609435,0.03205510973930359,-0.09924448281526566,0.7030776143074036,,,,,,
1763596084.856084,,,,,,,0.06153762340545654,-0.0579567551612854,-0.012126579880714417,-0.580521821975708,0.40042147040367126,-0.5937986373901367
1763596084.863006,0.07605038950145245,0.6511780625727027,-0.02512742699384689,0.06703919172286987,-0.09898056834936142,0.7108679413795471,,,,,,
1763596084.866114,,,,,,,0.06927388906478882,-0.03158053755760193,0.027661770582199097,-0.6875081658363342,0.3447989821434021,-0.5982421040534973
1763596084.873059,0.2692617620497942,0.785956316179037,0.0886614492714405,0.08068327605724335,-0.1494036316871643,0.7407622337341309,,,,,,
1763596084.876145,,,,,,,0.04602813720703125,0.001971632242202759,0.02566501498222351,-0.745839536190033,0.3375687599182129,-0.6242180466651917
1763596084.883111,0.3871148190140724,0.6303366423349828,0.21127762898430227,0.0695565864443779,-0.19081391394138336,0.7802084684371948,,,,,,
1763596084.886175,,,,,,,0.017844855785369873,0.04642850160598755,0.036657482385635376,-0.7194443941116333,0.37777823209762573,-0.6021316647529602
1763596084.893164,0.3856821558624506,0.2859732428759336,0.38303719431161876,0.03187418356537819,-0.24124306440353394,0.8288519978523254,,,,,,
1763596084.896206,,,,,,,0.014139175415039062,0.08007633686065674,0.03397727012634277,-0.5411145091056824,0.41100355982780457,-0.5647004842758179
1763596084.903217,-0.055661096945405004,-0.2150543710440397,0.49582887623310085,-0.019611645489931107,-0.26942384243011475,0.8423954844474792,,,,,,
1763596084.906236,,,,,,,0.006477832794189453,0.09264552593231201,-0.03331124782562256,-0.2552950084209442,0.49482256174087524,-0.5398920774459839
1763596084.91327,-0.6650882953077555,-0.838486129361391,0.4823579116981476,-0.0685986801981926,-0.2403545081615448,0.7716991305351257,,,,,,
1763596084.916267,,,,,,,-0.002950310707092285,0.07557013630867004,-0.11211574077606201,-0.009449116885662079,0.554986298084259,-0.47102078795433044
1763596084.923322,-1.1516945851653813,-1.1644660961940885,0.46422027052640913,-0.12090369313955307,-0.16672396659851074,0.632250189781189,,,,,,
1763596084.926298,,,,,,,0.02305448055267334,0.008203327655792236,-0.1589614301919937,0.12517234683036804,0.5263450741767883,-0.3616389334201813
1763596084.933375,-1.3816700464874505,-1.0747551378697155,0.6591350129265338,-0.20328035950660706,-0.09434205293655396,0.4780518710613251,,,,,,
1763596084.936328,,,,,,,0.06879079341888428,-0.08407226204872131,-0.19685257971286774,0.22384656965732574,0.42100879549980164,-0.2590075731277466
1763596084.943428,-1.3389537713110446,-0.8216359707169234,0.725585653303191,-0.26233890652656555,-0.009980835020542145,0.3303271234035492,,,,,,
1763596084.946359,,,,,,,0.1008310317993164,-0.16758617758750916,-0.26486170291900635,0.2784576416015625,0.28197312355041504,-0.15179482102394104
1763596084.953481,-1.3559037370681761,-0.5990418518178164,0.30017288701161743,-0.2534191906452179,0.0537051185965538,0.1818436086177826,,,,,,
1763596084.956389,,,,,,,0.13248538970947266,-0.2032981514930725,-0.32913148403167725,0.2985256314277649,0.09833832830190659,-0.0425555519759655
1763596084.963534,-1.4830629670381545,-0.48130876797139643,0.11051906081438063,-0.230576753616333,0.07682588696479797,0.028179209679365158,,,,,,
1763596084.96642,,,,,,,0.15875661373138428,-0.24332430958747864,-0.35093533992767334,0.27550527453422546,-0.12079136073589325,0.06667853146791458
1763596084.973586,-1.629575132253766,-0.35559111511185765,0.22926124863810837,-0.23867012560367584,0.11223366856575012,-0.1132129356265068,,,,,,
1763596084.97645,,,,,,,0.17579936981201172,-0.25661060214042664,-0.3397362232208252,0.2762755751609802,-0.3348836898803711,0.17084194719791412
1763596084.983639,-1.5543156008690595,-0.2369344866797328,0.19869776807017622,-0.26138556003570557,0.148333340883255,-0.2627832293510437,,,,,,
1763596084.986481,,,,,,,0.1840861439704895,-0.22167015075683594,-0.30892908573150635,0.329123854637146,-0.5097681283950806,0.2709381878376007
1763596084.993692,-1.5068027390658854,-0.0024584990680217743,0.11157594945617019,-0.2703092694282532,0.1536550223827362,-0.37247732281684875,,,,,,
1763596084.996512,,,,,,,0.18649792671203613,-0.1684095859527588,-0.27182865142822266,0.34478843212127686,-0.6396185755729675,0.3381001651287079
1763596085.003745,-1.4567518832176922,0.24347543275579808,-0.14005487883500753,-0.25508078932762146,0.17968235909938812,-0.4476013481616974,,,,,,
1763596085.006542,,,,,,,0.17222827672958374,-0.14101940393447876,-0.20631542801856995,0.32101064920425415,-0.7312760353088379,0.3849118947982788
1763596085.013798,-1.2635539546728134,0.39163872617930173,-0.3534907087665051,-0.23204751312732697,0.20221051573753357,-0.5077607035636902,,,,,,
1763596085.016573,,,,,,,0.15375083684921265,-0.11565905809402466,-0.12261524796485901,0.2661551237106323,-0.7851227521896362,0.40740519762039185
1763596085.02385,-0.9730074125319719,0.6010542145535349,-0.33865912340283394,-0.2144506871700287,0.18447892367839813,-0.5467398166656494,,,,,,
1763596085.026603,,,,,,,0.13049036264419556,-0.08720272779464722,-0.056268930435180664,0.19693876802921295,-0.8007054328918457,0.40875303745269775
1763596085.033903,-0.626630846619606,0.7442156080365181,-0.302334668155387,-0.19442467391490936,0.1419399529695511,-0.566458523273468,,,,,,
1763596085.036634,,,,,,,0.1003502607345581,-0.08597081899642944,-0.03190743923187256,0.11625544726848602,-0.7694298028945923,0.4091959297657013
1763596085.043956,-0.46410511971414087,0.6821503431372344,-0.4705565608758479,-0.15238294005393982,0.10712099075317383,-0.5900480151176453,,,,,,
1763596085.046665,,,,,,,0.07498025894165039,-0.0839613676071167,-0.025327220559120178,0.11576303094625473,-0.743003785610199,0.42739489674568176
1763596085.054009,-0.5102659823864698,0.4554237275432795,-0.5228372946679591,-0.12168481945991516,0.08003421127796173,-0.6264903545379639,,,,,,
1763596085.056695,,,,,,,0.058975279331207275,-0.06642302870750427,-0.02903926372528076,0.2002015858888626,-0.7285955548286438,0.4761716425418854
1763596085.064062,-0.6307277605444193,0.16531426164545118,-0.34887079388089476,-0.1238342672586441,0.08152664452791214,-0.6805181503295898,,,,,,
1763596085.066726,,,,,,,0.04770177602767944,-0.0660179853439331,-0.05375410616397858,0.3138543963432312,-0.7318893671035767,0.545669436454773
1763596085.074114,-0.6761468649387359,-0.04059080745503306,-0.2766250573594123,-0.13261695206165314,0.11153578013181686,-0.7544873952865601,,,,,,
1763596085.076756,,,,,,,0.052502989768981934,-0.09368371963500977,-0.0916920006275177,0.3724980652332306,-0.7732101678848267,0.6181178689002991
1763596085.084167,-0.6461497860819101,-0.14171046402230858,-0.4089304180461913,-0.10863412916660309,0.13945209980010986,-0.8465542197227478,,,,,,
1763596085.086787,,,,,,,0.06684339046478271,-0.14745113253593445,-0.12417270243167877,0.3397989571094513,-0.8327555060386658,0.7004116773605347
1763596085.09422,-0.5270978747218847,-0.0925222894180566,-0.4161002366103232,-0.0712321475148201,0.14437483251094818,-0.9352404475212097,,,,,,
1763596085.096818,,,,,,,0.07990926504135132,-0.1958388090133667,-0.14433375000953674,0.2986074686050415,-0.9261730909347534,0.7740961909294128
1763596085.104273,-0.407822675999999,-0.002440744215622544,-0.47522440655641257,-0.021276839077472687,0.1535707265138626,-1.0205706357955933,,,,,,
1763596085.106848,,,,,,,0.10618859529495239,-0.1856774091720581,-0.14368221163749695,0.24169915914535522,-1.0564039945602417,0.8240845203399658
1763596085.114326,-0.3615916707009077,0.07276417090501636,-0.5105342048685998,0.02140282467007637,0.13171124458312988,-1.100692868232727,,,,,,
1763596085.116879,,,,,,,0.12723904848098755,-0.1473882794380188,-0.093382328748703,0.16471409797668457,-1.129587173461914,0.8544973134994507
1763596085.124378,-0.40006607052385806,0.1797099032772705,-0.23778701185584067,0.024489428848028183,0.08348619937896729,-1.1607811450958252,,,,,,
1763596085.126909,,,,,,,0.11296504735946655,-0.1440507173538208,-0.0945594310760498,0.10265392065048218,-1.1710922718048096,0.8666916489601135
1763596085.134431,-0.38407647423148156,0.258681915846467,-0.23745493035726248,0.024020487442612648,0.05804629996418953,-1.2040696144104004,,,,,,
1763596085.13694,,,,,,,0.11118322610855103,-0.09334662556648254,-0.09816363453865051,0.1310187131166458,-1.1981598138809204,0.8926763534545898
1763596085.144484,-0.45524084525704384,0.23175735803646966,-0.32560784558467565,0.026653021574020386,0.050555627793073654,-1.2496219873428345,,,,,,
1763596085.146971,,,,,,,0.1093854308128357,-0.04882550239562988,-0.10132908821105957,0.19348742067813873,-1.2452863454818726,0.9133406281471252
1763596085.154537,-0.5280535680115223,0.1502277334063314,-0.2700490399699658,0.033315569162368774,0.03023393824696541,-1.2905086278915405,,,,,,
1763596085.157001,,,,,,,0.10664749145507812,-0.011714249849319458,-0.07766798138618469,0.27244484424591064,-1.2535511255264282,0.9445075988769531
1763596085.16459,-0.5868827735990285,0.07504708051069174,0.02178520389385521,0.011856616474688053,-0.02131527289748192,-1.3179101943969727,,,,,,
1763596085.167032,,,,,,,0.09633857011795044,-0.02466714382171631,-0.08531734347343445,0.3863735496997833,-1.2493319511413574,0.9944563508033752
1763596085.174642,-0.6684516342610121,-0.03605746574117802,0.23357838118486104,-0.03267978876829147,-0.042727112770080566,-1.3433263301849365,,,,,,
1763596085.177062,,,,,,,0.10591673851013184,-0.026336580514907837,-0.13687315583229065,0.5873046517372131,-1.2676619291305542,1.0793474912643433
1763596085.184695,-0.7936573920756578,-0.18767167593669146,0.2115161869805306,-0.07370232045650482,-0.020685192197561264,-1.3844386339187622,,,,,,
1763596085.187093,,,,,,,0.13076084852218628,-0.01536908745765686,-0.18852785229682922,0.8367589712142944,-1.2962781190872192,1.204390048980713
1763596085.194748,-0.9574187982559204,-0.3798447914784774,0.20559972947835922,-0.10013372451066971,0.00921949464827776,-1.4639222621917725,,,,,,
1763596085.197123,,,,,,,0.14839226007461548,-0.03766724467277527,-0.22828933596611023,0.9837231040000916,-1.3536268472671509,1.3162062168121338
1763596085.204801,-1.0974544609338044,-0.5458199281854554,0.15385310256294904,-0.09262707084417343,0.04007194936275482,-1.5778604745864868,,,,,,
1763596085.207154,,,,,,,0.1683771014213562,-0.08581829071044922,-0.22218570113182068,0.8883275985717773,-1.4377577304840088,1.3919312953948975
1763596085.214854,-1.085608540317416,-0.45381526943333445,-0.011386486411094665,-0.03098100796341896,0.059509098529815674,-1.6861963272094727,,,,,,
1763596085.217185,,,,,,,0.18001580238342285,-0.1953790783882141,-0.16639581322669983,0.571313738822937,-1.538142442703247,1.4343851804733276
1763596085.224906,-0.9395908806204796,-0.1736444292258471,-0.3157330789107829,0.06140058860182762,0.06968769431114197,-1.7631657123565674,,,,,,
1763596085.227215,,,,,,,0.19014477729797363,-0.2716406583786011,-0.11049169301986694,0.3090820908546448,-1.7121535539627075,1.4368709325790405
1763596085.234959,-0.677636811235547,0.16379318955801425,-0.46211021956987675,0.1461099237203598,0.08567127585411072,-1.803787350654602,,,,,,
1763596085.237246,,,,,,,0.19913452863693237,-0.229511559009552,-0.07019540667533875,0.14779050648212433,-1.840978741645813,1.452277421951294
1763596085.245012,-0.38631636211276055,0.5618644330028444,-0.20223755956888198,0.18295370042324066,0.05330481007695198,-1.796025276184082,,,,,,
1763596085.247276,,,,,,,0.17854148149490356,-0.14936327934265137,-0.06487491726875305,0.1084257960319519,-1.8822808265686035,1.4860950708389282
1763596085.255065,-0.2890232780963182,0.751926474674791,0.2417512393116951,0.1667194366455078,-0.030715294182300568,-1.7596639394760132,,,,,,
1763596085.257307,,,,,,,0.15568006038665771,-0.10365062952041626,-0.10408475995063782,0.21851366758346558,-1.8840534687042236,1.5541478395462036
1763596085.265117,-0.3924994346618652,0.6031091012567281,0.3389852135520428,0.125551238656044,-0.0689428374171257,-1.733891248703003,,,,,,
1763596085.267338,,,,,,,0.16413664817810059,-0.05483752489089966,-0.1480150818824768,0.3966013789176941,-1.9000073671340942,1.6476796865463257
1763596085.27517,-0.680033350983262,0.18640636870861052,0.1269159957986325,0.10418995469808578,-0.019627172499895096,-1.7573132514953613,,,,,,
1763596085.277368,,,,,,,0.18359380960464478,-0.02292346954345703,-0.15729930996894836,0.4575437903404236,-1.9294105768203735,1.7271413803100586
1763596085.285223,-0.9794202021837234,-0.23938421791940925,-0.01610708519220352,0.11850418150424957,0.03679961711168289,-1.8310798406600952,,,,,,
1763596085.287399,,,,,,,0.188970685005188,-0.0688323974609375,-0.10721534490585327,0.31749773025512695,-1.9480878114700317,1.7906029224395752
1763596085.295276,-1.160347262698412,-0.5045313842572271,-0.003683656948804855,0.16506463289260864,0.028508029878139496,-1.9299731254577637,,,,,,
1763596085.297429,,,,,,,0.1836758852005005,-0.1555045247077942,-0.06530553102493286,0.04737425595521927,-1.9959619045257568,1.8039445877075195
1763596085.305329,-1.051141622570157,-0.5714214389644563,-0.09183766815476119,0.23404955863952637,-0.00581372482702136,-2.0416994094848633,,,,,,
1763596085.30746,,,,,,,0.1884881854057312,-0.18542134761810303,-0.02605205774307251,-0.2691802680492401,-2.1284754276275635,1.7681634426116943
1763596085.315381,-0.631422172549367,-0.3293602569207549,-0.1581787106771022,0.3116387128829956,-0.04542016610503197,-2.123352527618408,,,,,,
1763596085.31749,,,,,,,0.18690329790115356,-0.157528817653656,0.09228476881980896,-0.4787302613258362,-2.1869430541992188,1.7510195970535278
1763596085.325434,-0.2658294495135546,0.08313742515295744,0.02836684730648994,0.3556098937988281,-0.1236068457365036,-2.1341395378112793,,,,,,
1763596085.327521,,,,,,,0.13999038934707642,-0.12924838066101074,0.08393710851669312,-0.5032867789268494,-2.1921660900115967,1.7265275716781616
1763596085.335487,0.02185878058671951,0.49575464195311064,0.13800444911122323,0.33705949783325195,-0.1845988780260086,-2.0900638103485107,,,,,,
1763596085.337552,,,,,,,0.12293624877929688,-0.03413599729537964,0.021089017391204834,-0.36341285705566406,-2.1716086864471436,1.785200834274292
1763596085.34554,0.1970516813635826,0.718193278029561,0.09170907333903014,0.2933213412761688,-0.15894117951393127,-2.0241692066192627,,,,,,
1763596085.347582,,,,,,,0.1203802227973938,0.024892985820770264,-0.021022319793701172,-0.14506268501281738,-2.1416401863098145,1.8496657609939575
1763596085.355593,0.1638251190662384,0.6516288020148873,0.1435071381807327,0.24975870549678802,-0.12504591047763824,-1.9797284603118896,,,,,,
1763596085.357613,,,,,,,0.10559654235839844,0.023583292961120605,-0.05011194944381714,0.09650755673646927,-2.0907199382781982,1.9756802320480347
1763596085.365645,-0.08235153547227382,0.32759529307484625,0.3361491864085197,0.21297672390937805,-0.12045889347791672,-1.9792085886001587,,,,,,
1763596085.367643,,,,,,,0.10952037572860718,-0.0038264989852905273,-0.09154504537582397,0.29792723059654236,-2.0551211833953857,2.0287649631500244
1763596085.375698,-0.3064098817050457,-0.14746961207091808,0.21777641641907391,0.19332292675971985,-0.11799778044223785,-2.0425100326538086,,,,,,
1763596085.377674,,,,,,,0.13001185655593872,-0.05236321687698364,-0.11364752054214478,0.3997991681098938,-2.055757761001587,2.1426501274108887
1763596085.385751,-0.46111295216083525,-0.5890040035367011,0.10330255356431006,0.18520134687423706,-0.10335944592952728,-2.168492078781128,,,,,,
1763596085.387705,,,,,,,0.1498723328113556,-0.0884961485862732,-0.09051334857940674,0.30533552169799805,-2.0744643211364746,2.1602530479431152
1763596085.395804,-0.5199485874891281,-0.8506605512797832,0.07328384739756584,0.20863649249076843,-0.1208663061261177,-2.3302001953125,,,,,,
1763596085.397735,,,,,,,0.15903067588806152,-0.09569823741912842,-0.014851629734039307,0.10903674364089966,-2.100470542907715,2.1998798847198486
1763596085.405857,-0.5068927065610885,-0.9094286743298172,0.09924370662756264,0.24264532327651978,-0.19068880379199982,-2.480123519897461,,,,,,
1763596085.407766,,,,,,,0.17121794819831848,-0.13145804405212402,0.022369027137756348,-0.07632938027381897,-2.0968005657196045,2.1921985149383545
1763596085.415909,-0.33094284993708134,-0.6883350231215357,0.21178163298368452,0.25036442279815674,-0.30589598417282104,-2.5810635089874268,,,,,,
1763596085.417796,,,,,,,0.16850820183753967,-0.10310763120651245,-0.0007117390632629395,-0.2079448699951172,-2.1040239334106445,2.1513426303863525
1763596085.425962,0.007791676789522171,-0.2415352584734559,0.1081073234975338,0.2325444221496582,-0.36969810724258423,-2.611877202987671,,,,,,
1763596085.427827,,,,,,,0.17064031958580017,-0.011651456356048584,0.04607272148132324,-0.23688995838165283,-2.0870087146759033,2.1631062030792236
1763596085.436015,0.21541092939674852,0.20537410402894019,0.08089191124849021,0.2120114266872406,-0.40817341208457947,-2.5710608959198,,,,,,
1763596085.437857,,,,,,,0.1492568850517273,0.024060428142547607,0.05293816328048706,-0.11579789221286774,-2.0464367866516113,2.155395269393921
1763596085.446068,0.2132382615327835,0.39951194377243515,0.0319931480448693,0.17480039596557617,-0.451363742351532,-2.488811731338501,,,,,,
1763596085.447888,,,,,,,0.1248864233493805,0.05434989929199219,-0.006750047206878662,0.12121279537677765,-2.0295419692993164,2.2012128829956055
1763596085.456121,0.16960370246767997,0.35031273631751536,-0.09855857390761374,0.12582537531852722,-0.4468037784099579,-2.4006779193878174,,,,,,
1763596085.457919,,,,,,,0.12725549936294556,0.1055675745010376,-0.046944260597229004,0.40296727418899536,-2.0350699424743652,2.261976718902588
1763596085.466173,0.09380757998824119,0.1700426784068346,-0.18432536118347198,0.054945871233940125,-0.4019521474838257,-2.356210708618164,,,,,,
1763596085.467949,,,,,,,0.13405340909957886,0.10524708032608032,-0.057071805000305176,0.6676274538040161,-2.0526134967803955,2.364220142364502
1763596085.476226,-0.01635901412665844,-0.1220540157854557,0.05056227596905082,-0.04611406475305557,-0.37582847476005554,-2.366389513015747,,,,,,
1763596085.47798,,,,,,,0.14848463237285614,0.08009088039398193,-0.0644679069519043,0.8889572620391846,-2.0869529247283936,2.436608076095581
1763596085.486279,-0.07513911987543105,-0.40529344978332515,0.28371994752380997,-0.12996609508991241,-0.38182538747787476,-2.4344043731689453,,,,,,
1763596085.48801,,,,,,,0.17180602252483368,0.07452476024627686,-0.04971873760223389,0.9778801798820496,-2.1351943016052246,2.5006637573242188
1763596085.496332,-0.11090542978346347,-0.4639385309755802,0.21978837729599326,-0.1701744943857193,-0.40113565325737,-2.5345005989074707,,,,,,
1763596085.498041,,,,,,,0.18873898684978485,0.06423228979110718,0.023099005222320557,0.976767897605896,-2.1463913917541504,2.5430855751037598
1763596085.506385,-0.18288053267002105,-0.3814765208661556,0.14375029928684233,-0.1803930401802063,-0.4609385132789612,-2.6302857398986816,,,,,,
1763596085.508072,,,,,,,0.17123977839946747,0.013614475727081299,0.05674225091934204,0.9407287240028381,-2.1175332069396973,2.5624043941497803
1763596085.516437,-0.24795243203938006,-0.23294132539033888,0.060332011365890496,-0.19142086803913116,-0.531106173992157,-2.681709051132202,,,,,,
1763596085.518102,,,,,,,0.15651655197143555,0.02452188730239868,0.06163454055786133,0.9562940001487732,-2.094677448272705,2.5648670196533203
1763596085.52649,-0.20308511630892753,0.009128478351235389,-0.11180847957041114,-0.23076187074184418,-0.5734121203422546,-2.695509433746338,,,,,,
1763596085.528133,,,,,,,0.15550607442855835,0.09676772356033325,0.0867607593536377,1.1032605171203613,-2.0489392280578613,2.61720609664917
1763596085.536543,-0.1850830111503601,0.21896891413927078,0.0017593926216475664,-0.2916777431964874,-0.616431474685669,-2.6692054271698,,,,,,
1763596085.538163,,,,,,,0.1408787965774536,0.14584720134735107,0.06432217359542847,1.4507349729537964,-1.9917234182357788,2.694697380065918
1763596085.546596,-0.12500935845971106,0.2766980495303869,0.12976385951042174,-0.36472877860069275,-0.6063870787620544,-2.624201536178589,,,,,,
1763596085.548194,,,,,,,0.12443666905164719,0.16827154159545898,0.017417430877685547,1.917077898979187,-1.9479254484176636,2.7962253093719482
1763596085.556648,0.038943770900368685,0.32085049498975277,0.09756841209279372,-0.44838961958885193,-0.5438321828842163,-2.591015338897705,,,,,,
1763596085.558225,,,,,,,0.12215293943881989,0.19790130853652954,0.017896950244903564,2.265272378921509,-1.9126472473144531,2.8964498043060303
1763596085.566701,0.24009762688577174,0.48444881956279273,0.08263269050121307,-0.4971020221710205,-0.45457231998443604,-2.5757248401641846,,,,,,
1763596085.568255,,,,,,,0.12344881892204285,0.1784648895263672,0.07222026586532593,2.261415719985962,-1.8296735286712646,2.9698288440704346
1763596085.576754,0.30848084276020526,0.5977694937944412,0.1542962797531858,-0.4913772940635681,-0.40141627192497253,-2.5730419158935547,,,,,,
1763596085.578285,,,,,,,0.1156061440706253,0.06095939874649048,0.1226879358291626,1.9160014390945435,-1.7299176454544067,2.939471960067749
1763596085.586807,0.25651918485462666,0.6630658495694398,0.11691486279871315,-0.4314311444759369,-0.4095189571380615,-2.567521095275879,,,,,,
1763596085.588316,,,,,,,0.10649843513965607,-0.08678174018859863,0.20028936862945557,1.2626467943191528,-1.6425687074661255,2.861881971359253
1763596085.59686,0.20010697728097437,0.7595733361661434,0.02687514744400978,-0.34102967381477356,-0.48120081424713135,-2.5360918045043945,,,,,,
1763596085.598347,,,,,,,0.10415825247764587,-0.13359272480010986,0.26135581731796265,0.6577529907226562,-1.5547466278076172,2.728991985321045
1763596085.606912,0.07381985397040844,0.843064689323306,-0.14104275736119598,-0.2633835971355438,-0.5713240504264832,-2.457777261734009,,,,,,
1763596085.608378,,,,,,,0.09236302971839905,-0.07980853319168091,0.2475978136062622,0.3500785529613495,-1.4882949590682983,2.6161179542541504
1763596085.616965,0.028334114080667494,0.9711655840575695,-0.3285351677408442,-0.25178319215774536,-0.6017431616783142,-2.3498694896698,,,,,,
1763596085.618408,,,,,,,0.08750393986701965,0.03957301378250122,0.1942223310470581,0.41159090399742126,-1.4475547075271606,2.5608320236206055
1763596085.627018,0.08745324252545833,1.0183856003940104,-0.47070144923925394,-0.3150703012943268,-0.5349305272102356,-2.2368979454040527,,,,,,
1763596085.628439,,,,,,,0.08522728085517883,0.16540127992630005,0.1249890923500061,0.7747291922569275,-1.4298253059387207,2.613247871398926
1763596085.637071,0.18687223265469075,0.923101518112421,-0.42591651456262913,-0.42503803968429565,-0.4150354564189911,-2.149280309677124,,,,,,
1763596085.638469,,,,,,,0.09704697132110596,0.2683236598968506,0.07375907897949219,1.3551342487335205,-1.4374504089355469,2.741567373275757
1763596085.647124,0.23629443521052598,0.7433475930303335,-0.22633739708065986,-0.5320185422897339,-0.28731077909469604,-2.1100258827209473,,,,,,
1763596085.6485,,,,,,,0.11002513766288757,0.32409995794296265,0.030503273010253906,1.9371873140335083,-1.408539891242981,2.8542749881744385
1763596085.657176,0.2678510184690356,0.5666308436870575,-0.12901333340406418,-0.5979874134063721,-0.18465721607208252,-2.1112003326416016,,,,,,
1763596085.65853,,,,,,,0.10911068320274353,0.31777244806289673,0.05272287130355835,2.1238913536071777,-1.3496239185333252,2.8447933197021484
1763596085.667229,0.24392273813188076,0.3994669355869293,-0.06575173485968261,-0.6033334136009216,-0.1298760026693344,-2.128603458404541,,,,,,
1763596085.668561,,,,,,,0.09990102052688599,0.23041307926177979,0.1368764042854309,2.0035247802734375,-1.2489955425262451,2.864377498626709
1763596085.677282,0.0989025650396943,0.25057927341163155,0.032008418679237365,-0.5675106644630432,-0.15662343800067902,-2.147731065750122,,,,,,
1763596085.678592,,,,,,,0.07084688544273376,0.05211228132247925,0.17039024829864502,1.5998677015304565,-1.109645128250122,2.7382864952087402
1763596085.687335,0.13345716107040642,0.2949462384045124,-0.03398760979771614,-0.5261882543563843,-0.21601273119449615,-2.1420726776123047,,,,,,
1763596085.688622,,,,,,,0.02523118257522583,-0.05994737148284912,0.18829593062400818,1.1155617237091064,-0.9896114468574524,2.620011329650879
1763596085.697388,0.29933950492739675,0.4587929847806692,-0.26349428456425666,-0.48137930035591125,-0.2470884472131729,-2.1131973266601562,,,,,,
1763596085.698653,,,,,,,0.006353467702865601,-0.06673026084899902,0.19894909858703613,0.7404266595840454,-0.904314398765564,2.530641555786133
1763596085.70744,0.500390485060215,0.5897212118953467,-0.5084873188087716,-0.44770577549934387,-0.2607792019844055,-2.0723278522491455,,,,,,
1763596085.708683,,,,,,,0.0052040815353393555,-0.021795988082885742,0.17126163840293884,0.6284031867980957,-0.853360116481781,2.4969568252563477
1763596085.717493,0.7251891282662749,0.7015934408843517,-0.6070739497670904,-0.4319412112236023,-0.29236316680908203,-2.0216166973114014,,,,,,
1763596085.718714,,,,,,,0.02726924419403076,0.04814469814300537,0.12218251824378967,0.7034999132156372,-0.8094017505645752,2.4847939014434814
1763596085.727546,0.833810538765788,0.7439186709165573,-0.6409270829975605,-0.40921616554260254,-0.36779242753982544,-1.9626270532608032,,,,,,
1763596085.728745,,,,,,,0.0666661262512207,0.17117595672607422,0.10656300187110901,0.7453533411026001,-0.7907657027244568,2.447817087173462
1763596085.737599,0.6074702190756798,0.6518500435501337,-0.49753345166128127,-0.3540753424167633,-0.4755347669124603,-1.8764888048171997,,,,,,
1763596085.738775,,,,,,,0.11616599559783936,0.26875799894332886,0.11079645156860352,0.8497418761253357,-0.7915475964546204,2.4615676403045654
1763596085.747652,0.18422668658196925,0.569406738141179,-0.08122874198742211,-0.3218020796775818,-0.6154221296310425,-1.7662867307662964,,,,,,
1763596085.748806,,,,,,,0.13712042570114136,0.2548876404762268,0.0982724130153656,0.8117055892944336,-0.7767438888549805,2.3048291206359863
1763596085.757704,-0.18689269092082977,0.5662772079437971,0.08611527191996574,-0.3107588291168213,-0.7003076672554016,-1.643212080001831,,,,,,
1763596085.758836,,,,,,,0.10907471179962158,0.22788119316101074,0.11799141764640808,0.6838752627372742,-0.7509341239929199,2.176856517791748
1763596085.767757,-0.5397723551169038,0.5947989535510539,-0.11518003836274146,-0.3023352324962616,-0.6662535667419434,-1.529629111289978,,,,,,
1763596085.768867,,,,,,,0.07491326332092285,0.2125396728515625,0.13006114959716797,0.5110984444618225,-0.7041938304901123,1.9921925067901611
1763596085.77781,-0.7697522003531455,0.6516805322021245,-0.29391857585720715,-0.29716214537620544,-0.5343683362007141,-1.4253931045532227,,,,,,
1763596085.778898,,,,,,,0.030534863471984863,0.17086321115493774,0.13383528590202332,0.30091342329978943,-0.6185532212257385,1.7808645963668823
1763596085.787861,-0.7423641349509358,0.7040782434374093,-0.26342414193749425,-0.31038498878479004,-0.377458393573761,-1.3362115621566772,,,,,,
1763596085.788928,,,,,,,0.004811227321624756,0.11113959550857544,0.1435093879699707,0.05376940220594406,-0.5257359147071838,1.629345417022705
1763596085.797913,-0.5294952912524342,0.781730222916603,-0.16332243024110793,-0.32493650913238525,-0.23644420504570007,-1.265913724899292,,,,,,
1763596085.798959,,,,,,,0.01550358533859253,0.08987587690353394,0.13721966743469238,-0.1402808129787445,-0.5011458992958069,1.4925439357757568
1763596085.807966,-0.270350287938863,0.7490022577911615,-0.15764321556091307,-0.31691640615463257,-0.14429137110710144,-1.2191827297210693,,,,,,
1763596085.808989,,,,,,,0.03492403030395508,0.0983690619468689,0.1268235743045807,-0.287291556596756,-0.5158798098564148,1.3792450428009033
1763596085.818019,0.007032967376708984,0.7300742699593306,-0.18854111571498214,-0.28996938467025757,-0.10444127023220062,-1.1993433237075806,,,,,,
1763596085.81902,,,,,,,0.039321064949035645,0.0841745138168335,0.11852705478668213,-0.41197967529296875,-0.49051880836486816,1.307385802268982
1763596085.828072,0.3296547098226845,0.7425380302131176,-0.1932522160153836,-0.2548132538795471,-0.11605344712734222,-1.192742943763733,,,,,,
1763596085.82905,,,,,,,0.02640676498413086,0.05946493148803711,0.11301887035369873,-0.576112687587738,-0.4287595748901367,1.2450501918792725
1763596085.838125,0.5003685654893517,0.6934247474759817,-0.15382270742468535,-0.20593932271003723,-0.17234346270561218,-1.1824411153793335,,,,,,
1763596085.839081,,,,,,,0.02816861867904663,0.09683775901794434,0.10538516938686371,-0.6096521019935608,-0.3995412290096283,1.2370961904525757
1763596085.848177,0.5412568945862353,0.642694092670083,-0.0726361240785569,-0.1593845933675766,-0.27142155170440674,-1.150742530822754,,,,,,
1763596085.849112,,,,,,,0.04537850618362427,0.14885765314102173,0.07793059945106506,-0.49073266983032227,-0.40947723388671875,1.1862742900848389
1763596085.85823,0.5895208670176565,0.641119975221157,-0.04613981988430023,-0.12930642068386078,-0.35345855355262756,-1.0999799966812134,,,,,,
1763596085.859142,,,,,,,0.041781485080718994,0.1734834909439087,0.05224981904029846,-0.3242500126361847,-0.3964112102985382,1.1767678260803223
1763596085.868283,0.6289644041337072,0.6198012928605079,-0.05619717658348381,-0.11501617729663849,-0.37104499340057373,-1.0378174781799316,,,,,,
1763596085.869173,,,,,,,0.026555955410003662,0.19026786088943481,0.03976178169250488,-0.1253182739019394,-0.35650748014450073,1.184243083000183
1763596085.878336,0.5776414825230837,0.6043062020868063,-0.04683656997680664,-0.1217852309346199,-0.3362545669078827,-0.9845617413520813,,,,,,
1763596085.879203,,,,,,,0.011518597602844238,0.19090604782104492,0.039983123540878296,0.07447586953639984,-0.3465885519981384,1.2089959383010864
1763596085.888389,0.5355664278596639,0.5190519309103488,-0.016179565906524657,-0.15367203950881958,-0.27108779549598694,-0.945344865322113,,,,,,
1763596085.889235,,,,,,,0.010645687580108643,0.1786462664604187,0.02362440526485443,0.23633241653442383,-0.3283890187740326,1.2361268997192383
1763596085.898441,0.5249439115583896,0.3656733870565891,-0.009281111629679798,-0.1970345824956894,-0.19617217779159546,-0.9256073236465454,,,,,,
1763596085.899265,,,,,,,0.007577836513519287,0.15556442737579346,0.005864560604095459,0.3083362281322479,-0.3010559380054474,1.2498196363449097
1763596085.908494,0.479932730377838,0.195234402808547,-0.09238960294909775,-0.23359152674674988,-0.12144627422094345,-0.9202163219451904,,,,,,
1763596085.909295,,,,,,,0.0005983114242553711,0.11147648096084595,-0.004022568464279175,0.2815307080745697,-0.28093069791793823,1.254196286201477
1763596085.918547,0.49127245503775774,0.05198328521549701,-0.07917107880525291,-0.26541653275489807,-0.0651288703083992,-0.9281636476516724,,,,,,
1763596085.919326,,,,,,,-0.005648910999298096,0.057411372661590576,0.0037827342748641968,0.14894327521324158,-0.2575928866863251,1.2519367933273315
1763596085.9286,0.5304501077592373,-0.02158522434234619,-0.0759177760977298,-0.29193708300590515,-0.04557753726840019,-0.9496071338653564,,,,,,
1763596085.929356,,,,,,,-0.007143974304199219,0.018753647804260254,0.012186050415039062,0.039483096450567245,-0.28567057847976685,1.2689781188964844
1763596085.938653,0.5691362506367266,-0.07662146738767624,-0.11845694114156066,-0.300662636756897,-0.06178693100810051,-0.9778876900672913,,,,,,
1763596085.939387,,,,,,,-0.004022359848022461,0.004424989223480225,0.00514867901802063,-0.03150031715631485,-0.30400538444519043,1.2212241888046265
1763596085.948705,0.6861560716472566,-0.07559738503694534,-0.24241993235349654,-0.2915911376476288,-0.11083702743053436,-1.014671802520752,,,,,,
1763596085.949418,,,,,,,-0.001409769058227539,0.012492656707763672,-0.0046091228723526,-0.04719352722167969,-0.35443395376205444,1.2298741340637207
1763596085.958758,0.8136465793982147,-0.0634516046911478,-0.28350480693578717,-0.27068549394607544,-0.20825043320655823,-1.0429710149765015,,,,,,
1763596085.959448,,,,,,,0.016285598278045654,0.01786625385284424,-0.02611161768436432,-0.013954614289104939,-0.38508960604667664,1.2472435235977173
1763596085.968811,0.9052490505576133,-0.009708908587694168,-0.19627660533785818,-0.25322046875953674,-0.3408209979534149,-1.059749722480774,,,,,,
1763596085.969479,,,,,,,0.02204841375350952,0.024465858936309814,-0.035105347633361816,0.03846491500735283,-0.41783902049064636,1.2760365009307861
1763596085.978864,0.9189363612569869,0.08403963468968868,-0.08584273858889938,-0.25227200984954834,-0.47655418515205383,-1.0658154487609863,,,,,,
1763596085.979509,,,,,,,0.0314403772354126,0.03990727663040161,-0.04379960894584656,0.11546863615512848,-0.4540257751941681,1.3070522546768188
1763596085.988917,0.864115076136589,0.12490706712901592,0.06200374397039413,-0.2524709403514862,-0.5667221546173096,-1.0570597648620605,,,,,,
1763596085.98954,,,,,,,0.04569542407989502,0.039683997631073,-0.041397303342819214,0.10584450513124466,-0.4749393165111542,1.3414653539657593
1763596085.998969,0.6893828516740351,0.12649521310329437,0.21817608326114712,-0.24462682008743286,-0.6183910369873047,-1.027371883392334,,,,,,
1763596085.99957,,,,,,,0.04937523603439331,0.049359261989593506,-0.020534247159957886,0.10401014238595963,-0.4707067608833313,1.3685671091079712
1763596086.009022,0.42989941018633543,0.1444879659116268,0.3516799330174923,-0.2465597540140152,-0.6554140448570251,-0.9737270474433899,,,,,,
1763596086.009601,,,,,,,0.03393000364303589,0.06531316041946411,-0.002041548490524292,0.12261631339788437,-0.45318421721458435,1.3539139032363892
1763596086.019075,0.1613578521698713,0.17058511472046375,0.3356803998529911,-0.24419674277305603,-0.66163569688797,-0.9034412503242493,,,,,,
1763596086.019632,,,,,,,0.02046900987625122,0.0914677083492279,0.0040668100118637085,0.18341657519340515,-0.43901461362838745,1.3258155584335327
1763596086.029128,-0.08204901799489743,0.13576865288317203,0.2594074536420405,-0.23991970717906952,-0.619051456451416,-0.8286612629890442,,,,,,
1763596086.029662,,,,,,,0.013089597225189209,0.10607990622520447,0.0043867528438568115,0.21994662284851074,-0.3949832320213318,1.2543983459472656
1763596086.03918,-0.2136768904120661,0.13999006997048855,0.1628605118177831,-0.2418202906847,-0.5356082916259766,-0.7623412609100342,,,,,,
1763596086.039693,,,,,,,0.005024135112762451,0.10602900385856628,0.012252569198608398,0.2693188786506653,-0.3656828701496124,1.2062194347381592
1763596086.049233,-0.32654494377169757,0.15027473261952398,0.26820918425694107,-0.2559158504009247,-0.43956029415130615,-0.7196471095085144,,,,,,
1763596086.049723,,,,,,,0.009372174739837646,0.09253966808319092,0.017339572310447693,0.3208198845386505,-0.3436167240142822,1.1881166696548462
1763596086.059286,-0.38413448802903294,0.21730478031933306,0.4267325436532497,-0.2817748785018921,-0.35018035769462585,-0.6947556138038635,,,,,,
1763596086.059755,,,,,,,0.019528210163116455,0.10421466827392578,0.02551533281803131,0.3856302499771118,-0.314456969499588,1.1612517833709717
1763596086.069339,-0.526472070973739,0.26061960591077804,0.4631738302133977,-0.3084120750427246,-0.2750621438026428,-0.686647891998291,,,,,,
1763596086.069785,,,,,,,0.03176778554916382,0.13247337937355042,0.029384002089500427,0.4729326665401459,-0.3170570135116577,1.1609619855880737
1763596086.079392,-0.5954014860214665,0.20227613801360128,0.35509120276570316,-0.328721821308136,-0.18157407641410828,-0.6853996515274048,,,,,,
1763596086.079815,,,,,,,0.03913450241088867,0.13071653246879578,0.014209046959877014,0.5516307950019836,-0.27759188413619995,1.1440414190292358
1763596086.089444,-0.5369691342644393,0.1550111134916544,0.2594001471184194,-0.3445947766304016,-0.06273290514945984,-0.6852233409881592,,,,,,
1763596086.089846,,,,,,,0.027658164501190186,0.12233316898345947,0.008153319358825684,0.5618839859962463,-0.2357557713985443,1.1233936548233032
1763596086.099497,-0.43906317904666065,0.12626900313198566,0.262670254830271,-0.37653353810310364,0.04928058385848999,-0.6682928800582886,,,,,,
1763596086.099876,,,,,,,0.01671677827835083,0.11770552396774292,0.010111212730407715,0.5364064574241638,-0.2185613363981247,1.1117055416107178
1763596086.10955,-0.3337531581174582,0.07848258508443832,0.2559260412670672,-0.41689106822013855,0.15654419362545013,-0.6506015062332153,,,,,,
1763596086.109907,,,,,,,0.008055567741394043,0.08624759316444397,0.006006002426147461,0.47772932052612305,-0.17410890758037567,1.0799577236175537
1763596086.119603,-0.14635229847878217,0.002465513330698013,0.16618074228167534,-0.43924680352211,0.2605392634868622,-0.6305687427520752,,,,,,
1763596086.119938,,,,,,,-0.005695819854736328,0.0660828948020935,0.009768232703208923,0.4392828941345215,-0.14965736865997314,1.0576450824737549
1763596086.129656,0.009051613722741603,-0.022155717706680296,0.07526172334179282,-0.4472229778766632,0.3016776442527771,-0.5978227853775024,,,,,,
1763596086.129968,,,,,,,-0.0010476112365722656,0.079901784658432,0.010207056999206543,0.4360247850418091,-0.15933023393154144,1.0130879878997803
1763596086.139708,0.043082258944585915,-0.09112813164591789,0.04875862408056855,-0.44321057200431824,0.2734335958957672,-0.5533946752548218,,,,,,
1763596086.139999,,,,,,,0.013230204582214355,0.09654328227043152,-0.0010738223791122437,0.44395217299461365,-0.1769648790359497,0.9430654048919678
1763596086.149761,0.02574928521923721,-0.10987842482328414,-0.05801628176942467,-0.41133999824523926,0.2134844958782196,-0.5096336007118225,,,,,,
1763596086.150029,,,,,,,0.02230536937713623,0.09427696466445923,-0.011025696992874146,0.4177197813987732,-0.2072543501853943,0.8794017434120178
1763596086.159814,0.04840330783687532,-0.0488379729270935,-0.12383929176703094,-0.37358805537223816,0.14221784472465515,-0.46964749693870544,,,,,,
1763596086.16006,,,,,,,0.016482234001159668,0.08866536617279053,-0.011851206421852112,0.34006214141845703,-0.21683692932128906,0.802910327911377
1763596086.169867,0.08968933101445437,0.038545711493492125,-0.14453458153232931,-0.34356170892715454,0.06893831491470337,-0.4419655501842499,,,,,,
1763596086.170091,,,,,,,-0.003010392189025879,0.07874494791030884,-0.004904747009277344,0.22369077801704407,-0.2198289930820465,0.7153160572052002
1763596086.17992,0.1940859634257853,0.1080021095573902,-0.1340133336484432,-0.31839045882225037,0.021796192973852158,-0.4314211308956146,,,,,,
1763596086.180121,,,,,,,-0.01642841100692749,0.03939977288246155,0.004559412598609924,0.06765155494213104,-0.21103310585021973,0.6458390951156616
1763596086.189972,0.41774252392463385,0.1527279709905386,-0.17034370718002317,-0.29558953642845154,-0.022099092602729797,-0.42143508791923523,,,,,,
1763596086.190152,,,,,,,-0.01751953363418579,0.0066107213497161865,0.014239653944969177,-0.08109158277511597,-0.20441702008247375,0.600541889667511
1763596086.200025,0.6116015467267483,0.1616243941515684,-0.17268077182546257,-0.27152687311172485,-0.10333789885044098,-0.40161389112472534,,,,,,
1763596086.200182,,,,,,,-0.0030091404914855957,0.016243189573287964,0.008630514144897461,-0.16380901634693146,-0.2247672975063324,0.5400581955909729
1763596086.210078,0.6838603619255125,0.1776496462792158,-0.19432181800827383,-0.2226429432630539,-0.22583451867103577,-0.36613208055496216,,,,,,
1763596086.210213,,,,,,,0.017387032508850098,0.045362502336502075,0.0007826089859008789,-0.21187400817871094,-0.26890307664871216,0.47602328658103943
1763596086.22013,0.6996932332862168,0.21912848861515521,-0.250914204454422,-0.14586472511291504,-0.37376338243484497,-0.3116873800754547,,,,,,
1763596086.220243,,,,,,,0.02274531126022339,0.05707132816314697,-0.002828843891620636,-0.27215027809143066,-0.29321640729904175,0.4120542109012604
1763596086.230183,0.652140258668363,0.2361737314403057,-0.19717676904797554,-0.04996669664978981,-0.5356835126876831,-0.2531937062740326,,,,,,
1763596086.230274,,,,,,,0.008606553077697754,0.05641889572143555,0.005314841866493225,-0.36906564235687256,-0.29199960827827454,0.34122079610824585
1763596086.240236,0.48730179784111677,0.20606325533688066,-0.0478793570280075,0.031446751207113266,-0.6947013139724731,-0.19354629516601562,,,,,,
1763596086.240305,,,,,,,-0.009077250957489014,0.0579049289226532,0.022891521453857422,-0.4751341640949249,-0.2782787084579468,0.2646125853061676
1763596086.250289,0.32469043847881257,0.17937340133190155,0.11428703504577278,0.08098580688238144,-0.8126170039176941,-0.15209898352622986,,,,,,
1763596086.250335,,,,,,,-0.021645188331604004,0.05308207869529724,0.029616951942443848,-0.566308319568634,-0.26473814249038696,0.18863286077976227
1763596086.260342,0.17689627062864602,0.10402969879508017,0.11486790367364882,0.10074016451835632,-0.8465917110443115,-0.1318720132112503,,,,,,
1763596086.260366,,,,,,,-0.022763967514038086,0.049512267112731934,0.027148008346557617,-0.6554280519485474,-0.23867645859718323,0.1357167810201645
1763596086.270395,0.0355812356647104,0.047339843323826784,0.05055398306474089,0.08251722157001495,-0.8052719831466675,-0.11476200073957443,,,,,,
1763596086.270396,,,,,,,-0.017000019550323486,0.0671926736831665,0.021923303604125977,-0.6689936518669128,-0.23839175701141357,0.09313870221376419
1763596086.280427,,,,,,,-0.01006406545639038,0.07495993375778198,0.016909122467041016,-0.6358519792556763,-0.2294699102640152,0.06210314854979515
1763596086.280447,-0.07323219027556478,0.061166708624362943,-0.006169190154224634,0.045728765428066254,-0.6939213871955872,-0.09754420816898346,,,,,,
1763596086.290458,,,,,,,-0.0031828880310058594,0.08809533715248108,0.011511564254760742,-0.5578687191009521,-0.25901103019714355,0.05781439691781998
1763596086.2905,-0.161081519446522,0.05850479593873024,-0.09775207983031868,-0.002716267481446266,-0.5569962859153748,-0.07924801856279373,,,,,,
1763596086.300488,,,,,,,0.005002379417419434,0.10053393244743347,-0.0070634037256240845,-0.46631237864494324,-0.2620728611946106,0.04170553386211395
1763596086.300553,-0.23022746332176028,-0.010619593691825866,-0.1370246442936361,-0.04896589368581772,-0.42937344312667847,-0.06548751890659332,,,,,,
1763596086.310519,,,,,,,-0.0008675456047058105,0.10422581434249878,-0.009176023304462433,-0.4069204330444336,-0.25922006368637085,0.023905497044324875
1763596086.310606,-0.22613683300726115,-0.07218553076684475,-0.1595477340079844,-0.07321184128522873,-0.3249679505825043,-0.06252928078174591,,,,,,
1763596086.320549,,,,,,,-0.009247958660125732,0.09330818057060242,-0.001638554036617279,-0.3885844647884369,-0.26594722270965576,0.006984371691942215
1763596086.320659,-0.17082009252011776,-0.1378963125616312,-0.02098331292644143,-0.0909462571144104,-0.2777310311794281,-0.0575883612036705,,,,,,
1763596086.33058,,,,,,,-0.02434784173965454,0.0650888979434967,0.010506384074687958,-0.38088953495025635,-0.23471872508525848,-0.009665977209806442
1763596086.33071,-0.03187171362228691,-0.1349427234530449,0.0926033187650144,-0.10269506275653839,-0.25890567898750305,-0.05967601388692856,,,,,,
1763596086.340611,,,,,,,-0.04307466745376587,0.046783387660980225,0.02964748442173004,-0.386819452047348,-0.19945022463798523,-0.015904299914836884
1763596086.340764,0.14887546028085052,-0.10273381376564503,0.03801847274899482,-0.09612483531236649,-0.25327202677726746,-0.062437061220407486,,,,,,
1763596086.350641,,,,,,,-0.042432546615600586,0.061055898666381836,0.02878391742706299,-0.35611292719841003,-0.19687122106552124,-0.03915156424045563
1763596086.350817,0.21998525157496332,-0.12870353680253027,-0.049173634622246026,-0.07309968024492264,-0.28139474987983704,-0.05554400011897087,,,,,,
1763596086.360672,,,,,,,-0.028529822826385498,0.06896373629570007,0.014902941882610321,-0.30141863226890564,-0.18704575300216675,-0.05204785615205765
1763596086.36087,0.22314437319301067,-0.06450900478959083,-0.1607306601822376,-0.03145868331193924,-0.330235093832016,-0.03850474953651428,,,,,,
1763596086.370702,,,,,,,-0.0272863507270813,0.05909261107444763,0.014531731605529785,-0.2897334694862366,-0.15884287655353546,-0.05891535058617592
1763596086.370923,0.25743293869867917,0.06656652184128761,-0.2302411265209317,0.025607533752918243,-0.3713756203651428,-0.011498965322971344,,,,,,
1763596086.380733,,,,,,,-0.03104567527770996,0.05508074164390564,0.02637147158384323,-0.2632678747177124,-0.13092201948165894,-0.08241807669401169
1763596086.380975,0.21111089411526918,0.0987608184814453,-0.17259893876090646,0.06409966200590134,-0.407702773809433,0.014413977973163128,,,,,,
1763596086.390763,,,,,,,-0.025936901569366455,0.04459846019744873,0.022394180297851562,-0.2554387152194977,-0.10946041345596313,-0.0983445793390274
1763596086.391028,0.09420359356850386,0.026541969966888426,-0.05649301772490144,0.06929788738489151,-0.41206106543540955,0.02101089246571064,,,,,,
1763596086.400794,,,,,,,-0.017296433448791504,0.035241901874542236,0.018738143146038055,-0.2637617886066437,-0.1074899360537529,-0.09547308832406998
1763596086.401081,-0.03233706611171364,-0.028410686448216437,0.0007224690556526184,0.04124929755926132,-0.3693356513977051,0.01556207612156868,,,,,,
1763596086.410825,,,,,,,-0.01450735330581665,0.033059120178222656,0.026301875710487366,-0.2622280716896057,-0.10931553691625595,-0.08832809329032898
1763596086.411134,-0.11152933383546769,-0.009137830701470374,-0.0863128403186798,0.004044936969876289,-0.28155389428138733,0.0005594245158135891,,,,,,
1763596086.420855,,,,,,,-0.018186867237091064,0.03349331021308899,0.03121626377105713,-0.2613893747329712,-0.10453968495130539,-0.07112401723861694
1763596086.421186,-0.1128789218135178,0.05721826325953006,-0.2023497877717018,-0.020655473694205284,-0.180577352643013,-0.009595690295100212,,,,,,
1763596086.430886,,,,,,,-0.016485273838043213,0.03506305813789368,0.02926754206418991,-0.2463928610086441,-0.10407842695713043,-0.07536563277244568
1763596086.431239,-0.08344758708067238,0.06887889043688773,-0.28236630442515015,-0.031972579658031464,-0.1139458641409874,-0.006200958508998156,,,,,,
1763596086.440916,,,,,,,-0.012430369853973389,0.027673840522766113,0.02005922794342041,-0.22597724199295044,-0.11239814013242722,-0.06621640920639038
1763596086.441292,0.00506005986854434,0.052230537974834436,-0.24822321180477738,-0.02631555125117302,-0.09308280795812607,0.008666595444083214,,,,,,
1763596086.450947,,,,,,,-0.012105584144592285,0.027714312076568604,0.0158613920211792,-0.2044261395931244,-0.10563664138317108,-0.06890486925840378
1763596086.451345,0.10103760430701077,0.023349311405420303,-0.16481997532248496,-0.008358655497431755,-0.11016912013292313,0.030615301802754402,,,,,,
1763596086.460978,,,,,,,-0.020336806774139404,0.03882923722267151,0.024060599505901337,-0.18622373044490814,-0.10340970754623413,-0.06061377748847008
1763596086.461398,0.10563121570758521,-0.016794482934474945,-0.11312515165954827,0.008567126467823982,-0.13980834186077118,0.038119103759527206,,,,,,
1763596086.471008,,,,,,,-0.02931070327758789,0.03360429406166077,0.0262766033411026,-0.174521803855896,-0.07306831330060959,-0.06758593022823334
1763596086.47145,0.10319098294861614,-0.02355506311058998,-0.13908815269470215,0.0200424212962389,-0.1497376710176468,0.03440931811928749,,,,,,
1763596086.481039,,,,,,,-0.0354994535446167,0.01187676191329956,0.024408578872680664,-0.1914878636598587,-0.05401526018977165,-0.06533250212669373
1763596086.481503,0.15088943045176564,0.006872808378934859,-0.2037970639705658,0.02818360924720764,-0.13974346220493317,0.018198208883404732,,,,,,
1763596086.49107,,,,,,,-0.026901066303253174,-0.006366640329360962,0.024125806987285614,-0.20399460196495056,-0.031798105686903,-0.05297836288809776
1763596086.491556,0.19078027294389902,0.021748305949568746,-0.19815306673422456,0.03630731627345085,-0.12858401238918304,0.00023838435299694538,,,,,,
1763596086.5011,,,,,,,-0.02147752046585083,-0.003917574882507324,0.02415989339351654,-0.1901741623878479,-0.018238354474306107,-0.03546295315027237
