timestamp,phone_accel_x,phone_accel_y,phone_accel_z,phone_gyro_x,phone_gyro_y,phone_gyro_z,watch_accel_x,watch_accel_y,watch_accel_z,watch_gyro_x,watch_gyro_y,watch_gyro_z
1763596100.907426,-0.11302885167822241,0.05111702377498149,0.08464242288842797,-0.05281974747776985,0.1088273674249649,-0.029255280271172523,,,,,,
1763596100.915034,,,,,,,0.0009006261825561523,-0.02014070749282837,0.0045278072357177734,0.011660527437925339,0.01959024928510189,0.034703683108091354
1763596100.917479,-0.05904007185921072,0.03232406049966812,0.03120046329721808,-0.06170344352722168,0.12025787681341171,-0.0358969122171402,,,,,,
1763596100.925065,,,,,,,0.00789940357208252,-0.01349535584449768,0.000429399311542511,0.014696924015879631,0.00016515306197106838,0.04737553745508194
1763596100.927532,-0.003957943845540285,0.01971300072968006,-0.07186828151121735,-0.04263786971569061,0.08225642889738083,-0.027334850281476974,,,,,,
1763596100.935095,,,,,,,0.005090117454528809,-0.020814627408981323,0.0013834238052368164,0.04254985973238945,0.0020818300545215607,0.03634445741772652
1763596100.937585,0.00815115775167942,-0.005901917520165443,-0.13323840375319124,-0.0009848345071077347,0.020656878128647804,-0.017649216577410698,,,,,,
1763596100.945125,,,,,,,-0.004047214984893799,-0.026980608701705933,0.0010856464505195618,0.035794127732515335,0.015885259956121445,0.04542271047830582
1763596100.947638,-0.020293869357556102,-0.0431131655395031,-0.11259995874166488,0.04418743774294853,-0.0474310964345932,-0.018157348036766052,,,,,,
1763596100.955156,,,,,,,-0.005429565906524658,-0.014277607202529907,-0.0006270483136177063,0.044706396758556366,0.030320923775434494,0.0449550598859787
1763596100.957691,-0.10597228423021733,-0.08792904334366321,0.02364391043782234,0.06768956780433655,-0.10244481265544891,-0.028150860220193863,,,,,,
1763596100.965186,,,,,,,-0.003908932209014893,-0.003848820924758911,-0.0008603259921073914,0.05411375313997269,0.025935497134923935,0.04151564836502075
1763596100.967744,-0.21656937871687112,-0.13570435547530652,0.10954977739080786,0.07113224267959595,-0.11865734308958054,-0.04293859377503395,,,,,,
1763596100.975217,,,,,,,-0.003942549228668213,-0.0024240612983703613,0.005258321762084961,0.05353877693414688,0.02319776825606823,0.03336238116025925
1763596100.977797,-0.2922803071308881,-0.11024784265756607,0.14419906596764923,0.053787048906087875,-0.09363001585006714,-0.04660343378782272,,,,,,
1763596100.985248,,,,,,,-0.007827401161193848,-0.005963414907455444,0.013871900737285614,0.04682917520403862,0.02940053679049015,0.02459046244621277
1763596100.98785,-0.3204287624463439,-0.08306348313391208,0.12869769158363342,0.02854800596833229,-0.035546477884054184,-0.044331490993499756,,,,,,
1763596100.995278,,,,,,,-0.012175142765045166,-0.005509495735168457,0.0190732479095459,0.025611503049731255,0.03583846241235733,0.022710004821419716
1763596100.997903,-0.3623721535541117,-0.09832184254229068,0.021503829669207334,0.011896057054400444,0.02941175177693367,-0.041853684931993484,,,,,,
1763596101.005309,,,,,,,-0.010898470878601074,-0.006987929344177246,0.017463088035583496,0.017882296815514565,0.034413136541843414,0.023089570924639702
1763596101.007956,-0.36931568908169865,-0.04687514842152595,-0.08499401280507445,-0.0005813851021230221,0.08780795335769653,-0.0492737852036953,,,,,,
1763596101.015339,,,,,,,-0.006520986557006836,-0.02613624930381775,0.011234879493713379,-0.0012908652424812317,0.046461280435323715,0.026838770136237144
1763596101.018009,-0.293879705151543,0.03435352050065994,-0.09824877730607987,-0.0021810722537338734,0.12190162390470505,-0.05600566416978836,,,,,,
1763596101.02537,,,,,,,-0.00429224967956543,-0.026301085948944092,0.009147413074970245,-0.00591096468269825,0.05444543436169624,0.05096480995416641
1763596101.028062,-0.17247538544647395,0.03967383874058723,-0.013317892865091562,-0.007522041443735361,0.12014633417129517,-0.05642857402563095,,,,,,
1763596101.0354,,,,,,,0.0061280131340026855,-0.008566081523895264,0.0053250715136528015,0.03312032297253609,0.044591471552848816,0.062469664961099625
1763596101.038115,-0.11883885313123464,0.006481178712844848,0.009464578437805175,-0.010787302628159523,0.10447283834218979,-0.05966738611459732,,,,,,
1763596101.045431,,,,,,,0.010868966579437256,-0.0009874403476715088,-0.0007919073104858398,0.058189332485198975,0.037429966032505035,0.0695001482963562
1763596101.048168,-0.06791917855925858,0.011819032609462737,-0.0262859493792057,-0.010800352320075035,0.0984029620885849,-0.06127380207180977,,,,,,
1763596101.055462,,,,,,,0.011277437210083008,-0.005071908235549927,0.0008912011981010437,0.07260368764400482,0.032789140939712524,0.07313376665115356
1763596101.058221,-0.04017645450048148,0.08249240524768829,-0.053511956087499854,-0.004616856575012207,0.09743335098028183,-0.05941474065184593,,,,,,
1763596101.065492,,,,,,,0.004493594169616699,-0.007725656032562256,0.005588047206401825,0.06000673398375511,0.035202499479055405,0.07414310425519943
1763596101.068273,-0.05934380404613912,0.096081370139122,-0.03200140441656112,-0.0034005907364189625,0.08812107890844345,-0.061764445155858994,,,,,,
1763596101.075523,,,,,,,0.00030303001403808594,-0.0011315643787384033,0.00804436206817627,0.03829345107078552,0.047662097960710526,0.07935064285993576
1763596101.078326,-0.0738040718793869,0.11528992847800254,0.0001087210714817047,-0.0076637957245111465,0.06957728415727615,-0.07026003301143646,,,,,,
1763596101.085553,,,,,,,-0.000451505184173584,-0.009049415588378906,0.004507414996623993,0.03440896421670914,0.05922634154558182,0.07838791608810425
1763596101.088379,-0.017443740623444316,0.10675766245424746,-0.02578603703305125,6.0436781495809555e-05,0.06311964988708496,-0.08780919760465622,,,,,,
1763596101.095584,,,,,,,0.003981888294219971,-0.013821274042129517,-0.00658811628818512,0.02961340919137001,0.06850239634513855,0.09215379506349564
1763596101.098432,0.07532419411875307,0.07170096212029457,-0.037383681976795195,0.013008439913392067,0.043029289692640305,-0.09891277551651001,,,,,,
1763596101.105614,,,,,,,0.01201772689819336,0.008150488138198853,-0.0129164457321167,0.033604782074689865,0.04758699610829353,0.08887191116809845
1763596101.108485,0.10633673362843692,0.03275543765425682,-0.006828238584846258,0.02061442844569683,7.48978927731514e-05,-0.09000556170940399,,,,,,
1763596101.115645,,,,,,,0.012239634990692139,0.018657654523849487,-0.011109352111816406,0.04320334643125534,0.025745613500475883,0.07875616103410721
1763596101.118538,0.07585333255939185,0.05917641158998012,0.03162628749385476,0.020251834765076637,-0.04851863533258438,-0.07746606320142746,,,,,,
1763596101.125676,,,,,,,0.003704071044921875,0.002394348382949829,-0.0039185285568237305,0.029691660776734352,0.030221855267882347,0.07751479744911194
1763596101.128591,0.06997311541438102,0.09821838216781616,-0.00661444970369339,0.026452474296092987,-0.05513046309351921,-0.07528093457221985,,,,,,
1763596101.135706,,,,,,,-0.0033423900604248047,-0.009581208229064941,0.0004928261041641235,-0.0032865270040929317,0.040375422686338425,0.07909245789051056
1763596101.138644,0.06775229755975305,0.07147825928032397,-0.06939210065603256,0.03255927562713623,-0.04120068997144699,-0.07948432117700577,,,,,,
1763596101.145737,,,,,,,0.004427552223205566,-0.0013136565685272217,-0.006782062351703644,-0.011250868439674377,0.021051526069641113,0.058088768273591995
1763596101.148697,0.0159577398493886,-0.03864741830229759,0.0009295359350740909,0.03142663091421127,-0.04475947469472885,-0.07093371450901031,,,,,,
1763596101.155767,,,,,,,0.008305668830871582,0.015620380640029907,-0.015109196305274963,-0.041080404072999954,0.01267055794596672,0.029144734144210815
1763596101.15875,-0.06502367631345987,-0.1095318033427,0.08437105860114097,0.03132476285099983,-0.05893724411725998,-0.05527857318520546,,,,,,
1763596101.165798,,,,,,,-7.009506225585938e-05,0.016287654638290405,-0.007340326905250549,-0.06232498213648796,-0.0037395739927887917,0.021701399236917496
1763596101.168803,-0.12170644445680082,-0.06949556103050708,0.0848398451566696,0.02558378502726555,-0.07058830559253693,-0.04048098623752594,,,,,,
1763596101.175828,,,,,,,-0.007905304431915283,0.014823734760284424,0.0006566047668457031,-0.07532094419002533,-0.0033997544087469578,0.024177338927984238
1763596101.178856,-0.17301818708628416,-0.02191723277568817,0.0931589068211615,0.016770020127296448,-0.057863134890794754,-0.038072314113378525,,,,,,
1763596101.185859,,,,,,,-0.012642145156860352,0.017544031143188477,-0.0006200075149536133,-0.06591908633708954,0.015961959958076477,0.01896786317229271
1763596101.188909,-0.1280549367006868,-0.01294131463766098,0.055023237433284515,0.009586408734321594,-0.00534959277138114,-0.04847915098071098,,,,,,
1763596101.19589,,,,,,,-0.009311258792877197,0.0191652774810791,-0.01144874095916748,-0.041767418384552,0.018415795639157295,0.027383718639612198
1763596101.198962,-0.05049129309207201,-0.046448447442054744,0.04906359837651252,-0.008182412013411522,0.046647511422634125,-0.054068099707365036,,,,,,
1763596101.20592,,,,,,,-0.0010935664176940918,0.019327282905578613,-0.017526254057884216,0.002038149395957589,0.010206335224211216,0.02765609323978424
1763596101.209015,0.012517463202401996,-0.08306056052446364,0.10935454707965254,-0.028054118156433105,0.07515718042850494,-0.049609169363975525,,,,,,
1763596101.215951,,,,,,,0.001603841781616211,0.021213501691818237,-0.01812911033630371,0.029111314564943314,0.005801467224955559,0.03349107876420021
1763596101.219068,0.041664574166387316,-0.07443652456402779,0.1273953768134117,-0.04175131022930145,0.06946627050638199,-0.0362849086523056,,,,,,
1763596101.225981,,,,,,,-0.0021524429321289062,0.032350629568099976,-0.012042522430419922,0.059650734066963196,0.017388347536325455,0.04205840080976486
1763596101.229121,0.06654109513908624,-0.012400047367811202,0.10982698689699172,-0.04072199761867523,0.050291240215301514,-0.019280890002846718,,,,,,
1763596101.236012,,,,,,,-0.004387378692626953,0.030368387699127197,-0.01522517204284668,0.08913938701152802,0.008643326349556446,0.03995237499475479
1763596101.239174,0.046057840689271684,0.008528758892416954,0.03978153689876199,-0.026857489719986916,0.03308285400271416,-0.01201620139181614,,,,,,
1763596101.246042,,,,,,,-0.0031610727310180664,0.0227663516998291,-0.008297093212604523,0.09568306803703308,0.00013639091048389673,0.045155059546232224
1763596101.249227,0.034600773259997365,0.0374748673915863,0.007578764691203832,-0.005943419877439737,0.025848908349871635,-0.009628411382436752,,,,,,
1763596101.256073,,,,,,,-0.0006228089332580566,0.019948363304138184,-0.007236018776893616,0.08952583372592926,-0.005361971445381641,0.03118278458714485
1763596101.25928,0.023381313978880644,0.014691373175382614,0.06574103080257773,-0.002799875568598509,0.010844241827726364,-0.004774251952767372,,,,,,
1763596101.266104,,,,,,,-0.005440890789031982,0.013732314109802246,-0.00048100948333740234,0.05967523530125618,-0.0012529803207144141,0.023136910051107407
1763596101.269333,0.015380962874740362,-0.01850304041802883,0.1030395187139511,-0.015249354764819145,0.005246543325483799,-0.004523382056504488,,,,,,
1763596101.276134,,,,,,,-0.008535206317901611,1.1533498764038086e-05,-0.0031963661313056946,0.026365216821432114,0.003826999571174383,0.02020903117954731
1763596101.279386,0.018465338756144044,-0.0041740708142519,0.013920827194303273,-0.02316390350461006,0.02901236154139042,-0.013540886342525482,,,,,,
1763596101.286165,,,,,,,-0.004011571407318115,-0.005039334297180176,-0.009912744164466858,0.01152297854423523,0.012421819381415844,0.017051253467798233
1763596101.289439,0.07694967642873525,0.02290624381303787,-0.012552169189602136,-0.028346680104732513,0.05316243693232536,-0.01941315457224846,,,,,,
1763596101.296195,,,,,,,-3.129243850708008e-05,0.014151930809020996,-0.017763033509254456,0.003935632761567831,0.007544239517301321,0.010673249140381813
1763596101.299491,0.08580386788323521,-0.04379062640964985,0.04553060194477439,-0.028199926018714905,0.03584775701165199,-0.01735350675880909,,,,,,
1763596101.306226,,,,,,,0.000702977180480957,0.01972639560699463,-0.017866380512714386,0.022292418405413628,-0.013360776007175446,0.0013045817613601685
1763596101.309544,0.11313085074797272,-0.10115618918538093,0.07345730426833033,-0.021590225398540497,-0.004378226585686207,-0.006566906347870827,,,,,,
1763596101.316256,,,,,,,-0.006879150867462158,0.005162864923477173,-0.008584149181842804,0.00339036644436419,-0.01825087144970894,0.0011919300304725766
1763596101.319597,0.11795447151213884,-0.09179214851260185,0.03754281806126237,-0.004555783700197935,-0.03897978365421295,0.005465595051646233,,,,,,
1763596101.326287,,,,,,,-0.012639343738555908,0.007839828729629517,0.0010467767715454102,-0.005815540906041861,-0.018886834383010864,0.007660615257918835
1763596101.32965,0.0797637840013951,-0.07459025382101535,-0.016382979524135588,0.012809092178940773,-0.0624222606420517,0.011816434562206268,,,,,,
1763596101.336318,,,,,,,-0.014513969421386719,0.012316256761550903,0.0024613142013549805,-0.007084537297487259,-0.02475670911371708,-0.0027707205154001713
1763596101.339703,-0.017232216764613985,-0.06888590469956397,-0.03299962167367339,0.0247699823230505,-0.07312288880348206,0.01117471419274807,,,,,,
1763596101.346348,,,,,,,-0.01298290491104126,0.006085127592086792,-0.0011434555053710938,-0.023075174540281296,-0.028045179322361946,-0.009721238166093826
1763596101.349756,-0.04679631103165448,-0.069874331215024,-0.013629735293239355,0.026801440864801407,-0.0696200281381607,0.0093709547072649,,,,,,
1763596101.35638,,,,,,,-0.009172797203063965,-0.0016640126705169678,-0.0005327463150024414,-0.038172099739313126,-0.032186396420001984,-0.011803830042481422
1763596101.359809,-0.0703347883336246,-0.07156243043243884,0.010433715730905532,0.020002534613013268,-0.06488515436649323,0.011332466267049313,,,,,,
1763596101.366409,,,,,,,-0.008054137229919434,-0.006639838218688965,0.00031651556491851807,-0.03367667645215988,-0.028532005846500397,-0.018129568547010422
1763596101.369862,-0.11322941575162113,-0.07566577409803867,0.01594458810687065,0.013528387993574142,-0.04056117683649063,0.010063736699521542,,,,,,
1763596101.37644,,,,,,,-0.009168624877929688,-0.009875595569610596,0.00034572184085845947,-0.03148169815540314,-0.006277299951761961,-0.010115053504705429
1763596101.379915,-0.14546842831633985,-0.06406710624098777,0.0049978082872927185,0.003514400916174054,-0.004989799577742815,0.006072244606912136,,,,,,
1763596101.38647,,,,,,,-0.0026713013648986816,-0.004765599966049194,0.0008651018142700195,-0.01980859786272049,-0.007935384288430214,-0.005358048249036074
1763596101.389968,-0.18921214684434234,-0.061759413820505135,0.05943871578797698,-0.01222275011241436,0.017485681921243668,-0.0016674344660714269,,,,,,
1763596101.396501,,,,,,,0.0029430389404296875,8.678436279296875e-05,-0.0009067133069038391,-0.0054336534813046455,-0.009853925555944443,-0.00633090129122138
1763596101.400021,-0.20656214476972817,-0.05327507859170436,0.08830722900629043,-0.027271948754787445,0.025657806545495987,-0.010512897744774818,,,,,,
1763596101.406532,,,,,,,-0.000933527946472168,0.002850055694580078,0.005354776978492737,0.007786490488797426,-0.012542919255793095,-0.004298309795558453
1763596101.410074,-0.19972287333421407,-0.031280104404687877,0.02818929878249764,-0.027517758309841156,0.04207992181181908,-0.01683417707681656,,,,,,
1763596101.416562,,,,,,,-0.007959246635437012,-0.002587825059890747,0.010869264602661133,0.0210381131619215,0.0015366809675469995,0.010904079303145409
1763596101.420127,-0.10619001863412558,-0.021893851900100708,-0.03336114846244454,-0.019912218675017357,0.058979373425245285,-0.012757007032632828,,,,,,
1763596101.426593,,,,,,,-0.011189460754394531,-0.0025522708892822266,0.011260263621807098,0.022821439430117607,0.00042827337165363133,0.00777067057788372
1763596101.43018,-0.06557480739019811,-0.05425006110370159,-0.02599018130302429,-0.016065016388893127,0.05860013887286186,-0.00909942202270031,,,,,,
1763596101.436623,,,,,,,-0.008983254432678223,0.00296097993850708,0.011797778308391571,0.027514461427927017,-0.01759759895503521,0.011433581821620464
1763596101.440233,-0.03584828910306096,-0.05080664265155792,-0.017623188843578098,-0.012261999770998955,0.04607582464814186,-0.0010515437461435795,,,,,,
1763596101.446654,,,,,,,-0.00930696725845337,-0.0036207735538482666,0.013742685317993164,0.021227775141596794,-0.024419551715254784,0.01364673487842083
1763596101.450286,-0.03077960753664374,-0.038140053302049635,-0.03148687902316451,-0.0026298784650862217,0.02723875641822815,0.009956099092960358,,,,,,
1763596101.456684,,,,,,,-0.011967778205871582,-0.011404484510421753,0.019567377865314484,0.0046530598774552345,-0.02248077094554901,0.029578562825918198
1763596101.460339,-0.04678074813634157,-0.03228782014250755,-0.07355740364193916,0.008511526510119438,0.019225191324949265,0.011118615046143532,,,,,,
1763596101.466715,,,,,,,-0.01138317584991455,-0.01567724347114563,0.01774311065673828,-0.0009281807579100132,-0.021486612036824226,0.039235785603523254
1763596101.470392,-0.11722564578093587,-0.056338557815551756,-0.11374445260167121,0.016630172729492188,0.02275334857404232,-0.00033031462226063013,,,,,,
1763596101.476745,,,,,,,-0.005681455135345459,-0.016571104526519775,0.00746048241853714,-0.005670737940818071,-0.020446648821234703,0.04192584380507469
1763596101.480445,-0.17334814969301224,-0.06622983723282813,-0.141900872027874,0.015996715053915977,0.017184428870677948,-0.021355625241994858,,,,,,
1763596101.486776,,,,,,,0.0024584531784057617,-0.01741155982017517,-0.0004122331738471985,-0.0013263961300253868,-0.030750419944524765,0.053749945014715195
1763596101.490498,-0.1785475449670106,-0.02314940491914749,-0.09176540663614868,0.01005174033343792,0.01611623540520668,-0.04693209007382393,,,,,,
1763596101.496807,,,,,,,0.003939688205718994,-0.02449136972427368,0.0018646717071533203,-0.014203046448528767,-0.012612161226570606,0.05190996825695038
1763596101.500551,-0.11649009804800152,-0.010462357303500175,-0.026597937937825916,0.005456111393868923,0.019280387088656425,-0.06689517199993134,,,,,,
1763596101.506837,,,,,,,-0.0013368725776672363,-0.025498628616333008,0.010670304298400879,-0.02704562619328499,-0.010682434774935246,0.06065778806805611
1763596101.510604,-0.08724317997135221,-0.0018739771783351897,0.009744856683909892,-0.0031035542488098145,0.01827637478709221,-0.072746142745018,,,,,,
1763596101.516868,,,,,,,0.001162707805633545,-0.015398293733596802,0.014095544815063477,-0.01622520387172699,-0.011391634121537209,0.06317713856697083
1763596101.520656,-0.09461626602262257,0.012870002967119216,-0.058806555364280935,-0.008056845515966415,0.022220831364393234,-0.07266120612621307,,,,,,
1763596101.526898,,,,,,,-0.000644683837890625,-0.011538147926330566,0.013341553509235382,-0.022199133411049843,-0.011262470856308937,0.05579998344182968
1763596101.530709,-0.07267784432843327,0.04535831411778927,-0.1607353363573551,-0.0011352906003594398,0.03463995084166527,-0.06693115085363388,,,,,,
1763596101.536929,,,,,,,-0.00464022159576416,-0.015801936388015747,0.010207422077655792,-0.023117125034332275,0.0017159117851406336,0.06911871582269669
1763596101.540762,-0.036033144150674344,0.07939093210101127,-0.16260449123010037,0.012164872139692307,0.037766121327877045,-0.05882177874445915,,,,,,
1763596101.546959,,,,,,,-0.0037949085235595703,-0.010068506002426147,0.009496450424194336,-0.02074412815272808,0.0009755529463291168,0.07588008046150208
1763596101.550815,-0.008790478568524121,0.05037760358452797,-0.04418298672810197,0.015366524457931519,0.013350528664886951,-0.05515540763735771,,,,,,
1763596101.55699,,,,,,,-4.285573959350586e-05,0.004270076751708984,0.004281170666217804,-0.005915381014347076,-0.007238168269395828,0.07344382256269455
1763596101.560868,-0.04606156701631844,-0.035361236238479615,0.06304813845679164,0.015470316633582115,-0.023067288100719452,-0.058119021356105804,,,,,,
1763596101.567021,,,,,,,0.001393139362335205,0.006510823965072632,0.0016940906643867493,-0.011723028495907784,-0.0014977246755734086,0.07241164892911911
1763596101.570921,-0.060270198176056146,-0.04632511332333088,0.05654328660741448,0.00948805920779705,-0.047098055481910706,-0.05964474752545357,,,,,,
1763596101.577051,,,,,,,-0.003961384296417236,0.0018227994441986084,0.004606723785400391,-0.012478301301598549,0.005192668177187443,0.06844940036535263
1763596101.580974,-0.06269837517105042,-0.03184650611579418,-0.03042860214188695,0.01253040973097086,-0.04288547486066818,-0.0574890598654747,,,,,,
1763596101.587082,,,,,,,-0.005918741226196289,0.0004887878894805908,0.007598757743835449,-0.02761731669306755,0.01969810761511326,0.05360779911279678
1763596101.591027,-0.09745609255842864,-0.024066519764065743,-0.0757692344725132,0.01647401973605156,-0.03023945353925228,-0.05042662471532822,,,,,,
1763596101.597112,,,,,,,-0.005759596824645996,0.00823444128036499,0.007677808403968811,-0.022354111075401306,0.01615104451775551,0.038087695837020874
1763596101.60108,-0.16572043129354713,0.0015367080479860304,-0.08878054560646415,0.023168429732322693,-0.016795281320810318,-0.04586188867688179,,,,,,
1763596101.607143,,,,,,,-0.0036841630935668945,0.0065285563468933105,0.0060482025146484375,-0.027125705033540726,0.014242622070014477,0.03204251825809479
1763596101.611133,-0.17935235854387283,-0.00809445912837982,-0.062379007023572915,0.023179348558187485,-0.005436632316559553,-0.050289928913116455,,,,,,
1763596101.617173,,,,,,,-0.002857983112335205,0.007678329944610596,0.0063032060861587524,-0.026043396443128586,0.020895464345812798,0.031601499766111374
1763596101.621186,-0.12705131261609495,-0.00025017536878585813,-0.0044854748509824275,0.015866955742239952,0.0028896357398480177,-0.05556546151638031,,,,,,
1763596101.627204,,,,,,,-0.006766378879547119,0.007750570774078369,0.008802413940429688,-0.02873920276761055,0.021294672042131424,0.03512546420097351
1763596101.631239,-0.07507796427272259,-0.01704874995648861,0.02046308844462037,0.00583269726485014,0.013369174674153328,-0.05918203666806221,,,,,,
1763596101.637234,,,,,,,-0.006037414073944092,0.008385509252548218,0.007021307945251465,-0.022444289177656174,0.020569227635860443,0.038936980068683624
1763596101.641292,-0.0031759996876120564,-0.026795652467012404,-0.0024083763159811495,-0.003472214564681053,0.02929525263607502,-0.05298418179154396,,,,,,
1763596101.647264,,,,,,,-0.003178238868713379,0.0084744393825531,0.003631606698036194,-0.00949949212372303,0.011201292276382446,0.038445159792900085
1763596101.651345,0.055370881827175616,-0.0139817636013031,-0.08070712926611304,-0.0035896603949368,0.04108214005827904,-0.035807590931653976,,,,,,
1763596101.657295,,,,,,,-0.0049953460693359375,0.005481064319610596,0.00412905216217041,-0.001521193771623075,0.009547469206154346,0.036693066358566284
1763596101.661398,0.07345343181081115,-0.022526304584741592,-0.05816460419893264,0.0029797679744660854,0.0401865690946579,-0.01708046905696392,,,,,,
1763596101.667325,,,,,,,-0.007029056549072266,0.006214916706085205,0.006596945226192474,-0.0028829313814640045,0.009270234033465385,0.0404350720345974
1763596101.671451,0.027023835199698806,-0.03269932355284691,-0.032183921376615764,0.011336768046021461,0.01781361736357212,-0.006535149645060301,,,,,,
1763596101.677356,,,,,,,-0.008348703384399414,0.008492916822433472,0.0062383562326431274,0.0016987710259854794,0.014196016825735569,0.03514283895492554
1763596101.681504,-0.055147009943425654,-0.06568623187541961,-0.002049333745241165,0.02292579971253872,-0.011524559929966927,-0.00995005201548338,,,,,,
1763596101.687387,,,,,,,-0.008903861045837402,0.010756582021713257,0.0008681938052177429,-0.003323437413200736,0.02326887473464012,0.022776851430535316
1763596101.691557,-0.10289704150334,-0.06618599809110164,0.009724106156826019,0.022473862394690514,-0.03222930431365967,-0.023323647677898407,,,,,,
1763596101.697417,,,,,,,-0.007078707218170166,0.010218322277069092,-0.0014963224530220032,-0.006588206626474857,0.03250977769494057,0.010494617745280266
1763596101.70161,-0.09911167774572968,-0.039032033705711365,0.01092003794312477,0.026445146650075912,-0.0364389643073082,-0.040939997881650925,,,,,,
1763596101.707448,,,,,,,-0.006380677223205566,0.00894254446029663,-0.00037644803524017334,-0.015128044411540031,0.03547121211886406,0.011317934840917587
1763596101.711663,-0.043169133510440584,0.013872458007931708,0.035140286964178084,0.018088679760694504,-0.03509220480918884,-0.04510065168142319,,,,,,
1763596101.717479,,,,,,,-0.004023194313049316,0.010243803262710571,0.0014819055795669556,0.0013665100559592247,0.03253268077969551,0.016731875017285347
1763596101.721715,0.016165975772589443,0.03448386888206005,0.031215953127294777,0.009758850559592247,-0.01355702430009842,-0.04350437596440315,,,,,,
1763596101.727509,,,,,,,-0.005243420600891113,0.007876396179199219,0.0055538564920425415,0.010458678007125854,0.0337848998606205,0.02040364034473896
1763596101.731768,0.0900461085628718,0.03733692022562027,-0.03381327614411712,0.003920668736100197,0.01712631806731224,-0.033600613474845886,,,,,,
1763596101.73754,,,,,,,-0.002682209014892578,0.015184372663497925,0.003870949149131775,0.02193557098507881,0.02266513556241989,0.02798992209136486
1763596101.741821,0.08834982603900134,0.010006430229544639,-0.07584989849328995,0.0018356223590672016,0.03201371058821678,-0.015129154548048973,,,,,,
1763596101.747571,,,,,,,0.0003878474235534668,0.014296472072601318,0.00017570704221725464,0.027620291337370872,0.017206721007823944,0.014070644043385983
1763596101.751874,0.05226546315774321,-0.010675707793235779,-0.07844634472727775,0.008875422179698944,0.029021114110946655,0.002788326470181346,,,,,,
1763596101.757601,,,,,,,-0.0030730366706848145,0.005985945463180542,-0.0007231235504150391,-0.0036641284823417664,0.014802418649196625,0.010775514878332615
1763596101.761927,0.026591873523220417,-0.02787818700671196,-0.04726823939234018,0.019234204664826393,0.009836339391767979,0.008993039838969707,,,,,,
1763596101.767632,,,,,,,-0.005642116069793701,0.003116220235824585,-0.00015901029109954834,-0.02421158365905285,0.019140973687171936,0.005275022238492966
1763596101.77198,-0.005572101043909788,-0.04130991550981998,0.024431553684175013,0.02608571946620941,-0.010185038670897484,-0.0004950042348355055,,,,,,
1763596101.777663,,,,,,,-0.011503517627716064,0.005264073610305786,0.002962827682495117,-0.03443838655948639,0.029970452189445496,0.0058326879516243935
1763596101.782033,-0.029041750893369314,-0.04319558312594891,0.027997575602680444,0.032829735428094864,-0.026421640068292618,-0.015676766633987427,,,,,,
1763596101.787693,,,,,,,-0.012086331844329834,0.011668384075164795,0.001276254653930664,-0.02159922569990158,0.026036962866783142,0.004656369797885418
1763596101.792086,-0.02877126338891685,-0.05359422754347324,0.015105214673280715,0.039392031729221344,-0.03730997443199158,-0.0235125869512558,,,,,,
1763596101.797724,,,,,,,-0.009587883949279785,0.01311647891998291,-0.003393992781639099,-0.008651734329760075,0.033404067158699036,-0.002028697170317173
1763596101.802139,-0.018352379900962112,-0.027942484414577484,-0.007854805153608322,0.03792469948530197,-0.03200000897049904,-0.024432657286524773,,,,,,
1763596101.807754,,,,,,,-0.004882514476776123,0.010531842708587646,-0.006418332457542419,0.006911163218319416,0.040980760008096695,0.00312704942189157
1763596101.812192,0.0019538374815136193,0.0065641808211803435,0.01229147242680192,0.034166980534791946,-0.00938764214515686,-0.02237057127058506,,,,,,
1763596101.817785,,,,,,,-0.003486812114715576,0.00755801796913147,-0.0018858909606933594,0.021075718104839325,0.03450501710176468,0.013220695778727531
1763596101.822245,0.007408230429887771,0.025915947023034094,0.05013999543637037,0.018538091331720352,0.016581006348133087,-0.016949718818068504,,,,,,
1763596101.827815,,,,,,,-0.00121992826461792,0.011066645383834839,-0.004694588482379913,0.02743735909461975,0.02932996302843094,0.015399227850139141
1763596101.832298,0.03195946497097611,-0.011380056670308112,0.04345554923638701,0.004192708060145378,0.0412549264729023,-0.010988498106598854,,,,,,
1763596101.837846,,,,,,,-0.001880943775177002,0.012550562620162964,-0.006202921271324158,0.0356215201318264,0.024786077439785004,0.02053034119307995
1763596101.842351,0.04800656360425055,-0.023817513439059256,0.00936301775947213,-0.007540133316069841,0.05335300788283348,-0.007372965104877949,,,,,,
1763596101.847876,,,,,,,-0.0030423402786254883,0.006158351898193359,-0.0033974647521972656,0.0256817564368248,0.01712922193109989,0.028213495388627052
1763596101.852404,0.053626522377878426,-0.020768647262454032,-0.01065817213654518,-0.0072405277751386166,0.0549253411591053,-0.004592091776430607,,,,,,
1763596101.857907,,,,,,,-0.004152774810791016,0.0033250749111175537,-0.006149396300315857,0.024452708661556244,0.023211350664496422,0.031407956033945084
1763596101.862457,0.06275039761923253,-0.01750701511800289,-0.0038413317285478114,-0.0005580326542258263,0.04479682072997093,-0.0023515503853559494,,,,,,
1763596101.867938,,,,,,,-0.006345212459564209,0.00525251030921936,-0.00986933708190918,0.02206268534064293,0.02638637088239193,0.027852902188897133
1763596101.87251,0.0509779806304723,-0.05842822357118129,0.010168488923460244,0.011211806908249855,0.021226512268185616,0.0018823430873453617,,,,,,
1763596101.877968,,,,,,,-0.004070758819580078,0.014636784791946411,-0.009667396545410156,0.03354703262448311,0.01831832341849804,0.012001235038042068
1763596101.882563,0.024377558474615216,-0.09455050731003284,0.03759425598755479,0.02352796122431755,-0.007046184502542019,0.00907403975725174,,,,,,
1763596101.887999,,,,,,,-0.004085361957550049,0.014313489198684692,-0.00956309586763382,0.02914315089583397,0.015109214931726456,-0.008860237896442413
1763596101.892616,-0.010135025045275688,-0.08690496099293231,0.07779299538508057,0.03277711942791939,-0.030055897310376167,0.013905280269682407,,,,,,
1763596101.898029,,,,,,,-0.006676018238067627,0.014736920595169067,-0.0037740319967269897,0.0017687836661934853,0.01414009090512991,-0.02599981054663658
1763596101.902669,-0.08315145367830991,-0.06409808590114116,0.09777283035740256,0.0329439677298069,-0.0371609628200531,0.013941872864961624,,,,,,
1763596101.90806,,,,,,,-0.009917259216308594,0.006934672594070435,0.00484621524810791,-0.019072560593485832,0.019084515050053596,-0.02926557883620262
1763596101.912722,-0.09129800832010805,-0.0007902735948562622,0.07467734758257866,0.024369653314352036,-0.022495735436677933,0.008267476223409176,,,,,,
1763596101.918089,,,,,,,-0.00915616750717163,0.0010126233100891113,0.008106842637062073,-0.031129490584135056,0.02114793285727501,-0.026982983574271202
1763596101.922775,-0.052900326995179055,0.013619360029697417,0.03309665230736136,0.011743592098355293,0.009119159542024136,0.011836421675980091,,,,,,
1763596101.928121,,,,,,,-0.0023692846298217773,0.007135599851608276,-0.0008339881896972656,-0.010830482468008995,0.009969579987227917,-0.027614682912826538
1763596101.932827,-0.01801912935860455,0.00526069700717926,-0.05581482620239257,0.0011519338004291058,0.03587353974580765,0.021173998713493347,,,,,,
1763596101.938152,,,,,,,0.003400862216949463,0.011103838682174683,-0.011526353657245636,0.007036399096250534,0.002802481409162283,-0.018691230565309525
1763596101.94288,-0.0031525457467883825,0.00815466488301754,-0.08646598505377769,-0.0019857403822243214,0.045392245054244995,0.02951192669570446,,,,,,
1763596101.948181,,,,,,,0.006390511989593506,0.008152306079864502,-0.010367274284362793,0.017850402742624283,0.001285544945858419,-0.008365022949874401
1763596101.952933,-0.029286592499911782,-0.0005611410140991211,-0.014383768530935048,0.0015061963349580765,0.028041748329997063,0.03526302054524422,,,,,,
1763596101.958213,,,,,,,0.003399491310119629,0.0033532381057739258,-0.004106044769287109,0.027376797050237656,-0.0007184838177636266,-0.0005113612860441208
1763596101.962986,-0.05320793163962662,-0.016084873360395432,0.059076604477316136,0.0029196287505328655,0.00220444961450994,0.03673213720321655,,,,,,
1763596101.968242,,,,,,,0.00014829635620117188,0.0004240572452545166,0.0004439502954483032,0.025197841227054596,0.0063591329380869865,-0.011624865233898163
1763596101.973039,-0.08724960971213877,-0.02961655510663986,0.02451470192298293,0.0031337470281869173,-0.007216482888907194,0.02582596242427826,,,,,,
1763596101.978273,,,,,,,-0.002099335193634033,-0.0035779476165771484,0.0005911737680435181,0.021173272281885147,0.004759904928505421,-0.01539643481373787
1763596101.983092,-0.10815832303240895,-0.012186112356185913,-0.02655585236176848,0.003994964994490147,0.0006375615485012531,0.012669969350099564,,,,,,
1763596101.988303,,,,,,,-0.0015730857849121094,-0.012363970279693604,0.006747350096702576,-0.004720861092209816,0.010077704675495625,-0.02101776748895645
1763596101.993145,-0.11058423500508069,0.003329436683654785,-0.03831906313076615,0.010800139978528023,0.002773150335997343,0.006339902523905039,,,,,,
1763596101.998334,,,,,,,-0.003269493579864502,-0.01390025019645691,0.01287221908569336,-0.018386606127023697,0.010369321331381798,-0.026510003954172134
1763596102.003198,-0.13140453938953578,0.02370528523623943,0.010139262828975915,0.020091548562049866,-0.015332240611314774,0.0036838138476014137,,,,,,
1763596102.008365,,,,,,,-0.0004680752754211426,-0.008337914943695068,0.009889379143714905,-0.01657254248857498,0.023049162700772285,-0.025514382869005203
1763596102.013251,-0.12949125311411916,0.04009235641360283,-0.006074497608095407,0.03629368916153908,-0.03752436488866806,0.007876427844166756,,,,,,
1763596102.018395,,,,,,,0.0042067766189575195,-0.00024822354316711426,0.006724834442138672,-0.009469892829656601,0.021108251065015793,-0.03964617848396301
1763596102.023304,-0.13166479776091872,0.05269990905225277,-0.008258271387964486,0.05061575397849083,-0.05561472848057747,0.01852044276893139,,,,,,
1763596102.028426,,,,,,,0.007000565528869629,-0.0030000805854797363,0.0056314617395401,-0.014027601107954979,0.010598619468510151,-0.04095246270298958
1763596102.033357,-0.1663924122709781,0.03111760731935501,0.028714199439436195,0.05310314893722534,-0.05878974869847298,0.024566350504755974,,,,,,
1763596102.038456,,,,,,,0.008222997188568115,-0.008679717779159546,0.007270097732543945,-0.010418752208352089,0.013166172429919243,-0.03643600642681122
1763596102.04341,-0.21157668499611318,-0.004247720572352409,0.049509004056453705,0.048114143311977386,-0.04742419347167015,0.027872061356902122,,,,,,
1763596102.048487,,,,,,,0.001575469970703125,-0.008655935525894165,0.007705092430114746,0.007414805702865124,0.021362850442528725,-0.027748309075832367
1763596102.053463,-0.26377105567902326,-0.0313444018125534,0.04076923276185989,0.032652631402015686,-0.01708972081542015,0.02387572079896927,,,,,,
1763596102.058517,,,,,,,0.0032828450202941895,-0.005277365446090698,0.004910111427307129,0.03195663541555405,0.020463766530156136,-0.024020683020353317
1763596102.063516,-0.2853751308523118,-0.039976621079444885,-0.006900865429639816,0.012877050787210464,0.03641709312796593,0.012147539295256138,,,,,,
1763596102.068548,,,,,,,0.004282474517822266,-0.01273450255393982,0.0007355138659477234,0.04716718941926956,0.02127096988260746,-0.017178421840071678
1763596102.073569,-0.26116123850680883,-0.03721241706311702,-0.03219911894574761,-0.005378384608775377,0.08876924961805344,-0.0050274524837732315,,,,,,
1763596102.078579,,,,,,,0.004890561103820801,-0.016606450080871582,-0.0001363903284072876,0.045564763247966766,0.019298100844025612,0.0017348153050988913
1763596102.083622,-0.21282895007953045,-0.055229719790816305,0.0003391688264906406,-0.02406635694205761,0.1156325489282608,-0.018960434943437576,,,,,,
1763596102.088609,,,,,,,0.0010080933570861816,-0.017642110586166382,0.0006875991821289062,0.05496262386441231,0.030427983030676842,0.012218615040183067
1763596102.093675,-0.17604462223537265,-0.07207388708591461,0.04381196145862341,-0.027885597199201584,0.1193053126335144,-0.024958940222859383,,,,,,
1763596102.09864,,,,,,,-0.0038396716117858887,-0.020402252674102783,0.0007977485656738281,0.0499819815158844,0.03383709490299225,0.029248464852571487
1763596102.103728,-0.07350077808387577,-0.02181961762011051,0.010613748472929,-0.02689686045050621,0.10524440556764603,-0.027552146464586258,,,,,,
1763596102.10867,,,,,,,0.0004729032516479492,-0.01787853240966797,0.0024641603231430054,0.07038483023643494,0.032371293753385544,0.03824728727340698
1763596102.113781,-0.007432561153545975,0.04665127653777599,-0.036775925341993566,-0.020844563841819763,0.08974480628967285,-0.028818480670452118,,,,,,
1763596102.118701,,,,,,,0.005959749221801758,-0.014413654804229736,-0.00011169910430908203,0.0733148381114006,0.026881452649831772,0.039106689393520355
1763596102.123834,0.008069909209012984,0.039569209322333335,-0.044378070908784865,-0.010411785915493965,0.07116296887397766,-0.02932720258831978,,,,,,
1763596102.128731,,,,,,,0.0071898698806762695,-0.005349665880203247,-0.003012418746948242,0.0711144357919693,0.018910611048340797,0.032829418778419495
1763596102.133887,-0.027709552441537378,0.0015688567519187926,-0.04584288276433945,-0.003846827894449234,0.046036042273044586,-0.03746209293603897,,,,,,
1763596102.138762,,,,,,,0.001078188419342041,-0.013580352067947388,0.0009666606783866882,0.02058735117316246,0.02596106380224228,0.02727379836142063
1763596102.14394,-0.03716331722438335,0.013530512702465056,-0.030793928322941064,0.00831517018377781,0.02517525479197502,-0.050983842462301254,,,,,,
1763596102.148793,,,,,,,-0.0018074512481689453,-0.02160051465034485,0.005969032645225525,-0.021811319515109062,0.032066892832517624,0.022140953689813614
1763596102.153992,0.02035400204695761,0.07270984690189361,-0.0023905483983457086,0.023038458079099655,0.00949163269251585,-0.05954696983098984,,,,,,
1763596102.158823,,,,,,,-0.0005722641944885254,-0.018369019031524658,0.0070836544036865234,-0.043439384549856186,0.0371633842587471,0.018068980425596237
1763596102.164045,0.0388912369955331,0.08438684069216251,0.05122618323788047,0.03767821192741394,-0.020938614383339882,-0.05555872246623039,,,,,,
1763596102.168854,,,,,,,0.002140820026397705,0.0017399787902832031,0.004333972930908203,-0.027697017416357994,0.026239629834890366,0.01244884543120861
1763596102.174098,0.04225070349127054,0.04318097007870674,0.07854337536096573,0.05090134218335152,-0.058226328343153,-0.03628143295645714,,,,,,
1763596102.178885,,,,,,,0.003915071487426758,0.020082861185073853,-1.5400350093841553e-05,-0.008337700739502907,0.015942517668008804,0.0025336304679512978
1763596102.184151,0.035972353874146934,0.002722118440270424,0.07434519301876426,0.06309099495410919,-0.08066191524267197,-0.012067087925970554,,,,,,
1763596102.188915,,,,,,,-0.000156402587890625,0.02857014536857605,0.000736728310585022,-0.010320132598280907,0.015717482194304466,-0.00925005879253149
1763596102.194204,-0.02268251805976033,-0.014510755911469459,0.03937193318456411,0.07006049156188965,-0.09126368910074234,0.011723995208740234,,,,,,
1763596102.198946,,,,,,,-0.004603862762451172,0.0331728458404541,0.0007938072085380554,-0.040341150015592575,0.0347319170832634,-0.03931394964456558
1763596102.204257,-0.04629069959707558,0.004098082968592644,0.0966693991601467,0.05969233810901642,-0.09323406219482422,0.037286169826984406,,,,,,
1763596102.208976,,,,,,,-0.006424903869628906,0.03204464912414551,0.0019969940185546875,-0.08372624218463898,0.04081564396619797,-0.10161174833774567
1763596102.21431,0.03282463043294847,0.06606207945048809,0.059187371375411746,0.05899165943264961,-0.08321525156497955,0.06782703101634979,,,,,,
1763596102.219007,,,,,,,-0.0033656954765319824,0.02799054980278015,0.008758321404457092,-0.13105648756027222,0.03949178755283356,-0.15468640625476837
1763596102.224363,0.1277490856219083,0.0835901373565197,-0.029263503885269163,0.09045717865228653,-0.09995795041322708,0.10551632195711136,,,,,,
1763596102.229038,,,,,,,-0.0005646347999572754,0.036978185176849365,0.016084328293800354,-0.21503081917762756,0.024810578674077988,-0.23224365711212158
1763596102.234416,0.0903755597129464,0.05686345847249031,-0.09327449602484703,0.15107153356075287,-0.1710374504327774,0.15092934668064117,,,,,,
1763596102.239069,,,,,,,0.0025286078453063965,0.05285376310348511,0.018277660012245178,-0.2716965079307556,0.030581913888454437,-0.2927887439727783
1763596102.244469,-0.036310572852566836,0.050693829926848406,-0.03477423013076186,0.21513082087039948,-0.279448002576828,0.19775766134262085,,,,,,
1763596102.249099,,,,,,,-8.96453857421875e-05,0.063958078622818,0.01691390573978424,-0.32750922441482544,0.04279197379946709,-0.3489178717136383
1763596102.254522,-0.15669329442493615,0.039244215151667594,0.06426701272726058,0.25674325227737427,-0.3504081964492798,0.2424452304840088,,,,,,
1763596102.25913,,,,,,,-0.010304689407348633,0.08323872089385986,0.012170687317848206,-0.31062209606170654,0.04857369884848595,-0.4035225212574005
1763596102.264575,-0.1959722155638039,0.049020928278565405,0.11522811528816819,0.2599431872367859,-0.328661173582077,0.27126866579055786,,,,,,
1763596102.26916,,,,,,,-0.014835476875305176,0.1001802384853363,0.012573614716529846,-0.2810094952583313,0.05991503596305847,-0.4451276957988739
1763596102.274628,-0.13659034452959895,0.05936170502901077,0.1236952071212232,0.22517801821231842,-0.2205325812101364,0.29802438616752625,,,,,,
1763596102.279191,,,,,,,-0.014625906944274902,0.11738300323486328,0.017416253685951233,-0.22419734299182892,0.06539369374513626,-0.4603111743927002
1763596102.284681,-0.13144896305315196,0.027685879305005073,0.06020210137590765,0.1675003468990326,-0.06909942626953125,0.32154470682144165,,,,,,
1763596102.289221,,,,,,,-0.008866727352142334,0.1166638433933258,0.011398069560527802,-0.14909447729587555,0.07980192452669144,-0.4856357276439667
1763596102.294734,-0.09312821942195296,0.03383855671584606,-0.019554595297574997,0.11436523497104645,0.07896167784929276,0.35332101583480835,,,,,,
1763596102.299252,,,,,,,-0.005207479000091553,0.11184835433959961,4.5530498027801514e-05,-0.07539601624011993,0.08801484853029251,-0.5073503255844116
1763596102.304787,0.02017550367489457,0.060120414441823956,-0.07276610713377595,0.0859714075922966,0.17933355271816254,0.39838677644729614,,,,,,
1763596102.309283,,,,,,,-0.0025722384452819824,0.11098870635032654,-0.0011597946286201477,-0.004336174111813307,0.0891038104891777,-0.5269850492477417
1763596102.31484,0.13195150574781,0.10568681835234164,-0.06486570927277208,0.08759964257478714,0.20934098958969116,0.4460759162902832,,,,,,
1763596102.319313,,,,,,,-0.005563914775848389,0.11229321360588074,0.007241249084472656,0.03992476314306259,0.10614724457263947,-0.5485460162162781
1763596102.324893,0.21108429836928844,0.14236732049584389,-0.08211261214986443,0.10893730819225311,0.19063644111156464,0.4854468107223511,,,,,,
1763596102.329344,,,,,,,-0.012938082218170166,0.1059824526309967,0.01636481285095215,0.05055078864097595,0.11586378514766693,-0.5763225555419922
1763596102.334946,0.27130890383794903,0.1400707339912653,-0.1283938863314688,0.1376246064901352,0.15492185950279236,0.5066647529602051,,,,,,
1763596102.339374,,,,,,,-0.016899049282073975,0.08221885561943054,0.01534520834684372,0.04610251262784004,0.12386525422334671,-0.612735390663147
1763596102.344999,0.3476303653657436,0.11046703836619853,-0.17057152458652852,0.1636650264263153,0.12705978751182556,0.5080156326293945,,,,,,
1763596102.349405,,,,,,,-0.01855945587158203,0.053997963666915894,0.018201105296611786,-0.016534755006432533,0.13026483356952667,-0.62577885389328
1763596102.355052,0.44728024164140223,0.14378829320967196,-0.22494272785186767,0.1751064956188202,0.1142827570438385,0.4888158142566681,,,,,,
1763596102.359435,,,,,,,-0.018178343772888184,0.027109414339065552,0.023747555911540985,-0.06364580988883972,0.1330299973487854,-0.6291328072547913
1763596102.365105,0.5541226597696542,0.18727087658345698,-0.23729469829425215,0.17960458993911743,0.10949651896953583,0.4598369598388672,,,,,,
1763596102.369466,,,,,,,-0.014547467231750488,-0.0007978081703186035,0.023258917033672333,-0.1246795728802681,0.13730943202972412,-0.6086521148681641
1763596102.375158,0.632905177648738,0.20313596971333026,-0.24677009038701653,0.17845597863197327,0.09876584261655807,0.4412499666213989,,,,,,
1763596102.379496,,,,,,,-0.006383001804351807,-0.002139538526535034,0.013130411505699158,-0.13141018152236938,0.11835624277591705,-0.580186665058136
1763596102.385211,0.6360664181586354,0.1648264050632715,-0.23933935586437582,0.1795361042022705,0.07404942810535431,0.43279707431793213,,,,,,
1763596102.389527,,,,,,,0.002682626247406006,0.003838181495666504,-0.005912572145462036,-0.09676112234592438,0.10028696060180664,-0.5533068180084229
1763596102.395264,0.5723481618879362,0.08153086673915386,-0.21988091441765426,0.18364135921001434,0.03562400862574577,0.4330596625804901,,,,,,
1763596102.399558,,,,,,,0.006889760494232178,0.013094544410705566,-0.014674082398414612,-0.049999743700027466,0.07808445394039154,-0.5248504281044006
1763596102.405316,0.4916040981449187,0.032732056778669354,-0.17361118454337118,0.19513006508350372,-0.00754200667142868,0.4425090253353119,,,,,,
1763596102.409588,,,,,,,0.0018064379692077637,0.023668408393859863,-0.01420392096042633,-0.0002629421651363373,0.06752022355794907,-0.5057951211929321
1763596102.415369,0.36455654838848855,-0.04909107090532779,-0.07893748924508691,0.206576868891716,-0.04648008570075035,0.45046839118003845,,,,,,
1763596102.419619,,,,,,,-0.007909178733825684,0.02912282943725586,-0.010204792022705078,0.03271524980664253,0.06693379580974579,-0.5100964307785034
1763596102.425422,0.16962269942909478,-0.12530220392644403,0.013592325892299412,0.21799179911613464,-0.06630256772041321,0.4591232240200043,,,,,,
1763596102.429648,,,,,,,-0.013732075691223145,0.031014293432235718,-0.0020846277475357056,0.03647467494010925,0.06973198056221008,-0.5260641574859619
1763596102.435475,-0.009871624868735671,-0.16147417202591896,0.10281403939500451,0.22966629266738892,-0.06802350282669067,0.4624633491039276,,,,,,
1763596102.43968,,,,,,,-0.01722574234008789,0.026783764362335205,0.009542003273963928,0.011589300818741322,0.06641367822885513,-0.5559360384941101
1763596102.445528,-0.1886262915140949,-0.18535247574150562,0.1705632682148367,0.23127225041389465,-0.05988319218158722,0.46857672929763794,,,,,,
1763596102.449711,,,,,,,-0.01403278112411499,0.03206011652946472,0.015756845474243164,-0.027846653014421463,0.07682743668556213,-0.5923331379890442
1763596102.455581,-0.33294797921441494,-0.18232699044048786,0.19250527010560034,0.22717124223709106,-0.04316546767950058,0.4769614338874817,,,,,,
1763596102.45974,,,,,,,-0.013982415199279785,0.038367658853530884,0.021805986762046814,-0.07619607448577881,0.09072434902191162,-0.6334723234176636
1763596102.465634,-0.4101614942111075,-0.12946633786857129,0.1545582551576197,0.2250577211380005,-0.0155246676877141,0.48989835381507874,,,,,,
1763596102.469771,,,,,,,-0.0106850266456604,0.04411560297012329,0.026965022087097168,-0.12051012367010117,0.09034351259469986,-0.6789577007293701
1763596102.475687,-0.3895189575463533,-0.03606909224689007,0.1001858828485012,0.22402627766132355,0.021008308976888657,0.5117034912109375,,,,,,
1763596102.479801,,,,,,,-0.0045087337493896484,0.04364284873008728,0.0235137939453125,-0.16440914571285248,0.08310877531766891,-0.7234135866165161
1763596102.48574,-0.3106860246542841,0.06469254466295242,0.042744843683764334,0.216629296541214,0.04940730705857277,0.5457035303115845,,,,,,
1763596102.489832,,,,,,,0.0049277544021606445,0.03720727562904358,0.022328972816467285,-0.1904483288526535,0.07757871598005295,-0.760508120059967
1763596102.495793,-0.18896774362921714,0.151947634267807,-0.040448768635839225,0.20878735184669495,0.07595875859260559,0.579149603843689,,,,,,
1763596102.499862,,,,,,,0.012646853923797607,0.03436741232872009,0.014548420906066895,-0.204679474234581,0.06607652455568314,-0.7928714156150818
1763596102.505846,-0.10799608167540281,0.20387597442567348,-0.106746410407871,0.20474275946617126,0.10325209051370621,0.6060959100723267,,,,,,
1763596102.509893,,,,,,,0.021325230598449707,0.03198382258415222,-0.0005438178777694702,-0.2098630964756012,0.06861797720193863,-0.8090850114822388
1763596102.515899,-0.03963670333428308,0.18901918155550956,-0.16437442351207135,0.20874975621700287,0.12152803689241409,0.6201054453849792,,,,,,
1763596102.519923,,,,,,,0.022385060787200928,0.026782363653182983,-0.009865298867225647,-0.21725043654441833,0.09271425753831863,-0.8308824896812439
1763596102.525952,0.057090892286505546,0.19553543158173559,-0.1294772976540029,0.2059616893529892,0.11936181783676147,0.6236107349395752,,,,,,
1763596102.529955,,,,,,,0.021512269973754883,0.01682165265083313,-0.012012824416160583,-0.2308693528175354,0.10532299429178238,-0.8373938202857971
1763596102.536005,0.15224404166480526,0.19458266090154647,-0.05612228471636772,0.2012084722518921,0.10515039414167404,0.6231659650802612,,,,,,
1763596102.539985,,,,,,,0.022471606731414795,0.006645649671554565,-0.004855990409851074,-0.26419615745544434,0.10509795695543289,-0.8305841088294983
1763596102.546058,0.19534816538132727,0.19419220027923584,-0.0057050797738134856,0.2043706476688385,0.08578651398420334,0.6208057403564453,,,,,,
1763596102.550015,,,,,,,0.02133321762084961,0.005434662103652954,0.008329495787620544,-0.3012355864048004,0.10634484887123108,-0.8340428471565247
1763596102.556111,0.14843235615585,0.19534546196758745,0.010209259325265884,0.21443551778793335,0.05783477798104286,0.6202802658081055,,,,,,
1763596102.560046,,,,,,,0.014766156673431396,0.005850166082382202,0.019584521651268005,-0.34112706780433655,0.11906570941209793,-0.8417689800262451
1763596102.566164,0.08791446682903915,0.18840718713700771,0.0014834434907883404,0.23585757613182068,0.02817232348024845,0.627108097076416,,,,,,
1763596102.570076,,,,,,,0.009066641330718994,0.007057487964630127,0.02216838300228119,-0.3634018301963806,0.12898625433444977,-0.8528380990028381
1763596102.576217,0.030084136085771023,0.16113339576423166,0.02057517051696777,0.25043785572052,-0.020019173622131348,0.647369921207428,,,,,,
1763596102.580107,,,,,,,0.008938312530517578,0.020119011402130127,0.018576622009277344,-0.40127941966056824,0.1567627489566803,-0.8892975449562073
1763596102.58627,-0.09440773783847689,0.1248550446808338,0.042076150641962885,0.27869173884391785,-0.0631551444530487,0.6737268567085266,,,,,,
1763596102.590137,,,,,,,0.0116921067237854,0.04876023530960083,0.016473054885864258,-0.44277697801589966,0.16907428205013275,-0.9315255284309387
1763596102.596323,-0.25808066201768814,0.04460369635820389,0.06496602784208953,0.32811760902404785,-0.07504483312368393,0.7011662125587463,,,,,,
1763596102.600168,,,,,,,0.01586693525314331,0.052952587604522705,0.017467021942138672,-0.4841904640197754,0.17457130551338196,-0.9861083626747131
1763596102.606376,-0.33672998197115955,0.0593470919817686,0.20510522395968436,0.34913310408592224,-0.08649870753288269,0.7258819341659546,,,,,,
1763596102.610199,,,,,,,0.014655530452728271,0.034253060817718506,0.016688212752342224,-0.5507354140281677,0.20052221417427063,-1.0636128187179565
1763596102.616429,-0.3636545945800841,0.13967325910627842,0.2692213569741696,0.3334590792655945,-0.06993437558412552,0.7455565929412842,,,,,,
1763596102.620229,,,,,,,0.01262277364730835,0.032474637031555176,0.028748497366905212,-0.6351176500320435,0.2182580679655075,-1.120211124420166
1763596102.626482,-0.40474429146796465,0.17077391529083252,0.16697795707397162,0.33321741223335266,0.014667963609099388,0.7656562924385071,,,,,,
1763596102.63026,,,,,,,0.014949440956115723,0.05574291944503784,0.040561169385910034,-0.7390603423118591,0.2490263730287552,-1.1846896409988403
1763596102.636535,-0.4980157187528908,0.1214350071042776,0.15603103112392128,0.34818941354751587,0.11552107334136963,0.7922112345695496,,,,,,
1763596102.640291,,,,,,,0.02019113302230835,0.08337575197219849,0.04569108784198761,-0.813187301158905,0.26512303948402405,-1.2465003728866577
1763596102.646588,-0.5712962782148271,0.1311778179615736,0.24052615449614823,0.3403790295124054,0.17104840278625488,0.8370382189750671,,,,,,
1763596102.650322,,,,,,,0.025693535804748535,0.07833141088485718,0.04051540791988373,-0.8704063892364502,0.27190399169921875,-1.314886212348938
1763596102.656641,-0.5029346165850759,0.19633388848304748,0.20974165158867836,0.3181389570236206,0.22043272852897644,0.8886604309082031,,,,,,
1763596102.660352,,,,,,,0.025112390518188477,0.067649245262146,0.03918790817260742,-0.9274134635925293,0.2878299653530121,-1.3805346488952637
1763596102.666694,-0.3571342529006302,0.2772463310629129,0.010328501790761948,0.30924102663993835,0.29601994156837463,0.9388604760169983,,,,,,
1763596102.670383,,,,,,,0.027205228805541992,0.07732570171356201,0.042896658182144165,-0.9860168099403381,0.3118290305137634,-1.4340860843658447
1763596102.676746,-0.21559242344349622,0.3371960651129484,-0.11791676985025405,0.3183508813381195,0.3730654716491699,0.9844767451286316,,,,,,
1763596102.680414,,,,,,,0.03323608636856079,0.09569233655929565,0.04613986611366272,-1.0293169021606445,0.33372846245765686,-1.4886054992675781
1763596102.686799,-0.07606602546200156,0.42753743029534813,-0.10047229857444763,0.34070995450019836,0.4152856171131134,1.0318955183029175,,,,,,
1763596102.690444,,,,,,,0.0395166277885437,0.10659873485565186,0.04693135619163513,-1.0943175554275513,0.36624327301979065,-1.5476505756378174
1763596102.696852,0.050047933238744735,0.48384851558208464,-0.026212372686341405,0.38268110156059265,0.40840640664100647,1.082964301109314,,,,,,
1763596102.700475,,,,,,,0.046694397926330566,0.11027765274047852,0.0489397794008255,-1.1756800413131714,0.3832851052284241,-1.6086180210113525
1763596102.706905,0.11951149169579148,0.5328337880253792,0.08032857827730476,0.4255561828613281,0.34731802344322205,1.1398423910140991,,,,,,
1763596102.710505,,,,,,,0.052208781242370605,0.1006842851638794,0.05188392102718353,-1.2946250438690186,0.3980667293071747,-1.6841542720794678
1763596102.716958,0.15189137403592468,0.5189128147006035,0.07474628463294357,0.46883735060691833,0.27518123388290405,1.1897385120391846,,,,,,
1763596102.720536,,,,,,,0.05368918180465698,0.08745765686035156,0.05698391795158386,-1.439864993095398,0.43095090985298157,-1.7550824880599976
1763596102.727011,0.11530629509091377,0.47045887265503405,-0.06928454862833022,0.5072672963142395,0.2447935789823532,1.2292951345443726,,,,,,
1763596102.730566,,,,,,,0.055898070335388184,0.07863813638687134,0.05745530128479004,-1.5995392799377441,0.48028409481048584,-1.817578673362732
1763596102.737064,0.09379106724485754,0.464921696794033,-0.22570260630846023,0.5535447597503662,0.28781402111053467,1.2564951181411743,,,,,,
1763596102.740597,,,,,,,0.059519946575164795,0.08362239599227905,0.06723910570144653,-1.7618093490600586,0.5452620387077332,-1.8724828958511353
1763596102.747117,0.060682432238757605,0.509732313901186,-0.14155370255801825,0.5969298481941223,0.34753450751304626,1.290579915046692,,,,,,
1763596102.750628,,,,,,,0.06792992353439331,0.11677610874176025,0.07115766406059265,-1.8457342386245728,0.6115646362304688,-1.898040533065796
1763596102.75717,-0.018585165743529794,0.544440054666996,0.2622083364069462,0.5971317291259766,0.34776461124420166,1.3337644338607788,,,,,,
1763596102.760658,,,,,,,0.07521814107894897,0.1359412670135498,0.0566180944442749,-1.8241991996765137,0.6744785904884338,-1.914674162864685
1763596102.767223,-0.1058303184762597,0.5242454079002141,0.5405389555752277,0.5659775137901306,0.3301541805267334,1.3773186206817627,,,,,,
1763596102.770689,,,,,,,0.0749216079711914,0.13770657777786255,0.04716286063194275,-1.7164396047592163,0.7574579119682312,-1.9327113628387451
1763596102.777276,-0.07350479667186736,0.5423422056049109,0.4402443516552448,0.5270117521286011,0.3546816408634186,1.4154945611953735,,,,,,
1763596102.780719,,,,,,,0.07385271787643433,0.14802294969558716,0.04088592529296875,-1.5382804870605469,0.8458080291748047,-1.9096156358718872
1763596102.787329,0.11142214713394641,0.5893365964919328,0.16893851655721664,0.49443021416664124,0.4361910820007324,1.4442294836044312,,,,,,
1763596102.79075,,,,,,,0.07562720775604248,0.16646546125411987,0.031755417585372925,-1.339881181716919,0.9442933201789856,-1.9006654024124146
1763596102.797382,0.2542465637475252,0.5937924068570136,-0.04616436980366707,0.4781351089477539,0.5485730171203613,1.461556315422058,,,,,,
1763596102.80078,,,,,,,0.07272660732269287,0.16977989673614502,0.028543531894683838,-1.177361249923706,1.034900188446045,-1.8808813095092773
1763596102.807435,0.2922852025017142,0.5443085372418165,-0.05656067613363266,0.46666043996810913,0.6168859004974365,1.4651148319244385,,,,,,
1763596102.810811,,,,,,,0.07652199268341064,0.13647955656051636,0.02577000856399536,-1.0397255420684814,1.0896295309066772,-1.8572747707366943
1763596102.817488,0.31263357852548357,0.4637853862404823,0.08258242161870002,0.4483136534690857,0.6205496191978455,1.4762698411941528,,,,,,
1763596102.820841,,,,,,,0.07786643505096436,0.09631311893463135,0.04907655715942383,-1.0006263256072998,1.1517333984375,-1.843989610671997
1763596102.827541,0.31648879264891144,0.40339492268562316,0.16041151123046873,0.45100492238998413,0.599252462387085,1.48573899269104,,,,,,
1763596102.830872,,,,,,,0.07539474964141846,0.10313230752944946,0.07821652293205261,-0.9780682921409607,1.2059563398361206,-1.8260782957077026
1763596102.837594,0.2651540344700217,0.32828444438278676,0.1407937875688076,0.4656970500946045,0.5501937866210938,1.4959617853164673,,,,,,
1763596102.840903,,,,,,,0.07726675271987915,0.11020892858505249,0.07707682251930237,-0.8949611186981201,1.2514569759368896,-1.8212687969207764
1763596102.847647,0.2711082666993141,0.31286884858608244,0.05340893410444259,0.4725392460823059,0.49473679065704346,1.5153039693832397,,,,,,
1763596102.850933,,,,,,,0.07924848794937134,0.10629439353942871,0.0703398585319519,-0.7926747798919678,1.308656930923462,-1.8110793828964233
1763596102.8577,0.31433804435580964,0.3683446520924568,-0.08413198914825916,0.49074113368988037,0.489877313375473,1.544641375541687,,,,,,
1763596102.860964,,,,,,,0.08373850584030151,0.12584394216537476,0.07131019234657288,-0.7046226859092712,1.3682864904403687,-1.8006595373153687
1763596102.867753,0.26041385420560836,0.414072384044528,-0.08860708873569965,0.5024782419204712,0.5124933123588562,1.5843608379364014,,,,,,
1763596102.870994,,,,,,,0.09314095973968506,0.13886266946792603,0.07344084978103638,-0.6344596743583679,1.423880696296692,-1.8096394538879395
1763596102.877806,0.14214987835288048,0.4326712860524654,0.04634848506576381,0.49839136004447937,0.5354622602462769,1.6190440654754639,,,,,,
1763596102.881025,,,,,,,0.10287988185882568,0.12383633852005005,0.08040827512741089,-0.5886381268501282,1.4860575199127197,-1.8031041622161865
1763596102.887859,0.021952304089069365,0.4550239876359701,0.1521358594494406,0.47971999645233154,0.5673205852508545,1.6472711563110352,,,,,,
1763596102.891055,,,,,,,0.10855263471603394,0.09874624013900757,0.08485192060470581,-0.5669965147972107,1.5454503297805786,-1.8297791481018066
1763596102.897912,-0.07153612694740295,0.46390872035920616,0.13312546316431834,0.45780882239341736,0.6180801391601562,1.6773037910461426,,,,,,
1763596102.901086,,,,,,,0.11082994937896729,0.09185981750488281,0.09324055910110474,-0.5589181184768677,1.6041802167892456,-1.8346571922302246
1763596102.907965,-0.14510580554902552,0.4810042320668697,0.02660685189664364,0.4422851800918579,0.6891022324562073,1.7182685136795044,,,,,,
1763596102.911117,,,,,,,0.11413145065307617,0.09285008907318115,0.09582555294036865,-0.5485615134239197,1.6680433750152588,-1.840208649635315
1763596102.918018,-0.18305618149787187,0.46431496307253833,-0.10017359875566326,0.42775312066078186,0.7513799667358398,1.7502073049545288,,,,,,
1763596102.921147,,,,,,,0.11501294374465942,0.08061021566390991,0.0948677659034729,-0.5787287354469299,1.7444361448287964,-1.875005841255188
1763596102.928071,-0.12217033564150333,0.5057943899303674,-0.19204347954643888,0.4235426187515259,0.8110289573669434,1.7706339359283447,,,,,,
1763596102.931178,,,,,,,0.11836889386177063,0.07901507616043091,0.10651803016662598,-0.5918577909469604,1.7847363948822021,-1.8856961727142334
1763596102.938124,-0.026412790629267692,0.5878945809900761,-0.23538404236733912,0.4360254108905792,0.8471014499664307,1.7878544330596924,,,,,,
1763596102.941208,,,,,,,0.12776345014572144,0.0733407735824585,0.11321282386779785,-0.6160674691200256,1.8065892457962036,-1.9055671691894531
1763596102.948177,0.09403115961104631,0.6348252589911222,-0.23601415696442127,0.45651736855506897,0.8584750294685364,1.8096628189086914,,,,,,
1763596102.951239,,,,,,,0.12597814202308655,0.06273150444030762,0.12471920251846313,-0.7039176225662231,1.8565114736557007,-1.9377979040145874
1763596102.95823,0.2378980710148811,0.6589981617391109,-0.27837792890872803,0.48385417461395264,0.8413634300231934,1.8365817070007324,,,,,,
1763596102.961269,,,,,,,0.12399542331695557,0.046861231327056885,0.13596957921981812,-0.7625495195388794,1.889188528060913,-1.9307054281234741
1763596102.968283,0.3696282621622085,0.6177554662466049,-0.24925885672913864,0.5017305612564087,0.7938061356544495,1.8584071397781372,,,,,,
1763596102.9713,,,,,,,0.12639451026916504,0.022773444652557373,0.11362230777740479,-0.8049622774124146,1.920567512512207,-1.9220960140228271
1763596102.978336,0.47260056085884566,0.5278349568247794,-0.2387900696848519,0.5197002291679382,0.752591073513031,1.8826524019241333,,,,,,
1763596102.981331,,,,,,,0.12280987203121185,0.026060283184051514,0.10545259714126587,-0.8222560286521912,1.9659911394119263,-1.9085719585418701
1763596102.988389,0.5047118553906679,0.4032733421325683,-0.17789341017352417,0.5191355347633362,0.724321722984314,1.900573492050171,,,,,,
1763596102.991361,,,,,,,0.12118653953075409,0.03463369607925415,0.0797916054725647,-0.7531518340110779,2.0031790733337402,-1.8644570112228394
1763596102.998442,0.4511275647193193,0.22555764487981794,-0.05779634627527557,0.49013662338256836,0.6951169967651367,1.9091289043426514,,,,,,
1763596103.001392,,,,,,,0.12364843487739563,0.030763328075408936,0.054908156394958496,-0.6891089081764221,2.03413987159729,-1.8426324129104614
1763596103.008495,0.3207166394770145,0.03236906868517399,-0.02068212888962589,0.4624410569667816,0.6962347030639648,1.908592700958252,,,,,,
1763596103.011422,,,,,,,0.12598906457424164,0.03951770067214966,0.056298911571502686,-0.5954719185829163,2.0543906688690186,-1.7908213138580322
1763596103.018548,0.07477320917248725,-0.08490472708642482,-0.06529812760697677,0.4411506652832031,0.7133790850639343,1.8956811428070068,,,,,,
1763596103.021453,,,,,,,0.13388170301914215,0.03315609693527222,0.048907577991485596,-0.5208661556243896,2.0591516494750977,-1.7676795721054077
1763596103.0286,-0.1572673679858446,-0.1300619656741619,-0.12153085956103167,0.42602914571762085,0.7291789650917053,1.870255947113037,,,,,,
1763596103.031483,,,,,,,0.13675831258296967,0.014890074729919434,0.05516457557678223,-0.5372219681739807,2.051112413406372,-1.7545329332351685
1763596103.038653,-0.29282676203250885,-0.0533300236493349,-0.23485446553528308,0.43278396129608154,0.759531557559967,1.8475661277770996,,,,,,
1763596103.041514,,,,,,,0.14138641953468323,-0.012877047061920166,0.06420093774795532,-0.5859143733978271,2.0482659339904785,-1.7312289476394653
1763596103.048706,-0.3568196339935064,0.05998889701664448,-0.25208383275568486,0.44148707389831543,0.7759018540382385,1.83460533618927,,,,,,
1763596103.051544,,,,,,,0.13909009099006653,-0.05882185697555542,0.04626566171646118,-0.687777042388916,2.0564029216766357,-1.7225247621536255
1763596103.058759,-0.3260281898885965,0.12782383135855196,-0.24572657268345355,0.4394170045852661,0.7824505567550659,1.8338629007339478,,,,,,
1763596103.061575,,,,,,,0.14100073277950287,-0.05529254674911499,0.062303900718688965,-0.7411190867424011,2.0559065341949463,-1.6771160364151
1763596103.068812,-0.2777396675378084,0.21490531796216963,-0.23024492591321466,0.4285532534122467,0.788220226764679,1.84469473361969,,,,,,
1763596103.071606,,,,,,,0.1526479572057724,-0.0367969274520874,0.028064191341400146,-0.6735950708389282,2.0441336631774902,-1.623701572418213
1763596103.078865,-0.21842413973808286,0.17725450948178767,-0.12394611314237117,0.3842931091785431,0.7804829478263855,1.8378504514694214,,,,,,
1763596103.081636,,,,,,,0.15193934738636017,-0.03345304727554321,-0.010425865650177002,-0.6103804111480713,2.0506322383880615,-1.5721709728240967
1763596103.088918,-0.12192600549161434,0.18553893822431564,-0.008970072919130325,0.3383253216743469,0.7885989546775818,1.8051931858062744,,,,,,
1763596103.091667,,,,,,,0.15599025785923004,0.007773995399475098,0.0066130757331848145,-0.49709275364875793,2.033815622329712,-1.52022123336792
1763596103.098971,-0.08119067499935627,0.29467852737903594,0.07222352012309712,0.31437525153160095,0.7797141075134277,1.7613105773925781,,,,,,
1763596103.101697,,,,,,,0.16899800300598145,0.0343317985534668,0.029717564582824707,-0.37911659479141235,2.015096664428711,-1.4700027704238892
1763596103.109024,-0.12708908734321595,0.31062428452968593,0.1052794065952301,0.3061639964580536,0.7289698123931885,1.7213877439498901,,,,,,
1763596103.111728,,,,,,,0.17412397265434265,0.02020251750946045,0.037590205669403076,-0.31536611914634705,2.017503023147583,-1.435356616973877
1763596103.119077,-0.210680393743515,0.26959026335179803,-0.10893033945136703,0.3247230350971222,0.6889424920082092,1.6978307962417603,,,,,,
1763596103.121758,,,,,,,0.16943269968032837,0.005814850330352783,0.03878211975097656,-0.3425857424736023,2.050166368484497,-1.4439677000045776
1763596103.12913,-0.30297464655935763,0.19524901585578916,-0.2925789247512817,0.34214335680007935,0.6652126908302307,1.679494023323059,,,,,,
1763596103.131789,,,,,,,0.1656356304883957,-0.003509342670440674,0.03909343481063843,-0.36596429347991943,2.0833957195281982,-1.4228938817977905
1763596103.139183,-0.3957563906311989,0.16965747848153112,-0.19324644386172293,0.33941200375556946,0.6622326374053955,1.66463041305542,,,,,,
1763596103.14182,,,,,,,0.16922958195209503,-0.008989870548248291,0.03367835283279419,-0.40299949049949646,2.1046371459960938,-1.4243748188018799
1763596103.149236,-0.4132441165268421,0.22157588176727294,-0.09568155716657638,0.32674670219421387,0.6517957448959351,1.651023507118225,,,,,,
1763596103.15185,,,,,,,0.17106226086616516,0.0021229982376098633,0.04983800649642944,-0.42888808250427246,2.1198465824127197,-1.417109727859497
1763596103.159289,-0.4183405628830194,0.3177998752474785,-0.027666590082645416,0.3159622251987457,0.6258972883224487,1.6466695070266724,,,,,,
1763596103.161881,,,,,,,0.17747372388839722,0.013022899627685547,0.0724947452545166,-0.42296573519706726,2.1424880027770996,-1.3828678131103516
1763596103.169342,-0.4823959786862135,0.3129886755734682,-0.048138848214410244,0.2987794578075409,0.6060845851898193,1.6375095844268799,,,,,,
1763596103.171911,,,,,,,0.18099099397659302,0.0033335089683532715,0.03182119131088257,-0.37361592054367065,2.155975818634033,-1.368410587310791
1763596103.179395,-0.5224263757795096,0.26107202585339545,-0.11230888510691002,0.26808491349220276,0.6111776232719421,1.6177880764007568,,,,,,
1763596103.181942,,,,,,,0.1819206178188324,0.005250453948974609,0.008364737033843994,-0.32740873098373413,2.1686716079711914,-1.3375248908996582
1763596103.189448,-0.5364888034015893,0.23217034101784229,-0.06406359910964965,0.22417496144771576,0.6129143238067627,1.5802412033081055,,,,,,
1763596103.191972,,,,,,,0.18496295809745789,0.026317715644836426,0.00572657585144043,-0.24625082314014435,2.1701769828796387,-1.298647403717041
1763596103.199501,-0.5963397532522678,0.15185294172167776,-0.05226911641955375,0.1898936927318573,0.607148289680481,1.5317343473434448,,,,,,
1763596103.202003,,,,,,,0.18223384022712708,0.018330633640289307,-0.02146148681640625,-0.18693263828754425,2.1732394695281982,-1.2833385467529297
1763596103.209554,-0.5717752208381891,0.1497305427402258,-0.056662382942438125,0.15987393260002136,0.598310649394989,1.4932156801223755,,,,,,
1763596103.212034,,,,,,,0.18230319023132324,-0.0018202662467956543,-0.022466003894805908,-0.14765983819961548,2.155978202819824,-1.2664021253585815
1763596103.219607,-0.4208288725674152,0.2743383346617222,-0.019998795401118694,0.1399867683649063,0.5947042107582092,1.4762641191482544,,,,,,
1763596103.222064,,,,,,,0.1844368278980255,-0.015431106090545654,-0.00277864933013916,-0.1533680558204651,2.1335575580596924,-1.2568016052246094
1763596103.22966,-0.26986381959617134,0.3859726632416248,-0.06033895256333053,0.1290503442287445,0.5837470293045044,1.5217952728271484,,,,,,
1763596103.232095,,,,,,,0.1829506754875183,-0.007233262062072754,0.031081795692443848,-0.16712480783462524,2.123776435852051,-1.2266738414764404
1763596103.239713,-0.17315584199130535,0.5064841257601976,-0.12498130140900611,0.10683611780405045,0.5643725395202637,1.6278036832809448,,,,,,
1763596103.242125,,,,,,,0.18106529116630554,-0.005295932292938232,0.02875220775604248,-0.1342640519142151,2.0957751274108887,-1.1821316480636597
1763596103.249766,-0.2417763737529516,0.3615653672158718,-0.1448153347024694,0.07688438892364502,0.5590789318084717,1.7051876783370972,,,,,,
1763596103.252156,,,,,,,0.1818215548992157,-0.006237030029296875,-0.017055213451385498,-0.041995517909526825,2.0612523555755615,-1.137407898902893
1763596103.259819,-0.3338713046044111,0.20607991421073674,-0.04131868333816528,0.031487613916397095,0.563840925693512,1.7339706420898438,,,,,,
1763596103.262186,,,,,,,0.1733224093914032,-0.0039463043212890625,-0.07219952344894409,0.028589701279997826,2.0367727279663086,-1.110794186592102
1763596103.269872,-0.4068757505387068,0.13314122698903083,0.10387896521277724,-0.0008296598680317402,0.555661141872406,1.6892715692520142,,,,,,
1763596103.272217,,,,,,,0.17009902000427246,-0.0062255859375,-0.0766758918762207,0.0762895941734314,2.003246784210205,-1.0692903995513916
1763596103.279925,-0.49236149238348004,0.029001638078689572,0.18581592853479087,-0.023469457402825356,0.5165616869926453,1.6012178659439087,,,,,,
1763596103.282248,,,,,,,0.17131155729293823,-0.028238892555236816,-0.05699872970581055,0.08760962635278702,1.961312174797058,-1.016672968864441
1763596103.289978,-0.5862427221298218,-0.10075988334417342,0.19899463212490082,-0.042249806225299835,0.4601476490497589,1.501991629600525,,,,,,
1763596103.292278,,,,,,,0.1747572422027588,-0.04711109399795532,-0.05483293533325195,0.11478385329246521,1.9106602668762207,-0.960073709487915
1763596103.300031,-0.6739204210609198,-0.2447378539070487,0.13647292869500816,-0.05987301096320152,0.4149863123893738,1.4044374227523804,,,,,,
1763596103.302309,,,,,,,0.1773601770401001,-0.0487862229347229,-0.07130706310272217,0.16916561126708984,1.8497971296310425,-0.9077290296554565
1763596103.310084,-0.7609487161725759,-0.31383564779162404,0.09101933750919997,-0.07263034582138062,0.3906286954879761,1.3162260055541992,,,,,,
1763596103.312339,,,,,,,0.17848271131515503,-0.03586357831954956,-0.09888708591461182,0.2323596179485321,1.7924877405166626,-0.8852202892303467
1763596103.320137,-0.7868342680573462,-0.1764040301322937,0.10195581513047218,-0.07621895521879196,0.3879506289958954,1.262007236480713,,,,,,
1763596103.32237,,,,,,,0.1714562177658081,-0.039357125759124756,-0.10966998338699341,0.20085415244102478,1.769355297088623,-0.9002029299736023
1763596103.33019,-0.7456804198920727,0.03976327058970928,0.06604987755604087,-0.07723917812108994,0.3885580897331238,1.2342761754989624,,,,,,
1763596103.3324,,,,,,,0.16645914316177368,-0.05198591947555542,-0.050837695598602295,0.1085503101348877,1.7403042316436768,-0.8949398994445801
1763596103.340243,-0.6213689805686473,0.22951748842149972,0.10966090961508453,-0.09063833951950073,0.38537508249282837,1.2439788579940796,,,,,,
1763596103.342431,,,,,,,0.16939574480056763,-0.08086419105529785,-0.03781503438949585,0.026041055098176003,1.6811106204986572,-0.8891674876213074
1763596103.350296,-0.45189796456992626,0.5192655736610293,0.11000818868279456,-0.14000587165355682,0.39675378799438477,1.2814394235610962,,,,,,
1763596103.352461,,,,,,,0.1633051037788391,-0.07985073328018188,-0.044856488704681396,-0.003641805611550808,1.6462653875350952,-0.8764878511428833
1763596103.360349,-0.3420230468779802,0.7716510197117924,0.12220029238834977,-0.19117504358291626,0.41652294993400574,1.3294711112976074,,,,,,
1763596103.362492,,,,,,,0.16367703676223755,-0.039047300815582275,-0.06830859184265137,0.07459653913974762,1.6004520654678345,-0.8602579832077026
1763596103.370402,-0.3539484624713659,0.8100248817697167,0.15743176476731896,-0.2471015900373459,0.4220115542411804,1.3711777925491333,,,,,,
1763596103.372523,,,,,,,0.1552741527557373,-0.01603597402572632,-0.10596883296966553,0.13166415691375732,1.5702720880508423,-0.8498794436454773
1763596103.380455,-0.4669809674113989,0.7533136912494898,0.15291202232055365,-0.29649680852890015,0.4229884147644043,1.4134812355041504,,,,,,
1763596103.382553,,,,,,,0.15132886171340942,-0.0030837655067443848,-0.0899362862110138,0.15639826655387878,1.5442564487457275,-0.8254138231277466
1763596103.390508,-0.5858288806319236,0.7003747127443551,0.10397226951941847,-0.338321328163147,0.43121182918548584,1.477455973625183,,,,,,
1763596103.392584,,,,,,,0.15381526947021484,-0.019761502742767334,-0.07748150825500488,0.16634155809879303,1.50380539894104,-0.8023504614830017
1763596103.400561,-0.6230658476144075,0.6968138053923845,0.0007283142745494843,-0.39047425985336304,0.4758986234664917,1.5642560720443726,,,,,,
1763596103.402614,,,,,,,0.15405058860778809,-0.05177360773086548,-0.09403932094573975,0.17083138227462769,1.4533765316009521,-0.7826497554779053
1763596103.410614,-0.6294961729228497,0.8091618351995945,-0.014036854789406061,-0.43575140833854675,0.5366570353507996,1.6454962491989136,,,,,,
1763596103.412645,,,,,,,0.154740571975708,-0.054701924324035645,-0.09622973203659058,0.15401963889598846,1.3883789777755737,-0.7723978757858276
1763596103.420667,-0.6254232243955135,0.9283627996414899,-0.08388269056230784,-0.4689061641693115,0.582352876663208,1.7167558670043945,,,,,,
1763596103.422675,,,,,,,0.14856433868408203,-0.04408538341522217,-0.07095396518707275,0.13995522260665894,1.3417084217071533,-0.7628001570701599
1763596103.43072,-0.6747463504910469,0.9027221624284982,-0.14666472542881964,-0.47066739201545715,0.5770537257194519,1.7394946813583374,,,,,,
1763596103.432706,,,,,,,0.13242483139038086,-0.05379843711853027,-0.05423182249069214,0.10198662430047989,1.2756321430206299,-0.759368896484375
1763596103.440773,-0.7173007131040096,0.4988911864131689,-0.31271584998145696,-0.4383198618888855,0.5619335770606995,1.6716169118881226,,,,,,
1763596103.442737,,,,,,,0.12528276443481445,-0.050573527812957764,-0.017986059188842773,0.04459709674119949,1.2160996198654175,-0.762947142124176
1763596103.450826,-0.6118348440259694,0.2182104969874024,-0.32372911916598673,-0.38877978920936584,0.49280017614364624,1.5619382858276367,,,,,,
1763596103.452767,,,,,,,0.1142880916595459,-0.04773432016372681,-0.005902916193008423,0.022967472672462463,1.1773929595947266,-0.7590885162353516
1763596103.460879,-0.4732879586011171,0.12552987520247696,-0.16312252375483513,-0.34049081802368164,0.3635207712650299,1.4585529565811157,,,,,,
1763596103.462798,,,,,,,0.10001587867736816,-0.06056547164916992,-0.027898013591766357,-0.00565245421603322,1.151653528213501,-0.7639392018318176
1763596103.470932,-0.4036643872767687,0.0005599719703197479,-0.20738822033032775,-0.2962115406990051,0.23382297158241272,1.3471336364746094,,,,,,
1763596103.472828,,,,,,,0.10457992553710938,-0.04011082649230957,-0.021680980920791626,0.02623550221323967,1.1159995794296265,-0.7352553606033325
1763596103.480985,-0.4493634776562452,-0.20529329387769102,-0.21345921080708502,-0.26353853940963745,0.13808313012123108,1.2315897941589355,,,,,,
1763596103.482859,,,,,,,0.10710656642913818,-0.026924431324005127,-0.04521951079368591,0.10047297924757004,1.0913517475128174,-0.7074655294418335
1763596103.491038,-0.5444108285725117,-0.3923701091937721,-0.20064064576625823,-0.24715390801429749,0.11096010357141495,1.1123931407928467,,,,,,
1763596103.492889,,,,,,,0.0965239405632019,-0.029984354972839355,-0.0682302713394165,0.15974920988082886,1.0650392770767212,-0.7001196146011353
1763596103.501091,-0.602870616325736,-0.46708603522107,-0.24346388844847677,-0.24552352726459503,0.1074223667383194,0.9956558346748352,,,,,,
1763596103.50292,,,,,,,0.10009884834289551,-0.0046980977058410645,-0.0274503231048584,0.2453618347644806,1.0245975255966187,-0.6364876627922058
1763596103.511144,-0.6355985814511775,-0.30219869375079866,-0.18054010702371595,-0.25912389159202576,0.0960761308670044,0.9147100448608398,,,,,,
1763596103.51295,,,,,,,0.09655869007110596,-0.003695964813232422,-0.032051801681518555,0.2943419814109802,1.0147587060928345,-0.6154801249504089
1763596103.521197,-0.42134851252734656,0.046128713968396184,-0.242401373783499,-0.26404836773872375,0.09380418807268143,0.8870235681533813,,,,,,
1763596103.522981,,,,,,,0.08727037906646729,-0.017206430435180664,-0.025316983461380005,0.3377176821231842,0.993575394153595,-0.5662540197372437
1763596103.53125,-0.1216787527322769,0.37541795147955415,-0.1819898674406111,-0.2782672047615051,0.05818408355116844,0.9047510623931885,,,,,,
1763596103.533012,,,,,,,0.09378856420516968,-0.019801735877990723,-0.03787758946418762,0.37851813435554504,0.9535640478134155,-0.5273778438568115
1763596103.541303,-0.0008159925580024719,0.4346384944722056,-0.08698620953559875,-0.2884404957294464,0.00274399621412158,0.9069116711616516,,,,,,
1763596103.543042,,,,,,,0.08972495794296265,-0.027113258838653564,-0.06987857818603516,0.41549718379974365,0.9198595881462097,-0.5145177245140076
1763596103.551356,-0.022118892827630042,0.3064870385944843,-0.16285700468644498,-0.2899515628814697,-0.013603761792182922,0.8803665041923523,,,,,,
1763596103.553073,,,,,,,0.07618314027786255,-0.049885332584381104,-0.07569906115531921,0.3844151198863983,0.8833947777748108,-0.5513456463813782
1763596103.561409,-0.13057576041519642,0.17974216157905756,-0.3513432484090328,-0.27052831649780273,-0.012295350432395935,0.8341039419174194,,,,,,
1763596103.563103,,,,,,,0.06212341785430908,-0.07226872444152832,-0.04245030879974365,0.27766337990760803,0.8194078207015991,-0.5673840045928955
1763596103.571462,-0.16410568957328794,0.132815502166003,-0.3771769239760935,-0.24301792681217194,-0.03389279171824455,0.7877445816993713,,,,,,
1763596103.573134,,,,,,,0.05714726448059082,-0.07861816883087158,0.01711210608482361,0.12182115763425827,0.7543665170669556,-0.5896338820457458
1763596103.581515,-0.04814999066293239,0.21358415236100553,-0.34932328688874836,-0.22670899331569672,-0.06562914699316025,0.7748814821243286,,,,,,
1763596103.583164,,,,,,,0.043357789516448975,-0.06312346458435059,0.06141185760498047,-0.00025042518973350525,0.702033519744873,-0.6128731369972229
1763596103.591568,0.1877577833175659,0.37719204847998916,-0.2615118785753846,-0.2332637459039688,-0.10792344808578491,0.8028661012649536,,,,,,
1763596103.593195,,,,,,,0.027785897254943848,-0.023372292518615723,0.07286402583122253,-0.02478720247745514,0.6939713358879089,-0.6299310922622681
1763596103.601621,0.3054594491124153,0.3950472194485366,-0.12803966606631875,-0.25649797916412354,-0.1400560885667801,0.8540605902671814,,,,,,
1763596103.603226,,,,,,,0.01682448387145996,0.011940956115722656,0.03115496039390564,0.011926069855690002,0.7331302165985107,-0.6579800248146057
1763596103.611674,0.22012451391518115,0.2893153198454529,-0.1769642943635583,-0.27043548226356506,-0.14128363132476807,0.8970370888710022,,,,,,
1763596103.613256,,,,,,,0.010499417781829834,0.030092298984527588,0.00943031907081604,0.020505361258983612,0.7787624001502991,-0.7124162316322327
1763596103.621727,-0.047477205967903134,0.09566723638027906,-0.28716756722703574,-0.2628729045391083,-0.15206730365753174,0.9245635271072388,,,,,,
1763596103.623287,,,,,,,0.013188719749450684,0.028299778699874878,0.037751078605651855,0.023472389206290245,0.8150695562362671,-0.7304575443267822
1763596103.63178,-0.2778659242659807,-0.018608802347443998,-0.29660058148279783,-0.25193697214126587,-0.16566157341003418,0.9391947984695435,,,,,,
1763596103.633317,,,,,,,0.015803635120391846,0.015528351068496704,0.040371984243392944,0.031748216599226,0.8530406355857849,-0.7579811215400696
1763596103.641832,-0.2617874806463718,-0.026910036094300448,-0.2703109788417816,-0.2406260073184967,-0.16186310350894928,0.9429463744163513,,,,,,
1763596103.643348,,,,,,,0.010035037994384766,0.01750081777572632,0.03330528736114502,0.07460566610097885,0.9009857773780823,-0.7690950036048889
1763596103.651885,-0.19678455485999582,-0.05837844787901267,-0.14130597487464547,-0.2451450377702713,-0.1392381340265274,0.9363034963607788,,,,,,
1763596103.653378,,,,,,,0.007467150688171387,0.03169292211532593,0.020593762397766113,0.11090933531522751,0.9320805668830872,-0.7683233618736267
1763596103.661938,-0.1927735656529665,-0.12047502123201265,-0.07745514173284172,-0.23041269183158875,-0.12107031047344208,0.9217855334281921,,,,,,
1763596103.663409,,,,,,,0.01202481985092163,0.02228805422782898,0.010820209980010986,0.13072273135185242,0.9422133564949036,-0.7706595063209534
1763596103.671991,-0.18835925634205342,-0.13552484332309103,-0.22277079064026473,-0.19213560223579407,-0.10870412737131119,0.9153434038162231,,,,,,
1763596103.67344,,,,,,,0.021746575832366943,-0.00045034289360046387,0.012351363897323608,0.14928792417049408,0.944048285484314,-0.7513837218284607
1763596103.682044,-0.2940215247750282,-0.17441369656529276,-0.275137814476341,-0.14992770552635193,-0.10597358644008636,0.8985284566879272,,,,,,
1763596103.68347,,,,,,,0.028788447380065918,-0.007603347301483154,-0.0074939727783203125,0.2211000621318817,0.949426531791687,-0.7285239696502686
1763596103.692097,-0.4531640389829874,-0.29238961272425945,-0.1362719262301922,-0.11674129217863083,-0.0817779153585434,0.849433183670044,,,,,,
1763596103.693501,,,,,,,0.03315478563308716,-0.010572373867034912,-0.051071301102638245,0.279554545879364,0.9325016140937805,-0.7178672552108765
1763596103.70215,-0.37578444670438765,-0.38900264205466956,0.0892845496058464,-0.11217903345823288,-0.10938610881567001,0.7839899659156799,,,,,,
1763596103.70353,,,,,,,0.04475390911102295,-0.014246195554733276,-0.06310662627220154,0.35540643334388733,0.9422948956489563,-0.6726041436195374
1763596103.712203,-0.47586102395951746,-0.33980632067658006,0.4316694155335426,-0.13725009560585022,-0.13595396280288696,0.7169134020805359,,,,,,
1763596103.713562,,,,,,,0.05404484272003174,-0.05592581629753113,-0.10137847065925598,0.4050273597240448,0.9118149876594543,-0.6270107626914978
1763596103.722256,-0.5901993508011102,-0.23690716028138994,0.37220132752060886,-0.1633346974849701,-0.10083086043596268,0.646370530128479,,,,,,
1763596103.723591,,,,,,,0.07623565196990967,-0.05381965637207031,-0.10213100910186768,0.4543629586696625,0.8552539944648743,-0.5516685843467712
1763596103.732309,-0.5036655612081289,-0.025704167435877022,0.3502067917250097,-0.1861547827720642,-0.0817006304860115,0.5920964479446411,,,,,,
1763596103.733622,,,,,,,0.08914309740066528,-0.03088557720184326,-0.08372557163238525,0.49448099732398987,0.7720158100128174,-0.4907401204109192
1763596103.742362,-0.5877741694808006,0.16171473931614308,0.37636297724470497,-0.17616340517997742,-0.08133871108293533,0.5501071810722351,,,,,,
1763596103.743652,,,,,,,0.09002220630645752,-0.05065262317657471,-0.07870160043239594,0.4713647663593292,0.6780978441238403,-0.4395062327384949
1763596103.752415,-0.5924883385211229,0.23710998937711117,0.15514847613573074,-0.13736796379089355,-0.06660887598991394,0.5172476768493652,,,,,,
1763596103.753684,,,,,,,0.08802694082260132,-0.06182509660720825,-0.061655521392822266,0.4275330603122711,0.6077701449394226,-0.38578155636787415
1763596103.762468,-0.5274830746471881,0.23260018380247055,0.0640996933363378,-0.11518383771181107,-0.061332881450653076,0.4887981712818146,,,,,,
1763596103.763714,,,,,,,0.08489990234375,-0.057714760303497314,-0.0653168112039566,0.396085649728775,0.5500482320785522,-0.32943812012672424
1763596103.772521,-0.4917103349983692,0.16057788077332077,0.35084070571437476,-0.12368340790271759,-0.07642284035682678,0.4535418152809143,,,,,,
1763596103.773744,,,,,,,0.08739399909973145,-0.06485992670059204,-0.10027207434177399,0.4293510913848877,0.49366673827171326,-0.2632465064525604
1763596103.782574,-0.64165539727211,-0.059659518931806085,0.5077160056427121,-0.1410869061946869,-0.08468902111053467,0.38948532938957214,,,,,,
1763596103.783775,,,,,,,0.08760952949523926,-0.057390064001083374,-0.12636913359165192,0.5318902730941772,0.4571550786495209,-0.18498340249061584
1763596103.792627,-0.8941443036973475,-0.29099333606027067,0.46019539892449973,-0.1583033800125122,-0.06353872269392014,0.29266446828842163,,,,,,
1763596103.793805,,,,,,,0.08140528202056885,-0.05730801820755005,-0.12103904783725739,0.5943407416343689,0.38398924469947815,-0.09232184290885925
1763596103.80268,-1.0650006365746258,-0.3605734335690737,0.38275793897882104,-0.17408554255962372,-0.024545520544052124,0.18901769816875458,,,,,,
1763596103.803836,,,,,,,0.09058576822280884,-0.06166166067123413,-0.11985896527767181,0.6228506565093994,0.27862420678138733,-0.00042680581100285053
1763596103.812733,-0.9886065482020377,-0.2661138194128871,0.38173122627958656,-0.18170174956321716,0.01368559617549181,0.10756397247314453,,,,,,
1763596103.813866,,,,,,,0.102760910987854,-0.08638426661491394,-0.14134715497493744,0.577450692653656,0.20029984414577484,0.08075539767742157
1763596103.822786,-0.8350175764679908,-0.17171682216413317,0.37770050945878025,-0.17661884427070618,0.02666477859020233,0.053321510553359985,,,,,,
1763596103.823897,,,,,,,0.09856277704238892,-0.12650716304779053,-0.150823712348938,0.5058611631393433,0.1425798237323761,0.14067651331424713
1763596103.832839,-0.8447147946178912,-0.10498919147700071,0.32334917993769047,-0.15607331693172455,0.04214541241526604,0.015723975375294685,,,,,,
1763596103.833928,,,,,,,0.10521262884140015,-0.15772134065628052,-0.1748478263616562,0.41694679856300354,0.0626615583896637,0.16045229136943817
1763596103.842892,-0.9465683184176683,-0.011883403082564472,0.19369871767386793,-0.1200934648513794,0.06941724568605423,-0.021638577803969383,,,,,,
1763596103.843958,,,,,,,0.11601382493972778,-0.1631985604763031,-0.1563197523355484,0.3327251374721527,-0.036699388176202774,0.15998810529708862
1763596103.852945,-1.0359043059498072,0.06813654763698578,0.1834567251227796,-0.09767995029687881,0.10173193365335464,-0.07188514620065689,,,,,,
1763596103.853989,,,,,,,0.11370658874511719,-0.18522962927818298,-0.1400315761566162,0.2445899099111557,-0.13251939415931702,0.17010937631130219
1763596103.862998,-1.0439134248822928,0.15582893268056214,0.22879721132293343,-0.0802018940448761,0.11735057830810547,-0.13594083487987518,,,,,,
1763596103.864019,,,,,,,0.11240851879119873,-0.1640317142009735,-0.12244090437889099,0.23973603546619415,-0.23534484207630157,0.20915532112121582
1763596103.873051,-1.123992339247465,0.15157916628159582,0.22684826921224593,-0.08303537219762802,0.12217185646295547,-0.2065175622701645,,,,,,
1763596103.87405,,,,,,,0.1062362790107727,-0.10423585772514343,-0.12363182008266449,0.312785804271698,-0.26915261149406433,0.241425558924675
1763596103.883104,-1.1787053416877984,-0.0006938274830579757,0.27399682774767276,-0.10819292813539505,0.14172157645225525,-0.28570348024368286,,,,,,
1763596103.88408,,,,,,,0.08888876438140869,-0.08542224764823914,-0.159521222114563,0.3899540901184082,-0.3004889488220215,0.307564377784729
1763596103.893157,-1.1775000575512646,-0.22254311936423182,0.3103903296433389,-0.1361694186925888,0.1667502522468567,-0.3788970112800598,,,,,,
1763596103.894111,,,,,,,0.10061067342758179,-0.09136354923248291,-0.19200505316257477,0.44118478894233704,-0.33952796459198,0.3910215198993683
1763596103.90321,-1.137995145636797,-0.3554455691613257,0.2794023400530219,-0.16190087795257568,0.17572537064552307,-0.4731447100639343,,,,,,
1763596103.904142,,,,,,,0.11218518018722534,-0.1028393805027008,-0.19740545749664307,0.45909932255744934,-0.41726112365722656,0.4560716152191162
1763596103.913263,-0.9438099596202373,-0.2510158381979912,0.1430149707496166,-0.16468645632266998,0.19482597708702087,-0.5473585724830627,,,,,,
1763596103.914172,,,,,,,0.10969686508178711,-0.12960001826286316,-0.1815032958984375,0.37365180253982544,-0.5212783217430115,0.4763602614402771
1763596103.923316,-0.6276520063608885,0.005423924744874239,-0.10729834520220756,-0.1414884477853775,0.22174707055091858,-0.5909487009048462,,,,,,
1763596103.924204,,,,,,,0.10235828161239624,-0.16463366150856018,-0.14160646498203278,0.221169576048851,-0.615300714969635,0.504167914390564
1763596103.933369,-0.36588030780553815,0.1316200818363577,-0.2588742235481739,-0.1121557354927063,0.2212284505367279,-0.6241439580917358,,,,,,
1763596103.934233,,,,,,,0.08425068855285645,-0.17742010951042175,-0.12769997119903564,0.1033073365688324,-0.6914021372795105,0.5109747052192688
1763596103.943422,-0.24626199473440646,0.0485004115357995,-0.2744634223461151,-0.09767159819602966,0.17907406389713287,-0.6663345694541931,,,,,,
1763596103.944264,,,,,,,0.07116281986236572,-0.13368013501167297,-0.12983153760433197,0.06620363891124725,-0.7557827234268188,0.5340001583099365
1763596103.953475,-0.2886275567770004,-0.14513853877484797,-0.13271554892286658,-0.10977615416049957,0.13382506370544434,-0.7174111604690552,,,,,,
1763596103.954294,,,,,,,0.07023459672927856,-0.09919467568397522,-0.13936340808868408,0.04735669121146202,-0.7966212034225464,0.5486321449279785
1763596103.963528,-0.38218086974322796,-0.290690553721413,-0.002629179459810257,-0.1428707391023636,0.11064755916595459,-0.7746877670288086,,,,,,
1763596103.964325,,,,,,,0.08028727769851685,-0.10899549722671509,-0.15757189691066742,0.022587962448596954,-0.87300705909729,0.5714421272277832
1763596103.973581,-0.45465106267035005,-0.35152474245578047,-0.10775792553797364,-0.1670372486114502,0.10206814110279083,-0.8364193439483643,,,,,,
1763596103.974355,,,,,,,0.10452359914779663,-0.1086621880531311,-0.15648041665554047,-0.030256260186433792,-0.9790259003639221,0.5928440093994141
1763596103.983634,-0.3908481603235006,-0.22704569148048756,-0.25234745212793347,-0.16472749412059784,0.07595504820346832,-0.8821133375167847,,,,,,
1763596103.984386,,,,,,,0.11264830827713013,-0.09903579950332642,-0.11926017701625824,-0.10480906069278717,-1.0616499185562134,0.6044197082519531
1763596103.993687,-0.3234323281764984,0.010193595965253188,-0.21512261397466062,-0.162949338555336,0.027886638417840004,-0.8945721983909607,,,,,,
1763596103.994417,,,,,,,0.10090172290802002,-0.09349814057350159,-0.08885075151920319,-0.13971377909183502,-1.1126166582107544,0.600226640701294
1763596104.00374,-0.35726270158588885,0.1367698475486599,-0.13380363642051815,-0.1702410727739334,-0.002538645640015602,-0.8894796967506409,,,,,,
1763596104.004447,,,,,,,0.09027481079101562,-0.07488945126533508,-0.0977320671081543,-0.08405343443155289,-1.1452449560165405,0.623542308807373
1763596104.013793,-0.5271633411735296,0.10998473474197089,-0.10253200758323072,-0.18495917320251465,-0.014922982081770897,-0.8950487971305847,,,,,,
1763596104.014478,,,,,,,0.09169411659240723,-0.045981407165527344,-0.11599478125572205,0.055957380682229996,-1.1654136180877686,0.6791929006576538
1763596104.023846,-0.8681927008390427,-0.11607719726501964,-0.019983634364604947,-0.21332131326198578,-0.01812543347477913,-0.9404828548431396,,,,,,
1763596104.024508,,,,,,,0.10881936550140381,-0.021888315677642822,-0.15466894209384918,0.20600493252277374,-1.222406268119812,0.7502540349960327
1763596104.033899,-1.1192325774997471,-0.31729024522490795,0.10100187540650367,-0.23483021557331085,-0.01297211367636919,-1.027056336402893,,,,,,
1763596104.034539,,,,,,,0.12849682569503784,-0.06543326377868652,-0.18586982786655426,0.26403623819351196,-1.2737666368484497,0.8353554010391235
1763596104.043952,-1.134511395174265,-0.4068434191716835,0.026113077030330896,-0.22650198638439178,0.004928855691105127,-1.141775131225586,,,,,,
1763596104.044569,,,,,,,0.14656448364257812,-0.13572126626968384,-0.1904146373271942,0.18658749759197235,-1.4076861143112183,0.8855379223823547
1763596104.054005,-0.95503219538033,-0.2871660328570753,-0.24539178777113554,-0.17947712540626526,0.011079907417297363,-1.2507437467575073,,,,,,
1763596104.0546,,,,,,,0.17241710424423218,-0.15479320287704468,-0.12710759043693542,0.0899307131767273,-1.526780605316162,0.9396179914474487
1763596104.064058,-0.7701350621908902,0.013985562993586062,-0.18525369154214857,-0.13257671892642975,-0.036211442202329636,-1.3172180652618408,,,,,,
1763596104.064631,,,,,,,0.15781044960021973,-0.18558168411254883,-0.10096222162246704,0.034334827214479446,-1.587685227394104,0.9734340310096741
1763596104.074111,-0.619021540659666,0.23835860119871793,-0.07716726470217108,-0.11216205358505249,-0.07269562780857086,-1.344610333442688,,,,,,
1763596104.074661,,,,,,,0.14577794075012207,-0.15022456645965576,-0.13256406784057617,0.04025285318493843,-1.6613000631332397,1.0295653343200684
1763596104.084164,-0.5615244604587555,0.30919534770511087,-0.07508987390622496,-0.10640137642621994,-0.07435131818056107,-1.351872444152832,,,,,,
1763596104.084692,,,,,,,0.16029244661331177,-0.09388178586959839,-0.12622126936912537,0.08540701866149902,-1.7122212648391724,1.1127734184265137
1763596104.094217,-0.7417009948670864,0.19052301024720072,0.04750277880057692,-0.10392327606678009,-0.06765086203813553,-1.3627263307571411,,,,,,
1763596104.094723,,,,,,,0.1583573818206787,-0.0983017086982727,-0.1394340991973877,0.1762523502111435,-1.7367929220199585,1.2157928943634033
1763596104.10427,-1.0125269374936818,-0.055524026562273496,0.08413257367014884,-0.12225887179374695,-0.052459653466939926,-1.3925228118896484,,,,,,
1763596104.104753,,,,,,,0.16221630573272705,-0.10411971807479858,-0.18633314967155457,0.31228846311569214,-1.7854424715042114,1.349496603012085
1763596104.114323,-1.19177583566308,-0.2828817796666175,0.06669497052654623,-0.14849506318569183,-0.01738949865102768,-1.4596034288406372,,,,,,
1763596104.114784,,,,,,,0.19425547122955322,-0.08510857820510864,-0.21178212761878967,0.4419344663619995,-1.8786568641662598,1.5041335821151733
1763596104.124376,-1.3186603403449058,-0.3974260774090886,0.1262732409156859,-0.16432783007621765,0.02406926080584526,-1.5628528594970703,,,,,,
1763596104.124815,,,,,,,0.23036575317382812,-0.0786622166633606,-0.19636961817741394,0.4676113426685333,-2.0375943183898926,1.627607822418213
1763596104.134429,-1.3282692956894635,-0.3696132107235491,0.006538315727561712,-0.15134184062480927,0.054986532777547836,-1.697803258895874,,,,,,
1763596104.134844,,,,,,,0.2520255446434021,-0.09295737743377686,-0.12299323081970215,0.3275845944881439,-2.2433035373687744,1.7187777757644653
1763596104.144482,-1.1004384451806544,-0.1251689329355955,-0.08546776779666543,-0.11563523858785629,0.04684152081608772,-1.8270951509475708,,,,,,
1763596104.144876,,,,,,,0.25048530101776123,-0.08356958627700806,0.02254772186279297,0.12232012301683426,-2.4238123893737793,1.7957758903503418
1763596104.154535,-0.6680377927631139,0.35234058888331055,0.11206585186496376,-0.10203921794891357,-0.030882028862833977,-1.9015226364135742,,,,,,
1763596104.154907,,,,,,,0.21288049221038818,-0.051635146141052246,0.1084166169166565,0.044354382902383804,-2.4923176765441895,1.8291503190994263
1763596104.164588,-0.06460545090138912,0.8710703021019697,0.31312004686817524,-0.11323568224906921,-0.13775788247585297,-1.9004136323928833,,,,,,
1763596104.164936,,,,,,,0.13677197694778442,-0.03716731071472168,0.05504345893859863,0.07855843007564545,-2.425835371017456,1.7968631982803345
1763596104.174641,0.4914478846698999,1.2354602252192795,0.3079248163126409,-0.12558799982070923,-0.1997053474187851,-1.8358213901519775,,,,,,
1763596104.174968,,,,,,,0.07587093114852905,-0.009174644947052002,-0.006140172481536865,0.23176681995391846,-2.2636220455169678,1.7757892608642578
1763596104.184694,0.5865776531726121,1.1476061468079686,0.17164353773221372,-0.12073224782943726,-0.2390543520450592,-1.756312370300293,,,,,,
1763596104.184997,,,,,,,0.04621678590774536,0.021150171756744385,-0.05556553602218628,0.44218823313713074,-2.0530593395233154,1.799845576286316
1763596104.194747,0.19444296016991136,0.5381023760780692,-0.03253901842460036,-0.09372562915086746,-0.26757341623306274,-1.7174994945526123,,,,,,
1763596104.195028,,,,,,,0.037619054317474365,0.0034546256065368652,-0.12263017892837524,0.6626394391059875,-1.9135810136795044,1.8609662055969238
1763596104.2048,-0.2564279994398355,-0.21993775917142627,-0.19707155510783195,-0.07161180675029755,-0.23432810604572296,-1.7511253356933594,,,,,,
1763596104.205058,,,,,,,0.052358388900756836,-0.034236133098602295,-0.14214521646499634,0.7191922068595886,-1.8833376169204712,1.9454065561294556
1763596104.214853,-0.44745676725208755,-0.8725371597841381,-0.18235548588261008,-0.05057842284440994,-0.1627332717180252,-1.863801121711731,,,,,,
1763596104.215089,,,,,,,0.08384531736373901,-0.06949520111083984,-0.0778462290763855,0.5914468765258789,-1.9683384895324707,2.0003714561462402
1763596104.224906,-0.4234288259327411,-1.2087170335918664,0.0006571487344801426,-0.02823822945356369,-0.1558213084936142,-2.019862413406372,,,,,,
1763596104.22512,,,,,,,0.11148619651794434,-0.10835784673690796,0.04064303636550903,0.3944653570652008,-2.0900306701660156,2.0515685081481934
1763596104.234959,-0.25582652641534803,-1.1111962782993912,0.07878522129282355,0.0032774731516838074,-0.22053410112857819,-2.1517815589904785,,,,,,
1763596104.23515,,,,,,,0.11250650882720947,-0.14092063903808594,0.0901150107383728,0.273250013589859,-2.1521124839782715,2.06536865234375
1763596104.245012,0.003654430854320526,-0.7102952182561159,-0.06278115808367729,0.0159317497164011,-0.3101790249347687,-2.2192420959472656,,,,,,
1763596104.245181,,,,,,,0.08683732151985168,-0.14272135496139526,0.0570911169052124,0.19906070828437805,-2.131901979446411,2.043954610824585
1763596104.255065,0.27070143946409225,-0.14532441673576832,-0.267312235417217,0.029258761554956436,-0.37869155406951904,-2.2177112102508545,,,,,,
1763596104.255211,,,,,,,0.07689365744590759,-0.08624106645584106,0.03416159749031067,0.23513397574424744,-2.0918383598327637,2.035515785217285
1763596104.265118,0.2612403681576252,0.28190935443788767,-0.34287937144637104,0.05631887540221214,-0.43353936076164246,-2.1717429161071777,,,,,,
1763596104.265242,,,,,,,0.08780118823051453,-0.04110133647918701,-0.003818511962890625,0.3650917112827301,-2.0303311347961426,2.0526700019836426
1763596104.275171,-0.02369008766710758,0.3750654847800731,-0.32198739006519317,0.07045438885688782,-0.4681069254875183,-2.114591598510742,,,,,,
1763596104.275272,,,,,,,0.0878746509552002,-0.028230607509613037,-0.0532304048538208,0.5420085787773132,-1.9633469581604004,2.076118230819702
1763596104.285224,-0.376617390397191,0.17909253856390714,-0.25642025452479716,0.055704206228256226,-0.44703999161720276,-2.086561918258667,,,,,,
1763596104.285303,,,,,,,0.09145417809486389,-0.030865371227264404,-0.059310853481292725,0.6258536577224731,-1.9411143064498901,2.1420392990112305
1763596104.295277,-0.5993319208055734,-0.10369856714457273,-0.17918635432720184,0.010799138806760311,-0.3841950297355652,-2.109093189239502,,,,,,
1763596104.295334,,,,,,,0.10717368125915527,-0.033844709396362305,-0.04288667440414429,0.6501784324645996,-1.9535598754882812,2.2024736404418945
1763596104.30533,-0.5725707551300525,-0.3055114715605974,-0.07367664610743523,-0.032654859125614166,-0.3056184649467468,-2.182203769683838,,,,,,
1763596104.305364,,,,,,,0.12694969773292542,-0.07179117202758789,0.0001748800277709961,0.49510493874549866,-2.013011932373047,2.2300641536712646
1763596104.315383,-0.4488964446663856,-0.3101587128445506,-0.02838072970137,-0.04175194352865219,-0.27249807119369507,-2.266932964324951,,,,,,
1763596104.315395,,,,,,,0.14202532172203064,-0.07621848583221436,0.095744788646698,0.3239859342575073,-2.0712392330169678,2.2409591674804688
1763596104.325425,,,,,,,0.13240966200828552,-0.07201218605041504,0.12752783298492432,0.1008298322558403,-2.0576961040496826,2.196390390396118
1763596104.325436,-0.30394378385245796,-0.18809329888224602,-0.13474398601055143,-0.011281917802989483,-0.32210075855255127,-2.3302643299102783,,,,,,
1763596104.335456,,,,,,,0.10393595695495605,-0.06412249803543091,0.13599121570587158,-0.0893477126955986,-1.9981869459152222,2.1576457023620605
1763596104.335489,-0.11027531518638134,0.06894552593231201,-0.3151275872983038,0.03850973770022392,-0.4040597081184387,-2.338752269744873,,,,,,
1763596104.345486,,,,,,,0.081896111369133,-0.05498015880584717,0.1254017949104309,-0.20640987157821655,-1.9260903596878052,2.091184139251709
1763596104.345542,0.18423194727897643,0.4161982901573181,-0.40679457506127653,0.08126572519540787,-0.4725695252418518,-2.2955055236816406,,,,,,
1763596104.355517,,,,,,,0.07025904953479767,-0.03108912706375122,0.0982092022895813,-0.08474043011665344,-1.8582631349563599,2.0707006454467773
1763596104.355595,0.3830272574394941,0.6444213548541069,-0.3944740957356989,0.09672220796346664,-0.5100178122520447,-2.209930658340454,,,,,,
1763596104.365547,,,,,,,0.06115385890007019,0.008697330951690674,0.03743082284927368,0.20231477916240692,-1.7818677425384521,2.0850841999053955
1763596104.365648,0.37312136497497556,0.5876584341466426,-0.34836920103430746,0.07773174345493317,-0.5030536651611328,-2.1214680671691895,,,,,,
1763596104.375578,,,,,,,0.05951189994812012,0.07592064142227173,-0.010872185230255127,0.5497986078262329,-1.7523878812789917,2.192121744155884
1763596104.375701,0.19902736535072327,0.2570049225449562,-0.2868378238160163,0.024428509175777435,-0.44533759355545044,-2.066591501235962,,,,,,
1763596104.385609,,,,,,,0.08567984402179718,0.11912250518798828,0.01560741662979126,0.6744853854179382,-1.7806624174118042,2.2106335163116455
1763596104.385754,0.08689794673025608,0.012562544453144073,-0.14687880657091737,-0.05053707957267761,-0.34984782338142395,-2.065739393234253,,,,,,
1763596104.395639,,,,,,,0.11895203590393066,0.10125786066055298,0.12098962068557739,0.7104894518852234,-1.8419641256332397,2.3272864818573
1763596104.395807,-0.0338935017734766,-0.09483224686086177,0.04460128520540893,-0.0988616794347763,-0.27918940782546997,-2.1047773361206055,,,,,,
1763596104.40567,,,,,,,0.1341552883386612,0.023379027843475342,0.13563233613967896,0.6411060690879822,-1.8148362636566162,2.3234047889709473
