timestamp,phone_accel_x,phone_accel_y,phone_accel_z,phone_gyro_x,phone_gyro_y,phone_gyro_z,watch_accel_x,watch_accel_y,watch_accel_z,watch_gyro_x,watch_gyro_y,watch_gyro_z
1763596058.705619,0.4622346496671438,0.46898529297113417,-0.07841331924051045,-0.035152047872543335,-0.17959676682949066,-0.7074493169784546,,,,,,
1763596058.70634,,,,,,,-0.02746760845184326,0.25560715794563293,0.04864847660064697,0.10317297279834747,0.021069636568427086,0.8569660186767578
1763596058.715672,0.4808652619875967,0.39059330877959725,0.03188829943090677,-0.017533864825963974,-0.15675868093967438,-0.5943816304206848,,,,,,
1763596058.71637,,,,,,,-0.023396968841552734,0.24890559911727905,0.035698775202035904,-0.09265793859958649,0.03366265818476677,0.6890026330947876
1763596058.725725,0.4665343926876783,0.33552959320545195,0.05728884427770972,-0.015062452293932438,-0.12821730971336365,-0.4878455698490143,,,,,,
1763596058.726401,,,,,,,-0.011322617530822754,0.21664413809776306,0.02480364218354225,-0.24696442484855652,0.028349919244647026,0.5654863119125366
1763596058.735778,0.5908066690444946,0.3629910161048174,0.040052901186048984,-0.015332620590925217,-0.07548423111438751,-0.38768270611763,,,,,,
1763596058.736431,,,,,,,-0.012014925479888916,0.20273151993751526,0.015108224004507065,-0.3113531172275543,0.05736159533262253,0.4441800117492676
1763596058.745831,0.7314899819761514,0.3542185115844011,-0.056311669808626175,-0.01186918094754219,-0.027055440470576286,-0.29099583625793457,,,,,,
1763596058.746462,,,,,,,-0.025557994842529297,0.23754867911338806,0.0022509098052978516,-0.281049519777298,0.07440795749425888,0.3694152534008026
1763596058.755884,0.8074718362860381,0.3077648034453392,-0.09484685990810393,-0.001590479165315628,-0.0012036152184009552,-0.20111289620399475,,,,,,
1763596058.756493,,,,,,,-0.019394218921661377,0.27337509393692017,-0.0174943208694458,-0.16327999532222748,0.049032825976610184,0.29035890102386475
1763596058.765935,0.8365927168302237,0.27706629832088947,-0.12129764446020126,0.0171778816729784,0.003260641824454069,-0.1192915290594101,,,,,,
1763596058.766523,,,,,,,-0.010745882987976074,0.2706458568572998,-0.032104961574077606,-0.07808387279510498,0.033465851098299026,0.2109556794166565
1763596058.775988,0.8827632241137325,0.3110731973409653,-0.10908552087992429,0.03523794189095497,0.004669679794460535,-0.06307616829872131,,,,,,
1763596058.776554,,,,,,,-0.014574766159057617,0.23359885811805725,-0.020863652229309082,-0.03787194564938545,0.028904389590024948,0.1419323980808258
1763596058.786041,0.9455546113304794,0.3135083155333996,-0.0629074148118496,0.05099506676197052,0.002625703811645508,-0.0398683175444603,,,,,,
1763596058.786584,,,,,,,-0.027518749237060547,0.17613884806632996,-0.011588934808969498,-0.050104644149541855,0.04843521490693092,0.08324858546257019
1763596058.796094,0.9150226949445903,0.2501169165968895,-0.047344811759889124,0.05875013396143913,-0.03348790854215622,-0.028345150873064995,,,,,,
1763596058.796615,,,,,,,-0.02800983190536499,0.14911940693855286,-0.00806451216340065,-0.09486804902553558,0.03931575268507004,0.04472842067480087
1763596058.806147,0.8348227845482528,0.23183599449694156,-0.07300576110854745,0.07466811686754227,-0.09373926371335983,-0.014886066317558289,,,,,,
1763596058.806646,,,,,,,-0.017780721187591553,0.15037468075752258,-0.013310078531503677,-0.1213316097855568,0.014997362159192562,-0.0032457620836794376
1763596058.8162,0.8137664063856005,0.23908114331960675,-0.15757760297879575,0.10557272285223007,-0.14295874536037445,0.008056672289967537,,,,,,
1763596058.816676,,,,,,,-0.012511134147644043,0.13870948553085327,-0.02329433336853981,-0.1559334397315979,-0.005179278552532196,-0.0308638084679842
1763596058.826252,0.8415357261903583,0.267544436737895,-0.19333894445076583,0.12958164513111115,-0.17446660995483398,0.04353184252977371,,,,,,
1763596058.826707,,,,,,,-0.009138345718383789,0.12168964743614197,-0.02604997530579567,-0.20365621149539948,-0.004768619313836098,-0.042635247111320496
1763596058.836305,0.8262326508574187,0.22584522964954376,-0.115557639503479,0.14071039855480194,-0.19588236510753632,0.0834144726395607,,,,,,
1763596058.836738,,,,,,,-0.008802533149719238,0.11243012547492981,-0.03059554100036621,-0.22366397082805634,-0.003630650695413351,-0.06678991764783859
1763596058.846358,0.8042204332746565,0.20295827505886554,0.022550854504108427,0.1378999650478363,-0.2051118165254593,0.12793347239494324,,,,,,
1763596058.846768,,,,,,,-0.006763875484466553,0.10188660025596619,-0.030514001846313477,-0.21712805330753326,-0.017695603892207146,-0.101858951151371
1763596058.856411,0.7287254856988787,0.14804010543525217,0.11258344599828124,0.13182972371578217,-0.21734914183616638,0.16857615113258362,,,,,,
1763596058.856799,,,,,,,-0.008330941200256348,0.09142908453941345,-0.022987842559814453,-0.2227672040462494,-0.030805546790361404,-0.12577301263809204
1763596058.866464,0.5364138384692371,0.07099719776511192,0.15252850289568304,0.13713474571704865,-0.22904415428638458,0.19834735989570618,,,,,,
1763596058.866829,,,,,,,-0.013278007507324219,0.08306878805160522,-0.00919485092163086,-0.217060849070549,-0.025860056281089783,-0.14535470306873322
1763596058.876516,0.32927374768108125,0.03213058375418186,0.08749109031781553,0.15209802985191345,-0.24626080691814423,0.2113637626171112,,,,,,
1763596058.87686,,,,,,,-0.01900327205657959,0.08201014995574951,-0.008155815303325653,-0.21666312217712402,-0.0176713690161705,-0.1530204862356186
1763596058.886569,0.10510200420171022,0.0022235212683677672,0.05660027749165892,0.1700352132320404,-0.2691698372364044,0.21139173209667206,,,,,,
1763596058.88689,,,,,,,-0.01727384328842163,0.08189180493354797,-0.015146017074584961,-0.21566443145275116,-0.011176983825862408,-0.16063445806503296
1763596058.896622,0.006835837369412183,-0.0037333413094282147,0.043855508339405054,0.18127264082431793,-0.26455140113830566,0.20497311651706696,,,,,,
1763596058.896921,,,,,,,-0.015381217002868652,0.06719890236854553,-0.019786588847637177,-0.18963253498077393,-0.0023102550767362118,-0.1770782768726349
1763596058.906675,0.0005362988337874413,-0.032545594295859334,0.07438742472529411,0.18156293034553528,-0.222331240773201,0.19888193905353546,,,,,,
1763596058.906952,,,,,,,-0.01725536584854126,0.03368860483169556,-0.016253463923931122,-0.16366273164749146,0.01729806698858738,-0.17606014013290405
1763596058.916728,0.021886545376479626,-0.1617465592265129,0.1721348283804953,0.1562943458557129,-0.17291688919067383,0.20118914544582367,,,,,,
1763596058.916982,,,,,,,-0.015349388122558594,0.01692935824394226,-0.01820744201540947,-0.11816667765378952,0.028782416135072708,-0.1706133931875229
1763596058.92678,-0.034185397392138835,-0.24817513487935064,0.22984774328917262,0.11474902927875519,-0.12321218103170395,0.2104731947183609,,,,,,
1763596058.927013,,,,,,,-0.009956777095794678,0.017770439386367798,-0.022522687911987305,-0.05099856108427048,0.03480382263660431,-0.1664804369211197
1763596058.936833,-0.16108290768601,-0.2171498820185661,0.20181948028728364,0.07258211821317673,-0.07203588634729385,0.21291671693325043,,,,,,
1763596058.937044,,,,,,,-0.0024110078811645508,0.01941010355949402,-0.023357756435871124,0.0008312303107231855,0.016423752531409264,-0.14931708574295044
1763596058.946886,-0.2853979272060096,-0.14028934517800806,0.14857508909478784,0.048630714416503906,-0.014445825479924679,0.2040603756904602,,,,,,
1763596058.947074,,,,,,,0.005551338195800781,0.013753175735473633,-0.021837476640939713,0.04580030217766762,0.009258249774575233,-0.13671927154064178
1763596058.956939,-0.36349151297286153,-0.16106033052802085,0.10962693428024649,0.034679412841796875,0.02563946135342121,0.18172001838684082,,,,,,
1763596058.957105,,,,,,,0.004544973373413086,0.0072335898876190186,-0.019152164459228516,0.051959529519081116,0.009681425988674164,-0.11774098128080368
1763596058.966992,-0.34349691882282496,-0.14369710779488085,0.09711232062205671,0.023248327895998955,0.0475868359208107,0.15413953363895416,,,,,,
1763596058.967135,,,,,,,-0.0026438236236572266,-0.0006677508354187012,-0.014929898083209991,0.06645005196332932,0.011482521891593933,-0.11819664388895035
1763596058.977045,-0.23748569082170723,-0.16307283939421177,0.08619593594074249,0.024426143616437912,0.04831192269921303,0.1316329538822174,,,,,,
1763596058.977166,,,,,,,-0.010605573654174805,-0.021005481481552124,-0.005966790020465851,0.036325085908174515,0.028762975707650185,-0.09733790159225464
1763596058.987097,-0.1504786576937884,-0.15416823292672632,0.07956862675547599,0.032333601266145706,0.019548187032341957,0.11871770024299622,,,,,,
1763596058.987196,,,,,,,-0.007516264915466309,-0.025353968143463135,-0.00038338080048561096,0.04171745479106903,0.031704969704151154,-0.11079192906618118
1763596058.99715,-0.10268939010202884,-0.08792319812476634,0.07928074972480535,0.050988178700208664,-0.01518137939274311,0.11428791284561157,,,,,,
1763596058.997227,,,,,,,-0.003586709499359131,-0.036964625120162964,0.001741170883178711,0.04632339999079704,0.03260352090001106,-0.11775390058755875
1763596059.007203,-0.10941248781196772,-0.053228901362419125,0.09382263142690062,0.06646620482206345,-0.050656016916036606,0.11562509089708328,,,,,,
1763596059.007258,,,,,,,0.0016242265701293945,-0.04121577739715576,0.0014965496957302094,0.03378044441342354,0.02523961290717125,-0.10609138756990433
1763596059.017256,-0.2006122233893722,-0.04319499860405922,0.05818067855089903,0.07103287428617477,-0.07224442809820175,0.110622838139534,,,,,,
1763596059.017288,,,,,,,0.00482487678527832,-0.03236475586891174,0.0013630390167236328,0.03812244534492493,0.02644043229520321,-0.09669268876314163
1763596059.027309,-0.2585480603337288,-0.008166355320811272,0.017514613902568817,0.0631302073597908,-0.0501423254609108,0.09205102175474167,,,,,,
1763596059.027319,,,,,,,0.0022481679916381836,-0.032726287841796875,0.0017862282693386078,0.04132676124572754,0.050053082406520844,-0.0626300647854805
1763596059.03735,,,,,,,0.006540060043334961,-0.03142395615577698,0.00024259090423583984,0.058660853654146194,0.054524797946214676,-0.032757848501205444
1763596059.037361,-0.2336226587180048,0.026179566395282745,0.04466784763559699,0.04142735153436661,0.004184175282716751,0.06858399510383606,,,,,,
1763596059.04738,,,,,,,0.01426464319229126,-0.0251619815826416,-0.004415504634380341,0.07996214926242828,0.038157276809215546,-0.014689365401864052
1763596059.047414,-0.22645393613241613,-0.02157353390455246,0.08464110771417617,0.011263854801654816,0.0540449395775795,0.05185481905937195,,,,,,
1763596059.057411,,,,,,,0.011183381080627441,-0.015195965766906738,-0.002428770065307617,0.09785344451665878,0.030045820400118828,-0.009402857162058353
1763596059.057467,-0.21433234037980436,-0.10440437732636929,0.04694193004742264,-0.007656920235604048,0.08417366445064545,0.044516924768686295,,,,,,
1763596059.067441,,,,,,,0.0015394091606140137,-0.01809898018836975,0.004374146461486816,0.11029466986656189,0.031463153660297394,-0.016053568571805954
1763596059.06752,-0.21004026920907198,-0.1121592292368412,-0.009519523495435714,-0.010410096496343613,0.09396743774414062,0.03965958580374718,,,,,,
1763596059.077472,,,,,,,-0.006809234619140625,-0.032962024211883545,0.006449934095144272,0.08347261697053909,0.03882439807057381,-0.010314124636352062
1763596059.077573,-0.1328628484390676,-0.06518938826918602,-0.008122662309557199,0.0019438609015196562,0.08477742224931717,0.035839539021253586,,,,,,
1763596059.087503,,,,,,,-0.00825589895248413,-0.036805808544158936,0.007765650749206543,0.06088128685951233,0.042063601315021515,-0.012700050137937069
1763596059.087626,-0.06801160608306527,-0.05052139596939086,0.021115414873510596,0.012850037775933743,0.06552223116159439,0.026514215394854546,,,,,,
1763596059.097533,,,,,,,-0.0071936845779418945,-0.03599274158477783,0.00589274987578392,0.03124273009598255,0.038217198103666306,0.0006124927895143628
1763596059.097678,-0.03795322549305856,-0.04258183514177799,0.060065469384193416,0.015576297417283058,0.035738833248615265,0.009287979453802109,,,,,,
1763596059.107564,,,,,,,-0.0017635822296142578,-0.02580040693283081,-0.0007882192730903625,0.0017128000035881996,0.028695065528154373,0.010072839446365833
1763596059.107731,-0.005919453176856041,-0.04432546393871307,0.06899710998907685,0.011112039908766747,0.005479198880493641,-0.0012291104067116976,,,,,,
1763596059.117594,,,,,,,-3.540515899658203e-05,-0.02572733163833618,-0.0015012025833129883,-0.0037095260340720415,0.024899793788790703,0.0012154987780377269
1763596059.117784,0.0027771365631371735,-0.04958265381455421,-0.02163768518194556,0.01233487855643034,-0.0006783163407817483,-0.0010325586190447211,,,,,,
1763596059.127625,,,,,,,-0.0039678215980529785,-0.032596051692962646,0.0009175613522529602,-0.015082289464771748,0.024749858304858208,0.010449211113154888
1763596059.127837,0.021537658873572944,-0.046129883012175556,-0.07447817174866796,0.019798653200268745,0.004443741403520107,0.003600542666390538,,,,,,
1763596059.137656,,,,,,,-0.0011334419250488281,-0.02621781826019287,-0.0009500905871391296,-0.00945480726659298,0.015989655628800392,0.009842409752309322
1763596059.13789,-0.005261281529068946,-0.022605799561738967,-0.06529694029688835,0.020318681374192238,0.006563597358763218,0.008263478055596352,,,,,,
1763596059.147686,,,,,,,0.0029799342155456543,-0.007225453853607178,-0.0070972442626953125,-0.01577102765440941,-0.008641121909022331,0.009969974867999554
1763596059.147942,-0.09960954426527023,-0.059919923433661454,0.012218114929646253,0.010418115183711052,-0.00578947551548481,0.004353424534201622,,,,,,
1763596059.157717,,,,,,,0.004202425479888916,0.003318190574645996,-0.00718533992767334,-0.015015075914561749,-0.023175057023763657,0.010261991061270237
1763596059.157995,-0.18866065044142305,-0.09976444256603717,0.05129764103889465,-0.001699286513030529,-0.00954553671181202,-0.010182483121752739,,,,,,
1763596059.167747,,,,,,,-0.0027112960815429688,-0.0038119852542877197,-0.003963951021432877,-0.04433621093630791,-0.004807235207408667,0.02384784072637558
1763596059.168048,-0.16052885399982333,-0.0974585037112236,0.007609452090412378,-0.0042569865472614765,0.004993192385882139,-0.020983466878533363,,,,,,
1763596059.177778,,,,,,,-0.009276866912841797,0.0069453418254852295,-0.005205277353525162,-0.03587915003299713,0.01682215929031372,0.027706962078809738
1763596059.178101,-0.13292824182547627,-0.12156184835433959,0.004933510879427195,0.00011273939162492752,0.008907310664653778,-0.02620173804461956,,,,,,
1763596059.187809,,,,,,,-0.01033109426498413,0.01683223247528076,-0.0118478462100029,0.0028408137150108814,0.01910315826535225,0.006053064484149218
1763596059.188154,-0.1208503390841186,-0.13213935647010802,0.04199219868555665,0.005682740826159716,0.00019025185611099005,-0.014933637343347073,,,,,,
1763596059.197839,,,,,,,-0.006303668022155762,0.022566139698028564,-0.0077980682253837585,0.01713617704808712,0.013437015935778618,-0.006477841176092625
1763596059.198206,-0.09543211245015264,-0.056311085286736486,0.09102160253152251,0.0027704446110874414,-0.009794572368264198,0.009342445991933346,,,,,,
1763596059.20787,,,,,,,-0.004978537559509277,0.011425554752349854,0.006525754928588867,0.024609539657831192,0.009745609015226364,-0.029063045978546143
1763596059.208259,-0.08193791317008435,0.029858547168970108,0.07465031344518065,-0.006536770612001419,0.0029350710101425648,0.025370148941874504,,,,,,
1763596059.2179,,,,,,,-0.00796365737915039,-0.0076885223388671875,0.013921387493610382,0.05588478595018387,0.015884993597865105,-0.004630804993212223
1763596059.218312,-0.11862104566209017,0.07687748797535895,0.05439429187998175,-0.012622347101569176,0.04488152638077736,0.02662922441959381,,,,,,
1763596059.227931,,,,,,,0.00014352798461914062,0.005277097225189209,0.0009332895278930664,0.07874695956707001,0.04899527505040169,-0.015544438734650612
1763596059.228365,-0.12737689130865038,0.02007891143262386,0.037259617205709215,-0.02491762861609459,0.06730001419782639,0.024303751066327095,,,,,,
1763596059.237962,,,,,,,0.011179327964782715,0.04367321729660034,-0.008337847888469696,0.010086716152727604,0.022644363343715668,-0.007374593056738377
1763596059.238418,-0.1744287845365703,-0.005512041419744491,-0.0015349544823169707,-0.03559327498078346,0.06983019411563873,0.025932351127266884,,,,,,
1763596059.247992,,,,,,,0.008903145790100098,0.011895745992660522,-0.005203366279602051,0.008110118098556995,0.007745574694126844,-0.040677424520254135
1763596059.248471,-0.11971132511682808,-0.001401098969578743,-0.06529810934066772,-0.024893492460250854,0.07098227739334106,0.034536223858594894,,,,,,
1763596059.258023,,,,,,,-0.007118403911590576,-0.038377612829208374,-0.001386404037475586,-0.03201157972216606,0.022334370762109756,-0.03582973778247833
1763596059.258523,-0.025574367043748495,-0.049100423255562776,-0.07976970228552818,-0.009456537663936615,0.05370626971125603,0.04488573595881462,,,,,,
1763596059.268053,,,,,,,-0.0008648037910461426,0.006801396608352661,0.00021267682313919067,0.010973438620567322,-0.01561034843325615,-0.05448651313781738
1763596059.268576,-0.047998307232558726,-0.06796528272330761,-0.036353754407167434,0.006302984897047281,0.01701270416378975,0.050211794674396515,,,,,,
1763596059.278084,,,,,,,0.001639723777770996,0.036543846130371094,-0.004100680351257324,0.03313024714589119,-0.013815644197165966,-0.057111989706754684
1763596059.278629,-0.1131280012037605,-0.022128245177865026,-0.0034134617052972317,0.02213207259774208,-0.009117350913584232,0.04123327508568764,,,,,,
1763596059.288115,,,,,,,-0.0047547221183776855,0.02016553282737732,0.003413677215576172,0.0038181650452315807,0.012890269048511982,-0.05003011226654053
1763596059.288682,-0.13128018235750497,0.012715104666352272,0.02990311696305871,0.02700059860944748,-0.011699552647769451,0.028329461812973022,,,,,,
1763596059.298145,,,,,,,-0.0072956085205078125,-0.01453852653503418,0.003262154757976532,-0.01346855890005827,0.03380513936281204,-0.0478334054350853
1763596059.298735,-0.10600684408694505,-0.006100654962658882,0.09088745475783944,0.012547925114631653,-0.010717767290771008,0.01796465739607811,,,,,,
1763596059.308176,,,,,,,-0.0025542378425598145,-0.029966413974761963,0.0010704994201660156,-0.013127674348652363,0.03072758950293064,-0.040653523057699203
1763596059.308787,-0.05514094552882015,0.020178280153870583,0.057104427621513604,-0.004829199984669685,0.009405343793332577,0.01958252489566803,,,,,,
1763596059.318206,,,,,,,0.007262706756591797,-0.009480834007263184,0.001462697982788086,-0.013775244355201721,0.03186795487999916,-0.041047602891922
1763596059.31884,0.02869052630290389,0.07529694078564643,-0.020564795253425836,-0.0103467321023345,0.03186817467212677,0.03008514828979969,,,,,,
1763596059.328237,,,,,,,0.010427594184875488,0.010559558868408203,-0.0003601387143135071,-0.018653888255357742,0.021426765248179436,-0.046153146773576736
1763596059.328893,0.018553966887667774,0.05370820931196212,-0.03754135675653815,-0.006013502366840839,0.017537439242005348,0.035286303609609604,,,,,,
1763596059.338268,,,,,,,0.010050952434539795,-0.006590723991394043,0.0005418024957180023,-0.0269835963845253,0.010429508052766323,-0.061194948852062225
1763596059.338946,-0.08008994721584022,0.028194997870922087,-0.056995414289087054,0.007621405646204948,-0.01727931573987007,0.03232146054506302,,,,,,
1763596059.348298,,,,,,,0.0042517781257629395,-0.03477001190185547,0.0039702653884887695,-0.04709712415933609,0.018694894388318062,-0.06747255474328995
1763596059.348999,-0.12193674608133732,0.041004795083403586,-0.04645210070386529,0.02519240975379944,-0.0419580303132534,0.015991492196917534,,,,,,
1763596059.358329,,,,,,,0.002515435218811035,-0.028155595064163208,0.007064111530780792,-0.08021341264247894,0.03053504228591919,-0.05655132606625557
1763596059.359052,-0.08534816000498831,0.051469490474462504,-0.0276246506370604,0.03772222250699997,-0.06098667532205582,0.003991441801190376,,,,,,
1763596059.368359,,,,,,,0.005150854587554932,0.0011188685894012451,0.00378977507352829,-0.08848412334918976,0.0218049343675375,-0.05360400676727295
1763596059.369104,-0.14871698178350926,0.0003577273964881897,0.02095043357014656,0.04518359899520874,-0.08492503315210342,-0.0008113031508401036,,,,,,
1763596059.37839,,,,,,,0.00981128215789795,0.013885587453842163,0.000244140625,-0.06994868814945221,0.001184611115604639,-0.05897480249404907
1763596059.379157,-0.1761846152279526,0.022171499797701836,0.03999985582455992,0.050187498331069946,-0.09681162983179092,0.004237602464854717,,,,,,
1763596059.388421,,,,,,,0.006259620189666748,0.001347959041595459,0.003644227981567383,-0.05597561225295067,-0.011598295532166958,-0.06045418977737427
1763596059.38921,-0.1417375712249428,0.04412321936488151,0.027653584470599887,0.05303308367729187,-0.08426867425441742,0.013780507259070873,,,,,,
1763596059.398451,,,,,,,0.002428770065307617,-0.005695998668670654,0.007404811680316925,-0.05123663321137428,-0.0011563074076548219,-0.04648424685001373
1763596059.399263,-0.15882219621241092,0.010799041911959647,0.05756371569633484,0.046699490398168564,-0.06524792313575745,0.01891281083226204,,,,,,
1763596059.408482,,,,,,,8.106231689453125e-05,-0.0010955631732940674,-0.000736236572265625,-0.03641108050942421,0.019867751747369766,-0.03226669505238533
1763596059.409316,-0.20431655780002472,-0.0637614012926817,0.1425401928447187,0.027823271229863167,-0.0398099459707737,0.01500568725168705,,,,,,
1763596059.418512,,,,,,,0.000653684139251709,0.0050688982009887695,-0.009138226509094238,-0.009506767615675926,0.03247462213039398,-0.040857452899217606
1763596059.419368,-0.2139106809016317,-0.07102291672825813,0.14813772059082983,0.005860733799636364,-0.0065481895580887794,0.005220010876655579,,,,,,
1763596059.428543,,,,,,,0.0023606419563293457,0.003207772970199585,-0.012290477752685547,0.015473149716854095,0.030510274693369865,-0.04074826464056969
1763596059.429421,-0.17280067187808454,-0.07724573676586151,0.0914846899986267,-0.016383051872253418,0.02585688792169094,-0.0009111184626817703,,,,,,
1763596059.438574,,,,,,,0.0007154345512390137,-0.003645598888397217,-0.007512450218200684,0.02928590029478073,0.030201882123947144,-0.043994657695293427
1763596059.439474,-0.11488025169856846,-0.07553717928230762,0.047842970540374515,-0.023515023291110992,0.05605227127671242,-0.0029204939492046833,,,,,,
1763596059.448604,,,,,,,-0.006046712398529053,-0.0029668211936950684,-0.0012054443359375,0.0319429375231266,0.029296407476067543,-0.047841329127550125
1763596059.449527,-0.08289360645972192,-0.08486907125115394,-0.0017335457943379877,-0.02030085399746895,0.06682049483060837,-0.003253921866416931,,,,,,
1763596059.458635,,,,,,,-0.011031627655029297,0.003953784704208374,0.004442930221557617,0.02855832502245903,0.02494852989912033,-0.05266564339399338
1763596059.45958,-0.06757562581859529,-0.09134206665754317,-0.025555443147569894,-0.007560922298580408,0.05218500271439552,-0.0033345401752740145,,,,,,
1763596059.468665,,,,,,,-0.014092564582824707,-0.0021913647651672363,0.008043885231018066,0.0033070314675569534,0.029961930587887764,-0.058732323348522186
1763596059.469632,-0.03801109316013753,-0.047129999965429305,-0.018141075237840414,0.006055553909391165,0.02622903324663639,-0.008556732907891273,,,,,,
1763596059.478696,,,,,,,-0.012896955013275146,-0.015552341938018799,0.0026733875274658203,-0.0584130585193634,0.03476014733314514,-0.05402305722236633
1763596059.479685,0.022654753270000216,-0.05530044693946838,-0.000526069700717926,0.01735970750451088,-0.008097422309219837,-0.012180039659142494,,,,,,
1763596059.488727,,,,,,,-0.006756722927093506,-0.02018505334854126,-0.002482295036315918,-0.0832032561302185,0.020703718066215515,-0.04956092685461044
1763596059.489738,0.0859165344774723,-0.0875455969840288,0.018742109870910642,0.023273255676031113,-0.04288096725940704,-0.011940088123083115,,,,,,
1763596059.498757,,,,,,,-8.374452590942383e-05,-0.020516306161880493,-0.009866729378700256,-0.08137398958206177,0.010730978101491928,-0.0401601679623127
1763596059.499791,0.11642419320493935,-0.05842939261496067,0.03839008254036307,0.032487206161022186,-0.05961901694536209,-0.0022893869318068027,,,,,,
1763596059.508788,,,,,,,-0.0012341737747192383,-0.0014480948448181152,-0.009282469749450684,-0.04526019096374512,0.012921694666147232,-0.030929652974009514
1763596059.509844,0.08220796228311955,-0.027770634979009626,0.019911153650283814,0.036930423229932785,-0.07001946121454239,0.010282065719366074,,,,,,
1763596059.518818,,,,,,,-0.004711627960205078,0.011628717184066772,-0.004734635353088379,0.0007605457212775946,0.01953245885670185,-0.025430891662836075
1763596059.519897,-0.02363499647900462,-0.03538929328918457,0.043047699087858195,0.03345949947834015,-0.06883362680673599,0.018655555322766304,,,,,,
1763596059.528849,,,,,,,-0.008333384990692139,0.00336495041847229,-0.0009829998016357422,0.009621948003768921,0.04131791740655899,-0.01565469428896904
1763596059.529949,-0.10359057672545313,0.0009592004209756851,0.060496846538782116,0.023912865668535233,-0.04408220574259758,0.0059102000668644905,,,,,,
1763596059.53888,,,,,,,-0.0034950971603393555,-0.0056008994579315186,-0.00038004666566848755,0.02214047685265541,0.040618836879730225,-0.015751833096146584
1763596059.540002,-0.1521880188949406,-0.015298691418766974,0.05277399720177054,0.011093579232692719,-0.008030238561332226,-0.014184313826262951,,,,,,
1763596059.54891,,,,,,,0.00358736515045166,-0.00473177433013916,-0.0019383430480957031,0.0322575606405735,0.021546341478824615,-0.031115341931581497
1763596059.550055,-0.19211393270045518,-0.04671323585808277,0.004383768042176961,-0.0007766624912619591,0.016452999785542488,-0.03110790252685547,,,,,,
1763596059.558941,,,,,,,0.0011339783668518066,0.007020115852355957,0.0014039203524589539,0.021253211423754692,0.022212930023670197,-0.026689967140555382
1763596059.560108,-0.1448835411004722,-0.043814591807127,0.013630904337018728,-0.001953618135303259,0.02162596583366394,-0.030095737427473068,,,,,,
1763596059.568971,,,,,,,-0.00653153657913208,0.012670040130615234,0.007465958595275879,0.011482873000204563,0.03164904564619064,-0.022298414260149002
1763596059.570161,-0.05139123760648071,-0.023699440017342567,0.025322803435474633,0.01011982187628746,0.008947720751166344,-0.022328628227114677,,,,,,
1763596059.579002,,,,,,,-0.011177420616149902,0.009800255298614502,0.007256746292114258,-0.005161459092050791,0.028957651928067207,-0.017165571451187134
1763596059.580213,-0.008020224848389625,-0.010797288346290589,-0.003834463596343994,0.02145715057849884,-0.017742818221449852,-0.008746976032853127,,,,,,
1763596059.589033,,,,,,,-0.008841633796691895,0.006090432405471802,0.003615736961364746,0.006002778187394142,0.020946864038705826,-0.01967187225818634
1763596059.590266,0.030037483932450412,-0.01013970122039318,-0.032776626572757955,0.031523898243904114,-0.03485628962516785,0.0016361565794795752,,,,,,
1763596059.599062,,,,,,,-0.006348669528961182,-0.0048843324184417725,0.0001798868179321289,0.005636682268232107,0.029417047277092934,-0.01256469450891018
1763596059.600319,0.05090973769985139,0.0014472761988639832,-0.060279404395818706,0.035595908761024475,-0.03306290879845619,-0.002805418334901333,,,,,,
1763596059.609093,,,,,,,-0.0037633180618286133,-0.005075395107269287,0.00018214434385299683,0.023759227246046066,0.032146256417036057,-0.005385345313698053
1763596059.610372,0.039054537798464295,0.014711831441521644,-0.04212897680774331,0.035460617393255234,-0.021832091733813286,-0.009952809661626816,,,,,,
1763596059.619123,,,,,,,-0.001807868480682373,-0.000798344612121582,0.0002589225769042969,0.043978918343782425,0.030929191038012505,0.0028526773676276207
1763596059.620425,0.012659209760650991,-0.0001689268261194229,0.008618336872011422,0.029336659237742424,-0.020424017682671547,-0.021000510081648827,,,,,,
1763596059.629154,,,,,,,-0.0014027953147888184,0.006116092205047607,-0.0006254911422729492,0.0534571073949337,0.025027625262737274,0.0076796566136181355
1763596059.630478,-0.0298369198590517,-0.019426000481843946,0.03913943960294127,0.017436591908335686,-0.028355710208415985,-0.02745414897799492,,,,,,
1763596059.639185,,,,,,,-0.002856314182281494,0.006995737552642822,0.0010204166173934937,0.06782333552837372,0.011921677738428116,0.009076951071619987
1763596059.64053,-0.02261829371713102,-0.03734218092262745,0.025071020631492136,0.014479534700512886,-0.024259205907583237,-0.026916958391666412,,,,,,
1763596059.649215,,,,,,,-0.006959259510040283,0.0032851099967956543,0.0006575509905815125,0.06029989942908287,0.021068038418889046,0.015427791513502598
1763596059.650583,-0.041424116474017496,-0.043021980124711985,-0.021648498836904763,0.018011419102549553,-0.009089573286473751,-0.022965092211961746,,,,,,
1763596059.659246,,,,,,,-0.010724365711212158,0.0067809224128723145,0.001587510108947754,0.057080019265413284,0.03938233107328415,0.01928045228123665
1763596059.660636,-0.01849682987295091,-0.05132452904582023,-0.02489113401994109,0.018315861001610756,0.004294153302907944,-0.016896948218345642,,,,,,
1763596059.669276,,,,,,,-0.012866854667663574,0.011859238147735596,-0.004370443522930145,0.08244743198156357,0.04192991182208061,0.014691026881337166
1763596059.670689,0.031739611675217744,-0.07109013674557209,0.006758388219028711,0.016828753054142,0.002192120533436537,-0.005252809263765812,,,,,,
1763596059.679307,,,,,,,-0.009773015975952148,0.010232508182525635,-0.002411484718322754,0.10015424340963364,0.03426826372742653,0.003689176170155406
1763596059.680742,0.004829173722118139,-0.08285071716606617,0.03809533737748861,0.016088666394352913,-0.0008400214137509465,0.0023533569183200598,,,,,,
1763596059.689338,,,,,,,-0.005962729454040527,0.014505058526992798,0.004006139934062958,0.09378529340028763,0.028266029432415962,0.00020709307864308357
1763596059.690794,-0.052875777075812216,-0.031150925067067143,0.018277999490499495,0.020794471725821495,-0.004063778091222048,0.010444306768476963,,,,,,
1763596059.699368,,,,,,,-0.005685269832611084,0.012380361557006836,0.008729107677936554,0.09077701717615128,0.025399670004844666,-0.000482732430100441
1763596059.700847,-0.12076814069338142,0.003568506136536598,-0.007932984956353903,0.023692546412348747,-0.005528977606445551,0.007878368720412254,,,,,,
1763596059.709399,,,,,,,-0.007430911064147949,0.006608873605728149,0.008117318153381348,0.08371937274932861,0.031479135155677795,0.0036797882057726383
1763596059.7109,-0.1739589750677347,0.018261632877588273,-0.01428805307149887,0.026618560776114464,1.609092578291893e-06,-0.0012024787720292807,,,,,,
1763596059.719429,,,,,,,-0.003334939479827881,0.017980366945266724,0.002625696361064911,0.06498466432094574,0.025322170928120613,0.00012360280379652977
1763596059.720953,-0.16515351812578738,0.019254735568165777,0.012287965295463799,0.020576229318976402,-0.00025628763251006603,-0.003352323081344366,,,,,,
1763596059.72946,,,,,,,0.0030513405799865723,0.021670252084732056,0.002144336700439453,0.0743320882320404,0.017554795369505882,-0.009618240408599377
1763596059.731006,-0.11023739432878792,0.05573474670350551,0.005637275234609842,0.01011826191097498,0.01932167448103428,-0.009845376014709473,,,,,,
1763596059.739492,,,,,,,0.0016964077949523926,-0.0011492669582366943,0.00615798681974411,0.07074037939310074,0.02649822272360325,-0.0018191731069236994
1763596059.741059,-0.006382102252542972,0.09583703998923301,-0.030407851614803073,0.004957303404808044,0.05535616725683212,-0.00949661061167717,,,,,,
1763596059.749521,,,,,,,-0.0005524158477783203,0.0004839301109313965,0.0035865381360054016,0.06730277836322784,0.032321758568286896,0.0035276554990559816
1763596059.751111,0.06381590795889497,0.06441548128724098,-0.003262801188230514,-0.00026382412761449814,0.0743868499994278,0.00020768214017152786,,,,,,
1763596059.759552,,,,,,,-0.0002446174621582031,0.01355654001235962,-0.0021887943148612976,0.08094736933708191,0.028897464275360107,-0.00014491030015051365
1763596059.761164,0.06606653642989695,0.004173486292362213,0.0018142098151147363,0.0028702272102236748,0.06548072397708893,0.01814872957766056,,,,,,
1763596059.769582,,,,,,,-0.001061081886291504,0.01083400845527649,-0.0030444934964179993,0.11205469071865082,0.022524787113070488,-0.004581470042467117
1763596059.771217,0.06921762087196111,-0.010725392153859137,0.012537994533777236,0.014143387787044048,0.04436291754245758,0.033646997064352036,,,,,,
1763596059.779613,,,,,,,-0.005782067775726318,0.004713296890258789,0.0011001750826835632,0.1204395592212677,0.023837191984057426,-0.009569238871335983
1763596059.78127,0.08704692674688995,-0.016855857732892037,0.0420728627063334,0.030328111723065376,0.016686854884028435,0.0439264290034771,,,,,,
1763596059.789644,,,,,,,-0.007743477821350098,0.012088954448699951,-0.0015047863125801086,0.10674665123224258,0.031245041638612747,-0.013055048882961273
1763596059.791323,-0.003391688264906406,-0.06287117445468902,0.034804625269025564,0.03809601813554764,-0.015410891734063625,0.041880588978528976,,,,,,
1763596059.799674,,,,,,,-0.009649932384490967,0.008082151412963867,-0.003927953541278839,0.10287389904260635,0.034302085638046265,-0.015155884437263012
1763596059.801375,-0.09264840001575649,-0.08833002535998821,0.05466784812435507,0.03787953034043312,-0.030485378578305244,0.025500571355223656,,,,,,
1763596059.809705,,,,,,,-0.006524145603179932,-0.008309870958328247,-0.00404096394777298,0.09184708446264267,0.035919420421123505,-0.008274808526039124
1763596059.811428,-0.12219072084240615,-0.03712532330155372,0.04315685855075717,0.03178222104907036,-0.021779503673315048,0.010943731293082237,,,,,,
1763596059.819735,,,,,,,-0.001008152961730957,-0.0007600784301757812,-0.0030030012130737305,0.09473568201065063,0.034051213413476944,-0.0017763625364750624
1763596059.821481,-0.08023242442645132,-0.041622634720802305,0.06669394761323928,0.01731373928487301,0.00018603319767862558,0.006456865929067135,,,,,,
1763596059.829767,,,,,,,0.0002206563949584961,0.008710324764251709,-0.003911621868610382,0.12274548411369324,0.02157323993742466,-0.0033452308271080256
1763596059.831534,-0.056944853145629165,-0.06657704323530196,0.030403321570158005,0.005959884263575077,0.024036772549152374,0.013910519890487194,,,,,,
1763596059.839797,,,,,,,-0.0022386908531188965,0.001819700002670288,-0.0050852298736572266,0.12743964791297913,0.022798560559749603,-0.011075921356678009
1763596059.841587,-0.07936440942026675,-0.06997779158949852,-0.04979644269570708,0.005005871411412954,0.04715932160615921,0.023381099104881287,,,,,,
1763596059.849827,,,,,,,-0.002992093563079834,-0.0018570423126220703,-0.0027631446719169617,0.10745210200548172,0.02669236809015274,-0.006289954297244549
1763596059.851639,-0.08176058384180068,-0.039519524961709976,-0.05950213641300797,0.008934566751122475,0.050015825778245926,0.02640991285443306,,,,,,
1763596059.859858,,,,,,,-0.0011440515518188477,-0.0010683834552764893,-0.001938946545124054,0.0975508838891983,0.01759261265397072,-0.013089404441416264
1763596059.861692,-0.1347436937496066,-0.03482522966563702,0.05709609818458557,0.012589354068040848,0.03285844251513481,0.02029622159898281,,,,,,
1763596059.869888,,,,,,,-0.003020346164703369,-0.008253157138824463,0.002964131534099579,0.07000740617513657,0.019796645268797874,-0.014953351579606533
1763596059.871744,-0.12708667619042097,-0.017506430596113204,0.10364040721654891,0.01067427359521389,0.019051814451813698,0.011828700080513954,,,,,,
1763596059.879919,,,,,,,-0.0050504207611083984,-0.00989598035812378,0.0094989612698555,0.039333898574113846,0.021003855392336845,-0.017560718581080437
1763596059.881798,-0.05315656677857041,-0.015313888987898826,0.06067337214946746,0.0029762873891741037,0.024063853546977043,0.008372412994503975,,,,,,
1763596059.88995,,,,,,,-0.0049430131912231445,-0.014729231595993042,0.006195187568664551,0.03868541866540909,0.01168146077543497,-0.024839404970407486
1763596059.891851,-0.0065166884176433085,-0.0059486792713403696,-0.018824965848773717,-0.0011651944369077682,0.04204365238547325,0.008617157116532326,,,,,,
1763596059.89998,,,,,,,-0.0010304450988769531,-0.015239030122756958,0.00046599656343460083,0.020854968577623367,0.009736820124089718,-0.015146230347454548
1763596059.901904,0.02065320418924093,0.01195522620975971,-0.046277620919793844,0.0021293112076818943,0.04972219094634056,0.008423109538853168,,,,,,
1763596059.910011,,,,,,,0.0008043646812438965,-0.004268556833267212,0.0010151788592338562,0.02677970379590988,0.014424515888094902,0.001975232269614935
1763596059.911956,0.004444631383940577,-0.006146832191944122,0.010918722768872976,0.006745368242263794,0.02931785024702549,0.010241515934467316,,,,,,
1763596059.920041,,,,,,,-0.0015003681182861328,-0.0008538961410522461,-0.0030400753021240234,0.03442291170358658,0.0166461244225502,0.00497075542807579
1763596059.922009,-0.018933394659310578,-0.012543255230784416,0.05349193621277809,0.013165157288312912,-0.0021016644313931465,0.01209584902971983,,,,,,
1763596059.930072,,,,,,,0.0003871917724609375,-0.005820035934448242,-0.003470897674560547,0.04971158504486084,0.007906163111329079,0.00858253426849842
1763596059.932062,-0.044587914267182345,-0.034437107130885124,0.022365999456495044,0.01538117416203022,-0.020878015086054802,0.011297433637082577,,,,,,
1763596059.940103,,,,,,,-0.0009272098541259766,-0.012859612703323364,-0.0022891759872436523,0.057462502270936966,0.01338881254196167,0.00761520816013217
1763596059.942115,-0.04004442561864853,-0.04042378032505512,-0.000526069700717926,0.012191842310130596,-0.01591406762599945,0.009399289265275002,,,,,,
1763596059.950133,,,,,,,-0.0032989978790283203,-0.00950208306312561,-0.0003006458282470703,0.057764504104852676,0.020564433187246323,0.017889684066176414
1763596059.952168,-0.08427015550993383,-0.023201427367329597,0.014740326883643864,0.00258768443018198,0.007602711208164692,0.00016051693819463253,,,,,,
1763596059.960164,,,,,,,-0.0021432042121887207,0.0034415721893310547,-0.0019669607281684875,0.056528881192207336,0.018791301175951958,0.02090291678905487
1763596059.96222,-0.1461615251470357,-0.04763678044378757,0.0343498672388494,-0.0081182224676013,0.026958031579852104,-0.010500382632017136,,,,,,
1763596059.970194,,,,,,,0.0014100074768066406,0.0018654167652130127,-0.0027960538864135742,0.0694340318441391,0.016690867021679878,0.006213453598320484
1763596059.972273,-0.14512268361859024,-0.059169397327303884,0.01962692988142371,-0.012643733061850071,0.040452003479003906,-0.013827204704284668,,,,,,
1763596059.980225,,,,,,,-0.002006053924560547,-0.0010140538215637207,0.0022472143173217773,0.07446202635765076,0.005097060929983854,-0.0034584817476570606
1763596059.982326,-0.10460121507272124,-0.059786652442812914,0.018208002994209528,-0.0075375670567154884,0.03695875406265259,-0.010735547170042992,,,,,,
1763596059.990256,,,,,,,-0.004121065139770508,0.0023481547832489014,0.004476673901081085,0.04993884265422821,0.006272314116358757,-0.010997625067830086
1763596059.992379,-0.11221110555455088,-0.047505847540497775,0.01395253750681877,-0.002363045234233141,0.017891589552164078,-0.006824960932135582,,,,,,
1763596060.000287,,,,,,,-0.007706105709075928,0.006163179874420166,0.007579803466796875,0.0213242806494236,0.015171532519161701,-0.0035284566693007946
1763596060.002432,-0.12394932801276444,-0.012604630029201506,0.02503244218677282,0.007151083555072546,0.0017325907247141004,-0.0092216357588768,,,,,,
1763596060.010317,,,,,,,-0.007372498512268066,0.0015249550342559814,0.009629249572753906,0.014948406256735325,0.021111980080604553,0.011639045551419258
1763596060.012484,-0.0902445537444204,0.04600830245912075,0.023469576784223317,0.014270778745412827,0.0025778780691325665,-0.01102033443748951,,,,,,
1763596060.020347,,,,,,,-0.004500091075897217,5.036592483520508e-06,0.007441170513629913,0.023760050535202026,0.026120053604245186,0.022257201373577118
1763596060.022537,-0.03244249924756586,0.04939093063473701,0.01071764723882079,0.006963072344660759,0.023142943158745766,-0.009458472952246666,,,,,,
1763596060.030378,,,,,,,0.0006505250930786133,0.0018919408321380615,-0.0005885288119316101,0.05945307016372681,0.026910213753581047,0.028553180396556854
1763596060.03259,0.020057722514122724,0.02398468669950962,-0.03236497703194618,-0.005869369488209486,0.05356396362185478,0.0002279763575643301,,,,,,
1763596060.040409,,,,,,,0.0036013126373291016,-0.004481643438339233,-0.0036612749099731445,0.08135271817445755,0.02836989238858223,0.024489661678671837
1763596060.042643,0.0035836306404322385,0.01470890883207321,-0.04586290263906121,-0.011712254956364632,0.08320243656635284,0.0005703596398234367,,,,,,
1763596060.050439,,,,,,,0.006013691425323486,-0.00034743547439575195,-0.0009108707308769226,0.08917441964149475,0.017133217304944992,0.029311582446098328
1763596060.052696,-0.0363285469006747,0.012232874107360838,0.005298252538591623,-0.014819631353020668,0.08197019249200821,0.00017727701924741268,,,,,,
1763596060.06047,,,,,,,0.003149569034576416,0.0068187713623046875,-0.0005011558532714844,0.07377408444881439,0.008235596120357513,0.026644092053174973
1763596060.062749,-0.11819675583541392,-0.019665654456615448,0.05293795559182763,-0.01418998185545206,0.04450273513793945,-0.0065832482650876045,,,,,,
1763596060.0705,,,,,,,-0.0060613155364990234,0.0010949671268463135,0.006078727543354034,0.06062819063663483,0.01903631165623665,0.0266353040933609
1763596060.0728,-0.10457578837051987,-0.041430327019095416,0.0015339315690100193,0.0007972228340804577,0.021774783730506897,-0.01622096262872219,,,,,,
1763596060.080531,,,,,,,-0.013553142547607422,-0.011776626110076904,0.0072154998779296875,0.034371841698884964,0.040072355419397354,0.05081414431333542
1763596060.082854,-0.028012992367520927,-0.037600539597868916,-0.03550736671090126,0.013711361214518547,0.009877962060272694,-0.023234102874994278,,,,,,
1763596060.090561,,,,,,,-0.008222043514251709,-0.001974761486053467,-0.0011614635586738586,0.04347985237836838,0.03830055519938469,0.052771568298339844
1763596060.092907,-0.02085391439311206,-0.07213467736244202,-0.023740941071510313,0.014439469203352928,0.0003800649428740144,-0.02421334758400917,,,,,,
1763596060.100592,,,,,,,-4.76837158203125e-06,0.008473515510559082,-0.007659196853637695,0.06792312115430832,0.031342513859272,0.039035648107528687
1763596060.10296,-0.07046995902061462,-0.07644260368943213,-0.019885580817610025,0.013518922962248325,0.0032668267376720905,-0.02098654955625534,,,,,,
1763596060.110623,,,,,,,0.0006291866302490234,0.00621485710144043,-0.0052422285079956055,0.07684338092803955,0.017938025295734406,0.03453490510582924
1763596060.113013,-0.05448467357717454,-0.022590601992607116,-0.025252660808712243,0.012625965289771557,0.013408410362899303,-0.015102296136319637,,,,,,
1763596060.120653,,,,,,,-0.0018227696418762207,0.002512425184249878,0.0034911632537841797,0.07506825774908066,0.019244305789470673,0.030677849426865578
1763596060.123065,-0.0627232173513621,-0.025383447581529616,0.009615385085344314,0.013785434886813164,0.01511654257774353,-0.010321283712983131,,,,,,
1763596060.130684,,,,,,,-0.007158637046813965,0.007468163967132568,0.005025148391723633,0.06934592872858047,0.019022729247808456,0.028196582570672035
1763596060.133118,-0.09476407699547708,-0.031309915021061896,0.03171016638502478,0.016860321164131165,0.010925792157649994,-0.012076838873326778,,,,,,
1763596060.140715,,,,,,,-0.009714663028717041,0.011924654245376587,0.004550576210021973,0.06334336847066879,0.01819768361747265,0.024672288447618484
1763596060.143171,-0.10348748167715967,-0.03309913652539253,-0.00010068389549851417,0.02025953307747841,0.007394430693238974,-0.013385914266109467,,,,,,
1763596060.150745,,,,,,,-0.008159995079040527,0.005958199501037598,0.0066846683621406555,0.06109859049320221,0.02296127937734127,0.023296233266592026
1763596060.153224,-0.08745090443789959,-0.036278351083397865,-0.03528071834817528,0.02088245004415512,0.015659816563129425,-0.00979970209300518,,,,,,
1763596060.160776,,,,,,,-0.004377126693725586,0.002789616584777832,0.005797378718852997,0.06129035726189613,0.03167887032032013,0.01750905066728592
1763596060.163277,-0.06596928660050035,-0.027984569990634915,-0.027214024009555575,0.01657893881201744,0.03361888229846954,-0.005826638545840979,,,,,,
1763596060.170807,,,,,,,-0.001752614974975586,0.0074773430824279785,0.0015125200152397156,0.07728104293346405,0.023227861151099205,0.007935520261526108
1763596060.173329,-0.0555908812534064,-0.016616203758120535,-0.01623816422596574,0.008057091385126114,0.05177418515086174,-0.0020502761472016573,,,,,,
1763596060.180837,,,,,,,0.0001850128173828125,0.013648778200149536,-5.0902366638183594e-05,0.0802571251988411,0.008895527571439743,-0.002547481097280979
1763596060.183382,-0.0892967515002936,-0.012799860340356826,-0.02701806304603815,0.0012483247555792332,0.06491731852293015,0.0019929762929677963,,,,,,
1763596060.190868,,,,,,,-0.001458287239074707,0.017647355794906616,0.005912549793720245,0.07468579709529877,0.017857065424323082,-0.01094096526503563
1763596060.193435,-0.07678403753824532,-0.0164566292822361,-0.0333271000623703,0.0011122371070086956,0.0748855322599411,0.008102001622319221,,,,,,
1763596060.200898,,,,,,,-0.006548881530761719,0.01322755217552185,0.009043097496032715,0.06129764765501022,0.022447820752859116,-0.010630175471305847
1763596060.203488,-0.03572539337575435,0.016432663884758947,-0.03443549969568849,-0.0038562240079045296,0.07576615363359451,0.009293882176280022,,,,,,
1763596060.210929,,,,,,,-0.007870614528656006,0.0014422833919525146,0.008719436824321747,0.05062742903828621,0.018701553344726562,-0.012795325368642807
1763596060.213541,0.0427878060426563,0.04810907413065433,-0.04768646480441093,-0.010588695295155048,0.08316308259963989,0.0016886929515749216,,,,,,
1763596060.220959,,,,,,,-0.004566013813018799,-0.008129298686981201,0.010720372200012207,0.025902189314365387,0.020830750465393066,0.001353117753751576
1763596060.223594,0.13348024968504904,0.05159925433397293,-0.04328720693215728,-0.012005291879177094,0.08309789001941681,-0.005564399063587189,,,,,,
1763596060.23099,,,,,,,-0.002746880054473877,-0.00206872820854187,0.009727127850055695,0.015585637651383877,0.02951505221426487,0.016075871884822845
1763596060.233646,0.1743707707390189,0.057495911157131194,-0.03600201836004853,-0.0062515330500900745,0.05752887949347496,-0.004867715761065483,,,,,,
1763596060.24102,,,,,,,-0.0012395977973937988,0.0026119649410247803,0.0022891685366630554,0.031816739588975906,0.024723492562770844,0.01477598212659359
1763596060.243699,0.17683226548172531,0.062114218607544895,-0.11608137111663817,0.011771143414080143,0.021381527185440063,0.006211833097040653,,,,,,
1763596060.251051,,,,,,,0.0012412071228027344,-0.000941932201385498,0.0006884336471557617,0.034522511065006256,0.012171748094260693,0.017316104844212532
1763596060.253752,0.14578048994019627,0.09199147047698497,-0.138177321460098,0.03424582630395889,-0.012466450221836567,0.022742873057723045,,,,,,
1763596060.261082,,,,,,,-0.000284731388092041,0.0002588927745819092,0.007364384829998016,0.027177423238754272,0.01173498947173357,0.019077319651842117
1763596060.263805,0.06817227653749287,0.06727905402481556,-0.09647402271851897,0.04854251444339752,-0.03992070257663727,0.02964911423623562,,,,,,
1763596060.271112,,,,,,,-0.00304412841796875,0.004683375358581543,0.00756334513425827,0.012504205107688904,0.012292389757931232,0.010823918506503105
1763596060.273858,-0.01333550158701837,0.001454290461540222,-0.036590924163907766,0.05022376775741577,-0.04583984240889549,0.022764841094613075,,,,,,
1763596060.281144,,,,,,,-0.005981266498565674,0.0013717114925384521,0.0032793357968330383,0.0008314047008752823,0.018159866333007812,0.007432914804667234
1763596060.28391,-0.08234795527569949,-0.04552431833446026,-0.014698533568531274,0.045945536345243454,-0.03216933831572533,0.007766055874526501,,,,,,
1763596060.291174,,,,,,,-0.0075601935386657715,-0.0018492639064788818,0.001922599971294403,-0.012252438813447952,0.024670230224728584,0.002394746756181121
1763596060.293963,-0.09435637297742068,-0.08133505190610885,0.023212387152761218,0.032175928354263306,-0.016269732266664505,0.004787842743098736,,,,,,
1763596060.301204,,,,,,,-0.007008790969848633,0.00633576512336731,0.0012230873107910156,-0.0003250320442020893,0.023211617022752762,-0.007318001240491867
1763596060.304016,-0.10856566172428428,-0.09963467870652674,0.04636193820238113,0.02436378225684166,-0.0037456939462572336,0.010037164203822613,,,,,,
1763596060.311235,,,,,,,-0.005209565162658691,0.011141657829284668,0.004698395729064941,0.010727087035775185,0.01504183653742075,-0.012730077840387821
1763596060.314069,-0.1315031043931842,-0.07212298692464827,0.030735330003499983,0.019840668886899948,0.0033862516283988953,0.017773646861314774,,,,,,
1763596060.321265,,,,,,,-0.005983829498291016,0.014326721429824829,0.0060302019119262695,0.009465347975492477,0.010303008370101452,-0.01123611070215702
1763596060.324122,-0.19137728898897766,-0.051209378233551976,0.009575637596845626,0.017247891053557396,0.009947234764695168,0.02052166312932968,,,,,,
1763596060.331296,,,,,,,-0.005815982818603516,0.010285615921020508,0.006899483501911163,0.020592300221323967,0.012750186957418919,-0.015174925327301025
1763596060.334174,-0.1830292934909463,-0.009620061260461806,-0.02945961097925901,0.016998885199427605,0.02975316345691681,0.018446262925863266,,,,,,
1763596060.341326,,,,,,,-0.008495688438415527,-7.748603820800781e-05,0.0033930614590644836,0.018523123115301132,0.018243489786982536,-0.009184344671666622
1763596060.344227,-0.11179996747039257,-0.06121054776608944,-0.043111119712889195,0.015036080032587051,0.05243203043937683,0.012405622750520706,,,,,,
1763596060.351357,,,,,,,-0.005590975284576416,0.001965075731277466,-0.0005658864974975586,0.02903861552476883,0.021904537454247475,-0.0021687797270715237
1763596060.35428,-0.05985979074425995,-0.07978139272332191,-0.01358677293434739,0.011340677738189697,0.06134110316634178,0.012254888191819191,,,,,,
1763596060.361388,,,,,,,-0.0037578344345092773,0.008546978235244751,-0.003334522247314453,0.041169147938489914,0.025861727073788643,-0.0054386090487241745
1763596060.364333,-0.03872793619260192,-0.07326748078465462,0.011952303600311279,0.01473826915025711,0.05469803139567375,0.02119949273765087,,,,,,
1763596060.371418,,,,,,,-0.004355490207672119,0.009989708662033081,-0.00034736841917037964,0.0676521584391594,0.028527285903692245,-0.0030220565386116505
1763596060.374386,-0.034836262516304846,-0.07154898642897606,0.03633504970669746,0.019358322024345398,0.04403659701347351,0.03604342043399811,,,,,,
1763596060.381449,,,,,,,-0.0062171220779418945,0.005869656801223755,0.002578258514404297,0.07602591067552567,0.02860611490905285,-0.016489794477820396
1763596060.384439,-0.08798946829400957,-0.09336626596152782,0.04782090483903884,0.02491539716720581,0.03246159851551056,0.04492367431521416,,,,,,
1763596060.391479,,,,,,,-0.007688283920288086,0.013040602207183838,0.0028373003005981445,0.09047329425811768,0.02349204756319523,-0.028273483738303185
1763596060.394491,-0.16112645456679164,-0.09060556907653808,0.03514730122685432,0.027471499517560005,0.033575866371393204,0.04243548586964607,,,,,,
1763596060.40151,,,,,,,-0.006530165672302246,0.012209683656692505,0.0033965185284614563,0.09642556309700012,0.024008700624108315,-0.03822891041636467
1763596060.404544,-0.2158116922173649,-0.09752747729420662,-0.01596665380820632,0.02828008495271206,0.045370347797870636,0.035152848809957504,,,,,,
1763596060.411541,,,,,,,-0.008581280708312988,0.009536594152450562,0.0037900134921073914,0.08889707177877426,0.02831103652715683,-0.04561705142259598
1763596060.414597,-0.17826682832948862,-0.08056348301172256,0.01764905393719673,0.024089068174362183,0.05501125752925873,0.02477797120809555,,,,,,
1763596060.421571,,,,,,,-0.007446467876434326,0.004794865846633911,0.00563608855009079,0.07794778048992157,0.03350233659148216,-0.05289873853325844
1763596060.42465,-0.1363416304655373,-0.049689621320366854,0.05337167083397507,0.020592864602804184,0.05667906627058983,0.01820245012640953,,,,,,
1763596060.431602,,,,,,,-0.005944490432739258,0.0011307597160339355,0.005895853042602539,0.07450351119041443,0.028629017993807793,-0.05665858834981918
1763596060.434703,-0.10760054301917553,-0.027807459858059883,0.018618045099824666,0.013352794572710991,0.06478812545537949,0.016371792182326317,,,,,,
1763596060.441632,,,,,,,-0.004215598106384277,-0.009706765413284302,0.007399804890155792,0.06581411510705948,0.030622927471995354,-0.04809226095676422
1763596060.444755,-0.019709639728814364,0.008527005326747893,-0.044101884315907953,0.01012634951621294,0.08034224808216095,0.018454892560839653,,,,,,
1763596060.451664,,,,,,,-0.0032674074172973633,-0.013906717300415039,0.0016905143857002258,0.06260021030902863,0.03998234122991562,-0.03332529962062836
1763596060.454808,0.04836348728314042,0.005658171892166137,-0.07935118461251259,0.007443747483193874,0.09568338096141815,0.02403661236166954,,,,,,
1763596060.461694,,,,,,,-0.0014357566833496094,-0.010627180337905884,-0.004805207252502441,0.07723899185657501,0.034486908465623856,-0.01743115670979023
1763596060.464861,0.054675666104629636,-0.022069208467006683,-0.05528656454458832,0.002942498307675123,0.09507066011428833,0.02987375296652317,,,,,,
1763596060.471724,,,,,,,-0.001058042049407959,-0.011918783187866211,-0.006936065852642059,0.08647856116294861,0.039046771824359894,-0.0135211031883955
1763596060.474914,0.05618373258002102,-0.034410219123959536,-0.03929404564276338,0.005550265312194824,0.09025087207555771,0.03245621919631958,,,,,,
1763596060.481755,,,,,,,-0.003385186195373535,-0.011351913213729858,-0.0015871599316596985,0.09762405604124069,0.0335361585021019,-0.004180065356194973
1763596060.484967,0.043214580087363716,-0.017872341299057005,-0.013987462689727543,0.005237300414592028,0.0767289251089096,0.026073023676872253,,,,,,
1763596060.491785,,,,,,,-0.0016373991966247559,-0.011156797409057617,0.0010533183813095093,0.09443971514701843,0.022452348843216896,-0.0006937212310731411
1763596060.495019,-0.020325287409126758,-0.01782148789465427,0.018457155449688435,0.00521945720538497,0.05944501608610153,0.008296423591673374,,,,,,
1763596060.501816,,,,,,,-0.004131019115447998,-0.010569393634796143,0.0064193010330200195,0.08609570562839508,0.021976707503199577,0.004380532540380955
1763596060.505072,-0.06293364523164928,-0.02094692643880844,-0.014460925420373678,0.013984495773911476,0.05615362152457237,-0.00966087356209755,,,,,,
1763596060.511847,,,,,,,-0.006418168544769287,-0.009276032447814941,0.004473328590393066,0.07150398194789886,0.03265944495797157,0.015661682933568954
1763596060.515125,-0.03522584635578096,0.004259995532035828,-0.01314107499346137,0.01647535152733326,0.05216287449002266,-0.019186202436685562,,,,,,
1763596060.521877,,,,,,,-0.0057486891746521,-0.0051957666873931885,0.001431584358215332,0.06410090625286102,0.030468730255961418,0.017418304458260536
1763596060.525178,0.015584449557587504,0.0012169745743274688,-0.0026024375833570957,0.015111571177840233,0.04769362881779671,-0.01466386578977108,,,,,,
1763596060.531908,,,,,,,-0.0025398731231689453,-0.00595247745513916,-0.0005490705370903015,0.06079352647066116,0.024070486426353455,0.02050970122218132
1763596060.535231,0.03694039518870413,-0.019274024790525434,0.00978723452091217,0.01536510419100523,0.044857364147901535,0.0006908553186804056,,,,,,
1763596060.541939,,,,,,,0.0010356903076171875,0.0008938312530517578,-0.0025697872042655945,0.06947995722293854,0.02014045976102352,0.018536832183599472
1763596060.545284,0.03833148422092199,-0.040109307548403736,0.026793168248981238,0.01596713811159134,0.04148770868778229,0.017739776521921158,,,,,,
1763596060.551969,,,,,,,-0.00195235013961792,0.013681948184967041,-0.0009044408798217773,0.071538046002388,0.017437083646655083,0.007795504294335842
1763596060.555336,-0.02052256354689598,-0.04806757307648658,0.01967033063173294,0.016848379746079445,0.04020193591713905,0.02809547819197178,,,,,,
1763596060.562,,,,,,,-0.005436599254608154,0.01713576912879944,-0.0002927854657173157,0.0725298598408699,0.021021433174610138,-0.0005961828865110874
1763596060.565389,-0.07185052665881812,-0.037191958796977995,0.02871989852786064,0.014573481865227222,0.04246155172586441,0.02653564140200615,,,,,,
1763596060.57203,,,,,,,-0.006258904933929443,0.011715352535247803,-0.0005283355712890625,0.06553772836923599,0.02523881383240223,-0.007728394586592913
1763596060.575442,-0.09395809437483549,-0.01710837118923664,0.006700958943367004,0.013631255365908146,0.051883548498153687,0.01811951957643032,,,,,,
1763596060.582061,,,,,,,-0.004920363426208496,0.009883970022201538,-0.0011243820190429688,0.06597889214754105,0.031342513859272,-0.010733772069215775
1763596060.585495,-0.09818725637719035,-0.02518938631415367,0.02297638643980026,0.010906141251325607,0.05678145959973335,0.006583425682038069,,,,,,
1763596060.592091,,,,,,,-0.0031296610832214355,0.018623173236846924,-0.0007149055600166321,0.06418178975582123,0.034894902259111404,-0.009894609451293945
1763596060.595548,-0.09248115369006991,-0.03180032888650894,0.05874561895728111,0.0078003620728850365,0.05112703517079353,0.00230266060680151,,,,,,
1763596060.602123,,,,,,,-0.00017404556274414062,0.027208536863327026,-0.0039838626980781555,0.088536337018013,0.040561843663454056,-0.012609835714101791
1763596060.6056,-0.03194090640097856,0.030911855614185333,0.05596694802418351,0.004493522923439741,0.05447263643145561,0.012668933719396591,,,,,,
1763596060.612154,,,,,,,0.0001443028450012207,0.0325181782245636,-0.005057565867900848,0.0873405784368515,0.039246510714292526,-0.034472789615392685
1763596060.615653,0.054595659670978784,0.0801174928098917,0.0021780746914446354,0.010106401517987251,0.06638868153095245,0.03261973708868027,,,,,,
1763596060.622184,,,,,,,0.00029331445693969727,0.032601356506347656,-0.0008662939071655273,0.08976464718580246,0.033097803592681885,-0.05836813524365425
1763596060.625706,0.0945819253616035,0.08816343662142753,-0.021705489721149204,0.017664868384599686,0.07419730722904205,0.0569135919213295,,,,,,
1763596060.632215,,,,,,,0.00045096874237060547,0.022725999355316162,0.0019942447543144226,0.037866298109292984,0.028772562742233276,-0.09218575060367584
1763596060.635759,0.08974814852960407,0.06826221984326838,-0.010811316871643066,0.030666686594486237,0.07127901166677475,0.08443497121334076,,,,,,
1763596060.642245,,,,,,,-0.0031338930130004883,0.02371835708618164,0.00509297102689743,-0.01196589320898056,0.02974994294345379,-0.1137726679444313
1763596060.645812,0.037531712145358324,0.06677227354645729,-0.007375497204065323,0.04611629992723465,0.05585373938083649,0.10604384541511536,,,,,,
1763596060.652276,,,,,,,-0.004164934158325195,0.030795574188232422,0.0040640756487846375,-0.04999290406703949,0.028445526957511902,-0.14189939200878143
1763596060.655864,0.005296572038158774,0.05359890371859073,0.023156273051351307,0.05302746966481209,0.03154946491122246,0.11922169476747513,,,,,,
1763596060.662307,,,,,,,-0.0019600391387939453,0.03811687231063843,0.0005363225936889648,-0.05952158197760582,0.009563447907567024,-0.16398625075817108
1763596060.665917,0.003964227455854416,0.0753986475944519,-0.019984949538856742,0.061716996133327484,0.031090911477804184,0.1255093216896057,,,,,,
1763596060.672337,,,,,,,0.0009624361991882324,0.0363580584526062,0.0006746053695678711,-0.09264784306287766,0.011526198126375675,-0.18776214122772217
1763596060.67597,0.016388751677796243,0.09257014714777469,-0.06320785906314849,0.06837596744298935,0.05214666202664375,0.12619587779045105,,,,,,
1763596060.682368,,,,,,,-7.224082946777344e-05,0.034690648317337036,-0.0009398385882377625,-0.16135600209236145,0.027459358796477318,-0.21053962409496307
1763596060.686023,0.038368747491389514,0.06750117234289646,-0.013696516919136047,0.06550585478544235,0.0725044533610344,0.13400842249393463,,,,,,
1763596060.692398,,,,,,,0.0010582208633422852,0.030578821897506714,-0.00752817839384079,-0.2520699203014374,0.027430595830082893,-0.2493640035390854
1763596060.696076,0.004953311558440327,0.022390695506334303,0.05273921814933419,0.05930761247873306,0.0856436938047409,0.14732396602630615,,,,,,
1763596060.702429,,,,,,,0.003914058208465576,0.01739564538002014,-0.00940181314945221,-0.34667864441871643,0.011660953983664513,-0.28545263409614563
1763596060.706129,-0.0029958938803523777,-0.0015139116942882538,0.054379094310849904,0.05035319924354553,0.10033734142780304,0.17157268524169922,,,,,,
1763596060.71246,,,,,,,0.004058480262756348,0.017413228750228882,-0.008700966835021973,-0.39306798577308655,-0.00014350732089951634,-0.31648749113082886
1763596060.716181,0.043181773796305056,-0.004599602749943733,0.06214300631061196,0.04842241108417511,0.11538047343492508,0.20243926346302032,,,,,,
1763596060.72249,,,,,,,-0.002616584300994873,0.04467064142227173,-0.013086669147014618,-0.36059463024139404,-0.004333458840847015,-0.34149664640426636
1763596060.726233,0.08268887766785919,-0.02879530185163021,0.05212064785957336,0.055466178804636,0.12010803818702698,0.23660840094089508,,,,,,
1763596060.732521,,,,,,,-0.007864117622375488,0.08168971538543701,-0.01870429515838623,-0.26581671833992004,-0.007414735853672028,-0.36245837807655334
1763596060.736287,0.12645904581137002,-0.03396656700968742,0.05814692241176962,0.07467928528785706,0.10641299933195114,0.2767190635204315,,,,,,
1763596060.742551,,,,,,,-0.0030090808868408203,0.10345560312271118,-0.023401498794555664,-0.142397940158844,-0.008206760510802269,-0.3980439305305481
1763596060.74634,0.14363690204024315,0.00682487758398056,0.1252032735966146,0.09432327002286911,0.07151859253644943,0.3212878406047821,,,,,,
1763596060.752582,,,,,,,0.0036208629608154297,0.10942971706390381,-0.022336356341838837,-0.010958438739180565,-0.005493797827512026,-0.42742687463760376
1763596060.756393,0.07595123997591435,0.008771919998526573,0.18334245109334588,0.11805469542741776,0.02607707865536213,0.3628627061843872,,,,,,
1763596060.762613,,,,,,,0.0067102909088134766,0.1070336103439331,-0.018839962780475616,0.08079999685287476,0.004632339347153902,-0.4608462154865265
1763596060.766445,-0.017445859515294433,0.028845570734143254,0.18921441186666488,0.13567180931568146,-0.0024768617004156113,0.39247673749923706,,,,,,
1763596060.772643,,,,,,,0.005955219268798828,0.10542485117912292,-0.007307887077331543,0.15024910867214203,0.02458847127854824,-0.49379751086235046
1763596060.776498,-0.07253982409723103,0.09858137026131153,0.20941431933045387,0.13708753883838654,-0.004705394618213177,0.41650697588920593,,,,,,
1763596060.782674,,,,,,,0.003529667854309082,0.09859460592269897,0.005040057003498077,0.17690378427505493,0.04130459949374199,-0.537491500377655
1763596060.786551,-0.1419637811962515,0.1531634397983551,0.17749226376041768,0.12369886040687561,0.01463363878428936,0.4375113248825073,,,,,,
1763596060.792704,,,,,,,0.0029649734497070312,0.0945901870727539,0.02157115936279297,0.16728071868419647,0.05569552257657051,-0.5722185969352722
1763596060.796604,-0.16538002035804092,0.19806056614518164,0.11996361937746405,0.1215001568198204,0.07187721878290176,0.4631043076515198,,,,,,
1763596060.802735,,,,,,,-0.0005606412887573242,0.09795677661895752,0.029155492782592773,0.12394361943006516,0.07284920662641525,-0.6263369917869568
1763596060.806657,-0.18375494088437408,0.1651888086348772,0.023314093961566685,0.14352445304393768,0.13397161662578583,0.5001814365386963,,,,,,
1763596060.812766,,,,,,,-0.0014315247535705566,0.09805285930633545,0.03364240378141403,0.017932763323187828,0.06929708272218704,-0.7030272483825684
1763596060.816709,-0.1498776961259544,0.18502748157083987,0.000488514169305563,0.16169840097427368,0.17037490010261536,0.5473757982254028,,,,,,
1763596060.822796,,,,,,,-0.00018477439880371094,0.07732939720153809,0.0384514257311821,-0.12176302820444107,0.07511263340711594,-0.7739731669425964
1763596060.826762,-0.09456263613924383,0.23962124154567718,-0.025279402685165403,0.16620522737503052,0.19512642920017242,0.5987887382507324,,,,,,
1763596060.832827,,,,,,,-0.0014709830284118652,0.047854721546173096,0.04061686992645264,-0.32297495007514954,0.09038612246513367,-0.8563082218170166
1763596060.836815,-0.08924034513793885,0.23843700019717215,-0.15312719944119452,0.15524472296237946,0.23034539818763733,0.6426954865455627,,,,,,
1763596060.842857,,,,,,,-0.0001761317253112793,0.044752687215805054,0.040786489844322205,-0.5138406157493591,0.10117512196302414,-0.9311771988868713
1763596060.846868,-0.047231049187108874,0.2437725160062313,-0.2204854561820626,0.1451730728149414,0.2861514389514923,0.6901968121528625,,,,,,
1763596060.852888,,,,,,,0.008772432804107666,0.06444790959358215,0.042828433215618134,-0.691684365272522,0.10104542970657349,-1.008370041847229
1763596060.856921,-0.014420209817495196,0.25583763233125206,-0.1965885938964784,0.1543617844581604,0.33613017201423645,0.74761962890625,,,,,,
1763596060.862919,,,,,,,0.019758641719818115,0.09021958708763123,0.03419326990842819,-0.789699912071228,0.09509832412004471,-1.0924482345581055
1763596060.866973,0.051123855374567206,0.28399112914800645,-0.08742211673483252,0.16405387222766876,0.32296353578567505,0.8229781985282898,,,,,,
1763596060.872949,,,,,,,0.025221526622772217,0.11113300919532776,0.026766076683998108,-0.8739284873008728,0.07784583419561386,-1.1928330659866333
1763596060.877026,0.0883279795333743,0.37986557853817937,-0.15142156456708908,0.20438344776630402,0.28962182998657227,0.9002202153205872,,,,,,
1763596060.88298,,,,,,,0.027209222316741943,0.13899648189544678,0.034523025155067444,-0.9375646114349365,0.0763012021780014,-1.2733434438705444
1763596060.887079,0.11630316064115613,0.42292262997627256,-0.25879589761495586,0.28009724617004395,0.26959890127182007,0.9790751338005066,,,,,,
1763596060.89301,,,,,,,0.02630925178527832,0.14662763476371765,0.04678022861480713,-0.9467319846153259,0.06476305425167084,-1.3513774871826172
1763596060.897132,0.09851061571319587,0.45161096432209014,-0.10687756250686943,0.33763909339904785,0.2523607909679413,1.0429927110671997,,,,,,
1763596060.903041,,,,,,,0.022098124027252197,0.13588210940361023,0.055930256843566895,-0.9427168369293213,0.06691515445709229,-1.453759789466858
1763596060.907185,0.11039000934092327,0.4920283149063587,-0.0035888182722032067,0.3721191883087158,0.283232182264328,1.0822349786758423,,,,,,
1763596060.913072,,,,,,,0.004450619220733643,0.12228521704673767,0.06960056722164154,-1.0193859338760376,0.11683797091245651,-1.5488735437393188
1763596060.917238,0.13088720098454504,0.4637152436137199,0.026633155381679534,0.3894102871417999,0.3632471263408661,1.1047389507293701,,,,,,
1763596060.923102,,,,,,,-0.0061013102531433105,0.11843281984329224,0.0697193294763565,-1.0372707843780518,0.20658037066459656,-1.59107506275177
1763596060.92729,0.13380411134455353,0.387386037170887,0.14409867433309553,0.36971384286880493,0.418157160282135,1.1200320720672607,,,,,,
1763596060.933133,,,,,,,0.0029715895652770996,0.11797952651977539,0.05837713181972504,-1.0840848684310913,0.29046887159347534,-1.6717458963394165
1763596060.937343,0.15355554438848049,0.3201204271495342,0.17691358708962798,0.35329651832580566,0.4485590159893036,1.1350029706954956,,,,,,
1763596060.943163,,,,,,,0.017285406589508057,0.14025577902793884,0.05337284505367279,-1.1397517919540405,0.3286024332046509,-1.7586127519607544
1763596060.947396,0.18229520706273614,0.30223230375945564,-0.009257657688856124,0.36291542649269104,0.45381054282188416,1.1686965227127075,,,,,,
1763596060.953194,,,,,,,0.03377842903137207,0.14714431762695312,0.05975009500980377,-1.210404634475708,0.37029314041137695,-1.8600733280181885
1763596060.957449,0.19174802199751137,0.37589433681964873,-0.08475560093931853,0.4040184020996094,0.4373053312301636,1.2325879335403442,,,,,,
1763596060.963225,,,,,,,0.03588658571243286,0.16513031721115112,0.07716633379459381,-1.261976957321167,0.4479493200778961,-1.902119517326355
1763596060.967502,0.14827325660400092,0.46166649439036844,-0.08069083571843802,0.47624337673187256,0.3958326578140259,1.3247556686401367,,,,,,
1763596060.973255,,,,,,,0.04733014106750488,0.19822192192077637,0.08573460578918457,-1.3705428838729858,0.4788616895675659,-2.02736496925354
1763596060.977554,0.010408946615830063,0.5651613556563854,-0.013448752703145146,0.5505836606025696,0.34259021282196045,1.4234271049499512,,,,,,
1763596060.983286,,,,,,,0.05745965242385864,0.20771634578704834,0.10058341920375824,-1.4949665069580078,0.506725549697876,-2.159709930419922
1763596060.987607,-0.15418671843148768,0.6379618034511805,-0.024559344782307743,0.610949695110321,0.3210785686969757,1.503995418548584,,,,,,
1763596060.993316,,,,,,,0.06471413373947144,0.1774858832359314,0.10956631600856781,-1.6055643558502197,0.5672911405563354,-2.271757125854492
1763596060.99766,-0.19794863020330666,0.7425573194354772,-0.11936981820277869,0.6467151045799255,0.3556234836578369,1.5669565200805664,,,,,,
1763596061.003347,,,,,,,0.06628948450088501,0.1593160629272461,0.11753681302070618,-1.7097748517990112,0.6594940423965454,-2.407625675201416
1763596061.007713,-0.11763371512517333,0.7992536046475172,-0.173331783080101,0.6624011993408203,0.42841362953186035,1.62178373336792,,,,,,
1763596061.013378,,,,,,,0.07238501310348511,0.18572741746902466,0.1172114908695221,-1.7477104663848877,0.736552357673645,-2.505056381225586
1763596061.017766,-0.0032325521804392335,0.8200462173074483,-0.1781774695456028,0.671236515045166,0.4916490614414215,1.6764302253723145,,,,,,
1763596061.023408,,,,,,,0.09901708364486694,0.2198379635810852,0.10613808035850525,-1.7043415307998657,0.8132721781730652,-2.5740644931793213
1763596061.027818,0.07996040255203843,0.8284908050477504,-0.136596956933476,0.6767429709434509,0.5257202386856079,1.7409385442733765,,,,,,
1763596061.033439,,,,,,,0.12498074769973755,0.231825053691864,0.0927724540233612,-1.5997551679611206,0.877469003200531,-2.623297691345215
1763596061.037871,0.16354381790682673,0.8326099308043717,-0.14404489831924439,0.6846016645431519,0.5473341941833496,1.804107427597046,,,,,,
1763596061.043469,,,,,,,0.13977819681167603,0.22485703229904175,0.09743225574493408,-1.5608837604522705,0.9252272248268127,-2.6776933670043945
1763596061.047924,0.26611425780430437,0.8801064259946346,-0.18961659945938736,0.7003498673439026,0.5804420113563538,1.8663536310195923,,,,,,
1763596061.0535,,,,,,,0.13961577415466309,0.21632009744644165,0.11843740940093994,-1.5351907014846802,0.9990601539611816,-2.692361831665039
1763596061.057977,0.3540307339273393,0.899703106868267,-0.11686810104753821,0.7089375257492065,0.6117799282073975,1.9223694801330566,,,,,,
1763596061.06353,,,,,,,0.13610297441482544,0.1957288384437561,0.13142120838165283,-1.5246591567993164,1.0917826890945435,-2.706494092941284
1763596061.06803,0.4169324496507644,0.9050017977982759,-0.07578446857426314,0.701264500617981,0.6319625377655029,1.9634840488433838,,,,,,
1763596061.073561,,,,,,,0.1287062168121338,0.17841565608978271,0.12817415595054626,-1.5334314107894897,1.193947672843933,-2.7275235652923584
1763596061.078083,0.4694900276228785,0.8230231872916222,-0.1388298305520788,0.6874672174453735,0.6432908177375793,1.993293285369873,,,,,,
1763596061.083592,,,,,,,0.1348567008972168,0.16944491863250732,0.1071629524230957,-1.4985865354537964,1.307321310043335,-2.7152421474456787
1763596061.088135,0.5304325721025467,0.7131395017713308,-0.27053775506867095,0.683459997177124,0.636201024055481,2.0111265182495117,,,,,,
1763596061.093622,,,,,,,0.15040159225463867,0.16293877363204956,0.0871756374835968,-1.4582356214523315,1.4190223217010498,-2.7439591884613037
1763596061.098188,0.5534153882831335,0.6423661758899688,-0.3616425241053104,0.7046699523925781,0.6144749522209167,2.0355329513549805,,,,,,
1763596061.103653,,,,,,,0.1672847867012024,0.17899280786514282,0.09486299753189087,-1.4493180513381958,1.5059928894042969,-2.7508108615875244
1763596061.108241,0.5572852154538035,0.6238011761516332,-0.2139829424202442,0.7324309349060059,0.5535559058189392,2.0782227516174316,,,,,,
1763596061.113683,,,,,,,0.18846732378005981,0.18140476942062378,0.10376805067062378,-1.3961608409881592,1.560739278793335,-2.767756938934326
1763596061.118294,0.4403527804657817,0.5899398230820894,-0.00010169767565093934,0.7553088068962097,0.4685872197151184,2.1236162185668945,,,,,,
1763596061.123714,,,,,,,0.19182801246643066,0.15078479051589966,0.11558318138122559,-1.4198240041732788,1.6351567506790161,-2.7996082305908203
1763596061.128347,0.24283114350289106,0.568935028976202,0.005051440453960094,0.7742723822593689,0.4272051751613617,2.163361072540283,,,,,,
1763596061.133745,,,,,,,0.18541640043258667,0.14859139919281006,0.13774967193603516,-1.4315145015716553,1.7137876749038696,-2.7890677452087402
1763596061.138399,0.05307371080070734,0.5606576144963502,-0.08700316067039966,0.7738481163978577,0.4463249742984772,2.192969560623169,,,,,,
1763596061.143775,,,,,,,0.19032219052314758,0.13990449905395508,0.1316375732421875,-1.3249915838241577,1.7759325504302979,-2.7547719478607178
1763596061.148452,-0.08781038540005684,0.5551572635143995,-0.047559623554348944,0.7413231134414673,0.5117589831352234,2.2213706970214844,,,,,,
1763596061.153806,,,,,,,0.19569066166877747,0.13809901475906372,0.10920274257659912,-1.1703191995620728,1.8536901473999023,-2.7193195819854736
1763596061.158505,-0.13481062150597573,0.5692535934060812,-0.03891396028399467,0.6921574473381042,0.6251987218856812,2.24609637260437,,,,,,
1763596061.163836,,,,,,,0.2014525830745697,0.16721731424331665,0.10312163829803467,-0.9425557255744934,1.937760591506958,-2.656174898147583
1763596061.168558,-0.12516805615276097,0.5934183128476143,0.061743010674975805,0.6282045245170593,0.725290060043335,2.2719738483428955,,,,,,
1763596061.173867,,,,,,,0.21421629190444946,0.19551926851272583,0.09752339124679565,-0.6693265438079834,2.0122292041778564,-2.5964319705963135
1763596061.178611,-0.09340922832041978,0.5816618240803479,0.20544716926515103,0.5657421946525574,0.7867336869239807,2.3141746520996094,,,,,,
1763596061.183898,,,,,,,0.23129752278327942,0.20119613409042358,0.08970433473587036,-0.47900253534317017,2.0738627910614014,-2.5963711738586426
1763596061.188663,-0.07021423069387674,0.5529805039972067,0.1532294907718897,0.5134128332138062,0.8296926021575928,2.3592119216918945,,,,,,
1763596061.193928,,,,,,,0.2437719702720642,0.18835121393203735,0.11940604448318481,-0.44485732913017273,2.1695547103881836,-2.592148780822754
1763596061.198716,-0.07045593049526214,0.5359013589024544,-0.036921325162053105,0.491610050201416,0.8735979795455933,2.40146541595459,,,,,,
1763596061.203959,,,,,,,0.25647133588790894,0.16558051109313965,0.13827091455459595,-0.4250633716583252,2.228747844696045,-2.6103503704071045
1763596061.208769,-0.09132394647896289,0.5535433985769749,-0.14706338762389495,0.47618257999420166,0.8952642679214478,2.4471230506896973,,,,,,
1763596061.213989,,,,,,,0.258934885263443,0.1190597414970398,0.13752424716949463,-0.45878779888153076,2.3124451637268066,-2.6007537841796875
1763596061.218822,-0.0309305603146553,0.5640735604196787,-0.25685647225128483,0.4680841565132141,0.9255425333976746,2.487255573272705,,,,,,
1763596061.22402,,,,,,,0.25039875507354736,0.08063364028930664,0.11607450246810913,-0.47405439615249634,2.3928072452545166,-2.609365224838257
1763596061.228875,0.053148237341642375,0.5879027642965317,-0.30733167272508144,0.45162367820739746,0.9571991562843323,2.5269336700439453,,,,,,
1763596061.234051,,,,,,,0.24292825162410736,0.05185425281524658,0.0860474705696106,-0.31826213002204895,2.438023328781128,-2.5647802352905273
1763596061.238927,0.19827450115680692,0.5911749178349971,-0.2544207512706518,0.41923588514328003,0.9763286709785461,2.555532932281494,,,,,,
1763596061.244081,,,,,,,0.23885037004947662,0.03397929668426514,0.05288964509963989,-0.20074480772018433,2.479811191558838,-2.535482168197632
1763596061.24898,0.3384206384718418,0.5507575672507286,-0.15212825153172016,0.38114336133003235,0.9760190844535828,2.57075834274292,,,,,,
1763596061.254112,,,,,,,0.22762060165405273,0.035634756088256836,0.04821038246154785,-0.06613240391016006,2.4931607246398926,-2.4953787326812744
1763596061.259033,0.4434206436038017,0.5007797766387462,-0.09033376639783382,0.36167219281196594,0.9624420404434204,2.5778563022613525,,,,,,
1763596061.264142,,,,,,,0.2381167709827423,0.03033822774887085,0.05637955665588379,0.04072505980730057,2.4646339416503906,-2.4369475841522217
1763596061.269086,0.38138299736380576,0.4300549660742283,-0.08018880448043346,0.36745283007621765,0.9352235794067383,2.5773773193359375,,,,,,
1763596061.274173,,,,,,,0.26502469182014465,0.023173213005065918,0.08021163940429688,0.07571633160114288,2.4050467014312744,-2.3935272693634033
1763596061.279139,0.23894319615364074,0.30698622028827666,-0.05172200393080711,0.3807388246059418,0.8865165114402771,2.5566470623016357,,,,,,
1763596061.284204,,,,,,,0.2785346806049347,-0.011153161525726318,0.0768551230430603,0.04053065925836563,2.327012062072754,-2.377641201019287
1763596061.289192,0.043078678748011585,0.19563304673731327,-0.07973930714726447,0.4131200611591339,0.860871434211731,2.525787115097046,,,,,,
1763596061.294234,,,,,,,0.27151450514793396,-0.09147554636001587,0.05641847848892212,-0.13942205905914307,2.298023223876953,-2.3860623836517334
1763596061.299244,-0.1223456922084093,0.1870399904370308,-0.11056932969689369,0.4393213093280792,0.830671489238739,2.4762444496154785,,,,,,
1763596061.304265,,,,,,,0.26533013582229614,-0.12235063314437866,0.06415408849716187,-0.3767665922641754,2.3146309852600098,-2.3451590538024902
1763596061.309297,-0.2874211035966873,0.16831483170092104,0.01253332749181427,0.45639875531196594,0.7805322408676147,2.4075026512145996,,,,,,
1763596061.314295,,,,,,,0.26675108075141907,-0.11632353067398071,0.01902604103088379,-0.5654329061508179,2.324981451034546,-2.338139057159424
1763596061.31935,-0.5083592719823121,0.04819850597977638,0.12249826155477203,0.45371773838996887,0.7047107219696045,2.316812753677368,,,,,,
1763596061.324326,,,,,,,0.2725694179534912,-0.09466832876205444,-0.007459878921508789,-0.6890546083450317,2.3741798400878906,-2.2876155376434326
1763596061.329403,-0.6760930889248847,-0.05308861610889434,0.22769116804348302,0.4390079081058502,0.6396679282188416,2.213313102722168,,,,,,
1763596061.334357,,,,,,,0.2812204360961914,-0.06442201137542725,-0.02866530418395996,-0.6737691164016724,2.3550822734832764,-2.2399017810821533
1763596061.339456,-0.8459978201657533,-0.09410977780520915,0.2840449051618576,0.4117640554904938,0.5997244715690613,2.1034481525421143,,,,,,
1763596061.344387,,,,,,,0.28696301579475403,-0.039509594440460205,-0.05308246612548828,-0.6024017930030823,2.3398780822753906,-2.168166399002075
1763596061.349508,-0.8660597804635762,-0.00739127929508686,0.24931142716659233,0.37029165029525757,0.5953059792518616,2.000275135040283,,,,,,
1763596061.354418,,,,,,,0.2828850746154785,-0.031967222690582275,-0.05341106653213501,-0.5175097584724426,2.3020827770233154,-2.1227989196777344
1763596061.359561,-0.7998194218367338,0.146322780123353,0.14041503565059973,0.32771462202072144,0.6117488145828247,1.9240219593048096,,,,,,
1763596061.364448,,,,,,,0.27881094813346863,-0.04329138994216919,-0.05913335084915161,-0.41163304448127747,2.2511775493621826,-2.029698371887207
1763596061.369614,-0.7785176906108856,0.2716571327537298,0.08874914582120254,0.2980801463127136,0.6273980140686035,1.8645374774932861,,,,,,
1763596061.374479,,,,,,,0.27854490280151367,-0.04481208324432373,-0.061682045459747314,-0.4182960093021393,2.2108428478240967,-2.031081199645996
1763596061.379667,-0.8095464506030082,0.3045920186281204,0.0952232920050621,0.2798928916454315,0.599491536617279,1.8223756551742554,,,,,,
1763596061.38451,,,,,,,0.2847263813018799,-0.010926544666290283,-0.0351482629776001,-0.48916369676589966,2.2186431884765625,-1.9480873346328735
1763596061.38972,-0.8556681503087281,0.3505681723833084,0.18574582244064658,0.2592593729496002,0.5730083584785461,1.7935723066329956,,,,,,
1763596061.39454,,,,,,,0.2841889262199402,-0.05793118476867676,-0.09120041131973267,-0.6175808310508728,2.202892541885376,-1.931636095046997
1763596061.399772,-0.8636977275073527,0.3419797922581434,0.2570212891578674,0.21340373158454895,0.561367392539978,1.761346459388733,,,,,,
1763596061.404571,,,,,,,0.2740098536014557,-0.1060975193977356,-0.10488104820251465,-0.7499565482139587,2.2291409969329834,-1.8776775598526
1763596061.409825,-0.7120698267132043,0.45225452292263507,0.30765725141763683,0.16871826350688934,0.5574942231178284,1.7464535236358643,,,,,,
1763596061.414601,,,,,,,0.2726845443248749,-0.07885998487472534,-0.07801121473312378,-0.7191115617752075,2.1846911907196045,-1.8295964002609253
1763596061.419878,-0.5520370856672525,0.6101379769802093,0.30052959149479863,0.1330185830593109,0.536302924156189,1.768804669380188,,,,,,
1763596061.424632,,,,,,,0.2619054317474365,-0.03145557641983032,-0.05923342704772949,-0.6377208828926086,2.1617941856384277,-1.7657103538513184
1763596061.429931,-0.3964204074978828,0.7560439929962158,0.2594541057953611,0.10384295135736465,0.524468183517456,1.8278108835220337,,,,,,
1763596061.434663,,,,,,,0.25140464305877686,0.0006140470504760742,-0.07314926385879517,-0.5427767634391785,2.136481523513794,-1.7130495309829712
1763596061.439984,-0.40960780585110185,0.6703592214480042,0.20147300493717193,0.0742429792881012,0.5021548867225647,1.8559074401855469,,,,,,
1763596061.444693,,,,,,,0.24671921133995056,-0.005596458911895752,-0.07013040781021118,-0.5327783226966858,2.1331400871276855,-1.6452610492706299
1763596061.450037,-0.4950082074999809,0.5840326448649168,0.2793347547095269,0.041783761233091354,0.45646628737449646,1.8495129346847534,,,,,,
1763596061.454724,,,,,,,0.2466360628604889,-0.023148536682128906,-0.09142398834228516,-0.4893336296081543,2.130502462387085,-1.5721077919006348
1763596061.460089,-0.6682189945489168,0.3486509405851364,0.3699730935445055,0.002519445726647973,0.42270779609680176,1.8038010597229004,,,,,,
1763596061.464754,,,,,,,0.24113869667053223,-0.07199633121490479,-0.15966802835464478,-0.46826881170272827,2.11285138130188,-1.5333737134933472
1763596061.470142,-0.8129898690551519,0.06379910295456648,0.35352815470006316,-0.038432471454143524,0.4174584746360779,1.7246177196502686,,,,,,
1763596061.474785,,,,,,,0.22788208723068237,-0.0864899754524231,-0.15069109201431274,-0.4029792845249176,2.0891456604003906,-1.449337124824524
1763596061.480195,-1.000532548317313,-0.10428016642481087,0.33556342240981757,-0.07140374183654785,0.3936953544616699,1.625880479812622,,,,,,
1763596061.484816,,,,,,,0.21873527765274048,-0.06873136758804321,-0.16550952196121216,-0.2598492205142975,2.042461633682251,-1.3552029132843018
1763596061.490248,-1.1938362753242253,-0.26735709747225045,0.20655717633366583,-0.08965454995632172,0.3889630138874054,1.522210717201233,,,,,,
1763596061.494846,,,,,,,0.209733784198761,-0.07913827896118164,-0.1811884641647339,-0.17911681532859802,1.9316209554672241,-1.3221567869186401
1763596061.500301,-1.2523270427376032,-0.25252397773861884,0.1441442670404911,-0.11001601070165634,0.41346409916877747,1.4246697425842285,,,,,,
1763596061.504877,,,,,,,0.21517843008041382,-0.0648193359375,-0.116690993309021,-0.11958514899015427,1.8163635730743408,-1.2192562818527222
1763596061.510353,-1.1779764428913593,-0.09218991565853357,0.21718860659375785,-0.16558247804641724,0.45107951760292053,1.3515536785125732,,,,,,
1763596061.514907,,,,,,,0.21331584453582764,-0.07247763872146606,-0.1174776554107666,-0.09516076743602753,1.703081727027893,-1.1693979501724243
1763596061.520406,-1.0590858595728874,0.14649053790569305,0.18972068088836966,-0.23633946478366852,0.483472615480423,1.3185135126113892,,,,,,
1763596061.524938,,,,,,,0.19994431734085083,-0.07505553960800171,-0.11197733879089355,-0.11884546279907227,1.5794447660446167,-1.1565314531326294
1763596061.530459,-0.8192793245881795,0.5157876684173941,0.07743044568300246,-0.28759297728538513,0.5158895254135132,1.3376561403274536,,,,,,
1763596061.534969,,,,,,,0.19559013843536377,-0.050371408462524414,-0.07111835479736328,-0.09703364223241806,1.5126053094863892,-1.0940377712249756
1763596061.540512,-0.5897691426903009,0.8769792338848114,-0.04147190113849938,-0.33019980788230896,0.5260574817657471,1.4068999290466309,,,,,,
1763596061.544999,,,,,,,0.16850221157073975,-0.07749634981155396,-0.1289966106414795,-0.07992980629205704,1.4549680948257446,-1.1014858484268188
1763596061.550565,-0.46553486025631424,0.9108104840770364,-0.08154672189541161,-0.36957457661628723,0.524712324142456,1.4976400136947632,,,,,,
1763596061.55503,,,,,,,0.15354526042938232,-0.06572109460830688,-0.14929917454719543,-0.06843480467796326,1.4080653190612793,-1.0325193405151367
1763596061.560617,-0.2871422866553068,0.9986582788780332,-0.08550641930662095,-0.40658798813819885,0.5265320539474487,1.6177787780761719,,,,,,
1763596061.56506,,,,,,,0.1629164218902588,-0.035425424575805664,-0.12430837750434875,-0.007286123000085354,1.3355880975723267,-1.002180814743042
1763596061.57067,-0.29226854362785815,0.976548738400638,-0.12597381957769394,-0.43772947788238525,0.5312774181365967,1.7289245128631592,,,,,,
1763596061.575091,,,,,,,0.1543228030204773,-0.051351070404052734,-0.11087822914123535,0.005006762221455574,1.2395354509353638,-0.9756983518600464
1763596061.580723,-0.4266068714469671,0.8483490594670176,-0.18564079116359353,-0.4706842303276062,0.5251523852348328,1.8130385875701904,,,,,,
1763596061.585122,,,,,,,0.15323686599731445,-0.052535295486450195,-0.04863256216049194,-0.032385729253292084,1.1703184843063354,-0.9485189914703369
1763596061.590776,-0.5691267521560192,0.8243243330180644,-0.2106337781228125,-0.4784448444843292,0.5186406373977661,1.856041431427002,,,,,,
1763596061.595152,,,,,,,0.13052815198898315,-0.08389639854431152,-0.04878377914428711,-0.09216676652431488,1.1031972169876099,-0.9441234469413757
1763596061.600829,-0.7025321830391883,0.47267479513883587,-0.4478795227088034,-0.44966912269592285,0.5222502946853638,1.8080840110778809,,,,,,
1763596061.605183,,,,,,,0.11955899000167847,-0.08068805932998657,-0.03376495838165283,-0.10822917520999908,1.0574758052825928,-0.9159625172615051
1763596061.610881,-0.7895400198847055,0.07707520250454544,-0.5130746100664139,-0.3967622220516205,0.46050018072128296,1.7025225162506104,,,,,,
1763596061.615213,,,,,,,0.11280125379562378,-0.06049388647079468,-0.04118064045906067,-0.10413110256195068,1.02096688747406,-0.9040664434432983
1763596061.620934,-0.7080652672469615,-0.19515899948477744,-0.39984804385900496,-0.3429037630558014,0.3404555320739746,1.5643010139465332,,,,,,
1763596061.625244,,,,,,,0.10963320732116699,-0.035711050033569336,-0.02114441990852356,-0.11810332536697388,0.9920338988304138,-0.8752316832542419
1763596061.630987,-0.6773942346513271,-0.3156336371243,-0.3029062574982643,-0.3084726929664612,0.2257746011018753,1.4122787714004517,,,,,,
1763596061.635274,,,,,,,0.11207014322280884,-0.03479909896850586,0.008853137493133545,-0.0780152976512909,0.9634190797805786,-0.8624770045280457
1763596061.64104,-0.683004475748539,-0.43144905078113077,-0.2720974238671362,-0.28826966881752014,0.15562188625335693,1.2673628330230713,,,,,,
1763596061.645305,,,,,,,0.09359681606292725,-0.05525261163711548,-0.01790180802345276,-0.0724368467926979,0.9359413385391235,-0.8608971238136292
1763596061.651093,-0.6044517480373383,-0.4715161266230046,-0.4335610744990408,-0.27117490768432617,0.1254698932170868,1.1346075534820557,,,,,,
1763596061.655336,,,,,,,0.0891488790512085,-0.007462680339813232,0.023450076580047607,-0.04347870498895645,0.9711028337478638,-0.8151743412017822
1763596061.661146,-0.44457741242349147,-0.29367022711932655,-0.46863238788023587,-0.2610463798046112,0.08369580656290054,1.0517514944076538,,,,,,
1763596061.665366,,,,,,,0.06570678949356079,-0.03684896230697632,-0.010679185390472412,0.009540996514260769,0.9897313714027405,-0.796769380569458
1763596061.671198,-0.2982558013439178,-0.06452011070549488,-0.37598698353916404,-0.2585518956184387,0.045220158994197845,1.0203206539154053,,,,,,
1763596061.675397,,,,,,,0.06309336423873901,-0.03587120771408081,-0.019254028797149658,0.09402046352624893,0.9743263125419617,-0.7775424122810364
1763596061.681251,-0.19314064539968967,0.10783099077418445,-0.39067791832312937,-0.24686037003993988,0.023134028539061546,1.014298677444458,,,,,,
1763596061.685427,,,,,,,0.06932824850082397,-0.029084324836730957,-0.012553185224533081,0.12360551208257675,0.9486443996429443,-0.7861953377723694
1763596061.691304,-0.24847441008687018,0.14320537875518202,-0.522533635546267,-0.2129664123058319,0.025851499289274216,0.9991071820259094,,,,,,
1763596061.695458,,,,,,,0.06095743179321289,-0.04303598403930664,0.019900083541870117,0.06941710412502289,0.9384276866912842,-0.7543761730194092
1763596061.701357,-0.22522739001214503,0.22375410258918998,-0.5942134087480604,-0.18225111067295074,0.023327620700001717,0.986653745174408,,,,,,
1763596061.705489,,,,,,,0.05286133289337158,-0.08196336030960083,0.03436470031738281,0.021323345601558685,0.9054111242294312,-0.7676786780357361
1763596061.71141,-0.15827391467988491,0.26242007946148516,-0.4956932671546936,-0.15621745586395264,0.003616346511989832,0.9782452583312988,,,,,,
1763596061.715519,,,,,,,0.0465511679649353,-0.08996555209159851,0.0017249584197998047,0.007619516924023628,0.8595365881919861,-0.755138635635376
1763596061.721462,-0.07434943080246448,0.2442193099256605,-0.4261281480193138,-0.13157203793525696,-0.01657867059111595,0.9604694843292236,,,,,,
1763596061.72555,,,,,,,0.056101441383361816,-0.05834361910820007,-0.0034645795822143555,-0.02029782347381115,0.8587017059326172,-0.7283750772476196
1763596061.731515,-0.20597265444397925,0.07089753678292035,-0.3749814597584307,-0.11674206703901291,-0.055346470326185226,0.932928740978241,,,,,,
1763596061.73558,,,,,,,0.05642414093017578,-0.0714806318283081,-0.025214821100234985,-0.0832032859325409,0.8357535004615784,-0.7118706703186035
1763596061.741568,-0.26905951747596263,-0.03971212492436171,-0.3245395587660372,-0.1018960103392601,-0.08449157327413559,0.9021769762039185,,,,,,
1763596061.745611,,,,,,,0.07011657953262329,-0.07214674353599548,-0.016513139009475708,-0.11993096023797989,0.8062208890914917,-0.6878120303153992
1763596061.751621,-0.232543850505352,-0.025644290474802253,-0.27589915423765776,-0.0891655907034874,-0.0979243591427803,0.8891565203666687,,,,,,
1763596061.755642,,,,,,,0.06740748882293701,-0.06546854972839355,-0.0223749577999115,-0.12570495903491974,0.7945384383201599,-0.6802148222923279
1763596061.761674,-0.18001929802000521,0.02602156282197684,-0.2762451911963522,-0.07523859292268753,-0.1171766147017479,0.8883189558982849,,,,,,
1763596061.765672,,,,,,,0.05745995044708252,-0.04417431354522705,-0.013589411973953247,-0.11600387096405029,0.7839888334274292,-0.6605294346809387
1763596061.771726,-0.17628829479813574,0.10410955909825861,-0.21116320882439613,-0.07226814329624176,-0.14311820268630981,0.8893933892250061,,,,,,
1763596061.775703,,,,,,,0.06091785430908203,-0.033739715814590454,-0.015071183443069458,-0.10215543210506439,0.7706722617149353,-0.6403096318244934
1763596061.781779,-0.20082593920528888,0.11883629584796726,-0.1535353418506682,-0.07888928800821304,-0.16295742988586426,0.8839922547340393,,,,,,
1763596061.785733,,,,,,,0.061059653759002686,-0.026133865118026733,-0.029981672763824463,-0.036302320659160614,0.760383665561676,-0.6308213472366333
1763596061.791832,-0.22546061424612998,0.14012103940639645,-0.10375044346228242,-0.08016277849674225,-0.19265367090702057,0.8675024509429932,,,,,,
1763596061.795764,,,,,,,0.05532360076904297,-0.009673446416854858,-0.03163880109786987,0.06378886103630066,0.7528913617134094,-0.615750253200531
1763596061.801885,-0.31922493961453435,0.026388642568700015,-0.027503216214478016,-0.08032070845365524,-0.2145528346300125,0.8375791907310486,,,,,,
1763596061.805795,,,,,,,0.04823535680770874,-0.01306125521659851,-0.049714118242263794,0.09670870751142502,0.7215030789375305,-0.6124962568283081
1763596061.811938,-0.40923838801681994,0.035363409929256885,-0.15488061897978186,-0.05987561494112015,-0.20684419572353363,0.8029566407203674,,,,,,
1763596061.815825,,,,,,,0.060649573802948,0.0007378458976745605,-0.020164579153060913,0.061563506722450256,0.6695016622543335,-0.5983777642250061
1763596061.821991,-0.28021277965307234,0.30682620742097494,-0.1562440162874758,-0.03929976373910904,-0.23747560381889343,0.7959495782852173,,,,,,
1763596061.825856,,,,,,,0.06582963466644287,-0.010122507810592651,0.020771950483322144,0.0197751484811306,0.6577262282371521,-0.5913001298904419
1763596061.832043,-0.1470809050142765,0.4044937873056158,0.0019731997691094876,-0.043130189180374146,-0.24324721097946167,0.8036362528800964,,,,,,
1763596061.835886,,,,,,,0.05574655532836914,-0.02582743763923645,-0.021727651357650757,0.017871253192424774,0.6223307251930237,-0.6045717597007751
1763596061.842096,-0.0024526538491249084,0.3846214678283781,-0.047144174621254205,-0.040717367082834244,-0.22168679535388947,0.8063889145851135,,,,,,
1763596061.845917,,,,,,,0.06568241119384766,0.024733245372772217,-0.014665603637695312,0.028041239827871323,0.6157814860343933,-0.5871354341506958
1763596061.852149,-0.11883739182651042,0.334832989243418,0.0588299362398684,-0.04394375905394554,-0.26971203088760376,0.8066890835762024,,,,,,
1763596061.855948,,,,,,,0.05891096591949463,0.018899232149124146,-0.01665535569190979,0.05174390971660614,0.6051298975944519,-0.5913597345352173
1763596061.862202,-0.29757074168920516,0.2203395814379677,0.12070157826319336,-0.04670386016368866,-0.31063124537467957,0.8019196391105652,,,,,,
1763596061.865978,,,,,,,0.05898010730743408,0.012911319732666016,-0.022986888885498047,0.061067357659339905,0.5811111330986023,-0.563036322593689
1763596061.872255,-0.13732465015351772,0.24296269746068863,0.03996127737984061,-0.0499776192009449,-0.3642008304595947,0.8082664608955383,,,,,,
1763596061.876009,,,,,,,0.07928001880645752,0.026733964681625366,-0.006391793489456177,0.08743637800216675,0.552524983882904,-0.5581417083740234
1763596061.882307,-0.1747089166522026,0.24129151284545658,0.17295535098314285,-0.036044493317604065,-0.4181516766548157,0.8031585216522217,,,,,,
1763596061.886039,,,,,,,0.06568640470504761,-0.021384119987487793,-0.07719972729682922,0.08955244719982147,0.5155680179595947,-0.5815941095352173
1763596061.89236,-0.26393442954719065,0.17135076533071697,-0.19396197171993554,0.017163440585136414,-0.41580864787101746,0.7430633306503296,,,,,,
1763596061.89607,,,,,,,0.05719202756881714,-0.00449177622795105,-0.03580060601234436,0.060483239591121674,0.4967575967311859,-0.5475754141807556
1763596061.902413,-0.33693595287203787,0.08663644624985754,-0.053071080452203746,0.03538478910923004,-0.4287910461425781,0.6824748516082764,,,,,,
1763596061.906101,,,,,,,0.04393202066421509,-0.03058210015296936,-0.02190515398979187,0.03309251368045807,0.4795384109020233,-0.536216139793396
1763596061.912466,-0.48524727646410465,0.060614591166935856,0.39492870763540266,0.009123153984546661,-0.39696553349494934,0.6460070610046387,,,,,,
1763596061.916131,,,,,,,0.02932947874069214,-0.07023850083351135,-0.08744022250175476,0.059957947582006454,0.45960038900375366,-0.5069760084152222
1763596061.922519,-0.4485311184853315,-0.11469203565008938,0.2809820104598999,0.01771744154393673,-0.32132455706596375,0.6003522276878357,,,,,,
1763596061.926162,,,,,,,0.05244028568267822,-0.051920175552368164,-0.09758305549621582,0.14355218410491943,0.41917547583580017,-0.44436198472976685
1763596061.932571,-0.8089777108043432,-0.40544725210554894,0.17264920764341948,0.04870636388659477,-0.26926931738853455,0.5271329283714294,,,,,,
1763596061.936192,,,,,,,0.04908549785614014,-0.10733038187026978,-0.14095883071422577,0.22335247695446014,0.3892042636871338,-0.37603217363357544
1763596061.942624,-1.3179022154539823,-0.786688941302523,0.06266067350916564,0.07659605145454407,-0.19061897695064545,0.4112648665904999,,,,,,
1763596061.946223,,,,,,,0.05215156078338623,-0.1160593032836914,-0.16147279739379883,0.297974169254303,0.3297358751296997,-0.27448970079421997
1763596061.952677,-1.4350573532819748,-0.9194669610023498,0.30999080893173814,0.0658855214715004,-0.07781049609184265,0.27278727293014526,,,,,,
1763596061.956254,,,,,,,0.07551681995391846,-0.13072675466537476,-0.16891297698020935,0.33751413226127625,0.279285192489624,-0.17248637974262238
1763596061.96273,-1.4252724568486212,-0.8002899619579315,0.5130642348028719,0.057509612292051315,0.020593034103512764,0.13579638302326202,,,,,,
1763596061.966284,,,,,,,0.08713006973266602,-0.17876961827278137,-0.1826997697353363,0.38220617175102234,0.159303680062294,-0.074557825922966
1763596061.972783,-1.341556647285819,-0.41686756772100925,0.32142961005195975,0.0939655601978302,0.03177144005894661,0.033565908670425415,,,,,,
1763596061.976315,,,,,,,0.12473905086517334,-0.1483662724494934,-0.18799304962158203,0.47102153301239014,0.02368832193315029,0.032306574285030365
1763596061.982835,-1.2346446710526942,0.03703640290908515,0.18723624366149305,0.1279083490371704,0.06036793068051338,-0.041292354464530945,,,,,,
1763596061.986345,,,,,,,0.12570643424987793,-0.14733529090881348,-0.2122974395751953,0.4320485591888428,-0.07577221840620041,0.08441091328859329
1763596061.992889,-0.889109816661477,0.2557731157276779,0.21147402833923695,0.1269151121377945,0.14033269882202148,-0.12004394829273224,,,,,,
1763596061.996376,,,,,,,0.113395094871521,-0.1558113396167755,-0.16477634012699127,0.2779569923877716,-0.18809929490089417,0.13167749345302582
1763596062.002941,-0.5849719715416432,0.4318155460059643,0.45627661804556846,0.09571671485900879,0.13246119022369385,-0.17653091251850128,,,,,,
1763596062.006407,,,,,,,0.12081485986709595,-0.139193594455719,-0.0990355908870697,0.07189597189426422,-0.27049535512924194,0.12426778674125671
1763596062.012994,-0.5964402910172939,0.48266726990826425,0.4466062879025936,0.07366649061441422,0.09269532561302185,-0.19953615963459015,,,,,,
1763596062.016437,,,,,,,0.09804344177246094,-0.12961429357528687,-0.0911407470703125,-0.028264980763196945,-0.3207670748233795,0.12587366998195648
1763596062.023047,-0.46102468935549257,0.38095585799291726,0.1387456228673458,0.07563616335391998,0.09779287874698639,-0.20976082980632782,,,,,,
1763596062.026468,,,,,,,0.07855439186096191,-0.06966164708137512,-0.09856399893760681,0.019627444446086884,-0.33758360147476196,0.1467248946428299
1763596062.0331,-0.6360457406967878,0.17904212355092167,0.22793650284036993,0.041469234973192215,0.09627150744199753,-0.2491871565580368,,,,,,
1763596062.036498,,,,,,,0.0670088529586792,-0.016326159238815308,-0.13501407206058502,0.12885858118534088,-0.36224234104156494,0.1698070466518402
1763596062.043152,-0.8029045283704995,-0.009727247961983085,0.48220484002828595,-0.022569136694073677,0.09533194452524185,-0.3202030062675476,,,,,,
1763596062.046529,,,,,,,0.06961607933044434,0.0007637441158294678,-0.13281428813934326,0.16808003187179565,-0.403340220451355,0.2110588699579239
1763596062.053205,-0.7694085014820098,-0.051915846002474425,0.3573028144005686,-0.07136180251836777,0.1299934983253479,-0.39992499351501465,,,,,,
1763596062.056559,,,,,,,0.06640660762786865,-0.02889329195022583,-0.0986013412475586,0.09699910134077072,-0.4329124987125397,0.22515133023262024
1763596062.063258,-0.40098669250011443,0.017526304340362547,0.037579935201257464,-0.08657537400722504,0.16480153799057007,-0.4462144374847412,,,,,,
1763596062.06659,,,,,,,0.06057381629943848,-0.05493509769439697,-0.07585141062736511,0.003869050182402134,-0.5171363353729248,0.2370784878730774
1763596062.073311,-0.07189385434389114,0.11629673090036957,0.030873204104229807,-0.0891663134098053,0.12864741683006287,-0.4507060945034027,,,,,,
1763596062.076621,,,,,,,0.06219637393951416,-0.045119792222976685,-0.08032631874084473,-0.03271505981683731,-0.5734962821006775,0.22583089768886566
1763596062.083365,0.02673135505914688,0.06419646824169904,0.08383914368152617,-0.10543476045131683,0.09867461025714874,-0.4401613175868988,,,,,,
1763596062.086651,,,,,,,0.03071415424346924,-0.022528737783432007,-0.07710349559783936,-0.046721577644348145,-0.5709462761878967,0.20975373685359955
1763596062.093416,-0.04573416169285774,-0.12198011029902844,0.09150098354630172,-0.1389840543270111,0.09977632015943527,-0.436596542596817,,,,,,
1763596062.096682,,,,,,,0.013867318630218506,0.006549030542373657,-0.07678839564323425,-0.07193239033222198,-0.5821462273597717,0.196778804063797
1763596062.103469,-0.21015666213035583,-0.2850150288356468,0.17728797335997223,-0.18761657178401947,0.09883596003055573,-0.4415915608406067,,,,,,
1763596062.106712,,,,,,,0.022406697273254395,-0.011739999055862427,-0.07808730006217957,-0.05153951048851013,-0.5888912081718445,0.20735175907611847
1763596062.113522,-0.40163901892900467,-0.3581047784332186,0.28895971134081483,-0.23928788304328918,0.08136479556560516,-0.45720383524894714,,,,,,
1763596062.116743,,,,,,,0.027592182159423828,-0.02167367935180664,-0.11023342609405518,0.1411375254392624,-0.6190815567970276,0.252052903175354
1763596062.123575,-0.633702976962924,-0.45041484987270086,0.25545593953728674,-0.28405240178108215,0.08113549649715424,-0.4965168833732605,,,,,,
1763596062.126774,,,,,,,0.03875797986984253,0.007775157690048218,-0.17792224884033203,0.38336700201034546,-0.6518291234970093,0.3040785789489746
1763596062.133628,-0.8863912053525448,-0.5998674159217625,0.20588957927040755,-0.32057061791419983,0.10445909202098846,-0.566254734992981,,,,,,
1763596062.136804,,,,,,,0.050461411476135254,-0.008545070886611938,-0.2132537066936493,0.4913584291934967,-0.7074550986289978,0.3919764757156372
1763596062.14368,-1.109437744194269,-0.6509536061670631,0.25451011005453766,-0.3576575517654419,0.12773245573043823,-0.6551372408866882,,,,,,
1763596062.146835,,,,,,,0.06992697715759277,-0.08516141772270203,-0.20367255806922913,0.4853951334953308,-0.7806332111358643,0.4548927843570709
1763596062.153733,-1.181874619373679,-0.558393395891413,0.20689619902968406,-0.38840919733047485,0.169281005859375,-0.7419806122779846,,,,,,
1763596062.156865,,,,,,,0.09539204835891724,-0.13739070296287537,-0.21360930800437927,0.4087855815887451,-0.9301920533180237,0.49187955260276794
1763596062.163786,-0.9941080682277679,-0.38268538519926365,-0.05090002002343535,-0.38584110140800476,0.20960365235805511,-0.8159046173095703,,,,,,
1763596062.166896,,,,,,,0.12496697902679443,-0.11947125196456909,-0.16829749941825867,0.3125486671924591,-1.0198636054992676,0.5494464635848999
1763596062.173839,-0.7761269960820675,-0.18159432878438383,-0.041417905928939576,-0.3905331492424011,0.19889619946479797,-0.8756276965141296,,,,,,
1763596062.176927,,,,,,,0.11146098375320435,-0.12299340963363647,-0.1748231053352356,0.263990193605423,-1.0760948657989502,0.5642682909965515
1763596062.183892,-0.5928910741031169,-0.03964637534492649,0.12472542695179581,-0.41216787695884705,0.16756197810173035,-0.9224050641059875,,,,,,
1763596062.186957,,,,,,,0.115192711353302,-0.1167270839214325,-0.20518290996551514,0.2816241681575775,-1.1673579216003418,0.591064989566803
1763596062.193945,-0.5500906277745962,-0.05145557154696435,0.16386033651009202,-0.43229958415031433,0.14563575387001038,-0.9799831509590149,,,,,,
1763596062.196988,,,,,,,0.1331108808517456,-0.11877170205116272,-0.2197876274585724,0.3471214175224304,-1.2574297189712524,0.6524937152862549
1763596062.203997,-0.7558733126044272,-0.21744429838787763,0.19376418412551283,-0.45630505681037903,0.11943051964044571,-1.0611474514007568,,,,,,
1763596062.207018,,,,,,,0.14003890752792358,-0.14037320017814636,-0.2657456696033478,0.4694078266620636,-1.3520177602767944,0.7564985752105713
1763596062.21405,-1.0211930590301752,-0.4160281212221831,0.271694980546087,-0.4847692847251892,0.09501536190509796,-1.170965552330017,,,,,,
1763596062.217049,,,,,,,0.16692262887954712,-0.14837414026260376,-0.31462839245796204,0.6274421811103821,-1.4873836040496826,0.8822383880615234
1763596062.224103,-1.2104366969913243,-0.5981131196003406,0.19356310859546064,-0.5007978081703186,0.09873819351196289,-1.3122299909591675,,,,,,
1763596062.22708,,,,,,,0.19150429964065552,-0.1686413586139679,-0.3283040225505829,0.7543776035308838,-1.6536478996276855,1.012190818786621
1763596062.234156,-1.3193822248786686,-0.6590951923727989,0.031648207064718006,-0.4959360957145691,0.09573537111282349,-1.4751032590866089,,,,,,
1763596062.23711,,,,,,,0.19914603233337402,-0.16904810070991516,-0.2765074074268341,0.9008357524871826,-1.786067008972168,1.1583153009414673
1763596062.244208,-1.2296312268048524,-0.6024184886440634,0.08535407828912138,-0.4782865345478058,0.05302944779396057,-1.6366215944290161,,,,,,
1763596062.247141,,,,,,,0.17795753479003906,-0.17204472422599792,-0.2523103654384613,1.0039855241775513,-1.8945209980010986,1.250193476676941
1763596062.254261,-0.9203384831398725,-0.36309886039346456,-0.049034226151555775,-0.44681069254875183,0.0210257600992918,-1.768061876296997,,,,,,
1763596062.257171,,,,,,,0.16898971796035767,-0.12043362855911255,-0.13825413584709167,0.9940204620361328,-2.0067574977874756,1.3057318925857544
1763596062.264314,-0.5491437023133039,-0.05945500933565199,-0.26284429622292516,-0.3988117575645447,0.026052741333842278,-1.8479580879211426,,,,,,
1763596062.267202,,,,,,,0.15066415071487427,-0.09000158309936523,0.005445688962936401,0.8779610395431519,-2.0432040691375732,1.321620225906372
1763596062.274367,-0.20415479136705397,0.34674890635609623,-0.2708881942078471,-0.3668285608291626,0.0157174039632082,-1.8437923192977905,,,,,,
1763596062.277233,,,,,,,0.10980802774429321,-0.12077975273132324,0.04054102301597595,0.7615686655044556,-2.0129449367523193,1.3417267799377441
1763596062.28442,0.16495558440089225,0.7385108205236494,-0.23629414294958112,-0.3539300560951233,0.010595612227916718,-1.77053701877594,,,,,,
1763596062.287263,,,,,,,0.09357106685638428,-0.10568398237228394,0.01920408010482788,0.7464051246643066,-1.9690372943878174,1.3851728439331055
1763596062.294473,0.3744961604595184,0.8843848339661955,-0.23825360645428298,-0.3510558307170868,0.006182454992085695,-1.6826428174972534,,,,,,
1763596062.297294,,,,,,,0.0962752103805542,-0.06585520505905151,-0.017338573932647705,0.9101127982139587,-1.9149978160858154,1.4760322570800781
1763596062.304525,0.1869610799819231,0.6737089702673256,-0.14273308506831525,-0.34131771326065063,-0.0077309636399149895,-1.630217432975769,,,,,,
1763596062.307324,,,,,,,0.10601109266281128,-0.06653910875320435,-0.07650676369667053,1.1821783781051636,-1.895990252494812,1.5918885469436646
1763596062.314578,-0.35654783131480217,0.19775486119687555,-0.138181120852381,-0.27865907549858093,-0.022374803200364113,-1.659013032913208,,,,,,
1763596062.317355,,,,,,,0.1318417191505432,-0.08215516805648804,-0.12119311094284058,1.4017482995986938,-1.9393359422683716,1.726042628288269
1763596062.324631,-0.9726070150375365,-0.22839286830574274,-0.23984935121312737,-0.1651945561170578,-0.03584161028265953,-1.7655459642410278,,,,,,
1763596062.327386,,,,,,,0.16360998153686523,-0.13059699535369873,-0.13165831565856934,1.4755311012268066,-1.9933815002441406,1.879221796989441
1763596062.334684,-1.465769886931777,-0.5512573334664106,-0.2732534620344639,-0.0332808792591095,-0.04215553402900696,-1.9292666912078857,,,,,,
1763596062.337416,,,,,,,0.16363734006881714,-0.2067352533340454,-0.10797083377838135,1.237724781036377,-2.0438919067382812,1.9713208675384521
1763596062.344737,-1.6169617343962193,-0.6159934250101446,-0.4119884173773229,0.11443135142326355,-0.048288796097040176,-2.1064672470092773,,,,,,
1763596062.347447,,,,,,,0.15872621536254883,-0.23727470636367798,0.007213175296783447,0.7650802135467529,-2.073995351791382,2.054009437561035
1763596062.354789,-1.3916922588080167,-0.311567995120585,-0.388708225685358,0.23784606158733368,-0.10816575586795807,-2.2270407676696777,,,,,,
1763596062.357477,,,,,,,0.14832431077957153,-0.2593879699707031,0.06499016284942627,0.3356013298034668,-2.028783082962036,2.120171070098877
1763596062.364842,-0.8780524160742759,0.1366542035460472,-0.14269099949225783,0.2967139184474945,-0.19089551270008087,-2.251286268234253,,,,,,
1763596062.367508,,,,,,,0.12792199850082397,-0.2505044937133789,0.026107698678970337,0.11122509092092514,-1.9585490226745605,2.101691722869873
1763596062.374895,-0.278823955643177,0.5243804324567317,-0.15050737233161926,0.30769863724708557,-0.20984424650669098,-2.1818432807922363,,,,,,
1763596062.377539,,,,,,,0.12542259693145752,-0.15015888214111328,0.027854949235916138,0.20962463319301605,-1.9420595169067383,2.0852787494659424
1763596062.384948,0.07943710933029652,0.676555153478682,-0.16609306399822235,0.282863587141037,-0.1912822723388672,-2.0636696815490723,,,,,,
1763596062.387569,,,,,,,0.12471038103103638,-0.02782672643661499,0.013438880443572998,0.5509821176528931,-1.8876566886901855,2.091020345687866
1763596062.395001,-0.052775896897912025,0.4178650543257594,-0.08534238785132765,0.23107753694057465,-0.20855236053466797,-1.9588630199432373,,,,,,
1763596062.3976,,,,,,,0.09781765937805176,0.04114711284637451,-0.08018612861633301,1.0923383235931396,-1.788070797920227,2.1733224391937256
1763596062.405053,-0.41251404868662356,-0.11721475906074047,-0.10809797114729881,0.174879789352417,-0.2396402359008789,-1.9377918243408203,,,,,,
1763596062.40763,,,,,,,0.0994158685207367,0.06724280118942261,-0.1463613510131836,1.5982284545898438,-1.7558339834213257,2.2928466796875
1763596062.415106,-0.7293383569002151,-0.6088184188142418,-0.09757314306683838,0.1367979496717453,-0.26522761583328247,-2.0193159580230713,,,,,,
1763596062.417661,,,,,,,0.14318639039993286,0.09228944778442383,-0.11564439535140991,1.8758801221847534,-1.7843180894851685,2.3508219718933105
1763596062.425159,-0.888386178562045,-0.8478723818659782,-0.0804044930577278,0.14250457286834717,-0.2826484143733978,-2.1840524673461914,,,,,,
1763596062.427692,,,,,,,0.15840664505958557,0.046531498432159424,-0.05945783853530884,1.643534779548645,-1.8003723621368408,2.32568621635437
1763596062.435212,-0.7712222729057073,-0.6676210286557674,-0.24455446016415952,0.20989181101322174,-0.3004971444606781,-2.367591381072998,,,,,,
1763596062.437722,,,,,,,0.1421147882938385,-0.09744518995285034,0.07176601886749268,0.91170334815979,-1.7723489999771118,2.3017985820770264
1763596062.445265,-0.42483986177444455,-0.2961322333186865,-0.3682521515034139,0.29767411947250366,-0.39678239822387695,-2.5004677772521973,,,,,,
1763596062.447753,,,,,,,0.12396612763404846,-0.25122177600860596,0.16111069917678833,0.15930309891700745,-1.7604364156723022,2.249415159225464
1763596062.455317,0.1066121165037155,0.13739362373650074,-0.3919135975979268,0.3602226972579956,-0.5591261982917786,-2.529921531677246,,,,,,
1763596062.457783,,,,,,,0.11686199903488159,-0.2927507758140564,0.11487394571304321,-0.206084206700325,-1.7745331525802612,2.1954638957977295
1763596062.46537,0.694412589469552,0.572075665089488,-0.31203648941516876,0.3669184148311615,-0.6693312525749207,-2.4473319053649902,,,,,,
1763596062.467814,,,,,,,0.12044969201087952,-0.15877056121826172,0.021972239017486572,-0.09425729513168335,-1.799066185951233,2.154498338699341
1763596062.475423,1.006834863331914,0.6297533625543117,-0.17589900321960447,0.322659969329834,-0.7067568302154541,-2.296430826187134,,,,,,
1763596062.477844,,,,,,,0.11391904950141907,0.04842424392700195,-0.030366063117980957,0.4373839497566223,-1.804764747619629,2.188497304916382
1763596062.485476,0.7533961088359356,0.24185119255483148,0.03034713440351188,0.21277101337909698,-0.7422229647636414,-2.1491401195526123,,,,,,
1763596062.487875,,,,,,,0.0937328040599823,0.17607492208480835,-0.08221948146820068,1.0957624912261963,-1.7353105545043945,2.313446521759033
1763596062.495529,0.2201262674808502,-0.3442717025876045,0.23963643911480903,0.0793382003903389,-0.7199839353561401,-2.0622849464416504,,,,,,
1763596062.497906,,,,,,,0.09428751468658447,0.21266424655914307,-0.11155176162719727,1.6100932359695435,-1.6939834356307983,2.4230737686157227
1763596062.505581,-0.18777356540858745,-0.7118611523985863,0.196616870142892,-0.03111081011593342,-0.5795865654945374,-2.0614166259765625,,,,,,
1763596062.507936,,,,,,,0.11621777713298798,0.16326063871383667,-0.06459784507751465,1.6318941116333008,-1.7001049518585205,2.467075824737549
1763596062.515634,-0.34078444499373434,-0.7713537903308868,0.05172200393080711,-0.08860450237989426,-0.41527730226516724,-2.1461894512176514,,,,,,
1763596062.517967,,,,,,,0.13572514057159424,0.04074966907501221,0.06371486186981201,0.9747697710990906,-1.678783655166626,2.4187629222869873
1763596062.525687,-0.3052665568888187,-0.49313247675597666,-0.1372071612536907,-0.07366097718477249,-0.3379843831062317,-2.271984577178955,,,,,,
1763596062.527997,,,,,,,0.12383383512496948,-0.12727826833724976,0.20243459939956665,-0.08343369513750076,-1.6260994672775269,2.3154819011688232
1763596062.53574,-0.053662032082676885,0.13974047912359236,-0.3017525208858773,0.012485688552260399,-0.3956732749938965,-2.3610212802886963,,,,,,
1763596062.538028,,,,,,,0.10881797969341278,-0.21353113651275635,0.32646259665489197,-0.9208055734634399,-1.6235041618347168,2.1460390090942383
1763596062.545793,0.3418973746716976,0.9155021490246057,-0.33222708106134086,0.10715413838624954,-0.5818700790405273,-2.3261284828186035,,,,,,
1763596062.548059,,,,,,,0.09846097230911255,-0.1000397801399231,0.3071586489677429,-1.0747196674346924,-1.6007272005081177,1.9489103555679321
1763596062.555846,0.7897101157546043,1.5219295810490845,-0.3026362814504653,0.14609408378601074,-0.8007208108901978,-2.152434825897217,,,,,,
1763596062.558089,,,,,,,0.07654044777154922,0.16956043243408203,0.17504161596298218,-0.6220454573631287,-1.4954715967178345,1.851702332496643
1763596062.565898,1.0304898796856403,1.6656512387633322,-0.44372346247527744,0.0911347046494484,-0.8633003234863281,-1.9030624628067017,,,,,,
1763596062.56812,,,,,,,0.05214182287454605,0.4366459250450134,0.0927051305770874,0.28010717034339905,-1.3763314485549927,1.8403289318084717
1763596062.575951,0.8543699271917342,1.2625152592748403,-0.3249953397095203,-0.06645987927913666,-0.7352201342582703,-1.6576459407806396,,,,,,
1763596062.57815,,,,,,,0.028163716197013855,0.545188307762146,0.022683322429656982,1.3811644315719604,-1.2768723964691162,1.9248348474502563
1763596062.586004,0.4394926565051079,0.5560211868673562,0.14175121615780517,-0.30201753973960876,-0.5033296346664429,-1.503057599067688,,,,,,
1763596062.588181,,,,,,,0.025514621287584305,0.4807133674621582,-0.051335543394088745,2.12522554397583,-1.2071887254714966,2.061516761779785
1763596062.596057,0.13912322400808333,-0.01679857458770275,0.26308979541659355,-0.47741755843162537,-0.16993826627731323,-1.4935991764068604,,,,,,
1763596062.598212,,,,,,,0.041480254381895065,0.3208065629005432,-0.007433772087097168,2.0180630683898926,-1.191697597503662,2.1103463172912598
1763596062.60611,0.082317633202672,-0.20316987198293207,-0.047721536117792125,-0.4835186004638672,0.10690400004386902,-1.6221904754638672,,,,,,
1763596062.608242,,,,,,,0.05674118548631668,0.0640682578086853,0.1853107511997223,1.1708632707595825,-1.1592867374420166,2.129523515701294
1763596062.616162,0.012342764222621917,-0.26038521263301373,-0.05326280363202095,-0.3531537353992462,0.04713086411356926,-1.8095765113830566,,,,,,
1763596062.618273,,,,,,,0.03728008270263672,-0.22878628969192505,0.27204304933547974,0.35135143995285034,-1.1014732122421265,2.073564052581787
1763596062.626215,0.0528857870131731,-0.22453765418231486,0.07908811322953552,-0.17373095452785492,-0.29886993765830994,-1.9677046537399292,,,,,,
1763596062.628303,,,,,,,0.012379564344882965,-0.3471619486808777,0.2100934386253357,-0.09275764971971512,-1.1026090383529663,1.9568077325820923
1763596062.636268,0.41390579530596733,0.21938509372472761,-0.19099256398770956,-0.004359755199402571,-0.6399202942848206,-2.0244204998016357,,,,,,
1763596062.638334,,,,,,,0.03458317369222641,-0.11913514137268066,0.21931207180023193,-0.11753596365451813,-1.1475216150283813,1.837306022644043
1763596062.646321,0.7405594236165285,0.7814502369314432,-0.46675943361520766,0.07926296442747116,-0.8341275453567505,-1.9582821130752563,,,,,,
1763596062.648365,,,,,,,0.051036447286605835,0.20462197065353394,0.14725738763809204,0.29341477155685425,-1.0725704431533813,1.7799460887908936
1763596062.656374,0.7089666000008583,1.0166805500417948,-0.1992552923550829,0.033243075013160706,-0.854394793510437,-1.797792911529541,,,,,,
1763596062.658395,,,,,,,0.04010455310344696,0.3177334666252136,0.024627506732940674,0.833582878112793,-0.9787907600402832,1.8184961080551147
1763596062.666426,0.4620125313490629,0.8822299940198659,0.1840016456544399,-0.1250179409980774,-0.6722508072853088,-1.5960203409194946,,,,,,
1763596062.668426,,,,,,,0.04023730754852295,0.26922839879989624,-0.010148346424102783,1.3284741640090942,-0.9447829723358154,1.8642327785491943
1763596062.676479,0.14787994643747807,0.49171734926104543,0.37413605844285336,-0.33856093883514404,-0.36002036929130554,-1.420318603515625,,,,,,
1763596062.678456,,,,,,,0.04418627917766571,0.19273591041564941,-0.0033077001571655273,1.6551074981689453,-0.9357261061668396,1.8680099248886108
1763596062.686532,-0.30745266875624655,-0.03212356949150562,0.2939022640432231,-0.505934476852417,-0.047021202743053436,-1.345449686050415,,,,,,
1763596062.688487,,,,,,,0.03753240406513214,0.10349982976913452,0.005256086587905884,1.6345751285552979,-0.9032992124557495,1.8367528915405273
1763596062.696585,-0.7086562188774347,-0.469186953023076,0.08066986599564552,-0.5729542970657349,0.18357610702514648,-1.3987457752227783,,,,,,
1763596062.698518,,,,,,,0.029378384351730347,-0.03400015830993652,0.044710248708724976,1.2056047916412354,-0.8564909100532532,1.769372820854187
1763596062.706638,-0.9332494026392698,-0.6644798080205917,-0.07956281806919724,-0.5440976023674011,0.2509370446205139,-1.5461820363998413,,,,,,
1763596062.708548,,,,,,,0.033532917499542236,-0.18231356143951416,0.10292854905128479,0.6426805257797241,-0.8683422803878784,1.7224477529525757
1763596062.71669,-0.9189701173961162,-0.6099731418073177,-0.05403324001524597,-0.4497901499271393,0.10927828401327133,-1.7255589962005615,,,,,,
1763596062.718579,,,,,,,0.055311888456344604,-0.2527114748954773,0.11790525913238525,0.1407707780599594,-0.9210819005966187,1.6597719192504883
1763596062.726743,-0.6438900244563818,-0.2834597987502813,0.0017184943556785583,-0.33661699295043945,-0.16308507323265076,-1.8632161617279053,,,,,,
1763596062.728609,,,,,,,0.08829754590988159,-0.1636124849319458,0.11143907904624939,-0.08847595006227493,-0.9746870994567871,1.5980020761489868
1763596062.736796,-0.21889994055628775,0.3176543292969465,0.029682021558284758,-0.25344976782798767,-0.43881142139434814,-1.8924928903579712,,,,,,
1763596062.73864,,,,,,,0.11640888452529907,0.0176888108253479,0.05542418360710144,0.04778122901916504,-1.0225576162338257,1.5596975088119507
1763596062.746849,0.263797651425004,0.894343041139841,0.028275661891698837,-0.23684817552566528,-0.6111962199211121,-1.7990715503692627,,,,,,
1763596062.748671,,,,,,,0.1255200207233429,0.1576216220855713,-0.010113537311553955,0.407947301864624,-1.0421792268753052,1.578942894935608
1763596062.756902,0.47308366820067166,1.217067513307929,-0.017459632312320172,-0.28056514263153076,-0.6114004850387573,-1.6318774223327637,,,,,,
1763596062.758701,,,,,,,0.11627238988876343,0.20586693286895752,-0.055858999490737915,0.8963460326194763,-1.0353586673736572,1.646804690361023
1763596062.766955,0.3595075579032302,1.13569563652277,-0.034982466053962706,-0.3500286340713501,-0.4562561511993408,-1.4674745798110962,,,,,,
1763596062.768732,,,,,,,0.0946054458618164,0.1933460235595703,-0.06451287865638733,1.255725622177124,-1.0034123659133911,1.7023495435714722
1763596062.777007,0.05753595090657472,0.8207400447905063,-0.034166473495960234,-0.4151240885257721,-0.25033441185951233,-1.3728808164596558,,,,,,
1763596062.778762,,,,,,,0.06729662418365479,0.1585756540298462,-0.029807090759277344,1.3956387042999268,-0.940558135509491,1.7668718099594116
1763596062.78706,-0.12473463317155838,0.523184500670433,0.17060557298660278,-0.4651941955089569,-0.07882392406463623,-1.3475005626678467,,,,,,
1763596062.788793,,,,,,,0.04349002242088318,0.06834477186203003,0.021151453256607056,1.2290650606155396,-0.8842653036117554,1.7734642028808594
1763596062.797113,-0.1562351023286581,0.3213748111248016,0.3458604330837726,-0.48417916893959045,0.014247994869947433,-1.390325665473938,,,,,,
1763596062.798823,,,,,,,0.02519950270652771,-0.03896969556808472,0.08922293782234192,0.7056077718734741,-0.827957034111023,1.7844995260238647
1763596062.807166,-0.2035954039186239,0.14213643434941767,0.26021508023049683,-0.4384002387523651,0.036344241350889206,-1.4685901403427124,,,,,,
1763596062.808854,,,,,,,0.02179551124572754,-0.12264877557754517,0.16945627331733704,0.19107727706432343,-0.7978129982948303,1.7644399404525757
1763596062.817219,-0.0873436446711421,0.11834639343917369,0.11172902112603186,-0.3601642847061157,-0.02542584389448166,-1.5450806617736816,,,,,,
1763596062.818885,,,,,,,0.016390055418014526,-0.13159644603729248,0.1635979413986206,-0.1372249722480774,-0.7789737582206726,1.7048081159591675
1763596062.827271,0.18721242439448832,0.2193430081486702,-0.1183329494357109,-0.29174500703811646,-0.1510346233844757,-1.584961175918579,,,,,,
1763596062.828915,,,,,,,0.015472710132598877,-0.05048644542694092,0.1145707219839096,-0.07601741701364517,-0.7593167424201965,1.6974847316741943
1763596062.837324,0.5620353325903416,0.3809966283947229,-0.40076457418203354,-0.24183841049671173,-0.2410186529159546,-1.57284414768219,,,,,,
1763596062.838946,,,,,,,0.023166626691818237,0.08366131782531738,0.051552534103393555,0.2299872487783432,-0.7106828689575195,1.731951355934143
1763596062.847377,0.7739496520429849,0.45560266430675983,-0.43963769099898636,-0.2210756093263626,-0.2906985878944397,-1.5204720497131348,,,,,,
1763596062.848976,,,,,,,0.037411510944366455,0.22391605377197266,-0.008245915174484253,0.7703989744186401,-0.6748998165130615,1.7889097929000854
1763596062.85743,0.7501078809455036,0.3862468040078878,-0.15228198078870772,-0.2534276843070984,-0.3255520462989807,-1.4596675634384155,,,,,,
1763596062.859007,,,,,,,0.04837453365325928,0.2617356777191162,-0.04516591131687164,1.3307901620864868,-0.6520885229110718,1.858791470527649
1763596062.867483,0.5469251494809985,0.21683365567624568,0.05056107039265334,-0.31259140372276306,-0.3131105601787567,-1.4290452003479004,,,,,,
1763596062.869038,,,,,,,0.044754743576049805,0.21983176469802856,-0.0352310836315155,1.6067266464233398,-0.6000255942344666,1.8899743556976318
1763596062.877535,0.27771804022789,0.028207857352495192,0.02773103362098336,-0.36649641394615173,-0.22514647245407104,-1.4426904916763306,,,,,,
1763596062.879068,,,,,,,0.026944518089294434,0.1378759741783142,-0.004151374101638794,1.5613338947296143,-0.5255383253097534,1.9047666788101196
1763596062.887588,0.06602730039805174,-0.07375964821577072,0.0066728288274258375,-0.405321329832077,-0.10107006132602692,-1.4978631734848022,,,,,,
1763596062.889099,,,,,,,0.009000122547149658,0.01263517141342163,0.06116294860839844,1.275572419166565,-0.43287789821624756,1.9432060718536377
1763596062.897641,-0.052828503867983816,-0.062443304431438446,-0.010980901284888387,-0.41723763942718506,-0.0013165026903152466,-1.5708123445510864,,,,,,
1763596062.899129,,,,,,,-0.003068685531616211,-0.07343333959579468,0.11895084381103516,0.9457686543464661,-0.3728198707103729,1.9871852397918701
1763596062.907694,0.0007303601011633872,-0.013352818048000335,-0.09113404993005096,-0.41132569313049316,0.02748158946633339,-1.6366336345672607,,,,,,
1763596062.90916,,,,,,,-0.003942310810089111,-0.07386314868927002,0.1243678480386734,0.8532347083091736,-0.36889809370040894,2.0347402095794678
1763596062.917747,0.20063012437224387,0.13899930536746977,-0.25404504982605575,-0.3973454236984253,-0.007180976681411266,-1.6658782958984375,,,,,,
1763596062.919191,,,,,,,0.0028638243675231934,-0.022807717323303223,0.07530353963375092,1.007800579071045,-0.34991455078125,2.086578369140625
1763596062.927799,0.5329518614470958,0.2893196306943893,-0.4066905301649123,-0.3806205093860626,-0.06210841238498688,-1.6640093326568604,,,,,,
1763596062.929221,,,,,,,0.013713240623474121,0.044843196868896484,0.020619511604309082,1.3240578174591064,-0.31633076071739197,2.148829221725464
1763596062.937852,0.7553164093740284,0.34395430720150466,-0.5085540639020503,-0.3694114685058594,-0.13342757523059845,-1.6599388122558594,,,,,,
1763596062.939252,,,,,,,0.03233915567398071,0.08431756496429443,-0.02715468406677246,1.6692535877227783,-0.27113214135169983,2.199826240539551
1763596062.947905,0.7713238335840403,0.30534312925636764,-0.507075150455907,-0.35576727986335754,-0.20793643593788147,-1.6618181467056274,,,,,,
1763596062.949282,,,,,,,0.04640662670135498,0.08926516771316528,-0.04187785089015961,1.8891347646713257,-0.20201830565929413,2.218400239944458
1763596062.957958,0.6440845241151749,0.1904500911414623,-0.26999314506426453,-0.3087056577205658,-0.27158060669898987,-1.6584572792053223,,,,,,
1763596062.959313,,,,,,,0.055455803871154785,0.08504080772399902,0.01362597942352295,2.0433707237243652,-0.13099047541618347,2.2640249729156494
1763596062.968011,0.36922508818879723,0.0998895302504301,0.10727496432662009,-0.25523337721824646,-0.3641153573989868,-1.6271073818206787,,,,,,
1763596062.969344,,,,,,,0.0584489107131958,0.10507005453109741,0.05569612979888916,1.962531566619873,-0.10745718330144882,2.189863443374634
1763596062.978063,0.029372809478640554,0.1538251185774803,0.3142166829984635,-0.22701358795166016,-0.46798402070999146,-1.5605791807174683,,,,,,
1763596062.979373,,,,,,,0.054949164390563965,0.11903095245361328,0.08898664265871048,1.723235845565796,-0.0901988297700882,2.113154649734497
1763596062.988116,-0.3143687317550182,0.283762581089139,0.1842634383957833,-0.20583613216876984,-0.484455406665802,-1.4793822765350342,,,,,,
1763596062.989405,,,,,,,0.04215055704116821,0.07499462366104126,0.1100698783993721,1.3154882192611694,-0.03355499356985092,2.0112876892089844
1763596062.998169,-0.5630464093290269,0.4412210877329111,-0.04360898623242974,-0.2030702382326126,-0.39199990034103394,-1.3999658823013306,,,,,,
1763596062.999435,,,,,,,0.009641826152801514,0.029972851276397705,0.12019789218902588,0.9684135913848877,0.0630250796675682,1.9320385456085205
1763596063.008222,-0.6082257136180996,0.6361264047175645,-0.17869769402742386,-0.22240372002124786,-0.23645132780075073,-1.3332375288009644,,,,,,
1763596063.009466,,,,,,,-0.0041408538818359375,0.02963542938232422,0.10645806789398193,0.7541077136993408,0.14613381028175354,1.8583320379257202
1763596063.018275,-0.4601453492376953,0.7769611088186502,-0.2745113531410694,-0.24195356667041779,-0.06714428216218948,-1.2776936292648315,,,,,,
1763596063.019497,,,,,,,0.025377094745635986,0.08656638860702515,0.07284319400787354,0.7533606886863708,0.16353543102741241,1.811474084854126
1763596063.028327,-0.1983911132737994,0.7670312509566545,-0.24591069707870483,-0.25259530544281006,0.051630038768053055,-1.2249901294708252,,,,,,
1763596063.029527,,,,,,,0.06586545705795288,0.14025121927261353,0.027527689933776855,1.010553240776062,0.1532958447933197,1.7955396175384521
1763596063.03838,-0.008016790782287717,0.6657593264371157,-0.05816694228649139,-0.2576639652252197,0.08806650340557098,-1.1735914945602417,,,,,,
1763596063.039558,,,,,,,0.08242106437683105,0.18020588159561157,0.0003004111349582672,1.3747410774230957,0.1523781269788742,1.7986615896224976
1763596063.048433,0.05490465255491435,0.48138534033894537,0.044065790089219806,-0.2533365786075592,0.06432495266199112,-1.1329045295715332,,,,,,
1763596063.049588,,,,,,,0.07979196310043335,0.22118622064590454,-0.011008145287632942,1.708023190498352,0.1654004454612732,1.7973616123199463
1763596063.058486,-0.02663030583746731,0.2835521532088518,0.05016483761668205,-0.23936158418655396,0.022717677056789398,-1.1137504577636719,,,,,,
1763596063.059619,,,,,,,0.06460511684417725,0.22359579801559448,-0.007118105888366699,1.8700592517852783,0.23087239265441895,1.7669062614440918
1763596063.068539,-0.1369020408272743,0.1889683281511068,0.02132686566710472,-0.21936523914337158,0.0037991125136613846,-1.1035282611846924,,,,,,
1763596063.069649,,,,,,,0.04029172658920288,0.1780070662498474,0.00711137056350708,1.7304794788360596,0.3170112669467926,1.6787636280059814
1763596063.078592,-0.2004190754374489,0.1877671356678009,0.052262102156877516,-0.19826041162014008,0.014550447463989258,-1.0970180034637451,,,,,,
1763596063.07968,,,,,,,0.0210304856300354,0.08584004640579224,0.03456646203994751,1.4217041730880737,0.39700597524642944,1.6047331094741821
1763596063.088644,-0.2217410457337275,0.21574176878631113,0.15791786778382957,-0.18004491925239563,0.03068494237959385,-1.073407769203186,,,,,,
1763596063.08971,,,,,,,0.00959557294845581,0.0035387277603149414,0.06472533941268921,1.0427250862121582,0.44198012351989746,1.5077651739120483
1763596063.098697,-0.18455683185178787,0.23007950621843337,0.2198993999224156,-0.1755136251449585,0.024659723043441772,-1.028038501739502,,,,,,
1763596063.099741,,,,,,,0.002256929874420166,-0.005161762237548828,0.0705183744430542,0.8353940844535828,0.44202592968940735,1.4488399028778076
1763596063.10875,-0.08310549564473331,0.23929449380934237,0.07747472321614622,-0.1658330261707306,0.0030590887181460857,-0.9781805276870728,,,,,,
1763596063.109772,,,,,,,-0.0016273260116577148,0.042549192905426025,0.04253262281417847,0.7412604689598083,0.44497349858283997,1.4046697616577148
1763596063.118803,0.033220159956021234,0.22049451627135275,-0.20130100937113166,-0.14226467907428741,-0.024971170350909233,-0.9308282136917114,,,,,,
1763596063.119802,,,,,,,0.008916139602661133,0.10442972183227539,0.008506000973284245,0.769754946231842,0.40608763694763184,1.3881092071533203
1763596063.128856,0.16668858220595864,0.14745324545800684,-0.35732626834139225,-0.10272659361362457,-0.05520976707339287,-0.88152676820755,,,,,,
1763596063.129833,,,,,,,0.021687209606170654,0.11460527777671814,-0.022384345531463623,0.7983763217926025,0.36459025740623474,1.3616540431976318
1763596063.138908,0.33125169669054444,0.04840776481628418,-0.27518150748759507,-0.06965675204992294,-0.08218105882406235,-0.8392009139060974,,,,,,
1763596063.139864,,,,,,,0.012549161911010742,0.08878278732299805,-0.02450084500014782,0.7616116404533386,0.36819136142730713,1.3333752155303955
1763596063.148961,0.37766609573252496,-0.04730360296666622,-0.10830708385333418,-0.07800469547510147,-0.12086053937673569,-0.8118816614151001,,,,,,
1763596063.149894,,,,,,,-0.0027944445610046387,0.05534625053405762,-0.01813262701034546,0.648542046546936,0.3511410057544708,1.2908703088760376
1763596063.159014,0.43430400182083245,-0.07311082891821861,0.009981295788288116,-0.10739150643348694,-0.12925033271312714,-0.8052484393119812,,,,,,
1763596063.159925,,,,,,,-0.015744447708129883,0.01424136757850647,-0.0031909337267279625,0.5220544338226318,0.3485311269760132,1.239892601966858
1763596063.169067,0.5452637921400368,0.0419669181138277,-0.02632116682305932,-0.1293058544397354,-0.08452494442462921,-0.8126392364501953,,,,,,
1763596063.169955,,,,,,,-0.02301698923110962,-0.022117048501968384,0.018958747386932373,0.2837179899215698,0.3763587474822998,1.2257490158081055
1763596063.17912,0.5762966803180053,0.07749123595952988,-0.06386734588518739,-0.15075962245464325,-0.05034130439162254,-0.821945309638977,,,,,,
1763596063.179986,,,,,,,-0.006943166255950928,-0.034427642822265625,0.028505802154541016,0.06492146849632263,0.36813706159591675,1.2078536748886108
1763596063.189172,0.5151792907280847,0.08764555022716522,0.007997282364219427,-0.1694139987230301,-0.05337784066796303,-0.8257328867912292,,,,,,
1763596063.190017,,,,,,,0.01546776294708252,-0.04281541705131531,0.01785510778427124,-0.09909848868846893,0.3508440852165222,1.190980315208435
1763596063.199225,0.4185445975551381,0.0888531724512577,0.031186434771865605,-0.18402841687202454,-0.09831010550260544,-0.8258755803108215,,,,,,
1763596063.200047,,,,,,,0.034307658672332764,-0.025893718004226685,-0.002984344959259033,-0.12004638463258743,0.333488792181015,1.203836441040039
1763596063.209278,0.3446472579017281,0.08509002052545547,-0.024604718293994663,-0.19725528359413147,-0.16870518028736115,-0.8185798525810242,,,,,,
1763596063.210078,,,,,,,0.045778751373291016,0.0287284255027771,-0.032614827156066895,-0.009497519582509995,0.2861844003200531,1.2165381908416748
1763596063.219331,0.25186522156894203,0.11775719537436961,-0.1480010885991156,-0.18779797852039337,-0.23595228791236877,-0.8161981105804443,,,,,,
1763596063.220108,,,,,,,0.05213230848312378,0.10369879007339478,-0.05900239944458008,0.1735154390335083,0.1939908117055893,1.2161009311676025
1763596063.229384,0.19089841943085192,0.1512462080001831,-0.21510186344757676,-0.15247194468975067,-0.28866609930992126,-0.8205750584602356,,,,,,
1763596063.230139,,,,,,,0.050718724727630615,0.1291624903678894,-0.06632626056671143,0.2793036997318268,0.1353863626718521,1.198669195175171
1763596063.239436,0.22775215924941003,0.16588555872738361,-0.13705883882418274,-0.11270857602357864,-0.33153975009918213,-0.83067387342453,,,,,,
1763596063.24017,,,,,,,0.03302973508834839,0.10610076785087585,-0.042580604553222656,0.24030809104442596,0.12523385882377625,1.1759436130523682
1763596063.249489,0.21323168566152453,0.20302257246673105,0.12007131753563881,-0.087511345744133,-0.3788611888885498,-0.8279768824577332,,,,,,
1763596063.2502,,,,,,,0.013821303844451904,0.058236658573150635,-0.008993268013000488,0.10632539540529251,0.13796323537826538,1.1150107383728027
1763596063.259542,0.19582520830854772,0.2350929504662752,0.3436275594651699,-0.08176787197589874,-0.41545000672340393,-0.8102104663848877,,,,,,
1763596063.260231,,,,,,,0.006127893924713135,0.03005024790763855,0.008086442947387695,-0.1163119375705719,0.13272851705551147,1.043858528137207
1763596063.269595,0.18500446602143347,0.2868856815457344,0.32247005901560183,-0.09063060581684113,-0.4222967028617859,-0.7832891345024109,,,,,,
1763596063.270261,,,,,,,0.009160339832305908,0.025198549032211304,0.02060997486114502,-0.3107733130455017,0.1509498655796051,0.9708914756774902
1763596063.279648,0.16011369732767342,0.29459786335825916,0.23816095973476767,-0.09632052481174469,-0.4122501015663147,-0.75166255235672,,,,,,
1763596063.280292,,,,,,,0.01688969135284424,0.036239415407180786,0.006368041969835758,-0.43721115589141846,0.16345927119255066,0.9199997782707214
1763596063.2897,0.13833214669562877,0.20871113949716089,0.07759162759408354,-0.10723735392093658,-0.4071679711341858,-0.7082250714302063,,,,,,
1763596063.290323,,,,,,,0.03149908781051636,0.07933512330055237,-0.025545833632349968,-0.44071871042251587,0.10911001265048981,0.8564689755439758
1763596063.299753,0.2020797386586666,0.1476262639373541,-0.02964578120112419,-0.08561389148235321,-0.3915374279022217,-0.6504948139190674,,,,,,
1763596063.300353,,,,,,,0.036215901374816895,0.10942021012306213,-0.04462862014770508,-0.38091981410980225,0.0802951455116272,0.8021064400672913
1763596063.309806,0.2646127672001719,0.08715221375226974,-0.0375369728423655,-0.05010250583291054,-0.4039975702762604,-0.5789204835891724,,,,,,
1763596063.310384,,,,,,,0.027669191360473633,0.13407549262046814,-0.05598151683807373,-0.3304106593132019,0.059087324887514114,0.7583230137825012
1763596063.319859,0.20234043542146682,-0.017556114956736563,0.11887407057508825,-0.02401973493397236,-0.4455770254135132,-0.5000515580177307,,,,,,
1763596063.320414,,,,,,,0.020448684692382812,0.15027353167533875,-0.057219624519348145,-0.25078320503234863,0.021108783781528473,0.6818473935127258
1763596063.329912,0.09823518717214465,-0.01386193661391735,0.25575974478945135,0.0050284285098314285,-0.4605586528778076,-0.4211769998073578,,,,,,
1763596063.330445,,,,,,,0.00847470760345459,0.14161503314971924,-0.04582071304321289,-0.2559713125228882,0.018117520958185196,0.5998465418815613
1763596063.339964,-0.07762099981904029,-0.028081016102433205,0.3624690380573273,0.011514600366353989,-0.4477064609527588,-0.35261988639831543,,,,,,
1763596063.340475,,,,,,,-0.0021802783012390137,0.13832947611808777,-0.03160881996154785,-0.2862144410610199,0.009646538645029068,0.5082671046257019
1763596063.350017,-0.27855069165974855,-0.0327256270378828,0.4043487162791192,-0.00216525886207819,-0.39636898040771484,-0.2917008697986603,,,,,,
1763596063.350506,,,,,,,-0.007383108139038086,0.13561081886291504,-0.027823686599731445,-0.3358721435070038,-0.011228915303945541,0.40429896116256714
1763596063.36007,-0.401462054926902,-0.005468786799907684,0.2973942160785198,-0.026003196835517883,-0.30921339988708496,-0.2445513904094696,,,,,,
1763596063.360537,,,,,,,-0.006461083889007568,0.1400686800479889,-0.02516031451523304,-0.46171608567237854,-0.03865121677517891,0.303738534450531
1763596063.370123,-0.40026115470454093,0.047242812690138816,0.19669497688040136,-0.049171365797519684,-0.2030901461839676,-0.2149663269519806,,,,,,
1763596063.370567,,,,,,,-0.0038461685180664062,0.13230550289154053,-0.01900518126785755,-0.5260823369026184,-0.052944403141736984,0.2119726687669754
1763596063.380176,-0.2793025329403579,0.06820026052296162,0.18151026723012328,-0.060628894716501236,-0.10595288872718811,-0.19604651629924774,,,,,,
1763596063.380598,,,,,,,-0.0105019211769104,0.10273697972297668,-0.018344523385167122,-0.56801438331604,-0.03253233805298805,0.14677076041698456
1763596063.390229,-0.07410802326202393,0.05999883388876914,0.16648469366431234,-0.06710570305585861,-0.061579033732414246,-0.17084582149982452,,,,,,
1763596063.390628,,,,,,,-0.007388770580291748,0.11674517393112183,-0.032654643058776855,-0.515073835849762,-0.05495215952396393,0.09638335555791855
1763596063.400281,0.10818374973461031,0.04589490521252155,0.1327811615049839,-0.054143913090229034,-0.0686974823474884,-0.12691359221935272,,,,,,
1763596063.400659,,,,,,,0.004651963710784912,0.13681888580322266,-0.04481661319732666,-0.40483173727989197,-0.07370560616254807,0.057381633669137955
1763596063.410334,0.23748057625517247,0.046328620454669,0.081693802215904,-0.025927722454071045,-0.1101732924580574,-0.06258600950241089,,,,,,
1763596063.41069,,,,,,,0.006521046161651611,0.15094181895256042,-0.056644801050424576,-0.28646185994148254,-0.07672803103923798,0.03355366364121437
1763596063.420387,0.2835772876501083,0.05092880772650241,0.06374795728921889,-0.0030613942071795464,-0.1534043401479721,-0.0019163739634677768,,,,,,
1763596063.42072,,,,,,,0.0035956501960754395,0.14807456731796265,-0.05298984423279762,-0.1956091970205307,-0.09241378307342529,-0.010604209266602993
1763596063.43044,0.25247473176941276,0.08906067772209644,0.07427037421688437,0.013215580023825169,-0.14630302786827087,0.028286535292863846,,,,,,
1763596063.430751,,,,,,,-0.002158820629119873,0.11517283320426941,-0.032332777976989746,-0.17488810420036316,-0.09702558070421219,-0.04792095348238945
1763596063.440493,0.25234628308415413,0.14628478620052338,0.07701675031557678,0.007420968264341354,-0.0954802855849266,0.03443753346800804,,,,,,
1763596063.440781,,,,,,,-0.016359984874725342,0.07528147101402283,-0.011881228536367416,-0.2177029401063919,-0.07993581146001816,-0.07197488844394684
1763596063.450545,0.2570076990239322,0.12390344304442405,0.07401786076053976,-0.020087353885173798,-0.030954822897911072,0.027910126373171806,,,,,,
1763596063.450812,,,,,,,-0.027090847492218018,0.05393332242965698,-0.004697561264038086,-0.26566776633262634,-0.04559168219566345,-0.0875411331653595
1763596063.460598,0.30936902377158404,0.08378010697066783,-0.015826660815626382,-0.04135003313422203,0.006021038629114628,0.023730561137199402,,,,,,
1763596063.460843,,,,,,,-0.023870646953582764,0.04527023434638977,-0.008002283051609993,-0.2475159466266632,-0.04124274104833603,-0.08349473029375076
1763596063.470651,0.4006355409748852,0.09104103788435458,-0.1227075112581253,-0.04165789484977722,0.006233292631804943,0.03739417716860771,,,,,,
1763596063.470873,,,,,,,-0.009875953197479248,0.047395288944244385,-0.015106797218322754,-0.19299598038196564,-0.06506071984767914,-0.06921565532684326
1763596063.480704,0.5023892576619983,0.1096317565858364,-0.19627076011896133,-0.02782045677304268,-0.04613339528441429,0.05284043028950691,,,,,,
1763596063.480904,,,,,,,-0.0036849379539489746,0.06075546145439148,-0.01958322897553444,-0.12256389111280441,-0.08262000977993011,-0.062265872955322266
